tile_id	chrom	start	tss_count	gc	n_frac	cpg_n
chr1:0-500000	chr1	0	0	nan	1	0
chr1:500000-1000000	chr1	500000	0	nan	1	0
chr1:1000000-1500000	chr1	1000000	0	nan	1	0
chr1:1500000-2000000	chr1	1500000	0	nan	1	0
chr1:2000000-2500000	chr1	2000000	0	nan	1	0
chr1:2500000-3000000	chr1	2500000	0	nan	1	0
chr1:3000000-3500000	chr1	3000000	0	0.386794	0	0
chr1:3500000-4000000	chr1	3500000	1	0.386988	0	3
chr1:4000000-4500000	chr1	4000000	2	0.390788	0	2
chr1:4500000-5000000	chr1	4500000	3	0.410474	0	5
chr1:5000000-5500000	chr1	5000000	2	0.400228	0	2
chr1:5500000-6000000	chr1	5500000	2	0.387736	0	1
chr1:6000000-6500000	chr1	6000000	3	0.399692	0	4
chr1:6500000-7000000	chr1	6500000	0	0.390758	0	0
chr1:7000000-7500000	chr1	7000000	1	0.3978	0	2
chr1:7500000-8000000	chr1	7500000	0	0.385992	0	0
chr1:8000000-8500000	chr1	8000000	0	0.381018	0	0
chr1:8500000-9000000	chr1	8500000	0	0.381536	0	0
chr1:9000000-9500000	chr1	9000000	1	0.386434	0	1
chr1:9500000-10000000	chr1	9500000	13	0.413528	0	7
chr1:10000000-10500000	chr1	10000000	3	0.399266	0	3
chr1:10500000-11000000	chr1	10500000	2	0.40076	0	2
chr1:11000000-11500000	chr1	11000000	1	0.38794	0	1
chr1:11500000-12000000	chr1	11500000	0	0.387134	0	0
chr1:12000000-12500000	chr1	12000000	1	0.390168	0	0
chr1:12500000-13000000	chr1	12500000	3	0.42147	0	3
chr1:13000000-13500000	chr1	13000000	2	0.438438	0	2
chr1:13500000-14000000	chr1	13500000	4	0.419826	0	2
chr1:14000000-14500000	chr1	14000000	1	0.406468	0	2
chr1:14500000-15000000	chr1	14500000	2	0.402662	0	1
chr1:15000000-15500000	chr1	15000000	1	0.398516	0	1
chr1:15500000-16000000	chr1	15500000	2	0.4105	0	2
chr1:16000000-16500000	chr1	16000000	3	0.419088	0	2
chr1:16500000-17000000	chr1	16500000	6	0.414686	0	4
chr1:17000000-17500000	chr1	17000000	2	0.392132	0	3
chr1:17500000-18000000	chr1	17500000	3	0.383782	0	0
chr1:18000000-18500000	chr1	18000000	4	0.379398	0	1
chr1:18500000-19000000	chr1	18500000	0	0.382444	0	0
chr1:19000000-19500000	chr1	19000000	3	0.394546	0	4
chr1:19500000-20000000	chr1	19500000	0	0.38471	0	0
chr1:20000000-20500000	chr1	20000000	1	0.392966	0	0
chr1:20500000-21000000	chr1	20500000	10	0.426976	0	4
chr1:21000000-21500000	chr1	21000000	7	0.428448	0	1
chr1:21500000-22000000	chr1	21500000	1	0.384464	0	1
chr1:22000000-22500000	chr1	22000000	0	0.388671	0.1002	0
chr1:22500000-23000000	chr1	22500000	2	0.391342	0	2
chr1:23000000-23500000	chr1	23000000	4	0.399802	0	3
chr1:23500000-24000000	chr1	23500000	3	0.41312	0	2
chr1:24000000-24500000	chr1	24000000	3	0.40028	0	2
chr1:24500000-25000000	chr1	24500000	2	0.399827	0.1	2
chr1:25000000-25500000	chr1	25000000	1	0.384158	0	0
chr1:25500000-26000000	chr1	25500000	2	0.374463	2e-06	1
chr1:26000000-26500000	chr1	26000000	0	0.371334	0	0
chr1:26500000-27000000	chr1	26500000	1	0.369176	0	0
chr1:27000000-27500000	chr1	27000000	0	0.370756	0	0
chr1:27500000-28000000	chr1	27500000	1	0.359838	0	0
chr1:28000000-28500000	chr1	28000000	0	0.36512	0	0
chr1:28500000-29000000	chr1	28500000	1	0.362308	0	0
chr1:29000000-29500000	chr1	29000000	1	0.356508	0	0
chr1:29500000-30000000	chr1	29500000	0	0.373502	0	0
chr1:30000000-30500000	chr1	30000000	1	0.379748	0	0
chr1:30500000-31000000	chr1	30500000	1	0.401284	0	1
chr1:31000000-31500000	chr1	31000000	8	0.39743	0	1
chr1:31500000-32000000	chr1	31500000	0	0.37539	0	0
chr1:32000000-32500000	chr1	32000000	1	0.375018	0	1
chr1:32500000-33000000	chr1	32500000	2	0.38429	0	0
chr1:33000000-33500000	chr1	33000000	0	0.398118	0	0
chr1:33500000-34000000	chr1	33500000	9	0.42903	0	8
chr1:34000000-34500000	chr1	34000000	5	0.439926	0	4
chr1:34500000-35000000	chr1	34500000	9	0.46172	0	9
chr1:35000000-35500000	chr1	35000000	0	0.433372	0	0
chr1:35500000-36000000	chr1	35500000	0	0.441946	0	0
chr1:36000000-36500000	chr1	36000000	8	0.46996	0	6
chr1:36500000-37000000	chr1	36500000	13	0.475938	0	11
chr1:37000000-37500000	chr1	37000000	5	0.456326	0	3
chr1:37500000-38000000	chr1	37500000	8	0.440522	0	5
chr1:38000000-38500000	chr1	38000000	5	0.435248	0	4
chr1:38500000-39000000	chr1	38500000	4	0.444216	0	3
chr1:39000000-39500000	chr1	39000000	4	0.458232	0	3
chr1:39500000-40000000	chr1	39500000	10	0.45617	0	5
chr1:40000000-40500000	chr1	40000000	5	0.441104	0	2
chr1:40500000-41000000	chr1	40500000	7	0.426808	0	2
chr1:41000000-41500000	chr1	41000000	1	0.40414	0	0
chr1:41500000-42000000	chr1	41500000	1	0.380622	0	0
chr1:42000000-42500000	chr1	42000000	0	0.403356	0	0
chr1:42500000-43000000	chr1	42500000	7	0.428864	0	7
chr1:43000000-43500000	chr1	43000000	4	0.433052	0	4
chr1:43500000-44000000	chr1	43500000	4	0.423362	0	4
chr1:44000000-44500000	chr1	44000000	7	0.394748	0	2
chr1:44500000-45000000	chr1	44500000	2	0.3813	0	1
chr1:45000000-45500000	chr1	45000000	1	0.377836	0	0
chr1:45500000-46000000	chr1	45500000	3	0.390176	0	1
chr1:46000000-46500000	chr1	46000000	3	0.399502	0	1
chr1:46500000-47000000	chr1	46500000	1	0.39586	0	1
chr1:47000000-47500000	chr1	47000000	0	0.385568	0	0
chr1:47500000-48000000	chr1	47500000	1	0.372058	0	0
chr1:48000000-48500000	chr1	48000000	0	0.372224	0	0
chr1:48500000-49000000	chr1	48500000	0	0.368488	0	0
chr1:49000000-49500000	chr1	49000000	1	0.361302	0	0
chr1:49500000-50000000	chr1	49500000	0	0.362832	0	0
chr1:50000000-50500000	chr1	50000000	0	0.364476	0	0
chr1:50500000-51000000	chr1	50500000	1	0.366478	0	1
chr1:51000000-51500000	chr1	51000000	2	0.392788	0	0
chr1:51500000-52000000	chr1	51500000	3	0.421102	0	2
chr1:52000000-52500000	chr1	52000000	3	0.415084	0	3
chr1:52500000-53000000	chr1	52500000	7	0.41282	0	5
chr1:53000000-53500000	chr1	53000000	8	0.399246	0	3
chr1:53500000-54000000	chr1	53500000	3	0.401514	0	2
chr1:54000000-54500000	chr1	54000000	3	0.408476	0	3
chr1:54500000-55000000	chr1	54500000	3	0.41838	0	2
chr1:55000000-55500000	chr1	55000000	10	0.415348	0	8
chr1:55500000-56000000	chr1	55500000	1	0.411014	0	0
chr1:56000000-56500000	chr1	56000000	1	0.383308	0	0
chr1:56500000-57000000	chr1	56500000	1	0.396764	0	0
chr1:57000000-57500000	chr1	57000000	8	0.416552	0	6
chr1:57500000-58000000	chr1	57500000	1	0.424296	0	1
chr1:58000000-58500000	chr1	58000000	8	0.436964	0	4
chr1:58500000-59000000	chr1	58500000	9	0.422844	0	6
chr1:59000000-59500000	chr1	59000000	8	0.429838	0	3
chr1:59500000-60000000	chr1	59500000	8	0.421932	0	5
chr1:60000000-60500000	chr1	60000000	6	0.396574	0	5
chr1:60500000-61000000	chr1	60500000	3	0.409172	0	1
chr1:61000000-61500000	chr1	61000000	2	0.412078	0	0
chr1:61500000-62000000	chr1	61500000	1	0.394406	0	1
chr1:62000000-62500000	chr1	62000000	1	0.391434	0	0
chr1:62500000-63000000	chr1	62500000	2	0.435204	0	2
chr1:63000000-63500000	chr1	63000000	8	0.42207	0	6
chr1:63500000-64000000	chr1	63500000	5	0.412716	0	0
chr1:64000000-64500000	chr1	64000000	3	0.42457	0	1
chr1:64500000-65000000	chr1	64500000	5	0.423012	0	4
chr1:65000000-65500000	chr1	65000000	12	0.411714	0	4
chr1:65500000-66000000	chr1	65500000	1	0.38522	0	0
chr1:66000000-66500000	chr1	66000000	1	0.385228	0	1
chr1:66500000-67000000	chr1	66500000	5	0.393092	0	5
chr1:67000000-67500000	chr1	67000000	2	0.39332	0	1
chr1:67500000-68000000	chr1	67500000	0	0.3822	0	0
chr1:68000000-68500000	chr1	68000000	0	0.365576	0	0
chr1:68500000-69000000	chr1	68500000	0	0.358884	0	0
chr1:69000000-69500000	chr1	69000000	1	0.383164	0	3
chr1:69500000-70000000	chr1	69500000	2	0.391192	0	1
chr1:70000000-70500000	chr1	70000000	0	0.378092	0	0
chr1:70500000-71000000	chr1	70500000	1	0.384254	0	0
chr1:71000000-71500000	chr1	71000000	2	0.397616	0	1
chr1:71500000-72000000	chr1	71500000	4	0.420982	0	2
chr1:72000000-72500000	chr1	72000000	8	0.44051	0	5
chr1:72500000-73000000	chr1	72500000	6	0.446632	0	7
chr1:73000000-73500000	chr1	73000000	6	0.42877	0	0
chr1:73500000-74000000	chr1	73500000	2	0.438724	0	1
chr1:74000000-74500000	chr1	74000000	16	0.48687	0	9
chr1:74500000-75000000	chr1	74500000	19	0.459888	0	20
chr1:75000000-75500000	chr1	75000000	23	0.487475	0.032	23
chr1:75500000-76000000	chr1	75500000	4	0.445302	0	4
chr1:76000000-76500000	chr1	76000000	1	0.409086	0	0
chr1:76500000-77000000	chr1	76500000	1	0.39527	0	0
chr1:77000000-77500000	chr1	77000000	1	0.41482	0	0
chr1:77500000-78000000	chr1	77500000	1	0.408836	0	1
chr1:78000000-78500000	chr1	78000000	5	0.428104	0	7
chr1:78500000-79000000	chr1	78500000	4	0.424804	0.003926	2
chr1:79000000-79500000	chr1	79000000	2	0.396194	0	0
chr1:79500000-80000000	chr1	79500000	4	0.42771	0	4
chr1:80000000-80500000	chr1	80000000	3	0.404118	0	0
chr1:80500000-81000000	chr1	80500000	1	0.392814	0	1
chr1:81000000-81500000	chr1	81000000	1	0.381956	0	0
chr1:81500000-82000000	chr1	81500000	0	0.388258	0	0
chr1:82000000-82500000	chr1	82000000	3	0.418506	0	3
chr1:82500000-83000000	chr1	82500000	6	0.423154	0	2
chr1:83000000-83500000	chr1	83000000	5	0.404908	0	0
chr1:83500000-84000000	chr1	83500000	0	0.395588	0	0
chr1:84000000-84500000	chr1	84000000	2	0.413498	0	1
chr1:84500000-85000000	chr1	84500000	5	0.426438	0	3
chr1:85000000-85500000	chr1	85000000	7	0.438669	0.312644	0
chr1:85500000-86000000	chr1	85500000	0	nan	1	0
chr1:86000000-86500000	chr1	86000000	0	nan	1	0
chr1:86500000-87000000	chr1	86500000	0	nan	1	0
chr1:87000000-87500000	chr1	87000000	2	nan	0.687356	0
chr1:87500000-88000000	chr1	87500000	12	0.448348	0	5
chr1:88000000-88500000	chr1	88000000	14	0.464702	0	10
chr1:88500000-89000000	chr1	88500000	4	0.43467	0	3
chr1:89000000-89500000	chr1	89000000	12	0.458668	0	8
chr1:89500000-90000000	chr1	89500000	13	0.447824	0	3
chr1:90000000-90500000	chr1	90000000	14	0.451858	0	2
chr1:90500000-91000000	chr1	90500000	4	0.456366	0	2
chr1:91000000-91500000	chr1	91000000	2	0.476142	0	2
chr1:91500000-92000000	chr1	91500000	3	0.47844	0	7
chr1:92000000-92500000	chr1	92000000	3	0.469404	0	1
chr1:92500000-93000000	chr1	92500000	5	0.471588	0	2
chr1:93000000-93500000	chr1	93000000	13	0.478172	0	10
chr1:93500000-94000000	chr1	93500000	1	0.472974	0	1
chr1:94000000-94500000	chr1	94000000	9	0.463208	0	2
chr1:94500000-95000000	chr1	94500000	17	0.497022	0	9
chr1:95000000-95500000	chr1	95000000	15	0.46545	0	8
chr1:95500000-96000000	chr1	95500000	13	0.457648	0	7
chr1:96000000-96500000	chr1	96000000	0	0.387078	0	0
chr1:96500000-97000000	chr1	96500000	1	0.366684	0	0
chr1:97000000-97500000	chr1	97000000	1	0.371796	0	1
chr1:97500000-98000000	chr1	97500000	4	0.368376	0	1
chr1:98000000-98500000	chr1	98000000	0	0.367558	0	0
chr1:98500000-99000000	chr1	98500000	4	0.381248	0	1
chr1:99000000-99500000	chr1	99000000	1	0.383044	0	0
chr1:99500000-100000000	chr1	99500000	5	0.397988	0	4
chr1:100000000-100500000	chr1	100000000	4	0.38961	0	0
chr1:100500000-101000000	chr1	100500000	0	0.38098	0	0
chr1:101000000-101500000	chr1	101000000	0	0.37363	0	0
chr1:101500000-102000000	chr1	101500000	1	0.381004	0	0
chr1:102000000-102500000	chr1	102000000	0	0.381524	0	0
chr1:102500000-103000000	chr1	102500000	0	0.38786	0	0
chr1:103000000-103500000	chr1	103000000	1	0.377416	0	0
chr1:103500000-104000000	chr1	103500000	0	0.378664	0	0
chr1:104000000-104500000	chr1	104000000	0	0.383986	0	0
chr1:104500000-105000000	chr1	104500000	0	0.378826	0	0
chr1:105000000-105500000	chr1	105000000	0	0.386	0	0
chr1:105500000-106000000	chr1	105500000	0	0.36612	0	0
chr1:106000000-106500000	chr1	106000000	0	0.376692	0	0
chr1:106500000-107000000	chr1	106500000	1	0.395122	0	2
chr1:107000000-107500000	chr1	107000000	3	0.41436	0	1
chr1:107500000-108000000	chr1	107500000	5	0.416656	0	3
chr1:108000000-108500000	chr1	108000000	3	0.420534	0	1
chr1:108500000-109000000	chr1	108500000	8	0.409358	0	4
chr1:109000000-109500000	chr1	109000000	7	0.390034	0	0
chr1:109500000-110000000	chr1	109500000	1	0.3867	0	0
chr1:110000000-110500000	chr1	110000000	0	0.370388	0	0
chr1:110500000-111000000	chr1	110500000	0	0.363186	0	0
chr1:111000000-111500000	chr1	111000000	0	0.364642	0	0
chr1:111500000-112000000	chr1	111500000	1	0.362294	0	1
chr1:112000000-112500000	chr1	112000000	0	0.36424	0	0
chr1:112500000-113000000	chr1	112500000	1	0.358216	0	0
chr1:113000000-113500000	chr1	113000000	0	0.363746	0	0
chr1:113500000-114000000	chr1	113500000	1	0.373574	0	1
chr1:114000000-114500000	chr1	114000000	1	0.378374	0	1
chr1:114500000-115000000	chr1	114500000	0	0.380916	0	0
chr1:115000000-115500000	chr1	115000000	0	0.390294	0	0
chr1:115500000-116000000	chr1	115500000	0	0.392566	0	0
chr1:116000000-116500000	chr1	116000000	0	0.381698	0	0
chr1:116500000-117000000	chr1	116500000	0	0.376076	0	0
chr1:117000000-117500000	chr1	117000000	0	0.375242	0	0
chr1:117500000-118000000	chr1	117500000	1	0.384562	0	0
chr1:118000000-118500000	chr1	118000000	0	0.388912	0	0
chr1:118500000-119000000	chr1	118500000	0	0.380564	0	0
chr1:119000000-119500000	chr1	119000000	0	0.388568	0	0
chr1:119500000-120000000	chr1	119500000	1	0.392672	0	0
chr1:120000000-120500000	chr1	120000000	5	0.430414	0	5
chr1:120500000-121000000	chr1	120500000	3	0.483556	0	3
chr1:121000000-121500000	chr1	121000000	4	0.474242	0	4
chr1:121500000-122000000	chr1	121500000	6	0.42461	0	4
chr1:122000000-122500000	chr1	122000000	6	0.469962	0	4
chr1:122500000-123000000	chr1	122500000	1	0.436632	0	1
chr1:123000000-123500000	chr1	123000000	4	0.444348	0	5
chr1:123500000-124000000	chr1	123500000	0	0.410896	0	0
chr1:124000000-124500000	chr1	124000000	1	0.393448	0	0
chr1:124500000-125000000	chr1	124500000	0	0.385628	0	0
chr1:125000000-125500000	chr1	125000000	0	0.379106	0	0
chr1:125500000-126000000	chr1	125500000	1	0.380996	0	1
chr1:126000000-126500000	chr1	126000000	0	0.382668	0	0
chr1:126500000-127000000	chr1	126500000	0	0.39862	0	0
chr1:127000000-127500000	chr1	127000000	2	0.426388	0	2
chr1:127500000-128000000	chr1	127500000	2	0.433716	0	1
chr1:128000000-128500000	chr1	128000000	0	0.420844	0	1
chr1:128500000-129000000	chr1	128500000	1	0.429496	0	0
chr1:129000000-129500000	chr1	129000000	1	0.454872	0	1
chr1:129500000-130000000	chr1	129500000	9	0.426382	0	5
chr1:130000000-130500000	chr1	130000000	6	0.418248	0	4
chr1:130500000-131000000	chr1	130500000	0	0.433528	0	0
chr1:131000000-131500000	chr1	131000000	1	0.3991	0	1
chr1:131500000-132000000	chr1	131500000	0	0.386194	0	0
chr1:132000000-132500000	chr1	132000000	3	0.403174	0	0
chr1:132500000-133000000	chr1	132500000	16	0.441882	0	4
chr1:133000000-133500000	chr1	133000000	7	0.440956	0	5
chr1:133500000-134000000	chr1	133500000	11	0.462062	0	6
chr1:134000000-134500000	chr1	134000000	11	0.482454	0	9
chr1:134500000-135000000	chr1	134500000	5	0.477136	0	3
chr1:135000000-135500000	chr1	135000000	9	0.478772	0	5
chr1:135500000-136000000	chr1	135500000	11	0.472862	0	4
chr1:136000000-136500000	chr1	136000000	15	0.466046	0	13
chr1:136500000-137000000	chr1	136500000	4	0.460834	0	6
chr1:137000000-137500000	chr1	137000000	14	0.480174	0	8
chr1:137500000-138000000	chr1	137500000	10	0.489936	0	6
chr1:138000000-138500000	chr1	138000000	9	0.456722	0	8
chr1:138500000-139000000	chr1	138500000	4	0.441816	0	4
chr1:139000000-139500000	chr1	139000000	0	0.405316	0	0
chr1:139500000-140000000	chr1	139500000	2	0.386096	0	0
chr1:140000000-140500000	chr1	140000000	2	0.396614	0	0
chr1:140500000-141000000	chr1	140500000	7	0.404766	0	6
chr1:141000000-141500000	chr1	141000000	7	0.389962	0	2
chr1:141500000-142000000	chr1	141500000	3	0.37671	0	0
chr1:142000000-142500000	chr1	142000000	2	0.36277	0	0
chr1:142500000-143000000	chr1	142500000	1	0.37506	0	0
chr1:143000000-143500000	chr1	143000000	0	0.366394	0	0
chr1:143500000-144000000	chr1	143500000	0	0.359368	0	0
chr1:144000000-144500000	chr1	144000000	0	0.362356	0	0
chr1:144500000-145000000	chr1	144500000	0	0.370326	0	0
chr1:145000000-145500000	chr1	145000000	2	0.389693	0.000572	0
chr1:145500000-146000000	chr1	145500000	5	0.398028	0	4
chr1:146000000-146500000	chr1	146000000	3	0.378152	0	0
chr1:146500000-147000000	chr1	146500000	1	0.36753	0	0
chr1:147000000-147500000	chr1	147000000	0	0.366548	0	0
chr1:147500000-148000000	chr1	147500000	0	0.365964	0	0
chr1:148000000-148500000	chr1	148000000	2	0.36257	0	0
chr1:148500000-149000000	chr1	148500000	0	0.355284	0	0
chr1:149000000-149500000	chr1	149000000	0	0.36602	0	0
chr1:149500000-150000000	chr1	149500000	0	0.362056	0	0
chr1:150000000-150500000	chr1	150000000	0	0.371026	0	0
chr1:150500000-151000000	chr1	150500000	0	0.360954	0	0
chr1:151000000-151500000	chr1	151000000	0	0.380348	0	0
chr1:151500000-152000000	chr1	151500000	3	0.391654	0	0
chr1:152000000-152500000	chr1	152000000	6	0.39545	0	1
chr1:152500000-153000000	chr1	152500000	2	0.402382	0	1
chr1:153000000-153500000	chr1	153000000	7	0.42284	0	4
chr1:153500000-154000000	chr1	153500000	3	0.43426	0	2
chr1:154000000-154500000	chr1	154000000	2	0.438566	0	3
chr1:154500000-155000000	chr1	154500000	7	0.443726	0	3
chr1:155000000-155500000	chr1	155000000	6	0.440108	0	5
chr1:155500000-156000000	chr1	155500000	11	0.447534	0	2
chr1:156000000-156500000	chr1	156000000	3	0.423386	0	1
chr1:156500000-157000000	chr1	156500000	4	0.449802	0	3
chr1:157000000-157500000	chr1	157000000	5	0.42762	0	4
chr1:157500000-158000000	chr1	157500000	5	0.440277	0.068254	5
chr1:158000000-158500000	chr1	158000000	6	0.437433	0.197746	5
chr1:158500000-159000000	chr1	158500000	4	0.438316	0	3
chr1:159000000-159500000	chr1	159000000	7	0.408856	0	1
chr1:159500000-160000000	chr1	159500000	0	0.408872	0	0
chr1:160000000-160500000	chr1	160000000	3	0.416948	0	2
chr1:160500000-161000000	chr1	160500000	2	0.410642	0	0
chr1:161000000-161500000	chr1	161000000	5	0.405436	0	1
chr1:161500000-162000000	chr1	161500000	2	0.428068	0	0
chr1:162000000-162500000	chr1	162000000	5	0.402544	0	2
chr1:162500000-163000000	chr1	162500000	7	0.398364	0	3
chr1:163000000-163500000	chr1	163000000	8	0.412308	0	4
chr1:163500000-164000000	chr1	163500000	5	0.410112	0	3
chr1:164000000-164500000	chr1	164000000	5	0.416012	0	2
chr1:164500000-165000000	chr1	164500000	9	0.409718	0	2
chr1:165000000-165500000	chr1	165000000	3	0.40077	0	1
chr1:165500000-166000000	chr1	165500000	8	0.399694	0	2
chr1:166000000-166500000	chr1	166000000	11	0.427944	0	4
chr1:166500000-167000000	chr1	166500000	4	0.418564	0	0
chr1:167000000-167500000	chr1	167000000	8	0.42905	0	4
chr1:167500000-168000000	chr1	167500000	5	0.440876	0	6
chr1:168000000-168500000	chr1	168000000	8	0.433314	0	6
chr1:168500000-169000000	chr1	168500000	4	0.424956	0	1
chr1:169000000-169500000	chr1	169000000	6	0.452563	2e-05	5
chr1:169500000-170000000	chr1	169500000	2	0.441298	6e-05	5
chr1:170000000-170500000	chr1	170000000	2	0.43224	0	0
chr1:170500000-171000000	chr1	170500000	1	0.39557	0	0
chr1:171000000-171500000	chr1	171000000	1	0.410348	0	1
chr1:171500000-172000000	chr1	171500000	5	0.419408	0	1
chr1:172000000-172500000	chr1	172000000	8	0.438904	0	3
chr1:172500000-173000000	chr1	172500000	11	0.441924	0	8
chr1:173000000-173500000	chr1	173000000	27	0.464746	1.2e-05	19
chr1:173500000-174000000	chr1	173500000	11	0.435728	0	3
chr1:174000000-174500000	chr1	174000000	18	0.467208	0	10
chr1:174500000-175000000	chr1	174500000	7	0.406706	0	1
chr1:175000000-175500000	chr1	175000000	12	0.397468	0	1
chr1:175500000-176000000	chr1	175500000	13	0.383542	0	0
chr1:176000000-176500000	chr1	176000000	15	0.393166	0	2
chr1:176500000-177000000	chr1	176500000	1	0.40005	0	1
chr1:177000000-177500000	chr1	177000000	1	0.403864	0	1
chr1:177500000-178000000	chr1	177500000	7	0.421854	0	3
chr1:178000000-178500000	chr1	178000000	2	0.410678	0	1
chr1:178500000-179000000	chr1	178500000	4	0.412488	0	1
chr1:179000000-179500000	chr1	179000000	2	0.406508	0	5
chr1:179500000-180000000	chr1	179500000	6	0.425812	0	2
chr1:180000000-180500000	chr1	180000000	5	0.429696	0	7
chr1:180500000-181000000	chr1	180500000	0	0.453222	0	0
chr1:181000000-181500000	chr1	181000000	3	0.435782	0	2
chr1:181500000-182000000	chr1	181500000	4	0.431316	0	3
chr1:182000000-182500000	chr1	182000000	7	0.46799	0	5
chr1:182500000-183000000	chr1	182500000	13	0.465806	0	11
chr1:183000000-183500000	chr1	183000000	5	0.453872	0	4
chr1:183500000-184000000	chr1	183500000	3	0.42992	0	3
chr1:184000000-184500000	chr1	184000000	9	0.452402	0	5
chr1:184500000-185000000	chr1	184500000	3	0.469791	0.159958	1
chr1:185000000-185500000	chr1	185000000	0	nan	0.65562	0
chr1:185500000-186000000	chr1	185500000	3	0.428568	0	1
chr1:186000000-186500000	chr1	186000000	1	0.431778	0	0
chr1:186500000-187000000	chr1	186500000	7	0.45493	0	7
chr1:187000000-187500000	chr1	187000000	12	0.442912	0	5
chr1:187500000-188000000	chr1	187500000	1	0.419046	0	1
chr1:188000000-188500000	chr1	188000000	2	0.4264	0	0
chr1:188500000-189000000	chr1	188500000	5	0.428456	0	4
chr1:189000000-189500000	chr1	189000000	3	0.428996	0	3
chr1:189500000-190000000	chr1	189500000	1	0.43121	0	0
chr1:190000000-190500000	chr1	190000000	1	0.413008	0	0
chr1:190500000-191000000	chr1	190500000	1	0.433518	0	1
chr1:191000000-191500000	chr1	191000000	2	0.438696	0	1
chr1:191500000-192000000	chr1	191500000	5	0.46894	0	7
chr1:192000000-192500000	chr1	192000000	1	0.46208	0	0
chr1:192500000-193000000	chr1	192500000	10	0.466512	0	8
chr1:193000000-193500000	chr1	193000000	8	0.458978	0	8
chr1:193500000-194000000	chr1	193500000	9	0.458411	0.115794	6
chr1:194000000-194500000	chr1	194000000	1	0.458605	0.001842	1
chr1:194500000-195000000	chr1	194500000	9	0.439056	0	8
chr1:195000000-195500000	chr1	195000000	7	0.455418	0	0
chr1:195500000-196000000	chr1	195500000	0	0.409042	0	0
chr1:196000000-196500000	chr1	196000000	2	0.41314	0	1
chr1:196500000-197000000	chr1	196500000	8	0.409238	0	1
chr1:197000000-197195432	chr1	197000000	1	0.405317	0	1
chr2:0-500000	chr2	0	0	nan	1	0
chr2:500000-1000000	chr2	500000	0	nan	1	0
chr2:1000000-1500000	chr2	1000000	0	nan	1	0
chr2:1500000-2000000	chr2	1500000	0	nan	1	0
chr2:2000000-2500000	chr2	2000000	0	nan	1	0
chr2:2500000-3000000	chr2	2500000	0	nan	1	0
chr2:3000000-3500000	chr2	3000000	10	0.428762	0	6
chr2:3500000-4000000	chr2	3500000	2	0.430928	0	1
chr2:4000000-4500000	chr2	4000000	1	0.443616	0	1
chr2:4500000-5000000	chr2	4500000	7	0.446516	0	5
chr2:5000000-5500000	chr2	5000000	1	0.442496	0	2
chr2:5500000-6000000	chr2	5500000	8	0.432612	0	6
chr2:6000000-6500000	chr2	6000000	5	0.448522	0	3
chr2:6500000-7000000	chr2	6500000	1	0.400954	0	1
chr2:7000000-7500000	chr2	7000000	1	0.398522	0.004612	0
chr2:7500000-8000000	chr2	7500000	0	0.380306	0	0
chr2:8000000-8500000	chr2	8000000	0	0.378858	0	0
chr2:8500000-9000000	chr2	8500000	1	0.376174	0	0
chr2:9000000-9500000	chr2	9000000	2	0.394834	0	0
chr2:9500000-10000000	chr2	9500000	5	0.43439	0	5
chr2:10000000-10500000	chr2	10000000	70	0.431734	0	4
chr2:10500000-11000000	chr2	10500000	0	0.412878	0	0
chr2:11000000-11500000	chr2	11000000	5	0.442538	0	6
chr2:11500000-12000000	chr2	11500000	5	0.419094	0	4
chr2:12000000-12500000	chr2	12000000	3	0.399914	0	2
chr2:12500000-13000000	chr2	12500000	2	0.395528	0	2
chr2:13000000-13500000	chr2	13000000	4	0.40866	0	2
chr2:13500000-14000000	chr2	13500000	4	0.404082	0	3
chr2:14000000-14500000	chr2	14000000	5	0.397538	0	0
chr2:14500000-15000000	chr2	14500000	4	0.401044	0	3
chr2:15000000-15500000	chr2	15000000	1	0.389512	0	0
chr2:15500000-16000000	chr2	15500000	0	0.373516	0	0
chr2:16000000-16500000	chr2	16000000	1	0.382294	0	1
chr2:16500000-17000000	chr2	16500000	1	0.38439	0	0
chr2:17000000-17500000	chr2	17000000	1	0.39634	0	0
chr2:17500000-18000000	chr2	17500000	7	0.430524	0	8
chr2:18000000-18500000	chr2	18000000	2	0.398468	0	1
chr2:18500000-19000000	chr2	18500000	7	0.426858	0	9
chr2:19000000-19500000	chr2	19000000	6	0.42102	0	4
chr2:19500000-20000000	chr2	19500000	3	0.40687	0	2
chr2:20000000-20500000	chr2	20000000	1	0.412348	0	1
chr2:20500000-21000000	chr2	20500000	2	0.42433	0	1
chr2:21000000-21500000	chr2	21000000	3	0.40687	0	4
chr2:21500000-22000000	chr2	21500000	0	0.402342	0	0
chr2:22000000-22500000	chr2	22000000	2	0.395514	0.1004	1
chr2:22500000-23000000	chr2	22500000	5	0.403784	0	5
chr2:23000000-23500000	chr2	23000000	5	0.38484	0	4
chr2:23500000-24000000	chr2	23500000	2	0.388116	0	0
chr2:24000000-24500000	chr2	24000000	9	0.435992	0	2
chr2:24500000-25000000	chr2	24500000	11	0.459046	0	8
chr2:25000000-25500000	chr2	25000000	46	0.511642	0	31
chr2:25500000-26000000	chr2	25500000	18	0.48799	0	10
chr2:26000000-26500000	chr2	26000000	23	0.512028	0	15
chr2:26500000-27000000	chr2	26500000	18	0.46676	0	10
chr2:27000000-27500000	chr2	27000000	9	0.50374	0	5
chr2:27500000-28000000	chr2	27500000	3	0.506382	0	2
chr2:28000000-28500000	chr2	28000000	10	0.49744	0	9
chr2:28500000-29000000	chr2	28500000	9	0.47645	0	12
chr2:29000000-29500000	chr2	29000000	5	0.48051	0	6
chr2:29500000-30000000	chr2	29500000	19	0.487868	0	19
chr2:30000000-30500000	chr2	30000000	16	0.50066	0	13
chr2:30500000-31000000	chr2	30500000	12	0.503984	0	18
chr2:31000000-31500000	chr2	31000000	8	0.506528	0	10
chr2:31500000-32000000	chr2	31500000	12	0.49437	0	12
chr2:32000000-32500000	chr2	32000000	20	0.503626	0	21
chr2:32500000-33000000	chr2	32500000	21	0.494004	0	13
chr2:33000000-33500000	chr2	33000000	6	0.490356	0	9
chr2:33500000-34000000	chr2	33500000	4	0.48323	0	2
chr2:34000000-34500000	chr2	34000000	2	0.421172	0	3
chr2:34500000-35000000	chr2	34500000	13	0.444618	0	9
chr2:35000000-35500000	chr2	35000000	9	0.470976	0	8
chr2:35500000-36000000	chr2	35500000	8	0.479544	0	9
chr2:36000000-36500000	chr2	36000000	9	0.409884	0	3
chr2:36500000-37000000	chr2	36500000	17	0.389842	0	0
chr2:37000000-37500000	chr2	37000000	11	0.391464	0	5
chr2:37500000-38000000	chr2	37500000	3	0.433602	0	3
chr2:38000000-38500000	chr2	38000000	4	0.44481	0	8
chr2:38500000-39000000	chr2	38500000	9	0.431402	0	7
chr2:39000000-39500000	chr2	39000000	3	0.398058	0	2
chr2:39500000-40000000	chr2	39500000	0	0.377012	0	0
chr2:40000000-40500000	chr2	40000000	0	0.370182	0	0
chr2:40500000-41000000	chr2	40500000	0	0.35965	0	0
chr2:41000000-41500000	chr2	41000000	0	0.368882	0	0
chr2:41500000-42000000	chr2	41500000	0	0.366842	0	0
chr2:42000000-42500000	chr2	42000000	1	0.360952	0	0
chr2:42500000-43000000	chr2	42500000	2	0.36954	0	1
chr2:43000000-43500000	chr2	43000000	1	0.37737	0	0
chr2:43500000-44000000	chr2	43500000	2	0.382882	0	0
chr2:44000000-44500000	chr2	44000000	0	0.395338	0	1
chr2:44500000-45000000	chr2	44500000	4	0.389598	0	3
chr2:45000000-45500000	chr2	45000000	0	0.385882	0	0
chr2:45500000-46000000	chr2	45500000	1	0.377548	0	0
chr2:46000000-46500000	chr2	46000000	1	0.374044	0	0
chr2:46500000-47000000	chr2	46500000	0	0.366158	0	0
chr2:47000000-47500000	chr2	47000000	0	0.369784	0	0
chr2:47500000-48000000	chr2	47500000	0	0.375232	0	0
chr2:48000000-48500000	chr2	48000000	1	0.392856	0	0
chr2:48500000-49000000	chr2	48500000	3	0.378658	0	2
chr2:49000000-49500000	chr2	49000000	2	0.406668	0	2
chr2:49500000-50000000	chr2	49500000	2	0.43576	0	2
chr2:50000000-50500000	chr2	50000000	3	0.402618	0	1
chr2:50500000-51000000	chr2	50500000	1	0.407782	0	0
chr2:51000000-51500000	chr2	51000000	4	0.405226	0	2
chr2:51500000-52000000	chr2	51500000	5	0.41944	0	3
chr2:52000000-52500000	chr2	52000000	5	0.425344	0	1
chr2:52500000-53000000	chr2	52500000	4	0.425948	0	3
chr2:53000000-53500000	chr2	53000000	2	0.389456	0	1
chr2:53500000-54000000	chr2	53500000	1	0.38153	0	1
chr2:54000000-54500000	chr2	54000000	1	0.377144	0	1
chr2:54500000-55000000	chr2	54500000	0	0.364542	0	0
chr2:55000000-55500000	chr2	55000000	1	0.36826	0	1
chr2:55500000-56000000	chr2	55500000	0	0.375908	0	0
chr2:56000000-56500000	chr2	56000000	0	0.366018	0	0
chr2:56500000-57000000	chr2	56500000	2	0.392132	0	5
chr2:57000000-57500000	chr2	57000000	3	0.408258	0	1
chr2:57500000-58000000	chr2	57500000	2	0.386282	0	0
chr2:58000000-58500000	chr2	58000000	6	0.414544	0	1
chr2:58500000-59000000	chr2	58500000	2	0.419117	0.100462	1
chr2:59000000-59500000	chr2	59000000	3	0.43821	0	1
chr2:59500000-60000000	chr2	59500000	4	0.431262	0	2
chr2:60000000-60500000	chr2	60000000	5	0.422616	0	4
chr2:60500000-61000000	chr2	60500000	3	0.418696	0	2
chr2:61000000-61500000	chr2	61000000	1	0.399434	0	2
chr2:61500000-62000000	chr2	61500000	3	0.38155	0	4
chr2:62000000-62500000	chr2	62000000	4	0.389698	0	1
chr2:62500000-63000000	chr2	62500000	2	0.36834	0	1
chr2:63000000-63500000	chr2	63000000	2	0.370346	0	1
chr2:63500000-64000000	chr2	63500000	1	0.382852	0	1
chr2:64000000-64500000	chr2	64000000	0	0.381486	0	0
chr2:64500000-65000000	chr2	64500000	1	0.394244	0	1
chr2:65000000-65500000	chr2	65000000	5	0.40258	0	1
chr2:65500000-66000000	chr2	65500000	2	0.40087	0	1
chr2:66000000-66500000	chr2	66000000	4	0.38816	0	2
chr2:66500000-67000000	chr2	66500000	1	0.373474	0	0
chr2:67000000-67500000	chr2	67000000	3	0.37855	0	1
chr2:67500000-68000000	chr2	67500000	2	0.38732	0	0
chr2:68000000-68500000	chr2	68000000	4	0.42051	0	1
chr2:68500000-69000000	chr2	68500000	2	0.41444	0	1
chr2:69000000-69500000	chr2	69000000	6	0.42157	0	3
chr2:69500000-70000000	chr2	69500000	10	0.415274	0	6
chr2:70000000-70500000	chr2	70000000	5	0.440812	0	5
chr2:70500000-71000000	chr2	70500000	4	0.42554	0	3
chr2:71000000-71500000	chr2	71000000	7	0.43231	0	10
chr2:71500000-72000000	chr2	71500000	4	0.44282	0	3
chr2:72000000-72500000	chr2	72000000	2	0.436784	0	3
chr2:72500000-73000000	chr2	72500000	4	0.426592	0	1
chr2:73000000-73500000	chr2	73000000	9	0.43533	0	8
chr2:73500000-74000000	chr2	73500000	3	0.408946	0	2
chr2:74000000-74500000	chr2	74000000	4	0.40921	0	5
chr2:74500000-75000000	chr2	74500000	15	0.433334	0	19
chr2:75000000-75500000	chr2	75000000	5	0.423708	0	1
chr2:75500000-76000000	chr2	75500000	5	0.425268	0	3
chr2:76000000-76500000	chr2	76000000	6	0.423606	0	3
chr2:76500000-77000000	chr2	76500000	3	0.415852	0	1
chr2:77000000-77500000	chr2	77000000	3	0.418918	0	1
chr2:77500000-78000000	chr2	77500000	3	0.407171	0.0002	2
chr2:78000000-78500000	chr2	78000000	1	0.388618	0	1
chr2:78500000-79000000	chr2	78500000	1	0.392518	0	1
chr2:79000000-79500000	chr2	79000000	4	0.398044	0	5
chr2:79500000-80000000	chr2	79500000	2	0.390232	0	0
chr2:80000000-80500000	chr2	80000000	8	0.404584	0	5
chr2:80500000-81000000	chr2	80500000	0	0.397396	0	0
chr2:81000000-81500000	chr2	81000000	0	0.370216	0	0
chr2:81500000-82000000	chr2	81500000	1	0.365278	0	1
chr2:82000000-82500000	chr2	82000000	1	0.36444	0	0
chr2:82500000-83000000	chr2	82500000	1	0.374242	0	0
chr2:83000000-83500000	chr2	83000000	1	0.394928	0	1
chr2:83500000-84000000	chr2	83500000	3	0.40675	0	9
chr2:84000000-84500000	chr2	84000000	5	0.398014	0	1
chr2:84500000-85000000	chr2	84500000	22	0.461506	0	14
chr2:85000000-85500000	chr2	85000000	12	0.38973	0	0
chr2:85500000-86000000	chr2	85500000	30	0.369348	0	0
chr2:86000000-86500000	chr2	86000000	29	0.361958	0	0
chr2:86500000-87000000	chr2	86500000	23	0.360356	0	0
chr2:87000000-87500000	chr2	87000000	21	0.378204	0	1
chr2:87500000-88000000	chr2	87500000	27	0.36614	0	0
chr2:88000000-88500000	chr2	88000000	14	0.364198	0	0
chr2:88500000-89000000	chr2	88500000	27	0.3626	0	0
chr2:89000000-89500000	chr2	89000000	21	0.371158	0	0
chr2:89500000-90000000	chr2	89500000	20	0.382918	0	0
chr2:90000000-90500000	chr2	90000000	8	0.429576	0	1
chr2:90500000-91000000	chr2	90500000	15	0.446236	0	12
chr2:91000000-91500000	chr2	91000000	14	0.440774	0	10
chr2:91500000-92000000	chr2	91500000	8	0.452832	0	13
chr2:92000000-92500000	chr2	92000000	13	0.461896	0	7
chr2:92500000-93000000	chr2	92500000	3	0.485938	0	3
chr2:93000000-93500000	chr2	93000000	7	0.504394	0	6
chr2:93500000-94000000	chr2	93500000	7	0.457126	0	5
chr2:94000000-94500000	chr2	94000000	6	0.427754	0	4
chr2:94500000-95000000	chr2	94500000	1	0.398902	0	0
chr2:95000000-95500000	chr2	95000000	0	0.38542	0	0
chr2:95500000-96000000	chr2	95500000	0	0.375918	0	0
chr2:96000000-96500000	chr2	96000000	1	0.369338	0	0
chr2:96500000-97000000	chr2	96500000	0	0.36241	0	0
chr2:97000000-97500000	chr2	97000000	0	0.36658	0	0
chr2:97500000-98000000	chr2	97500000	0	0.371666	0	0
chr2:98000000-98500000	chr2	98000000	0	0.366458	0	0
chr2:98500000-99000000	chr2	98500000	0	0.363948	0	0
chr2:99000000-99500000	chr2	99000000	0	0.367946	0	0
chr2:99500000-100000000	chr2	99500000	0	0.366392	0	0
chr2:100000000-100500000	chr2	100000000	0	0.36587	0	0
chr2:100500000-101000000	chr2	100500000	0	0.376454	0	0
chr2:101000000-101500000	chr2	101000000	3	0.401348	0	0
chr2:101500000-102000000	chr2	101500000	3	0.456428	0	3
chr2:102000000-102500000	chr2	102000000	5	0.427952	0	4
chr2:102500000-103000000	chr2	102500000	4	0.425368	0	1
chr2:103000000-103500000	chr2	103000000	7	0.436154	0	2
chr2:103500000-104000000	chr2	103500000	10	0.449042	0	6
chr2:104000000-104500000	chr2	104000000	6	0.431566	0	4
chr2:104500000-105000000	chr2	104500000	11	0.41905	0	8
chr2:105000000-105500000	chr2	105000000	3	0.443738	0	2
chr2:105500000-106000000	chr2	105500000	7	0.392018	0	11
chr2:106000000-106500000	chr2	106000000	2	0.400426	0	0
chr2:106500000-107000000	chr2	106500000	4	0.419882	0	3
chr2:107000000-107500000	chr2	107000000	1	0.381638	0	0
chr2:107500000-108000000	chr2	107500000	0	0.378218	0	0
chr2:108000000-108500000	chr2	108000000	0	0.370378	0	0
chr2:108500000-109000000	chr2	108500000	1	0.381906	0	0
chr2:109000000-109500000	chr2	109000000	2	0.385394	0	1
chr2:109500000-110000000	chr2	109500000	6	0.40298	0	7
chr2:110000000-110500000	chr2	110000000	3	0.389322	0	0
chr2:110500000-111000000	chr2	110500000	2	0.36827	0	0
chr2:111000000-111500000	chr2	111000000	21	0.36458	0	0
chr2:111500000-112000000	chr2	111500000	18	0.385168	0	0
chr2:112000000-112500000	chr2	112000000	9	0.417236	0	6
chr2:112500000-113000000	chr2	112500000	0	0.409078	0	0
chr2:113000000-113500000	chr2	113000000	3	0.415618	0	2
chr2:113500000-114000000	chr2	113500000	9	0.416789	0.1	4
chr2:114000000-114500000	chr2	114000000	3	0.38592	0	3
chr2:114500000-115000000	chr2	114500000	1	0.378256	0	0
chr2:115000000-115500000	chr2	115000000	4	0.385926	0	1
chr2:115500000-116000000	chr2	115500000	3	0.41284	0	3
chr2:116000000-116500000	chr2	116000000	0	0.3958	0	0
chr2:116500000-117000000	chr2	116500000	3	0.41152	0	3
chr2:117000000-117500000	chr2	117000000	3	0.423952	0	2
chr2:117500000-118000000	chr2	117500000	4	0.416254	0	0
chr2:118000000-118500000	chr2	118000000	8	0.449988	0	8
chr2:118500000-119000000	chr2	118500000	16	0.466554	0	17
chr2:119000000-119500000	chr2	119000000	18	0.44741	0	15
chr2:119500000-120000000	chr2	119500000	13	0.455974	0	11
chr2:120000000-120500000	chr2	120000000	13	0.441162	0	6
chr2:120500000-121000000	chr2	120500000	13	0.423882	0	8
chr2:121000000-121500000	chr2	121000000	14	0.449488	0	10
chr2:121500000-122000000	chr2	121500000	9	0.420678	0	5
chr2:122000000-122500000	chr2	122000000	16	0.4439	0	9
chr2:122500000-123000000	chr2	122500000	4	0.40137	0	3
chr2:123000000-123500000	chr2	123000000	0	0.389308	0	0
chr2:123500000-124000000	chr2	123500000	2	0.380918	0	2
chr2:124000000-124500000	chr2	124000000	1	0.411488	0	1
chr2:124500000-125000000	chr2	124500000	4	0.424158	0	1
chr2:125000000-125500000	chr2	125000000	4	0.43495	0	4
chr2:125500000-126000000	chr2	125500000	7	0.417472	0	4
chr2:126000000-126500000	chr2	126000000	3	0.421944	0	1
chr2:126500000-127000000	chr2	126500000	11	0.420702	0	8
chr2:127000000-127500000	chr2	127000000	15	0.473954	0	11
chr2:127500000-128000000	chr2	127500000	7	0.440908	0	4
chr2:128000000-128500000	chr2	128000000	3	0.45287	0	0
chr2:128500000-129000000	chr2	128500000	11	0.435772	0	11
chr2:129000000-129500000	chr2	129000000	11	0.444164	0	3
chr2:129500000-130000000	chr2	129500000	7	0.438624	0	2
chr2:130000000-130500000	chr2	130000000	23	0.458092	0	17
chr2:130500000-131000000	chr2	130500000	11	0.449772	0	8
chr2:131000000-131500000	chr2	131000000	10	0.452618	0	9
chr2:131500000-132000000	chr2	131500000	7	0.4481	0	4
chr2:132000000-132500000	chr2	132000000	8	0.435132	0	5
chr2:132500000-133000000	chr2	132500000	7	0.426692	0	6
chr2:133000000-133500000	chr2	133000000	2	0.411774	0	2
chr2:133500000-134000000	chr2	133500000	0	0.39058	0	0
chr2:134000000-134500000	chr2	134000000	2	0.389982	0	1
chr2:134500000-135000000	chr2	134500000	1	0.395796	0	1
chr2:135000000-135500000	chr2	135000000	4	0.40751	0	1
chr2:135500000-136000000	chr2	135500000	2	0.417738	0	0
chr2:136000000-136500000	chr2	136000000	2	0.389232	0	1
chr2:136500000-137000000	chr2	136500000	4	0.412092	0	4
chr2:137000000-137500000	chr2	137000000	0	0.391108	0	0
chr2:137500000-138000000	chr2	137500000	1	0.386568	0	0
chr2:138000000-138500000	chr2	138000000	1	0.40343	0	1
chr2:138500000-139000000	chr2	138500000	1	0.381248	0	0
chr2:139000000-139500000	chr2	139000000	1	0.388284	0	0
chr2:139500000-140000000	chr2	139500000	4	0.405544	0	3
chr2:140000000-140500000	chr2	140000000	3	0.392456	0	1
chr2:140500000-141000000	chr2	140500000	0	0.387218	0	0
chr2:141000000-141500000	chr2	141000000	0	0.382038	0	0
chr2:141500000-142000000	chr2	141500000	0	0.387144	0	0
chr2:142000000-142500000	chr2	142000000	0	0.407136	0	0
chr2:142500000-143000000	chr2	142500000	4	0.413142	0	2
chr2:143000000-143500000	chr2	143000000	2	0.404428	0	0
chr2:143500000-144000000	chr2	143500000	5	0.452532	0	4
chr2:144000000-144500000	chr2	144000000	16	0.446218	0	8
chr2:144500000-145000000	chr2	144500000	2	0.420546	0	1
chr2:145000000-145500000	chr2	145000000	1	0.426574	0	0
chr2:145500000-146000000	chr2	145500000	5	0.441434	0	4
chr2:146000000-146500000	chr2	146000000	4	0.425022	0	3
chr2:146500000-147000000	chr2	146500000	3	0.411504	0	4
chr2:147000000-147500000	chr2	147000000	5	0.426662	0	5
chr2:147500000-148000000	chr2	147500000	2	0.426706	0	3
chr2:148000000-148500000	chr2	148000000	4	0.42824	0	4
chr2:148500000-149000000	chr2	148500000	11	0.40135	0	3
chr2:149000000-149500000	chr2	149000000	1	0.387568	0	0
chr2:149500000-150000000	chr2	149500000	3	0.410788	0	1
chr2:150000000-150500000	chr2	150000000	11	0.41698	0	4
chr2:150500000-151000000	chr2	150500000	10	0.442898	0	6
chr2:151000000-151500000	chr2	151000000	10	0.430034	0	4
chr2:151500000-152000000	chr2	151500000	12	0.48416	0	13
chr2:152000000-152500000	chr2	152000000	24	0.462198	0	9
chr2:152500000-153000000	chr2	152500000	16	0.479064	0	15
chr2:153000000-153500000	chr2	153000000	9	0.480604	0	10
chr2:153500000-154000000	chr2	153500000	12	0.462344	0	2
chr2:154000000-154500000	chr2	154000000	14	0.456626	0	9
chr2:154500000-155000000	chr2	154500000	6	0.44122	0	5
chr2:155000000-155500000	chr2	155000000	12	0.442018	0	9
chr2:155500000-156000000	chr2	155500000	18	0.463156	0	12
chr2:156000000-156500000	chr2	156000000	9	0.4801	0	5
chr2:156500000-157000000	chr2	156500000	11	0.478606	0	11
chr2:157000000-157500000	chr2	157000000	9	0.478976	0	7
chr2:157500000-158000000	chr2	157500000	6	0.47662	0	5
chr2:158000000-158500000	chr2	158000000	15	0.47346	0	9
chr2:158500000-159000000	chr2	158500000	2	0.463992	0	3
chr2:159000000-159500000	chr2	159000000	0	0.415408	0	0
chr2:159500000-160000000	chr2	159500000	2	0.41311	0	0
chr2:160000000-160500000	chr2	160000000	4	0.458598	0	3
chr2:160500000-161000000	chr2	160500000	5	0.434808	0	5
chr2:161000000-161500000	chr2	161000000	0	0.427826	0	0
chr2:161500000-162000000	chr2	161500000	0	0.410534	0	0
chr2:162000000-162500000	chr2	162000000	3	0.435216	0	1
chr2:162500000-163000000	chr2	162500000	8	0.462416	0	5
chr2:163000000-163500000	chr2	163000000	14	0.478928	0	9
chr2:163500000-164000000	chr2	163500000	10	0.474706	0	9
chr2:164000000-164500000	chr2	164000000	30	0.45953	0	11
chr2:164500000-165000000	chr2	164500000	23	0.49575	0	22
chr2:165000000-165500000	chr2	165000000	11	0.502972	0	13
chr2:165500000-166000000	chr2	165500000	3	0.490278	0	6
chr2:166000000-166500000	chr2	166000000	5	0.507036	0	0
chr2:166500000-167000000	chr2	166500000	9	0.48136	0	9
chr2:167000000-167500000	chr2	167000000	9	0.501912	0	10
chr2:167500000-168000000	chr2	167500000	7	0.517496	0	8
chr2:168000000-168500000	chr2	168000000	7	0.50171	0	10
chr2:168500000-169000000	chr2	168500000	5	0.477462	0	11
chr2:169000000-169500000	chr2	169000000	4	0.455766	0	2
chr2:169500000-170000000	chr2	169500000	3	0.467276	0	2
chr2:170000000-170500000	chr2	170000000	9	0.464248	0	3
chr2:170500000-171000000	chr2	170500000	1	0.442688	0	0
chr2:171000000-171500000	chr2	171000000	0	0.42315	0	0
chr2:171500000-172000000	chr2	171500000	2	0.445822	0	1
chr2:172000000-172500000	chr2	172000000	10	0.485244	0.006356	5
chr2:172500000-173000000	chr2	172500000	8	0.50789	0	5
chr2:173000000-173500000	chr2	173000000	6	0.491694	0	3
chr2:173500000-174000000	chr2	173500000	5	0.456946	0	4
chr2:174000000-174500000	chr2	174000000	12	0.463994	0	11
chr2:174500000-175000000	chr2	174500000	4	0.435354	0	1
chr2:175000000-175500000	chr2	175000000	7	0.401693	0.1	0
chr2:175500000-176000000	chr2	175500000	6	0.401171	0.014948	0
chr2:176000000-176500000	chr2	176000000	6	0.402109	0.185052	0
chr2:176500000-177000000	chr2	176500000	3	0.400084	0	0
chr2:177000000-177500000	chr2	177000000	3	0.404302	0.1	0
chr2:177500000-178000000	chr2	177500000	7	0.427006	0	2
chr2:178000000-178500000	chr2	178000000	5	0.458564	0	2
chr2:178500000-179000000	chr2	178500000	1	0.464086	0	0
chr2:179000000-179500000	chr2	179000000	2	0.484708	0	2
chr2:179500000-180000000	chr2	179500000	13	0.501972	0	11
chr2:180000000-180500000	chr2	180000000	17	0.492548	0	11
chr2:180500000-181000000	chr2	180500000	15	0.49127	0	12
chr2:181000000-181500000	chr2	181000000	24	0.45772	0	15
chr2:181500000-181748087	chr2	181500000	4	0.418107	0	2
chr3:0-500000	chr3	0	0	nan	1	0
chr3:500000-1000000	chr3	500000	0	nan	1	0
chr3:1000000-1500000	chr3	1000000	0	nan	1	0
chr3:1500000-2000000	chr3	1500000	0	nan	1	0
chr3:2000000-2500000	chr3	2000000	0	nan	1	0
chr3:2500000-3000000	chr3	2500000	0	nan	1	0
chr3:3000000-3500000	chr3	3000000	0	0.407415	0.00152	1
chr3:3500000-4000000	chr3	3500000	1	0.374104	0	0
chr3:4000000-4500000	chr3	4000000	0	0.372094	0	0
chr3:4500000-5000000	chr3	4500000	1	0.378734	0	0
chr3:5000000-5500000	chr3	5000000	3	0.378538	0	1
chr3:5500000-6000000	chr3	5500000	2	0.379126	0	1
chr3:6000000-6500000	chr3	6000000	0	0.378028	0	0
chr3:6500000-7000000	chr3	6500000	1	0.374288	0	0
chr3:7000000-7500000	chr3	7000000	1	0.38467	0	1
chr3:7500000-8000000	chr3	7500000	4	0.384694	0	2
chr3:8000000-8500000	chr3	8000000	1	0.39518	0	2
chr3:8500000-9000000	chr3	8500000	5	0.44074	0	7
chr3:9000000-9500000	chr3	9000000	4	0.445662	0	3
chr3:9500000-10000000	chr3	9500000	2	0.446778	0	4
chr3:10000000-10500000	chr3	10000000	11	0.422664	0	4
chr3:10500000-11000000	chr3	10500000	0	0.388924	0	0
chr3:11000000-11500000	chr3	11000000	0	0.380418	0	0
chr3:11500000-12000000	chr3	11500000	1	0.37349	0	0
chr3:12000000-12500000	chr3	12000000	0	0.37049	0	0
chr3:12500000-13000000	chr3	12500000	0	0.37123	0	0
chr3:13000000-13500000	chr3	13000000	1	0.371848	0	2
chr3:13500000-14000000	chr3	13500000	2	0.368316	0	0
chr3:14000000-14500000	chr3	14000000	2	0.384236	0	0
chr3:14500000-15000000	chr3	14500000	9	0.39656	0	5
chr3:15000000-15500000	chr3	15000000	2	0.387834	0	0
chr3:15500000-16000000	chr3	15500000	3	0.389704	0.1	0
chr3:16000000-16500000	chr3	16000000	1	0.394986	0	1
chr3:16500000-17000000	chr3	16500000	1	0.375638	0	0
chr3:17000000-17500000	chr3	17000000	0	0.373616	0	0
chr3:17500000-18000000	chr3	17500000	4	0.387852	0	3
chr3:18000000-18500000	chr3	18000000	3	0.385888	0	1
chr3:18500000-19000000	chr3	18500000	1	0.398166	0	0
chr3:19000000-19500000	chr3	19000000	4	0.411088	0	3
chr3:19500000-20000000	chr3	19500000	6	0.408008	4e-06	4
chr3:20000000-20500000	chr3	20000000	5	0.390396	0	1
chr3:20500000-21000000	chr3	20500000	0	0.388536	0	0
chr3:21000000-21500000	chr3	21000000	0	0.397974	0	0
chr3:21500000-22000000	chr3	21500000	2	0.416274	0	1
chr3:22000000-22500000	chr3	22000000	1	0.404066	0	0
chr3:22500000-23000000	chr3	22500000	0	0.38895	0	0
chr3:23000000-23500000	chr3	23000000	0	0.378594	0	0
chr3:23500000-24000000	chr3	23500000	0	0.368788	0	0
chr3:24000000-24500000	chr3	24000000	0	0.366714	0	0
chr3:24500000-25000000	chr3	24500000	1	0.368956	0	0
chr3:25000000-25500000	chr3	25000000	0	0.38239	0	1
chr3:25500000-26000000	chr3	25500000	0	0.37041	0	0
chr3:26000000-26500000	chr3	26000000	1	0.38652	0	1
chr3:26500000-27000000	chr3	26500000	1	0.41631	0	1
chr3:27000000-27500000	chr3	27000000	7	0.444898	0	3
chr3:27500000-28000000	chr3	27500000	3	0.442176	0	2
chr3:28000000-28500000	chr3	28000000	2	0.427254	0	2
chr3:28500000-29000000	chr3	28500000	7	0.411866	0	3
chr3:29000000-29500000	chr3	29000000	1	0.391132	0	0
chr3:29500000-30000000	chr3	29500000	2	0.39476	0	0
chr3:30000000-30500000	chr3	30000000	2	0.421208	0	4
chr3:30500000-31000000	chr3	30500000	12	0.425368	0	7
chr3:31000000-31500000	chr3	31000000	2	0.428336	0	3
chr3:31500000-32000000	chr3	31500000	1	0.414688	0	0
chr3:32000000-32500000	chr3	32000000	6	0.430524	0	4
chr3:32500000-33000000	chr3	32500000	6	0.436574	0	4
chr3:33000000-33500000	chr3	33000000	1	0.405754	0	1
chr3:33500000-34000000	chr3	33500000	4	0.408626	0	3
chr3:34000000-34500000	chr3	34000000	2	0.428398	0	1
chr3:34500000-35000000	chr3	34500000	5	0.44541	0	5
chr3:35000000-35500000	chr3	35000000	0	0.42255	0	0
chr3:35500000-36000000	chr3	35500000	7	0.40592	0	4
chr3:36000000-36500000	chr3	36000000	9	0.423032	0	4
chr3:36500000-37000000	chr3	36500000	4	0.400682	0	5
chr3:37000000-37500000	chr3	37000000	8	0.416424	0	3
chr3:37500000-38000000	chr3	37500000	4	0.43428	0	2
chr3:38000000-38500000	chr3	38000000	2	0.424808	0	2
chr3:38500000-39000000	chr3	38500000	1	0.416674	0	1
chr3:39000000-39500000	chr3	39000000	0	0.39559	0	0
chr3:39500000-40000000	chr3	39500000	0	0.395642	0	0
chr3:40000000-40500000	chr3	40000000	2	0.413786	0.01	2
chr3:40500000-41000000	chr3	40500000	11	0.412718	0	7
chr3:41000000-41500000	chr3	41000000	3	0.436474	0	2
chr3:41500000-42000000	chr3	41500000	2	0.394544	0	2
chr3:42000000-42500000	chr3	42000000	0	0.37567	0	0
chr3:42500000-43000000	chr3	42500000	0	0.372012	0	0
chr3:43000000-43500000	chr3	43000000	0	0.362436	0	0
chr3:43500000-44000000	chr3	43500000	0	0.371878	0	0
chr3:44000000-44500000	chr3	44000000	0	0.360776	0	0
chr3:44500000-45000000	chr3	44500000	0	0.36499	0	0
chr3:45000000-45500000	chr3	45000000	3	0.36947	0	3
chr3:45500000-46000000	chr3	45500000	0	0.365678	0	0
chr3:46000000-46500000	chr3	46000000	1	0.366024	0	0
chr3:46500000-47000000	chr3	46500000	1	0.364542	0	0
chr3:47000000-47500000	chr3	47000000	0	0.36544	0	0
chr3:47500000-48000000	chr3	47500000	1	0.365974	0	0
chr3:48000000-48500000	chr3	48000000	1	0.367646	0	0
chr3:48500000-49000000	chr3	48500000	0	0.373412	0	0
chr3:49000000-49500000	chr3	49000000	0	0.377516	0	1
chr3:49500000-50000000	chr3	49500000	1	0.386272	0	0
chr3:50000000-50500000	chr3	50000000	1	0.396202	0	0
chr3:50500000-51000000	chr3	50500000	0	0.436791	0.1	0
chr3:51000000-51500000	chr3	51000000	10	0.448134	0	9
chr3:51500000-52000000	chr3	51500000	1	0.455804	0	2
chr3:52000000-52500000	chr3	52000000	2	0.443964	0	1
chr3:52500000-53000000	chr3	52500000	5	0.429847	2e-06	2
chr3:53000000-53500000	chr3	53000000	4	0.436918	0	3
chr3:53500000-54000000	chr3	53500000	3	0.408748	0	2
chr3:54000000-54500000	chr3	54000000	2	0.411918	0	2
chr3:54500000-55000000	chr3	54500000	10	0.435826	0	10
chr3:55000000-55500000	chr3	55000000	2	0.431368	0	1
chr3:55500000-56000000	chr3	55500000	4	0.384284	0	4
chr3:56000000-56500000	chr3	56000000	0	0.40115	0	0
chr3:56500000-57000000	chr3	56500000	0	0.395998	0	1
chr3:57000000-57500000	chr3	57000000	8	0.412842	0	2
chr3:57500000-58000000	chr3	57500000	3	0.408196	0	2
chr3:58000000-58500000	chr3	58000000	8	0.408076	0	5
chr3:58500000-59000000	chr3	58500000	6	0.423494	0	1
chr3:59000000-59500000	chr3	59000000	3	0.394464	0	0
chr3:59500000-60000000	chr3	59500000	8	0.381534	0	0
chr3:60000000-60500000	chr3	60000000	1	0.380356	0	1
chr3:60500000-61000000	chr3	60500000	1	0.385508	0	1
chr3:61000000-61500000	chr3	61000000	1	0.389326	0	1
chr3:61500000-62000000	chr3	61500000	0	0.381292	0	0
chr3:62000000-62500000	chr3	62000000	3	0.392734	0	3
chr3:62500000-63000000	chr3	62500000	0	0.384006	0	0
chr3:63000000-63500000	chr3	63000000	3	0.394808	0	1
chr3:63500000-64000000	chr3	63500000	6	0.400356	0	5
chr3:64000000-64500000	chr3	64000000	4	0.38829	0	0
chr3:64500000-65000000	chr3	64500000	3	0.399694	0	0
chr3:65000000-65500000	chr3	65000000	7	0.417098	0	4
chr3:65500000-66000000	chr3	65500000	1	0.420376	0	3
chr3:66000000-66500000	chr3	66000000	2	0.409124	0	1
chr3:66500000-67000000	chr3	66500000	2	0.392986	0	5
chr3:67000000-67500000	chr3	67000000	5	0.41206	0	5
chr3:67500000-68000000	chr3	67500000	3	0.40631	0	0
chr3:68000000-68500000	chr3	68000000	1	0.425418	0	2
chr3:68500000-69000000	chr3	68500000	9	0.418906	0	5
chr3:69000000-69500000	chr3	69000000	3	0.435468	0	2
chr3:69500000-70000000	chr3	69500000	3	0.414756	0	1
chr3:70000000-70500000	chr3	70000000	0	0.38047	0	0
chr3:70500000-71000000	chr3	70500000	1	0.367626	0	0
chr3:71000000-71500000	chr3	71000000	0	0.364556	0	0
chr3:71500000-72000000	chr3	71500000	0	0.358438	0	0
chr3:72000000-72500000	chr3	72000000	0	0.362542	0	0
chr3:72500000-73000000	chr3	72500000	3	0.365796	0	1
chr3:73000000-73500000	chr3	73000000	1	0.36534	0	0
chr3:73500000-74000000	chr3	73500000	3	0.363726	0	0
chr3:74000000-74500000	chr3	74000000	0	0.368912	0	0
chr3:74500000-75000000	chr3	74500000	1	0.371846	0	0
chr3:75000000-75500000	chr3	75000000	5	0.38114	0	1
chr3:75500000-76000000	chr3	75500000	2	0.388348	0	2
chr3:76000000-76500000	chr3	76000000	0	0.357258	0	0
chr3:76500000-77000000	chr3	76500000	0	0.369202	0	0
chr3:77000000-77500000	chr3	77000000	0	0.367944	0	0
chr3:77500000-78000000	chr3	77500000	0	0.37056	0	0
chr3:78000000-78500000	chr3	78000000	0	0.385816	0	0
chr3:78500000-79000000	chr3	78500000	1	0.41328	0	2
chr3:79000000-79500000	chr3	79000000	8	0.429818	0	3
chr3:79500000-80000000	chr3	79500000	3	0.407884	0	0
chr3:80000000-80500000	chr3	80000000	0	0.378372	0	0
chr3:80500000-81000000	chr3	80500000	3	0.38116	0	2
chr3:81000000-81500000	chr3	81000000	0	0.377566	0	0
chr3:81500000-82000000	chr3	81500000	7	0.389928	0	1
chr3:82000000-82500000	chr3	82000000	2	0.402206	0	1
chr3:82500000-83000000	chr3	82500000	9	0.417108	0	4
chr3:83000000-83500000	chr3	83000000	1	0.414198	0	0
chr3:83500000-84000000	chr3	83500000	5	0.443284	0	7
chr3:84000000-84500000	chr3	84000000	7	0.453048	0	3
chr3:84500000-85000000	chr3	84500000	2	0.427858	0	1
chr3:85000000-85500000	chr3	85000000	3	0.444652	0	0
chr3:85500000-86000000	chr3	85500000	7	0.426208	0	3
chr3:86000000-86500000	chr3	86000000	2	0.375196	0	2
chr3:86500000-87000000	chr3	86500000	4	0.436808	0	2
chr3:87000000-87500000	chr3	87000000	9	0.43458	4e-06	2
chr3:87500000-88000000	chr3	87500000	21	0.493872	0	16
chr3:88000000-88500000	chr3	88000000	28	0.488918	0	21
chr3:88500000-89000000	chr3	88500000	16	0.446356	0	14
chr3:89000000-89500000	chr3	89000000	25	0.500648	0	15
chr3:89500000-90000000	chr3	89500000	16	0.458106	0	9
chr3:90000000-90500000	chr3	90000000	28	0.455372	0	14
chr3:90500000-91000000	chr3	90500000	3	0.402724	0	0
chr3:91000000-91500000	chr3	91000000	1	0.378702	0	0
chr3:91500000-92000000	chr3	91500000	5	0.388296	0	1
chr3:92000000-92500000	chr3	92000000	24	0.38999	0	0
chr3:92500000-93000000	chr3	92500000	20	0.403682	0	0
chr3:93000000-93500000	chr3	93000000	9	0.42561	0	3
chr3:93500000-94000000	chr3	93500000	6	0.416106	0	0
chr3:94000000-94500000	chr3	94000000	15	0.442578	0	7
chr3:94500000-95000000	chr3	94500000	17	0.455687	1e-05	12
chr3:95000000-95500000	chr3	95000000	21	0.4433	0	11
chr3:95500000-96000000	chr3	95500000	19	0.448541	2e-06	11
chr3:96000000-96500000	chr3	96000000	27	0.460788	0	30
chr3:96500000-97000000	chr3	96500000	12	0.44865	0	5
chr3:97000000-97500000	chr3	97000000	6	0.43699	0	3
chr3:97500000-98000000	chr3	97500000	5	0.446436	0	6
chr3:98000000-98500000	chr3	98000000	8	0.435762	0	3
chr3:98500000-99000000	chr3	98500000	7	0.40917	0	1
chr3:99000000-99500000	chr3	99000000	2	0.409812	0	2
chr3:99500000-100000000	chr3	99500000	3	0.409382	0	1
chr3:100000000-100500000	chr3	100000000	4	0.426212	0	2
chr3:100500000-101000000	chr3	100500000	5	0.450354	0	6
chr3:101000000-101500000	chr3	101000000	4	0.467956	0	3
chr3:101500000-102000000	chr3	101500000	4	0.455054	0	2
chr3:102000000-102500000	chr3	102000000	3	0.439494	0	2
chr3:102500000-103000000	chr3	102500000	11	0.4146	0	7
chr3:103000000-103500000	chr3	103000000	2	0.444686	0	2
chr3:103500000-104000000	chr3	103500000	10	0.404308	0	4
chr3:104000000-104500000	chr3	104000000	3	0.436382	0	2
chr3:104500000-105000000	chr3	104500000	9	0.445724	0	9
chr3:105000000-105500000	chr3	105000000	3	0.452376	0	3
chr3:105500000-106000000	chr3	105500000	13	0.413632	0	4
chr3:106000000-106500000	chr3	106000000	7	0.38854	0	2
chr3:106500000-107000000	chr3	106500000	6	0.40999	0	3
chr3:107000000-107500000	chr3	107000000	12	0.459746	0	9
chr3:107500000-108000000	chr3	107500000	16	0.46603	0	5
chr3:108000000-108500000	chr3	108000000	17	0.455698	0	17
chr3:108500000-109000000	chr3	108500000	9	0.431354	0	6
chr3:109000000-109500000	chr3	109000000	1	0.407694	0	1
chr3:109500000-110000000	chr3	109500000	1	0.39497	0	2
chr3:110000000-110500000	chr3	110000000	1	0.38086	0	1
chr3:110500000-111000000	chr3	110500000	0	0.364704	0	0
chr3:111000000-111500000	chr3	111000000	0	0.365468	0	0
chr3:111500000-112000000	chr3	111500000	1	0.362956	0	0
chr3:112000000-112500000	chr3	112000000	0	0.362706	0	0
chr3:112500000-113000000	chr3	112500000	1	0.372738	0	0
chr3:113000000-113500000	chr3	113000000	6	0.379604	0.1	1
chr3:113500000-114000000	chr3	113500000	1	0.36826	0	0
chr3:114000000-114500000	chr3	114000000	0	0.366582	0	0
chr3:114500000-115000000	chr3	114500000	1	0.3697	0	0
chr3:115000000-115500000	chr3	115000000	1	0.40492	0	1
chr3:115500000-116000000	chr3	115500000	7	0.417188	0	3
chr3:116000000-116500000	chr3	116000000	9	0.427344	0	6
chr3:116500000-117000000	chr3	116500000	5	0.41511	0	1
chr3:117000000-117500000	chr3	117000000	2	0.388842	0	2
chr3:117500000-118000000	chr3	117500000	1	0.385184	0	1
chr3:118000000-118500000	chr3	118000000	2	0.37857	0	0
chr3:118500000-119000000	chr3	118500000	0	0.372598	0	0
chr3:119000000-119500000	chr3	119000000	1	0.392528	0	1
chr3:119500000-120000000	chr3	119500000	0	0.397446	0	0
chr3:120000000-120500000	chr3	120000000	0	0.392478	0	0
chr3:120500000-121000000	chr3	120500000	4	0.420494	0	2
chr3:121000000-121500000	chr3	121000000	5	0.447532	0	4
chr3:121500000-122000000	chr3	121500000	6	0.437506	0	5
chr3:122000000-122500000	chr3	122000000	6	0.434542	0	3
chr3:122500000-123000000	chr3	122500000	8	0.420136	0	3
chr3:123000000-123500000	chr3	123000000	5	0.412324	0	4
chr3:123500000-124000000	chr3	123500000	0	0.384444	0	0
chr3:124000000-124500000	chr3	124000000	3	0.368468	0	1
chr3:124500000-125000000	chr3	124500000	0	0.368004	0	0
chr3:125000000-125500000	chr3	125000000	1	0.369748	0	0
chr3:125500000-126000000	chr3	125500000	1	0.3825	0	1
chr3:126000000-126500000	chr3	126000000	3	0.397638	0	2
chr3:126500000-127000000	chr3	126500000	1	0.405172	0	0
chr3:127000000-127500000	chr3	127000000	12	0.427264	0	7
chr3:127500000-128000000	chr3	127500000	4	0.411182	0	1
chr3:128000000-128500000	chr3	128000000	0	0.384382	0	0
chr3:128500000-129000000	chr3	128500000	1	0.409036	0	5
chr3:129000000-129500000	chr3	129000000	6	0.43791	0	1
chr3:129500000-130000000	chr3	129500000	9	0.43307	0	7
chr3:130000000-130500000	chr3	130000000	4	0.419158	0	2
chr3:130500000-131000000	chr3	130500000	2	0.45133	0	3
chr3:131000000-131500000	chr3	131000000	3	0.430498	0.1002	3
chr3:131500000-132000000	chr3	131500000	1	0.395924	0	1
chr3:132000000-132500000	chr3	132000000	3	0.396718	0	1
chr3:132500000-133000000	chr3	132500000	6	0.412996	0	3
chr3:133000000-133500000	chr3	133000000	2	0.412558	0	1
chr3:133500000-134000000	chr3	133500000	3	0.39028	0	1
chr3:134000000-134500000	chr3	134000000	2	0.379638	0	1
chr3:134500000-135000000	chr3	134500000	3	0.400666	0	1
chr3:135000000-135500000	chr3	135000000	7	0.425654	0	5
chr3:135500000-136000000	chr3	135500000	2	0.392466	0	0
chr3:136000000-136500000	chr3	136000000	2	0.39696	0	1
chr3:136500000-137000000	chr3	136500000	1	0.395552	0	0
chr3:137000000-137500000	chr3	137000000	4	0.410624	0	1
chr3:137500000-138000000	chr3	137500000	14	0.432612	0	4
chr3:138000000-138500000	chr3	138000000	9	0.43754	0	4
chr3:138500000-139000000	chr3	138500000	2	0.410066	0	2
chr3:139000000-139500000	chr3	139000000	1	0.386422	0	0
chr3:139500000-140000000	chr3	139500000	1	0.376236	0	0
chr3:140000000-140500000	chr3	140000000	0	0.370766	0	0
chr3:140500000-141000000	chr3	140500000	3	0.372808	0	1
chr3:141000000-141500000	chr3	141000000	1	0.378974	0	1
chr3:141500000-142000000	chr3	141500000	1	0.394748	0	1
chr3:142000000-142500000	chr3	142000000	9	0.40836	0	3
chr3:142500000-143000000	chr3	142500000	4	0.398924	0	2
chr3:143000000-143500000	chr3	143000000	1	0.399212	0	0
chr3:143500000-144000000	chr3	143500000	1	0.42666	0	3
chr3:144000000-144500000	chr3	144000000	5	0.433622	0	2
chr3:144500000-145000000	chr3	144500000	8	0.411426	0	1
chr3:145000000-145500000	chr3	145000000	3	0.425712	0	4
chr3:145500000-146000000	chr3	145500000	7	0.453026	0	6
chr3:146000000-146500000	chr3	146000000	11	0.429576	0	7
chr3:146500000-147000000	chr3	146500000	1	0.416176	0	0
chr3:147000000-147500000	chr3	147000000	0	0.386236	0	0
chr3:147500000-148000000	chr3	147500000	0	0.391214	0	0
chr3:148000000-148500000	chr3	148000000	0	0.408898	0	2
chr3:148500000-149000000	chr3	148500000	2	0.420532	0	1
chr3:149000000-149500000	chr3	149000000	0	0.397504	0	0
chr3:149500000-150000000	chr3	149500000	0	0.370946	0	0
chr3:150000000-150500000	chr3	150000000	1	0.372138	0	0
chr3:150500000-151000000	chr3	150500000	2	0.375292	0	0
chr3:151000000-151500000	chr3	151000000	3	0.39373	0	0
chr3:151500000-152000000	chr3	151500000	6	0.42611	0	3
chr3:152000000-152500000	chr3	152000000	7	0.441318	0	6
chr3:152500000-153000000	chr3	152500000	3	0.443954	0	0
chr3:153000000-153500000	chr3	153000000	2	0.456682	0	1
chr3:153500000-154000000	chr3	153500000	10	0.4378	0	6
chr3:154000000-154500000	chr3	154000000	4	0.43306	0	1
chr3:154500000-155000000	chr3	154500000	3	0.40025	0	1
chr3:155000000-155500000	chr3	155000000	0	0.38152	0	0
chr3:155500000-156000000	chr3	155500000	1	0.379732	0	0
chr3:156000000-156500000	chr3	156000000	2	0.388606	0	2
chr3:156500000-157000000	chr3	156500000	0	0.401258	0	0
chr3:157000000-157500000	chr3	157000000	4	0.413094	0	2
chr3:157500000-158000000	chr3	157500000	4	0.394168	0	3
chr3:158000000-158500000	chr3	158000000	1	0.380874	0	1
chr3:158500000-159000000	chr3	158500000	1	0.382118	0	0
chr3:159000000-159500000	chr3	159000000	2	0.386292	0	0
chr3:159500000-159599783	chr3	159500000	1	0.372188	0	0
chr4:0-500000	chr4	0	0	nan	1	0
chr4:500000-1000000	chr4	500000	0	nan	1	0
chr4:1000000-1500000	chr4	1000000	0	nan	1	0
chr4:1500000-2000000	chr4	1500000	0	nan	1	0
chr4:2000000-2500000	chr4	2000000	0	nan	1	0
chr4:2500000-3000000	chr4	2500000	0	nan	1	0
chr4:3000000-3500000	chr4	3000000	5	0.418108	0	1
chr4:3500000-4000000	chr4	3500000	10	0.41348	0	5
chr4:4000000-4500000	chr4	4000000	3	0.394292	0	1
chr4:4500000-5000000	chr4	4500000	1	0.396912	0	1
chr4:5000000-5500000	chr4	5000000	0	0.39421	0	0
chr4:5500000-6000000	chr4	5500000	2	0.407726	0	1
chr4:6000000-6500000	chr4	6000000	4	0.406286	0	3
chr4:6500000-7000000	chr4	6500000	1	0.394076	0	1
chr4:7000000-7500000	chr4	7000000	1	0.384658	0	0
chr4:7500000-8000000	chr4	7500000	0	0.386942	0	0
chr4:8000000-8500000	chr4	8000000	2	0.41745	0	2
chr4:8500000-9000000	chr4	8500000	3	0.44623	0	6
chr4:9000000-9500000	chr4	9000000	1	0.421926	0	0
chr4:9500000-10000000	chr4	9500000	4	0.419852	0	3
chr4:10000000-10500000	chr4	10000000	0	0.400192	0	0
chr4:10500000-11000000	chr4	10500000	4	0.427448	0	2
chr4:11000000-11500000	chr4	11000000	10	0.424528	0	9
chr4:11500000-12000000	chr4	11500000	6	0.427314	0	1
chr4:12000000-12500000	chr4	12000000	4	0.410318	0	4
chr4:12500000-13000000	chr4	12500000	1	0.385362	0	1
chr4:13000000-13500000	chr4	13000000	0	0.387026	0	0
chr4:13500000-14000000	chr4	13500000	1	0.397154	0	1
chr4:14000000-14500000	chr4	14000000	1	0.388156	0	0
chr4:14500000-15000000	chr4	14500000	5	0.398062	0	3
chr4:15000000-15500000	chr4	15000000	2	0.397204	0	2
chr4:15500000-16000000	chr4	15500000	5	0.395596	0	3
chr4:16000000-16500000	chr4	16000000	2	0.390316	0	1
chr4:16500000-17000000	chr4	16500000	0	0.374764	0	0
chr4:17000000-17500000	chr4	17000000	0	0.367276	0	0
chr4:17500000-18000000	chr4	17500000	2	0.368642	0	1
chr4:18000000-18500000	chr4	18000000	0	0.372014	0	0
chr4:18500000-19000000	chr4	18500000	0	0.365612	0	0
chr4:19000000-19500000	chr4	19000000	3	0.384944	0	1
chr4:19500000-20000000	chr4	19500000	8	0.39502	0	4
chr4:20000000-20500000	chr4	20000000	0	0.388236	0	0
chr4:20500000-21000000	chr4	20500000	1	0.381486	0	1
chr4:21000000-21500000	chr4	21000000	0	0.39497	0	0
chr4:21500000-22000000	chr4	21500000	8	0.418946	0	8
chr4:22000000-22500000	chr4	22000000	3	0.406152	0	6
chr4:22500000-23000000	chr4	22500000	2	0.382728	0	0
chr4:23000000-23500000	chr4	23000000	0	0.37666	0	1
chr4:23500000-24000000	chr4	23500000	0	0.367042	0	0
chr4:24000000-24500000	chr4	24000000	1	0.385204	0	1
chr4:24500000-25000000	chr4	24500000	3	0.405232	0	3
chr4:25000000-25500000	chr4	25000000	2	0.392222	0	1
chr4:25500000-26000000	chr4	25500000	1	0.377998	0	1
chr4:26000000-26500000	chr4	26000000	1	0.37897	0	1
chr4:26500000-27000000	chr4	26500000	1	0.365264	0	0
chr4:27000000-27500000	chr4	27000000	0	0.361972	0	0
chr4:27500000-28000000	chr4	27500000	0	0.363448	0	0
chr4:28000000-28500000	chr4	28000000	0	0.363444	0	0
chr4:28500000-29000000	chr4	28500000	2	0.374688	0	1
chr4:29000000-29500000	chr4	29000000	0	0.374552	0	0
chr4:29500000-30000000	chr4	29500000	0	0.363476	0	0
chr4:30000000-30500000	chr4	30000000	0	0.369128	0	0
chr4:30500000-31000000	chr4	30500000	1	0.377676	0	0
chr4:31000000-31500000	chr4	31000000	0	0.391532	0.000598	0
chr4:31500000-32000000	chr4	31500000	0	0.412681	0.099402	0
chr4:32000000-32500000	chr4	32000000	1	0.43654	0	3
chr4:32500000-33000000	chr4	32500000	6	0.438154	0	3
chr4:33000000-33500000	chr4	33000000	10	0.435422	0	7
chr4:33500000-34000000	chr4	33500000	1	0.418988	0	0
chr4:34000000-34500000	chr4	34000000	3	0.411374	0	3
chr4:34500000-35000000	chr4	34500000	9	0.417654	0	6
chr4:35000000-35500000	chr4	35000000	3	0.418498	0	2
chr4:35500000-36000000	chr4	35500000	0	0.383762	0	0
chr4:36000000-36500000	chr4	36000000	0	0.368534	0	0
chr4:36500000-37000000	chr4	36500000	5	0.364166	0	2
chr4:37000000-37500000	chr4	37000000	1	0.366624	0	0
chr4:37500000-38000000	chr4	37500000	0	0.36551	0	0
chr4:38000000-38500000	chr4	38000000	0	0.364946	0	0
chr4:38500000-39000000	chr4	38500000	1	0.372868	0	0
chr4:39000000-39500000	chr4	39000000	1	0.38062	0	0
chr4:39500000-40000000	chr4	39500000	0	0.397176	0	0
chr4:40000000-40500000	chr4	40000000	8	0.434358	0	5
chr4:40500000-41000000	chr4	40500000	13	0.450262	0	6
chr4:41000000-41500000	chr4	41000000	12	0.450014	0	8
chr4:41500000-42000000	chr4	41500000	22	0.483892	0	14
chr4:42000000-42500000	chr4	42000000	18	0.476142	0.1	9
chr4:42500000-43000000	chr4	42500000	15	0.4681	0	7
chr4:43000000-43500000	chr4	43000000	13	0.447946	0	8
chr4:43500000-44000000	chr4	43500000	28	0.471414	0	10
chr4:44000000-44500000	chr4	44000000	6	0.448746	0	5
chr4:44500000-45000000	chr4	44500000	6	0.443542	0	5
chr4:45000000-45500000	chr4	45000000	11	0.46466	0	9
chr4:45500000-46000000	chr4	45500000	9	0.479698	0	5
chr4:46000000-46500000	chr4	46000000	9	0.464846	0	7
chr4:46500000-47000000	chr4	46500000	5	0.492424	0	8
chr4:47000000-47500000	chr4	47000000	7	0.466896	0	7
chr4:47500000-48000000	chr4	47500000	0	0.433582	0	0
chr4:48000000-48500000	chr4	48000000	6	0.412986	0	7
chr4:48500000-49000000	chr4	48500000	3	0.423536	0	3
chr4:49000000-49500000	chr4	49000000	3	0.406	0	1
chr4:49500000-50000000	chr4	49500000	9	0.401872	0	4
chr4:50000000-50500000	chr4	50000000	0	0.376436	0	0
chr4:50500000-51000000	chr4	50500000	0	0.368306	0	0
chr4:51000000-51500000	chr4	51000000	1	0.369072	0	0
chr4:51500000-52000000	chr4	51500000	0	0.373712	0	0
chr4:52000000-52500000	chr4	52000000	3	0.386302	0	1
chr4:52500000-53000000	chr4	52500000	6	0.393846	0	0
chr4:53000000-53500000	chr4	53000000	6	0.43569	0	3
chr4:53500000-54000000	chr4	53500000	4	0.422236	0	4
chr4:54000000-54500000	chr4	54000000	0	0.40602	0	0
chr4:54500000-55000000	chr4	54500000	1	0.414568	0	1
chr4:55000000-55500000	chr4	55000000	2	0.437636	0	2
chr4:55500000-56000000	chr4	55500000	1	0.436072	0	3
chr4:56000000-56500000	chr4	56000000	0	0.41298	0	0
chr4:56500000-57000000	chr4	56500000	7	0.43635	0	4
chr4:57000000-57500000	chr4	57000000	6	0.461136	0	5
chr4:57500000-58000000	chr4	57500000	2	0.449824	0	3
chr4:58000000-58500000	chr4	58000000	4	0.41536	0	1
chr4:58500000-59000000	chr4	58500000	5	0.411484	0	3
chr4:59000000-59500000	chr4	59000000	6	0.429536	0	4
chr4:59500000-60000000	chr4	59500000	7	0.427522	0	5
chr4:60000000-60500000	chr4	60000000	5	0.409622	0.1	0
chr4:60500000-61000000	chr4	60500000	7	0.404604	0.1	0
chr4:61000000-61500000	chr4	61000000	6	0.408309	0.1	0
chr4:61500000-62000000	chr4	61500000	5	0.421174	0	2
chr4:62000000-62500000	chr4	62000000	14	0.469322	0	8
chr4:62500000-63000000	chr4	62500000	5	0.474824	0	1
chr4:63000000-63500000	chr4	63000000	11	0.463108	0	5
chr4:63500000-64000000	chr4	63500000	3	0.409358	0	1
chr4:64000000-64500000	chr4	64000000	0	0.384174	0	0
chr4:64500000-65000000	chr4	64500000	1	0.394674	0	1
chr4:65000000-65500000	chr4	65000000	1	0.40659	0	1
chr4:65500000-66000000	chr4	65500000	0	0.397626	0	0
chr4:66000000-66500000	chr4	66000000	2	0.39313	0	2
chr4:66500000-67000000	chr4	66500000	0	0.377442	0	0
chr4:67000000-67500000	chr4	67000000	0	0.366506	0	0
chr4:67500000-68000000	chr4	67500000	1	0.372672	0	0
chr4:68000000-68500000	chr4	68000000	0	0.376474	0	0
chr4:68500000-69000000	chr4	68500000	1	0.382134	0	1
chr4:69000000-69500000	chr4	69000000	0	0.390988	0	0
chr4:69500000-70000000	chr4	69500000	0	0.421534	0	1
chr4:70000000-70500000	chr4	70000000	3	0.397122	0	2
chr4:70500000-71000000	chr4	70500000	0	0.376508	0	0
chr4:71000000-71500000	chr4	71000000	0	0.382932	0	0
chr4:71500000-72000000	chr4	71500000	2	0.393142	0	1
chr4:72000000-72500000	chr4	72000000	0	0.38396	0	0
chr4:72500000-73000000	chr4	72500000	1	0.376204	0	0
chr4:73000000-73500000	chr4	73000000	9	0.39221	0	1
chr4:73500000-74000000	chr4	73500000	7	0.391284	0	2
chr4:74000000-74500000	chr4	74000000	0	0.387194	0	0
chr4:74500000-75000000	chr4	74500000	1	0.37859	0	1
chr4:75000000-75500000	chr4	75000000	0	0.38022	0	0
chr4:75500000-76000000	chr4	75500000	0	0.37871	0	0
chr4:76000000-76500000	chr4	76000000	1	0.37807	0	1
chr4:76500000-77000000	chr4	76500000	0	0.366674	0	0
chr4:77000000-77500000	chr4	77000000	0	0.367114	0	0
chr4:77500000-78000000	chr4	77500000	1	0.36233	0	1
chr4:78000000-78500000	chr4	78000000	1	0.374356	0	0
chr4:78500000-79000000	chr4	78500000	0	0.36378	0	0
chr4:79000000-79500000	chr4	79000000	0	0.365446	0	0
chr4:79500000-80000000	chr4	79500000	0	0.370602	0	0
chr4:80000000-80500000	chr4	80000000	1	0.383014	0	0
chr4:80500000-81000000	chr4	80500000	1	0.399112	0	1
chr4:81000000-81500000	chr4	81000000	1	0.397116	0	1
chr4:81500000-82000000	chr4	81500000	2	0.401742	0	0
chr4:82000000-82500000	chr4	82000000	2	0.41929	0	3
chr4:82500000-83000000	chr4	82500000	4	0.429052	0	2
chr4:83000000-83500000	chr4	83000000	4	0.412892	0	3
chr4:83500000-84000000	chr4	83500000	1	0.436804	0	0
chr4:84000000-84500000	chr4	84000000	2	0.40325	0	2
chr4:84500000-85000000	chr4	84500000	2	0.400058	0	2
chr4:85000000-85500000	chr4	85000000	0	0.400062	0	1
chr4:85500000-86000000	chr4	85500000	1	0.402414	0	0
chr4:86000000-86500000	chr4	86000000	9	0.4238	0	3
chr4:86500000-87000000	chr4	86500000	3	0.424256	0	3
chr4:87000000-87500000	chr4	87000000	0	0.412008	0	0
chr4:87500000-88000000	chr4	87500000	3	0.407566	0	2
chr4:88000000-88500000	chr4	88000000	33	0.42025	0	15
chr4:88500000-89000000	chr4	88500000	10	0.413767	0.074784	7
chr4:89000000-89500000	chr4	89000000	1	0.400162	0.02758	1
chr4:89500000-90000000	chr4	89500000	1	0.375066	0	0
chr4:90000000-90500000	chr4	90000000	1	0.373814	0	0
chr4:90500000-91000000	chr4	90500000	0	0.39936	0	0
chr4:91000000-91500000	chr4	91000000	2	0.387756	0	3
chr4:91500000-92000000	chr4	91500000	1	0.36732	0	0
chr4:92000000-92500000	chr4	92000000	0	0.36125	0	0
chr4:92500000-93000000	chr4	92500000	0	0.369434	0	0
chr4:93000000-93500000	chr4	93000000	1	0.37796	0	1
chr4:93500000-94000000	chr4	93500000	0	0.388468	0	0
chr4:94000000-94500000	chr4	94000000	7	0.395774	0	3
chr4:94500000-95000000	chr4	94500000	4	0.425624	0	3
chr4:95000000-95500000	chr4	95000000	1	0.412542	0	0
chr4:95500000-96000000	chr4	95500000	4	0.39573	0	1
chr4:96000000-96500000	chr4	96000000	6	0.388832	0	0
chr4:96500000-97000000	chr4	96500000	0	0.384582	0	0
chr4:97000000-97500000	chr4	97000000	2	0.407098	0	4
chr4:97500000-98000000	chr4	97500000	0	0.415562	0	0
chr4:98000000-98500000	chr4	98000000	8	0.436488	0	3
chr4:98500000-99000000	chr4	98500000	4	0.418934	0	2
chr4:99000000-99500000	chr4	99000000	4	0.427696	0	6
chr4:99500000-100000000	chr4	99500000	2	0.432645	0.0804	2
chr4:100000000-100500000	chr4	100000000	2	0.428934	0	1
chr4:100500000-101000000	chr4	100500000	2	0.438552	0	4
chr4:101000000-101500000	chr4	101000000	8	0.431304	0	7
chr4:101500000-102000000	chr4	101500000	6	0.41121	0	1
chr4:102000000-102500000	chr4	102000000	1	0.413252	0	2
chr4:102500000-103000000	chr4	102500000	10	0.418196	0	4
chr4:103000000-103500000	chr4	103000000	2	0.43021	0	1
chr4:103500000-104000000	chr4	103500000	0	0.419186	0	0
chr4:104000000-104500000	chr4	104000000	1	0.438396	0	1
chr4:104500000-105000000	chr4	104500000	4	0.4364	0	3
chr4:105000000-105500000	chr4	105000000	0	0.418888	0	0
chr4:105500000-106000000	chr4	105500000	2	0.442624	0	1
chr4:106000000-106500000	chr4	106000000	11	0.476436	0	6
chr4:106500000-107000000	chr4	106500000	11	0.48271	0	7
chr4:107000000-107500000	chr4	107000000	7	0.488488	0	4
chr4:107500000-108000000	chr4	107500000	11	0.461534	0	11
chr4:108000000-108500000	chr4	108000000	8	0.413516	0	8
chr4:108500000-109000000	chr4	108500000	10	0.425086	0	7
chr4:109000000-109500000	chr4	109000000	7	0.405682	0	5
chr4:109500000-110000000	chr4	109500000	2	0.418348	0	4
chr4:110000000-110500000	chr4	110000000	2	0.376912	0	2
chr4:110500000-111000000	chr4	110500000	0	0.388974	0	0
chr4:111000000-111500000	chr4	111000000	2	0.420164	0	2
chr4:111500000-112000000	chr4	111500000	6	0.384636	0	0
chr4:112000000-112500000	chr4	112000000	3	0.379974	0	0
chr4:112500000-113000000	chr4	112500000	1	0.37037	0	1
chr4:113000000-113500000	chr4	113000000	0	0.370808	0	0
chr4:113500000-114000000	chr4	113500000	2	0.38151	0	0
chr4:114000000-114500000	chr4	114000000	2	0.462452	0	2
chr4:114500000-115000000	chr4	114500000	11	0.435028	0	9
chr4:115000000-115500000	chr4	115000000	11	0.417584	0	2
chr4:115500000-116000000	chr4	115500000	16	0.460066	0	14
chr4:116000000-116500000	chr4	116000000	16	0.418414	0	11
chr4:116500000-117000000	chr4	116500000	14	0.459098	0	13
chr4:117000000-117500000	chr4	117000000	5	0.46477	0	5
chr4:117500000-118000000	chr4	117500000	13	0.49686	0	12
chr4:118000000-118500000	chr4	118000000	21	0.467562	0	6
chr4:118500000-119000000	chr4	118500000	19	0.46204	0	7
chr4:119000000-119500000	chr4	119000000	9	0.445322	0	7
chr4:119500000-120000000	chr4	119500000	3	0.495204	0	5
chr4:120000000-120500000	chr4	120000000	9	0.448322	0	8
chr4:120500000-121000000	chr4	120500000	11	0.435816	0	5
chr4:121000000-121500000	chr4	121000000	2	0.407422	0.1	0
chr4:121500000-122000000	chr4	121500000	1	0.402504	0	0
chr4:122000000-122500000	chr4	122000000	2	0.403349	0.1	0
chr4:122500000-123000000	chr4	122500000	12	0.466134	0	12
chr4:123000000-123500000	chr4	123000000	10	0.436068	0	6
chr4:123500000-124000000	chr4	123500000	3	0.462898	0	5
chr4:124000000-124500000	chr4	124000000	14	0.478446	0	9
chr4:124500000-125000000	chr4	124500000	13	0.492288	0	13
chr4:125000000-125500000	chr4	125000000	2	0.494442	0	3
chr4:125500000-126000000	chr4	125500000	13	0.488978	0	15
chr4:126000000-126500000	chr4	126000000	11	0.43986	0	9
chr4:126500000-127000000	chr4	126500000	8	0.444474	0	11
chr4:127000000-127500000	chr4	127000000	4	0.463812	0	1
chr4:127500000-128000000	chr4	127500000	4	0.47363	0	3
chr4:128000000-128500000	chr4	128000000	5	0.48412	0	5
chr4:128500000-129000000	chr4	128500000	11	0.481286	0	13
chr4:129000000-129500000	chr4	129000000	24	0.467952	0	17
chr4:129500000-130000000	chr4	129500000	10	0.495854	0	9
chr4:130000000-130500000	chr4	130000000	7	0.478292	0.101746	5
chr4:130500000-131000000	chr4	130500000	2	0.491876	0	2
chr4:131000000-131500000	chr4	131000000	6	0.489246	0	5
chr4:131500000-132000000	chr4	131500000	17	0.45027	0	13
chr4:132000000-132500000	chr4	132000000	13	0.455992	0	10
chr4:132500000-133000000	chr4	132500000	12	0.496886	0	14
chr4:133000000-133500000	chr4	133000000	15	0.483244	0	18
chr4:133500000-134000000	chr4	133500000	20	0.487956	0	12
chr4:134000000-134500000	chr4	134000000	14	0.49472	0	11
chr4:134500000-135000000	chr4	134500000	6	0.49436	0	8
chr4:135000000-135500000	chr4	135000000	11	0.48921	0	8
chr4:135500000-136000000	chr4	135500000	15	0.478818	0	19
chr4:136000000-136500000	chr4	136000000	8	0.482506	0	9
chr4:136500000-137000000	chr4	136500000	8	0.492342	0	6
chr4:137000000-137500000	chr4	137000000	9	0.509584	0	10
chr4:137500000-138000000	chr4	137500000	12	0.480376	0	10
chr4:138000000-138500000	chr4	138000000	11	0.495424	0	2
chr4:138500000-139000000	chr4	138500000	12	0.493314	0	9
chr4:139000000-139500000	chr4	139000000	6	0.511386	0	8
chr4:139500000-140000000	chr4	139500000	6	0.51328	0	5
chr4:140000000-140500000	chr4	140000000	9	0.520262	0	3
chr4:140500000-141000000	chr4	140500000	19	0.514872	0	16
chr4:141000000-141500000	chr4	141000000	18	0.49439	0	12
chr4:141500000-142000000	chr4	141500000	6	0.495744	0	3
chr4:142000000-142500000	chr4	142000000	0	0.459338	0.1	0
chr4:142500000-143000000	chr4	142500000	5	0.46046	0	5
chr4:143000000-143500000	chr4	143000000	14	0.414664	0	0
chr4:143500000-144000000	chr4	143500000	12	0.421056	0	0
chr4:144000000-144500000	chr4	144000000	9	0.417396	0	2
chr4:144500000-145000000	chr4	144500000	3	0.449926	0	2
chr4:145000000-145500000	chr4	145000000	5	0.400002	0.020244	7
chr4:145500000-146000000	chr4	145500000	4	0.406826	0.245004	7
chr4:146000000-146500000	chr4	146000000	5	0.404679	0.134752	8
chr4:146500000-147000000	chr4	146500000	5	0.399184	0	4
chr4:147000000-147500000	chr4	147000000	15	0.456638	0	8
chr4:147500000-148000000	chr4	147500000	13	0.497088	0	11
chr4:148000000-148500000	chr4	148000000	6	0.502384	0	10
chr4:148500000-149000000	chr4	148500000	13	0.465558	0	9
chr4:149000000-149500000	chr4	149000000	9	0.500736	0	9
chr4:149500000-150000000	chr4	149500000	4	0.453668	0	4
chr4:150000000-150500000	chr4	150000000	11	0.478732	0	7
chr4:150500000-151000000	chr4	150500000	0	0.501066	0	2
chr4:151000000-151500000	chr4	151000000	10	0.493164	0	12
chr4:151500000-152000000	chr4	151500000	11	0.527782	0	19
chr4:152000000-152500000	chr4	152000000	1	0.486232	0	0
chr4:152500000-153000000	chr4	152500000	1	0.495802	0	3
chr4:153000000-153500000	chr4	153000000	7	0.501518	0	4
chr4:153500000-154000000	chr4	153500000	8	0.519018	0	7
chr4:154000000-154500000	chr4	154000000	15	0.513692	0	9
chr4:154500000-155000000	chr4	154500000	12	0.48674	0	10
chr4:155000000-155500000	chr4	155000000	34	0.479432	0	24
chr4:155500000-155630120	chr4	155500000	8	0.5083	0.0078466	5
chr5:0-500000	chr5	0	0	nan	1	0
chr5:500000-1000000	chr5	500000	0	nan	1	0
chr5:1000000-1500000	chr5	1000000	0	nan	1	0
chr5:1500000-2000000	chr5	1500000	0	nan	1	0
chr5:2000000-2500000	chr5	2000000	0	nan	1	0
chr5:2500000-3000000	chr5	2500000	0	nan	1	0
chr5:3000000-3500000	chr5	3000000	2	0.420858	0	1
chr5:3500000-4000000	chr5	3500000	11	0.409202	0	6
chr5:4000000-4500000	chr5	4000000	2	0.411082	0	2
chr5:4500000-5000000	chr5	4500000	1	0.41154	0	2
chr5:5000000-5500000	chr5	5000000	2	0.403444	0	1
chr5:5500000-6000000	chr5	5500000	6	0.402418	0	5
chr5:6000000-6500000	chr5	6000000	0	0.384034	0	0
chr5:6500000-7000000	chr5	6500000	0	0.375346	0	0
chr5:7000000-7500000	chr5	7000000	2	0.368332	0	1
chr5:7500000-8000000	chr5	7500000	1	0.39386	0	0
chr5:8000000-8500000	chr5	8000000	4	0.405458	0	4
chr5:8500000-9000000	chr5	8500000	6	0.402322	0	6
chr5:9000000-9500000	chr5	9000000	5	0.404272	0	3
chr5:9500000-10000000	chr5	9500000	1	0.3822	0	0
chr5:10000000-10500000	chr5	10000000	0	0.373406	0	0
chr5:10500000-11000000	chr5	10500000	1	0.375998	0	0
chr5:11000000-11500000	chr5	11000000	2	0.378142	0	0
chr5:11500000-12000000	chr5	11500000	4	0.379422	0	0
chr5:12000000-12500000	chr5	12000000	1	0.367898	0	1
chr5:12500000-13000000	chr5	12500000	0	0.37248	0	0
chr5:13000000-13500000	chr5	13000000	1	0.362454	0	0
chr5:13500000-14000000	chr5	13500000	3	0.380822	0	0
chr5:14000000-14500000	chr5	14000000	1	0.378016	0	1
chr5:14500000-15000000	chr5	14500000	5	0.382758	0	1
chr5:15000000-15500000	chr5	15000000	10	0.39764	0.1	1
chr5:15500000-16000000	chr5	15500000	0	0.37812	0	0
chr5:16000000-16500000	chr5	16000000	2	0.372956	0	0
chr5:16500000-17000000	chr5	16500000	2	0.383016	0	0
chr5:17000000-17500000	chr5	17000000	3	0.377202	0	1
chr5:17500000-18000000	chr5	17500000	1	0.391388	0	1
chr5:18000000-18500000	chr5	18000000	1	0.380108	0	0
chr5:18500000-19000000	chr5	18500000	2	0.377762	0	2
chr5:19000000-19500000	chr5	19000000	0	0.38237	0	0
chr5:19500000-20000000	chr5	19500000	0	0.394794	0	0
chr5:20000000-20500000	chr5	20000000	4	0.41938	0	3
chr5:20500000-21000000	chr5	20500000	6	0.419296	0	3
chr5:21000000-21500000	chr5	21000000	9	0.429786	0	5
chr5:21500000-22000000	chr5	21500000	1	0.412076	0	1
chr5:22000000-22500000	chr5	22000000	6	0.403932	0	1
chr5:22500000-23000000	chr5	22500000	2	0.414506	0	2
chr5:23000000-23500000	chr5	23000000	7	0.434066	0	7
chr5:23500000-24000000	chr5	23500000	13	0.469512	0	15
chr5:24000000-24500000	chr5	24000000	14	0.481588	0	11
chr5:24500000-25000000	chr5	24500000	4	0.431948	0	2
chr5:25000000-25500000	chr5	25000000	6	0.447963	0.153706	4
chr5:25500000-26000000	chr5	25500000	0	nan	1	0
chr5:26000000-26500000	chr5	26000000	11	nan	0.646294	1
chr5:26500000-27000000	chr5	26500000	2	0.42721	0	0
chr5:27000000-27500000	chr5	27000000	1	0.42841	0	2
chr5:27500000-28000000	chr5	27500000	1	0.438072	0	0
chr5:28000000-28500000	chr5	28000000	5	0.455206	0	4
chr5:28500000-29000000	chr5	28500000	4	0.439668	0	6
chr5:29000000-29500000	chr5	29000000	0	0.43315	0	0
chr5:29500000-30000000	chr5	29500000	6	0.418442	0	7
chr5:30000000-30500000	chr5	30000000	10	0.43001	0	5
chr5:30500000-31000000	chr5	30500000	11	0.479787	0.053264	5
chr5:31000000-31500000	chr5	31000000	22	0.478964	0	20
chr5:31500000-32000000	chr5	31500000	16	0.441642	0	12
chr5:32000000-32500000	chr5	32000000	4	0.432914	0	2
chr5:32500000-33000000	chr5	32500000	4	0.43024	0	2
chr5:33000000-33500000	chr5	33000000	5	0.442227	0.1	5
chr5:33500000-34000000	chr5	33500000	7	0.48027	0	8
chr5:34000000-34500000	chr5	34000000	10	0.445088	0	10
chr5:34500000-35000000	chr5	34500000	13	0.457996	0	12
chr5:35000000-35500000	chr5	35000000	10	0.459568	0	5
chr5:35500000-36000000	chr5	35500000	8	0.506564	0	7
chr5:36000000-36500000	chr5	36000000	4	0.50879	0	3
chr5:36500000-37000000	chr5	36500000	8	0.493586	0.05621	5
chr5:37000000-37500000	chr5	37000000	8	0.49184	0.10399	9
chr5:37500000-38000000	chr5	37500000	4	0.476956	0	5
chr5:38000000-38500000	chr5	38000000	6	0.462516	0	6
chr5:38500000-39000000	chr5	38500000	9	0.475598	0	6
chr5:39000000-39500000	chr5	39000000	2	0.426178	0	1
chr5:39500000-40000000	chr5	39500000	1	0.398902	0	0
chr5:40000000-40500000	chr5	40000000	2	0.392554	0	1
chr5:40500000-41000000	chr5	40500000	0	0.375466	0	0
chr5:41000000-41500000	chr5	41000000	0	0.38017	0	0
chr5:41500000-42000000	chr5	41500000	0	0.40191	0	0
chr5:42000000-42500000	chr5	42000000	5	0.406832	0	4
chr5:42500000-43000000	chr5	42500000	0	0.392468	0	0
chr5:43000000-43500000	chr5	43000000	0	0.39982	0	0
chr5:43500000-44000000	chr5	43500000	3	0.411874	0	1
chr5:44000000-44500000	chr5	44000000	7	0.429862	0	3
chr5:44500000-45000000	chr5	44500000	1	0.421622	0	1
chr5:45000000-45500000	chr5	45000000	2	0.407572	0	0
chr5:45500000-46000000	chr5	45500000	5	0.41903	0	3
chr5:46000000-46500000	chr5	46000000	7	0.387592	0	3
chr5:46500000-47000000	chr5	46500000	1	0.384636	0	0
chr5:47000000-47500000	chr5	47000000	0	0.371902	0	0
chr5:47500000-48000000	chr5	47500000	0	0.370116	0	0
chr5:48000000-48500000	chr5	48000000	1	0.37682	0	2
chr5:48500000-49000000	chr5	48500000	3	0.381176	0	1
chr5:49000000-49500000	chr5	49000000	0	0.375442	0	0
chr5:49500000-50000000	chr5	49500000	1	0.379496	0	1
chr5:50000000-50500000	chr5	50000000	1	0.402642	0	1
chr5:50500000-51000000	chr5	50500000	3	0.391014	0	0
chr5:51000000-51500000	chr5	51000000	0	0.376702	0	0
chr5:51500000-52000000	chr5	51500000	1	0.389624	0	0
chr5:52000000-52500000	chr5	52000000	0	0.41869	0	0
chr5:52500000-53000000	chr5	52500000	8	0.450634	0	6
chr5:53000000-53500000	chr5	53000000	8	0.445074	0	6
chr5:53500000-54000000	chr5	53500000	3	0.455144	0	4
chr5:54000000-54500000	chr5	54000000	3	0.413884	0	3
chr5:54500000-55000000	chr5	54500000	1	0.403748	0	1
chr5:55000000-55500000	chr5	55000000	0	0.371858	0	0
chr5:55500000-56000000	chr5	55500000	0	0.36538	0	0
chr5:56000000-56500000	chr5	56000000	0	0.369074	0	0
chr5:56500000-57000000	chr5	56500000	0	0.358892	0	0
chr5:57000000-57500000	chr5	57000000	0	0.360644	0	0
chr5:57500000-58000000	chr5	57500000	0	0.362326	0	0
chr5:58000000-58500000	chr5	58000000	2	0.372872	0	2
chr5:58500000-59000000	chr5	58500000	1	0.373174	0	0
chr5:59000000-59500000	chr5	59000000	0	0.367316	0	0
chr5:59500000-60000000	chr5	59500000	0	0.361492	0	0
chr5:60000000-60500000	chr5	60000000	1	0.363012	0	0
chr5:60500000-61000000	chr5	60500000	0	0.36184	0	0
chr5:61000000-61500000	chr5	61000000	0	0.368822	0	0
chr5:61500000-62000000	chr5	61500000	0	0.362764	0	0
chr5:62000000-62500000	chr5	62000000	1	0.362598	0	0
chr5:62500000-63000000	chr5	62500000	0	0.376654	0	0
chr5:63000000-63500000	chr5	63000000	2	0.38152	0	1
chr5:63500000-64000000	chr5	63500000	0	0.3808	0	0
chr5:64000000-64500000	chr5	64000000	5	0.431286	0	4
chr5:64500000-65000000	chr5	64500000	3	0.448108	0	3
chr5:65000000-65500000	chr5	65000000	9	0.443524	0	4
chr5:65500000-66000000	chr5	65500000	8	0.43212	0	6
chr5:66000000-66500000	chr5	66000000	6	0.433596	0	3
chr5:66500000-67000000	chr5	66500000	3	0.447962	0	1
chr5:67000000-67500000	chr5	67000000	6	0.443274	0	6
chr5:67500000-68000000	chr5	67500000	6	0.435964	0	7
chr5:68000000-68500000	chr5	68000000	4	0.413674	0	1
chr5:68500000-69000000	chr5	68500000	0	0.386476	0	0
chr5:69000000-69500000	chr5	69000000	0	0.368842	0	0
chr5:69500000-70000000	chr5	69500000	4	0.378286	0	3
chr5:70000000-70500000	chr5	70000000	0	0.37562	0	0
chr5:70500000-71000000	chr5	70500000	0	0.371124	0	0
chr5:71000000-71500000	chr5	71000000	2	0.366934	0	1
chr5:71500000-72000000	chr5	71500000	1	0.379538	0	0
chr5:72000000-72500000	chr5	72000000	2	0.385	0	2
chr5:72500000-73000000	chr5	72500000	6	0.416136	0	5
chr5:73000000-73500000	chr5	73000000	6	0.435916	0	4
chr5:73500000-74000000	chr5	73500000	6	0.445484	0	5
chr5:74000000-74500000	chr5	74000000	7	0.439111	0.024	4
chr5:74500000-75000000	chr5	74500000	3	0.431566	0	3
chr5:75000000-75500000	chr5	75000000	4	0.450284	0	4
chr5:75500000-76000000	chr5	75500000	4	0.447476	0	4
chr5:76000000-76500000	chr5	76000000	1	0.43891	0.044242	2
chr5:76500000-77000000	chr5	76500000	9	0.420062	0.05651	4
chr5:77000000-77500000	chr5	77000000	9	0.443988	0	7
chr5:77500000-78000000	chr5	77500000	8	0.449418	0	4
chr5:78000000-78500000	chr5	78000000	0	0.410456	0	0
chr5:78500000-79000000	chr5	78500000	0	0.377198	0	0
chr5:79000000-79500000	chr5	79000000	0	0.362252	0	0
chr5:79500000-80000000	chr5	79500000	0	0.363004	0	0
chr5:80000000-80500000	chr5	80000000	0	0.367108	0	0
chr5:80500000-81000000	chr5	80500000	0	0.358588	0	0
chr5:81000000-81500000	chr5	81000000	1	0.375982	0	2
chr5:81500000-82000000	chr5	81500000	0	0.3665	0	1
chr5:82000000-82500000	chr5	82000000	0	0.375022	0	1
chr5:82500000-83000000	chr5	82500000	1	0.362868	0	0
chr5:83000000-83500000	chr5	83000000	1	0.366514	0	0
chr5:83500000-84000000	chr5	83500000	1	0.362466	0	0
chr5:84000000-84500000	chr5	84000000	0	0.36428	0	0
chr5:84500000-85000000	chr5	84500000	1	0.3558	0	2
chr5:85000000-85500000	chr5	85000000	0	0.36197	0	0
chr5:85500000-86000000	chr5	85500000	0	0.374094	0	0
chr5:86000000-86500000	chr5	86000000	1	0.385928	0	1
chr5:86500000-87000000	chr5	86500000	7	0.381352	0	1
chr5:87000000-87500000	chr5	87000000	7	0.38406	0	1
chr5:87500000-88000000	chr5	87500000	9	0.371368	0	0
chr5:88000000-88500000	chr5	88000000	14	0.370072	0	0
chr5:88500000-89000000	chr5	88500000	11	0.392502	0	3
chr5:89000000-89500000	chr5	89000000	4	0.423012	0	4
chr5:89500000-90000000	chr5	89500000	2	0.401418	0	0
chr5:90000000-90500000	chr5	90000000	2	0.40336	0	3
chr5:90500000-91000000	chr5	90500000	7	0.405292	0	3
chr5:91000000-91500000	chr5	91000000	10	0.411508	0	1
chr5:91500000-92000000	chr5	91500000	5	0.408262	0	2
chr5:92000000-92500000	chr5	92000000	5	0.42444	0	2
chr5:92500000-93000000	chr5	92500000	14	0.444384	0	8
chr5:93000000-93500000	chr5	93000000	5	0.449852	0	7
chr5:93500000-94000000	chr5	93500000	4	0.41954	0	3
chr5:94000000-94500000	chr5	94000000	3	0.411886	0	0
chr5:94500000-95000000	chr5	94500000	3	0.409053	0.1	0
chr5:95000000-95500000	chr5	95000000	4	0.412096	0	0
chr5:95500000-96000000	chr5	95500000	4	0.408448	0	0
chr5:96000000-96500000	chr5	96000000	2	0.411794	0	0
chr5:96500000-97000000	chr5	96500000	3	0.408566	0	3
chr5:97000000-97500000	chr5	97000000	5	0.430394	0	1
chr5:97500000-98000000	chr5	97500000	4	0.40186	0	1
chr5:98000000-98500000	chr5	98000000	1	0.39032	0	2
chr5:98500000-99000000	chr5	98500000	5	0.413002	0	5
chr5:99000000-99500000	chr5	99000000	2	0.40254	0	2
chr5:99500000-100000000	chr5	99500000	1	0.43239	0	1
chr5:100000000-100500000	chr5	100000000	7	0.442828	0	4
chr5:100500000-101000000	chr5	100500000	8	0.448578	0	6
chr5:101000000-101500000	chr5	101000000	8	0.443496	0	5
chr5:101500000-102000000	chr5	101500000	2	0.423406	0	0
chr5:102000000-102500000	chr5	102000000	3	0.451932	0	7
chr5:102500000-103000000	chr5	102500000	2	0.418172	0	0
chr5:103000000-103500000	chr5	103000000	0	0.415518	0	0
chr5:103500000-104000000	chr5	103500000	4	0.424472	0	1
chr5:104000000-104500000	chr5	104000000	8	0.446278	0	5
chr5:104500000-105000000	chr5	104500000	9	0.42258	0	2
chr5:105000000-105500000	chr5	105000000	4	0.411474	0	0
chr5:105500000-106000000	chr5	105500000	8	0.428332	0	3
chr5:106000000-106500000	chr5	106000000	2	0.449426	0	3
chr5:106500000-107000000	chr5	106500000	2	0.440682	0	5
chr5:107000000-107500000	chr5	107000000	3	0.42735	0	4
chr5:107500000-108000000	chr5	107500000	6	0.434428	0	4
chr5:108000000-108500000	chr5	108000000	10	0.422734	0	9
chr5:108500000-109000000	chr5	108500000	12	0.420952	0	8
chr5:109000000-109500000	chr5	109000000	14	0.417808	0	7
chr5:109500000-110000000	chr5	109500000	7	0.392832	0	2
chr5:110000000-110500000	chr5	110000000	6	0.405362	0	0
chr5:110500000-111000000	chr5	110500000	15	0.464148	0	14
chr5:111000000-111500000	chr5	111000000	11	0.454634	0	7
chr5:111500000-112000000	chr5	111500000	2	0.49089	0	6
chr5:112000000-112500000	chr5	112000000	2	0.497378	0	2
chr5:112500000-113000000	chr5	112500000	12	0.505358	0	9
chr5:113000000-113500000	chr5	113000000	7	0.49298	0	2
chr5:113500000-114000000	chr5	113500000	9	0.508433	0.071422	6
chr5:114000000-114500000	chr5	114000000	10	0.503532	0.0006	7
chr5:114500000-115000000	chr5	114500000	13	0.507528	0	7
chr5:115000000-115500000	chr5	115000000	19	0.497376	0	14
chr5:115500000-116000000	chr5	115500000	20	0.48822	0	23
chr5:116000000-116500000	chr5	116000000	10	0.485258	0	6
chr5:116500000-117000000	chr5	116500000	6	0.475472	0	2
chr5:117000000-117500000	chr5	117000000	1	0.461684	0	1
chr5:117500000-118000000	chr5	117500000	8	0.484532	0	7
chr5:118000000-118500000	chr5	118000000	3	0.492664	0	3
chr5:118500000-119000000	chr5	118500000	4	0.494346	0	7
chr5:119000000-119500000	chr5	119000000	2	0.472684	0	2
chr5:119500000-120000000	chr5	119500000	4	0.469272	0	0
chr5:120000000-120500000	chr5	120000000	7	0.476696	0	8
chr5:120500000-121000000	chr5	120500000	8	0.511392	0	9
chr5:121000000-121500000	chr5	121000000	18	0.501158	0	5
chr5:121500000-122000000	chr5	121500000	11	0.472582	0	9
chr5:122000000-122500000	chr5	122000000	9	0.494974	0	12
chr5:122500000-123000000	chr5	122500000	14	0.48066	0	7
chr5:123000000-123500000	chr5	123000000	12	0.466494	0	15
chr5:123500000-124000000	chr5	123500000	14	0.476572	0	16
chr5:124000000-124500000	chr5	124000000	12	0.460366	0	8
chr5:124500000-125000000	chr5	124500000	16	0.483152	0	16
chr5:125000000-125500000	chr5	125000000	9	0.492782	0.186252	6
chr5:125500000-126000000	chr5	125500000	6	0.518598	0	10
chr5:126000000-126500000	chr5	126000000	4	0.458516	0	1
chr5:126500000-127000000	chr5	126500000	0	0.4267	0	0
chr5:127000000-127500000	chr5	127000000	1	0.428172	0	0
chr5:127500000-128000000	chr5	127500000	4	0.450908	0	1
chr5:128000000-128500000	chr5	128000000	2	0.457618	0	2
chr5:128500000-129000000	chr5	128500000	1	0.454109	0.013524	1
chr5:129000000-129500000	chr5	129000000	4	0.482454	0	3
chr5:129500000-130000000	chr5	129500000	3	0.489408	0	3
chr5:130000000-130500000	chr5	130000000	16	0.459971	0.04	11
chr5:130500000-131000000	chr5	130500000	10	0.45931	0	7
chr5:131000000-131500000	chr5	131000000	0	0.441084	0	0
chr5:131500000-132000000	chr5	131500000	2	0.444556	0	3
chr5:132000000-132500000	chr5	132000000	1	0.444424	0	2
chr5:132500000-133000000	chr5	132500000	0	0.422276	0	0
chr5:133000000-133500000	chr5	133000000	1	0.437264	0	1
chr5:133500000-134000000	chr5	133500000	0	0.422462	0	1
chr5:134000000-134500000	chr5	134000000	0	0.437866	0	0
chr5:134500000-135000000	chr5	134500000	8	0.48705	0	7
chr5:135000000-135500000	chr5	135000000	18	0.494042	0	10
chr5:135500000-136000000	chr5	135500000	13	0.481552	0	14
chr5:136000000-136500000	chr5	136000000	15	0.486578	0	16
chr5:136500000-137000000	chr5	136500000	11	0.483824	0	10
chr5:137000000-137500000	chr5	137000000	10	0.486432	0	6
chr5:137500000-138000000	chr5	137500000	20	0.498126	0.148564	13
chr5:138000000-138500000	chr5	138000000	24	0.46551	0	9
chr5:138500000-139000000	chr5	138500000	22	0.4269	0	9
chr5:139000000-139500000	chr5	139000000	6	0.480088	0.117662	5
chr5:139500000-140000000	chr5	139500000	14	0.503556	0	11
chr5:140000000-140500000	chr5	140000000	8	0.513592	0	16
chr5:140500000-141000000	chr5	140500000	8	0.495382	0	6
chr5:141000000-141500000	chr5	141000000	8	0.496732	0	8
chr5:141500000-142000000	chr5	141500000	1	0.433726	0	0
chr5:142000000-142500000	chr5	142000000	0	0.453266	0	0
chr5:142500000-143000000	chr5	142500000	2	0.485742	0	2
chr5:143000000-143500000	chr5	143000000	5	0.48646	0.38876	6
chr5:143500000-144000000	chr5	143500000	11	0.482212	0.01124	13
chr5:144000000-144500000	chr5	144000000	12	0.480277	0.00544	16
chr5:144500000-145000000	chr5	144500000	10	0.470018	0.1	8
chr5:145000000-145500000	chr5	145000000	5	0.471168	0	3
chr5:145500000-146000000	chr5	145500000	17	0.479582	0	10
chr5:146000000-146500000	chr5	146000000	4	0.419938	0.1	1
chr5:146500000-147000000	chr5	146500000	8	0.418282	0	0
chr5:147000000-147500000	chr5	147000000	11	0.454846	0	4
chr5:147500000-148000000	chr5	147500000	8	0.469884	0	8
chr5:148000000-148500000	chr5	148000000	10	0.452282	0	8
chr5:148500000-149000000	chr5	148500000	5	0.457402	0	6
chr5:149000000-149500000	chr5	149000000	3	0.462856	0	2
chr5:149500000-150000000	chr5	149500000	11	0.468814	0	4
chr5:150000000-150500000	chr5	150000000	8	0.466176	0.010468	4
chr5:150500000-151000000	chr5	150500000	4	0.442138	0	1
chr5:151000000-151500000	chr5	151000000	7	0.435076	0	4
chr5:151500000-152000000	chr5	151500000	2	0.431566	0	1
chr5:152000000-152500000	chr5	152000000	4	0.406936	0	2
chr5:152500000-152537259	chr5	152500000	0	0.420194	0	0
chr6:0-500000	chr6	0	0	nan	1	0
chr6:500000-1000000	chr6	500000	0	nan	1	0
chr6:1000000-1500000	chr6	1000000	0	nan	1	0
chr6:1500000-2000000	chr6	1500000	0	nan	1	0
chr6:2000000-2500000	chr6	2000000	0	nan	1	0
chr6:2500000-3000000	chr6	2500000	0	nan	1	0
chr6:3000000-3500000	chr6	3000000	4	0.40584	0	0
chr6:3500000-4000000	chr6	3500000	8	0.386192	0	1
chr6:4000000-4500000	chr6	4000000	2	0.392832	0	0
chr6:4500000-5000000	chr6	4500000	5	0.408456	0	3
chr6:5000000-5500000	chr6	5000000	5	0.416428	0	2
chr6:5500000-6000000	chr6	5500000	2	0.415532	0	2
chr6:6000000-6500000	chr6	6000000	2	0.41875	0	1
chr6:6500000-7000000	chr6	6500000	6	0.406938	0	9
chr6:7000000-7500000	chr6	7000000	1	0.401468	0	0
chr6:7500000-8000000	chr6	7500000	5	0.412092	0	3
chr6:8000000-8500000	chr6	8000000	6	0.396344	0	3
chr6:8500000-9000000	chr6	8500000	2	0.408224	0	3
chr6:9000000-9500000	chr6	9000000	0	0.375254	0	0
chr6:9500000-10000000	chr6	9500000	0	0.37115	0	0
chr6:10000000-10500000	chr6	10000000	0	0.36811	0	0
chr6:10500000-11000000	chr6	10500000	1	0.376664	0	0
chr6:11000000-11500000	chr6	11000000	0	0.379686	0	0
chr6:11500000-12000000	chr6	11500000	2	0.383276	0	2
chr6:12000000-12500000	chr6	12000000	1	0.384916	0	0
chr6:12500000-13000000	chr6	12500000	1	0.37592	0	1
chr6:13000000-13500000	chr6	13000000	3	0.394356	0	1
chr6:13500000-14000000	chr6	13500000	5	0.386708	0	3
chr6:14000000-14500000	chr6	14000000	0	0.375178	0	0
chr6:14500000-15000000	chr6	14500000	2	0.376474	0	1
chr6:15000000-15500000	chr6	15000000	0	0.369156	0	0
chr6:15500000-16000000	chr6	15500000	1	0.384748	0	1
chr6:16000000-16500000	chr6	16000000	1	0.37689	0	0
chr6:16500000-17000000	chr6	16500000	2	0.381942	0	0
chr6:17000000-17500000	chr6	17000000	7	0.40821	0	2
chr6:17500000-18000000	chr6	17500000	3	0.41201	0	4
chr6:18000000-18500000	chr6	18000000	3	0.39038	0	2
chr6:18500000-19000000	chr6	18500000	2	0.385326	0	1
chr6:19000000-19500000	chr6	19000000	1	0.37735	0	0
chr6:19500000-20000000	chr6	19500000	1	0.367454	0	0
chr6:20000000-20500000	chr6	20000000	0	0.36541	0	0
chr6:20500000-21000000	chr6	20500000	0	0.370436	0	0
chr6:21000000-21500000	chr6	21000000	1	0.368304	0	1
chr6:21500000-22000000	chr6	21500000	3	0.39338	0	2
chr6:22000000-22500000	chr6	22000000	3	0.412472	0	1
chr6:22500000-23000000	chr6	22500000	1	0.392666	0	1
chr6:23000000-23500000	chr6	23000000	3	0.402024	0	4
chr6:23500000-24000000	chr6	23500000	4	0.395152	0	1
chr6:24000000-24500000	chr6	24000000	4	0.39446	0	1
chr6:24500000-25000000	chr6	24500000	7	0.392478	0	2
chr6:25000000-25500000	chr6	25000000	0	0.378432	0	0
chr6:25500000-26000000	chr6	25500000	3	0.37538	0	1
chr6:26000000-26500000	chr6	26000000	0	0.368898	0	0
chr6:26500000-27000000	chr6	26500000	0	0.366966	0	0
chr6:27000000-27500000	chr6	27000000	0	0.37367	0	0
chr6:27500000-28000000	chr6	27500000	1	0.38598	0	0
chr6:28000000-28500000	chr6	28000000	8	0.417788	0	7
chr6:28500000-29000000	chr6	28500000	2	0.44624	0	2
chr6:29000000-29500000	chr6	29000000	15	0.47144	0	15
chr6:29500000-30000000	chr6	29500000	7	0.433732	0	8
chr6:30000000-30500000	chr6	30000000	13	0.44579	0	6
chr6:30500000-31000000	chr6	30500000	9	0.430436	0.1	4
chr6:31000000-31500000	chr6	31000000	6	0.436762	0	5
chr6:31500000-32000000	chr6	31500000	3	0.448956	0	2
chr6:32000000-32500000	chr6	32000000	2	0.451708	0	0
chr6:32500000-33000000	chr6	32500000	1	0.423292	0	1
chr6:33000000-33500000	chr6	33000000	2	0.400774	0	1
chr6:33500000-34000000	chr6	33500000	2	0.412628	0	0
chr6:34000000-34500000	chr6	34000000	7	0.443746	0	2
chr6:34500000-35000000	chr6	34500000	8	0.435044	0	4
chr6:35000000-35500000	chr6	35000000	7	0.425358	0	4
chr6:35500000-36000000	chr6	35500000	0	0.398224	0	0
chr6:36000000-36500000	chr6	36000000	3	0.385484	0	1
chr6:36500000-37000000	chr6	36500000	1	0.400954	0	0
chr6:37000000-37500000	chr6	37000000	4	0.436444	0	2
chr6:37500000-38000000	chr6	37500000	2	0.41803	0	2
chr6:38000000-38500000	chr6	38000000	9	0.442428	0	5
chr6:38500000-39000000	chr6	38500000	5	0.444828	0	5
chr6:39000000-39500000	chr6	39000000	9	0.44849	0	5
chr6:39500000-40000000	chr6	39500000	6	0.424204	0	6
chr6:40000000-40500000	chr6	40000000	8	0.422046	0	3
chr6:40500000-41000000	chr6	40500000	10	0.39374	0	0
chr6:41000000-41500000	chr6	41000000	8	0.398044	0	0
chr6:41500000-42000000	chr6	41500000	11	0.399226	0	1
chr6:42000000-42500000	chr6	42000000	17	0.417432	0	4
chr6:42500000-43000000	chr6	42500000	12	0.398526	0	0
chr6:43000000-43500000	chr6	43000000	11	0.392978	0	1
chr6:43500000-44000000	chr6	43500000	1	0.393402	0	0
chr6:44000000-44500000	chr6	44000000	1	0.368282	0	0
chr6:44500000-45000000	chr6	44500000	0	0.370318	0	0
chr6:45000000-45500000	chr6	45000000	1	0.357484	0	0
chr6:45500000-46000000	chr6	45500000	0	0.367152	0	0
chr6:46000000-46500000	chr6	46000000	0	0.378926	0	0
chr6:46500000-47000000	chr6	46500000	0	0.389014	0	1
chr6:47000000-47500000	chr6	47000000	1	0.413842	0	1
chr6:47500000-48000000	chr6	47500000	12	0.455996	0.1	30
chr6:48000000-48500000	chr6	48000000	8	0.456166	0	5
chr6:48500000-49000000	chr6	48500000	23	0.454086	0	8
chr6:49000000-49500000	chr6	49000000	6	0.424212	0	7
chr6:49500000-50000000	chr6	49500000	1	0.433122	0	1
chr6:50000000-50500000	chr6	50000000	3	0.436138	0	3
chr6:50500000-51000000	chr6	50500000	7	0.43849	0	4
chr6:51000000-51500000	chr6	51000000	6	0.444812	0	7
chr6:51500000-52000000	chr6	51500000	1	0.428306	0	3
chr6:52000000-52500000	chr6	52000000	26	0.45356	0	27
chr6:52500000-53000000	chr6	52500000	2	0.424042	0	2
chr6:53000000-53500000	chr6	53000000	3	0.431734	0	1
chr6:53500000-54000000	chr6	53500000	4	0.439338	0	2
chr6:54000000-54500000	chr6	54000000	3	0.45176	0	3
chr6:54500000-55000000	chr6	54500000	8	0.443464	0	8
chr6:55000000-55500000	chr6	55000000	7	0.477056	0	2
chr6:55500000-56000000	chr6	55500000	4	0.40842	0	1
chr6:56000000-56500000	chr6	56000000	1	0.404072	0	0
chr6:56500000-57000000	chr6	56500000	10	0.409302	0	7
chr6:57000000-57500000	chr6	57000000	13	0.390934	0	0
chr6:57500000-58000000	chr6	57500000	10	0.391116	0	3
chr6:58000000-58500000	chr6	58000000	5	0.395322	0	0
chr6:58500000-59000000	chr6	58500000	4	0.401588	0	3
chr6:59000000-59500000	chr6	59000000	2	0.391482	0	2
chr6:59500000-60000000	chr6	59500000	0	0.378614	0	0
chr6:60000000-60500000	chr6	60000000	2	0.374436	0	0
chr6:60500000-61000000	chr6	60500000	3	0.385952	0	0
chr6:61000000-61500000	chr6	61000000	2	0.38245	0	1
chr6:61500000-62000000	chr6	61500000	0	0.368108	0	0
chr6:62000000-62500000	chr6	62000000	0	0.36223	0	0
chr6:62500000-63000000	chr6	62500000	0	0.373836	0	0
chr6:63000000-63500000	chr6	63000000	1	0.365656	0	1
chr6:63500000-64000000	chr6	63500000	0	0.367158	0	0
chr6:64000000-64500000	chr6	64000000	0	0.380118	0	0
chr6:64500000-65000000	chr6	64500000	2	0.409096	0	3
chr6:65000000-65500000	chr6	65000000	2	0.401642	0	1
chr6:65500000-66000000	chr6	65500000	4	0.394	0	2
chr6:66000000-66500000	chr6	66000000	2	0.389908	0	1
chr6:66500000-67000000	chr6	66500000	11	0.407184	0	2
chr6:67000000-67500000	chr6	67000000	4	0.412062	0	3
chr6:67500000-68000000	chr6	67500000	1	0.39177	0	0
chr6:68000000-68500000	chr6	68000000	0	0.387206	0	0
chr6:68500000-69000000	chr6	68500000	0	0.383228	0	0
chr6:69000000-69500000	chr6	69000000	1	0.37693	0	0
chr6:69500000-70000000	chr6	69500000	0	0.378322	0	0
chr6:70000000-70500000	chr6	70000000	0	0.401682	0	0
chr6:70500000-71000000	chr6	70500000	4	0.428676	0	4
chr6:71000000-71500000	chr6	71000000	11	0.436296	0	5
chr6:71500000-72000000	chr6	71500000	7	0.435422	0	5
chr6:72000000-72500000	chr6	72000000	15	0.47012	0	9
chr6:72500000-73000000	chr6	72500000	8	0.465674	0	4
chr6:73000000-73500000	chr6	73000000	4	0.434176	0	1
chr6:73500000-74000000	chr6	73500000	1	0.388756	0	0
chr6:74000000-74500000	chr6	74000000	0	0.370926	0	0
chr6:74500000-75000000	chr6	74500000	0	0.36433	0	0
chr6:75000000-75500000	chr6	75000000	0	0.367198	0	0
chr6:75500000-76000000	chr6	75500000	0	0.36581	0	0
chr6:76000000-76500000	chr6	76000000	0	0.372538	0	1
chr6:76500000-77000000	chr6	76500000	0	0.381078	0	0
chr6:77000000-77500000	chr6	77000000	2	0.394328	0	2
chr6:77500000-78000000	chr6	77500000	1	0.390136	0	1
chr6:78000000-78500000	chr6	78000000	6	0.393112	0	1
chr6:78500000-79000000	chr6	78500000	1	0.37802	0	0
chr6:79000000-79500000	chr6	79000000	0	0.373304	0	0
chr6:79500000-80000000	chr6	79500000	2	0.372932	0	0
chr6:80000000-80500000	chr6	80000000	0	0.37412	0	0
chr6:80500000-81000000	chr6	80500000	0	0.380244	0	0
chr6:81000000-81500000	chr6	81000000	0	0.392228	0	0
chr6:81500000-82000000	chr6	81500000	7	0.42805	0	3
chr6:82000000-82500000	chr6	82000000	1	0.430186	0	1
chr6:82500000-83000000	chr6	82500000	8	0.454712	0	4
chr6:83000000-83500000	chr6	83000000	24	0.485778	0	24
chr6:83500000-84000000	chr6	83500000	16	0.446756	0	12
chr6:84000000-84500000	chr6	84000000	1	0.480532	0	3
chr6:84500000-85000000	chr6	84500000	1	0.41218	0	3
chr6:85000000-85500000	chr6	85000000	14	0.481046	0	16
chr6:85500000-86000000	chr6	85500000	16	0.431772	0	5
chr6:86000000-86500000	chr6	86000000	10	0.463402	0	9
chr6:86500000-87000000	chr6	86500000	9	0.45513	0	6
chr6:87000000-87500000	chr6	87000000	7	0.458872	0	1
chr6:87500000-88000000	chr6	87500000	13	0.456234	0	9
chr6:88000000-88500000	chr6	88000000	7	0.479146	0	9
chr6:88500000-89000000	chr6	88500000	7	0.478528	0	7
chr6:89000000-89500000	chr6	89000000	5	0.474752	0	2
chr6:89500000-90000000	chr6	89500000	11	0.423582	0	3
chr6:90000000-90500000	chr6	90000000	13	0.4449	0	5
chr6:90500000-91000000	chr6	90500000	4	0.485348	0	6
chr6:91000000-91500000	chr6	91000000	10	0.48821	0	9
chr6:91500000-92000000	chr6	91500000	5	0.48773	0	4
chr6:92000000-92500000	chr6	92000000	4	0.436538	0	3
chr6:92500000-93000000	chr6	92500000	5	0.423776	0	2
chr6:93000000-93500000	chr6	93000000	0	0.413482	0	0
chr6:93500000-94000000	chr6	93500000	0	0.423294	0	1
chr6:94000000-94500000	chr6	94000000	3	0.432964	0	2
chr6:94500000-95000000	chr6	94500000	3	0.44167	0	1
chr6:95000000-95500000	chr6	95000000	3	0.414424	0	1
chr6:95500000-96000000	chr6	95500000	1	0.41549	0	1
chr6:96000000-96500000	chr6	96000000	2	0.39835	0	0
chr6:96500000-97000000	chr6	96500000	0	0.408348	0	0
chr6:97000000-97500000	chr6	97000000	6	0.435872	0	5
chr6:97500000-98000000	chr6	97500000	2	0.425596	0	1
chr6:98000000-98500000	chr6	98000000	1	0.4	0	0
chr6:98500000-99000000	chr6	98500000	0	0.418904	0	1
chr6:99000000-99500000	chr6	99000000	2	0.443622	0	1
chr6:99500000-100000000	chr6	99500000	3	0.463508	0	4
chr6:100000000-100500000	chr6	100000000	2	0.4747	0	1
chr6:100500000-101000000	chr6	100500000	3	0.442688	0	4
chr6:101000000-101500000	chr6	101000000	2	0.43286	0	1
chr6:101500000-102000000	chr6	101500000	1	0.390362	0	0
chr6:102000000-102500000	chr6	102000000	2	0.38386	0	0
chr6:102500000-103000000	chr6	102500000	1	0.380546	0	1
chr6:103000000-103500000	chr6	103000000	1	0.38355	0	1
chr6:103500000-104000000	chr6	103500000	1	0.380358	0	0
chr6:104000000-104500000	chr6	104000000	1	0.371434	0	0
chr6:104500000-105000000	chr6	104500000	0	0.369698	0	0
chr6:105000000-105500000	chr6	105000000	1	0.374402	0	0
chr6:105500000-106000000	chr6	105500000	2	0.372936	0	0
chr6:106000000-106500000	chr6	106000000	0	0.37822	0	0
chr6:106500000-107000000	chr6	106500000	3	0.397068	0	2
chr6:107000000-107500000	chr6	107000000	1	0.39293	0	1
chr6:107500000-108000000	chr6	107500000	0	0.399998	0	0
chr6:108000000-108500000	chr6	108000000	5	0.436254	0	2
chr6:108500000-109000000	chr6	108500000	4	0.43172	0	4
chr6:109000000-109500000	chr6	109000000	0	0.389406	0	0
chr6:109500000-110000000	chr6	109500000	0	0.375248	0	0
chr6:110000000-110500000	chr6	110000000	0	0.37059	0	0
chr6:110500000-111000000	chr6	110500000	1	0.375918	0	1
chr6:111000000-111500000	chr6	111000000	0	0.38687	0	0
chr6:111500000-112000000	chr6	111500000	0	0.401998	0	0
chr6:112000000-112500000	chr6	112000000	6	0.444022	0	1
chr6:112500000-113000000	chr6	112500000	4	0.450548	0	3
chr6:113000000-113500000	chr6	113000000	20	0.458172	0	17
chr6:113500000-114000000	chr6	113500000	10	0.48671	0	9
chr6:114000000-114500000	chr6	114000000	3	0.495276	0	3
chr6:114500000-115000000	chr6	114500000	3	0.491964	0	5
chr6:115000000-115500000	chr6	115000000	5	0.42494	0	3
chr6:115500000-116000000	chr6	115500000	15	0.477942	0	6
chr6:116000000-116500000	chr6	116000000	9	0.41556	0	5
chr6:116500000-117000000	chr6	116500000	7	0.431604	0	4
chr6:117000000-117500000	chr6	117000000	2	0.441332	0	1
chr6:117500000-118000000	chr6	117500000	8	0.45597	0	6
chr6:118000000-118500000	chr6	118000000	8	0.447186	0	5
chr6:118500000-119000000	chr6	118500000	2	0.463928	0	2
chr6:119000000-119500000	chr6	119000000	7	0.466988	0	7
chr6:119500000-120000000	chr6	119500000	5	0.405074	0	3
chr6:120000000-120500000	chr6	120000000	7	0.45159	0	5
chr6:120500000-121000000	chr6	120500000	7	0.459975	6e-06	4
chr6:121000000-121500000	chr6	121000000	9	0.474674	0	5
chr6:121500000-122000000	chr6	121500000	3	0.402896	0	0
chr6:122000000-122500000	chr6	122000000	9	0.425878	0	2
chr6:122500000-123000000	chr6	122500000	14	0.439122	0	5
chr6:123000000-123500000	chr6	123000000	8	0.389708	0	0
chr6:123500000-124000000	chr6	123500000	5	0.387732	0	0
chr6:124000000-124500000	chr6	124000000	10	0.42144	0	1
chr6:124500000-125000000	chr6	124500000	30	0.47767	0	16
chr6:125000000-125500000	chr6	125000000	22	0.488126	0	13
chr6:125500000-126000000	chr6	125500000	2	0.454656	0	0
chr6:126000000-126500000	chr6	126000000	3	0.439924	0	2
chr6:126500000-127000000	chr6	126500000	8	0.459142	0	4
chr6:127000000-127500000	chr6	127000000	6	0.460448	0	5
chr6:127500000-128000000	chr6	127500000	5	0.486038	0	4
chr6:128000000-128500000	chr6	128000000	12	0.469904	0	7
chr6:128500000-129000000	chr6	128500000	14	0.422244	0	5
chr6:129000000-129500000	chr6	129000000	16	0.398006	0	1
chr6:129500000-130000000	chr6	129500000	14	0.38476	0	0
chr6:130000000-130500000	chr6	130000000	15	0.373622	0	0
chr6:130500000-131000000	chr6	130500000	1	0.376044	0	0
chr6:131000000-131500000	chr6	131000000	6	0.398242	0	3
chr6:131500000-132000000	chr6	131500000	6	0.38355	0	0
chr6:132000000-132500000	chr6	132000000	4	0.379616	0	0
chr6:132500000-133000000	chr6	132500000	20	0.36959	0	0
chr6:133000000-133500000	chr6	133000000	4	0.376316	0	1
chr6:133500000-134000000	chr6	133500000	3	0.40378	0	1
chr6:134000000-134500000	chr6	134000000	4	0.443324	0	0
chr6:134500000-135000000	chr6	134500000	12	0.444238	0	11
chr6:135000000-135500000	chr6	135000000	9	0.4575	0	3
chr6:135500000-136000000	chr6	135500000	1	0.432812	0	2
chr6:136000000-136500000	chr6	136000000	5	0.436912	0	5
chr6:136500000-137000000	chr6	136500000	12	0.445592	0	5
chr6:137000000-137500000	chr6	137000000	2	0.433026	0	3
chr6:137500000-138000000	chr6	137500000	3	0.4341	0	3
chr6:138000000-138500000	chr6	138000000	4	0.402556	0	0
chr6:138500000-139000000	chr6	138500000	3	0.382426	0	0
chr6:139000000-139500000	chr6	139000000	2	0.382354	0	0
chr6:139500000-140000000	chr6	139500000	3	0.403713	0.1	0
chr6:140000000-140500000	chr6	140000000	1	0.43396	0	1
chr6:140500000-141000000	chr6	140500000	1	0.434562	0	1
chr6:141000000-141500000	chr6	141000000	3	0.409298	0	1
chr6:141500000-142000000	chr6	141500000	5	0.38869	0	0
chr6:142000000-142500000	chr6	142000000	9	0.41532	0	4
chr6:142500000-143000000	chr6	142500000	7	0.439344	0	3
chr6:143000000-143500000	chr6	143000000	5	0.435278	0	2
chr6:143500000-144000000	chr6	143500000	1	0.421466	0	1
chr6:144000000-144500000	chr6	144000000	1	0.42348	0	0
chr6:144500000-145000000	chr6	144500000	1	0.445674	0	2
chr6:145000000-145500000	chr6	145000000	9	0.454272	0	5
chr6:145500000-146000000	chr6	145500000	4	0.457447	0.062942	3
chr6:146000000-146500000	chr6	146000000	1	0.446156	0.037058	1
chr6:146500000-147000000	chr6	146500000	13	0.43677	0	8
chr6:147000000-147500000	chr6	147000000	6	0.434818	0	3
chr6:147500000-148000000	chr6	147500000	2	0.427446	0	1
chr6:148000000-148500000	chr6	148000000	4	0.42242	0	3
chr6:148500000-149000000	chr6	148500000	6	0.41294	0	3
chr6:149000000-149500000	chr6	149000000	5	0.398872	0	4
chr6:149500000-149517037	chr6	149500000	0	0.349064	0	0
chr7:0-500000	chr7	0	0	nan	1	0
chr7:500000-1000000	chr7	500000	0	nan	1	0
chr7:1000000-1500000	chr7	1000000	0	nan	1	0
chr7:1500000-2000000	chr7	1500000	0	nan	1	0
chr7:2000000-2500000	chr7	2000000	0	nan	1	0
chr7:2500000-3000000	chr7	2500000	0	nan	1	0
chr7:3000000-3500000	chr7	3000000	19	0.448304	0.035636	5
chr7:3500000-4000000	chr7	3500000	22	0.436081	0.0022	7
chr7:4000000-4500000	chr7	4000000	18	0.446874	0	5
chr7:4500000-5000000	chr7	4500000	29	0.483926	0	22
chr7:5000000-5500000	chr7	5000000	16	0.41301	0	7
chr7:5500000-6000000	chr7	5500000	8	0.400726	0	0
chr7:6000000-6500000	chr7	6000000	17	0.443731	0.0035	8
chr7:6500000-7000000	chr7	6500000	9	0.438058	0	4
chr7:7000000-7500000	chr7	7000000	10	0.401388	0	4
chr7:7500000-8000000	chr7	7500000	2	0.382864	0.1	0
chr7:8000000-8500000	chr7	8000000	1	0.38426	0.2	0
chr7:8500000-9000000	chr7	8500000	3	0.381796	0.1	0
chr7:9000000-9500000	chr7	9000000	5	0.38402	0.095438	0
chr7:9500000-10000000	chr7	9500000	5	0.381273	0.004562	0
chr7:10000000-10500000	chr7	10000000	1	0.383658	0.1	0
chr7:10500000-11000000	chr7	10500000	6	0.380108	0	0
chr7:11000000-11500000	chr7	11000000	9	0.391842	0	1
chr7:11500000-12000000	chr7	11500000	3	0.41846	0	0
chr7:12000000-12500000	chr7	12000000	4	0.404416	0	0
chr7:12500000-13000000	chr7	12500000	10	0.390254	0	0
chr7:13000000-13500000	chr7	13000000	12	0.41522	0	6
chr7:13500000-14000000	chr7	13500000	20	0.438502	0	15
chr7:14000000-14500000	chr7	14000000	5	0.393222	0	0
chr7:14500000-15000000	chr7	14500000	3	0.39414	0	0
chr7:15000000-15500000	chr7	15000000	5	0.40832	0	1
chr7:15500000-16000000	chr7	15500000	1	0.415994	0	0
chr7:16000000-16500000	chr7	16000000	6	0.420078	0	0
chr7:16500000-17000000	chr7	16500000	18	0.49016	0	25
chr7:17000000-17500000	chr7	17000000	16	0.479896	0	18
chr7:17500000-18000000	chr7	17500000	11	0.438126	0	6
chr7:18000000-18500000	chr7	18000000	4	0.40273	0	0
chr7:18500000-19000000	chr7	18500000	6	0.413988	0	1
chr7:19000000-19500000	chr7	19000000	14	0.442094	0	4
chr7:19500000-20000000	chr7	19500000	32	0.508982	0	37
chr7:20000000-20500000	chr7	20000000	26	0.51246	0	27
chr7:20500000-21000000	chr7	20500000	20	0.419302	0	1
chr7:21000000-21500000	chr7	21000000	19	0.405358	0.1	0
chr7:21500000-22000000	chr7	21500000	11	0.411584	0	0
chr7:22000000-22500000	chr7	22000000	10	0.411829	0.1	0
chr7:22500000-23000000	chr7	22500000	10	0.406058	0	0
chr7:23000000-23500000	chr7	23000000	7	0.409352	0	0
chr7:23500000-24000000	chr7	23500000	8	0.41042	0	0
chr7:24000000-24500000	chr7	24000000	10	0.405322	0	0
chr7:24500000-25000000	chr7	24500000	16	0.413198	0	2
chr7:25000000-25500000	chr7	25000000	24	0.491202	0	16
chr7:25500000-26000000	chr7	25500000	20	0.5028	0	16
chr7:26000000-26500000	chr7	26000000	25	0.487308	0	23
chr7:26500000-27000000	chr7	26500000	7	0.438046	0	3
chr7:27000000-27500000	chr7	27000000	7	0.401016	0	0
chr7:27500000-28000000	chr7	27500000	14	0.43988	0	3
chr7:28000000-28500000	chr7	28000000	17	0.493038	0	29
chr7:28500000-29000000	chr7	28500000	13	0.450736	0	6
chr7:29000000-29500000	chr7	29000000	24	0.490228	0	21
chr7:29500000-30000000	chr7	29500000	26	0.501272	0	20
chr7:30000000-30500000	chr7	30000000	7	0.479048	0	10
chr7:30500000-31000000	chr7	30500000	21	0.448694	0	11
chr7:31000000-31500000	chr7	31000000	38	0.49774	0	25
chr7:31500000-32000000	chr7	31500000	25	0.494484	0	10
chr7:32000000-32500000	chr7	32000000	8	0.41025	0	0
chr7:32500000-33000000	chr7	32500000	2	0.404706	0	0
chr7:33000000-33500000	chr7	33000000	3	0.405076	0	0
chr7:33500000-34000000	chr7	33500000	5	0.408604	0	0
chr7:34000000-34500000	chr7	34000000	7	0.407554	0	0
chr7:34500000-35000000	chr7	34500000	9	0.430706	0	3
chr7:35000000-35500000	chr7	35000000	7	0.459266	0	6
chr7:35500000-36000000	chr7	35500000	5	0.489154	0	7
chr7:36000000-36500000	chr7	36000000	12	0.4671	0	8
chr7:36500000-37000000	chr7	36500000	3	0.456266	0	2
chr7:37000000-37500000	chr7	37000000	1	0.448376	0	1
chr7:37500000-38000000	chr7	37500000	0	0.449168	0	1
chr7:38000000-38500000	chr7	38000000	1	0.460644	0	3
chr7:38500000-39000000	chr7	38500000	5	0.460702	0	9
chr7:39000000-39500000	chr7	39000000	5	0.422691	0.287612	3
chr7:39500000-40000000	chr7	39500000	0	nan	1	0
chr7:40000000-40500000	chr7	40000000	0	nan	1	0
chr7:40500000-41000000	chr7	40500000	0	nan	1	0
chr7:41000000-41500000	chr7	41000000	0	nan	1	0
chr7:41500000-42000000	chr7	41500000	0	nan	1	0
chr7:42000000-42500000	chr7	42000000	0	nan	1	0
chr7:42500000-43000000	chr7	42500000	0	nan	1	0
chr7:43000000-43500000	chr7	43000000	0	nan	1	0
chr7:43500000-44000000	chr7	43500000	0	nan	1	0
chr7:44000000-44500000	chr7	44000000	0	nan	1	0
chr7:44500000-45000000	chr7	44500000	0	nan	1	0
chr7:45000000-45500000	chr7	45000000	0	nan	1	0
chr7:45500000-46000000	chr7	45500000	0	nan	1	0
chr7:46000000-46500000	chr7	46000000	0	nan	0.712388	0
chr7:46500000-47000000	chr7	46500000	6	0.419078	0	4
chr7:47000000-47500000	chr7	47000000	0	0.415298	0	0
chr7:47500000-48000000	chr7	47500000	1	0.42533	0	0
chr7:48000000-48500000	chr7	48000000	5	0.427374	0	2
chr7:48500000-49000000	chr7	48500000	8	0.399482	0	1
chr7:49000000-49500000	chr7	49000000	3	0.382382	0	0
chr7:49500000-50000000	chr7	49500000	7	0.398416	0	1
chr7:50000000-50500000	chr7	50000000	7	0.405402	0	0
chr7:50500000-51000000	chr7	50500000	23	0.45366	0	8
chr7:51000000-51500000	chr7	51000000	29	0.46924	0	1
chr7:51500000-52000000	chr7	51500000	27	0.510994	0	19
chr7:52000000-52500000	chr7	52000000	49	0.51286	0	33
chr7:52500000-53000000	chr7	52500000	38	0.501972	0	34
chr7:53000000-53500000	chr7	53000000	18	0.509536	0	11
chr7:53500000-54000000	chr7	53500000	9	0.483628	0	6
chr7:54000000-54500000	chr7	54000000	15	0.447496	4e-05	7
chr7:54500000-55000000	chr7	54500000	5	0.40638	0	0
chr7:55000000-55500000	chr7	55000000	4	0.398502	0	0
chr7:55500000-56000000	chr7	55500000	5	0.395532	0	0
chr7:56000000-56500000	chr7	56000000	6	0.4633	0	2
chr7:56500000-57000000	chr7	56500000	1	0.473638	0	3
chr7:57000000-57500000	chr7	57000000	4	0.435614	0	4
chr7:57500000-58000000	chr7	57500000	2	0.404722	0	0
chr7:58000000-58500000	chr7	58000000	0	0.4029	0	0
chr7:58500000-59000000	chr7	58500000	2	0.400658	0	1
chr7:59000000-59500000	chr7	59000000	4	0.398904	0	2
chr7:59500000-60000000	chr7	59500000	0	0.377524	0	0
chr7:60000000-60500000	chr7	60000000	0	0.3809	0	0
chr7:60500000-61000000	chr7	60500000	0	0.376304	0	0
chr7:61000000-61500000	chr7	61000000	1	0.380056	0	0
chr7:61500000-62000000	chr7	61500000	0	0.379322	0	0
chr7:62000000-62500000	chr7	62000000	1	0.379362	0	0
chr7:62500000-63000000	chr7	62500000	0	0.386732	0	0
chr7:63000000-63500000	chr7	63000000	9	0.41868	0	5
chr7:63500000-64000000	chr7	63500000	0	0.405266	0	0
chr7:64000000-64500000	chr7	64000000	0	0.402654	0	0
chr7:64500000-65000000	chr7	64500000	5	0.405188	0	3
chr7:65000000-65500000	chr7	65000000	0	0.394216	0	0
chr7:65500000-66000000	chr7	65500000	1	0.403352	0	1
chr7:66000000-66500000	chr7	66000000	1	0.398594	0	1
chr7:66500000-67000000	chr7	66500000	6	0.411692	0.09559	0
chr7:67000000-67500000	chr7	67000000	3	0.385058	0.00441	0
chr7:67500000-68000000	chr7	67500000	2	0.379372	0	0
chr7:68000000-68500000	chr7	68000000	2	0.364472	0	0
chr7:68500000-69000000	chr7	68500000	9	0.38171	0	0
chr7:69000000-69500000	chr7	69000000	8	0.375332	0	1
chr7:69500000-70000000	chr7	69500000	4	0.3971	0	3
chr7:70000000-70500000	chr7	70000000	1	0.400948	0	1
chr7:70500000-71000000	chr7	70500000	2	0.428508	0	2
chr7:71000000-71500000	chr7	71000000	8	0.461926	0	5
chr7:71500000-72000000	chr7	71500000	4	0.45139	0	3
chr7:72000000-72500000	chr7	72000000	3	0.4369	0	3
chr7:72500000-73000000	chr7	72500000	5	0.443552	0	4
chr7:73000000-73500000	chr7	73000000	5	0.467246	0	4
chr7:73500000-74000000	chr7	73500000	7	0.448932	0	4
chr7:74000000-74500000	chr7	74000000	2	0.436752	0	0
chr7:74500000-75000000	chr7	74500000	5	0.45192	0	5
chr7:75000000-75500000	chr7	75000000	5	0.455784	0	2
chr7:75500000-76000000	chr7	75500000	3	0.429786	0	1
chr7:76000000-76500000	chr7	76000000	0	0.392538	0	0
chr7:76500000-77000000	chr7	76500000	1	0.384168	0	0
chr7:77000000-77500000	chr7	77000000	1	0.410848	0	4
chr7:77500000-78000000	chr7	77500000	2	0.415536	0	2
chr7:78000000-78500000	chr7	78000000	0	0.396256	0	0
chr7:78500000-79000000	chr7	78500000	0	0.396174	0	1
chr7:79000000-79500000	chr7	79000000	4	0.400562	0	1
chr7:79500000-80000000	chr7	79500000	1	0.408868	0	0
chr7:80000000-80500000	chr7	80000000	3	0.435684	0	0
chr7:80500000-81000000	chr7	80500000	9	0.446414	0	7
chr7:81000000-81500000	chr7	81000000	1	0.437806	0	1
chr7:81500000-82000000	chr7	81500000	1	0.42906	0	2
chr7:82000000-82500000	chr7	82000000	3	0.414046	0	1
chr7:82500000-83000000	chr7	82500000	3	0.424336	0	3
chr7:83000000-83500000	chr7	83000000	1	0.423676	0	0
chr7:83500000-84000000	chr7	83500000	0	0.3899	0	0
chr7:84000000-84500000	chr7	84000000	0	0.38314	0	0
chr7:84500000-85000000	chr7	84500000	0	0.380394	0	0
chr7:85000000-85500000	chr7	85000000	0	0.404066	0	0
chr7:85500000-86000000	chr7	85500000	5	0.452352	0	4
chr7:86000000-86500000	chr7	86000000	9	0.471976	0	6
chr7:86500000-87000000	chr7	86500000	15	0.48221	0	19
chr7:87000000-87500000	chr7	87000000	15	0.4767	0	15
chr7:87500000-88000000	chr7	87500000	8	0.46592	0	8
chr7:88000000-88500000	chr7	88000000	9	0.462926	0	8
chr7:88500000-89000000	chr7	88500000	12	0.441662	0	6
chr7:89000000-89500000	chr7	89000000	6	0.44541	0.01	5
chr7:89500000-90000000	chr7	89500000	3	0.428374	0	1
chr7:90000000-90500000	chr7	90000000	3	0.42297	0	1
chr7:90500000-91000000	chr7	90500000	5	0.431402	0	1
chr7:91000000-91500000	chr7	91000000	6	0.45184	0	4
chr7:91500000-92000000	chr7	91500000	5	0.417464	0	4
chr7:92000000-92500000	chr7	92000000	6	0.37279	0	0
chr7:92500000-93000000	chr7	92500000	4	0.37228	0	0
chr7:93000000-93500000	chr7	93000000	8	0.365406	0	0
chr7:93500000-94000000	chr7	93500000	13	0.365406	0	0
chr7:94000000-94500000	chr7	94000000	3	0.3724	0	1
chr7:94500000-95000000	chr7	94500000	2	0.366792	0	0
chr7:95000000-95500000	chr7	95000000	1	0.376002	0	2
chr7:95500000-96000000	chr7	95500000	1	0.38126	0	0
chr7:96000000-96500000	chr7	96000000	0	0.394666	0	1
chr7:96500000-97000000	chr7	96500000	5	0.424634	0	4
chr7:97000000-97500000	chr7	97000000	8	0.415846	0	3
chr7:97500000-98000000	chr7	97500000	4	0.38931	0	3
chr7:98000000-98500000	chr7	98000000	1	0.376408	0	0
chr7:98500000-99000000	chr7	98500000	0	0.374378	0	0
chr7:99000000-99500000	chr7	99000000	1	0.393538	0	0
chr7:99500000-100000000	chr7	99500000	5	0.40942	0	6
chr7:100000000-100500000	chr7	100000000	4	0.405332	0	2
chr7:100500000-101000000	chr7	100500000	0	0.369074	0	0
chr7:101000000-101500000	chr7	101000000	0	0.364736	0	0
chr7:101500000-102000000	chr7	101500000	0	0.371692	0	0
chr7:102000000-102500000	chr7	102000000	0	0.376696	0	0
chr7:102500000-103000000	chr7	102500000	0	0.398568	0	0
chr7:103000000-103500000	chr7	103000000	4	0.428198	0	2
chr7:103500000-104000000	chr7	103500000	1	0.456868	0	0
chr7:104000000-104500000	chr7	104000000	4	0.423666	0	4
chr7:104500000-105000000	chr7	104500000	12	0.42662	0	5
chr7:105000000-105500000	chr7	105000000	7	0.440304	0	6
chr7:105500000-106000000	chr7	105500000	7	0.473232	0	8
chr7:106000000-106500000	chr7	106000000	5	0.46916	0	5
chr7:106500000-107000000	chr7	106500000	13	0.482634	0	6
chr7:107000000-107500000	chr7	107000000	12	0.444904	0	9
chr7:107500000-108000000	chr7	107500000	10	0.435728	0	6
chr7:108000000-108500000	chr7	108000000	9	0.458428	0	11
chr7:108500000-109000000	chr7	108500000	8	0.47654	0	8
chr7:109000000-109500000	chr7	109000000	19	0.439352	0	13
chr7:109500000-110000000	chr7	109500000	23	0.415306	0	2
chr7:110000000-110500000	chr7	110000000	27	0.383856	0	0
chr7:110500000-111000000	chr7	110500000	34	0.375724	0	0
chr7:111000000-111500000	chr7	111000000	29	0.406548	0	0
chr7:111500000-112000000	chr7	111500000	19	0.399288	0	1
chr7:112000000-112500000	chr7	112000000	23	0.391366	0	0
chr7:112500000-113000000	chr7	112500000	19	0.447496	0	13
chr7:113000000-113500000	chr7	113000000	6	0.394062	0.1	0
chr7:113500000-114000000	chr7	113500000	12	0.392098	0	0
chr7:114000000-114500000	chr7	114000000	17	0.39649	0	1
chr7:114500000-115000000	chr7	114500000	8	0.431688	0	1
chr7:115000000-115500000	chr7	115000000	21	0.3852	0	0
chr7:115500000-116000000	chr7	115500000	16	0.392972	0	0
chr7:116000000-116500000	chr7	116000000	8	0.449258	0	5
chr7:116500000-117000000	chr7	116500000	11	0.44184	0	5
chr7:117000000-117500000	chr7	117000000	9	0.43772	0	7
chr7:117500000-118000000	chr7	117500000	4	0.419686	0	3
chr7:118000000-118500000	chr7	118000000	6	0.442206	0	4
chr7:118500000-119000000	chr7	118500000	1	0.453882	0	2
chr7:119000000-119500000	chr7	119000000	3	0.447342	0	3
chr7:119500000-120000000	chr7	119500000	4	0.460842	0	2
chr7:120000000-120500000	chr7	120000000	3	0.452632	0	2
chr7:120500000-121000000	chr7	120500000	5	0.424246	0	3
chr7:121000000-121500000	chr7	121000000	3	0.433422	0	3
chr7:121500000-122000000	chr7	121500000	6	0.40368	0	2
chr7:122000000-122500000	chr7	122000000	1	0.42431	0	1
chr7:122500000-123000000	chr7	122500000	0	0.414184	0	0
chr7:123000000-123500000	chr7	123000000	6	0.435526	0	6
chr7:123500000-124000000	chr7	123500000	2	0.428952	0	2
chr7:124000000-124500000	chr7	124000000	0	0.432248	0	0
chr7:124500000-125000000	chr7	124500000	1	0.45165	0	1
chr7:125000000-125500000	chr7	125000000	5	0.438418	0	3
chr7:125500000-126000000	chr7	125500000	11	0.470366	0	8
chr7:126000000-126500000	chr7	126000000	2	0.446936	0	1
chr7:126500000-127000000	chr7	126500000	12	0.425264	0	3
chr7:127000000-127500000	chr7	127000000	10	0.420112	0	2
chr7:127500000-128000000	chr7	127500000	8	0.421844	0	6
chr7:128000000-128500000	chr7	128000000	6	0.446298	0	3
chr7:128500000-129000000	chr7	128500000	5	0.4433	0	4
chr7:129000000-129500000	chr7	129000000	12	0.462224	0	8
chr7:129500000-130000000	chr7	129500000	1	0.453396	0	0
chr7:130000000-130500000	chr7	130000000	4	0.445994	0	2
chr7:130500000-131000000	chr7	130500000	4	0.42954	0	4
chr7:131000000-131500000	chr7	131000000	1	0.419892	0	1
chr7:131500000-132000000	chr7	131500000	1	0.415232	0	0
chr7:132000000-132500000	chr7	132000000	1	0.442938	0	0
chr7:132500000-133000000	chr7	132500000	7	0.479708	0	6
chr7:133000000-133500000	chr7	133000000	4	0.478752	0	4
chr7:133500000-134000000	chr7	133500000	30	0.482348	0	16
chr7:134000000-134500000	chr7	134000000	29	0.484542	0	19
chr7:134500000-135000000	chr7	134500000	28	0.471858	0	25
chr7:135000000-135500000	chr7	135000000	22	0.4664	0	9
chr7:135500000-136000000	chr7	135500000	6	0.441842	0	8
chr7:136000000-136500000	chr7	136000000	1	0.433082	0	1
chr7:136500000-137000000	chr7	136500000	2	0.441402	0	1
chr7:137000000-137500000	chr7	137000000	2	0.452658	0	1
chr7:137500000-138000000	chr7	137500000	5	0.45411	0	5
chr7:138000000-138500000	chr7	138000000	10	0.445939	2e-06	2
chr7:138500000-139000000	chr7	138500000	7	0.445304	0.1	8
chr7:139000000-139500000	chr7	139000000	2	0.465506	0	2
chr7:139500000-140000000	chr7	139500000	5	0.481482	0	5
chr7:140000000-140500000	chr7	140000000	6	0.4481	0	5
chr7:140500000-141000000	chr7	140500000	8	0.450274	0	3
chr7:141000000-141500000	chr7	141000000	1	0.444222	0	1
chr7:141500000-142000000	chr7	141500000	2	0.44411	0	1
chr7:142000000-142500000	chr7	142000000	3	0.44982	0	1
chr7:142500000-143000000	chr7	142500000	7	0.454674	0	3
chr7:143000000-143500000	chr7	143000000	3	0.44685	0	0
chr7:143500000-144000000	chr7	143500000	3	0.442806	0	0
chr7:144000000-144500000	chr7	144000000	2	0.461184	0	2
chr7:144500000-145000000	chr7	144500000	4	0.458282	0	5
chr7:145000000-145500000	chr7	145000000	0	0.451972	0	0
chr7:145500000-146000000	chr7	145500000	2	0.458602	0	1
chr7:146000000-146500000	chr7	146000000	8	0.48541	0.058	10
chr7:146500000-147000000	chr7	146500000	4	0.48619	0	5
chr7:147000000-147500000	chr7	147000000	23	0.476106	0	12
chr7:147500000-148000000	chr7	147500000	18	0.41296	0	1
chr7:148000000-148500000	chr7	148000000	34	0.488042	0	19
chr7:148500000-149000000	chr7	148500000	24	0.495637	0.0804	16
chr7:149000000-149500000	chr7	149000000	18	0.479608	0	7
chr7:149500000-150000000	chr7	149500000	15	0.481484	0	5
chr7:150000000-150500000	chr7	150000000	9	0.466012	0	7
chr7:150500000-151000000	chr7	150500000	14	0.487816	0	6
chr7:151000000-151500000	chr7	151000000	6	0.485062	0	5
chr7:151500000-152000000	chr7	151500000	5	0.49426	0	4
chr7:152000000-152500000	chr7	152000000	8	0.50126	0	10
chr7:152500000-152524553	chr7	152500000	1	0.483268	0.0592188	0
chr8:0-500000	chr8	0	0	nan	1	0
chr8:500000-1000000	chr8	500000	0	nan	1	0
chr8:1000000-1500000	chr8	1000000	0	nan	1	0
chr8:1500000-2000000	chr8	1500000	0	nan	1	0
chr8:2000000-2500000	chr8	2000000	0	nan	1	0
chr8:2500000-3000000	chr8	2500000	0	nan	1	0
chr8:3000000-3500000	chr8	3000000	5	0.443128	0	6
chr8:3500000-4000000	chr8	3500000	20	0.446206	0	10
chr8:4000000-4500000	chr8	4000000	13	0.444982	0	12
chr8:4500000-5000000	chr8	4500000	2	0.406588	0	2
chr8:5000000-5500000	chr8	5000000	1	0.380458	0	0
chr8:5500000-6000000	chr8	5500000	0	0.373014	0	0
chr8:6000000-6500000	chr8	6000000	0	0.364624	0	0
chr8:6500000-7000000	chr8	6500000	0	0.370426	0	0
chr8:7000000-7500000	chr8	7000000	1	0.371366	0	0
chr8:7500000-8000000	chr8	7500000	0	0.376738	0	0
chr8:8000000-8500000	chr8	8000000	0	0.412506	0	0
chr8:8500000-9000000	chr8	8500000	3	0.440992	0	2
chr8:9000000-9500000	chr8	9000000	2	0.421012	0	1
chr8:9500000-10000000	chr8	9500000	3	0.417728	0	4
chr8:10000000-10500000	chr8	10000000	2	0.432482	0	1
chr8:10500000-11000000	chr8	10500000	4	0.457564	0	1
chr8:11000000-11500000	chr8	11000000	7	0.47984	0	5
chr8:11500000-12000000	chr8	11500000	8	0.480122	0	7
chr8:12000000-12500000	chr8	12000000	2	0.477028	0	3
chr8:12500000-13000000	chr8	12500000	8	0.488228	0	3
chr8:13000000-13500000	chr8	13000000	18	0.489576	0	8
chr8:13500000-14000000	chr8	13500000	11	0.467076	0	7
chr8:14000000-14500000	chr8	14000000	2	0.448094	0	2
chr8:14500000-15000000	chr8	14500000	2	0.46446	0	4
chr8:15000000-15500000	chr8	15000000	3	0.441906	0	2
chr8:15500000-16000000	chr8	15500000	0	0.416574	0	0
chr8:16000000-16500000	chr8	16000000	1	0.411502	0	0
chr8:16500000-17000000	chr8	16500000	0	0.39872	0	0
chr8:17000000-17500000	chr8	17000000	0	0.394398	0	0
chr8:17500000-18000000	chr8	17500000	1	0.393836	0	1
chr8:18000000-18500000	chr8	18000000	0	0.412532	0	0
chr8:18500000-19000000	chr8	18500000	6	0.443168	0	3
chr8:19000000-19500000	chr8	19000000	16	0.408278	0	0
chr8:19500000-20000000	chr8	19500000	4	0.420713	0.1	3
chr8:20000000-20500000	chr8	20000000	1	nan	0.922574	1
chr8:20500000-21000000	chr8	20500000	0	nan	1	0
chr8:21000000-21500000	chr8	21000000	0	nan	1	0
chr8:21500000-22000000	chr8	21500000	0	nan	1	0
chr8:22000000-22500000	chr8	22000000	18	0.40042	0.085784	0
chr8:22500000-23000000	chr8	22500000	21	0.402923	0.091642	0
chr8:23000000-23500000	chr8	23000000	14	0.431566	0	6
chr8:23500000-24000000	chr8	23500000	13	0.445894	0	9
chr8:24000000-24500000	chr8	24000000	8	0.456678	0	7
chr8:24500000-25000000	chr8	24500000	2	0.442618	0	2
chr8:25000000-25500000	chr8	25000000	0	0.425298	0	0
chr8:25500000-26000000	chr8	25500000	6	0.426626	0	0
chr8:26000000-26500000	chr8	26000000	9	0.45164	0	6
chr8:26500000-27000000	chr8	26500000	12	0.45004	0	8
chr8:27000000-27500000	chr8	27000000	7	0.430994	0	5
chr8:27500000-28000000	chr8	27500000	1	0.44676	0	1
chr8:28000000-28500000	chr8	28000000	13	0.463112	0	10
chr8:28500000-29000000	chr8	28500000	2	0.396938	0	0
chr8:29000000-29500000	chr8	29000000	1	0.38757	0	0
chr8:29500000-30000000	chr8	29500000	1	0.402196	0	0
chr8:30000000-30500000	chr8	30000000	1	0.396436	0	1
chr8:30500000-31000000	chr8	30500000	0	0.379366	0	0
chr8:31000000-31500000	chr8	31000000	0	0.380192	0	0
chr8:31500000-32000000	chr8	31500000	1	0.395724	0	0
chr8:32000000-32500000	chr8	32000000	7	0.43489	0	4
chr8:32500000-33000000	chr8	32500000	0	0.399104	0	0
chr8:33000000-33500000	chr8	33000000	2	0.400918	0	1
chr8:33500000-34000000	chr8	33500000	0	0.388758	0	1
chr8:34000000-34500000	chr8	34000000	3	0.403978	0	1
chr8:34500000-35000000	chr8	34500000	7	0.431168	0	5
chr8:35000000-35500000	chr8	35000000	7	0.446846	0	4
chr8:35500000-36000000	chr8	35500000	2	0.43695	0	1
chr8:36000000-36500000	chr8	36000000	3	0.441474	0	2
chr8:36500000-37000000	chr8	36500000	6	0.435146	0	4
chr8:37000000-37500000	chr8	37000000	4	0.438182	0	3
chr8:37500000-38000000	chr8	37500000	1	0.418408	0	4
chr8:38000000-38500000	chr8	38000000	3	0.387038	0	0
chr8:38500000-39000000	chr8	38500000	0	0.36559	0	0
chr8:39000000-39500000	chr8	39000000	1	0.35842	0	0
chr8:39500000-40000000	chr8	39500000	1	0.369242	0	1
chr8:40000000-40500000	chr8	40000000	2	0.389334	0.0842	1
chr8:40500000-41000000	chr8	40500000	1	0.373688	0	0
chr8:41000000-41500000	chr8	41000000	3	0.38596	0	2
chr8:41500000-42000000	chr8	41500000	9	0.407862	0	5
chr8:42000000-42500000	chr8	42000000	8	0.412292	0	3
chr8:42500000-43000000	chr8	42500000	2	0.39669	0	1
chr8:43000000-43500000	chr8	43000000	0	0.36957	0	0
chr8:43500000-44000000	chr8	43500000	0	0.37419	0	0
chr8:44000000-44500000	chr8	44000000	3	0.405212	0	0
chr8:44500000-45000000	chr8	44500000	5	0.386222	0	0
chr8:45000000-45500000	chr8	45000000	0	0.38066	0	0
chr8:45500000-46000000	chr8	45500000	0	0.404502	0	0
chr8:46000000-46500000	chr8	46000000	9	0.423266	0	13
chr8:46500000-47000000	chr8	46500000	3	0.411018	0	0
chr8:47000000-47500000	chr8	47000000	9	0.431354	0	8
chr8:47500000-48000000	chr8	47500000	6	0.439638	0	4
chr8:48000000-48500000	chr8	48000000	2	0.439906	0	4
chr8:48500000-49000000	chr8	48500000	9	0.447608	0	4
chr8:49000000-49500000	chr8	49000000	2	0.443976	0	4
chr8:49500000-50000000	chr8	49500000	1	0.413864	0	2
chr8:50000000-50500000	chr8	50000000	0	0.391486	0	0
chr8:50500000-51000000	chr8	50500000	0	0.376584	0	0
chr8:51000000-51500000	chr8	51000000	1	0.364858	0	0
chr8:51500000-52000000	chr8	51500000	0	0.35766	0	0
chr8:52000000-52500000	chr8	52000000	0	0.363486	0	1
chr8:52500000-53000000	chr8	52500000	0	0.361636	0	0
chr8:53000000-53500000	chr8	53000000	1	0.36444	0	0
chr8:53500000-54000000	chr8	53500000	0	0.364502	0	0
chr8:54000000-54500000	chr8	54000000	0	0.365172	0	0
chr8:54500000-55000000	chr8	54500000	2	0.377376	0	0
chr8:55000000-55500000	chr8	55000000	1	0.375096	0	1
chr8:55500000-56000000	chr8	55500000	5	0.381516	0	1
chr8:56000000-56500000	chr8	56000000	1	nan	0.58187	0
chr8:56500000-57000000	chr8	56500000	0	nan	1	0
chr8:57000000-57500000	chr8	57000000	0	nan	1	0
chr8:57500000-58000000	chr8	57500000	1	nan	0.81813	0
chr8:58000000-58500000	chr8	58000000	2	0.370954	0	0
chr8:58500000-59000000	chr8	58500000	2	0.378758	0	1
chr8:59000000-59500000	chr8	59000000	2	0.385926	0	1
chr8:59500000-60000000	chr8	59500000	7	0.409788	0	5
chr8:60000000-60500000	chr8	60000000	3	0.415624	0	1
chr8:60500000-61000000	chr8	60500000	0	0.374876	0	0
chr8:61000000-61500000	chr8	61000000	3	0.360178	0	1
chr8:61500000-62000000	chr8	61500000	0	0.368722	0	0
chr8:62000000-62500000	chr8	62000000	1	0.374712	0	0
chr8:62500000-63000000	chr8	62500000	1	0.388976	0	0
chr8:63000000-63500000	chr8	63000000	4	0.409208	0	4
chr8:63500000-64000000	chr8	63500000	3	0.424356	0	3
chr8:64000000-64500000	chr8	64000000	2	0.413026	0	2
chr8:64500000-65000000	chr8	64500000	1	0.377032	0	0
chr8:65000000-65500000	chr8	65000000	1	0.374852	0	0
chr8:65500000-66000000	chr8	65500000	0	0.363092	0	0
chr8:66000000-66500000	chr8	66000000	1	0.376326	0	0
chr8:66500000-67000000	chr8	66500000	3	0.38322	0	1
chr8:67000000-67500000	chr8	67000000	4	0.430622	0.1	4
chr8:67500000-68000000	chr8	67500000	5	0.409618	0	0
chr8:68000000-68500000	chr8	68000000	1	0.37788	0	0
chr8:68500000-69000000	chr8	68500000	0	0.384266	0	0
chr8:69000000-69500000	chr8	69000000	5	0.398948	0	3
chr8:69500000-70000000	chr8	69500000	0	0.39232	0	0
chr8:70000000-70500000	chr8	70000000	4	0.39826	0	0
chr8:70500000-71000000	chr8	70500000	2	0.411092	0	1
chr8:71000000-71500000	chr8	71000000	3	0.410936	0	4
chr8:71500000-72000000	chr8	71500000	6	0.418752	0	3
chr8:72000000-72500000	chr8	72000000	13	0.453572	0	16
chr8:72500000-73000000	chr8	72500000	24	0.506504	0	22
chr8:73000000-73500000	chr8	73000000	37	0.521562	0	51
chr8:73500000-74000000	chr8	73500000	14	0.450686	0	11
chr8:74000000-74500000	chr8	74000000	22	0.479338	0	34
chr8:74500000-75000000	chr8	74500000	16	0.46923	0	8
chr8:75000000-75500000	chr8	75000000	7	0.449131	0.1	6
chr8:75500000-76000000	chr8	75500000	2	0.40911	0	1
chr8:76000000-76500000	chr8	76000000	0	0.393448	0	0
chr8:76500000-77000000	chr8	76500000	0	0.39093	0	0
chr8:77000000-77500000	chr8	77000000	1	0.422206	0	0
chr8:77500000-78000000	chr8	77500000	6	0.432514	0	5
chr8:78000000-78500000	chr8	78000000	0	0.384464	0	0
chr8:78500000-79000000	chr8	78500000	0	0.384278	0	0
chr8:79000000-79500000	chr8	79000000	2	0.390642	0	2
chr8:79500000-80000000	chr8	79500000	0	0.434244	0	1
chr8:80000000-80500000	chr8	80000000	6	0.425728	0	3
chr8:80500000-81000000	chr8	80500000	2	0.422746	0	3
chr8:81000000-81500000	chr8	81000000	3	0.436204	0	2
chr8:81500000-82000000	chr8	81500000	5	0.44208	0	4
chr8:82000000-82500000	chr8	82000000	3	0.411064	0	2
chr8:82500000-83000000	chr8	82500000	2	0.408012	0	2
chr8:83000000-83500000	chr8	83000000	5	0.429174	0	3
chr8:83500000-84000000	chr8	83500000	2	0.399336	0	2
chr8:84000000-84500000	chr8	84000000	0	0.38629	0	0
chr8:84500000-85000000	chr8	84500000	1	0.38953	0	0
chr8:85000000-85500000	chr8	85000000	2	0.409412	0	2
chr8:85500000-86000000	chr8	85500000	7	0.432864	0	4
chr8:86000000-86500000	chr8	86000000	16	0.474742	0	13
chr8:86500000-87000000	chr8	86500000	26	0.494198	0	19
chr8:87000000-87500000	chr8	87000000	22	0.498814	0	31
chr8:87500000-88000000	chr8	87500000	22	0.441082	0	14
chr8:88000000-88500000	chr8	88000000	6	0.407386	0	4
chr8:88500000-89000000	chr8	88500000	0	0.422356	0	0
chr8:89000000-89500000	chr8	89000000	5	0.448094	0	3
chr8:89500000-90000000	chr8	89500000	6	0.450036	0	4
chr8:90000000-90500000	chr8	90000000	3	0.486162	0	6
chr8:90500000-91000000	chr8	90500000	7	0.460122	0	6
chr8:91000000-91500000	chr8	91000000	5	0.472304	0	3
chr8:91500000-92000000	chr8	91500000	3	0.44601	0	4
chr8:92000000-92500000	chr8	92000000	0	0.420694	0	0
chr8:92500000-93000000	chr8	92500000	1	0.422926	0	1
chr8:93000000-93500000	chr8	93000000	2	0.432452	0	2
chr8:93500000-94000000	chr8	93500000	4	0.429058	0	3
chr8:94000000-94500000	chr8	94000000	1	0.470646	0	4
chr8:94500000-95000000	chr8	94500000	2	0.45522	0	3
chr8:95000000-95500000	chr8	95000000	5	0.448674	0	4
chr8:95500000-96000000	chr8	95500000	9	0.421746	0	0
chr8:96000000-96500000	chr8	96000000	4	0.448478	0	2
chr8:96500000-97000000	chr8	96500000	15	0.45601	0	9
chr8:97000000-97500000	chr8	97000000	15	0.474876	0	10
chr8:97500000-98000000	chr8	97500000	11	0.490102	0	7
chr8:98000000-98500000	chr8	98000000	11	0.452182	0	7
chr8:98500000-99000000	chr8	98500000	0	0.40334	0	0
chr8:99000000-99500000	chr8	99000000	0	0.383248	0	0
chr8:99500000-100000000	chr8	99500000	0	0.380136	0	0
chr8:100000000-100500000	chr8	100000000	0	0.375034	0	0
chr8:100500000-101000000	chr8	100500000	0	0.369024	0	0
chr8:101000000-101500000	chr8	101000000	0	0.370686	0	0
chr8:101500000-102000000	chr8	101500000	3	0.36984	0	1
chr8:102000000-102500000	chr8	102000000	0	0.374666	0	0
chr8:102500000-103000000	chr8	102500000	0	0.373158	0	0
chr8:103000000-103500000	chr8	103000000	0	0.368372	0	0
chr8:103500000-104000000	chr8	103500000	0	0.370864	0	0
chr8:104000000-104500000	chr8	104000000	0	0.36932	0	0
chr8:104500000-105000000	chr8	104500000	0	0.373078	0	0
chr8:105000000-105500000	chr8	105000000	1	0.387682	0	2
chr8:105500000-106000000	chr8	105500000	1	0.405186	0	0
chr8:106000000-106500000	chr8	106000000	1	0.432478	0	0
chr8:106500000-107000000	chr8	106500000	11	0.461172	0	8
chr8:107000000-107500000	chr8	107000000	14	0.438896	0	6
chr8:107500000-108000000	chr8	107500000	24	0.462376	0	17
chr8:108000000-108500000	chr8	108000000	29	0.47458	0	17
chr8:108500000-109000000	chr8	108500000	14	0.456942	0	11
chr8:109000000-109500000	chr8	109000000	9	0.45863	0	7
chr8:109500000-110000000	chr8	109500000	14	0.441956	0	10
chr8:110000000-110500000	chr8	110000000	2	0.4421	0	1
chr8:110500000-111000000	chr8	110500000	0	0.432896	0	1
chr8:111000000-111500000	chr8	111000000	4	0.467612	0	8
chr8:111500000-112000000	chr8	111500000	3	0.416124	0	1
chr8:112000000-112500000	chr8	112000000	13	0.447986	0	10
chr8:112500000-113000000	chr8	112500000	9	0.454796	0	4
chr8:113000000-113500000	chr8	113000000	9	0.473302	0	9
chr8:113500000-114000000	chr8	113500000	12	0.447662	0	10
chr8:114000000-114500000	chr8	114000000	12	0.463468	0	10
chr8:114500000-115000000	chr8	114500000	4	0.428372	0	2
chr8:115000000-115500000	chr8	115000000	2	0.401708	0	0
chr8:115500000-116000000	chr8	115500000	1	0.400772	0	0
chr8:116000000-116500000	chr8	116000000	5	0.435372	0	2
chr8:116500000-117000000	chr8	116500000	5	0.437804	0	2
chr8:117000000-117500000	chr8	117000000	0	0.458788	0	1
chr8:117500000-118000000	chr8	117500000	0	0.454832	0	0
chr8:118000000-118500000	chr8	118000000	2	0.4393	0	2
chr8:118500000-119000000	chr8	118500000	0	0.438372	0	0
chr8:119000000-119500000	chr8	119000000	7	0.456066	0	6
chr8:119500000-120000000	chr8	119500000	8	0.4958	0	4
chr8:120000000-120500000	chr8	120000000	5	0.468938	0	3
chr8:120500000-121000000	chr8	120500000	1	0.456704	0	1
chr8:121000000-121500000	chr8	121000000	0	0.451364	0	0
chr8:121500000-122000000	chr8	121500000	4	0.481134	0	4
chr8:122000000-122500000	chr8	122000000	13	0.506602	0	14
chr8:122500000-123000000	chr8	122500000	5	0.526796	0	6
chr8:123000000-123500000	chr8	123000000	10	0.52078	0	9
chr8:123500000-124000000	chr8	123500000	5	0.512306	0	10
chr8:124000000-124500000	chr8	124000000	13	0.51373	0	11
chr8:124500000-125000000	chr8	124500000	12	0.526624	0	11
chr8:125000000-125500000	chr8	125000000	13	0.514142	0	9
chr8:125500000-126000000	chr8	125500000	23	0.488608	0	17
chr8:126000000-126500000	chr8	126000000	16	0.509968	0	8
chr8:126500000-127000000	chr8	126500000	6	0.485076	0	4
chr8:127000000-127500000	chr8	127000000	13	0.488256	0	9
chr8:127500000-128000000	chr8	127500000	2	0.48053	0	3
chr8:128000000-128500000	chr8	128000000	8	0.480026	0	5
chr8:128500000-129000000	chr8	128500000	4	0.463882	0	5
chr8:129000000-129500000	chr8	129000000	4	0.47213	0	4
chr8:129500000-130000000	chr8	129500000	2	0.42705	0	1
chr8:130000000-130500000	chr8	130000000	0	0.42697	0	0
chr8:130500000-131000000	chr8	130500000	3	0.418904	0	3
chr8:131000000-131500000	chr8	131000000	1	0.400142	0	1
chr8:131500000-131738871	chr8	131500000	2	0.388687	0	0
chr9:0-500000	chr9	0	0	nan	1	0
chr9:500000-1000000	chr9	500000	0	nan	1	0
chr9:1000000-1500000	chr9	1000000	0	nan	1	0
chr9:1500000-2000000	chr9	1500000	0	nan	1	0
chr9:2000000-2500000	chr9	2000000	0	nan	1	0
chr9:2500000-3000000	chr9	2500000	0	nan	1	0
chr9:3000000-3500000	chr9	3000000	5	0.407678	0	1
chr9:3500000-4000000	chr9	3500000	1	0.382364	0	1
chr9:4000000-4500000	chr9	4000000	3	0.387618	0	2
chr9:4500000-5000000	chr9	4500000	2	0.374172	0	1
chr9:5000000-5500000	chr9	5000000	3	0.37812	0	0
chr9:5500000-6000000	chr9	5500000	0	0.375542	0	0
chr9:6000000-6500000	chr9	6000000	2	0.38615	0	1
chr9:6500000-7000000	chr9	6500000	0	0.407052	0	0
chr9:7000000-7500000	chr9	7000000	7	0.394066	0	2
chr9:7500000-8000000	chr9	7500000	10	0.424322	0	3
chr9:8000000-8500000	chr9	8000000	5	0.405784	0	3
chr9:8500000-9000000	chr9	8500000	3	0.394222	0	3
chr9:9000000-9500000	chr9	9000000	2	0.406472	0	1
chr9:9500000-10000000	chr9	9500000	1	0.387782	0	0
chr9:10000000-10500000	chr9	10000000	1	0.382568	0	0
chr9:10500000-11000000	chr9	10500000	1	0.370062	0	0
chr9:11000000-11500000	chr9	11000000	0	0.376888	0	1
chr9:11500000-12000000	chr9	11500000	0	0.37712	0	0
chr9:12000000-12500000	chr9	12000000	0	0.384702	0	0
chr9:12500000-13000000	chr9	12500000	0	0.38372	0	0
chr9:13000000-13500000	chr9	13000000	3	0.417982	0.111814	0
chr9:13500000-14000000	chr9	13500000	5	0.426742	0	2
chr9:14000000-14500000	chr9	14000000	6	0.442356	0	4
chr9:14500000-15000000	chr9	14500000	9	0.449568	0	5
chr9:15000000-15500000	chr9	15000000	10	0.43752	0	5
chr9:15500000-16000000	chr9	15500000	2	0.417514	0	1
chr9:16000000-16500000	chr9	16000000	1	0.405674	0	1
chr9:16500000-17000000	chr9	16500000	0	0.386082	0	0
chr9:17000000-17500000	chr9	17000000	0	0.374406	0	0
chr9:17500000-18000000	chr9	17500000	0	0.38217	0	1
chr9:18000000-18500000	chr9	18000000	7	0.388998	0	2
chr9:18500000-19000000	chr9	18500000	9	0.38114	0	0
chr9:19000000-19500000	chr9	19000000	13	0.37487	0	0
chr9:19500000-20000000	chr9	19500000	11	0.384824	0	0
chr9:20000000-20500000	chr9	20000000	14	0.417648	0	10
chr9:20500000-21000000	chr9	20500000	23	0.498296	0	23
chr9:21000000-21500000	chr9	21000000	20	0.486982	0	17
chr9:21500000-22000000	chr9	21500000	26	0.498282	0	26
chr9:22000000-22500000	chr9	22000000	10	0.427792	0	7
chr9:22500000-23000000	chr9	22500000	0	0.425258	0	0
chr9:23000000-23500000	chr9	23000000	1	0.412278	0	1
chr9:23500000-24000000	chr9	23500000	1	0.39616	0	0
chr9:24000000-24500000	chr9	24000000	2	0.405046	0	1
chr9:24500000-25000000	chr9	24500000	5	0.419436	0.0004	5
chr9:25000000-25500000	chr9	25000000	2	0.416639	0.0002	2
chr9:25500000-26000000	chr9	25500000	0	0.393672	0	0
chr9:26000000-26500000	chr9	26000000	0	0.409066	0	0
chr9:26500000-27000000	chr9	26500000	9	0.435394	0	5
chr9:27000000-27500000	chr9	27000000	2	0.4389	0	1
chr9:27500000-28000000	chr9	27500000	0	0.41671	0	0
chr9:28000000-28500000	chr9	28000000	1	0.409582	0	1
chr9:28500000-29000000	chr9	28500000	0	0.408792	0	0
chr9:29000000-29500000	chr9	29000000	0	0.423728	0	1
chr9:29500000-30000000	chr9	29500000	1	0.430972	0	0
chr9:30000000-30500000	chr9	30000000	2	0.422188	0	1
chr9:30500000-31000000	chr9	30500000	4	0.444506	0	4
chr9:31000000-31500000	chr9	31000000	7	0.436126	0	4
chr9:31500000-32000000	chr9	31500000	2	0.423056	0	2
chr9:32000000-32500000	chr9	32000000	4	0.449764	0	2
chr9:32500000-33000000	chr9	32500000	1	0.415256	0	1
chr9:33000000-33500000	chr9	33000000	0	0.387732	0	0
chr9:33500000-34000000	chr9	33500000	1	0.39211	0	1
chr9:34000000-34500000	chr9	34000000	1	0.425232	0	2
chr9:34500000-35000000	chr9	34500000	3	0.459048	0	1
chr9:35000000-35500000	chr9	35000000	15	0.433658	0	8
chr9:35500000-36000000	chr9	35500000	8	0.39137	0	0
chr9:36000000-36500000	chr9	36000000	6	0.392586	0	0
chr9:36500000-37000000	chr9	36500000	8	0.44243	0	6
chr9:37000000-37500000	chr9	37000000	14	0.43498	0	10
chr9:37500000-38000000	chr9	37500000	17	0.382848	0	0
chr9:38000000-38500000	chr9	38000000	27	0.371982	0	0
chr9:38500000-39000000	chr9	38500000	20	0.37218	0	0
chr9:39000000-39500000	chr9	39000000	18	0.373058	0	0
chr9:39500000-40000000	chr9	39500000	25	0.386682	0	1
chr9:40000000-40500000	chr9	40000000	4	0.449394	0.003026	4
chr9:40500000-41000000	chr9	40500000	6	0.453362	0	6
chr9:41000000-41500000	chr9	41000000	5	0.424452	0	1
chr9:41500000-42000000	chr9	41500000	3	0.445132	0	2
chr9:42000000-42500000	chr9	42000000	4	0.458258	0	4
chr9:42500000-43000000	chr9	42500000	3	0.461984	0	4
chr9:43000000-43500000	chr9	43000000	4	0.485792	0	3
chr9:43500000-44000000	chr9	43500000	8	0.48935	0	9
chr9:44000000-44500000	chr9	44000000	24	0.47567	0	18
chr9:44500000-45000000	chr9	44500000	17	0.462838	0	11
chr9:45000000-45500000	chr9	45000000	10	0.488604	0	4
chr9:45500000-46000000	chr9	45500000	10	0.466836	0	6
chr9:46000000-46500000	chr9	46000000	7	0.473768	0	5
chr9:46500000-47000000	chr9	46500000	2	0.443012	0	0
chr9:47000000-47500000	chr9	47000000	1	0.444368	0	1
chr9:47500000-48000000	chr9	47500000	1	0.445568	0	0
chr9:48000000-48500000	chr9	48000000	7	0.439268	0	2
chr9:48500000-49000000	chr9	48500000	7	0.46179	0	3
chr9:49000000-49500000	chr9	49000000	6	0.445514	0	1
chr9:49500000-50000000	chr9	49500000	1	0.42956	0	1
chr9:50000000-50500000	chr9	50000000	12	0.439932	0	5
chr9:50500000-51000000	chr9	50500000	14	0.434626	0	7
chr9:51000000-51500000	chr9	51000000	3	0.414178	0	1
chr9:51500000-52000000	chr9	51500000	8	0.416968	0	4
chr9:52000000-52500000	chr9	52000000	2	0.406628	0	0
chr9:52500000-53000000	chr9	52500000	0	0.405508	0	0
chr9:53000000-53500000	chr9	53000000	10	0.407182	0	5
chr9:53500000-54000000	chr9	53500000	5	0.423162	0.100576	4
chr9:54000000-54500000	chr9	54000000	7	0.440012	0	4
chr9:54500000-55000000	chr9	54500000	13	0.447704	0	9
chr9:55000000-55500000	chr9	55000000	5	0.429518	0	7
chr9:55500000-56000000	chr9	55500000	5	0.40493	0	2
chr9:56000000-56500000	chr9	56000000	3	0.44054	0	5
chr9:56500000-57000000	chr9	56500000	13	0.476844	0	9
chr9:57000000-57500000	chr9	57000000	15	0.470824	0	9
chr9:57500000-58000000	chr9	57500000	12	0.480282	0	4
chr9:58000000-58500000	chr9	58000000	13	0.47095	0	8
chr9:58500000-59000000	chr9	58500000	3	0.43309	0	3
chr9:59000000-59500000	chr9	59000000	8	0.426918	0	7
chr9:59500000-60000000	chr9	59500000	8	0.424098	0	3
chr9:60000000-60500000	chr9	60000000	2	0.452854	0	1
chr9:60500000-61000000	chr9	60500000	6	0.466196	0	3
chr9:61000000-61500000	chr9	61000000	2	0.486402	0	3
chr9:61500000-62000000	chr9	61500000	5	0.464756	0	4
chr9:62000000-62500000	chr9	62000000	5	0.476732	0	4
chr9:62500000-63000000	chr9	62500000	7	0.460512	0	8
chr9:63000000-63500000	chr9	63000000	4	0.434536	0	3
chr9:63500000-64000000	chr9	63500000	6	0.490636	0	6
chr9:64000000-64500000	chr9	64000000	9	0.468332	0	6
chr9:64500000-65000000	chr9	64500000	8	0.44281	0	8
chr9:65000000-65500000	chr9	65000000	14	0.469482	0	13
chr9:65500000-66000000	chr9	65500000	9	0.42775	0	5
chr9:66000000-66500000	chr9	66000000	4	0.425584	0	5
chr9:66500000-67000000	chr9	66500000	9	0.445728	0	8
chr9:67000000-67500000	chr9	67000000	2	0.455148	0	1
chr9:67500000-68000000	chr9	67500000	7	0.432484	0	3
chr9:68000000-68500000	chr9	68000000	1	0.421958	0	0
chr9:68500000-69000000	chr9	68500000	2	0.449856	0	1
chr9:69000000-69500000	chr9	69000000	4	0.440422	0	3
chr9:69500000-70000000	chr9	69500000	6	0.439992	0	5
chr9:70000000-70500000	chr9	70000000	5	0.432006	0	3
chr9:70500000-71000000	chr9	70500000	4	0.434706	0	2
chr9:71000000-71500000	chr9	71000000	6	0.445392	0	2
chr9:71500000-72000000	chr9	71500000	2	0.41574	0	3
chr9:72000000-72500000	chr9	72000000	6	0.403828	0	5
chr9:72500000-73000000	chr9	72500000	12	0.447008	0	10
chr9:73000000-73500000	chr9	73000000	1	0.417978	0	0
chr9:73500000-74000000	chr9	73500000	2	0.404596	0	0
chr9:74000000-74500000	chr9	74000000	0	0.409544	0	0
chr9:74500000-75000000	chr9	74500000	6	0.429086	0	5
chr9:75000000-75500000	chr9	75000000	10	0.446904	0	7
chr9:75500000-76000000	chr9	75500000	3	0.387108	0	2
chr9:76000000-76500000	chr9	76000000	3	0.379684	0	2
chr9:76500000-77000000	chr9	76500000	1	0.382286	0	0
chr9:77000000-77500000	chr9	77000000	4	0.42038	0	1
chr9:77500000-78000000	chr9	77500000	5	0.439698	0	7
chr9:78000000-78500000	chr9	78000000	17	0.445538	0	9
chr9:78500000-79000000	chr9	78500000	0	0.396686	0	1
chr9:79000000-79500000	chr9	79000000	1	0.38958	0	1
chr9:79500000-80000000	chr9	79500000	6	0.412884	0	5
chr9:80000000-80500000	chr9	80000000	3	0.404126	0.144	1
chr9:80500000-81000000	chr9	80500000	0	0.378	0	0
chr9:81000000-81500000	chr9	81000000	0	0.376824	0	0
chr9:81500000-82000000	chr9	81500000	3	0.380392	0	2
chr9:82000000-82500000	chr9	82000000	0	0.38184	0	0
chr9:82500000-83000000	chr9	82500000	2	0.389832	0	2
chr9:83000000-83500000	chr9	83000000	5	0.417122	0	4
chr9:83500000-84000000	chr9	83500000	4	0.419478	0	3
chr9:84000000-84500000	chr9	84000000	0	0.388278	0	0
chr9:84500000-85000000	chr9	84500000	1	0.37579	0	0
chr9:85000000-85500000	chr9	85000000	1	0.393182	0	1
chr9:85500000-86000000	chr9	85500000	2	0.408806	0	2
chr9:86000000-86500000	chr9	86000000	4	0.40882	0	3
chr9:86500000-87000000	chr9	86500000	6	0.414546	0.042238	4
chr9:87000000-87500000	chr9	87000000	2	0.415836	0	1
chr9:87500000-88000000	chr9	87500000	1	0.408922	0	2
chr9:88000000-88500000	chr9	88000000	8	0.41773	0	5
chr9:88500000-89000000	chr9	88500000	9	0.41309	0	3
chr9:89000000-89500000	chr9	89000000	3	0.40957	0	1
chr9:89500000-90000000	chr9	89500000	7	0.442366	0	4
chr9:90000000-90500000	chr9	90000000	3	0.41753	0	3
chr9:90500000-91000000	chr9	90500000	1	0.377368	0	0
chr9:91000000-91500000	chr9	91000000	2	0.38659	0	8
chr9:91500000-92000000	chr9	91500000	0	0.375438	0	0
chr9:92000000-92500000	chr9	92000000	8	0.3905	0	3
chr9:92500000-93000000	chr9	92500000	2	0.388658	0	0
chr9:93000000-93500000	chr9	93000000	0	0.371774	0	0
chr9:93500000-94000000	chr9	93500000	0	0.379002	0	0
chr9:94000000-94500000	chr9	94000000	2	0.399287	0.045232	1
chr9:94500000-95000000	chr9	94500000	2	0.416586	0	0
chr9:95000000-95500000	chr9	95000000	3	0.42917	0	3
chr9:95500000-96000000	chr9	95500000	6	0.407946	0	5
chr9:96000000-96500000	chr9	96000000	5	0.434724	0	5
chr9:96500000-97000000	chr9	96500000	6	0.455694	0	5
chr9:97000000-97500000	chr9	97000000	3	0.435638	0	2
chr9:97500000-98000000	chr9	97500000	2	0.43099	0	2
chr9:98000000-98500000	chr9	98000000	5	0.447464	0	3
chr9:98500000-99000000	chr9	98500000	10	0.453374	0	8
chr9:99000000-99500000	chr9	99000000	10	0.446476	0	7
chr9:99500000-100000000	chr9	99500000	5	0.431434	0	6
chr9:100000000-100500000	chr9	100000000	3	0.422442	0	2
chr9:100500000-101000000	chr9	100500000	3	0.393568	0.019128	4
chr9:101000000-101500000	chr9	101000000	2	0.420522	0	1
chr9:101500000-102000000	chr9	101500000	0	0.433032	0	0
chr9:102000000-102500000	chr9	102000000	3	0.462492	0	2
chr9:102500000-103000000	chr9	102500000	6	0.46437	0	5
chr9:103000000-103500000	chr9	103000000	9	0.463222	0	4
chr9:103500000-104000000	chr9	103500000	6	0.436578	0	3
chr9:104000000-104500000	chr9	104000000	6	0.43481	0	1
chr9:104500000-105000000	chr9	104500000	1	0.41903	0	1
chr9:105000000-105500000	chr9	105000000	5	0.430254	0	3
chr9:105500000-106000000	chr9	105500000	4	0.447204	0	2
chr9:106000000-106500000	chr9	106000000	22	0.491518	0	13
chr9:106500000-107000000	chr9	106500000	7	0.43206	0	9
chr9:107000000-107500000	chr9	107000000	21	0.481266	0	19
chr9:107500000-108000000	chr9	107500000	23	0.480994	0	16
chr9:108000000-108500000	chr9	108000000	26	0.474392	0	19
chr9:108500000-109000000	chr9	108500000	20	0.47756	0.1	14
chr9:109000000-109500000	chr9	109000000	10	0.43054	0	0
chr9:109500000-110000000	chr9	109500000	12	0.431852	0	2
chr9:110000000-110500000	chr9	110000000	12	0.447492	0	10
chr9:110500000-111000000	chr9	110500000	21	0.489008	0	12
chr9:111000000-111500000	chr9	111000000	5	0.441364	0	3
chr9:111500000-112000000	chr9	111500000	2	0.422546	0	1
chr9:112000000-112500000	chr9	112000000	4	0.407994	0	1
chr9:112500000-113000000	chr9	112500000	0	0.40597	0.041526	0
chr9:113000000-113500000	chr9	113000000	2	0.438664	0	0
chr9:113500000-114000000	chr9	113500000	5	0.439014	0	5
chr9:114000000-114500000	chr9	114000000	11	0.446924	0	5
chr9:114500000-115000000	chr9	114500000	7	0.47089	0	8
chr9:115000000-115500000	chr9	115000000	4	0.458978	0	1
chr9:115500000-116000000	chr9	115500000	2	0.445108	0	0
chr9:116000000-116500000	chr9	116000000	2	0.442622	0	1
chr9:116500000-117000000	chr9	116500000	0	0.426154	0	0
chr9:117000000-117500000	chr9	117000000	1	0.43158	0	0
chr9:117500000-118000000	chr9	117500000	3	0.436956	0	2
chr9:118000000-118500000	chr9	118000000	5	0.446126	0	5
chr9:118500000-119000000	chr9	118500000	5	0.482582	0	3
chr9:119000000-119500000	chr9	119000000	13	0.489656	0	14
chr9:119500000-120000000	chr9	119500000	8	0.479664	0	6
chr9:120000000-120500000	chr9	120000000	11	0.471926	0	6
chr9:120500000-121000000	chr9	120500000	5	0.474666	0	2
chr9:121000000-121500000	chr9	121000000	4	0.488356	0	4
chr9:121500000-122000000	chr9	121500000	17	0.4862	0	12
chr9:122000000-122500000	chr9	122000000	7	0.461158	0	7
chr9:122500000-123000000	chr9	122500000	12	0.437808	0	8
chr9:123000000-123500000	chr9	123000000	8	0.441466	0	6
chr9:123500000-124000000	chr9	123500000	11	0.41417	0.10376	5
chr9:124000000-124076172	chr9	124000000	2	0.391587	0	0
chr10:0-500000	chr10	0	0	nan	1	0
chr10:500000-1000000	chr10	500000	0	nan	1	0
chr10:1000000-1500000	chr10	1000000	0	nan	1	0
chr10:1500000-2000000	chr10	1500000	0	nan	1	0
chr10:2000000-2500000	chr10	2000000	0	nan	1	0
chr10:2500000-3000000	chr10	2500000	0	nan	1	0
chr10:3000000-3500000	chr10	3000000	2	0.428376	0	1
chr10:3500000-4000000	chr10	3500000	1	0.394136	0	0
chr10:4000000-4500000	chr10	4000000	1	0.39868	0	1
chr10:4500000-5000000	chr10	4500000	5	0.406574	0	2
chr10:5000000-5500000	chr10	5000000	0	0.417816	0	0
chr10:5500000-6000000	chr10	5500000	6	0.429566	0	5
chr10:6000000-6500000	chr10	6000000	3	0.444044	0	2
chr10:6500000-7000000	chr10	6500000	4	0.4296	0	2
chr10:7000000-7500000	chr10	7000000	10	0.425451	0.101626	4
chr10:7500000-8000000	chr10	7500000	5	0.429916	0	4
chr10:8000000-8500000	chr10	8000000	1	0.432888	0	1
chr10:8500000-9000000	chr10	8500000	1	0.426422	0	1
chr10:9000000-9500000	chr10	9000000	2	0.405446	0	1
chr10:9500000-10000000	chr10	9500000	3	0.396156	0	1
chr10:10000000-10500000	chr10	10000000	4	0.401434	0	2
chr10:10500000-11000000	chr10	10500000	2	0.393202	0	1
chr10:11000000-11500000	chr10	11000000	3	0.405924	0	2
chr10:11500000-12000000	chr10	11500000	0	0.39807	0	0
chr10:12000000-12500000	chr10	12000000	0	0.406782	0	0
chr10:12500000-13000000	chr10	12500000	9	0.43349	0	8
chr10:13000000-13500000	chr10	13000000	4	0.42172	0	3
chr10:13500000-14000000	chr10	13500000	3	0.417002	0	2
chr10:14000000-14500000	chr10	14000000	5	0.395918	0	2
chr10:14500000-15000000	chr10	14500000	0	0.378182	0	0
chr10:15000000-15500000	chr10	15000000	0	0.369684	0	0
chr10:15500000-16000000	chr10	15500000	1	0.36522	0	0
chr10:16000000-16500000	chr10	16000000	0	0.363696	0	0
chr10:16500000-17000000	chr10	16500000	1	0.378526	0	0
chr10:17000000-17500000	chr10	17000000	1	0.406804	0	1
chr10:17500000-18000000	chr10	17500000	6	0.415842	0	3
chr10:18000000-18500000	chr10	18000000	4	0.427416	0	2
chr10:18500000-19000000	chr10	18500000	7	0.415486	0	2
chr10:19000000-19500000	chr10	19000000	5	0.416774	0	2
chr10:19500000-20000000	chr10	19500000	6	0.437356	0	7
chr10:20000000-20500000	chr10	20000000	4	0.418712	0	2
chr10:20500000-21000000	chr10	20500000	3	0.414652	0	2
chr10:21000000-21500000	chr10	21000000	5	0.428144	0	1
chr10:21500000-22000000	chr10	21500000	9	0.432878	0	7
chr10:22000000-22500000	chr10	22000000	6	0.433394	0	2
chr10:22500000-23000000	chr10	22500000	1	0.405822	0	1
chr10:23000000-23500000	chr10	23000000	1	0.40418	0	2
chr10:23500000-24000000	chr10	23500000	24	0.415088	0	4
chr10:24000000-24500000	chr10	24000000	3	0.412426	0	2
chr10:24500000-25000000	chr10	24500000	4	0.425536	0	1
chr10:25000000-25500000	chr10	25000000	6	0.423024	0	3
chr10:25500000-26000000	chr10	25500000	4	0.40964	0	1
chr10:26000000-26500000	chr10	26000000	3	0.40315	0	1
chr10:26500000-27000000	chr10	26500000	0	0.389916	0	0
chr10:27000000-27500000	chr10	27000000	2	0.37666	0	0
chr10:27500000-28000000	chr10	27500000	1	0.398036	0	1
chr10:28000000-28500000	chr10	28000000	1	0.380498	0	0
chr10:28500000-29000000	chr10	28500000	3	0.388334	0	3
chr10:29000000-29500000	chr10	29000000	3	0.382152	0	4
chr10:29500000-30000000	chr10	29500000	1	0.381802	0	1
chr10:30000000-30500000	chr10	30000000	3	0.396178	0	2
chr10:30500000-31000000	chr10	30500000	2	0.402256	0	2
chr10:31000000-31500000	chr10	31000000	4	0.400624	0	3
chr10:31500000-32000000	chr10	31500000	0	0.375852	0	0
chr10:32000000-32500000	chr10	32000000	0	0.370256	0	0
chr10:32500000-33000000	chr10	32500000	3	0.372962	0	1
chr10:33000000-33500000	chr10	33000000	2	0.378836	0	1
chr10:33500000-34000000	chr10	33500000	11	0.3983	0	4
chr10:34000000-34500000	chr10	34000000	5	0.393854	0	3
chr10:34500000-35000000	chr10	34500000	0	0.373228	0	0
chr10:35000000-35500000	chr10	35000000	0	0.373348	0	0
chr10:35500000-36000000	chr10	35500000	0	0.369424	0	0
chr10:36000000-36500000	chr10	36000000	1	0.38566	0	1
chr10:36500000-37000000	chr10	36500000	3	0.408244	0	2
chr10:37000000-37500000	chr10	37000000	0	0.387834	0	0
chr10:37500000-38000000	chr10	37500000	1	0.375642	0	0
chr10:38000000-38500000	chr10	38000000	0	0.384496	0	0
chr10:38500000-39000000	chr10	38500000	5	0.419746	0	1
chr10:39000000-39500000	chr10	39000000	7	0.441584	0	2
chr10:39500000-40000000	chr10	39500000	9	0.42854	0	6
chr10:40000000-40500000	chr10	40000000	6	0.433892	0	3
chr10:40500000-41000000	chr10	40500000	3	0.434878	0	3
chr10:41000000-41500000	chr10	41000000	10	0.445998	0	4
chr10:41500000-42000000	chr10	41500000	4	0.456242	0	6
chr10:42000000-42500000	chr10	42000000	7	0.447442	0	11
chr10:42500000-43000000	chr10	42500000	5	0.438682	0	3
chr10:43000000-43500000	chr10	43000000	5	0.448844	0	6
chr10:43500000-44000000	chr10	43500000	6	0.434138	0	4
chr10:44000000-44500000	chr10	44000000	3	0.421674	0	2
chr10:44500000-45000000	chr10	44500000	1	0.42204	0	2
chr10:45000000-45500000	chr10	45000000	5	0.401586	0	4
chr10:45500000-46000000	chr10	45500000	1	0.392434	0	0
chr10:46000000-46500000	chr10	46000000	0	0.375264	0	0
chr10:46500000-47000000	chr10	46500000	0	0.36845	0	0
chr10:47000000-47500000	chr10	47000000	0	0.375124	0	0
chr10:47500000-48000000	chr10	47500000	0	0.362048	0	0
chr10:48000000-48500000	chr10	48000000	0	0.36431	0	0
chr10:48500000-49000000	chr10	48500000	0	0.361796	0	0
chr10:49000000-49500000	chr10	49000000	0	0.358528	0	0
chr10:49500000-50000000	chr10	49500000	1	0.381706	0	2
chr10:50000000-50500000	chr10	50000000	1	0.379812	0	1
chr10:50500000-51000000	chr10	50500000	1	0.38653	0	2
chr10:51000000-51500000	chr10	51000000	6	0.388816	0	1
chr10:51500000-52000000	chr10	51500000	3	0.407852	0	3
chr10:52000000-52500000	chr10	52000000	5	0.405544	0	4
chr10:52500000-53000000	chr10	52500000	1	0.39776	0	0
chr10:53000000-53500000	chr10	53000000	9	0.414286	0	5
chr10:53500000-54000000	chr10	53500000	2	0.398704	0	1
chr10:54000000-54500000	chr10	54000000	0	0.37926	0	0
chr10:54500000-55000000	chr10	54500000	0	0.372002	0	0
chr10:55000000-55500000	chr10	55000000	0	0.376914	0	0
chr10:55500000-56000000	chr10	55500000	2	0.385188	0	2
chr10:56000000-56500000	chr10	56000000	2	0.399898	0	0
chr10:56500000-57000000	chr10	56500000	0	0.384534	0	0
chr10:57000000-57500000	chr10	57000000	4	0.38779	0	3
chr10:57500000-58000000	chr10	57500000	8	0.408818	0.173128	5
chr10:58000000-58500000	chr10	58000000	3	0.440972	0	1
chr10:58500000-59000000	chr10	58500000	5	0.438454	0	4
chr10:59000000-59500000	chr10	59000000	7	0.458548	0	5
chr10:59500000-60000000	chr10	59500000	7	0.499876	0	6
chr10:60000000-60500000	chr10	60000000	8	0.501946	0	4
chr10:60500000-61000000	chr10	60500000	10	0.486388	0	9
chr10:61000000-61500000	chr10	61000000	9	0.48642	0	8
chr10:61500000-62000000	chr10	61500000	13	0.480592	0	8
chr10:62000000-62500000	chr10	62000000	12	0.442932	0	11
chr10:62500000-63000000	chr10	62500000	9	0.43318	0	5
chr10:63000000-63500000	chr10	63000000	0	0.408058	0	1
chr10:63500000-64000000	chr10	63500000	1	0.389258	0	0
chr10:64000000-64500000	chr10	64000000	0	0.377706	0	0
chr10:64500000-65000000	chr10	64500000	1	0.366724	0	0
chr10:65000000-65500000	chr10	65000000	1	0.374976	0	0
chr10:65500000-66000000	chr10	65500000	2	0.396842	0	0
chr10:66000000-66500000	chr10	66000000	2	0.439164	0	0
chr10:66500000-67000000	chr10	66500000	4	0.432726	0.016052	4
chr10:67000000-67500000	chr10	67000000	5	0.442164	0	4
chr10:67500000-68000000	chr10	67500000	2	0.429008	0	2
chr10:68000000-68500000	chr10	68000000	4	0.41163	0	0
chr10:68500000-69000000	chr10	68500000	4	0.441406	0	4
chr10:69000000-69500000	chr10	69000000	0	0.442322	0	2
chr10:69500000-70000000	chr10	69500000	4	0.454918	0	3
chr10:70000000-70500000	chr10	70000000	3	0.430006	0	1
chr10:70500000-71000000	chr10	70500000	8	0.445398	0	6
chr10:71000000-71500000	chr10	71000000	1	0.40585	0	0
chr10:71500000-72000000	chr10	71500000	0	0.38543	0	0
chr10:72000000-72500000	chr10	72000000	1	0.394116	0	1
chr10:72500000-73000000	chr10	72500000	1	0.385308	0	1
chr10:73000000-73500000	chr10	73000000	1	0.385034	0	0
chr10:73500000-74000000	chr10	73500000	0	0.386326	0	0
chr10:74000000-74500000	chr10	74000000	3	0.424214	0	4
chr10:74500000-75000000	chr10	74500000	8	0.461748	0	5
chr10:75000000-75500000	chr10	75000000	20	0.481433	6e-06	9
chr10:75500000-76000000	chr10	75500000	13	0.455504	0	6
chr10:76000000-76500000	chr10	76000000	11	0.46961	0	5
chr10:76500000-77000000	chr10	76500000	8	0.487624	0	5
chr10:77000000-77500000	chr10	77000000	31	0.496146	0	10
chr10:77500000-78000000	chr10	77500000	15	0.491022	0	10
chr10:78000000-78500000	chr10	78000000	15	0.41596	0	4
chr10:78500000-79000000	chr10	78500000	7	0.395304	0	1
chr10:79000000-79500000	chr10	79000000	35	0.53123	0	35
chr10:79500000-80000000	chr10	79500000	27	0.540676	0	45
chr10:80000000-80500000	chr10	80000000	32	0.531848	0	34
chr10:80500000-81000000	chr10	80500000	41	0.541418	0	40
chr10:81000000-81500000	chr10	81000000	12	0.444386	0	17
chr10:81500000-82000000	chr10	81500000	5	0.400656	0	5
chr10:82000000-82500000	chr10	82000000	11	0.448568	0	9
chr10:82500000-83000000	chr10	82500000	4	0.463924	0	3
chr10:83000000-83500000	chr10	83000000	3	0.44896	0	3
chr10:83500000-84000000	chr10	83500000	4	0.45073	0	2
chr10:84000000-84500000	chr10	84000000	5	0.450272	0	6
chr10:84500000-85000000	chr10	84500000	5	0.440594	0	4
chr10:85000000-85500000	chr10	85000000	8	0.447468	0	7
chr10:85500000-86000000	chr10	85500000	3	0.450402	0	1
chr10:86000000-86500000	chr10	86000000	8	0.44917	0	4
chr10:86500000-87000000	chr10	86500000	4	0.415916	0	2
chr10:87000000-87500000	chr10	87000000	2	0.412724	0	0
chr10:87500000-88000000	chr10	87500000	10	0.422266	0	4
chr10:88000000-88500000	chr10	88000000	6	0.421984	0	4
chr10:88500000-89000000	chr10	88500000	4	0.412386	0	1
chr10:89000000-89500000	chr10	89000000	7	0.4167	0	4
chr10:89500000-90000000	chr10	89500000	0	0.39349	0	2
chr10:90000000-90500000	chr10	90000000	0	0.426258	0	2
chr10:90500000-91000000	chr10	90500000	5	0.423798	0	5
chr10:91000000-91500000	chr10	91000000	1	0.40469	0	0
chr10:91500000-92000000	chr10	91500000	4	0.405274	0	0
chr10:92000000-92500000	chr10	92000000	1	0.418658	0	1
chr10:92500000-93000000	chr10	92500000	10	0.44323	0	3
chr10:93000000-93500000	chr10	93000000	12	0.433606	0	7
chr10:93500000-94000000	chr10	93500000	4	0.446146	0	4
chr10:94000000-94500000	chr10	94000000	4	0.43839	0	2
chr10:94500000-95000000	chr10	94500000	7	0.444822	0	4
chr10:95000000-95500000	chr10	95000000	5	0.428502	0	2
chr10:95500000-96000000	chr10	95500000	1	0.419956	0	0
chr10:96000000-96500000	chr10	96000000	2	0.411032	0	2
chr10:96500000-97000000	chr10	96500000	2	0.388766	0	0
chr10:97000000-97500000	chr10	97000000	7	0.376066	0	0
chr10:97500000-98000000	chr10	97500000	1	0.379848	0	0
chr10:98000000-98500000	chr10	98000000	1	0.403722	0	1
chr10:98500000-99000000	chr10	98500000	3	0.42839	0	2
chr10:99000000-99500000	chr10	99000000	5	0.403408	0	1
chr10:99500000-100000000	chr10	99500000	8	0.390778	0	1
chr10:100000000-100500000	chr10	100000000	3	0.376464	0	1
chr10:100500000-101000000	chr10	100500000	0	0.362858	0	0
chr10:101000000-101500000	chr10	101000000	2	0.360106	0	0
chr10:101500000-102000000	chr10	101500000	2	0.365562	0	0
chr10:102000000-102500000	chr10	102000000	1	0.370892	0	1
chr10:102500000-103000000	chr10	102500000	2	0.370356	0	1
chr10:103000000-103500000	chr10	103000000	0	0.37069	0	0
chr10:103500000-104000000	chr10	103500000	8	0.368886	0	0
chr10:104000000-104500000	chr10	104000000	0	0.375436	0	0
chr10:104500000-105000000	chr10	104500000	0	0.393816	0	0
chr10:105000000-105500000	chr10	105000000	4	0.393868	0	4
chr10:105500000-106000000	chr10	105500000	1	0.3806	0	0
chr10:106000000-106500000	chr10	106000000	1	0.3649	0	0
chr10:106500000-107000000	chr10	106500000	4	0.38754	0	1
chr10:107000000-107500000	chr10	107000000	3	0.38601	0	0
chr10:107500000-108000000	chr10	107500000	3	0.41847	0	2
chr10:108000000-108500000	chr10	108000000	2	0.382354	0	0
chr10:108500000-109000000	chr10	108500000	0	0.37908	0	0
chr10:109000000-109500000	chr10	109000000	1	0.380712	0	0
chr10:109500000-110000000	chr10	109500000	0	0.394732	0	1
chr10:110000000-110500000	chr10	110000000	5	0.422566	0	3
chr10:110500000-111000000	chr10	110500000	6	0.432798	0	4
chr10:111000000-111500000	chr10	111000000	5	0.426254	0	1
chr10:111500000-112000000	chr10	111500000	4	0.388178	0	2
chr10:112000000-112500000	chr10	112000000	3	0.38286	0	1
chr10:112500000-113000000	chr10	112500000	0	0.367536	0	0
chr10:113000000-113500000	chr10	113000000	0	0.364206	0	0
chr10:113500000-114000000	chr10	113500000	0	0.371004	0	0
chr10:114000000-114500000	chr10	114000000	2	0.391612	0	1
chr10:114500000-115000000	chr10	114500000	6	0.421172	0	4
chr10:115000000-115500000	chr10	115000000	4	0.407732	0	1
chr10:115500000-116000000	chr10	115500000	5	0.420048	0	4
chr10:116000000-116500000	chr10	116000000	10	0.445148	0	2
chr10:116500000-117000000	chr10	116500000	8	0.4385	0	5
chr10:117000000-117500000	chr10	117000000	6	0.449112	0	6
chr10:117500000-118000000	chr10	117500000	5	0.436964	0	1
chr10:118000000-118500000	chr10	118000000	4	0.439596	0	1
chr10:118500000-119000000	chr10	118500000	5	0.432714	0	2
chr10:119000000-119500000	chr10	119000000	2	0.432636	0	0
chr10:119500000-120000000	chr10	119500000	8	0.442306	0	9
chr10:120000000-120500000	chr10	120000000	5	0.435376	0	3
chr10:120500000-121000000	chr10	120500000	4	0.457704	0	4
chr10:121000000-121500000	chr10	121000000	5	0.44998	0	8
chr10:121500000-122000000	chr10	121500000	4	0.415628	0	2
chr10:122000000-122500000	chr10	122000000	5	0.44434	0	3
chr10:122500000-123000000	chr10	122500000	3	0.405786	0	3
chr10:123000000-123500000	chr10	123000000	0	0.389718	0	0
chr10:123500000-124000000	chr10	123500000	1	0.371602	0	0
chr10:124000000-124500000	chr10	124000000	0	0.380336	0	0
chr10:124500000-125000000	chr10	124500000	1	0.398126	0	1
chr10:125000000-125500000	chr10	125000000	1	0.41835	0	1
chr10:125500000-126000000	chr10	125500000	2	0.420558	0	0
chr10:126000000-126500000	chr10	126000000	13	0.457656	0	8
chr10:126500000-127000000	chr10	126500000	25	0.491618	0	26
chr10:127000000-127500000	chr10	127000000	21	0.468042	0	7
chr10:127500000-128000000	chr10	127500000	31	0.47195	0	20
chr10:128000000-128500000	chr10	128000000	28	0.453094	0	17
chr10:128500000-129000000	chr10	128500000	23	0.382154	0	0
chr10:129000000-129500000	chr10	129000000	27	0.37189	0	0
chr10:129500000-129993255	chr10	129500000	12	0.381519	0	2
chr11:0-500000	chr11	0	0	nan	1	0
chr11:500000-1000000	chr11	500000	0	nan	1	0
chr11:1000000-1500000	chr11	1000000	0	nan	1	0
chr11:1500000-2000000	chr11	1500000	0	nan	1	0
chr11:2000000-2500000	chr11	2000000	0	nan	1	0
chr11:2500000-3000000	chr11	2500000	0	nan	1	0
chr11:3000000-3500000	chr11	3000000	16	0.465282	0	11
chr11:3500000-4000000	chr11	3500000	12	0.469178	0	10
chr11:4000000-4500000	chr11	4000000	12	0.453442	0	7
chr11:4500000-5000000	chr11	4500000	16	0.475184	0	12
chr11:5000000-5500000	chr11	5000000	7	0.45814	0	5
chr11:5500000-6000000	chr11	5500000	13	0.476034	0	13
chr11:6000000-6500000	chr11	6000000	15	0.461222	0	12
chr11:6500000-7000000	chr11	6500000	8	0.455836	0	3
chr11:7000000-7500000	chr11	7000000	3	0.430466	0	1
chr11:7500000-8000000	chr11	7500000	0	0.406632	0	0
chr11:8000000-8500000	chr11	8000000	0	0.435186	0	0
chr11:8500000-9000000	chr11	8500000	4	0.443952	0	3
chr11:9000000-9500000	chr11	9000000	2	0.407762	0	1
chr11:9500000-10000000	chr11	9500000	0	0.390612	0	0
chr11:10000000-10500000	chr11	10000000	0	0.383096	0	0
chr11:10500000-11000000	chr11	10500000	0	0.382872	0	0
chr11:11000000-11500000	chr11	11000000	4	0.397574	0	3
chr11:11500000-12000000	chr11	11500000	7	0.427868	0	4
chr11:12000000-12500000	chr11	12000000	1	0.414554	0	1
chr11:12500000-13000000	chr11	12500000	0	0.388956	0	0
chr11:13000000-13500000	chr11	13000000	0	0.377918	0	0
chr11:13500000-14000000	chr11	13500000	0	0.374202	0	0
chr11:14000000-14500000	chr11	14000000	3	0.37292	0	0
chr11:14500000-15000000	chr11	14500000	0	0.369642	0	0
chr11:15000000-15500000	chr11	15000000	0	0.369162	0	0
chr11:15500000-16000000	chr11	15500000	0	0.37351	0	0
chr11:16000000-16500000	chr11	16000000	2	0.390274	0	2
chr11:16500000-17000000	chr11	16500000	5	0.406992	0	2
chr11:17000000-17500000	chr11	17000000	4	0.40627	0	4
chr11:17500000-18000000	chr11	17500000	3	0.392554	0	1
chr11:18000000-18500000	chr11	18000000	1	0.390496	0	0
chr11:18500000-19000000	chr11	18500000	2	0.407874	0	5
chr11:19000000-19500000	chr11	19000000	0	0.420952	0	0
chr11:19500000-20000000	chr11	19500000	1	0.452314	0	3
chr11:20000000-20500000	chr11	20000000	5	0.449178	0	7
chr11:20500000-21000000	chr11	20500000	5	0.434906	0	4
chr11:21000000-21500000	chr11	21000000	6	0.402556	0	3
chr11:21500000-22000000	chr11	21500000	1	0.39766	0	5
chr11:22000000-22500000	chr11	22000000	2	0.403594	0	2
chr11:22500000-23000000	chr11	22500000	6	0.440386	0	7
chr11:23000000-23500000	chr11	23000000	7	0.410306	0	4
chr11:23500000-24000000	chr11	23500000	6	0.414308	0	7
chr11:24000000-24500000	chr11	24000000	2	0.433154	0	1
chr11:24500000-25000000	chr11	24500000	2	0.401404	0	0
chr11:25000000-25500000	chr11	25000000	2	0.390076	0	0
chr11:25500000-26000000	chr11	25500000	0	0.390148	0	0
chr11:26000000-26500000	chr11	26000000	4	0.39112	0	3
chr11:26500000-27000000	chr11	26500000	1	0.378316	0	0
chr11:27000000-27500000	chr11	27000000	0	0.381328	0	0
chr11:27500000-28000000	chr11	27500000	0	0.380002	0	0
chr11:28000000-28500000	chr11	28000000	1	0.384346	0	1
chr11:28500000-29000000	chr11	28500000	6	0.392542	0	0
chr11:29000000-29500000	chr11	29000000	8	0.388464	0	7
chr11:29500000-30000000	chr11	29500000	4	0.411322	0	4
chr11:30000000-30500000	chr11	30000000	3	0.40927	0	2
chr11:30500000-31000000	chr11	30500000	6	0.39214	0	6
chr11:31000000-31500000	chr11	31000000	1	0.41919	0	2
chr11:31500000-32000000	chr11	31500000	5	0.451196	0	3
chr11:32000000-32500000	chr11	32000000	15	0.470388	0	8
chr11:32500000-33000000	chr11	32500000	3	0.46201	0	2
chr11:33000000-33500000	chr11	33000000	5	0.425848	0	5
chr11:33500000-34000000	chr11	33500000	4	0.458026	0	2
chr11:34000000-34500000	chr11	34000000	3	0.44876	0.1002	0
chr11:34500000-35000000	chr11	34500000	3	0.430182	0	2
chr11:35000000-35500000	chr11	35000000	1	0.464048	0	0
chr11:35500000-36000000	chr11	35500000	5	0.462306	0	9
chr11:36000000-36500000	chr11	36000000	0	0.419684	0	0
chr11:36500000-37000000	chr11	36500000	1	0.38597	0	0
chr11:37000000-37500000	chr11	37000000	1	0.378838	0	1
chr11:37500000-38000000	chr11	37500000	0	0.378216	0	0
chr11:38000000-38500000	chr11	38000000	1	0.36645	0	0
chr11:38500000-39000000	chr11	38500000	0	0.361684	0	0
chr11:39000000-39500000	chr11	39000000	1	0.362782	0	0
chr11:39500000-40000000	chr11	39500000	0	0.375914	0	0
chr11:40000000-40500000	chr11	40000000	0	0.394816	0	0
chr11:40500000-41000000	chr11	40500000	4	0.39779	0	4
chr11:41000000-41500000	chr11	41000000	0	0.372056	0	0
chr11:41500000-42000000	chr11	41500000	2	0.368236	0	0
chr11:42000000-42500000	chr11	42000000	2	0.371596	0	0
chr11:42500000-43000000	chr11	42500000	1	0.394924	0	0
chr11:43000000-43500000	chr11	43000000	7	0.446596	0	5
chr11:43500000-44000000	chr11	43500000	2	0.428924	0	5
chr11:44000000-44500000	chr11	44000000	5	0.43449	0	4
chr11:44500000-45000000	chr11	44500000	1	0.418666	0	0
chr11:45000000-45500000	chr11	45000000	0	0.420484	0	0
chr11:45500000-46000000	chr11	45500000	9	0.442488	0	6
chr11:46000000-46500000	chr11	46000000	11	0.440032	0	2
chr11:46500000-47000000	chr11	46500000	3	0.409126	0	0
chr11:47000000-47500000	chr11	47000000	1	0.397624	0	0
chr11:47500000-48000000	chr11	47500000	0	0.394502	0	1
chr11:48000000-48500000	chr11	48000000	0	0.409908	0	0
chr11:48500000-49000000	chr11	48500000	19	0.43235	0	7
chr11:49000000-49500000	chr11	49000000	21	0.420634	0	5
chr11:49500000-50000000	chr11	49500000	8	0.451444	0	7
chr11:50000000-50500000	chr11	50000000	11	0.469246	0	12
chr11:50500000-51000000	chr11	50500000	16	0.451262	0	5
chr11:51000000-51500000	chr11	51000000	11	0.470802	0	7
chr11:51500000-52000000	chr11	51500000	11	0.453046	0	9
chr11:52000000-52500000	chr11	52000000	5	0.47086	0	5
chr11:52500000-53000000	chr11	52500000	2	0.46779	0	1
chr11:53000000-53500000	chr11	53000000	14	0.451094	0	11
chr11:53500000-54000000	chr11	53500000	11	0.462256	0	7
chr11:54000000-54500000	chr11	54000000	7	0.415138	0	3
chr11:54500000-55000000	chr11	54500000	12	0.464654	0	7
chr11:55000000-55500000	chr11	55000000	9	0.46631	0	3
chr11:55500000-56000000	chr11	55500000	1	0.432278	0	0
chr11:56000000-56500000	chr11	56000000	0	0.412676	0	1
chr11:56500000-57000000	chr11	56500000	1	0.427906	0	0
chr11:57000000-57500000	chr11	57000000	4	0.455766	0	3
chr11:57500000-58000000	chr11	57500000	9	0.475084	0	11
chr11:58000000-58500000	chr11	58000000	24	0.44732	0	6
chr11:58500000-59000000	chr11	58500000	24	0.47288	0	13
chr11:59000000-59500000	chr11	59000000	18	0.475802	0	12
chr11:59500000-60000000	chr11	59500000	13	0.482148	0	12
chr11:60000000-60500000	chr11	60000000	10	0.47477	0	10
chr11:60500000-61000000	chr11	60500000	15	0.480278	0	11
chr11:61000000-61500000	chr11	61000000	11	0.470412	0	8
chr11:61500000-62000000	chr11	61500000	5	0.431256	0	5
chr11:62000000-62500000	chr11	62000000	14	0.440818	0	10
chr11:62500000-63000000	chr11	62500000	10	0.443712	0	6
chr11:63000000-63500000	chr11	63000000	0	0.436622	0	0
chr11:63500000-64000000	chr11	63500000	5	0.443014	0	7
chr11:64000000-64500000	chr11	64000000	2	0.426904	0	2
chr11:64500000-65000000	chr11	64500000	2	0.436822	0	2
chr11:65000000-65500000	chr11	65000000	2	0.427814	0	1
chr11:65500000-66000000	chr11	65500000	5	0.41776	0	3
chr11:66000000-66500000	chr11	66000000	1	0.423972	0	1
chr11:66500000-67000000	chr11	66500000	11	0.43846	0	2
chr11:67000000-67500000	chr11	67000000	6	0.454416	0	2
chr11:67500000-68000000	chr11	67500000	7	0.446678	0	2
chr11:68000000-68500000	chr11	68000000	7	0.47381	0	6
chr11:68500000-69000000	chr11	68500000	22	0.469194	0	14
chr11:69000000-69500000	chr11	69000000	28	0.487314	0	21
chr11:69500000-70000000	chr11	69500000	39	0.488432	0	21
chr11:70000000-70500000	chr11	70000000	32	0.47461	0	21
chr11:70500000-71000000	chr11	70500000	16	0.436064	0	9
chr11:71000000-71500000	chr11	71000000	3	0.435944	0	0
chr11:71500000-72000000	chr11	71500000	6	0.4706	0	4
chr11:72000000-72500000	chr11	72000000	16	0.45909	0	9
chr11:72500000-73000000	chr11	72500000	13	0.460116	0	8
chr11:73000000-73500000	chr11	73000000	16	0.412546	0	2
chr11:73500000-74000000	chr11	73500000	16	0.390124	0	0
chr11:74000000-74500000	chr11	74000000	10	0.454402	0	6
chr11:74500000-75000000	chr11	74500000	13	0.442302	0	10
chr11:75000000-75500000	chr11	75000000	21	0.483524	0	15
chr11:75500000-76000000	chr11	75500000	8	0.468036	0	6
chr11:76000000-76500000	chr11	76000000	9	0.478588	0	12
chr11:76500000-77000000	chr11	76500000	7	0.436354	0	5
chr11:77000000-77500000	chr11	77000000	10	0.418762	0	13
chr11:77500000-78000000	chr11	77500000	23	0.478278	0	13
chr11:78000000-78500000	chr11	78000000	23	0.462448	0	14
chr11:78500000-79000000	chr11	78500000	7	0.476986	0	6
chr11:79000000-79500000	chr11	79000000	10	0.440758	0	4
chr11:79500000-80000000	chr11	79500000	9	0.451726	0	9
chr11:80000000-80500000	chr11	80000000	7	0.44019	0	6
chr11:80500000-81000000	chr11	80500000	4	0.456202	0	3
chr11:81000000-81500000	chr11	81000000	2	0.449498	0	0
chr11:81500000-82000000	chr11	81500000	8	0.442542	0	1
chr11:82000000-82500000	chr11	82000000	2	0.48406	0	2
chr11:82500000-83000000	chr11	82500000	19	0.449622	0	6
chr11:83000000-83500000	chr11	83000000	20	0.435516	0	9
chr11:83500000-84000000	chr11	83500000	10	0.449282	0	9
chr11:84000000-84500000	chr11	84000000	4	0.437264	0	6
chr11:84500000-85000000	chr11	84500000	12	0.443048	0	7
chr11:85000000-85500000	chr11	85000000	4	0.421466	0	4
chr11:85500000-86000000	chr11	85500000	7	0.445778	0	8
chr11:86000000-86500000	chr11	86000000	11	0.413092	0	7
chr11:86500000-87000000	chr11	86500000	10	0.431054	0	8
chr11:87000000-87500000	chr11	87000000	8	0.432436	0	11
chr11:87500000-88000000	chr11	87500000	17	0.47625	0	11
chr11:88000000-88500000	chr11	88000000	4	0.479731	0.1004	3
chr11:88500000-89000000	chr11	88500000	13	0.46873	0	6
chr11:89000000-89500000	chr11	89000000	1	0.444922	0	3
chr11:89500000-90000000	chr11	89500000	3	0.427112	0	1
chr11:90000000-90500000	chr11	90000000	4	0.431412	0	5
chr11:90500000-91000000	chr11	90500000	3	0.40408	0	1
chr11:91000000-91500000	chr11	91000000	1	0.382708	0	0
chr11:91500000-92000000	chr11	91500000	0	0.372308	0	0
chr11:92000000-92500000	chr11	92000000	0	0.377552	0	0
chr11:92500000-93000000	chr11	92500000	1	0.386256	0	1
chr11:93000000-93500000	chr11	93000000	0	0.41022	0	0
chr11:93500000-94000000	chr11	93500000	6	0.425614	0	3
chr11:94000000-94500000	chr11	94000000	15	0.486834	0	12
chr11:94500000-95000000	chr11	94500000	16	0.491358	0	10
chr11:95000000-95500000	chr11	95000000	10	0.480784	0	13
chr11:95500000-96000000	chr11	95500000	18	0.467428	0	13
chr11:96000000-96500000	chr11	96000000	18	0.459618	0	22
chr11:96500000-97000000	chr11	96500000	19	0.48497	0	14
chr11:97000000-97500000	chr11	97000000	12	0.485466	0	17
chr11:97500000-98000000	chr11	97500000	19	0.486134	0	11
chr11:98000000-98500000	chr11	98000000	19	0.469508	0	20
chr11:98500000-99000000	chr11	98500000	18	0.492794	0	16
chr11:99000000-99500000	chr11	99000000	29	0.440968	0	1
chr11:99500000-100000000	chr11	99500000	33	0.434642	0	2
chr11:100000000-100500000	chr11	100000000	22	0.486466	0	14
chr11:100500000-101000000	chr11	100500000	21	0.480468	0	18
chr11:101000000-101500000	chr11	101000000	29	0.4673	0	18
chr11:101500000-102000000	chr11	101500000	13	0.483188	0	13
chr11:102000000-102500000	chr11	102000000	24	0.484756	0	22
chr11:102500000-103000000	chr11	102500000	19	0.481688	0	19
chr11:103000000-103500000	chr11	103000000	8	0.46515	0	9
chr11:103500000-104000000	chr11	103500000	10	0.476326	0	10
chr11:104000000-104500000	chr11	104000000	7	0.448182	0	7
chr11:104500000-105000000	chr11	104500000	2	0.4047	0	2
chr11:105000000-105500000	chr11	105000000	5	0.441542	0	6
chr11:105500000-106000000	chr11	105500000	8	0.421136	0	9
chr11:106000000-106500000	chr11	106000000	17	0.467156	0	9
chr11:106500000-107000000	chr11	106500000	10	0.445804	0	10
chr11:107000000-107500000	chr11	107000000	8	0.454316	0	4
chr11:107500000-108000000	chr11	107500000	5	0.46933	0	1
chr11:108000000-108500000	chr11	108000000	4	0.422602	0	2
chr11:108500000-109000000	chr11	108500000	1	0.444328	0	2
chr11:109000000-109500000	chr11	109000000	11	0.467846	0	5
chr11:109500000-110000000	chr11	109500000	6	0.427052	0	3
chr11:110000000-110500000	chr11	110000000	5	0.416666	0	1
chr11:110500000-111000000	chr11	110500000	2	0.400916	0	0
chr11:111000000-111500000	chr11	111000000	1	0.393658	0	0
chr11:111500000-112000000	chr11	111500000	0	0.39526	0	0
chr11:112000000-112500000	chr11	112000000	0	0.4157	0	0
chr11:112500000-113000000	chr11	112500000	4	0.466144	0	3
chr11:113000000-113500000	chr11	113000000	3	0.48735	0	2
chr11:113500000-114000000	chr11	113500000	9	0.494828	0	5
chr11:114000000-114500000	chr11	114000000	4	0.486986	0	0
chr11:114500000-115000000	chr11	114500000	18	0.486196	0	7
chr11:115000000-115500000	chr11	115000000	27	0.504024	0	29
chr11:115500000-116000000	chr11	115500000	20	0.504108	0	18
chr11:116000000-116500000	chr11	116000000	19	0.505186	0	18
chr11:116500000-117000000	chr11	116500000	19	0.496496	0	10
chr11:117000000-117500000	chr11	117000000	7	0.513076	0	5
chr11:117500000-118000000	chr11	117500000	14	0.509336	0	12
chr11:118000000-118500000	chr11	118000000	9	0.5099	0	6
chr11:118500000-119000000	chr11	118500000	5	0.51404	0	16
chr11:119000000-119500000	chr11	119000000	16	0.505716	0	11
chr11:119500000-120000000	chr11	119500000	9	0.504376	0	6
chr11:120000000-120500000	chr11	120000000	31	0.5079	0	27
chr11:120500000-121000000	chr11	120500000	20	0.493248	0	12
chr11:121000000-121500000	chr11	121000000	14	0.461374	0	8
chr11:121500000-121843856	chr11	121500000	3	0.426734	0	4
chr12:0-500000	chr12	0	0	nan	1	0
chr12:500000-1000000	chr12	500000	0	nan	1	0
chr12:1000000-1500000	chr12	1000000	0	nan	1	0
chr12:1500000-2000000	chr12	1500000	0	nan	1	0
chr12:2000000-2500000	chr12	2000000	0	nan	1	0
chr12:2500000-3000000	chr12	2500000	0	nan	1	0
chr12:3000000-3500000	chr12	3000000	7	0.42272	0	4
chr12:3500000-4000000	chr12	3500000	4	0.459232	0	5
chr12:4000000-4500000	chr12	4000000	6	0.438763	0.020178	3
chr12:4500000-5000000	chr12	4500000	13	0.425238	0	8
chr12:5000000-5500000	chr12	5000000	2	0.457272	0	2
chr12:5500000-6000000	chr12	5500000	0	0.40797	0	0
chr12:6000000-6500000	chr12	6000000	0	0.380312	0	0
chr12:6500000-7000000	chr12	6500000	0	0.379684	0	0
chr12:7000000-7500000	chr12	7000000	1	0.386078	0	0
chr12:7500000-8000000	chr12	7500000	1	0.402354	0	0
chr12:8000000-8500000	chr12	8000000	3	0.452164	0	3
chr12:8500000-9000000	chr12	8500000	7	0.43975	0	6
chr12:9000000-9500000	chr12	9000000	1	0.424862	0	1
chr12:9500000-10000000	chr12	9500000	2	0.400412	0	2
chr12:10000000-10500000	chr12	10000000	3	0.389532	0	1
chr12:10500000-11000000	chr12	10500000	0	0.400418	0	0
chr12:11000000-11500000	chr12	11000000	10	0.415216	0	4
chr12:11500000-12000000	chr12	11500000	1	0.391544	0	0
chr12:12000000-12500000	chr12	12000000	2	0.416206	0	2
chr12:12500000-13000000	chr12	12500000	4	0.443236	0	4
chr12:13000000-13500000	chr12	13000000	2	0.429172	0	1
chr12:13500000-14000000	chr12	13500000	1	0.413106	0	0
chr12:14000000-14500000	chr12	14000000	2	0.38572	0	2
chr12:14500000-15000000	chr12	14500000	0	0.374846	0	0
chr12:15000000-15500000	chr12	15000000	1	0.379434	0	0
chr12:15500000-16000000	chr12	15500000	2	0.41221	0	1
chr12:16000000-16500000	chr12	16000000	0	0.420884	0	0
chr12:16500000-17000000	chr12	16500000	5	0.450726	0	5
chr12:17000000-17500000	chr12	17000000	7	0.465586	0	5
chr12:17500000-18000000	chr12	17500000	3	0.46409	0	4
chr12:18000000-18500000	chr12	18000000	1	0.439692	0	2
chr12:18500000-19000000	chr12	18500000	1	0.448749	0.1	3
chr12:19000000-19500000	chr12	19000000	1	0.451842	0	5
chr12:19500000-20000000	chr12	19500000	0	0.451236	0	4
chr12:20000000-20500000	chr12	20000000	0	0.450368	0	4
chr12:20500000-21000000	chr12	20500000	1	0.44917	0	4
chr12:21000000-21500000	chr12	21000000	7	0.452634	0	5
chr12:21500000-22000000	chr12	21500000	0	0.446093	0.1	4
chr12:22000000-22500000	chr12	22000000	0	0.444558	0.1	3
chr12:22500000-23000000	chr12	22500000	3	0.4469	0.1	4
chr12:23000000-23500000	chr12	23000000	1	0.445962	0	3
chr12:23500000-24000000	chr12	23500000	0	0.45208	0.12173	3
chr12:24000000-24500000	chr12	24000000	0	0.4518	0.07827	3
chr12:24500000-25000000	chr12	24500000	3	0.446688	0	3
chr12:25000000-25500000	chr12	25000000	5	0.454158	0	6
chr12:25500000-26000000	chr12	25500000	5	0.454886	0	5
chr12:26000000-26500000	chr12	26000000	0	0.427682	0	0
chr12:26500000-27000000	chr12	26500000	3	0.423442	0	0
chr12:27000000-27500000	chr12	27000000	5	0.43326	0	2
chr12:27500000-28000000	chr12	27500000	3	0.422124	0	0
chr12:28000000-28500000	chr12	28000000	1	0.42071	0	2
chr12:28500000-29000000	chr12	28500000	0	0.407619	2e-06	0
chr12:29000000-29500000	chr12	29000000	9	0.456974	0	6
chr12:29500000-30000000	chr12	29500000	2	0.460796	0	0
chr12:30000000-30500000	chr12	30000000	2	0.434192	0	0
chr12:30500000-31000000	chr12	30500000	2	0.445104	0	2
chr12:31000000-31500000	chr12	31000000	3	0.413656	0	2
chr12:31500000-32000000	chr12	31500000	6	0.42264	0	4
chr12:32000000-32500000	chr12	32000000	8	0.408564	0	5
chr12:32500000-33000000	chr12	32500000	3	0.42094	0	2
chr12:33000000-33500000	chr12	33000000	2	0.4137	0	1
chr12:33500000-34000000	chr12	33500000	7	0.45291	0	3
chr12:34000000-34500000	chr12	34000000	3	0.40568	0	1
chr12:34500000-35000000	chr12	34500000	2	0.389866	0	2
chr12:35000000-35500000	chr12	35000000	0	0.38552	0	0
chr12:35500000-36000000	chr12	35500000	4	0.40276	0	2
chr12:36000000-36500000	chr12	36000000	2	0.395132	0.013222	1
chr12:36500000-37000000	chr12	36500000	7	0.413708	0	2
chr12:37000000-37500000	chr12	37000000	2	0.39134	0	2
chr12:37500000-38000000	chr12	37500000	4	0.370674	0	0
chr12:38000000-38500000	chr12	38000000	0	0.367152	0	0
chr12:38500000-39000000	chr12	38500000	1	0.368768	0	0
chr12:39000000-39500000	chr12	39000000	1	0.371504	0	0
chr12:39500000-40000000	chr12	39500000	1	0.378126	0	1
chr12:40000000-40500000	chr12	40000000	0	0.376994	0	0
chr12:40500000-41000000	chr12	40500000	7	0.403502	0	3
chr12:41000000-41500000	chr12	41000000	2	0.4083	0	1
chr12:41500000-42000000	chr12	41500000	1	0.405886	0	1
chr12:42000000-42500000	chr12	42000000	1	0.38559	0.412428	0
chr12:42500000-43000000	chr12	42500000	0	0.382414	0.349972	0
chr12:43000000-43500000	chr12	43000000	0	0.378424	0	0
chr12:43500000-44000000	chr12	43500000	0	0.373194	0	0
chr12:44000000-44500000	chr12	44000000	1	0.362418	0	0
chr12:44500000-45000000	chr12	44500000	0	0.37631	0	0
chr12:45000000-45500000	chr12	45000000	5	0.399646	0	4
chr12:45500000-46000000	chr12	45500000	0	0.401314	0	0
chr12:46000000-46500000	chr12	46000000	1	0.394268	0	1
chr12:46500000-47000000	chr12	46500000	0	0.378058	0	0
chr12:47000000-47500000	chr12	47000000	0	0.381126	0	0
chr12:47500000-48000000	chr12	47500000	1	0.373586	0	1
chr12:48000000-48500000	chr12	48000000	0	0.368114	0	0
chr12:48500000-49000000	chr12	48500000	0	0.363414	0	0
chr12:49000000-49500000	chr12	49000000	0	0.366912	0	0
chr12:49500000-50000000	chr12	49500000	0	0.368362	0	0
chr12:50000000-50500000	chr12	50000000	3	0.385412	0	2
chr12:50500000-51000000	chr12	50500000	1	0.37788	0	1
chr12:51000000-51500000	chr12	51000000	0	0.368632	0	0
chr12:51500000-52000000	chr12	51500000	1	0.390908	0	1
chr12:52000000-52500000	chr12	52000000	3	0.407338	0	2
chr12:52500000-53000000	chr12	52500000	4	0.41682	0	3
chr12:53000000-53500000	chr12	53000000	4	0.41647	0	3
chr12:53500000-54000000	chr12	53500000	4	0.40853	0	2
chr12:54000000-54500000	chr12	54000000	1	0.4092	0	2
chr12:54500000-55000000	chr12	54500000	0	0.407982	0	1
chr12:55000000-55500000	chr12	55000000	3	0.435202	0	3
chr12:55500000-56000000	chr12	55500000	5	0.441462	0	8
chr12:56000000-56500000	chr12	56000000	10	0.421204	0	8
chr12:56500000-57000000	chr12	56500000	5	0.416234	0	6
chr12:57000000-57500000	chr12	57000000	2	0.40548	0	1
chr12:57500000-58000000	chr12	57500000	5	0.418378	0	10
chr12:58000000-58500000	chr12	58000000	3	0.389302	0	2
chr12:58500000-59000000	chr12	58500000	4	0.401788	0	4
chr12:59000000-59500000	chr12	59000000	2	0.386632	0	2
chr12:59500000-60000000	chr12	59500000	0	0.394374	0	0
chr12:60000000-60500000	chr12	60000000	6	0.414494	0	6
chr12:60500000-61000000	chr12	60500000	0	0.391834	0	0
chr12:61000000-61500000	chr12	61000000	0	0.373158	0	0
chr12:61500000-62000000	chr12	61500000	0	0.365716	0	0
chr12:62000000-62500000	chr12	62000000	0	0.36771	0	0
chr12:62500000-63000000	chr12	62500000	2	0.362984	0	1
chr12:63000000-63500000	chr12	63000000	0	0.373014	0	0
chr12:63500000-64000000	chr12	63500000	1	0.362222	0	0
chr12:64000000-64500000	chr12	64000000	0	0.36767	0	0
chr12:64500000-65000000	chr12	64500000	0	0.364572	0	0
chr12:65000000-65500000	chr12	65000000	0	0.370214	0	0
chr12:65500000-66000000	chr12	65500000	1	0.39007	0	0
chr12:66000000-66500000	chr12	66000000	8	0.39674	0	7
chr12:66500000-67000000	chr12	66500000	0	0.380856	0	0
chr12:67000000-67500000	chr12	67000000	1	0.375714	0	1
chr12:67500000-68000000	chr12	67500000	0	0.36301	0	0
chr12:68000000-68500000	chr12	68000000	1	0.369166	0	1
chr12:68500000-69000000	chr12	68500000	0	0.374936	0	0
chr12:69000000-69500000	chr12	69000000	0	0.369912	0	0
chr12:69500000-70000000	chr12	69500000	0	0.39597	0	0
chr12:70000000-70500000	chr12	70000000	12	0.425608	0	10
chr12:70500000-71000000	chr12	70500000	12	0.438306	0	5
chr12:71000000-71500000	chr12	71000000	7	0.43779	0	4
chr12:71500000-72000000	chr12	71500000	2	0.43422	0	2
chr12:72000000-72500000	chr12	72000000	9	0.429092	0	9
chr12:72500000-73000000	chr12	72500000	2	0.434036	0	1
chr12:73000000-73500000	chr12	73000000	5	0.435364	0	4
chr12:73500000-74000000	chr12	73500000	5	0.418272	0	4
chr12:74000000-74500000	chr12	74000000	8	0.419578	0	8
chr12:74500000-75000000	chr12	74500000	4	0.447318	0	2
chr12:75000000-75500000	chr12	75000000	5	0.417522	0	5
chr12:75500000-76000000	chr12	75500000	0	0.391226	0	0
chr12:76000000-76500000	chr12	76000000	2	0.405306	0	1
chr12:76500000-77000000	chr12	76500000	6	0.432084	0	4
chr12:77000000-77500000	chr12	77000000	7	0.44302	0	4
chr12:77500000-78000000	chr12	77500000	12	0.469748	0	8
chr12:78000000-78500000	chr12	78000000	2	0.421846	0	2
chr12:78500000-79000000	chr12	78500000	0	0.427526	0	0
chr12:79000000-79500000	chr12	79000000	2	0.395186	0	1
chr12:79500000-80000000	chr12	79500000	4	0.377296	0	2
chr12:80000000-80500000	chr12	80000000	11	0.445552	0	7
chr12:80500000-81000000	chr12	80500000	0	0.427986	0	0
chr12:81000000-81500000	chr12	81000000	6	0.46936	0	8
chr12:81500000-82000000	chr12	81500000	10	0.450826	0	9
chr12:82000000-82500000	chr12	82000000	9	0.441968	0	3
chr12:82500000-83000000	chr12	82500000	9	0.43489	0	7
chr12:83000000-83500000	chr12	83000000	1	0.441606	0	1
chr12:83500000-84000000	chr12	83500000	2	0.438388	0	1
chr12:84000000-84500000	chr12	84000000	1	0.458437	0.06628	0
chr12:84500000-85000000	chr12	84500000	4	0.459695	0.03372	5
chr12:85000000-85500000	chr12	85000000	13	0.44173	0	12
chr12:85500000-86000000	chr12	85500000	13	0.455198	0	11
chr12:86000000-86500000	chr12	86000000	11	0.461822	0	6
chr12:86500000-87000000	chr12	86500000	10	0.465986	0	14
chr12:87000000-87500000	chr12	87000000	7	0.454798	0	5
chr12:87500000-88000000	chr12	87500000	3	0.472964	0	5
chr12:88000000-88500000	chr12	88000000	13	0.481724	0	10
chr12:88500000-89000000	chr12	88500000	14	0.431061	0.006214	6
chr12:89000000-89500000	chr12	89000000	11	0.421282	0.093786	0
chr12:89500000-90000000	chr12	89500000	6	0.434802	0	2
chr12:90000000-90500000	chr12	90000000	1	0.402732	0	1
chr12:90500000-91000000	chr12	90500000	0	0.38692	0	0
chr12:91000000-91500000	chr12	91000000	0	0.386932	0	0
chr12:91500000-92000000	chr12	91500000	1	0.384086	0	0
chr12:92000000-92500000	chr12	92000000	1	0.399638	0	0
chr12:92500000-93000000	chr12	92500000	4	0.426692	0	2
chr12:93000000-93500000	chr12	93000000	2	0.412508	0	2
chr12:93500000-94000000	chr12	93500000	0	0.378216	0	0
chr12:94000000-94500000	chr12	94000000	0	0.371872	0	0
chr12:94500000-95000000	chr12	94500000	1	0.367792	0	0
chr12:95000000-95500000	chr12	95000000	1	0.366275	0.0004	0
chr12:95500000-96000000	chr12	95500000	0	0.369228	0	0
chr12:96000000-96500000	chr12	96000000	0	0.367312	0	0
chr12:96500000-97000000	chr12	96500000	1	0.380786	0	1
chr12:97000000-97500000	chr12	97000000	1	0.378126	0	0
chr12:97500000-98000000	chr12	97500000	0	0.36295	0	0
chr12:98000000-98500000	chr12	98000000	0	0.369186	0	0
chr12:98500000-99000000	chr12	98500000	0	0.381124	0	0
chr12:99000000-99500000	chr12	99000000	2	0.411814	0	1
chr12:99500000-100000000	chr12	99500000	6	0.430172	0	5
chr12:100000000-100500000	chr12	100000000	3	0.430644	0	1
chr12:100500000-101000000	chr12	100500000	5	0.454388	0	3
chr12:101000000-101500000	chr12	101000000	7	0.45068	0	8
chr12:101500000-102000000	chr12	101500000	3	0.441604	0	2
chr12:102000000-102500000	chr12	102000000	8	0.447524	0	4
chr12:102500000-103000000	chr12	102500000	2	0.38988	0	1
chr12:103000000-103500000	chr12	103000000	7	0.449896	0	5
chr12:103500000-104000000	chr12	103500000	11	0.484698	0	6
chr12:104000000-104500000	chr12	104000000	4	0.43259	0	3
chr12:104500000-105000000	chr12	104500000	15	0.461274	0	4
chr12:105000000-105500000	chr12	105000000	15	0.461168	0	0
chr12:105500000-106000000	chr12	105500000	8	0.46473	0	5
chr12:106000000-106500000	chr12	106000000	13	0.488348	0	3
chr12:106500000-107000000	chr12	106500000	9	0.479276	0	2
chr12:107000000-107500000	chr12	107000000	4	0.470954	0	7
chr12:107500000-108000000	chr12	107500000	2	0.459898	0	0
chr12:108000000-108500000	chr12	108000000	1	0.456844	0	0
chr12:108500000-109000000	chr12	108500000	1	0.458882	0	0
chr12:109000000-109500000	chr12	109000000	3	0.489624	0	6
chr12:109500000-110000000	chr12	109500000	8	0.480488	0	12
chr12:110000000-110500000	chr12	110000000	7	0.468742	0	6
chr12:110500000-111000000	chr12	110500000	74	0.45659	0	4
chr12:111000000-111500000	chr12	111000000	1	0.467822	0	2
chr12:111500000-112000000	chr12	111500000	10	0.479238	0	8
chr12:112000000-112500000	chr12	112000000	10	0.469302	0	9
chr12:112500000-113000000	chr12	112500000	15	0.487262	0	17
chr12:113000000-113500000	chr12	113000000	13	0.496246	0	10
chr12:113500000-114000000	chr12	113500000	14	0.517294	0	11
chr12:114000000-114500000	chr12	114000000	17	0.517398	0	19
chr12:114500000-115000000	chr12	114500000	2	0.433994	0	0
chr12:115000000-115500000	chr12	115000000	0	0.38958	0	0
chr12:115500000-116000000	chr12	115500000	2	0.392146	0	1
chr12:116000000-116500000	chr12	116000000	0	0.389917	2e-06	0
chr12:116500000-117000000	chr12	116500000	2	0.392282	0	0
chr12:117000000-117500000	chr12	117000000	2	0.408054	0.000236	2
chr12:117500000-118000000	chr12	117500000	5	0.42827	0	4
chr12:118000000-118500000	chr12	118000000	2	0.453176	0	1
chr12:118500000-119000000	chr12	118500000	2	0.435552	0	1
chr12:119000000-119500000	chr12	119000000	2	0.419664	0	2
chr12:119500000-120000000	chr12	119500000	2	0.409386	0	1
chr12:120000000-120500000	chr12	120000000	3	0.390858	0	5
chr12:120500000-121000000	chr12	120500000	1	0.381598	0	0
chr12:121000000-121257530	chr12	121000000	1	0.377331	0	0
chr13:0-500000	chr13	0	0	nan	1	0
chr13:500000-1000000	chr13	500000	0	nan	1	0
chr13:1000000-1500000	chr13	1000000	0	nan	1	0
chr13:1500000-2000000	chr13	1500000	0	nan	1	0
chr13:2000000-2500000	chr13	2000000	0	nan	1	0
chr13:2500000-3000000	chr13	2500000	0	nan	1	0
chr13:3000000-3500000	chr13	3000000	2	0.419584	0	2
chr13:3500000-4000000	chr13	3500000	9	0.426308	0	5
chr13:4000000-4500000	chr13	4000000	7	0.390086	0	0
chr13:4500000-5000000	chr13	4500000	3	0.382652	0	0
chr13:5000000-5500000	chr13	5000000	0	0.380446	0	0
chr13:5500000-6000000	chr13	5500000	2	0.389572	0	1
chr13:6000000-6500000	chr13	6000000	0	0.39714	0	0
chr13:6500000-7000000	chr13	6500000	2	0.420972	0	2
chr13:7000000-7500000	chr13	7000000	0	0.386702	0	0
chr13:7500000-8000000	chr13	7500000	0	0.379746	0	0
chr13:8000000-8500000	chr13	8000000	1	0.39529	0	0
chr13:8500000-9000000	chr13	8500000	5	0.42171	0	3
chr13:9000000-9500000	chr13	9000000	2	0.41932	0	3
chr13:9500000-10000000	chr13	9500000	1	0.414412	0	1
chr13:10000000-10500000	chr13	10000000	1	0.398582	0	1
chr13:10500000-11000000	chr13	10500000	0	0.39254	0	0
chr13:11000000-11500000	chr13	11000000	0	0.397696	0.26389	0
chr13:11500000-12000000	chr13	11500000	1	0.410124	0	0
chr13:12000000-12500000	chr13	12000000	5	0.438766	0	3
chr13:12500000-13000000	chr13	12500000	6	0.423194	0	5
chr13:13000000-13500000	chr13	13000000	3	0.394064	0	2
chr13:13500000-14000000	chr13	13500000	3	0.424376	0	3
chr13:14000000-14500000	chr13	14000000	4	0.401246	0	3
chr13:14500000-15000000	chr13	14500000	4	0.396	0	1
chr13:15000000-15500000	chr13	15000000	0	0.392683	0.0002	0
chr13:15500000-16000000	chr13	15500000	3	0.41025	0	1
chr13:16000000-16500000	chr13	16000000	2	0.391584	0	0
chr13:16500000-17000000	chr13	16500000	0	0.387486	0	0
chr13:17000000-17500000	chr13	17000000	0	0.38472	0	0
chr13:17500000-18000000	chr13	17500000	4	0.392888	0	2
chr13:18000000-18500000	chr13	18000000	4	0.407846	0	2
chr13:18500000-19000000	chr13	18500000	1	0.39636	0	0
chr13:19000000-19500000	chr13	19000000	2	0.40495	0	2
chr13:19500000-20000000	chr13	19500000	6	0.399836	0	2
chr13:20000000-20500000	chr13	20000000	1	0.42221	0	2
chr13:20500000-21000000	chr13	20500000	1	0.416538	0	0
chr13:21000000-21500000	chr13	21000000	10	0.414324	0	4
chr13:21500000-22000000	chr13	21500000	35	0.415046	0	17
chr13:22000000-22500000	chr13	22000000	20	0.411394	0	8
chr13:22500000-23000000	chr13	22500000	13	0.399666	0	0
chr13:23000000-23500000	chr13	23000000	15	0.40576	0	2
chr13:23500000-24000000	chr13	23500000	39	0.421126	0	29
chr13:24000000-24500000	chr13	24000000	7	0.43773	0	1
chr13:24500000-25000000	chr13	24500000	9	0.442042	0	6
chr13:25000000-25500000	chr13	25000000	7	0.431898	0	4
chr13:25500000-26000000	chr13	25500000	0	0.389842	0	0
chr13:26000000-26500000	chr13	26000000	2	0.377984	0	0
chr13:26500000-27000000	chr13	26500000	1	0.383082	0	0
chr13:27000000-27500000	chr13	27000000	10	0.370324	0	0
chr13:27500000-28000000	chr13	27500000	11	0.371792	0	0
chr13:28000000-28500000	chr13	28000000	2	0.388176	0	0
chr13:28500000-29000000	chr13	28500000	2	0.423796	0	0
chr13:29000000-29500000	chr13	29000000	2	0.4337	0	3
chr13:29500000-30000000	chr13	29500000	1	0.414646	0	1
chr13:30000000-30500000	chr13	30000000	3	0.434646	0	2
chr13:30500000-31000000	chr13	30500000	4	0.427538	0	3
chr13:31000000-31500000	chr13	31000000	3	0.421362	0	1
chr13:31500000-32000000	chr13	31500000	4	0.442132	0	8
chr13:32000000-32500000	chr13	32000000	1	0.392182	0	1
chr13:32500000-33000000	chr13	32500000	3	0.420482	0	1
chr13:33000000-33500000	chr13	33000000	11	0.405578	0	0
chr13:33500000-34000000	chr13	33500000	5	0.405184	0	0
chr13:34000000-34500000	chr13	34000000	10	0.440602	0	7
chr13:34500000-35000000	chr13	34500000	4	0.4306	0	4
chr13:35000000-35500000	chr13	35000000	7	0.418964	0	1
chr13:35500000-36000000	chr13	35500000	2	0.427204	0	2
chr13:36000000-36500000	chr13	36000000	3	0.419606	0	3
chr13:36500000-37000000	chr13	36500000	1	0.429448	0	5
chr13:37000000-37500000	chr13	37000000	2	0.418544	0	0
chr13:37500000-38000000	chr13	37500000	3	0.455532	0	3
chr13:38000000-38500000	chr13	38000000	6	0.448314	0	6
chr13:38500000-39000000	chr13	38500000	4	0.437998	0	3
chr13:39000000-39500000	chr13	39000000	2	0.40568	0	1
chr13:39500000-40000000	chr13	39500000	2	0.39895	0.072	0
chr13:40000000-40500000	chr13	40000000	1	0.399728	0	0
chr13:40500000-41000000	chr13	40500000	3	0.437496	0	7
chr13:41000000-41500000	chr13	41000000	8	0.442712	0	7
chr13:41500000-42000000	chr13	41500000	4	0.434294	0	1
chr13:42000000-42500000	chr13	42000000	2	0.425846	0	3
chr13:42500000-43000000	chr13	42500000	1	0.419582	0	0
chr13:43000000-43500000	chr13	43000000	4	0.45507	0	7
chr13:43500000-44000000	chr13	43500000	5	0.44152	0	4
chr13:44000000-44500000	chr13	44000000	2	0.449258	0	0
chr13:44500000-45000000	chr13	44500000	3	0.439052	0	3
chr13:45000000-45500000	chr13	45000000	2	0.439534	0	3
chr13:45500000-46000000	chr13	45500000	1	0.446922	0	2
chr13:46000000-46500000	chr13	46000000	3	0.435094	0	2
chr13:46500000-47000000	chr13	46500000	4	0.439292	0	4
chr13:47000000-47500000	chr13	47000000	7	0.447192	0	6
chr13:47500000-48000000	chr13	47500000	1	0.416008	0	0
chr13:48000000-48500000	chr13	48000000	6	0.429982	0	2
chr13:48500000-49000000	chr13	48500000	8	0.465836	0	11
chr13:49000000-49500000	chr13	49000000	8	0.482048	0	8
chr13:49500000-50000000	chr13	49500000	8	0.42351	0	3
chr13:50000000-50500000	chr13	50000000	1	0.429938	0	0
chr13:50500000-51000000	chr13	50500000	8	0.431926	0	1
chr13:51000000-51500000	chr13	51000000	4	0.455958	0	3
chr13:51500000-52000000	chr13	51500000	6	0.473522	0	8
chr13:52000000-52500000	chr13	52000000	1	0.46982	0	0
chr13:52500000-53000000	chr13	52500000	4	0.467428	0	3
chr13:53000000-53500000	chr13	53000000	5	0.470918	0	7
chr13:53500000-54000000	chr13	53500000	3	0.453464	0	3
chr13:54000000-54500000	chr13	54000000	6	0.463468	0.026	5
chr13:54500000-55000000	chr13	54500000	16	0.4782	0	13
chr13:55000000-55500000	chr13	55000000	13	0.464066	0	14
chr13:55500000-56000000	chr13	55500000	23	0.486036	0	22
chr13:56000000-56500000	chr13	56000000	6	0.485486	0	5
chr13:56500000-57000000	chr13	56500000	9	0.472792	0	5
chr13:57000000-57500000	chr13	57000000	1	0.445024	0	0
chr13:57500000-58000000	chr13	57500000	0	0.45935	0	0
chr13:58000000-58500000	chr13	58000000	12	0.457432	0	6
chr13:58500000-59000000	chr13	58500000	5	0.45197	0	3
chr13:59000000-59500000	chr13	59000000	3	0.452654	0	0
chr13:59500000-60000000	chr13	59500000	12	0.454882	0	4
chr13:60000000-60500000	chr13	60000000	3	0.451818	0	1
chr13:60500000-61000000	chr13	60500000	5	0.445834	0	1
chr13:61000000-61500000	chr13	61000000	10	0.39031	0	0
chr13:61500000-62000000	chr13	61500000	4	0.400646	0	1
chr13:62000000-62500000	chr13	62000000	3	0.40892	0	0
chr13:62500000-63000000	chr13	62500000	8	0.417568	0	2
chr13:63000000-63500000	chr13	63000000	6	0.442142	0	2
chr13:63500000-64000000	chr13	63500000	4	0.425978	0	6
chr13:64000000-64500000	chr13	64000000	8	0.440218	0	5
chr13:64500000-65000000	chr13	64500000	2	0.403332	0	1
chr13:65000000-65500000	chr13	65000000	10	0.401207	2e-06	8
chr13:65500000-66000000	chr13	65500000	2	0.4028	0	4
chr13:66000000-66500000	chr13	66000000	1	0.404344	0	3
chr13:66500000-67000000	chr13	66500000	1	0.40178	0	2
chr13:67000000-67500000	chr13	67000000	18	0.407336	0	2
chr13:67500000-68000000	chr13	67500000	19	0.411324	0	2
chr13:68000000-68500000	chr13	68000000	2	0.434711	0.1	0
chr13:68500000-69000000	chr13	68500000	3	0.429686	0	1
chr13:69000000-69500000	chr13	69000000	2	0.418072	0	1
chr13:69500000-70000000	chr13	69500000	6	0.46133	0	4
chr13:70000000-70500000	chr13	70000000	4	0.43525	0	0
chr13:70500000-71000000	chr13	70500000	4	0.437934	0	1
chr13:71000000-71500000	chr13	71000000	2	0.42418	0	0
chr13:71500000-72000000	chr13	71500000	0	0.421945	0.002476	0
chr13:72000000-72500000	chr13	72000000	1	0.43501	0	2
chr13:72500000-73000000	chr13	72500000	3	0.442618	0	2
chr13:73000000-73500000	chr13	73000000	5	0.449256	0	7
chr13:73500000-74000000	chr13	73500000	9	0.474324	0	6
chr13:74000000-74500000	chr13	74000000	12	0.441846	0	10
chr13:74500000-75000000	chr13	74500000	7	0.405768	0	3
chr13:75000000-75500000	chr13	75000000	1	0.387724	0	0
chr13:75500000-76000000	chr13	75500000	3	0.401232	0	1
chr13:76000000-76500000	chr13	76000000	7	0.400402	0	3
chr13:76500000-77000000	chr13	76500000	1	0.387548	0.0002	1
chr13:77000000-77500000	chr13	77000000	2	0.381994	0	1
chr13:77500000-78000000	chr13	77500000	1	0.392764	0	1
chr13:78000000-78500000	chr13	78000000	3	0.393734	0	6
chr13:78500000-79000000	chr13	78500000	0	0.383224	0	0
chr13:79000000-79500000	chr13	79000000	0	0.36826	0	0
chr13:79500000-80000000	chr13	79500000	0	0.37548	0	0
chr13:80000000-80500000	chr13	80000000	0	0.367698	0	0
chr13:80500000-81000000	chr13	80500000	0	0.37847	0	0
chr13:81000000-81500000	chr13	81000000	3	0.405318	0	4
chr13:81500000-82000000	chr13	81500000	5	0.401644	0	4
chr13:82000000-82500000	chr13	82000000	0	0.388434	0	0
chr13:82500000-83000000	chr13	82500000	1	0.3678	0	0
chr13:83000000-83500000	chr13	83000000	0	0.371126	0	0
chr13:83500000-84000000	chr13	83500000	4	0.384803	0.001	4
chr13:84000000-84500000	chr13	84000000	4	0.38345	0	1
chr13:84500000-85000000	chr13	84500000	0	0.38104	0	0
chr13:85000000-85500000	chr13	85000000	2	0.376492	0	2
chr13:85500000-86000000	chr13	85500000	0	0.382734	0	0
chr13:86000000-86500000	chr13	86000000	1	0.376214	0	1
chr13:86500000-87000000	chr13	86500000	0	0.371466	0	0
chr13:87000000-87500000	chr13	87000000	0	0.367724	0	0
chr13:87500000-88000000	chr13	87500000	0	0.368552	0	0
chr13:88000000-88500000	chr13	88000000	0	0.361036	0	0
chr13:88500000-89000000	chr13	88500000	2	0.367734	0	1
chr13:89000000-89500000	chr13	89000000	0	0.360282	0	0
chr13:89500000-90000000	chr13	89500000	2	0.381524	0	2
chr13:90000000-90500000	chr13	90000000	2	0.37781	0	1
chr13:90500000-91000000	chr13	90500000	0	0.393998	0	0
chr13:91000000-91500000	chr13	91000000	3	0.412526	0	2
chr13:91500000-92000000	chr13	91500000	5	0.407008	0	3
chr13:92000000-92500000	chr13	92000000	1	nan	0.7261	0
chr13:92500000-93000000	chr13	92500000	1	nan	0.582702	1
chr13:93000000-93500000	chr13	93000000	7	0.430158	0	4
chr13:93500000-94000000	chr13	93500000	6	0.428396	0	3
chr13:94000000-94500000	chr13	94000000	6	0.41892	0	3
chr13:94500000-95000000	chr13	94500000	3	0.447756	0	3
chr13:95000000-95500000	chr13	95000000	3	0.433658	0	5
chr13:95500000-96000000	chr13	95500000	3	0.433294	0	8
chr13:96000000-96500000	chr13	96000000	9	0.445854	0	6
chr13:96500000-97000000	chr13	96500000	3	0.437238	0	4
chr13:97000000-97500000	chr13	97000000	5	0.41215	0	3
chr13:97500000-98000000	chr13	97500000	7	0.421638	0	5
chr13:98000000-98500000	chr13	98000000	3	0.44827	0	1
chr13:98500000-99000000	chr13	98500000	3	0.440314	0	1
chr13:99000000-99500000	chr13	99000000	8	0.4504	0	12
chr13:99500000-100000000	chr13	99500000	6	0.432176	0	3
chr13:100000000-100500000	chr13	100000000	5	0.448172	0	2
chr13:100500000-101000000	chr13	100500000	6	0.429076	0	5
chr13:101000000-101500000	chr13	101000000	11	0.426774	0	5
chr13:101500000-102000000	chr13	101500000	5	0.422428	0	6
chr13:102000000-102500000	chr13	102000000	5	0.414888	0	1
chr13:102500000-103000000	chr13	102500000	1	0.408668	0	1
chr13:103000000-103500000	chr13	103000000	1	0.412437	0.040246	0
chr13:103500000-104000000	chr13	103500000	1	0.430052	0	0
chr13:104000000-104500000	chr13	104000000	2	0.429688	0	2
chr13:104500000-105000000	chr13	104500000	7	0.4139	0	4
chr13:105000000-105500000	chr13	105000000	3	0.390152	0	1
chr13:105500000-106000000	chr13	105500000	5	0.403852	0	3
chr13:106000000-106500000	chr13	106000000	2	0.391088	0	2
chr13:106500000-107000000	chr13	106500000	0	0.373484	0	0
chr13:107000000-107500000	chr13	107000000	0	0.397566	0	0
chr13:107500000-108000000	chr13	107500000	6	0.416142	0	3
chr13:108000000-108500000	chr13	108000000	2	0.429646	0	1
chr13:108500000-109000000	chr13	108500000	4	0.43006	0	3
chr13:109000000-109500000	chr13	109000000	3	0.415454	0	2
chr13:109500000-110000000	chr13	109500000	0	0.389124	0	1
chr13:110000000-110500000	chr13	110000000	1	0.402248	0	0
chr13:110500000-111000000	chr13	110500000	1	0.41705	0	1
chr13:111000000-111500000	chr13	111000000	4	0.40623	0	1
chr13:111500000-112000000	chr13	111500000	2	0.398506	0	0
chr13:112000000-112500000	chr13	112000000	5	0.42908	0	2
chr13:112500000-113000000	chr13	112500000	3	0.44697	0	5
chr13:113000000-113500000	chr13	113000000	5	0.432012	0	2
chr13:113500000-114000000	chr13	113500000	14	0.433238	0	9
chr13:114000000-114500000	chr13	114000000	4	0.439348	0	2
chr13:114500000-115000000	chr13	114500000	2	0.429898	0	1
chr13:115000000-115500000	chr13	115000000	4	0.40943	0	3
chr13:115500000-116000000	chr13	115500000	4	0.40674	0	2
chr13:116000000-116500000	chr13	116000000	0	0.371774	0	0
chr13:116500000-117000000	chr13	116500000	0	0.373822	0	0
chr13:117000000-117500000	chr13	117000000	1	0.38553	0.012	2
chr13:117500000-118000000	chr13	117500000	3	0.404712	0	1
chr13:118000000-118500000	chr13	118000000	2	0.387112	0	2
chr13:118500000-119000000	chr13	118500000	1	0.368262	0	0
chr13:119000000-119500000	chr13	119000000	3	0.377032	0	1
chr13:119500000-120000000	chr13	119500000	1	0.382394	0	1
chr13:120000000-120284312	chr13	120000000	5	0.40419	0	4
chr14:0-500000	chr14	0	0	nan	1	0
chr14:500000-1000000	chr14	500000	0	nan	1	0
chr14:1000000-1500000	chr14	1000000	0	nan	1	0
chr14:1500000-2000000	chr14	1500000	0	nan	1	0
chr14:2000000-2500000	chr14	2000000	0	nan	1	0
chr14:2500000-3000000	chr14	2500000	0	nan	1	0
chr14:3000000-3500000	chr14	3000000	5	0.425396	0.1	5
chr14:3500000-4000000	chr14	3500000	3	0.425329	0.0002	4
chr14:4000000-4500000	chr14	4000000	2	0.42274	0	4
chr14:4500000-5000000	chr14	4500000	2	0.424702	0	4
chr14:5000000-5500000	chr14	5000000	2	0.42453	0	3
chr14:5500000-6000000	chr14	5500000	2	0.42445	0.2	4
chr14:6000000-6500000	chr14	6000000	2	0.423049	0.1	6
chr14:6500000-7000000	chr14	6500000	4	0.424487	0.1	6
chr14:7000000-7500000	chr14	7000000	2	0.422636	0.1	2
chr14:7500000-8000000	chr14	7500000	5	0.422662	0	5
chr14:8000000-8500000	chr14	8000000	6	0.427516	0	7
chr14:8500000-9000000	chr14	8500000	8	0.448174	0	5
chr14:9000000-9500000	chr14	9000000	8	0.436846	0	3
chr14:9500000-10000000	chr14	9500000	0	0.39786	0	0
chr14:10000000-10500000	chr14	10000000	1	0.411196	0	0
chr14:10500000-11000000	chr14	10500000	1	0.396788	0	0
chr14:11000000-11500000	chr14	11000000	0	0.398232	0	0
chr14:11500000-12000000	chr14	11500000	2	0.402984	0	1
chr14:12000000-12500000	chr14	12000000	2	0.421804	0	1
chr14:12500000-13000000	chr14	12500000	0	0.433596	0	0
chr14:13000000-13500000	chr14	13000000	2	0.423496	0	3
chr14:13500000-14000000	chr14	13500000	1	0.407746	0	1
chr14:14000000-14500000	chr14	14000000	2	0.40064	0	0
chr14:14500000-15000000	chr14	14500000	5	0.412208	0	4
chr14:15000000-15500000	chr14	15000000	3	0.407174	0	1
chr14:15500000-16000000	chr14	15500000	2	0.409028	0	1
chr14:16000000-16500000	chr14	16000000	2	0.404248	0	1
chr14:16500000-17000000	chr14	16500000	0	0.4005	0	0
chr14:17000000-17500000	chr14	17000000	3	0.41139	0	4
chr14:17500000-18000000	chr14	17500000	2	0.407052	0	0
chr14:18000000-18500000	chr14	18000000	1	0.404264	0	2
chr14:18500000-19000000	chr14	18500000	0	0.416532	0	0
chr14:19000000-19500000	chr14	19000000	4	0.425952	0	4
chr14:19500000-20000000	chr14	19500000	1	0.407772	0	2
chr14:20000000-20500000	chr14	20000000	2	0.419762	0.1	1
chr14:20500000-21000000	chr14	20500000	5	0.446908	0	3
chr14:21000000-21500000	chr14	21000000	16	0.434174	0	8
chr14:21500000-22000000	chr14	21500000	12	0.429882	0	9
chr14:22000000-22500000	chr14	22000000	1	0.420134	0	1
chr14:22500000-23000000	chr14	22500000	8	0.451448	0	9
chr14:23000000-23500000	chr14	23000000	1	0.428894	0	0
chr14:23500000-24000000	chr14	23500000	1	0.410648	0	0
chr14:24000000-24500000	chr14	24000000	0	0.418666	0	0
chr14:24500000-25000000	chr14	24500000	3	0.458512	0	2
chr14:25000000-25500000	chr14	25000000	4	0.458949	0.03455	3
chr14:25500000-26000000	chr14	25500000	2	0.46973	0.069912	1
chr14:26000000-26500000	chr14	26000000	4	0.502816	0	4
chr14:26500000-27000000	chr14	26500000	14	0.475476	0	7
chr14:27000000-27500000	chr14	27000000	10	0.42876	0	7
chr14:27500000-28000000	chr14	27500000	6	0.426095	0.0034	3
chr14:28000000-28500000	chr14	28000000	3	0.430074	0	4
chr14:28500000-29000000	chr14	28500000	0	0.41382	0	0
chr14:29000000-29500000	chr14	29000000	2	0.43318	0	3
chr14:29500000-30000000	chr14	29500000	1	0.424982	0	0
chr14:30000000-30500000	chr14	30000000	0	0.430916	0	0
chr14:30500000-31000000	chr14	30500000	6	0.457614	0	4
chr14:31000000-31500000	chr14	31000000	7	0.453104	0	4
chr14:31500000-32000000	chr14	31500000	17	0.446594	0	8
chr14:32000000-32500000	chr14	32000000	13	0.469504	0	7
chr14:32500000-33000000	chr14	32500000	6	0.433132	0	4
chr14:33000000-33500000	chr14	33000000	9	0.449056	0	7
chr14:33500000-34000000	chr14	33500000	5	0.455624	0	1
chr14:34000000-34500000	chr14	34000000	3	0.447192	0	3
chr14:34500000-35000000	chr14	34500000	11	0.460396	0	2
chr14:35000000-35500000	chr14	35000000	14	0.44667	0	5
chr14:35500000-36000000	chr14	35500000	2	0.447768	0	4
chr14:36000000-36500000	chr14	36000000	0	0.407648	0	0
chr14:36500000-37000000	chr14	36500000	2	0.391582	0	0
chr14:37000000-37500000	chr14	37000000	0	0.38918	0	0
chr14:37500000-38000000	chr14	37500000	7	0.421292	0	2
chr14:38000000-38500000	chr14	38000000	0	0.397896	0	0
chr14:38500000-39000000	chr14	38500000	0	0.38454	0	0
chr14:39000000-39500000	chr14	39000000	0	0.377785	0.0004	0
chr14:39500000-40000000	chr14	39500000	1	0.370752	0	0
chr14:40000000-40500000	chr14	40000000	3	0.379944	0	2
chr14:40500000-41000000	chr14	40500000	0	0.377846	0	0
chr14:41000000-41500000	chr14	41000000	0	0.38543	0	0
chr14:41500000-42000000	chr14	41500000	9	0.435672	0	3
chr14:42000000-42500000	chr14	42000000	8	0.413056	0.1	1
chr14:42500000-43000000	chr14	42500000	4	0.41468	0	0
chr14:43000000-43500000	chr14	43000000	5	0.41714	0.1	1
chr14:43500000-44000000	chr14	43500000	10	0.412768	0	1
chr14:44000000-44500000	chr14	44000000	6	0.418002	0	0
chr14:44500000-45000000	chr14	44500000	14	0.418753	0.026318	0
chr14:45000000-45500000	chr14	45000000	5	0.412942	0.073682	1
chr14:45500000-46000000	chr14	45500000	8	0.409584	0	5
chr14:46000000-46500000	chr14	46000000	5	0.433986	0	3
chr14:46500000-47000000	chr14	46500000	2	0.415554	0	0
chr14:47000000-47500000	chr14	47000000	9	0.438948	0	7
chr14:47500000-48000000	chr14	47500000	8	0.448834	0	5
chr14:48000000-48500000	chr14	48000000	5	0.436602	0	4
chr14:48500000-49000000	chr14	48500000	3	0.445064	0	1
chr14:49000000-49500000	chr14	49000000	4	0.434238	0	5
chr14:49500000-50000000	chr14	49500000	4	0.408124	0	3
chr14:50000000-50500000	chr14	50000000	3	0.402608	0	0
chr14:50500000-51000000	chr14	50500000	15	0.381826	0	1
chr14:51000000-51500000	chr14	51000000	19	0.40439	0	1
chr14:51500000-52000000	chr14	51500000	22	0.432324	0	3
chr14:52000000-52500000	chr14	52000000	8	0.40661	0	1
chr14:52500000-53000000	chr14	52500000	21	0.442048	0	13
chr14:53000000-53500000	chr14	53000000	5	0.406642	0	0
chr14:53500000-54000000	chr14	53500000	1	0.41346	0	0
chr14:54000000-54500000	chr14	54000000	0	0.4115	0	0
chr14:54500000-55000000	chr14	54500000	5	0.432915	0.0002	2
chr14:55000000-55500000	chr14	55000000	23	0.469623	0.000918	18
chr14:55500000-56000000	chr14	55500000	19	0.469602	0	7
chr14:56000000-56500000	chr14	56000000	31	0.478496	0	19
chr14:56500000-57000000	chr14	56500000	21	0.439234	0	3
chr14:57000000-57500000	chr14	57000000	9	0.412666	0	6
chr14:57500000-58000000	chr14	57500000	5	0.43944	0	5
chr14:58000000-58500000	chr14	58000000	12	0.430836	0	10
chr14:58500000-59000000	chr14	58500000	4	0.432912	0	5
chr14:59000000-59500000	chr14	59000000	0	0.420706	0	0
chr14:59500000-60000000	chr14	59500000	6	0.415498	0	1
chr14:60000000-60500000	chr14	60000000	6	0.431614	0	3
chr14:60500000-61000000	chr14	60500000	6	0.436042	0	5
chr14:61000000-61500000	chr14	61000000	3	0.456162	0	2
chr14:61500000-62000000	chr14	61500000	6	0.4396	0	5
chr14:62000000-62500000	chr14	62000000	8	0.422516	0	7
chr14:62500000-63000000	chr14	62500000	2	0.43166	0	2
chr14:63000000-63500000	chr14	63000000	9	0.431778	0	3
chr14:63500000-64000000	chr14	63500000	12	0.460559	6e-06	7
chr14:64000000-64500000	chr14	64000000	8	0.459352	0	7
chr14:64500000-65000000	chr14	64500000	8	0.46429	0	1
chr14:65000000-65500000	chr14	65000000	6	0.44339	0	3
chr14:65500000-66000000	chr14	65500000	7	0.44181	0	7
chr14:66000000-66500000	chr14	66000000	7	0.453638	0	4
chr14:66500000-67000000	chr14	66500000	10	0.461662	0	3
chr14:67000000-67500000	chr14	67000000	2	0.440552	0	2
chr14:67500000-68000000	chr14	67500000	6	0.448996	0	7
chr14:68000000-68500000	chr14	68000000	6	0.439575	0.007636	1
chr14:68500000-69000000	chr14	68500000	4	0.427292	0	3
chr14:69000000-69500000	chr14	69000000	3	0.396094	0	0
chr14:69500000-70000000	chr14	69500000	9	0.440898	0	4
chr14:70000000-70500000	chr14	70000000	10	0.480234	0	9
chr14:70500000-71000000	chr14	70500000	17	0.477986	0	14
chr14:71000000-71500000	chr14	71000000	8	0.451832	0	8
chr14:71500000-72000000	chr14	71500000	2	0.417254	0	0
chr14:72000000-72500000	chr14	72000000	1	0.408714	0	0
chr14:72500000-73000000	chr14	72500000	0	0.43348	0	1
chr14:73000000-73500000	chr14	73000000	3	0.411984	0	2
chr14:73500000-74000000	chr14	73500000	8	0.420742	0	6
chr14:74000000-74500000	chr14	74000000	0	0.402326	0	0
chr14:74500000-75000000	chr14	74500000	1	0.393558	0	0
chr14:75000000-75500000	chr14	75000000	6	0.435786	0	3
chr14:75500000-76000000	chr14	75500000	6	0.43552	0	2
chr14:76000000-76500000	chr14	76000000	8	0.43927	0	4
chr14:76500000-77000000	chr14	76500000	6	0.449524	0	4
chr14:77000000-77500000	chr14	77000000	4	0.431274	0	1
chr14:77500000-78000000	chr14	77500000	2	0.425512	0	1
chr14:78000000-78500000	chr14	78000000	4	0.425444	0	1
chr14:78500000-79000000	chr14	78500000	4	0.4241	0	2
chr14:79000000-79500000	chr14	79000000	2	0.426796	0	3
chr14:79500000-80000000	chr14	79500000	10	0.433282	0	6
chr14:80000000-80500000	chr14	80000000	7	0.434728	0	3
chr14:80500000-81000000	chr14	80500000	0	0.399308	0	0
chr14:81000000-81500000	chr14	81000000	0	0.375258	0	0
chr14:81500000-82000000	chr14	81500000	0	0.365132	0	0
chr14:82000000-82500000	chr14	82000000	0	0.364432	0	0
chr14:82500000-83000000	chr14	82500000	0	0.365474	0	0
chr14:83000000-83500000	chr14	83000000	0	0.358756	0	0
chr14:83500000-84000000	chr14	83500000	0	0.358658	0	0
chr14:84000000-84500000	chr14	84000000	1	0.359754	0	0
chr14:84500000-85000000	chr14	84500000	3	0.365056	0	3
chr14:85000000-85500000	chr14	85000000	0	0.364394	0	0
chr14:85500000-86000000	chr14	85500000	0	0.367774	0	0
chr14:86000000-86500000	chr14	86000000	0	0.369922	0	0
chr14:86500000-87000000	chr14	86500000	2	0.394046	0	0
chr14:87000000-87500000	chr14	87000000	0	0.394088	0	0
chr14:87500000-88000000	chr14	87500000	2	0.405096	0	2
chr14:88000000-88500000	chr14	88000000	0	0.387368	0	0
chr14:88500000-89000000	chr14	88500000	1	0.368154	0	0
chr14:89000000-89500000	chr14	89000000	0	0.361918	0	0
chr14:89500000-90000000	chr14	89500000	0	0.360412	0	0
chr14:90000000-90500000	chr14	90000000	1	0.356668	0	1
chr14:90500000-91000000	chr14	90500000	1	0.359658	0	0
chr14:91000000-91500000	chr14	91000000	0	0.35934	0	0
chr14:91500000-92000000	chr14	91500000	0	0.359659	0.001888	0
chr14:92000000-92500000	chr14	92000000	0	0.37122	0	0
chr14:92500000-93000000	chr14	92500000	0	0.362348	0	0
chr14:93000000-93500000	chr14	93000000	0	0.372292	0	0
chr14:93500000-94000000	chr14	93500000	0	0.353702	0	0
chr14:94000000-94500000	chr14	94000000	1	0.360342	0	1
chr14:94500000-95000000	chr14	94500000	0	0.363414	0	0
chr14:95000000-95500000	chr14	95000000	0	0.364584	0	0
chr14:95500000-96000000	chr14	95500000	0	0.3598	0	0
chr14:96000000-96500000	chr14	96000000	1	0.36084	0	0
chr14:96500000-97000000	chr14	96500000	1	0.364006	0	0
chr14:97000000-97500000	chr14	97000000	0	0.364252	0	0
chr14:97500000-98000000	chr14	97500000	0	0.36884	0	0
chr14:98000000-98500000	chr14	98000000	0	0.358708	0	0
chr14:98500000-99000000	chr14	98500000	1	0.378076	0	0
chr14:99000000-99500000	chr14	99000000	4	0.398006	0	2
chr14:99500000-100000000	chr14	99500000	2	0.421034	0	1
chr14:100000000-100500000	chr14	100000000	0	0.40537	0	0
chr14:100500000-101000000	chr14	100500000	1	0.402126	0	1
chr14:101000000-101500000	chr14	101000000	0	0.392112	0	0
chr14:101500000-102000000	chr14	101500000	1	0.405672	0	0
chr14:102000000-102500000	chr14	102000000	5	0.411988	0	4
chr14:102500000-103000000	chr14	102500000	0	0.388612	0	0
chr14:103000000-103500000	chr14	103000000	8	0.412646	0	3
chr14:103500000-104000000	chr14	103500000	3	0.397482	0	1
chr14:104000000-104500000	chr14	104000000	4	0.409982	0	1
chr14:104500000-105000000	chr14	104500000	3	0.399368	0	2
chr14:105000000-105500000	chr14	105000000	1	0.40492	0	1
chr14:105500000-106000000	chr14	105500000	5	0.406076	0	2
chr14:106000000-106500000	chr14	106000000	2	0.41006	0	3
chr14:106500000-107000000	chr14	106500000	2	0.389586	0	1
chr14:107000000-107500000	chr14	107000000	0	0.366786	0	0
chr14:107500000-108000000	chr14	107500000	0	0.362932	0	0
chr14:108000000-108500000	chr14	108000000	0	0.358042	0	0
chr14:108500000-109000000	chr14	108500000	0	0.360758	0	0
chr14:109000000-109500000	chr14	109000000	1	0.359902	0	1
chr14:109500000-110000000	chr14	109500000	0	0.360572	0	0
chr14:110000000-110500000	chr14	110000000	0	0.36945	0	0
chr14:110500000-111000000	chr14	110500000	0	0.365694	0	0
chr14:111000000-111500000	chr14	111000000	1	0.364852	0	0
chr14:111500000-112000000	chr14	111500000	0	0.362694	0	0
chr14:112000000-112500000	chr14	112000000	1	0.363834	0	1
chr14:112500000-113000000	chr14	112500000	0	0.365854	0	0
chr14:113000000-113500000	chr14	113000000	0	0.360598	0	0
chr14:113500000-114000000	chr14	113500000	0	0.366262	0	0
chr14:114000000-114500000	chr14	114000000	0	0.368894	0	0
chr14:114500000-115000000	chr14	114500000	0	0.37845	0	0
chr14:115000000-115500000	chr14	115000000	11	0.396858	0	2
chr14:115500000-116000000	chr14	115500000	1	0.388716	0	0
chr14:116000000-116500000	chr14	116000000	0	0.373458	0	0
chr14:116500000-117000000	chr14	116500000	0	0.37853	0	0
chr14:117000000-117500000	chr14	117000000	1	0.392566	0	1
chr14:117500000-118000000	chr14	117500000	0	0.39439	0	0
chr14:118000000-118500000	chr14	118000000	2	0.426974	0	0
chr14:118500000-119000000	chr14	118500000	8	0.446306	0	8
chr14:119000000-119500000	chr14	119000000	7	0.447664	0	7
chr14:119500000-120000000	chr14	119500000	1	0.40653	0	1
chr14:120000000-120500000	chr14	120000000	2	0.413876	0	1
chr14:120500000-121000000	chr14	120500000	2	0.43898	0	1
chr14:121000000-121500000	chr14	121000000	2	0.448222	0	3
chr14:121500000-122000000	chr14	121500000	3	0.466536	0	1
chr14:122000000-122500000	chr14	122000000	6	0.454896	0	2
chr14:122500000-123000000	chr14	122500000	9	0.437824	0	7
chr14:123000000-123500000	chr14	123000000	3	0.415058	0	2
chr14:123500000-124000000	chr14	123500000	1	0.390646	0	0
chr14:124000000-124500000	chr14	124000000	3	0.380892	0	1
chr14:124500000-125000000	chr14	124500000	0	0.375994	0	0
chr14:125000000-125194864	chr14	125000000	1	0.38962	0	0
chr15:0-500000	chr15	0	0	nan	1	0
chr15:500000-1000000	chr15	500000	0	nan	1	0
chr15:1000000-1500000	chr15	1000000	0	nan	1	0
chr15:1500000-2000000	chr15	1500000	0	nan	1	0
chr15:2000000-2500000	chr15	2000000	0	nan	1	0
chr15:2500000-3000000	chr15	2500000	0	nan	1	0
chr15:3000000-3500000	chr15	3000000	2	0.404716	0	0
chr15:3500000-4000000	chr15	3500000	6	0.392346	0	4
chr15:4000000-4500000	chr15	4000000	1	0.392838	0	0
chr15:4500000-5000000	chr15	4500000	2	0.39804	0	0
chr15:5000000-5500000	chr15	5000000	8	0.412618	0	5
chr15:5500000-6000000	chr15	5500000	1	0.384916	0	0
chr15:6000000-6500000	chr15	6000000	3	0.404744	0	1
chr15:6500000-7000000	chr15	6500000	4	0.421048	0	2
chr15:7000000-7500000	chr15	7000000	2	0.435284	0	2
chr15:7500000-8000000	chr15	7500000	1	0.425538	0	3
chr15:8000000-8500000	chr15	8000000	5	0.403208	0	4
chr15:8500000-9000000	chr15	8500000	2	0.424994	0.01	3
chr15:9000000-9500000	chr15	9000000	7	0.402716	0	2
chr15:9500000-10000000	chr15	9500000	1	0.385444	0	0
chr15:10000000-10500000	chr15	10000000	6	0.407468	0	2
chr15:10500000-11000000	chr15	10500000	9	0.433862	0	4
chr15:11000000-11500000	chr15	11000000	1	0.413308	0	2
chr15:11500000-12000000	chr15	11500000	4	0.422612	0	3
chr15:12000000-12500000	chr15	12000000	4	0.445348	0	4
chr15:12500000-13000000	chr15	12500000	3	0.445696	0	3
chr15:13000000-13500000	chr15	13000000	1	0.399874	0	1
chr15:13500000-14000000	chr15	13500000	0	0.368398	0	0
chr15:14000000-14500000	chr15	14000000	0	0.369486	0	0
chr15:14500000-15000000	chr15	14500000	0	0.371362	0	0
chr15:15000000-15500000	chr15	15000000	0	0.360446	0	0
chr15:15500000-16000000	chr15	15500000	0	0.360764	0	0
chr15:16000000-16500000	chr15	16000000	0	0.359972	0	0
chr15:16500000-17000000	chr15	16500000	1	0.363292	0	0
chr15:17000000-17500000	chr15	17000000	0	0.357286	0	0
chr15:17500000-18000000	chr15	17500000	0	0.35894	0	0
chr15:18000000-18500000	chr15	18000000	1	0.363344	0	0
chr15:18500000-19000000	chr15	18500000	1	0.36608	0	0
chr15:19000000-19500000	chr15	19000000	1	0.376358	0	0
chr15:19500000-20000000	chr15	19500000	0	0.374452	0	0
chr15:20000000-20500000	chr15	20000000	0	0.36598	0	0
chr15:20500000-21000000	chr15	20500000	1	0.364978	0	0
chr15:21000000-21500000	chr15	21000000	1	0.364204	0	0
chr15:21500000-22000000	chr15	21500000	0	0.367596	0	0
chr15:22000000-22500000	chr15	22000000	0	0.367872	0	0
chr15:22500000-23000000	chr15	22500000	2	0.366572	0	0
chr15:23000000-23500000	chr15	23000000	0	0.363888	0	0
chr15:23500000-24000000	chr15	23500000	0	0.367276	0	0
chr15:24000000-24500000	chr15	24000000	0	0.376222	0	0
chr15:24500000-25000000	chr15	24500000	0	0.384094	0	0
chr15:25000000-25500000	chr15	25000000	2	0.421202	0	3
chr15:25500000-26000000	chr15	25500000	5	0.451134	0	5
chr15:26000000-26500000	chr15	26000000	1	0.40194	0	2
chr15:26500000-27000000	chr15	26500000	1	0.401372	0	1
chr15:27000000-27500000	chr15	27000000	2	0.430564	0	1
chr15:27500000-28000000	chr15	27500000	4	0.46502	0	6
chr15:28000000-28500000	chr15	28000000	1	0.412616	0	0
chr15:28500000-29000000	chr15	28500000	0	0.377016	0	0
chr15:29000000-29500000	chr15	29000000	0	0.37318	0	0
chr15:29500000-30000000	chr15	29500000	1	0.386512	0	0
chr15:30000000-30500000	chr15	30000000	1	0.398266	0	1
chr15:30500000-31000000	chr15	30500000	1	0.419346	0	1
chr15:31000000-31500000	chr15	31000000	5	0.452652	0	4
chr15:31500000-32000000	chr15	31500000	2	0.428234	0	1
chr15:32000000-32500000	chr15	32000000	4	0.414222	0	1
chr15:32500000-33000000	chr15	32500000	3	0.402048	0	2
chr15:33000000-33500000	chr15	33000000	2	0.39045	0	0
chr15:33500000-34000000	chr15	33500000	2	0.407606	0	1
chr15:34000000-34500000	chr15	34000000	9	0.427572	0	5
chr15:34500000-35000000	chr15	34500000	3	0.410448	0	2
chr15:35000000-35500000	chr15	35000000	4	0.399754	0	5
chr15:35500000-36000000	chr15	35500000	3	0.404684	0	1
chr15:36000000-36500000	chr15	36000000	8	0.445112	0	5
chr15:36500000-37000000	chr15	36500000	3	0.46097	0	4
chr15:37000000-37500000	chr15	37000000	4	0.449466	0	4
chr15:37500000-38000000	chr15	37500000	2	0.426104	0	2
chr15:38000000-38500000	chr15	38000000	5	0.456924	0	5
chr15:38500000-39000000	chr15	38500000	8	0.435824	0.1	6
chr15:39000000-39500000	chr15	39000000	1	0.37785	0	1
chr15:39500000-40000000	chr15	39500000	8	0.424696	0	2
chr15:40000000-40500000	chr15	40000000	2	0.389002	0	1
chr15:40500000-41000000	chr15	40500000	0	0.37609	0	0
chr15:41000000-41500000	chr15	41000000	2	0.391124	0	1
chr15:41500000-42000000	chr15	41500000	1	0.393356	0	1
chr15:42000000-42500000	chr15	42000000	0	0.378802	0	0
chr15:42500000-43000000	chr15	42500000	1	0.382264	0	0
chr15:43000000-43500000	chr15	43000000	4	0.382506	0	3
chr15:43500000-44000000	chr15	43500000	1	0.379482	0	0
chr15:44000000-44500000	chr15	44000000	5	0.382216	0	2
chr15:44500000-45000000	chr15	44500000	4	0.387524	0	3
chr15:45000000-45500000	chr15	45000000	0	0.368664	0	0
chr15:45500000-46000000	chr15	45500000	0	0.370886	0	0
chr15:46000000-46500000	chr15	46000000	3	0.364604	0	0
chr15:46500000-47000000	chr15	46500000	0	0.366348	0	0
chr15:47000000-47500000	chr15	47000000	0	0.36648	0	0
chr15:47500000-48000000	chr15	47500000	0	0.352848	0	0
chr15:48000000-48500000	chr15	48000000	0	0.351896	0	0
chr15:48500000-49000000	chr15	48500000	1	0.367834	0	1
chr15:49000000-49500000	chr15	49000000	0	0.36676	0	0
chr15:49500000-50000000	chr15	49500000	0	0.363606	0	0
chr15:50000000-50500000	chr15	50000000	0	0.374134	0	0
chr15:50500000-51000000	chr15	50500000	2	0.37086	0	2
chr15:51000000-51500000	chr15	51000000	1	0.387246	0	0
chr15:51500000-52000000	chr15	51500000	4	0.418374	0	4
chr15:52000000-52500000	chr15	52000000	1	0.393358	0	0
chr15:52500000-53000000	chr15	52500000	1	0.40687	0	1
chr15:53000000-53500000	chr15	53000000	2	0.410104	0	2
chr15:53500000-54000000	chr15	53500000	1	0.392386	0	1
chr15:54000000-54500000	chr15	54000000	3	0.394106	0	1
chr15:54500000-55000000	chr15	54500000	8	0.41731	0	5
chr15:55000000-55500000	chr15	55000000	3	0.422204	0	1
chr15:55500000-56000000	chr15	55500000	1	0.40563	0	1
chr15:56000000-56500000	chr15	56000000	0	0.387258	0	0
chr15:56500000-57000000	chr15	56500000	2	0.385552	0	0
chr15:57000000-57500000	chr15	57000000	1	0.403244	0	0
chr15:57500000-58000000	chr15	57500000	8	0.45237	0	9
chr15:58000000-58500000	chr15	58000000	5	0.441848	0	2
chr15:58500000-59000000	chr15	58500000	6	0.453192	0	5
chr15:59000000-59500000	chr15	59000000	5	0.446492	0	3
chr15:59500000-60000000	chr15	59500000	2	0.429326	0	0
chr15:60000000-60500000	chr15	60000000	0	0.393098	0	0
chr15:60500000-61000000	chr15	60500000	3	0.40789	0	1
chr15:61000000-61500000	chr15	61000000	0	0.39149	0	0
chr15:61500000-62000000	chr15	61500000	3	0.430358	0	2
chr15:62000000-62500000	chr15	62000000	1	0.41069	0	0
chr15:62500000-63000000	chr15	62500000	0	0.387666	0	0
chr15:63000000-63500000	chr15	63000000	1	0.391158	0	0
chr15:63500000-64000000	chr15	63500000	10	0.440552	0	2
chr15:64000000-64500000	chr15	64000000	1	0.43094	0	2
chr15:64500000-65000000	chr15	64500000	1	0.39906	0	1
chr15:65000000-65500000	chr15	65000000	0	0.393294	0	0
chr15:65500000-66000000	chr15	65500000	3	0.411116	0	1
chr15:66000000-66500000	chr15	66000000	4	0.406478	0	2
chr15:66500000-67000000	chr15	66500000	4	0.459624	0	1
chr15:67000000-67500000	chr15	67000000	2	0.410706	0	3
chr15:67500000-68000000	chr15	67500000	0	0.412384	0	0
chr15:68000000-68500000	chr15	68000000	3	0.42441	0	1
chr15:68500000-69000000	chr15	68500000	2	0.42142	0	0
chr15:69000000-69500000	chr15	69000000	1	0.386832	0	0
chr15:69500000-70000000	chr15	69500000	1	0.376214	0	0
chr15:70000000-70500000	chr15	70000000	0	0.375418	0	0
chr15:70500000-71000000	chr15	70500000	0	0.379466	0	0
chr15:71000000-71500000	chr15	71000000	0	0.3981	0	0
chr15:71500000-72000000	chr15	71500000	2	0.428304	0	0
chr15:72000000-72500000	chr15	72000000	1	0.431166	0	1
chr15:72500000-73000000	chr15	72500000	3	0.472566	0	4
chr15:73000000-73500000	chr15	73000000	5	0.456442	0	5
chr15:73500000-74000000	chr15	73500000	5	0.499512	0	4
chr15:74000000-74500000	chr15	74000000	3	0.506766	0	4
chr15:74500000-75000000	chr15	74500000	25	0.466574	0	5
chr15:75000000-75500000	chr15	75000000	10	0.45317	0	3
chr15:75500000-76000000	chr15	75500000	23	0.507186	0	25
chr15:76000000-76500000	chr15	76000000	35	0.515916	0	34
chr15:76500000-77000000	chr15	76500000	18	0.470522	0	15
chr15:77000000-77500000	chr15	77000000	11	0.454054	0	2
chr15:77500000-78000000	chr15	77500000	8	0.493314	0	7
chr15:78000000-78500000	chr15	78000000	18	0.507994	0	8
chr15:78500000-79000000	chr15	78500000	26	0.525926	0	26
chr15:79000000-79500000	chr15	79000000	14	0.498024	0	16
chr15:79500000-80000000	chr15	79500000	20	0.503492	0	17
chr15:80000000-80500000	chr15	80000000	9	0.487498	0	8
chr15:80500000-81000000	chr15	80500000	6	0.444708	0	4
chr15:81000000-81500000	chr15	81000000	12	0.440676	0	8
chr15:81500000-82000000	chr15	81500000	19	0.48384	0	19
chr15:82000000-82500000	chr15	82000000	19	0.465116	0	9
chr15:82500000-83000000	chr15	82500000	12	0.475406	0	7
chr15:83000000-83500000	chr15	83000000	11	0.492124	0	10
chr15:83500000-84000000	chr15	83500000	7	0.499034	0	3
chr15:84000000-84500000	chr15	84000000	6	0.50537	0	6
chr15:84500000-85000000	chr15	84500000	12	0.480442	0	6
chr15:85000000-85500000	chr15	85000000	5	0.482638	0	11
chr15:85500000-86000000	chr15	85500000	11	0.50455	0	11
chr15:86000000-86500000	chr15	86000000	3	0.480016	0	2
chr15:86500000-87000000	chr15	86500000	1	0.458544	0	0
chr15:87000000-87500000	chr15	87000000	1	0.467414	0	2
chr15:87500000-88000000	chr15	87500000	1	0.466118	0	0
chr15:88000000-88500000	chr15	88000000	2	0.461972	0	0
chr15:88500000-89000000	chr15	88500000	17	0.48606	0	18
chr15:89000000-89500000	chr15	89000000	25	0.476752	0	17
chr15:89500000-90000000	chr15	89500000	2	0.39747	0	1
chr15:90000000-90500000	chr15	90000000	3	0.400648	0	1
chr15:90500000-91000000	chr15	90500000	3	0.409496	0	3
chr15:91000000-91500000	chr15	91000000	2	0.414156	0	2
chr15:91500000-92000000	chr15	91500000	3	0.403478	0	0
chr15:92000000-92500000	chr15	92000000	2	0.402208	0	1
chr15:92500000-93000000	chr15	92500000	1	0.421556	0	0
chr15:93000000-93500000	chr15	93000000	5	0.438836	0	7
chr15:93500000-94000000	chr15	93500000	1	0.422174	0	0
chr15:94000000-94500000	chr15	94000000	6	0.427292	0	5
chr15:94500000-95000000	chr15	94500000	1	0.4162	0	0
chr15:95000000-95500000	chr15	95000000	3	0.41977	0	3
chr15:95500000-96000000	chr15	95500000	4	0.441076	0	1
chr15:96000000-96500000	chr15	96000000	7	0.43756	0	3
chr15:96500000-97000000	chr15	96500000	3	0.44588	0	4
chr15:97000000-97500000	chr15	97000000	2	0.457076	0	2
chr15:97500000-98000000	chr15	97500000	13	0.490594	0	10
chr15:98000000-98500000	chr15	98000000	24	0.45244	0	8
chr15:98500000-99000000	chr15	98500000	23	0.488044	0	29
chr15:99000000-99500000	chr15	99000000	14	0.491028	0	12
chr15:99500000-100000000	chr15	99500000	12	0.459148	0	8
chr15:100000000-100500000	chr15	100000000	18	0.471544	0	12
chr15:100500000-101000000	chr15	100500000	8	0.48857	0	10
chr15:101000000-101500000	chr15	101000000	25	0.488308	0	11
chr15:101500000-102000000	chr15	101500000	22	0.484874	0	6
chr15:102000000-102500000	chr15	102000000	22	0.456048	0	18
chr15:102500000-103000000	chr15	102500000	19	0.467056	0	27
chr15:103000000-103494974	chr15	103000000	17	0.444118	0	9
chr16:0-500000	chr16	0	0	nan	1	0
chr16:500000-1000000	chr16	500000	0	nan	1	0
chr16:1000000-1500000	chr16	1000000	0	nan	1	0
chr16:1500000-2000000	chr16	1500000	0	nan	1	0
chr16:2000000-2500000	chr16	2000000	0	nan	1	0
chr16:2500000-3000000	chr16	2500000	0	nan	1	0
chr16:3000000-3500000	chr16	3000000	0	0.403053	0.1	0
chr16:3500000-4000000	chr16	3500000	12	0.432966	0	4
chr16:4000000-4500000	chr16	4000000	7	0.442988	0	6
chr16:4500000-5000000	chr16	4500000	18	0.476888	0.001074	15
chr16:5000000-5500000	chr16	5000000	12	0.474074	0	8
chr16:5500000-6000000	chr16	5500000	2	0.448888	0	1
chr16:6000000-6500000	chr16	6000000	0	0.427342	0	1
chr16:6500000-7000000	chr16	6500000	0	0.411434	0	0
chr16:7000000-7500000	chr16	7000000	0	0.420388	0	0
chr16:7500000-8000000	chr16	7500000	0	0.410862	0	0
chr16:8000000-8500000	chr16	8000000	2	0.435742	0	1
chr16:8500000-9000000	chr16	8500000	7	0.46041	0	5
chr16:9000000-9500000	chr16	9000000	0	0.437088	0	0
chr16:9500000-10000000	chr16	9500000	1	0.435028	0	3
chr16:10000000-10500000	chr16	10000000	8	0.452426	0	4
chr16:10500000-11000000	chr16	10500000	10	0.488646	0	6
chr16:11000000-11500000	chr16	11000000	11	0.456606	0	5
chr16:11500000-12000000	chr16	11500000	5	0.456272	0	2
chr16:12000000-12500000	chr16	12000000	0	0.423294	0	0
chr16:12500000-13000000	chr16	12500000	1	0.423516	0	0
chr16:13000000-13500000	chr16	13000000	8	0.445628	0	5
chr16:13500000-14000000	chr16	13500000	12	0.43559	0	8
chr16:14000000-14500000	chr16	14000000	6	0.4486	0	5
chr16:14500000-15000000	chr16	14500000	3	0.397218	0	1
chr16:15000000-15500000	chr16	15000000	0	0.406382	0	1
chr16:15500000-16000000	chr16	15500000	5	0.406282	0	4
chr16:16000000-16500000	chr16	16000000	5	0.39615	0	4
chr16:16500000-17000000	chr16	16500000	11	0.418124	0	4
chr16:17000000-17500000	chr16	17000000	17	0.45221	0	11
chr16:17500000-18000000	chr16	17500000	19	0.474808	0	19
chr16:18000000-18500000	chr16	18000000	18	0.49203	1.2e-05	12
chr16:18500000-19000000	chr16	18500000	10	0.464011	2e-06	13
chr16:19000000-19500000	chr16	19000000	3	0.387618	4e-06	0
chr16:19500000-20000000	chr16	19500000	9	0.402968	0	1
chr16:20000000-20500000	chr16	20000000	7	0.43048	0	6
chr16:20500000-21000000	chr16	20500000	22	0.457287	2e-06	14
chr16:21000000-21500000	chr16	21000000	7	0.45724	0	5
chr16:21500000-22000000	chr16	21500000	6	0.44191	0	5
chr16:22000000-22500000	chr16	22000000	6	0.444168	0	4
chr16:22500000-23000000	chr16	22500000	11	0.449966	0	2
chr16:23000000-23500000	chr16	23000000	11	0.443532	0	4
chr16:23500000-24000000	chr16	23500000	5	0.426622	0	5
chr16:24000000-24500000	chr16	24000000	4	0.434498	0	1
chr16:24500000-25000000	chr16	24500000	1	0.407752	0	0
chr16:25000000-25500000	chr16	25000000	2	0.408312	0	0
chr16:25500000-26000000	chr16	25500000	1	0.39554	0	0
chr16:26000000-26500000	chr16	26000000	3	0.397164	0	1
chr16:26500000-27000000	chr16	26500000	4	0.389174	0	2
chr16:27000000-27500000	chr16	27000000	3	0.385188	0	1
chr16:27500000-28000000	chr16	27500000	1	0.374272	0	0
chr16:28000000-28500000	chr16	28000000	0	0.388312	0	1
chr16:28500000-29000000	chr16	28500000	3	0.423712	0	2
chr16:29000000-29500000	chr16	29000000	2	0.416384	0	1
chr16:29500000-30000000	chr16	29500000	4	0.446386	0	3
chr16:30000000-30500000	chr16	30000000	7	0.45888	0	8
chr16:30500000-31000000	chr16	30500000	3	0.470342	0	4
chr16:31000000-31500000	chr16	31000000	7	0.45423	0	4
chr16:31500000-32000000	chr16	31500000	7	0.431752	0	4
chr16:32000000-32500000	chr16	32000000	17	0.436694	0	9
chr16:32500000-33000000	chr16	32500000	9	0.45375	0	5
chr16:33000000-33500000	chr16	33000000	8	0.43785	0	5
chr16:33500000-34000000	chr16	33500000	5	0.461436	0	4
chr16:34000000-34500000	chr16	34000000	0	0.454998	0	0
chr16:34500000-35000000	chr16	34500000	6	0.451502	0	4
chr16:35000000-35500000	chr16	35000000	4	0.465328	0	4
chr16:35500000-36000000	chr16	35500000	8	0.453216	0	9
chr16:36000000-36500000	chr16	36000000	14	0.412026	0	2
chr16:36500000-37000000	chr16	36500000	10	0.420154	0	4
chr16:37000000-37500000	chr16	37000000	2	0.383126	0	2
chr16:37500000-38000000	chr16	37500000	8	0.434804	0	5
chr16:38000000-38500000	chr16	38000000	10	0.434974	0	7
chr16:38500000-39000000	chr16	38500000	8	0.43959	0	6
chr16:39000000-39500000	chr16	39000000	1	0.406388	0	0
chr16:39500000-40000000	chr16	39500000	1	0.375946	0	1
chr16:40000000-40500000	chr16	40000000	0	0.372462	0	0
chr16:40500000-41000000	chr16	40500000	0	0.374634	0	0
chr16:41000000-41500000	chr16	41000000	0	0.377702	0	0
chr16:41500000-42000000	chr16	41500000	0	0.383546	0	1
chr16:42000000-42500000	chr16	42000000	2	0.396864	0	1
chr16:42500000-43000000	chr16	42500000	3	0.389372	0	1
chr16:43000000-43500000	chr16	43000000	2	0.380154	0	0
chr16:43500000-44000000	chr16	43500000	6	0.424282	0	2
chr16:44000000-44500000	chr16	44000000	8	0.42545	0	6
chr16:44500000-45000000	chr16	44500000	8	0.419112	0	4
chr16:45000000-45500000	chr16	45000000	6	0.401044	0	2
chr16:45500000-46000000	chr16	45500000	8	0.412016	0	2
chr16:46000000-46500000	chr16	46000000	4	0.402946	0	2
chr16:46500000-47000000	chr16	46500000	0	0.385184	0	0
chr16:47000000-47500000	chr16	47000000	0	0.376412	0	0
chr16:47500000-48000000	chr16	47500000	0	0.379748	0	0
chr16:48000000-48500000	chr16	48000000	5	0.413654	0	0
chr16:48500000-49000000	chr16	48500000	6	0.394276	0	2
chr16:49000000-49500000	chr16	49000000	2	0.39258	0	0
chr16:49500000-50000000	chr16	49500000	5	0.408042	0	2
chr16:50000000-50500000	chr16	50000000	2	0.406172	0	3
chr16:50500000-51000000	chr16	50500000	6	0.401972	0	2
chr16:51000000-51500000	chr16	51000000	0	0.38145	0	0
chr16:51500000-52000000	chr16	51500000	1	0.381296	0	0
chr16:52000000-52500000	chr16	52000000	2	0.390152	0	2
chr16:52500000-53000000	chr16	52500000	1	0.373438	0	0
chr16:53000000-53500000	chr16	53000000	0	0.365226	0	0
chr16:53500000-54000000	chr16	53500000	0	0.362864	0	0
chr16:54000000-54500000	chr16	54000000	0	0.36152	0	0
chr16:54500000-55000000	chr16	54500000	0	0.369482	0	0
chr16:55000000-55500000	chr16	55000000	2	0.383932	0	0
chr16:55500000-56000000	chr16	55500000	6	0.416708	0	6
chr16:56000000-56500000	chr16	56000000	5	0.40486	0	3
chr16:56500000-57000000	chr16	56500000	4	0.40033	0	1
chr16:57000000-57500000	chr16	57000000	6	0.418308	0	3
chr16:57500000-58000000	chr16	57500000	3	0.400376	0	3
chr16:58000000-58500000	chr16	58000000	1	0.40021	0	1
chr16:58500000-59000000	chr16	58500000	15	0.397637	0.0006	4
chr16:59000000-59500000	chr16	59000000	23	0.38551	0	1
chr16:59500000-60000000	chr16	59500000	3	0.395384	0	2
chr16:60000000-60500000	chr16	60000000	0	0.366764	0	0
chr16:60500000-61000000	chr16	60500000	1	0.369906	0	1
chr16:61000000-61500000	chr16	61000000	0	0.361596	0	0
chr16:61500000-62000000	chr16	61500000	0	0.361002	0	0
chr16:62000000-62500000	chr16	62000000	0	0.372922	0	0
chr16:62500000-63000000	chr16	62500000	4	0.398294	0	3
chr16:63000000-63500000	chr16	63000000	0	0.379868	0	0
chr16:63500000-64000000	chr16	63500000	1	0.363596	0	2
chr16:64000000-64500000	chr16	64000000	0	0.373714	0	0
chr16:64500000-65000000	chr16	64500000	4	0.395338	0	2
chr16:65000000-65500000	chr16	65000000	1	0.384857	0.08	1
chr16:65500000-66000000	chr16	65500000	4	0.383288	0	2
chr16:66000000-66500000	chr16	66000000	0	0.372016	0	0
chr16:66500000-67000000	chr16	66500000	1	0.364886	0	0
chr16:67000000-67500000	chr16	67000000	0	0.350636	0	0
chr16:67500000-68000000	chr16	67500000	1	0.363424	0	1
chr16:68000000-68500000	chr16	68000000	0	0.35576	0	0
chr16:68500000-69000000	chr16	68500000	0	0.3594	0	0
chr16:69000000-69500000	chr16	69000000	0	0.357544	0	0
chr16:69500000-70000000	chr16	69500000	2	0.36606	0	0
chr16:70000000-70500000	chr16	70000000	2	0.380368	0	1
chr16:70500000-71000000	chr16	70500000	1	0.384206	0	0
chr16:71000000-71500000	chr16	71000000	2	0.367032	0	0
chr16:71500000-72000000	chr16	71500000	0	0.364784	0	0
chr16:72000000-72500000	chr16	72000000	1	0.36899	0	0
chr16:72500000-73000000	chr16	72500000	1	0.391814	0	1
chr16:73000000-73500000	chr16	73000000	0	0.39376	0	0
chr16:73500000-74000000	chr16	73500000	0	0.375868	0	0
chr16:74000000-74500000	chr16	74000000	1	0.368514	0	0
chr16:74500000-75000000	chr16	74500000	0	0.36882	0	0
chr16:75000000-75500000	chr16	75000000	1	0.364576	0	0
chr16:75500000-76000000	chr16	75500000	5	0.385508	0	2
chr16:76000000-76500000	chr16	76000000	3	0.411754	0	2
chr16:76500000-77000000	chr16	76500000	2	0.397372	0	0
chr16:77000000-77500000	chr16	77000000	3	0.38069	0	1
chr16:77500000-78000000	chr16	77500000	3	0.37568	0	0
chr16:78000000-78500000	chr16	78000000	4	0.415666	0	2
chr16:78500000-79000000	chr16	78500000	4	0.396476	0	1
chr16:79000000-79500000	chr16	79000000	1	0.367418	0	0
chr16:79500000-80000000	chr16	79500000	1	0.368636	0	0
chr16:80000000-80500000	chr16	80000000	0	0.363316	0	0
chr16:80500000-81000000	chr16	80500000	0	0.361384	0	0
chr16:81000000-81500000	chr16	81000000	1	0.362548	0	0
chr16:81500000-82000000	chr16	81500000	0	0.363472	0	0
chr16:82000000-82500000	chr16	82000000	0	0.357754	0	0
chr16:82500000-83000000	chr16	82500000	0	0.365804	0	0
chr16:83000000-83500000	chr16	83000000	0	0.365586	0	0
chr16:83500000-84000000	chr16	83500000	0	0.366966	0	0
chr16:84000000-84500000	chr16	84000000	1	0.375606	0	0
chr16:84500000-85000000	chr16	84500000	9	0.41594	0	5
chr16:85000000-85500000	chr16	85000000	1	0.410614	0	2
chr16:85500000-86000000	chr16	85500000	4	0.396424	0	2
chr16:86000000-86500000	chr16	86000000	0	0.374402	0	0
chr16:86500000-87000000	chr16	86500000	2	0.378462	0	0
chr16:87000000-87500000	chr16	87000000	7	0.414524	0	5
chr16:87500000-88000000	chr16	87500000	3	0.42972	0	1
chr16:88000000-88500000	chr16	88000000	2	0.391598	0	1
chr16:88500000-89000000	chr16	88500000	22	0.386252	0	0
chr16:89000000-89500000	chr16	89000000	13	0.385836	0	0
chr16:89500000-90000000	chr16	89500000	3	0.452462	0	2
chr16:90000000-90500000	chr16	90000000	4	0.464924	0	5
chr16:90500000-91000000	chr16	90500000	6	0.463502	0	5
chr16:91000000-91500000	chr16	91000000	10	0.461886	0	10
chr16:91500000-92000000	chr16	91500000	12	0.463684	0	10
chr16:92000000-92500000	chr16	92000000	12	0.473276	0	3
chr16:92500000-93000000	chr16	92500000	2	0.464136	0	3
chr16:93000000-93500000	chr16	93000000	3	0.453366	0	1
chr16:93500000-94000000	chr16	93500000	7	0.47107	0	7
chr16:94000000-94500000	chr16	94000000	2	0.481477	0.445668	5
chr16:94500000-95000000	chr16	94500000	6	0.440998	0	6
chr16:95000000-95500000	chr16	95000000	3	0.454864	0	1
chr16:95500000-96000000	chr16	95500000	2	0.463578	0	2
chr16:96000000-96500000	chr16	96000000	8	0.455652	0	6
chr16:96500000-97000000	chr16	96500000	3	0.448856	0	1
chr16:97000000-97500000	chr16	97000000	1	0.426462	0	1
chr16:97500000-98000000	chr16	97500000	6	0.455118	0	3
chr16:98000000-98319150	chr16	98000000	6	0.43278	0.00169199	3
chr17:0-500000	chr17	0	0	nan	1	0
chr17:500000-1000000	chr17	500000	0	nan	1	0
chr17:1000000-1500000	chr17	1000000	0	nan	1	0
chr17:1500000-2000000	chr17	1500000	0	nan	1	0
chr17:2000000-2500000	chr17	2000000	0	nan	1	0
chr17:2500000-3000000	chr17	2500000	0	nan	1	0
chr17:3000000-3500000	chr17	3000000	3	0.438268	0.002774	4
chr17:3500000-4000000	chr17	3500000	4	0.40382	0	1
chr17:4000000-4500000	chr17	4000000	2	0.406052	0	0
chr17:4500000-5000000	chr17	4500000	4	0.431952	0	2
chr17:5000000-5500000	chr17	5000000	4	0.462918	0	3
chr17:5500000-6000000	chr17	5500000	4	0.466876	0	3
chr17:6000000-6500000	chr17	6000000	8	0.463691	2e-06	13
chr17:6500000-7000000	chr17	6500000	5	0.473936	0.1	9
chr17:7000000-7500000	chr17	7000000	7	0.46527	0	5
chr17:7500000-8000000	chr17	7500000	4	0.455306	0.11	0
chr17:8000000-8500000	chr17	8000000	10	0.461186	0	5
chr17:8500000-9000000	chr17	8500000	7	0.462246	0	5
chr17:9000000-9500000	chr17	9000000	2	0.440883	2e-06	0
chr17:9500000-10000000	chr17	9500000	2	0.413688	0	1
chr17:10000000-10500000	chr17	10000000	0	0.423514	0	0
chr17:10500000-11000000	chr17	10500000	4	0.43437	0	3
chr17:11000000-11500000	chr17	11000000	3	0.401368	0	1
chr17:11500000-12000000	chr17	11500000	0	0.42688	0	0
chr17:12000000-12500000	chr17	12000000	2	0.458392	0	1
chr17:12500000-13000000	chr17	12500000	9	0.459196	0	4
chr17:13000000-13500000	chr17	13000000	18	0.459342	0.1	4
chr17:13500000-14000000	chr17	13500000	5	0.454738	0.1	1
chr17:14000000-14500000	chr17	14000000	4	0.456044	0	3
chr17:14500000-15000000	chr17	14500000	2	0.439726	0	0
chr17:15000000-15500000	chr17	15000000	13	0.44779	0	10
chr17:15500000-16000000	chr17	15500000	9	0.423206	0	12
chr17:16000000-16500000	chr17	16000000	0	0.386242	0	0
chr17:16500000-17000000	chr17	16500000	0	0.379356	0	0
chr17:17000000-17500000	chr17	17000000	7	0.393726	0	1
chr17:17500000-18000000	chr17	17500000	10	0.399542	0	6
chr17:18000000-18500000	chr17	18000000	9	0.378716	0	1
chr17:18500000-19000000	chr17	18500000	2	0.375906	0	0
chr17:19000000-19500000	chr17	19000000	3	0.373316	0	0
chr17:19500000-20000000	chr17	19500000	4	0.368956	0	0
chr17:20000000-20500000	chr17	20000000	5	0.368218	0	0
chr17:20500000-21000000	chr17	20500000	11	0.3737	0	0
chr17:21000000-21500000	chr17	21000000	10	0.413446	0	2
chr17:21500000-22000000	chr17	21500000	13	0.39659	0.008386	2
chr17:22000000-22500000	chr17	22000000	8	0.397388	0	4
chr17:22500000-23000000	chr17	22500000	6	0.388212	0	0
chr17:23000000-23500000	chr17	23000000	7	0.380918	0	1
chr17:23500000-24000000	chr17	23500000	25	0.458174	0	23
chr17:24000000-24500000	chr17	24000000	22	0.471238	0	10
chr17:24500000-25000000	chr17	24500000	35	0.49322	0	25
chr17:25000000-25500000	chr17	25000000	29	0.490012	0	16
chr17:25500000-26000000	chr17	25500000	28	0.525756	0	17
chr17:26000000-26500000	chr17	26000000	22	0.480086	0	16
chr17:26500000-27000000	chr17	26500000	7	0.47898	0	12
chr17:27000000-27500000	chr17	27000000	23	0.515532	0	13
chr17:27500000-28000000	chr17	27500000	12	0.513116	0	18
chr17:28000000-28500000	chr17	28000000	11	0.514584	0	15
chr17:28500000-29000000	chr17	28500000	13	0.474128	0	12
chr17:29000000-29500000	chr17	29000000	15	0.493032	0	11
chr17:29500000-30000000	chr17	29500000	11	0.489758	0	9
chr17:30000000-30500000	chr17	30000000	2	0.460214	0	3
chr17:30500000-31000000	chr17	30500000	5	0.44724	0	3
chr17:31000000-31500000	chr17	31000000	11	0.487742	0	4
chr17:31500000-32000000	chr17	31500000	8	0.494458	0	8
chr17:32000000-32500000	chr17	32000000	9	0.4725	0	10
chr17:32500000-33000000	chr17	32500000	14	0.445176	0	7
chr17:33000000-33500000	chr17	33000000	17	0.41594	0	3
chr17:33500000-34000000	chr17	33500000	14	0.442852	0	10
chr17:34000000-34500000	chr17	34000000	42	0.490604	0	20
chr17:34500000-35000000	chr17	34500000	28	0.492802	0	12
chr17:35000000-35500000	chr17	35000000	51	0.495262	0	29
chr17:35500000-36000000	chr17	35500000	26	0.482956	0	15
chr17:36000000-36500000	chr17	36000000	34	0.468622	0	22
chr17:36500000-37000000	chr17	36500000	8	0.42334	0	1
chr17:37000000-37500000	chr17	37000000	30	0.424954	0	8
chr17:37500000-38000000	chr17	37500000	21	0.384556	0	0
chr17:38000000-38500000	chr17	38000000	13	0.382398	0	0
chr17:38500000-39000000	chr17	38500000	3	0.367688	0	0
chr17:39000000-39500000	chr17	39000000	2	0.37325	0	0
chr17:39500000-40000000	chr17	39500000	4	0.37389	0	2
chr17:40000000-40500000	chr17	40000000	4	0.3712	0	0
chr17:40500000-41000000	chr17	40500000	9	0.384128	0	0
chr17:41000000-41500000	chr17	41000000	4	0.385702	0	2
chr17:41500000-42000000	chr17	41500000	0	0.376202	0	0
chr17:42000000-42500000	chr17	42000000	1	0.381738	0	1
chr17:42500000-43000000	chr17	42500000	3	0.402834	0	0
chr17:43000000-43500000	chr17	43000000	5	0.436664	0	2
chr17:43500000-44000000	chr17	43500000	8	0.436212	0	3
chr17:44000000-44500000	chr17	44000000	4	0.435828	0	2
chr17:44500000-45000000	chr17	44500000	2	0.43625	0	2
chr17:45000000-45500000	chr17	45000000	1	0.43509	0	0
chr17:45500000-46000000	chr17	45500000	17	0.489622	0	14
chr17:46000000-46500000	chr17	46000000	15	0.492588	0	7
chr17:46500000-47000000	chr17	46500000	23	0.493644	0	21
chr17:47000000-47500000	chr17	47000000	4	0.471788	0	6
chr17:47500000-48000000	chr17	47500000	19	0.493492	0	14
chr17:48000000-48500000	chr17	48000000	13	0.47978	0.027734	14
chr17:48500000-49000000	chr17	48500000	5	0.467532	0	2
chr17:49000000-49500000	chr17	49000000	3	0.465694	0	2
chr17:49500000-50000000	chr17	49500000	4	0.454408	0	2
chr17:50000000-50500000	chr17	50000000	3	0.45972	0	2
chr17:50500000-51000000	chr17	50500000	1	0.420654	0	1
chr17:51000000-51500000	chr17	51000000	1	0.384002	0	1
chr17:51500000-52000000	chr17	51500000	2	0.415152	0	2
chr17:52000000-52500000	chr17	52000000	3	0.407428	0	0
chr17:52500000-53000000	chr17	52500000	2	0.390966	0	1
chr17:53000000-53500000	chr17	53000000	0	0.396738	0	0
chr17:53500000-54000000	chr17	53500000	7	0.419178	0	3
chr17:54000000-54500000	chr17	54000000	2	0.39846	0	1
chr17:54500000-55000000	chr17	54500000	1	0.382786	0	0
chr17:55000000-55500000	chr17	55000000	0	0.38766	0	0
chr17:55500000-56000000	chr17	55500000	4	0.390366	0	3
chr17:56000000-56500000	chr17	56000000	29	0.496352	0	23
chr17:56500000-57000000	chr17	56500000	18	0.519566	0	22
chr17:57000000-57500000	chr17	57000000	24	0.488326	0	14
chr17:57500000-58000000	chr17	57500000	2	0.39723	0	0
chr17:58000000-58500000	chr17	58000000	0	0.389944	0	0
chr17:58500000-59000000	chr17	58500000	0	0.396054	0	0
chr17:59000000-59500000	chr17	59000000	3	0.381676	0	1
chr17:59500000-60000000	chr17	59500000	0	0.362028	0	0
chr17:60000000-60500000	chr17	60000000	0	0.362874	0	0
chr17:60500000-61000000	chr17	60500000	0	0.364882	0	0
chr17:61000000-61500000	chr17	61000000	0	0.36518	0	0
chr17:61500000-62000000	chr17	61500000	0	0.365352	0	0
chr17:62000000-62500000	chr17	62000000	0	0.362947	0.2	0
chr17:62500000-63000000	chr17	62500000	0	0.394438	0	0
chr17:63000000-63500000	chr17	63000000	1	0.420344	0	1
chr17:63500000-64000000	chr17	63500000	2	0.409212	0	2
chr17:64000000-64500000	chr17	64000000	2	0.41478	0	2
chr17:64500000-65000000	chr17	64500000	4	0.42285	0	2
chr17:65000000-65500000	chr17	65000000	2	0.41141	0	0
chr17:65500000-66000000	chr17	65500000	3	0.413948	0	1
chr17:66000000-66500000	chr17	66000000	8	0.44617	0	9
chr17:66500000-67000000	chr17	66500000	3	0.460098	0	3
chr17:67000000-67500000	chr17	67000000	2	0.431998	0	0
chr17:67500000-68000000	chr17	67500000	3	0.44237	0	1
chr17:68000000-68500000	chr17	68000000	2	0.443498	0	2
chr17:68500000-69000000	chr17	68500000	1	0.413312	0	1
chr17:69000000-69500000	chr17	69000000	2	0.428482	0	3
chr17:69500000-70000000	chr17	69500000	4	0.431066	0	5
chr17:70000000-70500000	chr17	70000000	1	0.398748	0	2
chr17:70500000-71000000	chr17	70500000	0	0.413068	0	1
chr17:71000000-71500000	chr17	71000000	7	0.445682	0	9
chr17:71500000-72000000	chr17	71500000	10	0.424808	0	7
chr17:72000000-72500000	chr17	72000000	3	0.452838	0	2
chr17:72500000-73000000	chr17	72500000	1	0.436058	0	2
chr17:73000000-73500000	chr17	73000000	5	0.438904	0	5
chr17:73500000-74000000	chr17	73500000	2	0.44138	0	0
chr17:74000000-74500000	chr17	74000000	4	0.438978	0	3
chr17:74500000-75000000	chr17	74500000	7	0.415816	0.1	6
chr17:75000000-75500000	chr17	75000000	3	0.426368	0	1
chr17:75500000-76000000	chr17	75500000	2	0.42038	0	1
chr17:76000000-76500000	chr17	76000000	1	0.393578	0	0
chr17:76500000-77000000	chr17	76500000	0	0.377078	0	0
chr17:77000000-77500000	chr17	77000000	0	0.363058	0	0
chr17:77500000-78000000	chr17	77500000	0	0.366176	0	0
chr17:78000000-78500000	chr17	78000000	0	0.389088	0	0
chr17:78500000-79000000	chr17	78500000	4	0.434176	0	3
chr17:79000000-79500000	chr17	79000000	11	0.417742	0	7
chr17:79500000-80000000	chr17	79500000	4	0.422686	0	1
chr17:80000000-80500000	chr17	80000000	4	0.432816	0	5
chr17:80500000-81000000	chr17	80500000	11	0.434422	0	7
chr17:81000000-81500000	chr17	81000000	4	0.435018	0	3
chr17:81500000-82000000	chr17	81500000	0	0.405774	0	0
chr17:82000000-82500000	chr17	82000000	1	0.38462	0	1
chr17:82500000-83000000	chr17	82500000	0	0.37834	0	0
chr17:83000000-83500000	chr17	83000000	1	0.413472	0	0
chr17:83500000-84000000	chr17	83500000	3	0.453704	0	6
chr17:84000000-84500000	chr17	84000000	8	0.477222	0	5
chr17:84500000-85000000	chr17	84500000	5	0.448282	0	4
chr17:85000000-85500000	chr17	85000000	9	0.442784	0	5
chr17:85500000-86000000	chr17	85500000	0	0.437198	0	1
chr17:86000000-86500000	chr17	86000000	3	0.453002	0	13
chr17:86500000-87000000	chr17	86500000	4	0.464926	0	4
chr17:87000000-87500000	chr17	87000000	6	0.4602	0	6
chr17:87500000-88000000	chr17	87500000	9	0.478094	0	6
chr17:88000000-88500000	chr17	88000000	6	0.452872	0	8
chr17:88500000-89000000	chr17	88500000	3	0.438538	0	4
chr17:89000000-89500000	chr17	89000000	4	0.426074	0	0
chr17:89500000-90000000	chr17	89500000	3	0.38649	0	0
chr17:90000000-90500000	chr17	90000000	0	0.382208	0	0
chr17:90500000-91000000	chr17	90500000	0	0.374212	0	1
chr17:91000000-91500000	chr17	91000000	3	0.369764	0	1
chr17:91500000-92000000	chr17	91500000	0	0.374652	0	0
chr17:92000000-92500000	chr17	92000000	0	0.364814	0	0
chr17:92500000-93000000	chr17	92500000	0	0.368924	0	0
chr17:93000000-93500000	chr17	93000000	0	0.368046	0	0
chr17:93500000-94000000	chr17	93500000	1	0.380096	0	1
chr17:94000000-94500000	chr17	94000000	0	0.369474	0	0
chr17:94500000-95000000	chr17	94500000	0	0.387048	0	0
chr17:95000000-95272651	chr17	95000000	4	0.402361	0	2
chr18:0-500000	chr18	0	0	nan	1	0
chr18:500000-1000000	chr18	500000	0	nan	1	0
chr18:1000000-1500000	chr18	1000000	0	nan	1	0
chr18:1500000-2000000	chr18	1500000	0	nan	1	0
chr18:2000000-2500000	chr18	2000000	0	nan	1	0
chr18:2500000-3000000	chr18	2500000	0	nan	1	0
chr18:3000000-3500000	chr18	3000000	4	0.408434	0	2
chr18:3500000-4000000	chr18	3500000	1	0.419336	0	2
chr18:4000000-4500000	chr18	4000000	4	0.423004	0	3
chr18:4500000-5000000	chr18	4500000	2	0.444108	0	3
chr18:5000000-5500000	chr18	5000000	3	0.437262	0	2
chr18:5500000-6000000	chr18	5500000	2	0.421564	0	1
chr18:6000000-6500000	chr18	6000000	3	0.41931	0	3
chr18:6500000-7000000	chr18	6500000	3	0.413232	0	2
chr18:7000000-7500000	chr18	7000000	2	0.401666	0	2
chr18:7500000-8000000	chr18	7500000	2	0.407138	0	3
chr18:8000000-8500000	chr18	8000000	0	0.39752	0	0
chr18:8500000-9000000	chr18	8500000	0	0.402178	0	1
chr18:9000000-9500000	chr18	9000000	3	0.4101	0	2
chr18:9500000-10000000	chr18	9500000	3	0.411006	0	2
chr18:10000000-10500000	chr18	10000000	3	0.393402	0	3
chr18:10500000-11000000	chr18	10500000	8	0.41984	0	4
chr18:11000000-11500000	chr18	11000000	2	0.427873	0.001872	6
chr18:11500000-12000000	chr18	11500000	4	0.411898	4e-06	2
chr18:12000000-12500000	chr18	12000000	6	0.45744	0	6
chr18:12500000-13000000	chr18	12500000	3	0.44772	0	2
chr18:13000000-13500000	chr18	13000000	3	0.42624	0	3
chr18:13500000-14000000	chr18	13500000	1	0.423994	0	0
chr18:14000000-14500000	chr18	14000000	3	0.421187	2e-06	1
chr18:14500000-15000000	chr18	14500000	3	0.414614	0	2
chr18:15000000-15500000	chr18	15000000	2	0.433202	0	3
chr18:15500000-16000000	chr18	15500000	2	0.401518	0	1
chr18:16000000-16500000	chr18	16000000	0	0.38563	0	0
chr18:16500000-17000000	chr18	16500000	2	0.398326	0	2
chr18:17000000-17500000	chr18	17000000	2	0.379324	0	0
chr18:17500000-18000000	chr18	17500000	1	0.373704	0	0
chr18:18000000-18500000	chr18	18000000	0	0.367588	0	0
chr18:18500000-19000000	chr18	18500000	0	0.363838	0	0
chr18:19000000-19500000	chr18	19000000	0	0.369924	0	0
chr18:19500000-20000000	chr18	19500000	0	0.378696	0	0
chr18:20000000-20500000	chr18	20000000	5	0.389092	0	1
chr18:20500000-21000000	chr18	20500000	7	0.425928	0	2
chr18:21000000-21500000	chr18	21000000	5	0.424592	0	4
chr18:21500000-22000000	chr18	21500000	2	0.403398	0	2
chr18:22000000-22500000	chr18	22000000	1	0.383572	0	0
chr18:22500000-23000000	chr18	22500000	1	0.39045	0	1
chr18:23000000-23500000	chr18	23000000	3	0.39016	0	3
chr18:23500000-24000000	chr18	23500000	3	0.408664	0	2
chr18:24000000-24500000	chr18	24000000	8	0.433274	0	4
chr18:24500000-25000000	chr18	24500000	7	0.44793	0	6
chr18:25000000-25500000	chr18	25000000	2	0.419844	0	1
chr18:25500000-26000000	chr18	25500000	1	0.454932	0	5
chr18:26000000-26500000	chr18	26000000	0	0.397304	0	0
chr18:26500000-27000000	chr18	26500000	0	0.38164	0	0
chr18:27000000-27500000	chr18	27000000	0	0.376236	0	0
chr18:27500000-28000000	chr18	27500000	0	0.374952	0	0
chr18:28000000-28500000	chr18	28000000	0	0.376242	0	0
chr18:28500000-29000000	chr18	28500000	1	0.380356	0	0
chr18:29000000-29500000	chr18	29000000	1	0.377774	0	0
chr18:29500000-30000000	chr18	29500000	2	0.380658	0	0
chr18:30000000-30500000	chr18	30000000	1	0.401782	0	1
chr18:30500000-31000000	chr18	30500000	0	0.398888	0	0
chr18:31000000-31500000	chr18	31000000	1	0.376996	0	0
chr18:31500000-32000000	chr18	31500000	7	0.409464	0	5
chr18:32000000-32500000	chr18	32000000	8	0.442648	0	5
chr18:32500000-33000000	chr18	32500000	7	0.431742	0	3
chr18:33000000-33500000	chr18	33000000	3	0.4056	0	2
chr18:33500000-34000000	chr18	33500000	3	0.41855	0	2
chr18:34000000-34500000	chr18	34000000	4	0.438132	0	3
chr18:34500000-35000000	chr18	34500000	14	0.444434	0	8
chr18:35000000-35500000	chr18	35000000	7	0.441136	0	7
chr18:35500000-36000000	chr18	35500000	16	0.443372	0	8
chr18:36000000-36500000	chr18	36000000	6	0.47541	0	16
chr18:36500000-37000000	chr18	36500000	20	0.435298	0	13
chr18:37000000-37500000	chr18	37000000	24	0.401486	0	21
chr18:37500000-38000000	chr18	37500000	40	0.42342	0	25
chr18:38000000-38500000	chr18	38000000	14	0.473296	0	13
chr18:38500000-39000000	chr18	38500000	4	0.455478	0	2
chr18:39000000-39500000	chr18	39000000	3	0.44556	0	1
chr18:39500000-40000000	chr18	39500000	2	0.41483	0	2
chr18:40000000-40500000	chr18	40000000	3	0.400088	0	1
chr18:40500000-41000000	chr18	40500000	1	0.390328	0	0
chr18:41000000-41500000	chr18	41000000	0	0.37872	0	0
chr18:41500000-42000000	chr18	41500000	0	0.397406	0	0
chr18:42000000-42500000	chr18	42000000	7	0.424636	0	2
chr18:42500000-43000000	chr18	42500000	3	0.428886	0	3
chr18:43000000-43500000	chr18	43000000	2	0.40979	0	1
chr18:43500000-44000000	chr18	43500000	5	0.40331	0	3
chr18:44000000-44500000	chr18	44000000	10	0.382942	0	0
chr18:44500000-45000000	chr18	44500000	4	0.427806	0	4
chr18:45000000-45500000	chr18	45000000	1	0.39705	0	1
chr18:45500000-46000000	chr18	45500000	1	0.391276	0	1
chr18:46000000-46500000	chr18	46000000	4	0.414332	0	4
chr18:46500000-47000000	chr18	46500000	8	0.42621	0	6
chr18:47000000-47500000	chr18	47000000	3	0.425854	0	2
chr18:47500000-48000000	chr18	47500000	4	0.418966	0	2
chr18:48000000-48500000	chr18	48000000	2	0.382178	0	1
chr18:48500000-49000000	chr18	48500000	0	0.371522	0	0
chr18:49000000-49500000	chr18	49000000	0	0.374566	0	0
chr18:49500000-50000000	chr18	49500000	4	0.408674	0	2
chr18:50000000-50500000	chr18	50000000	4	0.404916	0	2
chr18:50500000-51000000	chr18	50500000	1	0.38514	0	0
chr18:51000000-51500000	chr18	51000000	1	0.377098	0	2
chr18:51500000-52000000	chr18	51500000	0	0.371824	0	0
chr18:52000000-52500000	chr18	52000000	1	0.377728	0	0
chr18:52500000-53000000	chr18	52500000	7	0.406096	0	3
chr18:53000000-53500000	chr18	53000000	2	0.422994	0	2
chr18:53500000-54000000	chr18	53500000	4	0.432268	0	5
chr18:54000000-54500000	chr18	54000000	1	0.405052	0	2
chr18:54500000-55000000	chr18	54500000	3	0.410968	0	0
chr18:55000000-55500000	chr18	55000000	2	0.416318	0	1
chr18:55500000-56000000	chr18	55500000	0	0.400786	0	0
chr18:56000000-56500000	chr18	56000000	0	0.397742	0	0
chr18:56500000-57000000	chr18	56500000	7	0.445878	0	4
chr18:57000000-57500000	chr18	57000000	5	0.419514	0	3
chr18:57500000-58000000	chr18	57500000	8	0.42115	0	2
chr18:58000000-58500000	chr18	58000000	2	0.41457	0	2
chr18:58500000-59000000	chr18	58500000	4	0.404058	0	2
chr18:59000000-59500000	chr18	59000000	2	0.393514	0	1
chr18:59500000-60000000	chr18	59500000	1	0.382579	2e-06	0
chr18:60000000-60500000	chr18	60000000	4	0.396874	0	0
chr18:60500000-61000000	chr18	60500000	11	0.466822	0	6
chr18:61000000-61500000	chr18	61000000	13	0.488636	0	6
chr18:61500000-62000000	chr18	61500000	16	0.468692	0	7
chr18:62000000-62500000	chr18	62000000	4	0.4409	0	2
chr18:62500000-63000000	chr18	62500000	7	0.415992	0	1
chr18:63000000-63500000	chr18	63000000	2	0.431954	0	2
chr18:63500000-64000000	chr18	63500000	4	0.413788	0	3
chr18:64000000-64500000	chr18	64000000	2	0.421614	0	4
chr18:64500000-65000000	chr18	64500000	4	0.436574	0	7
chr18:65000000-65500000	chr18	65000000	3	0.455696	0	2
chr18:65500000-66000000	chr18	65500000	5	0.449748	0	2
chr18:66000000-66500000	chr18	66000000	7	0.439286	0	5
chr18:66500000-67000000	chr18	66500000	2	0.420222	0	1
chr18:67000000-67500000	chr18	67000000	6	0.435246	0	5
chr18:67500000-68000000	chr18	67500000	12	0.43649	0	11
chr18:68000000-68500000	chr18	68000000	5	0.434662	0	2
chr18:68500000-69000000	chr18	68500000	2	0.417636	0	0
chr18:69000000-69500000	chr18	69000000	2	0.414292	0	1
chr18:69500000-70000000	chr18	69500000	1	0.422728	0	2
chr18:70000000-70500000	chr18	70000000	3	0.400356	0	1
chr18:70500000-71000000	chr18	70500000	5	0.410406	0	4
chr18:71000000-71500000	chr18	71000000	0	0.38622	0	0
chr18:71500000-72000000	chr18	71500000	0	0.364124	0	0
chr18:72000000-72500000	chr18	72000000	0	0.374074	0	0
chr18:72500000-73000000	chr18	72500000	1	0.382986	0	0
chr18:73000000-73500000	chr18	73000000	1	0.407624	0	0
chr18:73500000-74000000	chr18	73500000	6	0.433566	0	5
chr18:74000000-74500000	chr18	74000000	8	0.456136	0	5
chr18:74500000-75000000	chr18	74500000	4	0.458188	0	2
chr18:75000000-75500000	chr18	75000000	7	0.461848	0	4
chr18:75500000-76000000	chr18	75500000	5	0.486988	0	6
chr18:76000000-76500000	chr18	76000000	3	0.465454	0	4
chr18:76500000-77000000	chr18	76500000	2	0.467241	0.26	0
chr18:77000000-77500000	chr18	77000000	6	0.440386	0	9
chr18:77500000-78000000	chr18	77500000	6	0.461606	0	3
chr18:78000000-78500000	chr18	78000000	7	0.452986	0.016	6
chr18:78500000-79000000	chr18	78500000	2	0.414522	0	0
chr18:79000000-79500000	chr18	79000000	1	0.420092	0	1
chr18:79500000-80000000	chr18	79500000	0	0.389576	0	0
chr18:80000000-80500000	chr18	80000000	9	0.446458	0	9
chr18:80500000-81000000	chr18	80500000	6	0.481732	0	6
chr18:81000000-81500000	chr18	81000000	3	0.443248	0	5
chr18:81500000-82000000	chr18	81500000	0	0.44348	0	1
chr18:82000000-82500000	chr18	82000000	1	0.434231	0.066	1
chr18:82500000-83000000	chr18	82500000	5	0.467774	0	6
chr18:83000000-83500000	chr18	83000000	5	0.458852	0	3
chr18:83500000-84000000	chr18	83500000	0	0.434186	0	0
chr18:84000000-84500000	chr18	84000000	2	0.448606	0	4
chr18:84500000-85000000	chr18	84500000	5	0.419638	0	4
chr18:85000000-85500000	chr18	85000000	4	0.416114	0	1
chr18:85500000-86000000	chr18	85500000	1	0.387136	0	0
chr18:86000000-86500000	chr18	86000000	0	0.377786	0	0
chr18:86500000-87000000	chr18	86500000	2	0.375008	0	3
chr18:87000000-87500000	chr18	87000000	0	0.370072	0	0
chr18:87500000-88000000	chr18	87500000	0	0.36534	0	0
chr18:88000000-88500000	chr18	88000000	0	0.367336	0	0
chr18:88500000-89000000	chr18	88500000	0	0.37948	0	0
chr18:89000000-89500000	chr18	89000000	4	0.380866	0	3
chr18:89500000-90000000	chr18	89500000	1	0.368162	0	1
chr18:90000000-90500000	chr18	90000000	0	0.383188	0	0
chr18:90500000-90772031	chr18	90500000	3	0.392929	0	1
chr19:0-500000	chr19	0	0	nan	1	0
chr19:500000-1000000	chr19	500000	0	nan	1	0
chr19:1000000-1500000	chr19	1000000	0	nan	1	0
chr19:1500000-2000000	chr19	1500000	0	nan	1	0
chr19:2000000-2500000	chr19	2000000	0	nan	1	0
chr19:2500000-3000000	chr19	2500000	0	nan	1	0
chr19:3000000-3500000	chr19	3000000	7	0.448558	0	5
chr19:3500000-4000000	chr19	3500000	15	0.474336	0	6
chr19:4000000-4500000	chr19	4000000	32	0.485654	0	18
chr19:4500000-5000000	chr19	4500000	20	0.466386	0	17
chr19:5000000-5500000	chr19	5000000	31	0.48355	0	24
chr19:5500000-6000000	chr19	5500000	28	0.504986	0	25
chr19:6000000-6500000	chr19	6000000	36	0.509672	0	25
chr19:6500000-7000000	chr19	6500000	9	0.496978	0.4004	8
chr19:7000000-7500000	chr19	7000000	25	0.50695	0	25
chr19:7500000-8000000	chr19	7500000	7	0.412884	0	3
chr19:8000000-8500000	chr19	8000000	4	0.4033	0	0
chr19:8500000-9000000	chr19	8500000	34	0.445754	0	15
chr19:9000000-9500000	chr19	9000000	9	0.426934	0	5
chr19:9500000-10000000	chr19	9500000	4	0.408496	0	1
chr19:10000000-10500000	chr19	10000000	12	0.49174	0	10
chr19:10500000-11000000	chr19	10500000	22	0.479982	0	10
chr19:11000000-11500000	chr19	11000000	18	0.417894	0	3
chr19:11500000-12000000	chr19	11500000	20	0.407724	0	4
chr19:12000000-12500000	chr19	12000000	17	0.404286	0	2
chr19:12500000-13000000	chr19	12500000	19	0.403778	0	3
chr19:13000000-13500000	chr19	13000000	14	0.38116	0	0
chr19:13500000-14000000	chr19	13500000	21	0.373686	0	0
chr19:14000000-14500000	chr19	14000000	0	0.39673	0	0
chr19:14500000-15000000	chr19	14500000	2	0.397782	0	1
chr19:15000000-15500000	chr19	15000000	0	0.393994	0	0
chr19:15500000-16000000	chr19	15500000	1	0.416656	0	1
chr19:16000000-16500000	chr19	16000000	6	0.423026	0	2
chr19:16500000-17000000	chr19	16500000	3	0.408396	0	3
chr19:17000000-17500000	chr19	17000000	3	0.426876	0	3
chr19:17500000-18000000	chr19	17500000	1	0.41297	0	1
chr19:18000000-18500000	chr19	18000000	0	0.399528	0	0
chr19:18500000-19000000	chr19	18500000	5	0.414976	0	4
chr19:19000000-19500000	chr19	19000000	1	0.38474	0	1
chr19:19500000-20000000	chr19	19500000	0	0.370076	0	0
chr19:20000000-20500000	chr19	20000000	3	0.376464	0	0
chr19:20500000-21000000	chr19	20500000	4	0.390638	0	0
chr19:21000000-21500000	chr19	21000000	3	0.410942	0	1
chr19:21500000-22000000	chr19	21500000	4	0.421428	0	4
chr19:22000000-22500000	chr19	22000000	1	0.40141	0	1
chr19:22500000-23000000	chr19	22500000	2	0.406238	0	1
chr19:23000000-23500000	chr19	23000000	3	0.426472	0	3
chr19:23500000-24000000	chr19	23500000	4	0.42678	0	5
chr19:24000000-24500000	chr19	24000000	4	0.44946	0	5
chr19:24500000-25000000	chr19	24500000	6	0.437532	0	5
chr19:25000000-25500000	chr19	25000000	6	0.442406	0	4
chr19:25500000-26000000	chr19	25500000	4	0.44022	0	6
chr19:26000000-26500000	chr19	26000000	1	0.40606	0	0
chr19:26500000-27000000	chr19	26500000	3	0.432736	0	1
chr19:27000000-27500000	chr19	27000000	3	0.422786	0	3
chr19:27500000-28000000	chr19	27500000	2	0.407086	0	1
chr19:28000000-28500000	chr19	28000000	1	0.41108	0	1
chr19:28500000-29000000	chr19	28500000	3	0.433638	0	4
chr19:29000000-29500000	chr19	29000000	14	0.428154	0	7
chr19:29500000-30000000	chr19	29500000	7	0.417214	0	5
chr19:30000000-30500000	chr19	30000000	4	0.41827	0	2
chr19:30500000-31000000	chr19	30500000	2	0.394936	0	1
chr19:31000000-31500000	chr19	31000000	3	0.397274	0	1
chr19:31500000-32000000	chr19	31500000	2	0.397296	0	2
chr19:32000000-32500000	chr19	32000000	3	0.42658	0	1
chr19:32500000-33000000	chr19	32500000	4	0.42162	0	4
chr19:33000000-33500000	chr19	33000000	3	0.405612	0	1
chr19:33500000-34000000	chr19	33500000	5	0.379512	0	0
chr19:34000000-34500000	chr19	34000000	8	0.401702	0	1
chr19:34500000-35000000	chr19	34500000	12	0.418588	0	4
chr19:35000000-35500000	chr19	35000000	1	0.394486	0	0
chr19:35500000-36000000	chr19	35500000	1	0.385256	0	0
chr19:36000000-36500000	chr19	36000000	4	0.422478	0	3
chr19:36500000-37000000	chr19	36500000	5	0.420086	0	5
chr19:37000000-37500000	chr19	37000000	7	0.420524	0	6
chr19:37500000-38000000	chr19	37500000	5	0.440238	0	7
chr19:38000000-38500000	chr19	38000000	9	0.43665	0	5
chr19:38500000-39000000	chr19	38500000	4	0.425942	0	3
chr19:39000000-39500000	chr19	39000000	7	0.398526	0	1
chr19:39500000-40000000	chr19	39500000	5	0.380486	0	0
chr19:40000000-40500000	chr19	40000000	5	0.420244	0	2
chr19:40500000-41000000	chr19	40500000	9	0.440228	0	6
chr19:41000000-41500000	chr19	41000000	7	0.454634	0	5
chr19:41500000-42000000	chr19	41500000	10	0.46088	0	8
chr19:42000000-42500000	chr19	42000000	15	0.480774	0	8
chr19:42500000-43000000	chr19	42500000	5	0.456794	0	5
chr19:43000000-43500000	chr19	43000000	1	0.389996	0	1
chr19:43500000-44000000	chr19	43500000	11	0.457968	0	12
chr19:44000000-44500000	chr19	44000000	13	0.45133	0	7
chr19:44500000-45000000	chr19	44500000	8	0.478148	0	18
chr19:45000000-45500000	chr19	45000000	14	0.475116	0	21
chr19:45500000-46000000	chr19	45500000	8	0.461388	0	8
chr19:46000000-46500000	chr19	46000000	19	0.4618	0	18
chr19:46500000-47000000	chr19	46500000	9	0.471946	0	5
chr19:47000000-47500000	chr19	47000000	10	0.48432	0	12
chr19:47500000-48000000	chr19	47500000	12	0.460078	0	9
chr19:48000000-48500000	chr19	48000000	2	0.4485	0	1
chr19:48500000-49000000	chr19	48500000	0	0.405412	0	0
chr19:49000000-49500000	chr19	49000000	0	0.38734	0	0
chr19:49500000-50000000	chr19	49500000	0	0.380872	0	0
chr19:50000000-50500000	chr19	50000000	0	0.39524	0	0
chr19:50500000-51000000	chr19	50500000	2	0.389684	0	1
chr19:51000000-51500000	chr19	51000000	0	0.376848	0	0
chr19:51500000-52000000	chr19	51500000	0	0.377286	0	0
chr19:52000000-52500000	chr19	52000000	1	0.383824	0	0
chr19:52500000-53000000	chr19	52500000	1	0.40352	0	0
chr19:53000000-53500000	chr19	53000000	8	0.45279	0	7
chr19:53500000-54000000	chr19	53500000	6	0.4638	0	5
chr19:54000000-54500000	chr19	54000000	3	0.42849	0	2
chr19:54500000-55000000	chr19	54500000	0	0.410568	0	0
chr19:55000000-55500000	chr19	55000000	7	0.442904	0	2
chr19:55500000-56000000	chr19	55500000	3	0.462938	0	3
chr19:56000000-56500000	chr19	56000000	3	0.464624	0	1
chr19:56500000-57000000	chr19	56500000	8	0.461818	0	5
chr19:57000000-57500000	chr19	57000000	5	0.465664	0	3
chr19:57500000-58000000	chr19	57500000	3	0.42758	0	2
chr19:58000000-58500000	chr19	58000000	2	0.446864	0	0
chr19:58500000-59000000	chr19	58500000	9	0.446686	0	4
chr19:59000000-59500000	chr19	59000000	8	0.445988	0	8
chr19:59500000-60000000	chr19	59500000	3	0.436308	0	4
chr19:60000000-60500000	chr19	60000000	3	0.411792	0	2
chr19:60500000-61000000	chr19	60500000	9	0.41876	0	7
chr19:61000000-61342430	chr19	61000000	3	0.428566	0	2
