set,context,drug,tested,replicated,result
primary,EXPR_LOW:TEF,5-Fluorouracil,True,False,"{""res"": {""beta"": 0.035384614406347756, ""r"": 0.0255394491327968, ""p_two"": 0.6092168185364331, ""se"": 0.06916542852470627, ""df"": 401, ""n"": 444, ""n_pos"": 11, ""n_neg"": 433, ""dep_sd"": 0.22324851471334806, ""n_broad_ids"": 1}, ""rep"": {""same_sign"": false, ""p_one_sided"": 0.6953915907317835, ""d_discovery"": 0.940813110638783, ""d_holdout"": 0.15849876740179766, ""magnitude_ok"": false, ""replicated"": false}}"
primary,EXPR_LOW:CCDC148,5-Fluorouracil,True,False,"{""res"": {""beta"": -0.013653969787634836, ""r"": -0.027073356246532378, ""p_two"": 0.5878839598706338, ""se"": 0.0251759248305132, ""df"": 401, ""n"": 444, ""n_pos"": 311, ""n_neg"": 133, ""dep_sd"": 0.22324851471334806, ""n_broad_ids"": 1}, ""rep"": {""same_sign"": true, ""p_one_sided"": 0.2939419799353169, ""d_discovery"": 0.44830849103360404, ""d_holdout"": 0.061160405950142986, ""magnitude_ok"": false, ""replicated"": false}}"
primary,EXPR_LOW:STK32A,5-Fluorouracil,True,False,"{""res"": {""beta"": -0.00030075669215232905, ""r"": -0.0005291851972306753, ""p_two"": 0.9915503038780009, ""se"": 0.028381501337650362, ""df"": 401, ""n"": 444, ""n_pos"": 331, ""n_neg"": 113, ""dep_sd"": 0.22324851471334806, ""n_broad_ids"": 1}, ""rep"": {""same_sign"": true, ""p_one_sided"": 0.49577515193900046, ""d_discovery"": 0.427381358305561, ""d_holdout"": 0.0013471833957708602, ""magnitude_ok"": false, ""replicated"": false}}"
primary,EXPR_LOW:ZNF467,5-Fluorouracil,True,False,"{""res"": {""beta"": -0.013747943668403966, ""r"": -0.027519825123800485, ""p_two"": 0.5817399698392032, ""se"": 0.02493764114254999, ""df"": 401, ""n"": 444, ""n_pos"": 244, ""n_neg"": 200, ""dep_sd"": 0.22324851471334806, ""n_broad_ids"": 1}, ""rep"": {""same_sign"": true, ""p_one_sided"": 0.2908699849196016, ""d_discovery"": 0.3977218725923337, ""d_holdout"": 0.061581344386798624, ""magnitude_ok"": false, ""replicated"": false}}"
primary,EXPR_LOW:ZNF70,5-Fluorouracil,True,False,"{""res"": {""beta"": -0.0394076529325487, ""r"": -0.07827160382778774, ""p_two"": 0.11669025873779257, ""se"": 0.025065115964446584, ""df"": 401, ""n"": 444, ""n_pos"": 168, ""n_neg"": 276, ""dep_sd"": 0.22324851471334806, ""n_broad_ids"": 1}, ""rep"": {""same_sign"": true, ""p_one_sided"": 0.058345129368896284, ""d_discovery"": 0.35817265603809817, ""d_holdout"": 0.17651921663688683, ""magnitude_ok"": false, ""replicated"": false}}"
primary,EXPR_LOW:ZNF610,5-Fluorouracil,True,False,"{""res"": {""beta"": -0.007188699796434363, ""r"": -0.014683879333337181, ""p_two"": 0.7688518649258207, ""se"": 0.024445027424124736, ""df"": 401, ""n"": 444, ""n_pos"": 254, ""n_neg"": 190, ""dep_sd"": 0.22324851471334806, ""n_broad_ids"": 1}, ""rep"": {""same_sign"": true, ""p_one_sided"": 0.38442593246291035, ""d_discovery"": 0.3568247908611462, ""d_holdout"": 0.032200437282481724, ""magnitude_ok"": false, ""replicated"": false}}"
primary,EXPR_LOW:EVA1A,5-azacytidine,True,False,"{""res"": {""beta"": -0.011538459659510268, ""r"": -0.031564126434988425, ""p_two"": 0.5114436584180118, ""se"": 0.017558752738015767, ""df"": 433, ""n"": 476, ""n_pos"": 108, ""n_neg"": 368, ""dep_sd"": 0.1423561333270807, ""n_broad_ids"": 2}, ""rep"": {""same_sign"": true, ""p_one_sided"": 0.2557218292090059, ""d_discovery"": 0.5221263801070384, ""d_holdout"": 0.08105347756952094, ""magnitude_ok"": false, ""replicated"": false}}"
primary,EXPR_LOW:SOWAHB,5-azacytidine,True,False,"{""res"": {""beta"": 0.019585310115833858, ""r"": 0.05955018950321128, ""p_two"": 0.21514402826498638, ""se"": 0.015777272803838376, ""df"": 433, ""n"": 476, ""n_pos"": 300, ""n_neg"": 176, ""dep_sd"": 0.1423561333270807, ""n_broad_ids"": 2}, ""rep"": {""same_sign"": false, ""p_one_sided"": 0.8924279858675068, ""d_discovery"": 0.47405215151890273, ""d_holdout"": 0.1375796718981837, ""magnitude_ok"": false, ""replicated"": false}}"
primary,EXPR_LOW:EDN1,5-azacytidine,True,False,"{""res"": {""beta"": -0.009366506831647465, ""r"": -0.026177375938405606, ""p_two"": 0.5861010165419065, ""se"": 0.01718932186786764, ""df"": 433, ""n"": 476, ""n_pos"": 140, ""n_neg"": 336, ""dep_sd"": 0.1423561333270807, ""n_broad_ids"": 2}, ""rep"": {""same_sign"": true, ""p_one_sided"": 0.29305050827095325, ""d_discovery"": 0.46588124332964037, ""d_holdout"": 0.06579629983435112, ""magnitude_ok"": false, ""replicated"": false}}"
primary,EXPR_LOW:CRACDL,5-azacytidine,True,False,"{""res"": {""beta"": 0.013264846443059256, ""r"": 0.040567243499723925, ""p_two"": 0.3986638779266195, ""se"": 0.015700920910387665, ""df"": 433, ""n"": 476, ""n_pos"": 277, ""n_neg"": 199, ""dep_sd"": 0.1423561333270807, ""n_broad_ids"": 2}, ""rep"": {""same_sign"": false, ""p_one_sided"": 0.8006680610366903, ""d_discovery"": 0.460256066397448, ""d_holdout"": 0.09318071608886457, ""magnitude_ok"": false, ""replicated"": false}}"
primary,EXPR_LOW:CDH3,5-azacytidine,True,False,"{""res"": {""beta"": -0.006194834739619395, ""r"": -0.018967308401388668, ""p_two"": 0.6932179799605451, ""se"": 0.01569285408269198, ""df"": 433, ""n"": 476, ""n_pos"": 191, ""n_neg"": 285, ""dep_sd"": 0.1423561333270807, ""n_broad_ids"": 2}, ""rep"": {""same_sign"": true, ""p_one_sided"": 0.34660898998027256, ""d_discovery"": 0.4595929549366323, ""d_holdout"": 0.04351645829959431, ""magnitude_ok"": false, ""replicated"": false}}"
primary,EXPR_LOW:TTYH1,5-azacytidine,True,False,"{""res"": {""beta"": -0.008349614780611364, ""r"": -0.026959839268326027, ""p_two"": 0.5749502187122497, ""se"": 0.014878094240236568, ""df"": 433, ""n"": 476, ""n_pos"": 333, ""n_neg"": 143, ""dep_sd"": 0.1423561333270807, ""n_broad_ids"": 2}, ""rep"": {""same_sign"": true, ""p_one_sided"": 0.28747510935612486, ""d_discovery"": 0.4525618123709243, ""d_holdout"": 0.05865300346018179, ""magnitude_ok"": false, ""replicated"": false}}"
primary,EXPR_LOW:BMPR1A,ABT737,False,False,"{""res"": null, ""rep"": null}"
primary,EXPR_LOW:BCL3,ABT737,False,False,"{""res"": null, ""rep"": null}"
primary,EXPR_LOW:YAP1,ABT737,True,False,"{""res"": {""beta"": -0.09208023947262257, ""r"": -0.05377333320274591, ""p_two"": 0.2647533767009856, ""se"": 0.0824586933118139, ""df"": 430, ""n"": 473, ""n_pos"": 9, ""n_neg"": 464, ""dep_sd"": 0.1978955652236673, ""n_broad_ids"": 1}, ""rep"": {""same_sign"": true, ""p_one_sided"": 0.1323766883504928, ""d_discovery"": 0.5964841026666865, ""d_holdout"": 0.4652971347212901, ""magnitude_ok"": true, ""replicated"": false}}"
primary,EXPR_LOW:SEMA3C,ABT737,True,False,"{""res"": {""beta"": -0.017760326433177546, ""r"": -0.017729554482866526, ""p_two"": 0.71327363726619, ""se"": 0.0483003886457115, ""df"": 430, ""n"": 473, ""n_pos"": 21, ""n_neg"": 452, ""dep_sd"": 0.1978955652236673, ""n_broad_ids"": 1}, ""rep"": {""same_sign"": true, ""p_one_sided"": 0.356636818633095, ""d_discovery"": 0.5824658029659108, ""d_holdout"": 0.08974595470648526, ""magnitude_ok"": false, ""replicated"": false}}"
primary,EXPR_LOW:GRAMD2A,AZD2014,True,False,"{""res"": {""beta"": -0.039161700135539476, ""r"": -0.06341444275914163, ""p_two"": 0.1867894712579543, ""se"": 0.02961791035756113, ""df"": 433, ""n"": 476, ""n_pos"": 329, ""n_neg"": 147, ""dep_sd"": 0.26266197941517566, ""n_broad_ids"": 1}, ""rep"": {""same_sign"": true, ""p_one_sided"": 0.09339473562897715, ""d_discovery"": 0.5159011753179192, ""d_holdout"": 0.14909542760141423, ""magnitude_ok"": false, ""replicated"": false}}"
primary,EXPR_LOW:SGK1,AZD4547,True,False,"{""res"": {""beta"": -0.08915125512960308, ""r"": -0.059086477042904186, ""p_two"": 0.22359988960817584, ""se"": 0.07314708162463883, ""df"": 424, ""n"": 467, ""n_pos"": 20, ""n_neg"": 447, ""dep_sd"": 0.3067013721800904, ""n_broad_ids"": 1}, ""rep"": {""same_sign"": true, ""p_one_sided"": 0.11179994480408792, ""d_discovery"": 0.6267990020192467, ""d_holdout"": 0.29067771851133034, ""magnitude_ok"": false, ""replicated"": false}}"
primary,EXPR_LOW:CDCP1,AZD4547,True,True,"{""res"": {""beta"": -0.11002032026261085, ""r"": -0.12020166599404496, ""p_two"": 0.01304083022950231, ""se"": 0.04412849989065511, ""df"": 424, ""n"": 467, ""n_pos"": 100, ""n_neg"": 367, ""dep_sd"": 0.3067013721800904, ""n_broad_ids"": 1}, ""rep"": {""same_sign"": true, ""p_one_sided"": 0.006520415114751155, ""d_discovery"": 0.5624652357296878, ""d_holdout"": 0.3587213173536393, ""magnitude_ok"": true, ""replicated"": true}}"
primary,EXPR_LOW:ICAM1,AZD4547,True,True,"{""res"": {""beta"": -0.1289050966802948, ""r"": -0.17263347782208804, ""p_two"": 0.000344178235922881, ""se"": 0.035718421445853125, ""df"": 424, ""n"": 467, ""n_pos"": 97, ""n_neg"": 370, ""dep_sd"": 0.3067013721800904, ""n_broad_ids"": 1}, ""rep"": {""same_sign"": true, ""p_one_sided"": 0.0001720891179614405, ""d_discovery"": 0.4296736647941469, ""d_holdout"": 0.4202951417009105, ""magnitude_ok"": true, ""replicated"": true}}"
primary,EXPR_LOW:HRCT1,AZD4547,True,False,"{""res"": {""beta"": -0.02446073834939927, ""r"": -0.04017312667848062, ""p_two"": 0.4082021337986012, ""se"": 0.029546107041094397, ""df"": 424, ""n"": 467, ""n_pos"": 235, ""n_neg"": 232, ""dep_sd"": 0.3067013721800904, ""n_broad_ids"": 1}, ""rep"": {""same_sign"": true, ""p_one_sided"": 0.2041010668993006, ""d_discovery"": 0.3939297490430773, ""d_holdout"": 0.07975425142550811, ""magnitude_ok"": false, ""replicated"": false}}"
primary,MUT_DAM:PTEN,AZD5363,True,True,"{""res"": {""beta"": -0.10094405627364382, ""r"": -0.10135710990817383, ""p_two"": 0.0358501958141648, ""se"": 0.04794797246330204, ""df"": 427, ""n"": 470, ""n_pos"": 60, ""n_neg"": 410, ""dep_sd"": 0.28984519178696666, ""n_broad_ids"": 1}, ""rep"": {""same_sign"": true, ""p_one_sided"": 0.0179250979070824, ""d_discovery"": 0.6748570624653724, ""d_holdout"": 0.348268866049835, ""magnitude_ok"": true, ""replicated"": true}}"
primary,EXPR_LOW:CHMP4C,AZD5363,True,False,"{""res"": {""beta"": -0.0574059266478981, ""r"": -0.060020424725601165, ""p_two"": 0.21635357588413492, ""se"": 0.046365085427934986, ""df"": 424, ""n"": 467, ""n_pos"": 112, ""n_neg"": 355, ""dep_sd"": 0.28968258343336994, ""n_broad_ids"": 1}, ""rep"": {""same_sign"": true, ""p_one_sided"": 0.10817678794206746, ""d_discovery"": 0.549896773442882, ""d_holdout"": 0.19816837438934976, ""magnitude_ok"": false, ""replicated"": false}}"
primary,EXPR_LOW:STK32A,AZD5363,True,True,"{""res"": {""beta"": -0.07103976050846905, ""r"": -0.09527061654728095, ""p_two"": 0.049407592722669924, ""se"": 0.03604787352655403, ""df"": 424, ""n"": 467, ""n_pos"": 351, ""n_neg"": 116, ""dep_sd"": 0.28968258343336994, ""n_broad_ids"": 1}, ""rep"": {""same_sign"": true, ""p_one_sided"": 0.024703796361334962, ""d_discovery"": 0.4492475119457766, ""d_holdout"": 0.24523310882723107, ""magnitude_ok"": true, ""replicated"": true}}"
primary,EXPR_LOW:CCDC148,AZD5363,True,False,"{""res"": {""beta"": -0.037809989453722166, ""r"": -0.05710829283069666, ""p_two"": 0.2395154940018557, ""se"": 0.032100743995539256, ""df"": 424, ""n"": 467, ""n_pos"": 325, ""n_neg"": 142, ""dep_sd"": 0.28968258343336994, ""n_broad_ids"": 1}, ""rep"": {""same_sign"": true, ""p_one_sided"": 0.11975774700092785, ""d_discovery"": 0.4383008893818767, ""d_holdout"": 0.13052213566170043, ""magnitude_ok"": false, ""replicated"": false}}"
primary,EXPR_LOW:KLRC2,AZD5363,True,False,"{""res"": {""beta"": -0.03118645406894599, ""r"": -0.04373126070355527, ""p_two"": 0.36791710981702713, ""se"": 0.03459994408732371, ""df"": 424, ""n"": 467, ""n_pos"": 363, ""n_neg"": 104, ""dep_sd"": 0.28968258343336994, ""n_broad_ids"": 1}, ""rep"": {""same_sign"": true, ""p_one_sided"": 0.18395855490851357, ""d_discovery"": 0.4271959428394282, ""d_holdout"": 0.10765733203328465, ""magnitude_ok"": false, ""replicated"": false}}"
primary,EXPR_LOW:ICAM2,AZD5363,True,False,"{""res"": {""beta"": -0.03564978139935738, ""r"": -0.05715265428062458, ""p_two"": 0.23915007331042726, ""se"": 0.03024315406403132, ""df"": 424, ""n"": 467, ""n_pos"": 279, ""n_neg"": 188, ""dep_sd"": 0.28968258343336994, ""n_broad_ids"": 1}, ""rep"": {""same_sign"": true, ""p_one_sided"": 0.11957503665521363, ""d_discovery"": 0.4049662307287652, ""d_holdout"": 0.12306498021672471, ""magnitude_ok"": false, ""replicated"": false}}"
primary,EXPR_LOW:CREBRF,AZD5438,True,False,"{""res"": {""beta"": -0.012717389726676681, ""r"": -0.014622908647138298, ""p_two"": 0.7681155759176188, ""se"": 0.04310429751138721, ""df"": 407, ""n"": 450, ""n_pos"": 36, ""n_neg"": 414, ""dep_sd"": 0.23485260589237028, ""n_broad_ids"": 1}, ""rep"": {""same_sign"": true, ""p_one_sided"": 0.3840577879588094, ""d_discovery"": 0.6970286871812262, ""d_holdout"": 0.054150515717525764, ""magnitude_ok"": false, ""replicated"": false}}"
primary,EXPR_LOW:GPR39,AZD5438,True,False,"{""res"": {""beta"": 0.025468860757142702, ""r"": 0.03151038792873639, ""p_two"": 0.5251247827005442, ""se"": 0.04004449774989818, ""df"": 407, ""n"": 450, ""n_pos"": 53, ""n_neg"": 397, ""dep_sd"": 0.23485260589237028, ""n_broad_ids"": 1}, ""rep"": {""same_sign"": false, ""p_one_sided"": 0.7374376086497278, ""d_discovery"": 0.5642338049346933, ""d_holdout"": 0.10844614927890019, ""magnitude_ok"": false, ""replicated"": false}}"
primary,EXPR_LOW:TFF3,AZD7762,True,False,"{""res"": {""beta"": -0.007024201885214392, ""r"": -0.003187353184716603, ""p_two"": 0.9477634765571168, ""se"": 0.10715055035557566, ""df"": 423, ""n"": 466, ""n_pos"": 359, ""n_neg"": 107, ""dep_sd"": 0.8756916420837112, ""n_broad_ids"": 1}, ""rep"": {""same_sign"": true, ""p_one_sided"": 0.4738817382785584, ""d_discovery"": 0.4200353797239663, ""d_holdout"": 0.008021318861169304, ""magnitude_ok"": false, ""replicated"": false}}"
primary,EXPR_LOW:RORA,AZD7762,True,False,"{""res"": {""beta"": -0.13474952917955088, ""r"": -0.07675707534244312, ""p_two"": 0.11409335276559053, ""se"": 0.08510508607845362, ""df"": 423, ""n"": 466, ""n_pos"": 208, ""n_neg"": 258, ""dep_sd"": 0.8756916420837112, ""n_broad_ids"": 1}, ""rep"": {""same_sign"": true, ""p_one_sided"": 0.057046676382795265, ""d_discovery"": 0.37386051712153595, ""d_holdout"": 0.15387782948220668, ""magnitude_ok"": false, ""replicated"": false}}"
primary,EXPR_LOW:LMNTD2,AZD7762,True,True,"{""res"": {""beta"": -0.1981145483177214, ""r"": -0.09847910661647116, ""p_two"": 0.04244258322264496, ""se"": 0.09733877658035882, ""df"": 423, ""n"": 466, ""n_pos"": 137, ""n_neg"": 329, ""dep_sd"": 0.8756916420837112, ""n_broad_ids"": 1}, ""rep"": {""same_sign"": true, ""p_one_sided"": 0.02122129161132248, ""d_discovery"": 0.3601599175455661, ""d_holdout"": 0.22623779741269104, ""magnitude_ok"": true, ""replicated"": true}}"
primary,EXPR_LOW:PLEKHG6,AZD8055,True,False,"{""res"": {""beta"": -0.008653024066435783, ""r"": -0.008126825800397988, ""p_two"": 0.869845630402418, ""se"": 0.0527758715770126, ""df"": 407, ""n"": 450, ""n_pos"": 216, ""n_neg"": 234, ""dep_sd"": 0.4386645886949556, ""n_broad_ids"": 1}, ""rep"": {""same_sign"": true, ""p_one_sided"": 0.434922815201209, ""d_discovery"": 0.5240068470749341, ""d_holdout"": 0.019725832194886918, ""magnitude_ok"": false, ""replicated"": false}}"
primary,EXPR_LOW:SPINT1,AZD8055,True,False,"{""res"": {""beta"": -0.03193664584241754, ""r"": -0.02686992916301337, ""p_two"": 0.5879250136029249, ""se"": 0.058893686569556736, ""df"": 407, ""n"": 450, ""n_pos"": 93, ""n_neg"": 357, ""dep_sd"": 0.4386645886949556, ""n_broad_ids"": 1}, ""rep"": {""same_sign"": true, ""p_one_sided"": 0.29396250680146246, ""d_discovery"": 0.5224824161360118, ""d_holdout"": 0.07280424877109483, ""magnitude_ok"": false, ""replicated"": false}}"
primary,EXPR_LOW:GRAMD2A,AZD8055,True,False,"{""res"": {""beta"": -0.014948182806951003, ""r"": -0.01407795199757427, ""p_two"": 0.7765240604742705, ""se"": 0.05262700745641837, ""df"": 407, ""n"": 450, ""n_pos"": 311, ""n_neg"": 139, ""dep_sd"": 0.4386645886949556, ""n_broad_ids"": 1}, ""rep"": {""same_sign"": true, ""p_one_sided"": 0.38826203023713524, ""d_discovery"": 0.49659909524582097, ""d_holdout"": 0.0340765659964084, ""magnitude_ok"": false, ""replicated"": false}}"
primary,EXPR_LOW:TMPRSS3,AZD8055,True,False,"{""res"": {""beta"": -0.0347314077631276, ""r"": -0.03484942926800223, ""p_two"": 0.4821538586967802, ""se"": 0.04937028455786232, ""df"": 407, ""n"": 450, ""n_pos"": 297, ""n_neg"": 153, ""dep_sd"": 0.4386645886949556, ""n_broad_ids"": 1}, ""rep"": {""same_sign"": true, ""p_one_sided"": 0.2410769293483901, ""d_discovery"": 0.45361105777882854, ""d_holdout"": 0.07917531676412473, ""magnitude_ok"": false, ""replicated"": false}}"
primary,EXPR_LOW:TUBA8,AZD8055,True,False,"{""res"": {""beta"": -0.06178389876231281, ""r"": -0.06261105958847316, ""p_two"": 0.20637542639767156, ""se"": 0.04881734213569609, ""df"": 407, ""n"": 450, ""n_pos"": 321, ""n_neg"": 129, ""dep_sd"": 0.4386645886949556, ""n_broad_ids"": 1}, ""rep"": {""same_sign"": true, ""p_one_sided"": 0.10318771319883578, ""d_discovery"": 0.44545872825163674, ""d_holdout"": 0.1408454212046665, ""magnitude_ok"": false, ""replicated"": false}}"
primary,EXPR_LOW:SLC16A1,Afatinib,True,False,"{""res"": {""beta"": -0.3726176709637598, ""r"": -0.09950514565144364, ""p_two"": 0.03847841393721208, ""se"": 0.17948101751861123, ""df"": 431, ""n"": 474, ""n_pos"": 6, ""n_neg"": 468, ""dep_sd"": 0.44753818934251743, ""n_broad_ids"": 2}, ""rep"": {""same_sign"": true, ""p_one_sided"": 0.01923920696860604, ""d_discovery"": 2.0061956471932376, ""d_holdout"": 0.8325941334999275, ""magnitude_ok"": false, ""replicated"": false}}"
primary,EXPR_LOW:DOK1,Afatinib,True,False,"{""res"": {""beta"": -0.17547131762862822, ""r"": -0.07491744353479235, ""p_two"": 0.11956243676037236, ""se"": 0.11250254685735335, ""df"": 431, ""n"": 474, ""n_pos"": 15, ""n_neg"": 459, ""dep_sd"": 0.44753818934251743, ""n_broad_ids"": 2}, ""rep"": {""same_sign"": true, ""p_one_sided"": 0.05978121838018618, ""d_discovery"": 0.9230594507437936, ""d_holdout"": 0.39208121632349363, ""magnitude_ok"": false, ""replicated"": false}}"
primary,EXPR_LOW:LIX1L,Afatinib,True,True,"{""res"": {""beta"": -0.228663214765985, ""r"": -0.19568987242369512, ""p_two"": 4.131885385686998e-05, ""se"": 0.05519635049228468, ""df"": 431, ""n"": 474, ""n_pos"": 89, ""n_neg"": 385, ""dep_sd"": 0.44753818934251743, ""n_broad_ids"": 2}, ""rep"": {""same_sign"": true, ""p_one_sided"": 2.065942692843499e-05, ""d_discovery"": 0.6104977067792021, ""d_holdout"": 0.5109356479765811, ""magnitude_ok"": true, ""replicated"": true}}"
primary,EXPR_LOW:DYRK3,Afatinib,True,True,"{""res"": {""beta"": -0.1616381801744006, ""r"": -0.15108570187308362, ""p_two"": 0.0016164640798266815, ""se"": 0.05094102796916007, ""df"": 431, ""n"": 474, ""n_pos"": 96, ""n_neg"": 378, ""dep_sd"": 0.44753818934251743, ""n_broad_ids"": 2}, ""rep"": {""same_sign"": true, ""p_one_sided"": 0.0008082320399133407, ""d_discovery"": 0.45656756978088303, ""d_holdout"": 0.3611718151066946, ""magnitude_ok"": true, ""replicated"": true}}"
primary,EXPR_LOW:MAF,Afatinib,True,False,"{""res"": {""beta"": -0.013496855216003406, ""r"": -0.012423278063415776, ""p_two"": 0.7965810654235441, ""se"": 0.05232680661123517, ""df"": 431, ""n"": 474, ""n_pos"": 344, ""n_neg"": 130, ""dep_sd"": 0.44753818934251743, ""n_broad_ids"": 2}, ""rep"": {""same_sign"": true, ""p_one_sided"": 0.39829053271177206, ""d_discovery"": 0.4495477765942913, ""d_holdout"": 0.030157996652379015, ""magnitude_ok"": false, ""replicated"": false}}"
primary,EXPR_LOW:ZEB1,Afatinib,True,True,"{""res"": {""beta"": -0.23411505114689932, ""r"": -0.2451319190994251, ""p_two"": 2.402675568214129e-07, ""se"": 0.044599916849087796, ""df"": 431, ""n"": 474, ""n_pos"": 179, ""n_neg"": 295, ""dep_sd"": 0.44753818934251743, ""n_broad_ids"": 2}, ""rep"": {""same_sign"": true, ""p_one_sided"": 1.2013377841070645e-07, ""d_discovery"": 0.42646119330322346, ""d_holdout"": 0.5231174829813741, ""magnitude_ok"": true, ""replicated"": true}}"
primary,MUT_HOT:PTEN,Afuresertib,True,False,"{""res"": {""beta"": -0.07242763058493155, ""r"": -0.07813039294341252, ""p_two"": 0.10286997604450455, ""se"": 0.04431084519217284, ""df"": 435, ""n"": 478, ""n_pos"": 20, ""n_neg"": 458, ""dep_sd"": 0.1847919826762299, ""n_broad_ids"": 1}, ""rep"": {""same_sign"": true, ""p_one_sided"": 0.05143498802225228, ""d_discovery"": 0.8027465132322794, ""d_holdout"": 0.39194141182970293, ""magnitude_ok"": false, ""replicated"": false}}"
primary,MUT_DAM:PTEN,Afuresertib,True,True,"{""res"": {""beta"": -0.10733217333496663, ""r"": -0.18053430911463178, ""p_two"": 0.00014800050031489722, ""se"": 0.028036916025155578, ""df"": 435, ""n"": 478, ""n_pos"": 62, ""n_neg"": 416, ""dep_sd"": 0.1847919826762299, ""n_broad_ids"": 1}, ""rep"": {""same_sign"": true, ""p_one_sided"": 7.400025015744861e-05, ""d_discovery"": 0.7737421396102563, ""d_holdout"": 0.5808270022353786, ""magnitude_ok"": true, ""replicated"": true}}"
primary,EXPR_LOW:EPB41L1,Alisertib,False,False,"{""res"": null, ""rep"": null}"
primary,EXPR_LOW:CAPN8,Alisertib,True,False,"{""res"": {""beta"": -0.07034906932825909, ""r"": -0.05673788919094461, ""p_two"": 0.23818202567244526, ""se"": 0.05955841654046889, ""df"": 432, ""n"": 475, ""n_pos"": 330, ""n_neg"": 145, ""dep_sd"": 0.4906259299568871, ""n_broad_ids"": 1}, ""rep"": {""same_sign"": true, ""p_one_sided"": 0.11909101283622263, ""d_discovery"": 0.41744646854303663, ""d_holdout"": 0.1433863663390985, ""magnitude_ok"": false, ""replicated"": false}}"
primary,EXPR_LOW:C14orf28,Alisertib,True,False,"{""res"": {""beta"": -0.058294952128010294, ""r"": -0.058301023495618776, ""p_two"": 0.2254763347799344, ""se"": 0.04802568354308524, ""df"": 432, ""n"": 475, ""n_pos"": 183, ""n_neg"": 292, ""dep_sd"": 0.4906259299568871, ""n_broad_ids"": 1}, ""rep"": {""same_sign"": true, ""p_one_sided"": 0.1127381673899672, ""d_discovery"": 0.3413240016034578, ""d_holdout"": 0.1188175116083507, ""magnitude_ok"": false, ""replicated"": false}}"
primary,MUT_HOT:PIK3CA,Alpelisib,True,True,"{""res"": {""beta"": -0.1226210957744125, ""r"": -0.22788756649674974, ""p_two"": 1.955119192853291e-06, ""se"": 0.025413803688995137, ""df"": 425, ""n"": 468, ""n_pos"": 67, ""n_neg"": 401, ""dep_sd"": 0.17960528623611244, ""n_broad_ids"": 1}, ""rep"": {""same_sign"": true, ""p_one_sided"": 9.775595964266456e-07, ""d_discovery"": 0.9548657942237498, ""d_holdout"": 0.6827254272082646, ""magnitude_ok"": true, ""replicated"": true}}"
primary,EXPR_LOW:GSDMD,Axitinib,True,True,"{""res"": {""beta"": -0.20540553914915374, ""r"": -0.24649683356471142, ""p_two"": 1.9838862125681792e-07, ""se"": 0.03885501343127003, ""df"": 432, ""n"": 475, ""n_pos"": 34, ""n_neg"": 441, ""dep_sd"": 0.2030061917251841, ""n_broad_ids"": 1}, ""rep"": {""same_sign"": true, ""p_one_sided"": 9.919431062840896e-08, ""d_discovery"": 0.5964995355485971, ""d_holdout"": 1.0118190849430726, ""magnitude_ok"": true, ""replicated"": true}}"
primary,EXPR_LOW:IKBKE,Axitinib,True,True,"{""res"": {""beta"": -0.11528092731425904, ""r"": -0.11848749422712859, ""p_two"": 0.013511371204718889, ""se"": 0.04648072334109321, ""df"": 432, ""n"": 475, ""n_pos"": 23, ""n_neg"": 452, ""dep_sd"": 0.2030061917251841, ""n_broad_ids"": 1}, ""rep"": {""same_sign"": true, ""p_one_sided"": 0.006755685602359444, ""d_discovery"": 0.5844959634194322, ""d_holdout"": 0.5678690208144905, ""magnitude_ok"": true, ""replicated"": true}}"
primary,EXPR_LOW:GPRC5A,Axitinib,True,True,"{""res"": {""beta"": -0.16561783079866715, ""r"": -0.21957126238975455, ""p_two"": 3.883314615163157e-06, ""se"": 0.03540462000659269, ""df"": 432, ""n"": 475, ""n_pos"": 44, ""n_neg"": 431, ""dep_sd"": 0.2030061917251841, ""n_broad_ids"": 1}, ""rep"": {""same_sign"": true, ""p_one_sided"": 1.9416573075815785e-06, ""d_discovery"": 0.5646156827664024, ""d_holdout"": 0.8158264996314459, ""magnitude_ok"": true, ""replicated"": true}}"
primary,EXPR_LOW:TRIM38,Axitinib,True,True,"{""res"": {""beta"": -0.11525856205662602, ""r"": -0.16751173939688863, ""p_two"": 0.0004575604902357829, ""se"": 0.0326366641606393, ""df"": 432, ""n"": 475, ""n_pos"": 49, ""n_neg"": 426, ""dep_sd"": 0.2030061917251841, ""n_broad_ids"": 1}, ""rep"": {""same_sign"": true, ""p_one_sided"": 0.00022878024511789144, ""d_discovery"": 0.5348539023969351, ""d_holdout"": 0.5677588504918863, ""magnitude_ok"": true, ""replicated"": true}}"
primary,EXPR_LOW:GPR39,Axitinib,True,True,"{""res"": {""beta"": -0.09784793191777885, ""r"": -0.1517347887243473, ""p_two"": 0.0015228203181921888, ""se"": 0.030666674528241476, ""df"": 432, ""n"": 475, ""n_pos"": 61, ""n_neg"": 414, ""dep_sd"": 0.2030061917251841, ""n_broad_ids"": 1}, ""rep"": {""same_sign"": true, ""p_one_sided"": 0.0007614101590960944, ""d_discovery"": 0.5165124427528555, ""d_holdout"": 0.48199481545980966, ""magnitude_ok"": true, ""replicated"": true}}"
primary,EXPR_LOW:ARHGAP29,Axitinib,True,True,"{""res"": {""beta"": -0.07979125022305963, ""r"": -0.1087535254899522, ""p_two"": 0.023462648117875077, ""se"": 0.035090250730939895, ""df"": 432, ""n"": 475, ""n_pos"": 43, ""n_neg"": 432, ""dep_sd"": 0.2030061917251841, ""n_broad_ids"": 1}, ""rep"": {""same_sign"": true, ""p_one_sided"": 0.011731324058937538, ""d_discovery"": 0.509771121718729, ""d_holdout"": 0.3930483575154967, ""magnitude_ok"": true, ""replicated"": true}}"
primary,EXPR_LOW:SP100,BI-2536,True,True,"{""res"": {""beta"": -0.700578549035494, ""r"": -0.11171951369537392, ""p_two"": 0.021093104279782088, ""se"": 0.3026338800074412, ""df"": 424, ""n"": 467, ""n_pos"": 22, ""n_neg"": 445, ""dep_sd"": 1.2050206252442812, ""n_broad_ids"": 1}, ""rep"": {""same_sign"": true, ""p_one_sided"": 0.010546552139891044, ""d_discovery"": 0.7322239975747424, ""d_holdout"": 0.581383035575406, ""magnitude_ok"": true, ""replicated"": true}}"
primary,EXPR_LOW:GSDMD,BI-2536,True,True,"{""res"": {""beta"": -0.5550798070020414, ""r"": -0.1113523507156832, ""p_two"": 0.021522741965803387, ""se"": 0.24058236790132842, ""df"": 424, ""n"": 467, ""n_pos"": 32, ""n_neg"": 435, ""dep_sd"": 1.2050206252442812, ""n_broad_ids"": 1}, ""rep"": {""same_sign"": true, ""p_one_sided"": 0.010761370982901693, ""d_discovery"": 0.6558377127286297, ""d_holdout"": 0.4606392582612566, ""magnitude_ok"": true, ""replicated"": true}}"
primary,EXPR_LOW:MYOF,BI-2536,True,True,"{""res"": {""beta"": -0.6647570461995802, ""r"": -0.08434811252520663, ""p_two"": 0.08205057172668585, ""se"": 0.38137675026593937, ""df"": 424, ""n"": 467, ""n_pos"": 16, ""n_neg"": 451, ""dep_sd"": 1.2050206252442812, ""n_broad_ids"": 1}, ""rep"": {""same_sign"": true, ""p_one_sided"": 0.04102528586334293, ""d_discovery"": 0.6141948847398087, ""d_holdout"": 0.5516561561465564, ""magnitude_ok"": true, ""replicated"": true}}"
primary,EXPR_LOW:EPAS1,BI-2536,True,True,"{""res"": {""beta"": -1.0931845408765328, ""r"": -0.20364561788515917, ""p_two"": 2.282351911723335e-05, ""se"": 0.2552336849342839, ""df"": 424, ""n"": 467, ""n_pos"": 30, ""n_neg"": 437, ""dep_sd"": 1.2050206252442812, ""n_broad_ids"": 1}, ""rep"": {""same_sign"": true, ""p_one_sided"": 1.1411759558616674e-05, ""d_discovery"": 0.5464247920300522, ""d_holdout"": 0.9071915600240643, ""magnitude_ok"": true, ""replicated"": true}}"
primary,EXPR_LOW:C11orf52,BI-2536,True,True,"{""res"": {""beta"": -0.513866228101044, ""r"": -0.1752500059608115, ""p_two"": 0.0002783490518308756, ""se"": 0.14019592749508264, ""df"": 424, ""n"": 467, ""n_pos"": 193, ""n_neg"": 274, ""dep_sd"": 1.2050206252442812, ""n_broad_ids"": 1}, ""rep"": {""same_sign"": true, ""p_one_sided"": 0.0001391745259154378, ""d_discovery"": 0.5062626677994234, ""d_holdout"": 0.4264377035014428, ""magnitude_ok"": true, ""replicated"": true}}"
primary,EXPR_LOW:PRSS22,BI-2536,True,True,"{""res"": {""beta"": -0.5201570130208, ""r"": -0.16982659885003665, ""p_two"": 0.0004307534561565947, ""se"": 0.14658548595217444, ""df"": 424, ""n"": 467, ""n_pos"": 236, ""n_neg"": 231, ""dep_sd"": 1.2050206252442812, ""n_broad_ids"": 1}, ""rep"": {""same_sign"": true, ""p_one_sided"": 0.00021537672807829734, ""d_discovery"": 0.5020862665352738, ""d_holdout"": 0.4316581825438498, ""magnitude_ok"": true, ""replicated"": true}}"
primary,EXPR_LOW:PLAAT4,Bromosporine,True,False,"{""res"": {""beta"": -0.032449014068918744, ""r"": -0.05405813708505706, ""p_two"": 0.26899981507464954, ""se"": 0.029316815580927566, ""df"": 418, ""n"": 461, ""n_pos"": 92, ""n_neg"": 369, ""dep_sd"": 0.22933143704011338, ""n_broad_ids"": 1}, ""rep"": {""same_sign"": true, ""p_one_sided"": 0.13449990753732477, ""d_discovery"": 0.482263159009154, ""d_holdout"": 0.1414939638791996, ""magnitude_ok"": false, ""replicated"": false}}"
primary,EXPR_LOW:PLAAT2,Bromosporine,True,False,"{""res"": {""beta"": -0.023197295052590786, ""r"": -0.03824015232719575, ""p_two"": 0.434426034818871, ""se"": 0.029649121045575575, ""df"": 418, ""n"": 461, ""n_pos"": 355, ""n_neg"": 106, ""dep_sd"": 0.22933143704011338, ""n_broad_ids"": 1}, ""rep"": {""same_sign"": true, ""p_one_sided"": 0.2172130174094355, ""d_discovery"": 0.44700034121034316, ""d_holdout"": 0.10115183226507773, ""magnitude_ok"": false, ""replicated"": false}}"
primary,EXPR_LOW:STK32A,Buparlisib,True,False,"{""res"": {""beta"": -0.012647431084133137, ""r"": -0.02141819529881674, ""p_two"": 0.6681554646464029, ""se"": 0.029481367480783723, ""df"": 401, ""n"": 444, ""n_pos"": 328, ""n_neg"": 116, ""dep_sd"": 0.23038277127606493, ""n_broad_ids"": 1}, ""rep"": {""same_sign"": true, ""p_one_sided"": 0.3340777323232014, ""d_discovery"": 0.5780813963933576, ""d_holdout"": 0.05489746917306534, ""magnitude_ok"": false, ""replicated"": false}}"
primary,EXPR_LOW:CCDC148,Buparlisib,True,False,"{""res"": {""beta"": -0.011066762722768603, ""r"": -0.020992507025956002, ""p_two"": 0.6743693525065899, ""se"": 0.026320151836608827, ""df"": 401, ""n"": 444, ""n_pos"": 309, ""n_neg"": 135, ""dep_sd"": 0.23038277127606493, ""n_broad_ids"": 1}, ""rep"": {""same_sign"": true, ""p_one_sided"": 0.33718467625329496, ""d_discovery"": 0.5025866655668407, ""d_holdout"": 0.04803641635818085, ""magnitude_ok"": false, ""replicated"": false}}"
primary,EXPR_LOW:SYT13,Buparlisib,True,False,"{""res"": {""beta"": -0.02358146853771901, ""r"": -0.03872440449605697, ""p_two"": 0.43818419376576007, ""se"": 0.030387014924894134, ""df"": 401, ""n"": 444, ""n_pos"": 339, ""n_neg"": 105, ""dep_sd"": 0.23038277127606493, ""n_broad_ids"": 1}, ""rep"": {""same_sign"": true, ""p_one_sided"": 0.21909209688288003, ""d_discovery"": 0.4465275298000191, ""d_holdout"": 0.10235777791500571, ""magnitude_ok"": false, ""replicated"": false}}"
primary,EXPR_LOW:CRYAB,Camptothecin,True,False,"{""res"": {""beta"": -0.24952328524430922, ""r"": -0.09166335907393208, ""p_two"": 0.05637782516906655, ""se"": 0.13041910682683866, ""df"": 432, ""n"": 475, ""n_pos"": 218, ""n_neg"": 257, ""dep_sd"": 1.2259911971469466, ""n_broad_ids"": 1}, ""rep"": {""same_sign"": true, ""p_one_sided"": 0.028188912584533276, ""d_discovery"": 0.42253640870237263, ""d_holdout"": 0.20352779516279146, ""magnitude_ok"": false, ""replicated"": false}}"
primary,EXPR_LOW:PRODH,Camptothecin,True,True,"{""res"": {""beta"": -0.354659536893541, ""r"": -0.13800793317425405, ""p_two"": 0.0039694775563011145, ""se"": 0.12245879921833489, ""df"": 432, ""n"": 475, ""n_pos"": 211, ""n_neg"": 264, ""dep_sd"": 1.2259911971469466, ""n_broad_ids"": 1}, ""rep"": {""same_sign"": true, ""p_one_sided"": 0.0019847387781505572, ""d_discovery"": 0.36875705858311225, ""d_holdout"": 0.2892839179586962, ""magnitude_ok"": true, ""replicated"": true}}"
primary,EXPR_LOW:TMEM191C,Camptothecin,True,True,"{""res"": {""beta"": -0.45941630509123177, ""r"": -0.1919592068680087, ""p_two"": 5.697986618558085e-05, ""se"": 0.11300636975395151, ""df"": 432, ""n"": 475, ""n_pos"": 222, ""n_neg"": 253, ""dep_sd"": 1.2259911971469466, ""n_broad_ids"": 1}, ""rep"": {""same_sign"": true, ""p_one_sided"": 2.8489933092790427e-05, ""d_discovery"": 0.32387286861296916, ""d_holdout"": 0.37473050880002884, ""magnitude_ok"": true, ""replicated"": true}}"
primary,EXPR_LOW:AIFM2,Cediranib,True,False,"{""res"": {""beta"": -0.01245223850941707, ""r"": -0.011224904345723846, ""p_two"": 0.8160435952820528, ""se"": 0.05349376826444997, ""df"": 430, ""n"": 473, ""n_pos"": 21, ""n_neg"": 452, ""dep_sd"": 0.22632794699559647, ""n_broad_ids"": 1}, ""rep"": {""same_sign"": true, ""p_one_sided"": 0.4080217976410264, ""d_discovery"": 0.6956461919523714, ""d_holdout"": 0.0550185634373264, ""magnitude_ok"": false, ""replicated"": false}}"
primary,EXPR_LOW:STING1,Cediranib,True,False,"{""res"": {""beta"": -0.0210986970125541, ""r"": -0.027478540354518154, ""p_two"": 0.568960210412805, ""se"": 0.03701380433741921, ""df"": 430, ""n"": 473, ""n_pos"": 47, ""n_neg"": 426, ""dep_sd"": 0.22632794699559647, ""n_broad_ids"": 1}, ""rep"": {""same_sign"": true, ""p_one_sided"": 0.2844801052064025, ""d_discovery"": 0.5475760699959015, ""d_holdout"": 0.09322179294528132, ""magnitude_ok"": false, ""replicated"": false}}"
primary,EXPR_LOW:PARD3B,Crizotinib,True,False,"{""res"": {""beta"": -0.011652610489730236, ""r"": -0.033235312190691244, ""p_two"": 0.4893306113485359, ""se"": 0.016839900784525873, ""df"": 433, ""n"": 476, ""n_pos"": 174, ""n_neg"": 302, ""dep_sd"": 0.160980536976204, ""n_broad_ids"": 3}, ""rep"": {""same_sign"": true, ""p_one_sided"": 0.24466530567426795, ""d_discovery"": 0.31693825322928354, ""d_holdout"": 0.07238521319787072, ""magnitude_ok"": false, ""replicated"": false}}"
primary,EXPR_LOW:LAMB3,Cytarabine,True,False,"{""res"": {""beta"": 0.02115096390413978, ""r"": 0.030412416674442725, ""p_two"": 0.5347242970210642, ""se"": 0.03404162387240948, ""df"": 417, ""n"": 460, ""n_pos"": 40, ""n_neg"": 420, ""dep_sd"": 0.18006846390124137, ""n_broad_ids"": 1}, ""rep"": {""same_sign"": false, ""p_one_sided"": 0.7326378514894679, ""d_discovery"": 0.4376637833757614, ""d_holdout"": 0.11746067826590688, ""magnitude_ok"": false, ""replicated"": false}}"
primary,EXPR_LOW:CPEB2,Cytarabine,True,False,"{""res"": {""beta"": -0.015015393538520716, ""r"": -0.02823345954422075, ""p_two"": 0.5644036971843237, ""se"": 0.026033432374024487, ""df"": 417, ""n"": 460, ""n_pos"": 68, ""n_neg"": 392, ""dep_sd"": 0.18006846390124137, ""n_broad_ids"": 1}, ""rep"": {""same_sign"": true, ""p_one_sided"": 0.28220184859216185, ""d_discovery"": 0.4343357806324132, ""d_holdout"": 0.08338713627698804, ""magnitude_ok"": false, ""replicated"": false}}"
primary,EXPR_LOW:CRYAB,Cytarabine,True,False,"{""res"": {""beta"": 0.0073168504309602785, ""r"": 0.017488254111497178, ""p_two"": 0.7211415771436059, ""se"": 0.020485344532242513, ""df"": 417, ""n"": 460, ""n_pos"": 209, ""n_neg"": 251, ""dep_sd"": 0.18006846390124137, ""n_broad_ids"": 1}, ""rep"": {""same_sign"": false, ""p_one_sided"": 0.639429211428197, ""d_discovery"": 0.38048195826570447, ""d_holdout"": 0.04063371382438853, ""magnitude_ok"": false, ""replicated"": false}}"
primary,EXPR_LOW:IFITM10,Cytarabine,True,False,"{""res"": {""beta"": -0.0012397505237203143, ""r"": -0.003147767997314826, ""p_two"": 0.9487784306520993, ""se"": 0.019286854565682392, ""df"": 417, ""n"": 460, ""n_pos"": 290, ""n_neg"": 170, ""dep_sd"": 0.18006846390124137, ""n_broad_ids"": 1}, ""rep"": {""same_sign"": true, ""p_one_sided"": 0.47438921532604966, ""d_discovery"": 0.3793215326631108, ""d_holdout"": 0.006884884209376363, ""magnitude_ok"": false, ""replicated"": false}}"
primary,EXPR_LOW:SLC22A4,Cytarabine,True,False,"{""res"": {""beta"": -0.017400481308648033, ""r"": -0.04299519905082461, ""p_two"": 0.38001611643332284, ""se"": 0.019800286888508968, ""df"": 417, ""n"": 460, ""n_pos"": 183, ""n_neg"": 277, ""dep_sd"": 0.18006846390124137, ""n_broad_ids"": 1}, ""rep"": {""same_sign"": true, ""p_one_sided"": 0.19000805821666142, ""d_discovery"": 0.3589481443325673, ""d_holdout"": 0.09663258591571779, ""magnitude_ok"": false, ""replicated"": false}}"
primary,MUT_HOT:BRAF,Dabrafenib,True,True,"{""res"": {""beta"": -0.5990252175114585, ""r"": -0.4075921367488189, ""p_two"": 7.69104060117374e-19, ""se"": 0.06449472325836621, ""df"": 433, ""n"": 476, ""n_pos"": 49, ""n_neg"": 427, ""dep_sd"": 0.39549764589621306, ""n_broad_ids"": 2}, ""rep"": {""same_sign"": true, ""p_one_sided"": 3.84552030058687e-19, ""d_discovery"": 1.7188133969333474, ""d_holdout"": 1.5146113351801225, ""magnitude_ok"": true, ""replicated"": true}}"
primary,EXPR_LOW:GRAMD2A,Dactolisib,True,False,"{""res"": {""beta"": -0.09231207521849831, ""r"": -0.09013766175256992, ""p_two"": 0.0612259945599402, ""se"": 0.04918656733389189, ""df"": 430, ""n"": 473, ""n_pos"": 326, ""n_neg"": 147, ""dep_sd"": 0.43083056242743917, ""n_broad_ids"": 2}, ""rep"": {""same_sign"": true, ""p_one_sided"": 0.0306129972799701, ""d_discovery"": 0.5292052769346232, ""d_holdout"": 0.2142653824240837, ""magnitude_ok"": false, ""replicated"": false}}"
primary,EXPR_LOW:KRT23,Dactolisib,True,False,"{""res"": {""beta"": -0.07388283891427323, ""r"": -0.07120401776080354, ""p_two"": 0.1395321040828554, ""se"": 0.04991155579808884, ""df"": 430, ""n"": 473, ""n_pos"": 342, ""n_neg"": 131, ""dep_sd"": 0.43083056242743917, ""n_broad_ids"": 2}, ""rep"": {""same_sign"": true, ""p_one_sided"": 0.0697660520414277, ""d_discovery"": 0.49984766345285286, ""d_holdout"": 0.17148931704843162, ""magnitude_ok"": false, ""replicated"": false}}"
primary,EXPR_LOW:SMIM5,Dactolisib,True,False,"{""res"": {""beta"": -0.04134425767682056, ""r"": -0.040001197702588275, ""p_two"": 0.4069163726027315, ""se"": 0.04980354321463132, ""df"": 430, ""n"": 473, ""n_pos"": 371, ""n_neg"": 102, ""dep_sd"": 0.43083056242743917, ""n_broad_ids"": 2}, ""rep"": {""same_sign"": true, ""p_one_sided"": 0.20345818630136575, ""d_discovery"": 0.46390782296460287, ""d_holdout"": 0.09596407795183702, ""magnitude_ok"": false, ""replicated"": false}}"
primary,EXPR_LOW:CCDC148,Dactolisib,True,False,"{""res"": {""beta"": -0.0792062820624369, ""r"": -0.08260892971292529, ""p_two"": 0.0863540644113663, ""se"": 0.0460798929510383, ""df"": 430, ""n"": 473, ""n_pos"": 330, ""n_neg"": 143, ""dep_sd"": 0.43083056242743917, ""n_broad_ids"": 2}, ""rep"": {""same_sign"": true, ""p_one_sided"": 0.04317703220568315, ""d_discovery"": 0.4611620240160117, ""d_holdout"": 0.18384555082667073, ""magnitude_ok"": false, ""replicated"": false}}"
primary,EXPR_LOW:RORA,Dactolisib,True,False,"{""res"": {""beta"": -0.07690464725807947, ""r"": -0.09063257788050336, ""p_two"": 0.05981157811029006, ""se"": 0.04075143935138234, ""df"": 430, ""n"": 473, ""n_pos"": 216, ""n_neg"": 257, ""dep_sd"": 0.43083056242743917, ""n_broad_ids"": 2}, ""rep"": {""same_sign"": true, ""p_one_sided"": 0.02990578905514503, ""d_discovery"": 0.3850256898281959, ""d_holdout"": 0.1785032306547004, ""magnitude_ok"": false, ""replicated"": false}}"
primary,EXPR_LOW:HEBP1,Dasatinib,False,False,"{""res"": null, ""rep"": null}"
primary,EXPR_LOW:EXOC6B,Dasatinib,False,False,"{""res"": null, ""rep"": null}"
primary,EXPR_LOW:TFF3,Dasatinib,True,False,"{""res"": {""beta"": -0.14621688994547039, ""r"": -0.10427530422261624, ""p_two"": 0.030431495675356645, ""se"": 0.0673307395159289, ""df"": 429, ""n"": 472, ""n_pos"": 364, ""n_neg"": 108, ""dep_sd"": 0.6111816499686086, ""n_broad_ids"": 1}, ""rep"": {""same_sign"": true, ""p_one_sided"": 0.015215747837678322, ""d_discovery"": 0.5316052462999581, ""d_holdout"": 0.2392363873375131, ""magnitude_ok"": false, ""replicated"": false}}"
primary,EXPR_LOW:PIP5K1B,Dasatinib,True,True,"{""res"": {""beta"": -0.32722448508418606, ""r"": -0.20867368649801504, ""p_two"": 1.2551969061569659e-05, ""se"": 0.07404262304310005, ""df"": 429, ""n"": 472, ""n_pos"": 385, ""n_neg"": 87, ""dep_sd"": 0.6111816499686086, ""n_broad_ids"": 1}, ""rep"": {""same_sign"": true, ""p_one_sided"": 6.2759845307848295e-06, ""d_discovery"": 0.5137335267785378, ""d_holdout"": 0.5353964489951439, ""magnitude_ok"": true, ""replicated"": true}}"
primary,EXPR_LOW:ZSWIM5,Dasatinib,True,True,"{""res"": {""beta"": -0.21813524566003645, ""r"": -0.1801825136261125, ""p_two"": 0.00016947511767339012, ""se"": 0.05749336559038134, ""df"": 429, ""n"": 472, ""n_pos"": 307, ""n_neg"": 165, ""dep_sd"": 0.6111816499686086, ""n_broad_ids"": 1}, ""rep"": {""same_sign"": true, ""p_one_sided"": 8.473755883669506e-05, ""d_discovery"": 0.4927885702076062, ""d_holdout"": 0.3569073869793707, ""magnitude_ok"": true, ""replicated"": true}}"
primary,EXPR_LOW:TMEM176A,Dasatinib,True,False,"{""res"": {""beta"": -0.09156537202668455, ""r"": -0.05355699460054437, ""p_two"": 0.2672406349310505, ""se"": 0.08242570498393834, ""df"": 429, ""n"": 472, ""n_pos"": 404, ""n_neg"": 68, ""dep_sd"": 0.6111816499686086, ""n_broad_ids"": 1}, ""rep"": {""same_sign"": true, ""p_one_sided"": 0.13362031746552525, ""d_discovery"": 0.484279231186489, ""d_holdout"": 0.14981695218007202, ""magnitude_ok"": false, ""replicated"": false}}"
primary,EXPR_LOW:HRCT1,Dinaciclib,True,True,"{""res"": {""beta"": -0.16672916323035175, ""r"": -0.1583985580778139, ""p_two"": 0.0009035962848326113, ""se"": 0.049888187016175714, ""df"": 434, ""n"": 477, ""n_pos"": 243, ""n_neg"": 234, ""dep_sd"": 0.5231676913286001, ""n_broad_ids"": 1}, ""rep"": {""same_sign"": true, ""p_one_sided"": 0.00045179814241630564, ""d_discovery"": 0.4014136744962286, ""d_holdout"": 0.31869162793088013, ""magnitude_ok"": true, ""replicated"": true}}"
primary,EXPR_LOW:CCDC148,Docetaxel,True,False,"{""res"": {""beta"": -0.1596492623544591, ""r"": -0.08336912094428796, ""p_two"": 0.08241853570982903, ""se"": 0.09170715358244444, ""df"": 433, ""n"": 476, ""n_pos"": 332, ""n_neg"": 144, ""dep_sd"": 0.8947620626304832, ""n_broad_ids"": 2}, ""rep"": {""same_sign"": true, ""p_one_sided"": 0.041209267854914515, ""d_discovery"": 0.5225677809528013, ""d_holdout"": 0.1784264990908434, ""magnitude_ok"": false, ""replicated"": false}}"
primary,EXPR_LOW:TTYH1,Docetaxel,True,False,"{""res"": {""beta"": -0.11035175676732108, ""r"": -0.06037750831715613, ""p_two"": 0.2088274356857986, ""se"": 0.08767324323737369, ""df"": 433, ""n"": 476, ""n_pos"": 332, ""n_neg"": 144, ""dep_sd"": 0.8947620626304832, ""n_broad_ids"": 2}, ""rep"": {""same_sign"": true, ""p_one_sided"": 0.1044137178428993, ""d_discovery"": 0.4023360351527332, ""d_holdout"": 0.1233308399809681, ""magnitude_ok"": false, ""replicated"": false}}"
primary,EXPR_LOW:NOS1AP,Docetaxel,True,True,"{""res"": {""beta"": -0.1977454859196604, ""r"": -0.10993913971636211, ""p_two"": 0.021829565608858906, ""se"": 0.08591514568019575, ""df"": 433, ""n"": 476, ""n_pos"": 190, ""n_neg"": 286, ""dep_sd"": 0.8947620626304832, ""n_broad_ids"": 2}, ""rep"": {""same_sign"": true, ""p_one_sided"": 0.010914782804429453, ""d_discovery"": 0.39353304968094605, ""d_holdout"": 0.2210034311672922, ""magnitude_ok"": true, ""replicated"": true}}"
primary,EXPR_LOW:TCF7L1,Entinostat,True,False,"{""res"": {""beta"": -0.001593888503083699, ""r"": -0.0025641381492895244, ""p_two"": 0.9579665852621202, ""se"": 0.030223510476296366, ""df"": 423, ""n"": 466, ""n_pos"": 136, ""n_neg"": 330, ""dep_sd"": 0.2634044701050606, ""n_broad_ids"": 1}, ""rep"": {""same_sign"": true, ""p_one_sided"": 0.4789832926310601, ""d_discovery"": 0.3900082587903704, ""d_holdout"": 0.006051106507220497, ""magnitude_ok"": false, ""replicated"": false}}"
primary,EXPR_LOW:STOX2,Entinostat,True,False,"{""res"": {""beta"": -0.020731557041565145, ""r"": -0.03677983941192471, ""p_two"": 0.4494941682910765, ""se"": 0.027387851370907247, ""df"": 423, ""n"": 466, ""n_pos"": 237, ""n_neg"": 229, ""dep_sd"": 0.2634044701050606, ""n_broad_ids"": 1}, ""rep"": {""same_sign"": true, ""p_one_sided"": 0.22474708414553826, ""d_discovery"": 0.3497420220837747, ""d_holdout"": 0.07870617014698433, ""magnitude_ok"": false, ""replicated"": false}}"
primary,EXPR_LOW:SYCP2,Entinostat,True,False,"{""res"": {""beta"": 0.0010571024079762173, ""r"": 0.001812367630350213, ""p_two"": 0.9702833545803937, ""se"": 0.028359584801377326, ""df"": 423, ""n"": 466, ""n_pos"": 207, ""n_neg"": 259, ""dep_sd"": 0.2634044701050606, ""n_broad_ids"": 1}, ""rep"": {""same_sign"": false, ""p_one_sided"": 0.5148583227098031, ""d_discovery"": 0.3380221569073541, ""d_holdout"": 0.004013228809498127, ""magnitude_ok"": false, ""replicated"": false}}"
primary,EXPR_LOW:NAV2,Epirubicin,True,False,"{""res"": {""beta"": -0.16885947694229927, ""r"": -0.07057016340742532, ""p_two"": 0.14592261913205573, ""se"": 0.11591436519017986, ""df"": 424, ""n"": 467, ""n_pos"": 48, ""n_neg"": 419, ""dep_sd"": 0.6886094627264512, ""n_broad_ids"": 2}, ""rep"": {""same_sign"": true, ""p_one_sided"": 0.07296130956602787, ""d_discovery"": 0.5231814073718635, ""d_holdout"": 0.24521806057344056, ""magnitude_ok"": false, ""replicated"": false}}"
primary,EXPR_LOW:CHMP4C,Epirubicin,True,False,"{""res"": {""beta"": -0.14756991807713243, ""r"": -0.06446701181663193, ""p_two"": 0.1841594920771398, ""se"": 0.11093613324481913, ""df"": 424, ""n"": 467, ""n_pos"": 111, ""n_neg"": 356, ""dep_sd"": 0.6886094627264512, ""n_broad_ids"": 2}, ""rep"": {""same_sign"": true, ""p_one_sided"": 0.0920797460385699, ""d_discovery"": 0.49652240915661344, ""d_holdout"": 0.2143013218157798, ""magnitude_ok"": false, ""replicated"": false}}"
primary,EXPR_LOW:CYP4F12,Epirubicin,True,True,"{""res"": {""beta"": -0.24520787799666247, ""r"": -0.14552973933083085, ""p_two"": 0.002604582085896346, ""se"": 0.0809564395055441, ""df"": 424, ""n"": 467, ""n_pos"": 317, ""n_neg"": 150, ""dep_sd"": 0.6886094627264512, ""n_broad_ids"": 2}, ""rep"": {""same_sign"": true, ""p_one_sided"": 0.001302291042948173, ""d_discovery"": 0.4428338236603213, ""d_holdout"": 0.35609135695840827, ""magnitude_ok"": true, ""replicated"": true}}"
primary,EXPR_LOW:LURAP1L,Epirubicin,True,True,"{""res"": {""beta"": -0.23005157281286284, ""r"": -0.12291508139473845, ""p_two"": 0.011113189448009306, ""se"": 0.09020516068526428, ""df"": 424, ""n"": 467, ""n_pos"": 78, ""n_neg"": 389, ""dep_sd"": 0.6886094627264512, ""n_broad_ids"": 2}, ""rep"": {""same_sign"": true, ""p_one_sided"": 0.005556594724004653, ""d_discovery"": 0.43476910907573296, ""d_holdout"": 0.33408134111606075, ""magnitude_ok"": true, ""replicated"": true}}"
primary,EXPR_LOW:STON2,Epirubicin,True,True,"{""res"": {""beta"": -0.13399962900452714, ""r"": -0.08678361661654939, ""p_two"": 0.07356525947841962, ""se"": 0.074703562170533, ""df"": 424, ""n"": 467, ""n_pos"": 141, ""n_neg"": 326, ""dep_sd"": 0.6886094627264512, ""n_broad_ids"": 2}, ""rep"": {""same_sign"": true, ""p_one_sided"": 0.03678262973920981, ""d_discovery"": 0.38350294666685886, ""d_holdout"": 0.19459452165233784, ""magnitude_ok"": true, ""replicated"": true}}"
primary,EXPR_LOW:RORA,Epirubicin,True,True,"{""res"": {""beta"": -0.19051871279598373, ""r"": -0.1387128244371775, ""p_two"": 0.004124656452937063, ""se"": 0.0660570525611093, ""df"": 424, ""n"": 467, ""n_pos"": 210, ""n_neg"": 257, ""dep_sd"": 0.6886094627264512, ""n_broad_ids"": 2}, ""rep"": {""same_sign"": true, ""p_one_sided"": 0.0020623282264685314, ""d_discovery"": 0.33967869064824174, ""d_holdout"": 0.27667164497224883, ""magnitude_ok"": true, ""replicated"": true}}"
primary,MUT_DAM:CD36,Fludarabine,True,False,"{""res"": {""beta"": 0.1569640334771647, ""r"": 0.0822865096060042, ""p_two"": 0.09777770334066693, ""se"": 0.09458134967866075, ""df"": 404, ""n"": 447, ""n_pos"": 6, ""n_neg"": 441, ""dep_sd"": 0.20711576285546923, ""n_broad_ids"": 1}, ""rep"": {""same_sign"": false, ""p_one_sided"": 0.9511111483296666, ""d_discovery"": 1.3344649117047793, ""d_holdout"": 0.7578565306335389, ""magnitude_ok"": true, ""replicated"": false}}"
primary,EXPR_LOW:IFI16,Fulvestrant,True,False,"{""res"": {""beta"": 0.04736180062165767, ""r"": 0.06913413858321016, ""p_two"": 0.15777233123392914, ""se"": 0.033467808253992835, ""df"": 417, ""n"": 460, ""n_pos"": 73, ""n_neg"": 387, ""dep_sd"": 0.22863884834709797, ""n_broad_ids"": 1}, ""rep"": {""same_sign"": false, ""p_one_sided"": 0.9211138343830354, ""d_discovery"": 0.512490280347944, ""d_holdout"": 0.20714677739172938, ""magnitude_ok"": false, ""replicated"": false}}"
primary,EXPR_LOW:GBP3,Fulvestrant,True,True,"{""res"": {""beta"": -0.08165618590956565, ""r"": -0.1025217316875987, ""p_two"": 0.035920274139046734, ""se"": 0.038798119804905114, ""df"": 417, ""n"": 460, ""n_pos"": 51, ""n_neg"": 409, ""dep_sd"": 0.22863884834709797, ""n_broad_ids"": 1}, ""rep"": {""same_sign"": true, ""p_one_sided"": 0.017960137069523367, ""d_discovery"": 0.5057172099452139, ""d_holdout"": 0.35714047065878723, ""magnitude_ok"": true, ""replicated"": true}}"
primary,EXPR_LOW:PADI1,Fulvestrant,True,False,"{""res"": {""beta"": -0.034738738584719105, ""r"": -0.06946875021231266, ""p_two"": 0.15576579403661583, ""se"": 0.024429020958136826, ""df"": 417, ""n"": 460, ""n_pos"": 240, ""n_neg"": 220, ""dep_sd"": 0.22863884834709797, ""n_broad_ids"": 1}, ""rep"": {""same_sign"": true, ""p_one_sided"": 0.07788289701830792, ""d_discovery"": 0.4709814347078451, ""d_holdout"": 0.15193716569102914, ""magnitude_ok"": false, ""replicated"": false}}"
primary,EXPR_LOW:IL18,Fulvestrant,True,False,"{""res"": {""beta"": -0.016152218948003297, ""r"": -0.022938122130060946, ""p_two"": 0.6396483084509497, ""se"": 0.034474027286211614, ""df"": 417, ""n"": 460, ""n_pos"": 110, ""n_neg"": 350, ""dep_sd"": 0.22863884834709797, ""n_broad_ids"": 1}, ""rep"": {""same_sign"": true, ""p_one_sided"": 0.31982415422547483, ""d_discovery"": 0.46195073390918096, ""d_holdout"": 0.0706451203055507, ""magnitude_ok"": false, ""replicated"": false}}"
primary,EXPR_LOW:AREG,Fulvestrant,True,False,"{""res"": {""beta"": -0.015744270332804466, ""r"": -0.02312477536318189, ""p_two"": 0.6369258047657921, ""se"": 0.03333195879477954, ""df"": 417, ""n"": 460, ""n_pos"": 117, ""n_neg"": 343, ""dep_sd"": 0.22863884834709797, ""n_broad_ids"": 1}, ""rep"": {""same_sign"": true, ""p_one_sided"": 0.31846290238289604, ""d_discovery"": 0.4587612338546748, ""d_holdout"": 0.06886087139882281, ""magnitude_ok"": false, ""replicated"": false}}"
primary,EXPR_LOW:APOL6,Fulvestrant,True,False,"{""res"": {""beta"": -0.051486748261110826, ""r"": -0.07961201061715756, ""p_two"": 0.10366644850200916, ""se"": 0.031569533859455864, ""df"": 417, ""n"": 460, ""n_pos"": 77, ""n_neg"": 383, ""dep_sd"": 0.22863884834709797, ""n_broad_ids"": 1}, ""rep"": {""same_sign"": true, ""p_one_sided"": 0.05183322425100458, ""d_discovery"": 0.4539689954833895, ""d_holdout"": 0.22518810181788745, ""magnitude_ok"": false, ""replicated"": false}}"
primary,EXPR_LOW:IFIT3,GSK1904529A,True,False,"{""res"": {""beta"": -0.005677908090123772, ""r"": -0.007624374539357365, ""p_two"": 0.8785753843090338, ""se"": 0.03714141846904517, ""df"": 402, ""n"": 445, ""n_pos"": 57, ""n_neg"": 388, ""dep_sd"": 0.24069359108089722, ""n_broad_ids"": 1}, ""rep"": {""same_sign"": true, ""p_one_sided"": 0.4392876921545169, ""d_discovery"": 0.4348976542502715, ""d_holdout"": 0.023589776797236884, ""magnitude_ok"": false, ""replicated"": false}}"
primary,EXPR_LOW:MYLK,GSK1904529A,True,False,"{""res"": {""beta"": -0.01148397181232528, ""r"": -0.01705903745063955, ""p_two"": 0.7324676369354342, ""se"": 0.03357077499953648, ""df"": 402, ""n"": 445, ""n_pos"": 81, ""n_neg"": 364, ""dep_sd"": 0.24069359108089722, ""n_broad_ids"": 1}, ""rep"": {""same_sign"": true, ""p_one_sided"": 0.3662338184677171, ""d_discovery"": 0.427960640864589, ""d_holdout"": 0.04771199665414237, ""magnitude_ok"": false, ""replicated"": false}}"
primary,EXPR_LOW:PADI1,GSK1904529A,True,False,"{""res"": {""beta"": 0.02151011559939955, ""r"": 0.04098242778806901, ""p_two"": 0.4113447450740717, ""se"": 0.026155740336105498, ""df"": 402, ""n"": 445, ""n_pos"": 235, ""n_neg"": 210, ""dep_sd"": 0.24069359108089722, ""n_broad_ids"": 1}, ""rep"": {""same_sign"": false, ""p_one_sided"": 0.7943276274629641, ""d_discovery"": 0.4094117187844756, ""d_holdout"": 0.08936721373761046, ""magnitude_ok"": false, ""replicated"": false}}"
primary,EXPR_LOW:PPL,GSK2830371,True,True,"{""res"": {""beta"": -0.04995660400712719, ""r"": -0.11213838920225416, ""p_two"": 0.02076220129569645, ""se"": 0.021523875238752706, ""df"": 423, ""n"": 466, ""n_pos"": 117, ""n_neg"": 349, ""dep_sd"": 0.16009772360203423, ""n_broad_ids"": 1}, ""rep"": {""same_sign"": true, ""p_one_sided"": 0.010381100647848225, ""d_discovery"": 0.46757263831148693, ""d_holdout"": 0.3120381906947516, ""magnitude_ok"": true, ""replicated"": true}}"
primary,EXPR_LOW:GPR39,GSK2830371,True,True,"{""res"": {""beta"": -0.06786849151037495, ""r"": -0.13390018550138819, ""p_two"": 0.005696582099832917, ""se"": 0.024422393250339212, ""df"": 423, ""n"": 466, ""n_pos"": 56, ""n_neg"": 410, ""dep_sd"": 0.16009772360203423, ""n_broad_ids"": 1}, ""rep"": {""same_sign"": true, ""p_one_sided"": 0.0028482910499164583, ""d_discovery"": 0.4543959777250512, ""d_holdout"": 0.4239191537731059, ""magnitude_ok"": true, ""replicated"": true}}"
primary,EXPR_LOW:KRT15,GSK2830371,True,False,"{""res"": {""beta"": -0.03161870851722076, ""r"": -0.07618686747261913, ""p_two"": 0.11681421337699327, ""se"": 0.020120081513431552, ""df"": 423, ""n"": 466, ""n_pos"": 90, ""n_neg"": 376, ""dep_sd"": 0.16009772360203423, ""n_broad_ids"": 1}, ""rep"": {""same_sign"": true, ""p_one_sided"": 0.058407106688496635, ""d_discovery"": 0.4172537757428684, ""d_holdout"": 0.19749630291944395, ""magnitude_ok"": false, ""replicated"": false}}"
primary,EXPR_LOW:CCDC148,GSK2830371,True,False,"{""res"": {""beta"": 0.013091286711318987, ""r"": 0.0379504071454001, ""p_two"": 0.4351880515817945, ""se"": 0.01676033685842344, ""df"": 423, ""n"": 466, ""n_pos"": 323, ""n_neg"": 143, ""dep_sd"": 0.16009772360203423, ""n_broad_ids"": 1}, ""rep"": {""same_sign"": false, ""p_one_sided"": 0.7824059742091027, ""d_discovery"": 0.39582732694121675, ""d_holdout"": 0.0817705987117024, ""magnitude_ok"": false, ""replicated"": false}}"
primary,EXPR_LOW:ABLIM3,GSK2830371,True,True,"{""res"": {""beta"": -0.04011098602826607, ""r"": -0.10207846845961427, ""p_two"": 0.035404475227239295, ""se"": 0.019005725859862158, ""df"": 423, ""n"": 466, ""n_pos"": 107, ""n_neg"": 359, ""dep_sd"": 0.16009772360203423, ""n_broad_ids"": 1}, ""rep"": {""same_sign"": true, ""p_one_sided"": 0.017702237613619647, ""d_discovery"": 0.37938058166991445, ""d_holdout"": 0.2505406393408358, ""magnitude_ok"": true, ""replicated"": true}}"
primary,EXPR_LOW:MMP7,GSK2830371,True,False,"{""res"": {""beta"": -0.024433052203350247, ""r"": -0.0767102326471749, ""p_two"": 0.11431498075328829, ""se"": 0.015440902147171764, ""df"": 423, ""n"": 466, ""n_pos"": 262, ""n_neg"": 204, ""dep_sd"": 0.16009772360203423, ""n_broad_ids"": 1}, ""rep"": {""same_sign"": true, ""p_one_sided"": 0.057157490376644145, ""d_discovery"": 0.3310325783085825, ""d_holdout"": 0.15261336422299884, ""magnitude_ok"": false, ""replicated"": false}}"
primary,EXPR_LOW:SYNC,Gefitinib,True,True,"{""res"": {""beta"": -0.06601761862254484, ""r"": -0.11545725718708824, ""p_two"": 0.01673787887693386, ""se"": 0.027485937798826472, ""df"": 427, ""n"": 470, ""n_pos"": 225, ""n_neg"": 245, ""dep_sd"": 0.2662025953599454, ""n_broad_ids"": 2}, ""rep"": {""same_sign"": true, ""p_one_sided"": 0.00836893943846693, ""d_discovery"": 0.3954756464817924, ""d_holdout"": 0.247997652063757, ""magnitude_ok"": true, ""replicated"": true}}"
primary,EXPR_LOW:MAF,Gemcitabine,True,True,"{""res"": {""beta"": -0.2776854668418408, ""r"": -0.09079056763787599, ""p_two"": 0.062406607752681954, ""se"": 0.14862450711680955, ""df"": 420, ""n"": 463, ""n_pos"": 336, ""n_neg"": 127, ""dep_sd"": 1.16797842310767, ""n_broad_ids"": 1}, ""rep"": {""same_sign"": true, ""p_one_sided"": 0.031203303876340977, ""d_discovery"": 0.40676898334261374, ""d_holdout"": 0.23774879856341524, ""magnitude_ok"": true, ""replicated"": true}}"
primary,EXPR_LOW:KHDRBS3,Gemcitabine,True,False,"{""res"": {""beta"": 0.08410851782022954, ""r"": 0.03090213576332964, ""p_two"": 0.5266816089206502, ""se"": 0.13274536815836593, ""df"": 420, ""n"": 463, ""n_pos"": 135, ""n_neg"": 328, ""dep_sd"": 1.16797842310767, ""n_broad_ids"": 1}, ""rep"": {""same_sign"": false, ""p_one_sided"": 0.7366591955396748, ""d_discovery"": 0.3739631896614758, ""d_holdout"": 0.07201204761680431, ""magnitude_ok"": false, ""replicated"": false}}"
primary,EXPR_LOW:TMEM86A,Gemcitabine,True,True,"{""res"": {""beta"": -0.31358882060050214, ""r"": -0.12768243010673172, ""p_two"": 0.008641767734159209, ""se"": 0.11885993919169714, ""df"": 420, ""n"": 463, ""n_pos"": 279, ""n_neg"": 184, ""dep_sd"": 1.16797842310767, ""n_broad_ids"": 1}, ""rep"": {""same_sign"": true, ""p_one_sided"": 0.0043208838670796045, ""d_discovery"": 0.35528352180004574, ""d_holdout"": 0.26848853916849624, ""magnitude_ok"": true, ""replicated"": true}}"
primary,EXPR_LOW:SPATA25,Gemcitabine,True,False,"{""res"": {""beta"": -0.08914232699849545, ""r"": -0.03833050124420562, ""p_two"": 0.43224092978945117, ""se"": 0.11339542938999211, ""df"": 420, ""n"": 463, ""n_pos"": 242, ""n_neg"": 221, ""dep_sd"": 1.16797842310767, ""n_broad_ids"": 1}, ""rep"": {""same_sign"": true, ""p_one_sided"": 0.21612046489472558, ""d_discovery"": 0.3521196847143458, ""d_holdout"": 0.07632189536627927, ""magnitude_ok"": false, ""replicated"": false}}"
primary,EXPR_LOW:SLC16A1,Ibrutinib,True,True,"{""res"": {""beta"": -0.27981208824618015, ""r"": -0.11598930601162386, ""p_two"": 0.015505048781231615, ""se"": 0.11514984305620268, ""df"": 433, ""n"": 476, ""n_pos"": 6, ""n_neg"": 470, ""dep_sd"": 0.30408098956759005, ""n_broad_ids"": 2}, ""rep"": {""same_sign"": true, ""p_one_sided"": 0.007752524390615807, ""d_discovery"": 1.6309106800332946, ""d_holdout"": 0.9201893503572163, ""magnitude_ok"": true, ""replicated"": true}}"
primary,EXPR_LOW:NMT2,Ibrutinib,False,False,"{""res"": null, ""rep"": null}"
primary,EXPR_LOW:SLC9B2,Ibrutinib,True,False,"{""res"": {""beta"": -0.031772138000275466, ""r"": -0.029311894060656804, ""p_two"": 0.542047323287653, ""se"": 0.05206812746691961, ""df"": 433, ""n"": 476, ""n_pos"": 31, ""n_neg"": 445, ""dep_sd"": 0.30408098956759005, ""n_broad_ids"": 2}, ""rep"": {""same_sign"": true, ""p_one_sided"": 0.2710236616438265, ""d_discovery"": 0.8890035865515417, ""d_holdout"": 0.1044857754687531, ""magnitude_ok"": false, ""replicated"": false}}"
primary,EXPR_LOW:MICB,Ibrutinib,True,False,"{""res"": {""beta"": -0.018728389100560735, ""r"": -0.022704473248428322, ""p_two"": 0.6367571576677862, ""se"": 0.03963082180291876, ""df"": 433, ""n"": 476, ""n_pos"": 60, ""n_neg"": 416, ""dep_sd"": 0.30408098956759005, ""n_broad_ids"": 2}, ""rep"": {""same_sign"": true, ""p_one_sided"": 0.3183785788338931, ""d_discovery"": 0.5774354306889836, ""d_holdout"": 0.06159013467824122, ""magnitude_ok"": false, ""replicated"": false}}"
primary,EXPR_LOW:ZEB1,Ibrutinib,True,True,"{""res"": {""beta"": -0.1537350268817331, ""r"": -0.2491891430798937, ""p_two"": 1.3974214642788394e-07, ""se"": 0.028713037347935715, ""df"": 433, ""n"": 476, ""n_pos"": 180, ""n_neg"": 296, ""dep_sd"": 0.30408098956759005, ""n_broad_ids"": 2}, ""rep"": {""same_sign"": true, ""p_one_sided"": 6.987107321394197e-08, ""d_discovery"": 0.4496061898727795, ""d_holdout"": 0.5055726341207576, ""magnitude_ok"": true, ""replicated"": true}}"
primary,MUT_DAM:PTEN,Ipatasertib,True,True,"{""res"": {""beta"": -0.10847902020655291, ""r"": -0.19428722247491956, ""p_two"": 4.334600411387666e-05, ""se"": 0.026260404066899886, ""df"": 435, ""n"": 478, ""n_pos"": 62, ""n_neg"": 416, ""dep_sd"": 0.16581985712683472, ""n_broad_ids"": 1}, ""rep"": {""same_sign"": true, ""p_one_sided"": 2.167300205693833e-05, ""d_discovery"": 0.7249118636096358, ""d_holdout"": 0.65419800792361, ""magnitude_ok"": true, ""replicated"": true}}"
primary,EXPR_LOW:SKAP1,Ipatasertib,True,False,"{""res"": {""beta"": -0.009241455234449142, ""r"": -0.023398952447536855, ""p_two"": 0.6268797530899936, ""se"": 0.0189969182073817, ""df"": 432, ""n"": 475, ""n_pos"": 347, ""n_neg"": 128, ""dep_sd"": 0.16589421895787196, ""n_broad_ids"": 1}, ""rep"": {""same_sign"": true, ""p_one_sided"": 0.3134398765449968, ""d_discovery"": 0.40214548560132635, ""d_holdout"": 0.05570691548206369, ""magnitude_ok"": false, ""replicated"": false}}"
primary,EXPR_LOW:IL6R,Irinotecan,True,True,"{""res"": {""beta"": -0.14583949878883962, ""r"": -0.14211871635907705, ""p_two"": 0.003177670639220687, ""se"": 0.04915629819668677, ""df"": 427, ""n"": 470, ""n_pos"": 114, ""n_neg"": 356, ""dep_sd"": 0.4273070921763293, ""n_broad_ids"": 2}, ""rep"": {""same_sign"": true, ""p_one_sided"": 0.0015888353196103434, ""d_discovery"": 0.3956076776388817, ""d_holdout"": 0.3412990363582793, ""magnitude_ok"": true, ""replicated"": true}}"
primary,EXPR_LOW:CRYAB,Irinotecan,True,True,"{""res"": {""beta"": -0.10895559046999635, ""r"": -0.11565726048021746, ""p_two"": 0.01654852426727766, ""se"": 0.045283333049383805, ""df"": 427, ""n"": 470, ""n_pos"": 217, ""n_neg"": 253, ""dep_sd"": 0.4273070921763293, ""n_broad_ids"": 2}, ""rep"": {""same_sign"": true, ""p_one_sided"": 0.00827426213363883, ""d_discovery"": 0.3629333539653481, ""d_holdout"": 0.2549819379666078, ""magnitude_ok"": true, ""replicated"": true}}"
primary,EXPR_LOW:LCAT,JQ1,False,False,"{""res"": null, ""rep"": null}"
primary,EXPR_LOW:MYOF,JQ1,True,True,"{""res"": {""beta"": -0.379902141312526, ""r"": -0.17283802469927348, ""p_two"": 0.000312205267323054, ""se"": 0.10452450050006572, ""df"": 429, ""n"": 472, ""n_pos"": 16, ""n_neg"": 456, ""dep_sd"": 0.33180731998026386, ""n_broad_ids"": 1}, ""rep"": {""same_sign"": true, ""p_one_sided"": 0.000156102633661527, ""d_discovery"": 0.5677116526326919, ""d_holdout"": 1.1449480419392883, ""magnitude_ok"": true, ""replicated"": true}}"
primary,EXPR_LOW:NOS1AP,JQ1,True,False,"{""res"": {""beta"": -0.021565978078163853, ""r"": -0.03078835462173827, ""p_two"": 0.5238137079138963, ""se"": 0.03380244359277048, ""df"": 429, ""n"": 472, ""n_pos"": 187, ""n_neg"": 285, ""dep_sd"": 0.33180731998026386, ""n_broad_ids"": 1}, ""rep"": {""same_sign"": true, ""p_one_sided"": 0.2619068539569481, ""d_discovery"": 0.34983545944628774, ""d_holdout"": 0.06499548617386323, ""magnitude_ok"": false, ""replicated"": false}}"
primary,EXPR_LOW:SLC16A1,Lapatinib,True,False,"{""res"": {""beta"": -0.08061194289789382, ""r"": -0.05381705667294571, ""p_two"": 0.2627027502416067, ""se"": 0.0718796026560308, ""df"": 433, ""n"": 476, ""n_pos"": 6, ""n_neg"": 470, ""dep_sd"": 0.17881996033645212, ""n_broad_ids"": 2}, ""rep"": {""same_sign"": true, ""p_one_sided"": 0.13135137512080336, ""d_discovery"": 1.3795310685853406, ""d_holdout"": 0.45079946749916167, ""magnitude_ok"": false, ""replicated"": false}}"
primary,EXPR_LOW:LIX1L,Lapatinib,True,True,"{""res"": {""beta"": -0.07774743037125426, ""r"": -0.16610408203462762, ""p_two"": 0.0005040369358242348, ""se"": 0.022181268159062656, ""df"": 433, ""n"": 476, ""n_pos"": 89, ""n_neg"": 387, ""dep_sd"": 0.17881996033645212, ""n_broad_ids"": 2}, ""rep"": {""same_sign"": true, ""p_one_sided"": 0.0002520184679121174, ""d_discovery"": 0.5730416417215871, ""d_holdout"": 0.43478049220552023, ""magnitude_ok"": true, ""replicated"": true}}"
primary,EXPR_LOW:PRKG1,Lapatinib,True,True,"{""res"": {""beta"": -0.0521545854424, ""r"": -0.12282327846838877, ""p_two"": 0.010346568295846703, ""se"": 0.020251962604007724, ""df"": 433, ""n"": 476, ""n_pos"": 377, ""n_neg"": 99, ""dep_sd"": 0.17881996033645212, ""n_broad_ids"": 2}, ""rep"": {""same_sign"": true, ""p_one_sided"": 0.005173284147923352, ""d_discovery"": 0.4724432769101976, ""d_holdout"": 0.2916597528836851, ""magnitude_ok"": true, ""replicated"": true}}"
primary,EXPR_LOW:TLCD5,Lapatinib,True,True,"{""res"": {""beta"": -0.060866559634176184, ""r"": -0.11305972559715767, ""p_two"": 0.01833263951995979, ""se"": 0.025705928891964994, ""df"": 433, ""n"": 476, ""n_pos"": 54, ""n_neg"": 422, ""dep_sd"": 0.17881996033645212, ""n_broad_ids"": 2}, ""rep"": {""same_sign"": true, ""p_one_sided"": 0.009166319759979894, ""d_discovery"": 0.47011277155370773, ""d_holdout"": 0.3403790019842021, ""magnitude_ok"": true, ""replicated"": true}}"
primary,EXPR_LOW:MSRB3,Lapatinib,True,True,"{""res"": {""beta"": -0.0639365299911181, ""r"": -0.13824590345833657, ""p_two"": 0.0038655000678213653, ""se"": 0.022012155357151852, ""df"": 433, ""n"": 476, ""n_pos"": 99, ""n_neg"": 377, ""dep_sd"": 0.17881996033645212, ""n_broad_ids"": 2}, ""rep"": {""same_sign"": true, ""p_one_sided"": 0.0019327500339106826, ""d_discovery"": 0.4356514154431513, ""d_holdout"": 0.3575469420238136, ""magnitude_ok"": true, ""replicated"": true}}"
primary,EXPR_LOW:ATP8B3,Lapatinib,True,True,"{""res"": {""beta"": -0.03898533694891133, ""r"": -0.09527495048968765, ""p_two"": 0.04704237057900565, ""se"": 0.01957485245867988, ""df"": 433, ""n"": 476, ""n_pos"": 114, ""n_neg"": 362, ""dep_sd"": 0.17881996033645212, ""n_broad_ids"": 2}, ""rep"": {""same_sign"": true, ""p_one_sided"": 0.023521185289502825, ""d_discovery"": 0.4292522918740097, ""d_holdout"": 0.2180144592111524, ""magnitude_ok"": true, ""replicated"": true}}"
primary,EXPR_LOW:NCKAP5L,Linsitinib,True,False,"{""res"": {""beta"": -0.010655352938838068, ""r"": -0.00963186140284863, ""p_two"": 0.8430562573566598, ""se"": 0.05378575692539897, ""df"": 423, ""n"": 466, ""n_pos"": 13, ""n_neg"": 453, ""dep_sd"": 0.17820446312390112, ""n_broad_ids"": 1}, ""rep"": {""same_sign"": true, ""p_one_sided"": 0.4215281286783299, ""d_discovery"": 0.77405077891754, ""d_holdout"": 0.0597928511556395, ""magnitude_ok"": false, ""replicated"": false}}"
primary,EXPR_LOW:SP140L,Linsitinib,True,False,"{""res"": {""beta"": 0.1080055543140316, ""r"": 0.12660050723550811, ""p_two"": 0.008981166012814498, ""se"": 0.04114640530048581, ""df"": 423, ""n"": 466, ""n_pos"": 25, ""n_neg"": 441, ""dep_sd"": 0.17820446312390112, ""n_broad_ids"": 1}, ""rep"": {""same_sign"": false, ""p_one_sided"": 0.9955094169935927, ""d_discovery"": 0.5678865621509139, ""d_holdout"": 0.6060765955055684, ""magnitude_ok"": true, ""replicated"": false}}"
primary,EXPR_LOW:ALPK1,Linsitinib,True,False,"{""res"": {""beta"": -0.009875943961639018, ""r"": -0.013271737200219218, ""p_two"": 0.7849992114226835, ""se"": 0.03617782122921817, ""df"": 423, ""n"": 466, ""n_pos"": 34, ""n_neg"": 432, ""dep_sd"": 0.17820446312390112, ""n_broad_ids"": 1}, ""rep"": {""same_sign"": true, ""p_one_sided"": 0.39249960571134174, ""d_discovery"": 0.5292023388219153, ""d_holdout"": 0.055419172946148496, ""magnitude_ok"": false, ""replicated"": false}}"
primary,EXPR_LOW:RIMKLB,Linsitinib,True,True,"{""res"": {""beta"": -0.06399527877299527, ""r"": -0.08791990266688708, ""p_two"": 0.07018965863572298, ""se"": 0.035253764854939675, ""df"": 423, ""n"": 466, ""n_pos"": 40, ""n_neg"": 426, ""dep_sd"": 0.17820446312390112, ""n_broad_ids"": 1}, ""rep"": {""same_sign"": true, ""p_one_sided"": 0.03509482931786149, ""d_discovery"": 0.47900878573596956, ""d_holdout"": 0.35911153767513077, ""magnitude_ok"": true, ""replicated"": true}}"
primary,EXPR_LOW:TRIM34,Linsitinib,True,False,"{""res"": {""beta"": -0.029659869590339283, ""r"": -0.06063406566428402, ""p_two"": 0.21222526655599683, ""se"": 0.023740100490220087, ""df"": 423, ""n"": 466, ""n_pos"": 86, ""n_neg"": 380, ""dep_sd"": 0.17820446312390112, ""n_broad_ids"": 1}, ""rep"": {""same_sign"": true, ""p_one_sided"": 0.10611263327799841, ""d_discovery"": 0.43831916705730756, ""d_holdout"": 0.16643729943911403, ""magnitude_ok"": false, ""replicated"": false}}"
primary,EXPR_LOW:FBXL13,Linsitinib,True,False,"{""res"": {""beta"": -0.030771719719271503, ""r"": -0.07581739687188387, ""p_two"": 0.1186041523060963, ""se"": 0.019677090867232554, ""df"": 423, ""n"": 466, ""n_pos"": 328, ""n_neg"": 138, ""dep_sd"": 0.17820446312390112, ""n_broad_ids"": 1}, ""rep"": {""same_sign"": true, ""p_one_sided"": 0.05930207615304815, ""d_discovery"": 0.3642783084472254, ""d_holdout"": 0.17267648172131747, ""magnitude_ok"": false, ""replicated"": false}}"
primary,EXPR_LOW:C11orf52,Luminespib,True,True,"{""res"": {""beta"": -0.3936368119670236, ""r"": -0.1896881632935814, ""p_two"": 6.860334683432128e-05, ""se"": 0.09791611823445615, ""df"": 433, ""n"": 476, ""n_pos"": 196, ""n_neg"": 280, ""dep_sd"": 0.8254103564918908, ""n_broad_ids"": 1}, ""rep"": {""same_sign"": true, ""p_one_sided"": 3.430167341716064e-05, ""d_discovery"": 0.5011408916669782, ""d_holdout"": 0.4768983195704437, ""magnitude_ok"": true, ""replicated"": true}}"
primary,EXPR_LOW:ITGB6,Luminespib,True,True,"{""res"": {""beta"": -0.2266487563109343, ""r"": -0.11683760518337352, ""p_two"": 0.014761189595469147, ""se"": 0.09258530125781544, ""df"": 433, ""n"": 476, ""n_pos"": 238, ""n_neg"": 238, ""dep_sd"": 0.8254103564918908, ""n_broad_ids"": 1}, ""rep"": {""same_sign"": true, ""p_one_sided"": 0.007380594797734574, ""d_discovery"": 0.4660724822370841, ""d_holdout"": 0.27458918406866517, ""magnitude_ok"": true, ""replicated"": true}}"
primary,EXPR_LOW:LGALS4,Luminespib,True,True,"{""res"": {""beta"": -0.37702752028593783, ""r"": -0.1867745062646675, ""p_two"": 8.898346985293396e-05, ""se"": 0.09530179994649567, ""df"": 433, ""n"": 476, ""n_pos"": 365, ""n_neg"": 111, ""dep_sd"": 0.8254103564918908, ""n_broad_ids"": 1}, ""rep"": {""same_sign"": true, ""p_one_sided"": 4.449173492646698e-05, ""d_discovery"": 0.4260141489899406, ""d_holdout"": 0.4567758537563757, ""magnitude_ok"": true, ""replicated"": true}}"
primary,EXPR_LOW:SOWAHB,Luminespib,True,True,"{""res"": {""beta"": -0.17596738559850342, ""r"": -0.092606843440808, ""p_two"": 0.05359933391364043, ""se"": 0.0909232309904969, ""df"": 433, ""n"": 476, ""n_pos"": 300, ""n_neg"": 176, ""dep_sd"": 0.8254103564918908, ""n_broad_ids"": 1}, ""rep"": {""same_sign"": true, ""p_one_sided"": 0.026799666956820217, ""d_discovery"": 0.4246827454667484, ""d_holdout"": 0.21318776074774415, ""magnitude_ok"": true, ""replicated"": true}}"
primary,EXPR_LOW:EPPK1,Luminespib,True,True,"{""res"": {""beta"": -0.29560720338888846, ""r"": -0.15485297976801463, ""p_two"": 0.0011953534719586335, ""se"": 0.0906318781343944, ""df"": 433, ""n"": 476, ""n_pos"": 259, ""n_neg"": 217, ""dep_sd"": 0.8254103564918908, ""n_broad_ids"": 1}, ""rep"": {""same_sign"": true, ""p_one_sided"": 0.0005976767359793168, ""d_discovery"": 0.42299986468283235, ""d_holdout"": 0.35813362537061, ""magnitude_ok"": true, ""replicated"": true}}"
primary,EXPR_LOW:GADD45G,Luminespib,True,True,"{""res"": {""beta"": -0.3137678809862892, ""r"": -0.1821614992862241, ""p_two"": 0.0001332579043302809, ""se"": 0.08139170118177334, ""df"": 433, ""n"": 476, ""n_pos"": 273, ""n_neg"": 203, ""dep_sd"": 0.8254103564918908, ""n_broad_ids"": 1}, ""rep"": {""same_sign"": true, ""p_one_sided"": 6.662895216514045e-05, ""d_discovery"": 0.3876068965572986, ""d_holdout"": 0.38013562407896906, ""magnitude_ok"": true, ""replicated"": true}}"
primary,EXPR_LOW:HGD,MG-132,True,True,"{""res"": {""beta"": -0.23466705818850583, ""r"": -0.10399268866669124, ""p_two"": 0.0335420185219169, ""se"": 0.11003770710955627, ""df"": 416, ""n"": 459, ""n_pos"": 331, ""n_neg"": 128, ""dep_sd"": 0.8885225562081035, ""n_broad_ids"": 1}, ""rep"": {""same_sign"": true, ""p_one_sided"": 0.01677100926095845, ""d_discovery"": 0.49070289723091204, ""d_holdout"": 0.26410928630780167, ""magnitude_ok"": true, ""replicated"": true}}"
primary,EXPR_LOW:STK32A,MK-1775,True,False,"{""res"": {""beta"": 0.0034129572234273303, ""r"": 0.007022064780233174, ""p_two"": 0.8838920510849066, ""se"": 0.02335669327824008, ""df"": 433, ""n"": 476, ""n_pos"": 357, ""n_neg"": 119, ""dep_sd"": 0.19312082430734873, ""n_broad_ids"": 1}, ""rep"": {""same_sign"": false, ""p_one_sided"": 0.5580539744575467, ""d_discovery"": 0.428253986872292, ""d_holdout"": 0.017672652525528076, ""magnitude_ok"": false, ""replicated"": false}}"
primary,EXPR_LOW:TMEM191C,MK-1775,True,True,"{""res"": {""beta"": -0.04265170771468576, ""r"": -0.11131440866221216, ""p_two"": 0.020222874907985897, ""se"": 0.01829926450608702, ""df"": 433, ""n"": 476, ""n_pos"": 223, ""n_neg"": 253, ""dep_sd"": 0.19312082430734873, ""n_broad_ids"": 1}, ""rep"": {""same_sign"": true, ""p_one_sided"": 0.010111437453992948, ""d_discovery"": 0.3310073717166428, ""d_holdout"": 0.2208550417473687, ""magnitude_ok"": true, ""replicated"": true}}"
primary,EXPR_LOW:IRS2,MK-2206,True,True,"{""res"": {""beta"": -0.05761644156210578, ""r"": -0.09364075962766404, ""p_two"": 0.051784264068471586, ""se"": 0.029541653766245884, ""df"": 430, ""n"": 473, ""n_pos"": 60, ""n_neg"": 413, ""dep_sd"": 0.18932585855262915, ""n_broad_ids"": 1}, ""rep"": {""same_sign"": true, ""p_one_sided"": 0.025892132034235793, ""d_discovery"": 0.475256033790608, ""d_holdout"": 0.3043242059091968, ""magnitude_ok"": true, ""replicated"": true}}"
primary,EXPR_LOW:TNFSF12,MK-2206,True,False,"{""res"": {""beta"": -0.02737146608887098, ""r"": -0.06449619983252822, ""p_two"": 0.18088412721344113, ""se"": 0.02042323532519166, ""df"": 430, ""n"": 473, ""n_pos"": 158, ""n_neg"": 315, ""dep_sd"": 0.18932585855262915, ""n_broad_ids"": 1}, ""rep"": {""same_sign"": true, ""p_one_sided"": 0.09044206360672057, ""d_discovery"": 0.3666526865410008, ""d_holdout"": 0.1445733102605327, ""magnitude_ok"": false, ""replicated"": false}}"
primary,EXPR_LOW:BTC,MK-8776,True,True,"{""res"": {""beta"": -0.05670362955013152, ""r"": -0.12182994903811568, ""p_two"": 0.010986327879859488, ""se"": 0.022200649168142083, ""df"": 433, ""n"": 476, ""n_pos"": 233, ""n_neg"": 243, ""dep_sd"": 0.21609825961017767, ""n_broad_ids"": 1}, ""rep"": {""same_sign"": true, ""p_one_sided"": 0.005493163939929744, ""d_discovery"": 0.36284282901652404, ""d_holdout"": 0.26239743740842664, ""magnitude_ok"": true, ""replicated"": true}}"
primary,EXPR_LOW:ZNF404,MK-8776,True,False,"{""res"": {""beta"": -0.012889460269861201, ""r"": -0.028540853875613423, ""p_two"": 0.5527296067185598, ""se"": 0.021694361167523962, ""df"": 433, ""n"": 476, ""n_pos"": 221, ""n_neg"": 255, ""dep_sd"": 0.21609825961017767, ""n_broad_ids"": 1}, ""rep"": {""same_sign"": true, ""p_one_sided"": 0.2763648033592799, ""d_discovery"": 0.31557810683293147, ""d_holdout"": 0.0596462937420813, ""magnitude_ok"": false, ""replicated"": false}}"
primary,EXPR_LOW:PRRG2,Mitoxantrone,True,True,"{""res"": {""beta"": -0.5227013817214778, ""r"": -0.18267952727846717, ""p_two"": 0.0003634921364523019, ""se"": 0.14527064454291555, ""df"": 375, ""n"": 418, ""n_pos"": 190, ""n_neg"": 228, ""dep_sd"": 1.0845037651127873, ""n_broad_ids"": 1}, ""rep"": {""same_sign"": true, ""p_one_sided"": 0.00018174606822615096, ""d_discovery"": 0.4368729348295092, ""d_holdout"": 0.48197286034052395, ""magnitude_ok"": true, ""replicated"": true}}"
primary,EXPR_LOW:SYT8,Mycophenolic acid,True,False,"{""res"": {""beta"": 0.04129987700214914, ""r"": 0.077304639753018, ""p_two"": 0.18397500637386482, ""se"": 0.031012060542679746, ""df"": 295, ""n"": 336, ""n_pos"": 207, ""n_neg"": 129, ""dep_sd"": 0.22903489452701778, ""n_broad_ids"": 1}, ""rep"": {""same_sign"": false, ""p_one_sided"": 0.9080124968130676, ""d_discovery"": 0.4529496671156054, ""d_holdout"": 0.18032133089343405, ""magnitude_ok"": false, ""replicated"": false}}"
primary,EXPR_LOW:SRXN1,Navitoclax,False,False,"{""res"": null, ""rep"": null}"
primary,EXPR_LOW:BCL3,Navitoclax,False,False,"{""res"": null, ""rep"": null}"
primary,EXPR_LOW:TUFT1,Navitoclax,False,False,"{""res"": null, ""rep"": null}"
primary,EXPR_LOW:FAM114A1,Navitoclax,True,False,"{""res"": {""beta"": -0.11348478335485991, ""r"": -0.03353208272223105, ""p_two"": 0.4864687987941848, ""se"": 0.16292741651481726, ""df"": 431, ""n"": 474, ""n_pos"": 6, ""n_neg"": 468, ""dep_sd"": 0.33830950831700424, ""n_broad_ids"": 2}, ""rep"": {""same_sign"": true, ""p_one_sided"": 0.2432343993970924, ""d_discovery"": 0.6141865641084575, ""d_holdout"": 0.3354466267277416, ""magnitude_ok"": true, ""replicated"": false}}"
primary,EXPR_LOW:ADAMTSL5,Navitoclax,True,True,"{""res"": {""beta"": -0.10581167866928345, ""r"": -0.08128461152109207, ""p_two"": 0.09115616807711083, ""se"": 0.062495268952977266, ""df"": 431, ""n"": 474, ""n_pos"": 46, ""n_neg"": 428, ""dep_sd"": 0.33830950831700424, ""n_broad_ids"": 2}, ""rep"": {""same_sign"": true, ""p_one_sided"": 0.045578084038555414, ""d_discovery"": 0.42441883348542053, ""d_holdout"": 0.312765902429604, ""magnitude_ok"": true, ""replicated"": true}}"
primary,EXPR_LOW:ADAMTSL4,Navitoclax,True,True,"{""res"": {""beta"": -0.08534262343580581, ""r"": -0.10207273652044287, ""p_two"": 0.03371992029384593, ""se"": 0.04006298497575001, ""df"": 431, ""n"": 474, ""n_pos"": 109, ""n_neg"": 365, ""dep_sd"": 0.33830950831700424, ""n_broad_ids"": 2}, ""rep"": {""same_sign"": true, ""p_one_sided"": 0.016859960146922964, ""d_discovery"": 0.3865124294997726, ""d_holdout"": 0.25226197117651716, ""magnitude_ok"": true, ""replicated"": true}}"
primary,EXPR_LOW:MPST,Nelarabine,False,False,"{""res"": null, ""rep"": null}"
primary,EXPR_LOW:ABHD4,Nelarabine,False,False,"{""res"": null, ""rep"": null}"
primary,EXPR_LOW:THEM4,Nelarabine,True,False,"{""res"": {""beta"": 0.031197939275415247, ""r"": 0.03058921923046994, ""p_two"": 0.5294126696252356, ""se"": 0.04956602057390566, ""df"": 423, ""n"": 466, ""n_pos"": 22, ""n_neg"": 444, ""dep_sd"": 0.20512723676137093, ""n_broad_ids"": 1}, ""rep"": {""same_sign"": false, ""p_one_sided"": 0.7352936651873823, ""d_discovery"": 0.6052518710201207, ""d_holdout"": 0.1520906719555166, ""magnitude_ok"": false, ""replicated"": false}}"
primary,EXPR_LOW:GLCE,Nilotinib,False,False,"{""res"": null, ""rep"": null}"
primary,EXPR_LOW:TRAF3IP2,Nilotinib,True,False,"{""res"": {""beta"": -0.09697232300603793, ""r"": -0.06027627595784589, ""p_two"": 0.21494013769007073, ""se"": 0.07808018268396856, ""df"": 423, ""n"": 466, ""n_pos"": 9, ""n_neg"": 457, ""dep_sd"": 0.2214765126661805, ""n_broad_ids"": 1}, ""rep"": {""same_sign"": true, ""p_one_sided"": 0.10747006884503536, ""d_discovery"": 0.832359221066823, ""d_holdout"": 0.4378447260102883, ""magnitude_ok"": true, ""replicated"": false}}"
primary,EXPR_LOW:EXOC6B,Nilotinib,False,False,"{""res"": null, ""rep"": null}"
primary,EXPR_LOW:CHMP4C,Nilotinib,True,True,"{""res"": {""beta"": -0.08038971953725466, ""r"": -0.10947709293542217, ""p_two"": 0.02400375925481046, ""se"": 0.035488593771526945, ""df"": 423, ""n"": 466, ""n_pos"": 113, ""n_neg"": 353, ""dep_sd"": 0.2214765126661805, ""n_broad_ids"": 1}, ""rep"": {""same_sign"": true, ""p_one_sided"": 0.01200187962740523, ""d_discovery"": 0.46115180807244655, ""d_holdout"": 0.3629717597117023, ""magnitude_ok"": true, ""replicated"": true}}"
primary,EXPR_LOW:NOS1AP,Nilotinib,True,False,"{""res"": {""beta"": 0.010307815200398203, ""r"": 0.02154096844544248, ""p_two"": 0.6578945308678018, ""se"": 0.02326110989283423, ""df"": 423, ""n"": 466, ""n_pos"": 187, ""n_neg"": 279, ""dep_sd"": 0.2214765126661805, ""n_broad_ids"": 1}, ""rep"": {""same_sign"": false, ""p_one_sided"": 0.671052734566099, ""d_discovery"": 0.3716640283840269, ""d_holdout"": 0.04654134687380875, ""magnitude_ok"": false, ""replicated"": false}}"
primary,EXPR_LOW:RBM47,Nilotinib,True,False,"{""res"": {""beta"": -0.04072369367990669, ""r"": -0.06398274879134058, ""p_two"": 0.1880053988694824, ""se"": 0.030883271830519053, ""df"": 423, ""n"": 466, ""n_pos"": 93, ""n_neg"": 373, ""dep_sd"": 0.2214765126661805, ""n_broad_ids"": 1}, ""rep"": {""same_sign"": true, ""p_one_sided"": 0.0940026994347412, ""d_discovery"": 0.36888489034045446, ""d_holdout"": 0.18387364506360682, ""magnitude_ok"": false, ""replicated"": false}}"
primary,EXPR_LOW:IL18,Niraparib,True,False,"{""res"": {""beta"": -0.021796243417555525, ""r"": -0.04144238708906432, ""p_two"": 0.3907619013414126, ""se"": 0.025370847543871745, ""df"": 429, ""n"": 472, ""n_pos"": 113, ""n_neg"": 359, ""dep_sd"": 0.17902914263547606, ""n_broad_ids"": 1}, ""rep"": {""same_sign"": true, ""p_one_sided"": 0.1953809506707063, ""d_discovery"": 0.42955236634590993, ""d_holdout"": 0.12174690163117848, ""magnitude_ok"": false, ""replicated"": false}}"
primary,EXPR_LOW:SP100,Nutlin-3a (-),True,False,"{""res"": {""beta"": 0.06111853582764235, ""r"": 0.04901550812686183, ""p_two"": 0.31628191881089235, ""se"": 0.060915661297024, ""df"": 418, ""n"": 461, ""n_pos"": 20, ""n_neg"": 441, ""dep_sd"": 0.22036884528259487, ""n_broad_ids"": 1}, ""rep"": {""same_sign"": false, ""p_one_sided"": 0.8418590405945539, ""d_discovery"": 0.5633032024703094, ""d_holdout"": 0.2773465357558399, ""magnitude_ok"": false, ""replicated"": false}}"
primary,EXPR_LOW:IFI16,Nutlin-3a (-),True,False,"{""res"": {""beta"": 0.03926396038237002, ""r"": 0.05990430188031896, ""p_two"": 0.22053207435003358, ""se"": 0.03200127712642125, ""df"": 418, ""n"": 461, ""n_pos"": 72, ""n_neg"": 389, ""dep_sd"": 0.22036884528259487, ""n_broad_ids"": 1}, ""rep"": {""same_sign"": false, ""p_one_sided"": 0.8897339628249832, ""d_discovery"": 0.39612330216316755, ""d_holdout"": 0.17817382639555518, ""magnitude_ok"": false, ""replicated"": false}}"
primary,EXPR_LOW:STK32A,Nutlin-3a (-),True,False,"{""res"": {""beta"": -0.02131835461205709, ""r"": -0.037937605888378884, ""p_two"": 0.43807284332152135, ""se"": 0.027465206185217222, ""df"": 418, ""n"": 461, ""n_pos"": 344, ""n_neg"": 117, ""dep_sd"": 0.22036884528259487, ""n_broad_ids"": 1}, ""rep"": {""same_sign"": true, ""p_one_sided"": 0.21903642166076068, ""d_discovery"": 0.36154512726251664, ""d_holdout"": 0.09673942151268718, ""magnitude_ok"": false, ""replicated"": false}}"
primary,EXPR_LOW:SAMD9,Nutlin-3a (-),True,False,"{""res"": {""beta"": -0.02076651768607899, ""r"": -0.03480207817190424, ""p_two"": 0.4768858091381104, ""se"": 0.029168036340902488, ""df"": 418, ""n"": 461, ""n_pos"": 96, ""n_neg"": 365, ""dep_sd"": 0.22036884528259487, ""n_broad_ids"": 1}, ""rep"": {""same_sign"": true, ""p_one_sided"": 0.2384429045690552, ""d_discovery"": 0.3205405096341687, ""d_holdout"": 0.09423527023272545, ""magnitude_ok"": false, ""replicated"": false}}"
primary,EXPR_LOW:IFIT3,Nutlin-3a (-),True,False,"{""res"": {""beta"": 0.015483810266071544, ""r"": 0.02324681567036967, ""p_two"": 0.6347425684807966, ""se"": 0.03256933167135677, ""df"": 418, ""n"": 461, ""n_pos"": 61, ""n_neg"": 400, ""dep_sd"": 0.22036884528259487, ""n_broad_ids"": 1}, ""rep"": {""same_sign"": false, ""p_one_sided"": 0.6826287157596017, ""d_discovery"": 0.3138934835149061, ""d_holdout"": 0.0702631546951001, ""magnitude_ok"": false, ""replicated"": false}}"
primary,EXPR_LOW:LONRF3,Nutlin-3a (-),True,False,"{""res"": {""beta"": 0.003785242509932912, ""r"": 0.00789387660379053, ""p_two"": 0.8718597182008216, ""se"": 0.023453178180295697, ""df"": 418, ""n"": 461, ""n_pos"": 149, ""n_neg"": 312, ""dep_sd"": 0.22036884528259487, ""n_broad_ids"": 1}, ""rep"": {""same_sign"": false, ""p_one_sided"": 0.5640701408995892, ""d_discovery"": 0.27671482938561426, ""d_holdout"": 0.017176849590870354, ""magnitude_ok"": false, ""replicated"": false}}"
primary,EXPR_LOW:CA5B,OTX015,True,True,"{""res"": {""beta"": -0.18024645826573113, ""r"": -0.13651518324332393, ""p_two"": 0.009605749381274524, ""se"": 0.06922558734057252, ""df"": 357, ""n"": 399, ""n_pos"": 55, ""n_neg"": 344, ""dep_sd"": 0.45946385754005364, ""n_broad_ids"": 1}, ""rep"": {""same_sign"": true, ""p_one_sided"": 0.004802874690637262, ""d_discovery"": 0.4405848296167363, ""d_holdout"": 0.3922973598636498, ""magnitude_ok"": true, ""replicated"": true}}"
primary,EXPR_LOW:ELOVL7,Olaparib,True,True,"{""res"": {""beta"": -0.05914974156746206, ""r"": -0.12949587964294268, ""p_two"": 0.00684123205446921, ""se"": 0.021766103716699594, ""df"": 433, ""n"": 476, ""n_pos"": 92, ""n_neg"": 384, ""dep_sd"": 0.16508681505258974, ""n_broad_ids"": 2}, ""rep"": {""same_sign"": true, ""p_one_sided"": 0.003420616027234605, ""d_discovery"": 0.38502633188600155, ""d_holdout"": 0.35829476477948546, ""magnitude_ok"": true, ""replicated"": true}}"
primary,EXPR_LOW:SLC16A1,Osimertinib,True,False,"{""res"": {""beta"": -0.12449073921600828, ""r"": -0.06275091536586336, ""p_two"": 0.19145193433035862, ""se"": 0.09515164229737383, ""df"": 433, ""n"": 476, ""n_pos"": 6, ""n_neg"": 470, ""dep_sd"": 0.21942454426028055, ""n_broad_ids"": 1}, ""rep"": {""same_sign"": true, ""p_one_sided"": 0.09572596716517931, ""d_discovery"": 1.6023674803098977, ""d_holdout"": 0.5673510209885082, ""magnitude_ok"": false, ""replicated"": false}}"
primary,EXPR_LOW:LRRC49,Osimertinib,True,False,"{""res"": {""beta"": 0.0073582780188951305, ""r"": 0.007806942385702439, ""p_two"": 0.8710218526043264, ""se"": 0.04529372460195778, ""df"": 433, ""n"": 476, ""n_pos"": 28, ""n_neg"": 448, ""dep_sd"": 0.21942454426028055, ""n_broad_ids"": 1}, ""rep"": {""same_sign"": false, ""p_one_sided"": 0.5644890736978367, ""d_discovery"": 0.655093791621469, ""d_holdout"": 0.033534434553350465, ""magnitude_ok"": false, ""replicated"": false}}"
primary,EXPR_LOW:LIX1L,Osimertinib,True,True,"{""res"": {""beta"": -0.11571564671302975, ""r"": -0.18666289207850628, ""p_two"": 8.986754975578474e-05, ""se"": 0.029267735588395582, ""df"": 433, ""n"": 476, ""n_pos"": 89, ""n_neg"": 387, ""dep_sd"": 0.21942454426028055, ""n_broad_ids"": 1}, ""rep"": {""same_sign"": true, ""p_one_sided"": 4.493377487789237e-05, ""d_discovery"": 0.5545756311194238, ""d_holdout"": 0.5273596310892563, ""magnitude_ok"": true, ""replicated"": true}}"
primary,EXPR_LOW:ZEB1,Osimertinib,True,True,"{""res"": {""beta"": -0.09060069418607647, ""r"": -0.17814616727383825, ""p_two"": 0.00018789550844542532, ""se"": 0.02404960643862882, ""df"": 433, ""n"": 476, ""n_pos"": 179, ""n_neg"": 297, ""dep_sd"": 0.21942454426028055, ""n_broad_ids"": 1}, ""rep"": {""same_sign"": true, ""p_one_sided"": 9.394775422271266e-05, ""d_discovery"": 0.44431962046037077, ""d_holdout"": 0.4129013665791475, ""magnitude_ok"": true, ""replicated"": true}}"
primary,MUT_HOT:NRAS,PD0325901,True,True,"{""res"": {""beta"": -0.5931988231576022, ""r"": -0.18314305658360247, ""p_two"": 0.00013642554031113684, ""se"": 0.1540946345877341, ""df"": 427, ""n"": 470, ""n_pos"": 21, ""n_neg"": 449, ""dep_sd"": 0.7657109224467507, ""n_broad_ids"": 1}, ""rep"": {""same_sign"": true, ""p_one_sided"": 6.821277015556842e-05, ""d_discovery"": 0.6941945589226197, ""d_holdout"": 0.7747033583667532, ""magnitude_ok"": true, ""replicated"": true}}"
primary,MUT_HOT:BRAF,PD0325901,True,True,"{""res"": {""beta"": -0.36802811566382837, ""r"": -0.1230780756752022, ""p_two"": 0.010725980307062026, ""se"": 0.14360574084585223, ""df"": 427, ""n"": 470, ""n_pos"": 49, ""n_neg"": 421, ""dep_sd"": 0.7657109224467507, ""n_broad_ids"": 1}, ""rep"": {""same_sign"": true, ""p_one_sided"": 0.005362990153531013, ""d_discovery"": 0.6475374217564765, ""d_holdout"": 0.4806358442528576, ""magnitude_ok"": true, ""replicated"": true}}"
primary,MUT_HOT:KRAS,PD0325901,True,True,"{""res"": {""beta"": -0.4246027786383702, ""r"": -0.1989886634870749, ""p_two"": 3.3091625033076286e-05, ""se"": 0.10119695131249318, ""df"": 427, ""n"": 470, ""n_pos"": 94, ""n_neg"": 376, ""dep_sd"": 0.7657109224467507, ""n_broad_ids"": 1}, ""rep"": {""same_sign"": true, ""p_one_sided"": 1.6545812516538143e-05, ""d_discovery"": 0.5059765050673469, ""d_holdout"": 0.5545209898294197, ""magnitude_ok"": true, ""replicated"": true}}"
primary,EXPR_LOW:PDZRN3,PD0325901,True,False,"{""res"": {""beta"": -0.1476738012538649, ""r"": -0.07004622439501822, ""p_two"": 0.14894637721534654, ""se"": 0.10213338954199526, ""df"": 424, ""n"": 467, ""n_pos"": 342, ""n_neg"": 125, ""dep_sd"": 0.7665638368484523, ""n_broad_ids"": 1}, ""rep"": {""same_sign"": true, ""p_one_sided"": 0.07447318860767327, ""d_discovery"": 0.4286307626027462, ""d_holdout"": 0.192643840154254, ""magnitude_ok"": false, ""replicated"": false}}"
primary,EXPR_LOW:RIMS4,PD0325901,True,True,"{""res"": {""beta"": -0.25847909239785716, ""r"": -0.14844506958714984, ""p_two"": 0.0021269682468757823, ""se"": 0.0836253910906711, ""df"": 424, ""n"": 467, ""n_pos"": 365, ""n_neg"": 102, ""dep_sd"": 0.7665638368484523, ""n_broad_ids"": 1}, ""rep"": {""same_sign"": true, ""p_one_sided"": 0.0010634841234378912, ""d_discovery"": 0.41782904814468874, ""d_holdout"": 0.337191868403985, ""magnitude_ok"": true, ""replicated"": true}}"
primary,EXPR_LOW:GFRA1,PD0325901,True,False,"{""res"": {""beta"": -0.1522699018560282, ""r"": -0.09106589971021173, ""p_two"": 0.06038663183623638, ""se"": 0.08086620205796426, ""df"": 424, ""n"": 467, ""n_pos"": 346, ""n_neg"": 121, ""dep_sd"": 0.7665638368484523, ""n_broad_ids"": 1}, ""rep"": {""same_sign"": true, ""p_one_sided"": 0.03019331591811819, ""d_discovery"": 0.4175489694361773, ""d_holdout"": 0.19863955816393616, ""magnitude_ok"": false, ""replicated"": false}}"
primary,MUT_HOT:BRAF,PLX-4720,True,False,"{""res"": {""beta"": -0.10458943789117885, ""r"": -0.10515928585987443, ""p_two"": 0.028487491443812598, ""se"": 0.04758648578798619, ""df"": 432, ""n"": 475, ""n_pos"": 48, ""n_neg"": 427, ""dep_sd"": 0.21116652652247597, ""n_broad_ids"": 1}, ""rep"": {""same_sign"": true, ""p_one_sided"": 0.014243745721906299, ""d_discovery"": 1.4329922907366124, ""d_holdout"": 0.4952936415329379, ""magnitude_ok"": false, ""replicated"": false}}"
primary,EXPR_LOW:CCDC148,Paclitaxel,True,False,"{""res"": {""beta"": -0.21423608961277893, ""r"": -0.11028121084911963, ""p_two"": 0.0214199235619795, ""se"": 0.09278761993140457, ""df"": 433, ""n"": 476, ""n_pos"": 332, ""n_neg"": 144, ""dep_sd"": 0.9155786953784764, ""n_broad_ids"": 2}, ""rep"": {""same_sign"": true, ""p_one_sided"": 0.01070996178098975, ""d_discovery"": 0.5237289229379045, ""d_holdout"": 0.23398981506905783, ""magnitude_ok"": false, ""replicated"": false}}"
primary,EXPR_LOW:NOS1AP,Paclitaxel,True,True,"{""res"": {""beta"": -0.20754792349620085, ""r"": -0.11374563400086417, ""p_two"": 0.01763308553124269, ""se"": 0.08711880504854232, ""df"": 433, ""n"": 476, ""n_pos"": 190, ""n_neg"": 286, ""dep_sd"": 0.9155786953784764, ""n_broad_ids"": 2}, ""rep"": {""same_sign"": true, ""p_one_sided"": 0.008816542765621344, ""d_discovery"": 0.43924664388562684, ""d_holdout"": 0.22668496388549753, ""magnitude_ok"": true, ""replicated"": true}}"
primary,EXPR_LOW:ABCB1,Paclitaxel,True,True,"{""res"": {""beta"": -0.45648970074705325, ""r"": -0.22969717740152307, ""p_two"": 1.2865632974381389e-06, ""se"": 0.09295252883893787, ""df"": 433, ""n"": 476, ""n_pos"": 328, ""n_neg"": 148, ""dep_sd"": 0.9155786953784764, ""n_broad_ids"": 2}, ""rep"": {""same_sign"": true, ""p_one_sided"": 6.432816487190694e-07, ""d_discovery"": 0.4245442901106766, ""d_holdout"": 0.49858051858486324, ""magnitude_ok"": true, ""replicated"": true}}"
primary,EXPR_LOW:CEACAM1,Paclitaxel,True,True,"{""res"": {""beta"": -0.24074904931795205, ""r"": -0.12783568501006326, ""p_two"": 0.0075961171391785345, ""se"": 0.08976160349737279, ""df"": 433, ""n"": 476, ""n_pos"": 224, ""n_neg"": 252, ""dep_sd"": 0.9155786953784764, ""n_broad_ids"": 2}, ""rep"": {""same_sign"": true, ""p_one_sided"": 0.0037980585695892672, ""d_discovery"": 0.39192008109970067, ""d_holdout"": 0.26294741296752505, ""magnitude_ok"": true, ""replicated"": true}}"
primary,EXPR_LOW:CCDC96,Paclitaxel,True,False,"{""res"": {""beta"": -0.14208967589028806, ""r"": -0.07928242101966355, ""p_two"": 0.09865520860908633, ""se"": 0.0858563538979857, ""df"": 433, ""n"": 476, ""n_pos"": 248, ""n_neg"": 228, ""dep_sd"": 0.9155786953784764, ""n_broad_ids"": 2}, ""rep"": {""same_sign"": true, ""p_one_sided"": 0.049327604304543166, ""d_discovery"": 0.3888256402247873, ""d_holdout"": 0.15519111203385078, ""magnitude_ok"": false, ""replicated"": false}}"
primary,EXPR_LOW:RORA,Paclitaxel,True,False,"{""res"": {""beta"": -0.09978419362446968, ""r"": -0.05803421402560343, ""p_two"": 0.227072265153231, ""se"": 0.08248996457545349, ""df"": 433, ""n"": 476, ""n_pos"": 217, ""n_neg"": 259, ""dep_sd"": 0.9155786953784764, ""n_broad_ids"": 2}, ""rep"": {""same_sign"": true, ""p_one_sided"": 0.1135361325766155, ""d_discovery"": 0.3538751110470657, ""d_holdout"": 0.1089848356325302, ""magnitude_ok"": false, ""replicated"": false}}"
primary,EXPR_LOW:ARHGAP26,Palbociclib,True,False,"{""res"": {""beta"": -0.10389558745408983, ""r"": -0.07449819915832996, ""p_two"": 0.12165178555358726, ""se"": 0.06698910466490192, ""df"": 431, ""n"": 474, ""n_pos"": 17, ""n_neg"": 457, ""dep_sd"": 0.2477115051691662, ""n_broad_ids"": 2}, ""rep"": {""same_sign"": true, ""p_one_sided"": 0.06082589277679363, ""d_discovery"": 0.6373810468634413, ""d_holdout"": 0.41942172763892355, ""magnitude_ok"": true, ""replicated"": false}}"
primary,EXPR_LOW:NAV2,Palbociclib,True,True,"{""res"": {""beta"": -0.12368324777066042, ""r"": -0.14823620821260702, ""p_two"": 0.0019828921551593597, ""se"": 0.03974597492858839, ""df"": 431, ""n"": 474, ""n_pos"": 49, ""n_neg"": 425, ""dep_sd"": 0.2477115051691662, ""n_broad_ids"": 2}, ""rep"": {""same_sign"": true, ""p_one_sided"": 0.0009914460775796799, ""d_discovery"": 0.5058216203648825, ""d_holdout"": 0.49930360596773704, ""magnitude_ok"": true, ""replicated"": true}}"
primary,EXPR_LOW:CHMP4C,Palbociclib,True,False,"{""res"": {""beta"": -0.06150548003952788, ""r"": -0.07794870578428503, ""p_two"": 0.10527866350549, ""se"": 0.03789159241728051, ""df"": 431, ""n"": 474, ""n_pos"": 113, ""n_neg"": 361, ""dep_sd"": 0.2477115051691662, ""n_broad_ids"": 2}, ""rep"": {""same_sign"": true, ""p_one_sided"": 0.052639331752745, ""d_discovery"": 0.45469732271391017, ""d_holdout"": 0.24829480567535525, ""magnitude_ok"": true, ""replicated"": false}}"
primary,EXPR_LOW:CLIC5,Palbociclib,True,True,"{""res"": {""beta"": -0.10140424301942226, ""r"": -0.15685637178187695, ""p_two"": 0.0010572617762697736, ""se"": 0.030754298815895795, ""df"": 431, ""n"": 474, ""n_pos"": 375, ""n_neg"": 99, ""dep_sd"": 0.2477115051691662, ""n_broad_ids"": 2}, ""rep"": {""same_sign"": true, ""p_one_sided"": 0.0005286308881348868, ""d_discovery"": 0.4165647017203082, ""d_holdout"": 0.40936428427162336, ""magnitude_ok"": true, ""replicated"": true}}"
primary,EXPR_LOW:LAMB3,Palbociclib,True,True,"{""res"": {""beta"": -0.0943888591366024, ""r"": -0.10279503240999972, ""p_two"": 0.03247531299083392, ""se"": 0.043994988580254656, ""df"": 431, ""n"": 474, ""n_pos"": 40, ""n_neg"": 434, ""dep_sd"": 0.2477115051691662, ""n_broad_ids"": 2}, ""rep"": {""same_sign"": true, ""p_one_sided"": 0.01623765649541696, ""d_discovery"": 0.41258343832849126, ""d_holdout"": 0.38104350087470795, ""magnitude_ok"": true, ""replicated"": true}}"
primary,EXPR_LOW:PRSS8,Palbociclib,True,True,"{""res"": {""beta"": -0.05826673237819863, ""r"": -0.09970758739286327, ""p_two"": 0.038083620223879865, ""se"": 0.02800813726590214, ""df"": 431, ""n"": 474, ""n_pos"": 242, ""n_neg"": 232, ""dep_sd"": 0.2477115051691662, ""n_broad_ids"": 2}, ""rep"": {""same_sign"": true, ""p_one_sided"": 0.019041810111939932, ""d_discovery"": 0.4063852801873637, ""d_holdout"": 0.23522012971665296, ""magnitude_ok"": true, ""replicated"": true}}"
primary,EXPR_LOW:GPRC5A,Pevonedistat,True,True,"{""res"": {""beta"": -0.176539682783989, ""r"": -0.1415120628420242, ""p_two"": 0.003063515588338261, ""se"": 0.05928043291128608, ""df"": 434, ""n"": 477, ""n_pos"": 44, ""n_neg"": 433, ""dep_sd"": 0.3215241516242147, ""n_broad_ids"": 1}, ""rep"": {""same_sign"": true, ""p_one_sided"": 0.0015317577941691305, ""d_discovery"": 0.6310069551451233, ""d_holdout"": 0.5490712964863738, ""magnitude_ok"": true, ""replicated"": true}}"
primary,EXPR_LOW:CAPN8,Pevonedistat,True,True,"{""res"": {""beta"": -0.14177412074520893, ""r"": -0.170857415178792, ""p_two"": 0.0003386942447629569, ""se"": 0.03924504956172083, ""df"": 434, ""n"": 477, ""n_pos"": 332, ""n_neg"": 145, ""dep_sd"": 0.3215241516242147, ""n_broad_ids"": 1}, ""rep"": {""same_sign"": true, ""p_one_sided"": 0.00016934712238147846, ""d_discovery"": 0.5017472725987078, ""d_holdout"": 0.4409439229651064, ""magnitude_ok"": true, ""replicated"": true}}"
primary,EXPR_LOW:TMEM45B,Pevonedistat,True,True,"{""res"": {""beta"": -0.07811709641821553, ""r"": -0.10034729327993885, ""p_two"": 0.0362076913715706, ""se"": 0.03717901676713791, ""df"": 434, ""n"": 477, ""n_pos"": 276, ""n_neg"": 201, ""dep_sd"": 0.3215241516242147, ""n_broad_ids"": 1}, ""rep"": {""same_sign"": true, ""p_one_sided"": 0.0181038456857853, ""d_discovery"": 0.4416003257728311, ""d_holdout"": 0.2429587202815042, ""magnitude_ok"": true, ""replicated"": true}}"
primary,EXPR_LOW:BTC,Pevonedistat,True,True,"{""res"": {""beta"": -0.08301113761426002, ""r"": -0.11806095896483372, ""p_two"": 0.013634905467649143, ""se"": 0.03351484535482199, ""df"": 434, ""n"": 477, ""n_pos"": 234, ""n_neg"": 243, ""dep_sd"": 0.3215241516242147, ""n_broad_ids"": 1}, ""rep"": {""same_sign"": true, ""p_one_sided"": 0.006817452733824571, ""d_discovery"": 0.42509497247495254, ""d_holdout"": 0.25818009998602004, ""magnitude_ok"": true, ""replicated"": true}}"
primary,EXPR_LOW:CEACAM6,Pevonedistat,True,True,"{""res"": {""beta"": -0.10599573190292892, ""r"": -0.13261991092993633, ""p_two"": 0.005545752791744866, ""se"": 0.03802608386509616, ""df"": 434, ""n"": 477, ""n_pos"": 318, ""n_neg"": 159, ""dep_sd"": 0.3215241516242147, ""n_broad_ids"": 1}, ""rep"": {""same_sign"": true, ""p_one_sided"": 0.002772876395872433, ""d_discovery"": 0.42442852044178025, ""d_holdout"": 0.32966646943154904, ""magnitude_ok"": true, ""replicated"": true}}"
primary,EXPR_LOW:HRCT1,Pevonedistat,True,True,"{""res"": {""beta"": -0.08820961900748352, ""r"": -0.13162044364524453, ""p_two"": 0.005915848903432129, ""se"": 0.03188988248743242, ""df"": 434, ""n"": 477, ""n_pos"": 243, ""n_neg"": 234, ""dep_sd"": 0.3215241516242147, ""n_broad_ids"": 1}, ""rep"": {""same_sign"": true, ""p_one_sided"": 0.0029579244517160645, ""d_discovery"": 0.4143744025383255, ""d_holdout"": 0.27434834541008163, ""magnitude_ok"": true, ""replicated"": true}}"
primary,EXPR_LOW:IRS2,Rapamycin,True,True,"{""res"": {""beta"": -0.22317312853934784, ""r"": -0.12320681764962092, ""p_two"": 0.01064348165827237, ""se"": 0.08699046883144672, ""df"": 427, ""n"": 470, ""n_pos"": 61, ""n_neg"": 409, ""dep_sd"": 0.5987673435948957, ""n_broad_ids"": 1}, ""rep"": {""same_sign"": true, ""p_one_sided"": 0.005321740829136185, ""d_discovery"": 0.5496825784443723, ""d_holdout"": 0.3727209423270396, ""magnitude_ok"": true, ""replicated"": true}}"
primary,EXPR_LOW:STK32A,Rapamycin,True,False,"{""res"": {""beta"": -0.016722609759438678, ""r"": -0.011416901967528073, ""p_two"": 0.8135970134869209, ""se"": 0.07087834032474528, ""df"": 427, ""n"": 470, ""n_pos"": 352, ""n_neg"": 118, ""dep_sd"": 0.5987673435948957, ""n_broad_ids"": 1}, ""rep"": {""same_sign"": true, ""p_one_sided"": 0.40679850674346046, ""d_discovery"": 0.4401026907816813, ""d_holdout"": 0.02792839312017088, ""magnitude_ok"": false, ""replicated"": false}}"
primary,MUT_HOT:NRAS,Refametinib,True,True,"{""res"": {""beta"": -0.4509419453399837, ""r"": -0.15088125700485486, ""p_two"": 0.006028402680441135, ""se"": 0.1631352793461087, ""df"": 328, ""n"": 371, ""n_pos"": 13, ""n_neg"": 358, ""dep_sd"": 0.5893233845757275, ""n_broad_ids"": 1}, ""rep"": {""same_sign"": true, ""p_one_sided"": 0.0030142013402205676, ""d_discovery"": 0.6248282360884256, ""d_holdout"": 0.7651859015651161, ""magnitude_ok"": true, ""replicated"": true}}"
primary,EXPR_LOW:ZNF501,Refametinib,True,False,"{""res"": {""beta"": -0.055177270052683504, ""r"": -0.047977050780612894, ""p_two"": 0.3871751407096178, ""se"": 0.06372129249067851, ""df"": 325, ""n"": 368, ""n_pos"": 226, ""n_neg"": 142, ""dep_sd"": 0.5907085922850152, ""n_broad_ids"": 1}, ""rep"": {""same_sign"": true, ""p_one_sided"": 0.1935875703548089, ""d_discovery"": 0.311714092968347, ""d_holdout"": 0.09340861259397533, ""magnitude_ok"": false, ""replicated"": false}}"
primary,EXPR_LOW:CHMP4C,Ribociclib,True,False,"{""res"": {""beta"": -0.01939798917608404, ""r"": -0.03070919863906912, ""p_two"": 0.522473695280539, ""se"": 0.03030668854890166, ""df"": 434, ""n"": 477, ""n_pos"": 114, ""n_neg"": 363, ""dep_sd"": 0.18991182671581056, ""n_broad_ids"": 1}, ""rep"": {""same_sign"": true, ""p_one_sided"": 0.2612368476402695, ""d_discovery"": 0.47355258286787316, ""d_holdout"": 0.10214208094112928, ""magnitude_ok"": false, ""replicated"": false}}"
primary,EXPR_LOW:SCNN1A,Ribociclib,True,True,"{""res"": {""beta"": -0.043898513730885956, ""r"": -0.08057085076424758, ""p_two"": 0.09290446079578228, ""se"": 0.0260683030134992, ""df"": 434, ""n"": 477, ""n_pos"": 117, ""n_neg"": 360, ""dep_sd"": 0.18991182671581056, ""n_broad_ids"": 1}, ""rep"": {""same_sign"": true, ""p_one_sided"": 0.04645223039789114, ""d_discovery"": 0.4229268243166911, ""d_holdout"": 0.23115207983638078, ""magnitude_ok"": true, ""replicated"": true}}"
primary,EXPR_LOW:HNF1B,Ribociclib,True,False,"{""res"": {""beta"": 0.011337846706912832, ""r"": 0.02267850397380998, ""p_two"": 0.6367537912285138, ""se"": 0.023991621607129494, ""df"": 434, ""n"": 477, ""n_pos"": 334, ""n_neg"": 143, ""dep_sd"": 0.18991182671581056, ""n_broad_ids"": 1}, ""rep"": {""same_sign"": false, ""p_one_sided"": 0.681623104385743, ""d_discovery"": 0.4218301795937557, ""d_holdout"": 0.059700582649226515, ""magnitude_ok"": false, ""replicated"": false}}"
primary,EXPR_LOW:ITGB8,Ribociclib,True,False,"{""res"": {""beta"": -0.03601921144392967, ""r"": -0.07391745461679176, ""p_two"": 0.12328763932272241, ""se"": 0.023326663936414676, ""df"": 434, ""n"": 477, ""n_pos"": 120, ""n_neg"": 357, ""dep_sd"": 0.18991182671581056, ""n_broad_ids"": 1}, ""rep"": {""same_sign"": true, ""p_one_sided"": 0.061643819661361204, ""d_discovery"": 0.40770383985121345, ""d_holdout"": 0.18966281387956865, ""magnitude_ok"": false, ""replicated"": false}}"
primary,EXPR_LOW:C1orf116,Ribociclib,True,False,"{""res"": {""beta"": -0.004281759424085629, ""r"": -0.008908352373021362, ""p_two"": 0.8528513553592244, ""se"": 0.023070806513326884, ""df"": 434, ""n"": 477, ""n_pos"": 236, ""n_neg"": 241, ""dep_sd"": 0.18991182671581056, ""n_broad_ids"": 1}, ""rep"": {""same_sign"": true, ""p_one_sided"": 0.4264256776796122, ""d_discovery"": 0.3928898487401234, ""d_holdout"": 0.02254603885461528, ""magnitude_ok"": false, ""replicated"": false}}"
primary,EXPR_LOW:TMEM139,Ribociclib,True,True,"{""res"": {""beta"": -0.07388405579333189, ""r"": -0.16875912028052784, ""p_two"": 0.0004015038011082015, ""se"": 0.02071402819862918, ""df"": 434, ""n"": 477, ""n_pos"": 198, ""n_neg"": 279, ""dep_sd"": 0.18991182671581056, ""n_broad_ids"": 1}, ""rep"": {""same_sign"": true, ""p_one_sided"": 0.00020075190055410076, ""d_discovery"": 0.3882666486162, ""d_holdout"": 0.3890439951583115, ""magnitude_ok"": true, ""replicated"": true}}"
primary,MUT_HOT:BRAF,SB590885,True,True,"{""res"": {""beta"": -0.11661050169917823, ""r"": -0.11170435084508208, ""p_two"": 0.02095913769986311, ""se"": 0.05032068332125437, ""df"": 425, ""n"": 468, ""n_pos"": 47, ""n_neg"": 421, ""dep_sd"": 0.23172372195190238, ""n_broad_ids"": 1}, ""rep"": {""same_sign"": true, ""p_one_sided"": 0.010479568849931556, ""d_discovery"": 0.9904902932039411, ""d_holdout"": 0.5032307470159764, ""magnitude_ok"": true, ""replicated"": true}}"
primary,EXPR_LOW:CCDC71L,SB590885,True,False,"{""res"": {""beta"": 0.04959849459977904, ""r"": 0.03878591139556479, ""p_two"": 0.42568752440037033, ""se"": 0.06220300386953554, ""df"": 422, ""n"": 465, ""n_pos"": 15, ""n_neg"": 450, ""dep_sd"": 0.23244062421684455, ""n_broad_ids"": 1}, ""rep"": {""same_sign"": false, ""p_one_sided"": 0.7871562377998148, ""d_discovery"": 0.8640713200789663, ""d_holdout"": 0.21338135176193837, ""magnitude_ok"": false, ""replicated"": false}}"
primary,EXPR_LOW:BAIAP2L1,SB590885,True,False,"{""res"": {""beta"": 0.0024689978145494788, ""r"": 0.0010901913836461525, ""p_two"": 0.9821431184212039, ""se"": 0.11024565363702767, ""df"": 422, ""n"": 465, ""n_pos"": 8, ""n_neg"": 457, ""dep_sd"": 0.23244062421684455, ""n_broad_ids"": 1}, ""rep"": {""same_sign"": false, ""p_one_sided"": 0.508928440789398, ""d_discovery"": 0.7337439287814952, ""d_holdout"": 0.01062205809706544, ""magnitude_ok"": false, ""replicated"": false}}"
primary,EXPR_LOW:IL13RA1,SB590885,True,False,"{""res"": {""beta"": 0.02887677982494014, ""r"": 0.012283010555710199, ""p_two"": 0.8008976672414708, ""se"": 0.11443396526711726, ""df"": 422, ""n"": 465, ""n_pos"": 5, ""n_neg"": 460, ""dep_sd"": 0.23244062421684455, ""n_broad_ids"": 1}, ""rep"": {""same_sign"": false, ""p_one_sided"": 0.5995511663792645, ""d_discovery"": 0.676655079873967, ""d_holdout"": 0.1242329301181058, ""magnitude_ok"": false, ""replicated"": false}}"
primary,EXPR_LOW:ZSCAN31,SB590885,True,False,"{""res"": {""beta"": -0.031607961186808683, ""r"": -0.035509393578477565, ""p_two"": 0.465845915313149, ""se"": 0.043303502525260607, ""df"": 422, ""n"": 465, ""n_pos"": 40, ""n_neg"": 425, ""dep_sd"": 0.23244062421684455, ""n_broad_ids"": 1}, ""rep"": {""same_sign"": true, ""p_one_sided"": 0.2329229576565745, ""d_discovery"": 0.5337810036912586, ""d_holdout"": 0.1359829474443397, ""magnitude_ok"": false, ""replicated"": false}}"
primary,EXPR_LOW:STING1,SB590885,True,False,"{""res"": {""beta"": -0.05518058134917307, ""r"": -0.07049394318260856, ""p_two"": 0.14731602826769255, ""se"": 0.03800987673799033, ""df"": 422, ""n"": 465, ""n_pos"": 47, ""n_neg"": 418, ""dep_sd"": 0.23244062421684455, ""n_broad_ids"": 1}, ""rep"": {""same_sign"": true, ""p_one_sided"": 0.07365801413384628, ""d_discovery"": 0.49707702948295945, ""d_holdout"": 0.23739645999958656, ""magnitude_ok"": false, ""replicated"": false}}"
primary,EXPR_LOW:PPARGC1A,SN-38,True,True,"{""res"": {""beta"": -0.2722927616499262, ""r"": -0.09927959497320556, ""p_two"": 0.040074521276428465, ""se"": 0.1322270729870393, ""df"": 426, ""n"": 469, ""n_pos"": 304, ""n_neg"": 165, ""dep_sd"": 1.2527916643342956, ""n_broad_ids"": 1}, ""rep"": {""same_sign"": true, ""p_one_sided"": 0.020037260638214233, ""d_discovery"": 0.3588843832470681, ""d_holdout"": 0.21734879741127291, ""magnitude_ok"": true, ""replicated"": true}}"
primary,EXPR_LOW:SLC16A1,Sapitinib,True,False,"{""res"": {""beta"": -0.1724138688638567, ""r"": -0.055077274102712924, ""p_two"": 0.2516741152572493, ""se"": 0.150209047625755, ""df"": 433, ""n"": 476, ""n_pos"": 6, ""n_neg"": 470, ""dep_sd"": 0.3700436358901111, ""n_broad_ids"": 1}, ""rep"": {""same_sign"": true, ""p_one_sided"": 0.12583705762862465, ""d_discovery"": 1.1628512751231115, ""d_holdout"": 0.4659284801618831, ""magnitude_ok"": false, ""replicated"": false}}"
primary,EXPR_LOW:LIX1L,Sapitinib,True,True,"{""res"": {""beta"": -0.20094160279411744, ""r"": -0.205420513593799, ""p_two"": 1.5731138142750913e-05, ""se"": 0.0460065923153496, ""df"": 433, ""n"": 476, ""n_pos"": 89, ""n_neg"": 387, ""dep_sd"": 0.3700436358901111, ""n_broad_ids"": 1}, ""rep"": {""same_sign"": true, ""p_one_sided"": 7.865569071375457e-06, ""d_discovery"": 0.48091431864896617, ""d_holdout"": 0.5430213718194831, ""magnitude_ok"": true, ""replicated"": true}}"
primary,EXPR_LOW:ZEB1,Sapitinib,True,True,"{""res"": {""beta"": -0.20749192074564235, ""r"": -0.2593132836759916, ""p_two"": 4.088599405728905e-08, ""se"": 0.03713784064163994, ""df"": 433, ""n"": 476, ""n_pos"": 180, ""n_neg"": 296, ""dep_sd"": 0.3700436358901111, ""n_broad_ids"": 1}, ""rep"": {""same_sign"": true, ""p_one_sided"": 2.0442997028644526e-08, ""d_discovery"": 0.4632890722837554, ""d_holdout"": 0.5607228462301121, ""magnitude_ok"": true, ""replicated"": true}}"
primary,EXPR_LOW:PRKG1,Sapitinib,True,False,"{""res"": {""beta"": -0.07416077844993318, ""r"": -0.08356841305331693, ""p_two"": 0.08168555263937127, ""se"": 0.04249779230583083, ""df"": 433, ""n"": 476, ""n_pos"": 377, ""n_neg"": 99, ""dep_sd"": 0.3700436358901111, ""n_broad_ids"": 1}, ""rep"": {""same_sign"": true, ""p_one_sided"": 0.040842776319685636, ""d_discovery"": 0.4525549907559303, ""d_holdout"": 0.2004109009240092, ""magnitude_ok"": false, ""replicated"": false}}"
primary,EXPR_LOW:ZFHX4,Sapitinib,True,True,"{""res"": {""beta"": -0.08537977755960868, ""r"": -0.10967376404429234, ""p_two"": 0.022152025272544364, ""se"": 0.0371860943322277, ""df"": 433, ""n"": 476, ""n_pos"": 255, ""n_neg"": 221, ""dep_sd"": 0.3700436358901111, ""n_broad_ids"": 1}, ""rep"": {""same_sign"": true, ""p_one_sided"": 0.011076012636272182, ""d_discovery"": 0.3874063773147174, ""d_holdout"": 0.23072894458577647, ""magnitude_ok"": true, ""replicated"": true}}"
primary,EXPR_LOW:PDLIM3,Sapitinib,True,False,"{""res"": {""beta"": -0.04742537242649561, ""r"": -0.06207346157674507, ""p_two"": 0.19629970783783196, ""se"": 0.036645658298925424, ""df"": 433, ""n"": 476, ""n_pos"": 263, ""n_neg"": 213, ""dep_sd"": 0.3700436358901111, ""n_broad_ids"": 1}, ""rep"": {""same_sign"": true, ""p_one_sided"": 0.09814985391891598, ""d_discovery"": 0.3867696314306633, ""d_holdout"": 0.12816156752005092, ""magnitude_ok"": false, ""replicated"": false}}"
primary,MUT_HOT:NRAS,Selumetinib,True,True,"{""res"": {""beta"": -0.28874126750133766, ""r"": -0.1576742279417969, ""p_two"": 0.0009290261618179517, ""se"": 0.08660403517855098, ""df"": 436, ""n"": 479, ""n_pos"": 21, ""n_neg"": 458, ""dep_sd"": 0.41353445496355434, ""n_broad_ids"": 1}, ""rep"": {""same_sign"": true, ""p_one_sided"": 0.00046451308090897587, ""d_discovery"": 0.7034203125962937, ""d_holdout"": 0.6982278357598644, ""magnitude_ok"": true, ""replicated"": true}}"
primary,EXPR_LOW:GFRA1,Selumetinib,True,False,"{""res"": {""beta"": -0.029422573286174983, ""r"": -0.03143322557128652, ""p_two"": 0.5131974269529326, ""se"": 0.04496070350519108, ""df"": 433, ""n"": 476, ""n_pos"": 352, ""n_neg"": 124, ""dep_sd"": 0.4136474827449979, ""n_broad_ids"": 1}, ""rep"": {""same_sign"": true, ""p_one_sided"": 0.2565987134764663, ""d_discovery"": 0.42121452841475954, ""d_holdout"": 0.07112958379662901, ""magnitude_ok"": false, ""replicated"": false}}"
primary,EXPR_LOW:ZNF501,Selumetinib,True,False,"{""res"": {""beta"": -0.05074678391830512, ""r"": -0.0664145826160757, ""p_two"": 0.16674850440874758, ""se"": 0.036638796146398804, ""df"": 433, ""n"": 476, ""n_pos"": 288, ""n_neg"": 188, ""dep_sd"": 0.4136474827449979, ""n_broad_ids"": 1}, ""rep"": {""same_sign"": true, ""p_one_sided"": 0.08337425220437379, ""d_discovery"": 0.34548236450586584, ""d_holdout"": 0.12268123471112502, ""magnitude_ok"": false, ""replicated"": false}}"
primary,EXPR_LOW:SIPA1L1,Sorafenib,False,False,"{""res"": null, ""rep"": null}"
primary,EXPR_LOW:TUBB2A,Sorafenib,False,False,"{""res"": null, ""rep"": null}"
primary,EXPR_LOW:NEDD4L,Sorafenib,True,True,"{""res"": {""beta"": -0.295059318338518, ""r"": -0.1497222009057696, ""p_two"": 0.0017614087425107555, ""se"": 0.09374716376259018, ""df"": 432, ""n"": 475, ""n_pos"": 6, ""n_neg"": 469, ""dep_sd"": 0.17828952101903334, ""n_broad_ids"": 2}, ""rep"": {""same_sign"": true, ""p_one_sided"": 0.0008807043712553777, ""d_discovery"": 1.1589442643398395, ""d_holdout"": 1.6549448147713566, ""magnitude_ok"": true, ""replicated"": true}}"
primary,EXPR_LOW:TRAF3IP2,Sorafenib,True,True,"{""res"": {""beta"": -0.11897991179976015, ""r"": -0.09348350314370422, ""p_two"": 0.05163580169265809, ""se"": 0.06096642992863725, ""df"": 432, ""n"": 475, ""n_pos"": 9, ""n_neg"": 466, ""dep_sd"": 0.17828952101903334, ""n_broad_ids"": 2}, ""rep"": {""same_sign"": true, ""p_one_sided"": 0.025817900846329046, ""d_discovery"": 0.9207273372463258, ""d_holdout"": 0.6673410255393442, ""magnitude_ok"": true, ""replicated"": true}}"
primary,EXPR_LOW:NEDD4,Sorafenib,False,False,"{""res"": null, ""rep"": null}"
primary,EXPR_LOW:HIVEP2,Sorafenib,True,False,"{""res"": {""beta"": -0.006272254243131266, ""r"": -0.006206281343152304, ""p_two"": 0.8974195672649043, ""se"": 0.048623023092192214, ""df"": 432, ""n"": 475, ""n_pos"": 22, ""n_neg"": 453, ""dep_sd"": 0.17828952101903334, ""n_broad_ids"": 2}, ""rep"": {""same_sign"": true, ""p_one_sided"": 0.4487097836324522, ""d_discovery"": 0.6996585791174239, ""d_holdout"": 0.03518016206045935, ""magnitude_ok"": false, ""replicated"": false}}"
primary,EXPR_LOW:ELOVL7,Talazoparib,True,True,"{""res"": {""beta"": -0.26284129383183, ""r"": -0.19694646297327303, ""p_two"": 3.455145797127467e-05, ""se"": 0.06280730497703335, ""df"": 434, ""n"": 477, ""n_pos"": 93, ""n_neg"": 384, ""dep_sd"": 0.5254162398601747, ""n_broad_ids"": 1}, ""rep"": {""same_sign"": true, ""p_one_sided"": 1.7275728985637334e-05, ""d_discovery"": 0.3862664893584063, ""d_holdout"": 0.5002534636192024, ""magnitude_ok"": true, ""replicated"": true}}"
primary,EXPR_LOW:IL6R,Talazoparib,True,True,"{""res"": {""beta"": -0.11488918196633177, ""r"": -0.09362013456230796, ""p_two"": 0.0507572694759672, ""se"": 0.0586480240825269, ""df"": 434, ""n"": 477, ""n_pos"": 114, ""n_neg"": 363, ""dep_sd"": 0.5254162398601747, ""n_broad_ids"": 1}, ""rep"": {""same_sign"": true, ""p_one_sided"": 0.0253786347379836, ""d_discovery"": 0.36301747551284436, ""d_holdout"": 0.21866317264366708, ""magnitude_ok"": true, ""replicated"": true}}"
primary,EXPR_LOW:STK32A,Tamoxifen,True,False,"{""res"": {""beta"": -0.010470464056855758, ""r"": -0.020724611701313293, ""p_two"": 0.6711858852385716, ""se"": 0.024646859871393936, ""df"": 420, ""n"": 463, ""n_pos"": 345, ""n_neg"": 118, ""dep_sd"": 0.1988350829675528, ""n_broad_ids"": 1}, ""rep"": {""same_sign"": true, ""p_one_sided"": 0.3355929426192858, ""d_discovery"": 0.5258488418394296, ""d_holdout"": 0.0526590373317791, ""magnitude_ok"": false, ""replicated"": false}}"
primary,EXPR_LOW:CREBRF,Tanespimycin,True,False,"{""res"": {""beta"": -0.19544517201963774, ""r"": -0.06656889349921377, ""p_two"": 0.16576305345210743, ""se"": 0.14078139095491254, ""df"": 433, ""n"": 476, ""n_pos"": 37, ""n_neg"": 439, ""dep_sd"": 0.810303038609419, ""n_broad_ids"": 2}, ""rep"": {""same_sign"": true, ""p_one_sided"": 0.08288152672605371, ""d_discovery"": 0.6623570499751946, ""d_holdout"": 0.2412000976264954, ""magnitude_ok"": false, ""replicated"": false}}"
primary,EXPR_LOW:ZNF610,Tanespimycin,True,False,"{""res"": {""beta"": -0.1664104347919062, ""r"": -0.09466304976087767, ""p_two"": 0.04848345846069642, ""se"": 0.08410105957939568, ""df"": 433, ""n"": 476, ""n_pos"": 278, ""n_neg"": 198, ""dep_sd"": 0.810303038609419, ""n_broad_ids"": 2}, ""rep"": {""same_sign"": true, ""p_one_sided"": 0.02424172923034821, ""d_discovery"": 0.48217059368411613, ""d_holdout"": 0.20536814853550006, ""magnitude_ok"": false, ""replicated"": false}}"
primary,EXPR_LOW:NPTXR,Tanespimycin,True,False,"{""res"": {""beta"": -0.13844214016844283, ""r"": -0.07479729799749772, ""p_two"": 0.11930075796403768, ""se"": 0.08869929661182502, ""df"": 433, ""n"": 476, ""n_pos"": 128, ""n_neg"": 348, ""dep_sd"": 0.810303038609419, ""n_broad_ids"": 2}, ""rep"": {""same_sign"": true, ""p_one_sided"": 0.05965037898201884, ""d_discovery"": 0.474554597995928, ""d_holdout"": 0.17085230286933986, ""magnitude_ok"": false, ""replicated"": false}}"
primary,MUT_HOT:PIK3CA,Taselisib,True,True,"{""res"": {""beta"": -0.23117471693332184, ""r"": -0.2553792198014766, ""p_two"": 8.763426070772766e-08, ""se"": 0.04245368150164747, ""df"": 425, ""n"": 468, ""n_pos"": 69, ""n_neg"": 399, ""dep_sd"": 0.3166146234089084, ""n_broad_ids"": 1}, ""rep"": {""same_sign"": true, ""p_one_sided"": 4.381713035386383e-08, ""d_discovery"": 0.9138721810239574, ""d_holdout"": 0.7301454191986554, ""magnitude_ok"": true, ""replicated"": true}}"
primary,MUT_DAM:GNA13,Temsirolimus,False,False,"{""res"": null, ""rep"": null}"
primary,EXPR_LOW:ERBB2,Temsirolimus,False,False,"{""res"": null, ""rep"": null}"
primary,EXPR_LOW:CHMP4C,Temsirolimus,True,True,"{""res"": {""beta"": -0.2364109925189838, ""r"": -0.14833754446921113, ""p_two"": 0.0019215205035294067, ""se"": 0.07574276687198042, ""df"": 433, ""n"": 476, ""n_pos"": 113, ""n_neg"": 363, ""dep_sd"": 0.4972932099959759, ""n_broad_ids"": 1}, ""rep"": {""same_sign"": true, ""p_one_sided"": 0.0009607602517647033, ""d_discovery"": 0.599241222363628, ""d_holdout"": 0.47539557702969004, ""magnitude_ok"": true, ""replicated"": true}}"
primary,EXPR_LOW:NAV2,Temsirolimus,True,False,"{""res"": {""beta"": -0.05968074244883511, ""r"": -0.03547552274198803, ""p_two"": 0.4605119892532385, ""se"": 0.08079565587847833, ""df"": 433, ""n"": 476, ""n_pos"": 50, ""n_neg"": 426, ""dep_sd"": 0.4972932099959759, ""n_broad_ids"": 1}, ""rep"": {""same_sign"": true, ""p_one_sided"": 0.23025599462661925, ""d_discovery"": 0.543996010202326, ""d_holdout"": 0.12001117499536751, ""magnitude_ok"": false, ""replicated"": false}}"
primary,EXPR_LOW:IRS2,Temsirolimus,True,True,"{""res"": {""beta"": -0.16045341683552278, ""r"": -0.10456203588020252, ""p_two"": 0.02921897894264064, ""se"": 0.07334048858003019, ""df"": 433, ""n"": 476, ""n_pos"": 61, ""n_neg"": 415, ""dep_sd"": 0.4972932099959759, ""n_broad_ids"": 1}, ""rep"": {""same_sign"": true, ""p_one_sided"": 0.01460948947132032, ""d_discovery"": 0.5423745482380147, ""d_holdout"": 0.32265354444879946, ""magnitude_ok"": true, ""replicated"": true}}"
primary,EXPR_LOW:SPINT1,Temsirolimus,True,False,"{""res"": {""beta"": -0.08573302882694629, ""r"": -0.06665173272859956, ""p_two"": 0.16523583485814428, ""se"": 0.06167738597479184, ""df"": 433, ""n"": 476, ""n_pos"": 104, ""n_neg"": 372, ""dep_sd"": 0.4972932099959759, ""n_broad_ids"": 1}, ""rep"": {""same_sign"": true, ""p_one_sided"": 0.08261791742907214, ""d_discovery"": 0.5016343759485514, ""d_holdout"": 0.1723993553574561, ""magnitude_ok"": false, ""replicated"": false}}"
primary,MUT_HOT:NRAS,Trametinib,True,True,"{""res"": {""beta"": -0.49198308446706973, ""r"": -0.17124361006071195, ""p_two"": 0.000317911255706228, ""se"": 0.13555939245308474, ""df"": 436, ""n"": 479, ""n_pos"": 20, ""n_neg"": 459, ""dep_sd"": 0.675521678446252, ""n_broad_ids"": 2}, ""rep"": {""same_sign"": true, ""p_one_sided"": 0.000158955627853114, ""d_discovery"": 0.6042018029536517, ""d_holdout"": 0.7283009563788773, ""magnitude_ok"": true, ""replicated"": true}}"
primary,MUT_HOT:BRAF,Trametinib,True,True,"{""res"": {""beta"": -0.25195447775179874, ""r"": -0.09682799249563656, ""p_two"": 0.042823202483048675, ""se"": 0.12403161705562672, ""df"": 436, ""n"": 479, ""n_pos"": 49, ""n_neg"": 430, ""dep_sd"": 0.675521678446252, ""n_broad_ids"": 2}, ""rep"": {""same_sign"": true, ""p_one_sided"": 0.021411601241524338, ""d_discovery"": 0.5801809058096925, ""d_holdout"": 0.3729776346057642, ""magnitude_ok"": true, ""replicated"": true}}"
primary,EXPR_LOW:GFRA1,Trametinib,True,False,"{""res"": {""beta"": -0.15632134657189148, ""r"": -0.10772161152246015, ""p_two"": 0.024653510224593785, ""se"": 0.06933252213107567, ""df"": 433, ""n"": 476, ""n_pos"": 353, ""n_neg"": 123, ""dep_sd"": 0.6761687659419653, ""n_broad_ids"": 2}, ""rep"": {""same_sign"": true, ""p_one_sided"": 0.012326755112296892, ""d_discovery"": 0.47129711571758093, ""d_holdout"": 0.23118687884691252, ""magnitude_ok"": false, ""replicated"": false}}"
primary,MUT_HOT:KRAS,Trametinib,True,True,"{""res"": {""beta"": -0.36311517854110187, ""r"": -0.20181836838789274, ""p_two"": 2.0854220967865344e-05, ""se"": 0.0843938405753759, ""df"": 436, ""n"": 479, ""n_pos"": 99, ""n_neg"": 380, ""dep_sd"": 0.675521678446252, ""n_broad_ids"": 2}, ""rep"": {""same_sign"": true, ""p_one_sided"": 1.0427110483932672e-05, ""d_discovery"": 0.44000834922467896, ""d_holdout"": 0.537532976552718, ""magnitude_ok"": true, ""replicated"": true}}"
primary,EXPR_LOW:RIMS4,Trametinib,True,True,"{""res"": {""beta"": -0.2008367176739127, ""r"": -0.1327478102231213, ""p_two"": 0.005554370085980046, ""se"": 0.0720627977718364, ""df"": 433, ""n"": 476, ""n_pos"": 373, ""n_neg"": 103, ""dep_sd"": 0.6761687659419653, ""n_broad_ids"": 2}, ""rep"": {""same_sign"": true, ""p_one_sided"": 0.002777185042990023, ""d_discovery"": 0.4150484164491824, ""d_holdout"": 0.2970215836487636, ""magnitude_ok"": true, ""replicated"": true}}"
primary,EXPR_LOW:ZNF674,Trametinib,True,False,"{""res"": {""beta"": -0.11726879219022335, ""r"": -0.0769981276716259, ""p_two"": 0.10878373144113081, ""se"": 0.07297382391064224, ""df"": 433, ""n"": 476, ""n_pos"": 80, ""n_neg"": 396, ""dep_sd"": 0.6761687659419653, ""n_broad_ids"": 2}, ""rep"": {""same_sign"": true, ""p_one_sided"": 0.054391865720565404, ""d_discovery"": 0.40497808023862253, ""d_holdout"": 0.17343124689715167, ""magnitude_ok"": false, ""replicated"": false}}"
primary,EXPR_LOW:GFRA1,Ulixertinib,True,False,"{""res"": {""beta"": -0.01911245144958514, ""r"": -0.03040763282348499, ""p_two"": 0.5313758381745112, ""se"": 0.03051054616736925, ""df"": 424, ""n"": 467, ""n_pos"": 344, ""n_neg"": 123, ""dep_sd"": 0.25182388759582763, ""n_broad_ids"": 1}, ""rep"": {""same_sign"": true, ""p_one_sided"": 0.2656879190872556, ""d_discovery"": 0.47724198621628844, ""d_holdout"": 0.07589610196257571, ""magnitude_ok"": false, ""replicated"": false}}"
primary,EXPR_LOW:ZNF501,Ulixertinib,True,False,"{""res"": {""beta"": -0.03832510259114515, ""r"": -0.07430123027745233, ""p_two"": 0.12572707547338222, ""se"": 0.02498056591429602, ""df"": 424, ""n"": 467, ""n_pos"": 283, ""n_neg"": 184, ""dep_sd"": 0.25182388759582763, ""n_broad_ids"": 1}, ""rep"": {""same_sign"": true, ""p_one_sided"": 0.06286353773669111, ""d_discovery"": 0.3750449963444603, ""d_holdout"": 0.15219009982347736, ""magnitude_ok"": false, ""replicated"": false}}"
primary,MUT_HOT:PIK3CA,Uprosertib,True,False,"{""res"": {""beta"": -0.045505698930656355, ""r"": -0.06865017108568731, ""p_two"": 0.15242126052339863, ""se"": 0.031743404252579106, ""df"": 434, ""n"": 477, ""n_pos"": 69, ""n_neg"": 408, ""dep_sd"": 0.22297800799747222, ""n_broad_ids"": 1}, ""rep"": {""same_sign"": true, ""p_one_sided"": 0.07621063026169932, ""d_discovery"": 0.6159776277919475, ""d_holdout"": 0.20408155646978526, ""magnitude_ok"": false, ""replicated"": false}}"
primary,MUT_DAM:PTEN,Uprosertib,True,True,"{""res"": {""beta"": -0.10946110249495695, ""r"": -0.15022242077706274, ""p_two"": 0.001657467527691838, ""se"": 0.034579901010161763, ""df"": 434, ""n"": 477, ""n_pos"": 62, ""n_neg"": 415, ""dep_sd"": 0.22297800799747222, ""n_broad_ids"": 1}, ""rep"": {""same_sign"": true, ""p_one_sided"": 0.000828733763845919, ""d_discovery"": 0.6086800600403219, ""d_holdout"": 0.4909053743820236, ""magnitude_ok"": true, ""replicated"": true}}"
primary,EXPR_LOW:SKAP1,Uprosertib,True,True,"{""res"": {""beta"": -0.04822024545329987, ""r"": -0.09372809794654423, ""p_two"": 0.05129424626213307, ""se"": 0.024672032027544644, ""df"": 431, ""n"": 474, ""n_pos"": 345, ""n_neg"": 129, ""dep_sd"": 0.22267293977677402, ""n_broad_ids"": 1}, ""rep"": {""same_sign"": true, ""p_one_sided"": 0.025647123131066533, ""d_discovery"": 0.3977713323033456, ""d_holdout"": 0.21655188772214476, ""magnitude_ok"": true, ""replicated"": true}}"
primary,EXPR_LOW:DUSP4,VE-822,True,False,"{""res"": {""beta"": 0.051060050860044906, ""r"": 0.035879818322421375, ""p_two"": 0.45855731791506055, ""se"": 0.06882359324332671, ""df"": 427, ""n"": 470, ""n_pos"": 82, ""n_neg"": 388, ""dep_sd"": 0.5302820813842548, ""n_broad_ids"": 1}, ""rep"": {""same_sign"": false, ""p_one_sided"": 0.7707213410424697, ""d_discovery"": 0.4154342356369067, ""d_holdout"": 0.09628847108459167, ""magnitude_ok"": false, ""replicated"": false}}"
primary,EXPR_LOW:PCDHGA4,VE-822,True,False,"{""res"": {""beta"": -0.08006224638066708, ""r"": -0.0638350652669459, ""p_two"": 0.18694836917614693, ""se"": 0.060571434994884245, ""df"": 427, ""n"": 470, ""n_pos"": 348, ""n_neg"": 122, ""dep_sd"": 0.5302820813842548, ""n_broad_ids"": 1}, ""rep"": {""same_sign"": true, ""p_one_sided"": 0.09347418458807347, ""d_discovery"": 0.40698420487899256, ""d_holdout"": 0.15098048603051345, ""magnitude_ok"": false, ""replicated"": false}}"
primary,EXPR_LOW:ZNF805,VE-822,True,True,"{""res"": {""beta"": -0.12995781907753945, ""r"": -0.11080512815898207, ""p_two"": 0.021709810411801974, ""se"": 0.05640869198142054, ""df"": 427, ""n"": 470, ""n_pos"": 127, ""n_neg"": 343, ""dep_sd"": 0.5302820813842548, ""n_broad_ids"": 1}, ""rep"": {""same_sign"": true, ""p_one_sided"": 0.010854905205900987, ""d_discovery"": 0.3943948179060473, ""d_holdout"": 0.24507299725892298, ""magnitude_ok"": true, ""replicated"": true}}"
primary,EXPR_LOW:RORA,VE-822,True,True,"{""res"": {""beta"": -0.11104602241859761, ""r"": -0.10631463283454012, ""p_two"": 0.02767654095108556, ""se"": 0.05026060103790377, ""df"": 427, ""n"": 470, ""n_pos"": 214, ""n_neg"": 256, ""dep_sd"": 0.5302820813842548, ""n_broad_ids"": 1}, ""rep"": {""same_sign"": true, ""p_one_sided"": 0.01383827047554278, ""d_discovery"": 0.35646861029033783, ""d_holdout"": 0.20940934328522232, ""magnitude_ok"": true, ""replicated"": true}}"
primary,EXPR_LOW:ZNF610,VE-822,True,True,"{""res"": {""beta"": -0.1305572641415212, ""r"": -0.11390411214341495, ""p_two"": 0.018273952862842745, ""se"": 0.05510765923583082, ""df"": 427, ""n"": 470, ""n_pos"": 271, ""n_neg"": 199, ""dep_sd"": 0.5302820813842548, ""n_broad_ids"": 1}, ""rep"": {""same_sign"": true, ""p_one_sided"": 0.009136976431421372, ""d_discovery"": 0.35568635658746467, ""d_holdout"": 0.2462034240355867, ""magnitude_ok"": true, ""replicated"": true}}"
primary,EXPR_LOW:KLHL36,Venetoclax,False,False,"{""res"": null, ""rep"": null}"
primary,EXPR_LOW:SNTB2,Venetoclax,False,False,"{""res"": null, ""rep"": null}"
primary,EXPR_LOW:MRTFB,Venetoclax,False,False,"{""res"": null, ""rep"": null}"
primary,EXPR_LOW:B9D1,Venetoclax,False,False,"{""res"": null, ""rep"": null}"
primary,EXPR_LOW:IPP,Venetoclax,False,False,"{""res"": null, ""rep"": null}"
primary,EXPR_LOW:TRIM32,Venetoclax,False,False,"{""res"": null, ""rep"": null}"
primary,EXPR_LOW:C11orf52,Vinblastine,True,True,"{""res"": {""beta"": -0.7686102984317934, ""r"": -0.2852790466955214, ""p_two"": 1.776387707482368e-09, ""se"": 0.12496527753293027, ""df"": 427, ""n"": 470, ""n_pos"": 192, ""n_neg"": 278, ""dep_sd"": 1.0881916595290795, ""n_broad_ids"": 1}, ""rep"": {""same_sign"": true, ""p_one_sided"": 8.88193853741184e-10, ""d_discovery"": 0.5423379335294524, ""d_holdout"": 0.7063188655244917, ""magnitude_ok"": true, ""replicated"": true}}"
primary,EXPR_LOW:KLK7,Vinblastine,True,True,"{""res"": {""beta"": -0.46986010133460465, ""r"": -0.16629199407009804, ""p_two"": 0.0005434911643902957, ""se"": 0.13483229369714686, ""df"": 427, ""n"": 470, ""n_pos"": 366, ""n_neg"": 104, ""dep_sd"": 1.0881916595290795, ""n_broad_ids"": 1}, ""rep"": {""same_sign"": true, ""p_one_sided"": 0.0002717455821951478, ""d_discovery"": 0.5190216582313939, ""d_holdout"": 0.43178064931864946, ""magnitude_ok"": true, ""replicated"": true}}"
primary,EXPR_LOW:PRSS22,Vinblastine,True,True,"{""res"": {""beta"": -0.6357710237385702, ""r"": -0.22869027862200395, ""p_two"": 1.6974723356657806e-06, ""se"": 0.13097086713149825, ""df"": 427, ""n"": 470, ""n_pos"": 236, ""n_neg"": 234, ""dep_sd"": 1.0881916595290795, ""n_broad_ids"": 1}, ""rep"": {""same_sign"": true, ""p_one_sided"": 8.487361678328903e-07, ""d_discovery"": 0.5092418974027474, ""d_holdout"": 0.5842454480984566, ""magnitude_ok"": true, ""replicated"": true}}"
primary,EXPR_LOW:UPK2,Vinblastine,True,True,"{""res"": {""beta"": -0.5906681468262622, ""r"": -0.22364636533413634, ""p_two"": 2.8953927985236016e-06, ""se"": 0.12457345990042992, ""df"": 427, ""n"": 470, ""n_pos"": 340, ""n_neg"": 130, ""dep_sd"": 1.0881916595290795, ""n_broad_ids"": 1}, ""rep"": {""same_sign"": true, ""p_one_sided"": 1.4476963992618008e-06, ""d_discovery"": 0.506219015344322, ""d_holdout"": 0.5427978992982513, ""magnitude_ok"": true, ""replicated"": true}}"
primary,EXPR_LOW:FAM110C,Vinblastine,True,True,"{""res"": {""beta"": -0.44479694520590124, ""r"": -0.17467016242245362, ""p_two"": 0.0002777093166130984, ""se"": 0.12133912982777567, ""df"": 427, ""n"": 470, ""n_pos"": 199, ""n_neg"": 271, ""dep_sd"": 1.0881916595290795, ""n_broad_ids"": 1}, ""rep"": {""same_sign"": true, ""p_one_sided"": 0.0001388546583065492, ""d_discovery"": 0.4995761894224629, ""d_holdout"": 0.4087487174808796, ""magnitude_ok"": true, ""replicated"": true}}"
primary,EXPR_LOW:TMEM125,Vinblastine,True,True,"{""res"": {""beta"": -0.6531256761246523, ""r"": -0.24765098984123385, ""p_two"": 2.0404736927156296e-07, ""se"": 0.12365138534694901, ""df"": 427, ""n"": 470, ""n_pos"": 260, ""n_neg"": 210, ""dep_sd"": 1.0881916595290795, ""n_broad_ids"": 1}, ""rep"": {""same_sign"": true, ""p_one_sided"": 1.0202368463578148e-07, ""d_discovery"": 0.48238853517169394, ""d_holdout"": 0.6001936059749767, ""magnitude_ok"": true, ""replicated"": true}}"
primary,EXPR_LOW:C11orf52,Vinorelbine,True,False,"{""res"": {""beta"": -0.0653044077497809, ""r"": -0.05489612050823417, ""p_two"": 0.2588003528223315, ""se"": 0.05775309696821215, ""df"": 423, ""n"": 466, ""n_pos"": 193, ""n_neg"": 273, ""dep_sd"": 0.4778353169439979, ""n_broad_ids"": 1}, ""rep"": {""same_sign"": true, ""p_one_sided"": 0.12940017641116575, ""d_discovery"": 0.511055372075554, ""d_holdout"": 0.1366671851872233, ""magnitude_ok"": false, ""replicated"": false}}"
primary,EXPR_LOW:CCDC148,Vinorelbine,True,True,"{""res"": {""beta"": -0.11846160757765913, ""r"": -0.11051590753703355, ""p_two"": 0.022689803687632557, ""se"": 0.05179813564666623, ""df"": 423, ""n"": 466, ""n_pos"": 329, ""n_neg"": 137, ""dep_sd"": 0.4778353169439979, ""n_broad_ids"": 1}, ""rep"": {""same_sign"": true, ""p_one_sided"": 0.011344901843816278, ""d_discovery"": 0.4671534086012398, ""d_holdout"": 0.24791304321179503, ""magnitude_ok"": true, ""replicated"": true}}"
primary,EXPR_LOW:STK32A,Vinorelbine,True,False,"{""res"": {""beta"": -0.08953974414724408, ""r"": -0.0747011697425686, ""p_two"": 0.12414216530981852, ""se"": 0.05811699228821757, ""df"": 423, ""n"": 466, ""n_pos"": 348, ""n_neg"": 118, ""dep_sd"": 0.4778353169439979, ""n_broad_ids"": 1}, ""rep"": {""same_sign"": true, ""p_one_sided"": 0.06207108265490926, ""d_discovery"": 0.4496196805580691, ""d_holdout"": 0.1873861997474291, ""magnitude_ok"": false, ""replicated"": false}}"
primary,EXPR_LOW:TTYH1,Vinorelbine,True,False,"{""res"": {""beta"": 0.041203908904469476, ""r"": 0.040635402310594024, ""p_two"": 0.4033809640886586, ""se"": 0.049261180275749696, ""df"": 423, ""n"": 466, ""n_pos"": 323, ""n_neg"": 143, ""dep_sd"": 0.4778353169439979, ""n_broad_ids"": 1}, ""rep"": {""same_sign"": false, ""p_one_sided"": 0.7983095179556707, ""d_discovery"": 0.4234371561157161, ""d_holdout"": 0.0862303547757617, ""magnitude_ok"": false, ""replicated"": false}}"
primary,EXPR_LOW:LGALS4,Vinorelbine,True,False,"{""res"": {""beta"": -0.07609016715179052, ""r"": -0.06610006947741684, ""p_two"": 0.1737785370372855, ""se"": 0.05584773906366329, ""df"": 423, ""n"": 466, ""n_pos"": 357, ""n_neg"": 109, ""dep_sd"": 0.4778353169439979, ""n_broad_ids"": 1}, ""rep"": {""same_sign"": true, ""p_one_sided"": 0.08688926851864275, ""d_discovery"": 0.4160544880709122, ""d_holdout"": 0.15923931206765168, ""magnitude_ok"": false, ""replicated"": false}}"
primary,EXPR_LOW:TTC39A,Vinorelbine,True,False,"{""res"": {""beta"": 0.009770728900273166, ""r"": 0.009402110367702702, ""p_two"": 0.8467530934115367, ""se"": 0.05052568827300169, ""df"": 423, ""n"": 466, ""n_pos"": 181, ""n_neg"": 285, ""dep_sd"": 0.4778353169439979, ""n_broad_ids"": 1}, ""rep"": {""same_sign"": false, ""p_one_sided"": 0.5766234532942316, ""d_discovery"": 0.40726460379144985, ""d_holdout"": 0.02044790025727272, ""magnitude_ok"": false, ""replicated"": false}}"
primary,EXPR_LOW:SP100,Vorinostat,True,False,"{""res"": {""beta"": 0.019524027212789796, ""r"": 0.021060740009315917, ""p_two"": 0.6617237279301103, ""se"": 0.04459206310393888, ""df"": 432, ""n"": 475, ""n_pos"": 22, ""n_neg"": 453, ""dep_sd"": 0.1716720814002943, ""n_broad_ids"": 2}, ""rep"": {""same_sign"": false, ""p_one_sided"": 0.6691381360349449, ""d_discovery"": 0.6344823625789063, ""d_holdout"": 0.11372861011258366, ""magnitude_ok"": false, ""replicated"": false}}"
primary,EXPR_LOW:GBP3,Vorinostat,True,False,"{""res"": {""beta"": -0.018078023675747523, ""r"": -0.03134297177941198, ""p_two"": 0.5148950815777088, ""se"": 0.027736744079474882, ""df"": 432, ""n"": 475, ""n_pos"": 55, ""n_neg"": 420, ""dep_sd"": 0.1716720814002943, ""n_broad_ids"": 2}, ""rep"": {""same_sign"": true, ""p_one_sided"": 0.2574475407888544, ""d_discovery"": 0.49300198206950585, ""d_holdout"": 0.10530555421876846, ""magnitude_ok"": false, ""replicated"": false}}"
primary,EXPR_LOW:ERAP2,Vorinostat,True,False,"{""res"": {""beta"": -0.0003875388888944564, ""r"": -0.0007183515345714883, ""p_two"": 0.9880943922397492, ""se"": 0.02595591124575035, ""df"": 432, ""n"": 475, ""n_pos"": 57, ""n_neg"": 418, ""dep_sd"": 0.1716720814002943, ""n_broad_ids"": 2}, ""rep"": {""same_sign"": true, ""p_one_sided"": 0.4940471961198746, ""d_discovery"": 0.4511225912503255, ""d_holdout"": 0.0022574368862623463, ""magnitude_ok"": false, ""replicated"": false}}"
primary,EXPR_LOW:IFIT2,Vorinostat,True,False,"{""res"": {""beta"": 0.014628812600045995, ""r"": 0.03381303772942661, ""p_two"": 0.4823143332990907, ""se"": 0.020803413567131706, ""df"": 432, ""n"": 475, ""n_pos"": 104, ""n_neg"": 371, ""dep_sd"": 0.1716720814002943, ""n_broad_ids"": 2}, ""rep"": {""same_sign"": false, ""p_one_sided"": 0.7588428333504547, ""d_discovery"": 0.40058170634225443, ""d_holdout"": 0.08521369625580201, ""magnitude_ok"": false, ""replicated"": false}}"
primary,EXPR_LOW:DDX60,Vorinostat,True,False,"{""res"": {""beta"": -0.018162062972355206, ""r"": -0.040367120171266146, ""p_two"": 0.4015414775003568, ""se"": 0.021629247250559827, ""df"": 432, ""n"": 475, ""n_pos"": 94, ""n_neg"": 381, ""dep_sd"": 0.1716720814002943, ""n_broad_ids"": 2}, ""rep"": {""same_sign"": true, ""p_one_sided"": 0.2007707387501784, ""d_discovery"": 0.39460436508363916, ""d_holdout"": 0.10579508807845135, ""magnitude_ok"": false, ""replicated"": false}}"
primary,EXPR_LOW:APOL6,Vorinostat,True,False,"{""res"": {""beta"": -0.010284752034923253, ""r"": -0.021575523896892174, ""p_two"": 0.6539860695284574, ""se"": 0.022929231315438264, ""df"": 432, ""n"": 475, ""n_pos"": 81, ""n_neg"": 394, ""dep_sd"": 0.1716720814002943, ""n_broad_ids"": 2}, ""rep"": {""same_sign"": true, ""p_one_sided"": 0.3269930347642287, ""d_discovery"": 0.39244513950394944, ""d_holdout"": 0.059909287235481855, ""magnitude_ok"": false, ""replicated"": false}}"
primary,EXPR_LOW:IL18,ZM447439,True,False,"{""res"": {""beta"": -0.024170754410964886, ""r"": -0.0399902842215464, ""p_two"": 0.407591140127885, ""se"": 0.029158120339341065, ""df"": 429, ""n"": 472, ""n_pos"": 114, ""n_neg"": 358, ""dep_sd"": 0.19764795930052884, ""n_broad_ids"": 1}, ""rep"": {""same_sign"": true, ""p_one_sided"": 0.2037955700639425, ""d_discovery"": 0.45611059687750627, ""d_holdout"": 0.1222919502761606, ""magnitude_ok"": false, ""replicated"": false}}"
primary,EXPR_LOW:SMIM6,ZM447439,True,False,"{""res"": {""beta"": 0.012641557728517463, ""r"": 0.025071566739097117, ""p_two"": 0.6037124407343983, ""se"": 0.024336265453563977, ""df"": 429, ""n"": 472, ""n_pos"": 329, ""n_neg"": 143, ""dep_sd"": 0.19764795930052884, ""n_broad_ids"": 1}, ""rep"": {""same_sign"": false, ""p_one_sided"": 0.6981437796328008, ""d_discovery"": 0.4370142134794954, ""d_holdout"": 0.06395997091624735, ""magnitude_ok"": false, ""replicated"": false}}"
primary,EXPR_LOW:C14orf28,ZM447439,True,False,"{""res"": {""beta"": -0.015694025766180418, ""r"": -0.03809119394231194, ""p_two"": 0.43023856667558336, ""se"": 0.01987768634399595, ""df"": 429, ""n"": 472, ""n_pos"": 180, ""n_neg"": 292, ""dep_sd"": 0.19764795930052884, ""n_broad_ids"": 1}, ""rep"": {""same_sign"": true, ""p_one_sided"": 0.21511928333779168, ""d_discovery"": 0.33465500746519, ""d_holdout"": 0.07940393526814636, ""magnitude_ok"": false, ""replicated"": false}}"
placebo,MUT_DAM:UBASH3B,Ruxolitinib,False,False,"{""res"": null, ""rep"": null}"
gold,MUT_HOT:BRAF,Dabrafenib,True,True,"{""res"": {""beta"": -0.5990252175114585, ""r"": -0.4075921367488189, ""p_two"": 7.69104060117374e-19, ""se"": 0.06449472325836621, ""df"": 433, ""n"": 476, ""n_pos"": 49, ""n_neg"": 427, ""dep_sd"": 0.39549764589621306, ""n_broad_ids"": 2}, ""rep"": {""same_sign"": true, ""p_one_sided"": 3.84552030058687e-19, ""d_discovery"": 1.7188133969333492, ""d_holdout"": 1.5146113351801225, ""magnitude_ok"": true, ""replicated"": true}}"
gold,MUT_HOT:BRAF,Trametinib,True,True,"{""res"": {""beta"": -0.25195447775179874, ""r"": -0.09682799249563656, ""p_two"": 0.042823202483048675, ""se"": 0.12403161705562672, ""df"": 436, ""n"": 479, ""n_pos"": 49, ""n_neg"": 430, ""dep_sd"": 0.675521678446252, ""n_broad_ids"": 2}, ""rep"": {""same_sign"": true, ""p_one_sided"": 0.021411601241524338, ""d_discovery"": 0.5801809058096934, ""d_holdout"": 0.3729776346057642, ""magnitude_ok"": true, ""replicated"": true}}"
gold,MUT_HOT:NRAS,Trametinib,True,True,"{""res"": {""beta"": -0.49198308446706973, ""r"": -0.17124361006071195, ""p_two"": 0.000317911255706228, ""se"": 0.13555939245308474, ""df"": 436, ""n"": 479, ""n_pos"": 20, ""n_neg"": 459, ""dep_sd"": 0.675521678446252, ""n_broad_ids"": 2}, ""rep"": {""same_sign"": true, ""p_one_sided"": 0.000158955627853114, ""d_discovery"": 0.6042018029536521, ""d_holdout"": 0.7283009563788773, ""magnitude_ok"": true, ""replicated"": true}}"
gold,MUT_HOT:NRAS,Selumetinib,True,True,"{""res"": {""beta"": -0.28874126750133766, ""r"": -0.1576742279417969, ""p_two"": 0.0009290261618179517, ""se"": 0.08660403517855098, ""df"": 436, ""n"": 479, ""n_pos"": 21, ""n_neg"": 458, ""dep_sd"": 0.41353445496355434, ""n_broad_ids"": 1}, ""rep"": {""same_sign"": true, ""p_one_sided"": 0.00046451308090897587, ""d_discovery"": 0.7034203125962931, ""d_holdout"": 0.6982278357598644, ""magnitude_ok"": true, ""replicated"": true}}"
gold,MUT_HOT:KRAS,Trametinib,True,True,"{""res"": {""beta"": -0.36311517854110187, ""r"": -0.20181836838789274, ""p_two"": 2.0854220967865344e-05, ""se"": 0.0843938405753759, ""df"": 436, ""n"": 479, ""n_pos"": 99, ""n_neg"": 380, ""dep_sd"": 0.675521678446252, ""n_broad_ids"": 2}, ""rep"": {""same_sign"": true, ""p_one_sided"": 1.0427110483932672e-05, ""d_discovery"": 0.44000834922467863, ""d_holdout"": 0.537532976552718, ""magnitude_ok"": true, ""replicated"": true}}"
gold,MUT_HOT:EGFR,Erlotinib,True,True,"{""res"": {""beta"": -0.3426177827748717, ""r"": -0.17991496747827476, ""p_two"": 0.0001533903957551555, ""se"": 0.08971274781634982, ""df"": 436, ""n"": 479, ""n_pos"": 6, ""n_neg"": 473, ""dep_sd"": 0.22833305259732284, ""n_broad_ids"": 2}, ""rep"": {""same_sign"": true, ""p_one_sided"": 7.669519787757775e-05, ""d_discovery"": 0.47223859094396026, ""d_holdout"": 1.5005176818578951, ""magnitude_ok"": true, ""replicated"": true}}"
gold,MUT_HOT:EGFR,Gefitinib,True,True,"{""res"": {""beta"": -0.3942444646550933, ""r"": -0.17645766380516714, ""p_two"": 0.0002278596566504282, ""se"": 0.10605275820939547, ""df"": 430, ""n"": 473, ""n_pos"": 6, ""n_neg"": 467, ""dep_sd"": 0.26748381210367794, ""n_broad_ids"": 2}, ""rep"": {""same_sign"": true, ""p_one_sided"": 0.0001139298283252141, ""d_discovery"": 1.1566757217243422, ""d_holdout"": 1.4739002766353664, ""magnitude_ok"": true, ""replicated"": true}}"
gold,MUT_HOT:EGFR,Afatinib,True,True,"{""res"": {""beta"": -0.4074470994571636, ""r"": -0.11457001753221316, ""p_two"": 0.01669712167079302, ""se"": 0.1695845081880414, ""df"": 434, ""n"": 477, ""n_pos"": 6, ""n_neg"": 471, ""dep_sd"": 0.4490191442952739, ""n_broad_ids"": 2}, ""rep"": {""same_sign"": true, ""p_one_sided"": 0.00834856083539651, ""d_discovery"": 0.5783519882778491, ""d_holdout"": 0.9074158744314639, ""magnitude_ok"": true, ""replicated"": true}}"
gold,MUT_HOT:PIK3CA,Alpelisib,True,True,"{""res"": {""beta"": -0.1226210957744125, ""r"": -0.22788756649674974, ""p_two"": 1.955119192853291e-06, ""se"": 0.025413803688995137, ""df"": 425, ""n"": 468, ""n_pos"": 67, ""n_neg"": 401, ""dep_sd"": 0.17960528623611244, ""n_broad_ids"": 1}, ""rep"": {""same_sign"": true, ""p_one_sided"": 9.775595964266456e-07, ""d_discovery"": 0.9548657942237498, ""d_holdout"": 0.6827254272082646, ""magnitude_ok"": true, ""replicated"": true}}"
gold,MUT_HOT:PIK3CA,Pictilisib,True,False,"{""res"": {""beta"": 0.010534466050237263, ""r"": 0.013514113712415439, ""p_two"": 0.7804157716445805, ""se"": 0.037764218165167555, ""df"": 426, ""n"": 469, ""n_pos"": 69, ""n_neg"": 400, ""dep_sd"": 0.2575884055014208, ""n_broad_ids"": 1}, ""rep"": {""same_sign"": false, ""p_one_sided"": 0.6097921141777097, ""d_discovery"": 0.4908232393102893, ""d_holdout"": 0.04089650708358128, ""magnitude_ok"": false, ""replicated"": false}}"
gold,MUT_HOT:ERBB2,Lapatinib,True,False,"{""res"": {""beta"": -0.007807252591617928, ""r"": -0.006161452059014228, ""p_two"": 0.8976881188698277, ""se"": 0.060682528479526925, ""df"": 436, ""n"": 479, ""n_pos"": 8, ""n_neg"": 471, ""dep_sd"": 0.17905439513071852, ""n_broad_ids"": 2}, ""rep"": {""same_sign"": true, ""p_one_sided"": 0.44884405943491384, ""d_discovery"": 0.49604324144162143, ""d_holdout"": 0.043602686132994666, ""magnitude_ok"": false, ""replicated"": false}}"
gold,MUT_HOT:JAK2,Ruxolitinib,False,False,"{""res"": null, ""rep"": null}"
gold,MUT_HOT:ALK,Crizotinib,False,False,"{""res"": null, ""rep"": null}"
