tile_id	chrom	start	end	siScr_mCh	siLMNA_mCh	dlam_mCh	siScr_DNK	siLMNA_DNK	dlam_DNK	cov_min	tss_count
chr1:0-500000	chr1	0	500000	nan	nan	nan	nan	nan	nan	0.0000	2
chr1:500000-1000000	chr1	500000	1000000	nan	nan	nan	nan	nan	nan	0.0000	6
chr1:1000000-1500000	chr1	1000000	1500000	nan	nan	nan	nan	nan	nan	0.0000	28
chr1:1500000-2000000	chr1	1500000	2000000	nan	nan	nan	nan	nan	nan	0.0000	13
chr1:2000000-2500000	chr1	2000000	2500000	nan	nan	nan	nan	nan	nan	0.0000	9
chr1:2500000-3000000	chr1	2500000	3000000	nan	nan	nan	nan	nan	nan	0.0000	6
chr1:3000000-3500000	chr1	3000000	3500000	0.642596	0.359411	-0.283185	0.298738	0.460444	0.161706	0.9200	3
chr1:3500000-4000000	chr1	3500000	4000000	0.765649	0.434467	-0.331182	0.284993	0.341414	0.0564213	1.0000	10
chr1:4000000-4500000	chr1	4000000	4500000	1.05925	1.22149	0.162243	0.855956	0.953286	0.0973291	1.0000	0
chr1:4500000-5000000	chr1	4500000	5000000	1.16085	1.32998	0.169131	0.735945	0.926495	0.19055	1.0000	1
chr1:5000000-5500000	chr1	5000000	5500000	1.22285	1.43807	0.215215	0.871343	1.19478	0.323434	1.0000	0
chr1:5500000-6000000	chr1	5500000	6000000	1.03878	1.18807	0.149292	0.877512	0.970967	0.0934553	1.0000	1
chr1:6000000-6500000	chr1	6000000	6500000	-0.0959762	-0.375113	-0.279137	-0.362766	-0.31359	0.0491759	1.0000	12
chr1:6500000-7000000	chr1	6500000	7000000	-0.595566	-0.710214	-0.114648	-0.895534	-0.822334	0.0731998	1.0000	8
chr1:7000000-7500000	chr1	7000000	7500000	-0.311613	-0.432359	-0.120746	-0.596694	-0.740588	-0.143894	1.0000	0
chr1:7500000-8000000	chr1	7500000	8000000	-0.760146	-0.790243	-0.0300972	-1.04287	-0.942793	0.100078	1.0000	5
chr1:8000000-8500000	chr1	8000000	8500000	-1.04336	-0.993866	0.0494923	-0.863408	-1.02113	-0.157725	1.0000	2
chr1:8500000-9000000	chr1	8500000	9000000	-1.40931	-1.24677	0.16254	-1.18423	-1.08947	0.0947633	1.0000	3
chr1:9000000-9500000	chr1	9000000	9500000	-0.689301	-0.887655	-0.198354	-1.09445	-1.0137	0.0807523	1.0000	5
chr1:9500000-10000000	chr1	9500000	10000000	-0.845986	-0.988149	-0.142162	-1.31589	-1.10618	0.209708	1.0000	8
chr1:10000000-10500000	chr1	10000000	10500000	-1.2092	-1.09421	0.114989	-1.35747	-1.34567	0.0118021	1.0000	7
chr1:10500000-11000000	chr1	10500000	11000000	-0.641459	-0.813138	-0.171679	-0.948288	-0.823499	0.124789	1.0000	2
chr1:11000000-11500000	chr1	11000000	11500000	-0.179119	-0.55488	-0.375761	-0.545121	-0.783592	-0.238471	1.0000	8
chr1:11500000-12000000	chr1	11500000	12000000	-0.406972	-0.719887	-0.312915	-0.723865	-0.768904	-0.0450391	1.0000	15
chr1:12000000-12500000	chr1	12000000	12500000	-0.475068	-0.420634	0.0544348	-0.403143	-0.642189	-0.239046	1.0000	4
chr1:12500000-13000000	chr1	12500000	13000000	0.557833	0.623763	0.0659306	0.394897	0.400273	0.00537602	0.9000	13
chr1:13000000-13500000	chr1	13000000	13500000	1.03336	1.13254	0.0991824	0.797487	0.94998	0.152493	0.9800	17
chr1:13500000-14000000	chr1	13500000	14000000	0.938749	0.837102	-0.101648	0.781993	0.628463	-0.153531	1.0000	3
chr1:14000000-14500000	chr1	14000000	14500000	0.824798	0.991428	0.16663	0.666512	0.706128	0.0396161	1.0000	0
chr1:14500000-15000000	chr1	14500000	15000000	0.579451	0.225582	-0.353869	0.339662	0.0659482	-0.273714	1.0000	1
chr1:15000000-15500000	chr1	15000000	15500000	-0.213628	-0.270568	-0.05694	-0.317819	-0.444867	-0.127048	1.0000	6
chr1:15500000-16000000	chr1	15500000	16000000	-1.02445	-1.05786	-0.0334069	-1.19628	-1.05014	0.146143	1.0000	12
chr1:16000000-16500000	chr1	16000000	16500000	-0.941549	-0.9251	0.0164496	-1.08632	-1.01227	0.0740518	1.0000	12
chr1:16500000-17000000	chr1	16500000	17000000	-0.64714	-0.797159	-0.150019	-1.05177	-1.23281	-0.181039	0.8800	8
chr1:17000000-17500000	chr1	17000000	17500000	-0.296289	-0.737123	-0.440835	-0.777469	-0.824217	-0.0467481	1.0000	8
chr1:17500000-18000000	chr1	17500000	18000000	0.524844	0.32751	-0.197334	0.0507257	-0.0987049	-0.149431	1.0000	2
chr1:18000000-18500000	chr1	18000000	18500000	0.729354	0.74951	0.0201564	0.491618	0.417691	-0.0739272	1.0000	2
chr1:18500000-19000000	chr1	18500000	19000000	0.27539	0.119971	-0.15542	-0.0664701	-0.0544423	0.0120278	1.0000	4
chr1:19000000-19500000	chr1	19000000	19500000	-0.675444	-0.735538	-0.0600938	-0.884128	-1.09349	-0.209363	1.0000	7
chr1:19500000-20000000	chr1	19500000	20000000	-0.324472	-0.63354	-0.309068	-0.918764	-1.06257	-0.143805	1.0000	8
chr1:20000000-20500000	chr1	20000000	20500000	-0.0471828	-0.193052	-0.145869	-0.273812	-0.536537	-0.262725	1.0000	7
chr1:20500000-21000000	chr1	20500000	21000000	-1.06943	-0.95733	0.112104	-1.39446	-1.1776	0.216861	1.0000	8
chr1:21000000-21500000	chr1	21000000	21500000	-1.00073	-1.16992	-0.169188	-1.29003	-1.2291	0.0609344	1.0000	3
chr1:21500000-22000000	chr1	21500000	22000000	-0.928393	-0.902748	0.0256443	-1.08297	-1.01988	0.0630878	1.0000	6
chr1:22000000-22500000	chr1	22000000	22500000	-0.882665	-0.787156	0.0955092	-1.17638	-1.18512	-0.00873751	1.0000	4
chr1:22500000-23000000	chr1	22500000	23000000	-0.848562	-0.849316	-0.000754839	-0.923286	-1.05097	-0.127685	1.0000	6
chr1:23000000-23500000	chr1	23000000	23500000	-1.33032	-1.22111	0.109216	-1.11548	-1.15687	-0.0413868	1.0000	8
chr1:23500000-24000000	chr1	23500000	24000000	-1.15633	-1.07167	0.0846527	-1.11838	-1.26313	-0.144743	1.0000	12
chr1:24000000-24500000	chr1	24000000	24500000	-0.990325	-0.893323	0.0970021	-1.21885	-1.12889	0.0899532	1.0000	6
chr1:24500000-25000000	chr1	24500000	25000000	-1.24297	-1.2293	0.0136775	-1.26783	-1.31016	-0.042332	1.0000	5
chr1:25000000-25500000	chr1	25000000	25500000	-1.04779	-1.08692	-0.0391329	-1.23886	-1.31527	-0.0764112	1.0000	6
chr1:25500000-26000000	chr1	25500000	26000000	-0.94522	-0.950335	-0.00511445	-1.29241	-1.08795	0.204461	1.0000	8
chr1:26000000-26500000	chr1	26000000	26500000	-0.977814	-1.05875	-0.0809356	-1.32204	-1.30104	0.0209995	1.0000	19
chr1:26500000-27000000	chr1	26500000	27000000	-1.24118	-1.05758	0.1836	-1.21166	-1.15346	0.0581984	1.0000	11
chr1:27000000-27500000	chr1	27000000	27500000	-0.989696	-0.879844	0.109852	-1.0976	-1.14496	-0.0473614	1.0000	10
chr1:27500000-28000000	chr1	27500000	28000000	-1.03288	-1.02509	0.00778669	-1.08104	-1.26604	-0.185004	1.0000	10
chr1:28000000-28500000	chr1	28000000	28500000	-1.35383	-1.21546	0.138373	-1.41614	-1.21186	0.204278	1.0000	7
chr1:28500000-29000000	chr1	28500000	29000000	-0.984707	-0.813083	0.171623	-1.05555	-1.15439	-0.0988415	1.0000	9
chr1:29000000-29500000	chr1	29000000	29500000	-0.0991246	-0.270622	-0.171498	-0.451678	-0.603851	-0.152173	1.0000	4
chr1:29500000-30000000	chr1	29500000	30000000	0.498988	0.235735	-0.263254	0.0803309	0.0104251	-0.0699058	1.0000	0
chr1:30000000-30500000	chr1	30000000	30500000	0.645421	0.461695	-0.183726	0.251878	0.174939	-0.0769383	1.0000	0
chr1:30500000-31000000	chr1	30500000	31000000	-0.22392	-0.305974	-0.0820537	-0.497994	-0.586477	-0.0884828	1.0000	3
chr1:31000000-31500000	chr1	31000000	31500000	-0.936134	-0.825295	0.110839	-1.02563	-1.31422	-0.288583	1.0000	6
chr1:31500000-32000000	chr1	31500000	32000000	-0.97835	-0.846894	0.131456	-1.2582	-1.11215	0.146056	1.0000	8
chr1:32000000-32500000	chr1	32000000	32500000	-0.713432	-0.822259	-0.108827	-1.1124	-1.23426	-0.121864	1.0000	17
chr1:32500000-33000000	chr1	32500000	33000000	-0.886374	-0.854003	0.0323708	-0.979302	-0.988804	-0.00950197	1.0000	11
chr1:33000000-33500000	chr1	33000000	33500000	-0.319609	-0.505173	-0.185564	-0.695505	-0.80691	-0.111405	1.0000	7
chr1:33500000-34000000	chr1	33500000	34000000	0.541349	0.258377	-0.282972	0.331828	-0.0666474	-0.398475	1.0000	1
chr1:34000000-34500000	chr1	34000000	34500000	0.69999	0.332076	-0.367915	0.342538	0.0518187	-0.290719	1.0000	2
chr1:34500000-35000000	chr1	34500000	35000000	0.425159	0.205714	-0.219445	0.0503255	-0.0267111	-0.0770366	1.0000	7
chr1:35000000-35500000	chr1	35000000	35500000	-0.828326	-0.852981	-0.0246556	-0.793822	-0.987371	-0.193549	1.0000	4
chr1:35500000-36000000	chr1	35500000	36000000	-0.695287	-0.806708	-0.11142	-1.01336	-1.06614	-0.0527818	1.0000	9
chr1:36000000-36500000	chr1	36000000	36500000	-0.726981	-0.598018	0.128963	-0.938728	-0.898147	0.0405804	1.0000	13
chr1:36500000-37000000	chr1	36500000	37000000	1.38873	1.18555	-0.203186	0.814793	0.886352	0.0715591	1.0000	0
chr1:37000000-37500000	chr1	37000000	37500000	1.12626	1.14684	0.0205816	0.757883	0.807411	0.0495282	1.0000	2
chr1:37500000-38000000	chr1	37500000	38000000	0.0510288	-0.0991473	-0.150176	-0.274556	-0.325713	-0.0511572	1.0000	14
chr1:38000000-38500000	chr1	38000000	38500000	0.827133	0.969619	0.142486	0.73885	0.616995	-0.121855	1.0000	3
chr1:38500000-39000000	chr1	38500000	39000000	0.296751	0.375024	0.078273	0.169559	0.097298	-0.0722611	1.0000	5
chr1:39000000-39500000	chr1	39000000	39500000	-1.1323	-0.945765	0.186531	-1.17925	-1.23277	-0.0535206	1.0000	3
chr1:39500000-40000000	chr1	39500000	40000000	-0.882876	-0.850522	0.032354	-1.14371	-1.17368	-0.0299631	1.0000	10
chr1:40000000-40500000	chr1	40000000	40500000	-1.18713	-1.16147	0.0256588	-1.35944	-1.24679	0.11265	1.0000	9
chr1:40500000-41000000	chr1	40500000	41000000	-0.93238	-0.986966	-0.0545864	-1.00784	-1.05187	-0.044035	1.0000	7
chr1:41000000-41500000	chr1	41000000	41500000	-0.734489	-0.894024	-0.159535	-0.994407	-1.01731	-0.0229001	1.0000	4
chr1:41500000-42000000	chr1	41500000	42000000	-0.617271	-0.637609	-0.0203377	-0.842917	-0.997484	-0.154566	1.0000	2
chr1:42000000-42500000	chr1	42000000	42500000	-0.841773	-0.742962	0.0988108	-1.01125	-1.06506	-0.0538113	1.0000	7
chr1:42500000-43000000	chr1	42500000	43000000	-0.854301	-0.765869	0.0884322	-0.901549	-1.10768	-0.206134	1.0000	10
chr1:43000000-43500000	chr1	43000000	43500000	-0.722818	-0.79448	-0.0716624	-1.22923	-1.14062	0.0886154	1.0000	12
chr1:43500000-44000000	chr1	43500000	44000000	-0.764716	-0.884355	-0.119639	-1.13242	-1.14154	-0.00911325	1.0000	9
chr1:44000000-44500000	chr1	44000000	44500000	-0.554307	-0.67381	-0.119503	-0.758527	-1.08469	-0.326168	1.0000	6
chr1:44500000-45000000	chr1	44500000	45000000	-0.404145	-0.679526	-0.275381	-0.620167	-0.927196	-0.307029	1.0000	12
chr1:45000000-45500000	chr1	45000000	45500000	-0.390833	-0.56101	-0.170176	-0.405896	-0.844206	-0.438309	1.0000	7
chr1:45500000-46000000	chr1	45500000	46000000	-1.06952	-1.20605	-0.136524	-1.1448	-1.17553	-0.0307317	1.0000	10
chr1:46000000-46500000	chr1	46000000	46500000	-0.531732	-0.507898	0.0238346	-0.716108	-0.879737	-0.163629	1.0000	11
chr1:46500000-47000000	chr1	46500000	47000000	0.795435	0.847104	0.0516694	0.63011	0.600413	-0.0296978	1.0000	9
chr1:47000000-47500000	chr1	47000000	47500000	0.697604	0.710687	0.013083	0.514425	0.502964	-0.0114607	1.0000	9
chr1:47500000-48000000	chr1	47500000	48000000	1.4144	1.50109	0.0866837	1.00314	1.07456	0.0714195	1.0000	1
chr1:48000000-48500000	chr1	48000000	48500000	1.27199	1.5118	0.239812	1.37581	1.35827	-0.0175468	1.0000	2
chr1:48500000-49000000	chr1	48500000	49000000	1.43138	1.84841	0.417026	1.32927	1.29162	-0.0376425	1.0000	1
chr1:49000000-49500000	chr1	49000000	49500000	1.25324	1.48136	0.228115	1.14279	1.52264	0.379848	1.0000	0
chr1:49500000-50000000	chr1	49500000	50000000	0.992712	1.48998	0.497266	1.15132	1.34252	0.191205	1.0000	0
chr1:50000000-50500000	chr1	50000000	50500000	1.09147	1.36944	0.277965	0.93255	1.04706	0.114515	1.0000	3
chr1:50500000-51000000	chr1	50500000	51000000	0.176741	0.0503372	-0.126403	0.46908	0.438002	-0.0310779	1.0000	2
chr1:51000000-51500000	chr1	51000000	51500000	-0.365048	-0.47476	-0.109712	-0.299922	-0.448507	-0.148586	1.0000	3
chr1:51500000-52000000	chr1	51500000	52000000	-1.14792	-0.962772	0.185149	-1.00593	-1.09807	-0.09214	1.0000	4
chr1:52000000-52500000	chr1	52000000	52500000	-1.09363	-1.02271	0.0709183	-1.13856	-1.23364	-0.0950803	1.0000	7
chr1:52500000-53000000	chr1	52500000	53000000	-0.923808	-0.852049	0.0717589	-1.08588	-1.29485	-0.20897	1.0000	8
chr1:53000000-53500000	chr1	53000000	53500000	-0.730789	-0.742501	-0.0117123	-0.951868	-0.984131	-0.0322627	1.0000	7
chr1:53500000-54000000	chr1	53500000	54000000	-0.933576	-0.876148	0.0574281	-1.04603	-1.18462	-0.138591	1.0000	6
chr1:54000000-54500000	chr1	54000000	54500000	-0.49878	-0.518432	-0.0196522	-0.829731	-0.974302	-0.144571	1.0000	7
chr1:54500000-55000000	chr1	54500000	55000000	-0.565949	-0.574373	-0.00842364	-0.493933	-0.856818	-0.362885	1.0000	10
chr1:55000000-55500000	chr1	55000000	55500000	-0.460666	-0.432029	0.0286368	-0.51151	-0.865716	-0.354206	1.0000	2
chr1:55500000-56000000	chr1	55500000	56000000	-0.189462	0.150467	0.339929	-0.114588	-0.155013	-0.040425	1.0000	0
chr1:56000000-56500000	chr1	56000000	56500000	0.148341	0.0590219	-0.0893191	-0.0351098	-0.195691	-0.160581	1.0000	0
chr1:56500000-57000000	chr1	56500000	57000000	-0.191026	0.074431	0.265457	-0.191337	-0.0514682	0.139869	1.0000	5
chr1:57000000-57500000	chr1	57000000	57500000	0.57071	0.965783	0.395073	0.50383	0.537822	0.033992	1.0000	1
chr1:57500000-58000000	chr1	57500000	58000000	0.714809	0.943976	0.229167	0.654832	0.696708	0.0418767	1.0000	0
chr1:58000000-58500000	chr1	58000000	58500000	0.601838	0.928649	0.326811	0.68769	0.677877	-0.0098122	1.0000	0
chr1:58500000-59000000	chr1	58500000	59000000	-0.647451	-0.566076	0.081375	-0.437393	-0.841314	-0.403922	1.0000	4
chr1:59000000-59500000	chr1	59000000	59500000	-0.699945	-0.554852	0.145092	-0.510873	-0.785833	-0.27496	1.0000	1
chr1:59500000-60000000	chr1	59500000	60000000	-0.0854557	-0.0896343	-0.00417859	-0.253944	-0.1881	0.0658443	1.0000	2
chr1:60000000-60500000	chr1	60000000	60500000	0.380336	0.842714	0.462378	0.433991	0.699567	0.265576	1.0000	1
chr1:60500000-61000000	chr1	60500000	61000000	0.736598	1.01482	0.278226	0.628104	0.836936	0.208832	1.0000	0
chr1:61000000-61500000	chr1	61000000	61500000	0.0554386	0.311129	0.255691	0.168195	0.459447	0.291251	1.0000	1
chr1:61500000-62000000	chr1	61500000	62000000	0.357774	0.374718	0.0169438	0.467438	0.328593	-0.138845	1.0000	2
chr1:62000000-62500000	chr1	62000000	62500000	0.112915	0.128932	0.0160176	0.228246	0.0032406	-0.225005	1.0000	3
chr1:62500000-63000000	chr1	62500000	63000000	-0.170979	-0.292957	-0.121978	-0.0400374	0.112842	0.15288	1.0000	3
chr1:63000000-63500000	chr1	63000000	63500000	0.384529	0.449971	0.065442	0.326545	0.372387	0.0458418	1.0000	2
chr1:63500000-64000000	chr1	63500000	64000000	-0.786196	-0.642844	0.143352	-0.594137	-0.844782	-0.250645	1.0000	4
chr1:64000000-64500000	chr1	64000000	64500000	-0.513792	-0.547981	-0.0341895	-0.267001	-0.809716	-0.542714	1.0000	2
chr1:64500000-65000000	chr1	64500000	65000000	-0.569356	-0.388208	0.181149	-0.33372	-0.483212	-0.149492	1.0000	2
chr1:65000000-65500000	chr1	65000000	65500000	-0.121103	0.0768264	0.197929	0.0102897	-0.10188	-0.112169	1.0000	4
chr1:65500000-66000000	chr1	65500000	66000000	0.112768	0.188042	0.0752748	0.16494	0.307996	0.143056	1.0000	1
chr1:66000000-66500000	chr1	66000000	66500000	-0.307143	-0.165335	0.141809	-0.134821	-0.00829987	0.126521	1.0000	0
chr1:66500000-67000000	chr1	66500000	67000000	-0.905255	-0.807735	0.0975197	-0.597963	-0.494296	0.103667	1.0000	5
chr1:67000000-67500000	chr1	67000000	67500000	-0.650066	-0.562379	0.087687	-0.683351	-0.891967	-0.208615	1.0000	5
chr1:67500000-68000000	chr1	67500000	68000000	-0.793537	-0.740824	0.0527133	-0.686396	-0.845398	-0.159002	1.0000	2
chr1:68000000-68500000	chr1	68000000	68500000	-0.774268	-0.6435	0.130768	-0.711194	-0.609838	0.101356	1.0000	4
chr1:68500000-69000000	chr1	68500000	69000000	0.419965	0.534144	0.114179	0.591088	0.569616	-0.0214719	1.0000	0
chr1:69000000-69500000	chr1	69000000	69500000	0.283753	0.393702	0.109949	0.449482	0.683412	0.23393	1.0000	0
chr1:69500000-70000000	chr1	69500000	70000000	-0.147662	-0.0558209	0.0918412	0.270895	0.324366	0.0534715	1.0000	1
chr1:70000000-70500000	chr1	70000000	70500000	-0.687589	-0.526545	0.161044	-0.21409	-0.204468	0.00962243	1.0000	4
chr1:70500000-71000000	chr1	70500000	71000000	0.828366	1.27575	0.447383	1.01094	1.18132	0.170376	1.0000	0
chr1:71000000-71500000	chr1	71000000	71500000	0.864245	1.12187	0.257625	1.07	1.24799	0.177993	1.0000	2
chr1:71500000-72000000	chr1	71500000	72000000	0.30737	0.528059	0.220689	0.586772	1.08667	0.499897	1.0000	0
chr1:72000000-72500000	chr1	72000000	72500000	-0.134235	0.0431951	0.17743	0.137546	0.511425	0.373879	1.0000	1
chr1:72500000-73000000	chr1	72500000	73000000	0.33946	0.448334	0.108874	0.448126	0.905886	0.457759	1.0000	0
chr1:73000000-73500000	chr1	73000000	73500000	0.382355	0.840695	0.45834	0.80199	1.38102	0.57903	1.0000	0
chr1:73500000-74000000	chr1	73500000	74000000	0.441917	0.734947	0.29303	0.65157	0.999361	0.347791	1.0000	0
chr1:74000000-74500000	chr1	74000000	74500000	0.364101	0.708869	0.344767	0.486363	1.03209	0.54573	1.0000	3
chr1:74500000-75000000	chr1	74500000	75000000	1.07886	1.00313	-0.0757296	0.97605	1.16959	0.193536	1.0000	4
chr1:75000000-75500000	chr1	75000000	75500000	0.873304	1.13783	0.264522	1.10288	1.45214	0.349259	1.0000	1
chr1:75500000-76000000	chr1	75500000	76000000	0.674881	0.687732	0.0128506	0.824148	0.923481	0.0993332	1.0000	5
chr1:76000000-76500000	chr1	76000000	76500000	0.853072	1.07764	0.224569	0.873794	0.899862	0.0260674	1.0000	1
chr1:76500000-77000000	chr1	76500000	77000000	0.879706	1.23162	0.35191	1.06649	1.17891	0.112422	1.0000	1
chr1:77000000-77500000	chr1	77000000	77500000	0.103636	0.000982165	-0.102654	0.370929	0.180729	-0.1902	1.0000	2
chr1:77500000-78000000	chr1	77500000	78000000	-1.02496	-0.943444	0.0815137	-0.724875	-0.636462	0.0884129	1.0000	5
chr1:78000000-78500000	chr1	78000000	78500000	-0.181206	-0.15888	0.0223266	-0.204207	-0.0802259	0.123981	1.0000	3
chr1:78500000-79000000	chr1	78500000	79000000	0.136681	-0.223132	-0.359813	0.157981	0.177523	0.0195426	1.0000	2
chr1:79000000-79500000	chr1	79000000	79500000	0.122706	-0.0829634	-0.20567	0.169351	0.34774	0.178389	1.0000	1
chr1:79500000-80000000	chr1	79500000	80000000	0.124958	0.288504	0.163546	0.520493	0.617228	0.0967353	1.0000	0
chr1:80000000-80500000	chr1	80000000	80500000	-0.0434213	0.275429	0.31885	0.601978	0.522551	-0.0794268	1.0000	0
chr1:80500000-81000000	chr1	80500000	81000000	-0.0741019	0.275509	0.349611	0.381267	0.413838	0.0325705	1.0000	0
chr1:81000000-81500000	chr1	81000000	81500000	-0.330245	-0.267728	0.0625169	-0.13496	-0.188289	-0.0533292	1.0000	0
chr1:81500000-82000000	chr1	81500000	82000000	-0.576656	-0.974881	-0.398224	-0.302922	-0.504945	-0.202023	1.0000	1
chr1:82000000-82500000	chr1	82000000	82500000	-0.172315	0.0534834	0.225799	-0.04063	0.112865	0.153495	1.0000	0
chr1:82500000-83000000	chr1	82500000	83000000	-0.0514666	0.149842	0.201309	0.20712	0.274569	0.0674494	1.0000	0
chr1:83000000-83500000	chr1	83000000	83500000	0.0982733	0.153774	0.0555004	0.271766	0.251544	-0.0202218	1.0000	0
chr1:83500000-84000000	chr1	83500000	84000000	0.1968	0.179816	-0.0169846	0.0909765	0.0612723	-0.0297042	1.0000	1
chr1:84000000-84500000	chr1	84000000	84500000	-0.892433	-1.10654	-0.214102	-0.527017	-0.652898	-0.125881	1.0000	4
chr1:84500000-85000000	chr1	84500000	85000000	-0.662742	-0.613417	0.049325	-0.750285	-0.708185	0.0420994	1.0000	6
chr1:85000000-85500000	chr1	85000000	85500000	-0.825796	-0.953847	-0.128051	-0.489681	-0.564622	-0.0749417	1.0000	6
chr1:85500000-86000000	chr1	85500000	86000000	-0.576376	-0.694118	-0.117742	-0.428205	-0.264804	0.163401	1.0000	2
chr1:86000000-86500000	chr1	86000000	86500000	-0.100754	-0.0434758	0.0572785	0.108247	0.233426	0.125179	1.0000	4
chr1:86500000-87000000	chr1	86500000	87000000	-0.445476	-0.409493	0.0359835	-0.0912601	-0.121292	-0.0300322	1.0000	4
chr1:87000000-87500000	chr1	87000000	87500000	0.0432241	0.204596	0.161372	0.181112	0.0872797	-0.0938319	1.0000	1
chr1:87500000-88000000	chr1	87500000	88000000	0.0395006	0.174078	0.134577	0.0518127	0.284188	0.232375	1.0000	0
chr1:88000000-88500000	chr1	88000000	88500000	0.418635	0.588316	0.169681	0.443541	0.6011	0.157559	1.0000	0
chr1:88500000-89000000	chr1	88500000	89000000	-0.311277	-0.299035	0.0122418	0.0349361	0.113546	0.0786103	1.0000	4
chr1:89000000-89500000	chr1	89000000	89500000	0.558645	0.682151	0.123507	0.577493	0.838594	0.261101	1.0000	7
chr1:89500000-90000000	chr1	89500000	90000000	-0.248382	-0.415299	-0.166917	-0.123653	-0.232312	-0.10866	1.0000	5
chr1:90000000-90500000	chr1	90000000	90500000	0.662878	0.87533	0.212453	0.765588	1.03106	0.265472	1.0000	0
chr1:90500000-91000000	chr1	90500000	91000000	0.332802	0.679532	0.34673	0.600588	0.681894	0.0813066	1.0000	1
chr1:91000000-91500000	chr1	91000000	91500000	0.88801	0.937732	0.0497222	0.784231	0.755468	-0.0287627	0.9800	2
chr1:91500000-92000000	chr1	91500000	92000000	-0.0869223	0.0234119	0.110334	-0.0119962	-0.239491	-0.227495	1.0000	3
chr1:92000000-92500000	chr1	92000000	92500000	-0.101812	-0.335394	-0.233582	0.0429559	-0.231477	-0.274432	1.0000	7
chr1:92500000-93000000	chr1	92500000	93000000	-0.845401	-0.85092	-0.00551916	-0.686497	-0.929932	-0.243435	1.0000	3
chr1:93000000-93500000	chr1	93000000	93500000	-1.1741	-1.17558	-0.00147781	-1.16686	-1.08315	0.0837183	1.0000	5
chr1:93500000-94000000	chr1	93500000	94000000	-0.871799	-0.724447	0.147352	-0.815779	-0.800789	0.0149895	1.0000	3
chr1:94000000-94500000	chr1	94000000	94500000	-1.15076	-0.903689	0.24707	-1.14617	-0.948469	0.197703	1.0000	3
chr1:94500000-95000000	chr1	94500000	95000000	-0.739488	-0.87799	-0.138502	-0.866549	-1.02466	-0.158115	1.0000	3
chr1:95000000-95500000	chr1	95000000	95500000	0.207063	0.252028	0.0449649	0.268487	0.285861	0.0173744	1.0000	3
chr1:95500000-96000000	chr1	95500000	96000000	0.647794	0.896295	0.2485	0.806996	0.969738	0.162741	1.0000	0
chr1:96000000-96500000	chr1	96000000	96500000	-0.0484731	0.127635	0.176108	0.136363	0.00820052	-0.128162	1.0000	0
chr1:96500000-97000000	chr1	96500000	97000000	-0.386235	-0.515312	-0.129077	-0.207139	-0.265593	-0.0584549	1.0000	1
chr1:97000000-97500000	chr1	97000000	97500000	-0.346819	-0.464899	-0.11808	-0.200171	-0.172453	0.0277176	1.0000	0
chr1:97500000-98000000	chr1	97500000	98000000	-0.8512	-0.943194	-0.0919939	-0.162795	-0.368349	-0.205554	1.0000	1
chr1:98000000-98500000	chr1	98000000	98500000	-0.732682	-0.695898	0.0367837	-0.231717	-0.468434	-0.236717	1.0000	0
chr1:98500000-99000000	chr1	98500000	99000000	0.447089	0.63818	0.19109	0.659246	0.705867	0.046621	1.0000	1
chr1:99000000-99500000	chr1	99000000	99500000	0.497403	0.56501	0.0676074	0.585618	0.555434	-0.030184	1.0000	2
chr1:99500000-100000000	chr1	99500000	100000000	-0.185333	-0.329289	-0.143955	1.39479e-05	-0.2401	-0.240114	1.0000	4
chr1:100000000-100500000	chr1	100000000	100500000	-0.267334	-0.554571	-0.287237	-0.129932	-0.306604	-0.176672	1.0000	7
chr1:100500000-101000000	chr1	100500000	101000000	-0.359041	-0.571749	-0.212708	-0.335369	-0.342917	-0.00754892	1.0000	4
chr1:101000000-101500000	chr1	101000000	101500000	-0.401377	-0.407509	-0.006132	-0.104549	-0.278932	-0.174384	1.0000	2
chr1:101500000-102000000	chr1	101500000	102000000	0.537172	0.790314	0.253141	0.82874	1.12311	0.29437	1.0000	1
chr1:102000000-102500000	chr1	102000000	102500000	0.468569	0.697902	0.229333	0.719855	1.27433	0.554477	1.0000	0
chr1:102500000-103000000	chr1	102500000	103000000	-0.101878	-0.154595	-0.0527171	0.138116	0.294358	0.156243	1.0000	0
chr1:103000000-103500000	chr1	103000000	103500000	-0.329075	-0.120079	0.208996	0.130329	0.451566	0.321237	1.0000	1
chr1:103500000-104000000	chr1	103500000	104000000	0.183285	0.710253	0.526967	0.793488	1.33017	0.53668	0.6600	6
chr1:104000000-104500000	chr1	104000000	104500000	0.636972	0.722292	0.0853198	0.819738	1.27152	0.451785	1.0000	0
chr1:104500000-105000000	chr1	104500000	105000000	0.278685	0.664255	0.38557	0.784924	1.13124	0.346313	1.0000	0
chr1:105000000-105500000	chr1	105000000	105500000	0.298807	0.488312	0.189505	0.535051	1.33623	0.801178	1.0000	0
chr1:105500000-106000000	chr1	105500000	106000000	0.381642	0.416707	0.0350655	0.401503	1.22807	0.826563	1.0000	0
chr1:106000000-106500000	chr1	106000000	106500000	0.638673	0.870057	0.231384	0.784437	1.33419	0.549755	1.0000	0
chr1:106500000-107000000	chr1	106500000	107000000	0.719124	0.819905	0.100781	0.69579	0.931981	0.236191	1.0000	0
chr1:107000000-107500000	chr1	107000000	107500000	0.800053	0.906512	0.106459	0.822095	1.02435	0.202259	1.0000	2
chr1:107500000-108000000	chr1	107500000	108000000	0.77722	0.762355	-0.0148645	0.725766	0.814547	0.0887815	1.0000	1
chr1:108000000-108500000	chr1	108000000	108500000	0.751753	0.577101	-0.174652	0.485	0.466285	-0.0187144	1.0000	3
chr1:108500000-109000000	chr1	108500000	109000000	-0.344607	-0.441161	-0.0965543	-0.470763	-0.409698	0.0610658	1.0000	8
chr1:109000000-109500000	chr1	109000000	109500000	-0.604618	-0.925781	-0.321163	-0.747528	-0.832886	-0.0853583	1.0000	14
chr1:109500000-110000000	chr1	109500000	110000000	-0.68692	-0.730151	-0.0432308	-0.818371	-0.975717	-0.157347	1.0000	13
chr1:110000000-110500000	chr1	110000000	110500000	0.055737	-0.166398	-0.222135	-0.50259	-0.40211	0.10048	1.0000	9
chr1:110500000-111000000	chr1	110500000	111000000	0.8827	1.12883	0.246125	0.841761	0.848012	0.00625173	1.0000	5
chr1:111000000-111500000	chr1	111000000	111500000	0.53213	0.455647	-0.0764829	0.570518	0.480053	-0.0904655	1.0000	10
chr1:111500000-112000000	chr1	111500000	112000000	0.217198	0.180321	-0.0368766	0.205207	0.159084	-0.0461234	1.0000	6
chr1:112000000-112500000	chr1	112000000	112500000	0.328592	0.47764	0.149048	0.186949	-0.00404882	-0.190998	1.0000	1
chr1:112500000-113000000	chr1	112500000	113000000	-0.79018	-0.739216	0.0509645	-0.836125	-0.996576	-0.160452	1.0000	8
chr1:113000000-113500000	chr1	113000000	113500000	-0.404096	-0.314875	0.0892208	-0.408707	-0.443439	-0.0347314	1.0000	2
chr1:113500000-114000000	chr1	113500000	114000000	-0.708153	-0.759726	-0.0515732	-0.0797487	-0.632246	-0.552497	1.0000	8
chr1:114000000-114500000	chr1	114000000	114500000	0.450814	0.0252319	-0.425582	0.218019	-0.0539889	-0.272008	1.0000	1
chr1:114500000-115000000	chr1	114500000	115000000	-0.158349	-0.297204	-0.138855	-0.0214034	-0.11401	-0.0926067	1.0000	8
chr1:115000000-115500000	chr1	115000000	115500000	-0.258157	-0.522013	-0.263856	-0.304899	-0.553225	-0.248326	1.0000	3
chr1:115500000-116000000	chr1	115500000	116000000	0.265782	0.0670204	-0.198762	0.0104203	-0.185621	-0.196042	1.0000	4
chr1:116000000-116500000	chr1	116000000	116500000	0.0940811	-0.0208928	-0.114974	0.12247	-0.0533067	-0.175777	1.0000	2
chr1:116500000-117000000	chr1	116500000	117000000	-0.163786	-0.221922	-0.058136	-0.387931	-0.50837	-0.120439	1.0000	4
chr1:117000000-117500000	chr1	117000000	117500000	-0.350745	-0.39747	-0.0467244	-0.489484	-0.463358	0.0261262	1.0000	5
chr1:117500000-118000000	chr1	117500000	118000000	0.261965	-0.106392	-0.368357	0.0135197	-0.0165052	-0.0300249	1.0000	3
chr1:118000000-118500000	chr1	118000000	118500000	0.647908	0.914608	0.266701	0.552174	1.0303	0.478129	1.0000	1
chr1:118500000-119000000	chr1	118500000	119000000	0.830806	1.06421	0.233407	0.621993	0.891176	0.269184	1.0000	1
chr1:119000000-119500000	chr1	119000000	119500000	0.741637	0.660822	-0.0808151	0.662775	0.525008	-0.137767	1.0000	3
chr1:119500000-120000000	chr1	119500000	120000000	-0.359906	-0.385764	-0.0258582	-0.32534	-0.401298	-0.0759582	1.0000	6
chr1:120000000-120500000	chr1	120000000	120500000	-1.07843	-0.828994	0.249436	-0.904783	-1.0236	-0.118818	1.0000	3
chr1:120500000-121000000	chr1	120500000	121000000	-0.917229	-0.660009	0.25722	-0.711995	-0.758398	-0.0464023	1.0000	3
chr1:121000000-121500000	chr1	121000000	121500000	-0.580814	-0.313184	0.267629	-0.181421	-0.100242	0.0811788	1.0000	2
chr1:121500000-122000000	chr1	121500000	122000000	nan	nan	nan	nan	nan	nan	0.2000	0
chr1:122000000-122500000	chr1	122000000	122500000	nan	nan	nan	nan	nan	nan	0.0000	0
chr1:122500000-123000000	chr1	122500000	123000000	nan	nan	nan	nan	nan	nan	0.0000	0
chr1:123000000-123500000	chr1	123000000	123500000	nan	nan	nan	nan	nan	nan	0.0000	0
chr1:123500000-124000000	chr1	123500000	124000000	nan	nan	nan	nan	nan	nan	0.0000	0
chr1:124000000-124500000	chr1	124000000	124500000	nan	nan	nan	nan	nan	nan	0.0000	0
chr1:124500000-125000000	chr1	124500000	125000000	nan	nan	nan	nan	nan	nan	0.1200	0
chr1:125000000-125500000	chr1	125000000	125500000	nan	nan	nan	nan	nan	nan	0.2000	0
chr1:125500000-126000000	chr1	125500000	126000000	nan	nan	nan	nan	nan	nan	0.0000	0
chr1:126000000-126500000	chr1	126000000	126500000	nan	nan	nan	nan	nan	nan	0.0000	0
chr1:126500000-127000000	chr1	126500000	127000000	nan	nan	nan	nan	nan	nan	0.0000	0
chr1:127000000-127500000	chr1	127000000	127500000	nan	nan	nan	nan	nan	nan	0.0000	0
chr1:127500000-128000000	chr1	127500000	128000000	nan	nan	nan	nan	nan	nan	0.0000	0
chr1:128000000-128500000	chr1	128000000	128500000	nan	nan	nan	nan	nan	nan	0.0000	0
chr1:128500000-129000000	chr1	128500000	129000000	nan	nan	nan	nan	nan	nan	0.0000	0
chr1:129000000-129500000	chr1	129000000	129500000	nan	nan	nan	nan	nan	nan	0.0000	0
chr1:129500000-130000000	chr1	129500000	130000000	nan	nan	nan	nan	nan	nan	0.0000	0
chr1:130000000-130500000	chr1	130000000	130500000	nan	nan	nan	nan	nan	nan	0.0000	0
chr1:130500000-131000000	chr1	130500000	131000000	nan	nan	nan	nan	nan	nan	0.0000	0
chr1:131000000-131500000	chr1	131000000	131500000	nan	nan	nan	nan	nan	nan	0.0000	0
chr1:131500000-132000000	chr1	131500000	132000000	nan	nan	nan	nan	nan	nan	0.0000	0
chr1:132000000-132500000	chr1	132000000	132500000	nan	nan	nan	nan	nan	nan	0.0000	0
chr1:132500000-133000000	chr1	132500000	133000000	nan	nan	nan	nan	nan	nan	0.0000	0
chr1:133000000-133500000	chr1	133000000	133500000	nan	nan	nan	nan	nan	nan	0.0000	0
chr1:133500000-134000000	chr1	133500000	134000000	nan	nan	nan	nan	nan	nan	0.0000	0
chr1:134000000-134500000	chr1	134000000	134500000	nan	nan	nan	nan	nan	nan	0.0000	0
chr1:134500000-135000000	chr1	134500000	135000000	nan	nan	nan	nan	nan	nan	0.0000	0
chr1:135000000-135500000	chr1	135000000	135500000	nan	nan	nan	nan	nan	nan	0.0000	0
chr1:135500000-136000000	chr1	135500000	136000000	nan	nan	nan	nan	nan	nan	0.0000	0
chr1:136000000-136500000	chr1	136000000	136500000	nan	nan	nan	nan	nan	nan	0.0000	0
chr1:136500000-137000000	chr1	136500000	137000000	nan	nan	nan	nan	nan	nan	0.0000	0
chr1:137000000-137500000	chr1	137000000	137500000	nan	nan	nan	nan	nan	nan	0.0000	0
chr1:137500000-138000000	chr1	137500000	138000000	nan	nan	nan	nan	nan	nan	0.0000	0
chr1:138000000-138500000	chr1	138000000	138500000	nan	nan	nan	nan	nan	nan	0.0000	0
chr1:138500000-139000000	chr1	138500000	139000000	nan	nan	nan	nan	nan	nan	0.0000	0
chr1:139000000-139500000	chr1	139000000	139500000	nan	nan	nan	nan	nan	nan	0.0000	0
chr1:139500000-140000000	chr1	139500000	140000000	nan	nan	nan	nan	nan	nan	0.0000	0
chr1:140000000-140500000	chr1	140000000	140500000	nan	nan	nan	nan	nan	nan	0.0000	0
chr1:140500000-141000000	chr1	140500000	141000000	nan	nan	nan	nan	nan	nan	0.0000	0
chr1:141000000-141500000	chr1	141000000	141500000	nan	nan	nan	nan	nan	nan	0.0000	0
chr1:141500000-142000000	chr1	141500000	142000000	nan	nan	nan	nan	nan	nan	0.0000	0
chr1:142000000-142500000	chr1	142000000	142500000	nan	nan	nan	nan	nan	nan	0.0000	0
chr1:142500000-143000000	chr1	142500000	143000000	nan	nan	nan	nan	nan	nan	0.0000	0
chr1:143000000-143500000	chr1	143000000	143500000	nan	nan	nan	nan	nan	nan	0.0000	0
chr1:143500000-144000000	chr1	143500000	144000000	0.441718	0.330587	-0.111131	0.305094	0.290798	-0.0142963	0.8600	2
chr1:144000000-144500000	chr1	144000000	144500000	0.0858937	-0.0953414	-0.181235	0.208698	0.216226	0.00752757	1.0000	2
chr1:144500000-145000000	chr1	144500000	145000000	-0.0580073	-0.144609	-0.0866014	-0.177561	0.0315005	0.209062	1.0000	1
chr1:145000000-145500000	chr1	145000000	145500000	-0.457794	-0.637724	-0.17993	-0.528683	-0.694581	-0.165898	1.0000	4
chr1:145500000-146000000	chr1	145500000	146000000	-0.752573	-0.786119	-0.033546	-0.743175	-1.09686	-0.353681	1.0000	15
chr1:146000000-146500000	chr1	146000000	146500000	-0.836889	-0.936032	-0.0991436	-1.06599	-0.924535	0.141452	1.0000	4
chr1:146500000-147000000	chr1	146500000	147000000	0.32704	-0.0201784	-0.347219	0.0849671	0.0295154	-0.0554516	1.0000	1
chr1:147000000-147500000	chr1	147000000	147500000	0.460262	0.434984	-0.0252776	0.462765	0.343549	-0.119216	1.0000	3
chr1:147500000-148000000	chr1	147500000	148000000	0.432739	0.196926	-0.235814	0.144434	-0.0258176	-0.170251	1.0000	6
chr1:148000000-148500000	chr1	148000000	148500000	-0.381746	-0.711326	-0.329581	-0.555408	-0.694542	-0.139134	1.0000	2
chr1:148500000-149000000	chr1	148500000	149000000	-1.1578	-1.0684	0.0894008	-0.766586	-1.02153	-0.254941	1.0000	4
chr1:149000000-149500000	chr1	149000000	149500000	-0.876273	-0.820636	0.0556372	-1.17113	-0.913344	0.257789	1.0000	3
chr1:149500000-150000000	chr1	149500000	150000000	-0.623362	-0.726222	-0.10286	-0.687276	-0.628109	0.0591665	1.0000	17
chr1:150000000-150500000	chr1	150000000	150500000	-1.26026	-1.20693	0.0533275	-1.20763	-1.11132	0.0963093	1.0000	12
chr1:150500000-151000000	chr1	150500000	151000000	-0.973577	-1.12762	-0.154047	-1.21666	-1.25835	-0.0416888	1.0000	14
chr1:151000000-151500000	chr1	151000000	151500000	-0.848232	-0.895235	-0.047003	-1.08011	-1.12771	-0.0475977	1.0000	21
chr1:151500000-152000000	chr1	151500000	152000000	-0.500414	-0.806254	-0.305839	-0.689474	-0.730657	-0.0411834	1.0000	14
chr1:152000000-152500000	chr1	152000000	152500000	0.928123	0.883719	-0.044404	0.664783	0.980021	0.315238	1.0000	8
chr1:152500000-153000000	chr1	152500000	153000000	1.4352	1.32602	-0.10918	1.04293	1.253	0.210061	1.0000	27
chr1:153000000-153500000	chr1	153000000	153500000	0.998037	0.97603	-0.0220068	0.734727	0.904219	0.169491	1.0000	18
chr1:153500000-154000000	chr1	153500000	154000000	-0.533637	-0.363688	0.169949	-0.636892	-0.638127	-0.00123451	1.0000	23
chr1:154000000-154500000	chr1	154000000	154500000	-0.713695	-0.863488	-0.149793	-1.07301	-0.992581	0.0804294	1.0000	9
chr1:154500000-155000000	chr1	154500000	155000000	-0.636651	-0.838185	-0.201534	-0.769807	-0.933395	-0.163587	1.0000	13
chr1:155000000-155500000	chr1	155000000	155500000	-1.25082	-1.09998	0.150839	-1.15634	-1.19126	-0.0349264	1.0000	22
chr1:155500000-156000000	chr1	155500000	156000000	-1.03163	-0.948638	0.0829928	-1.12701	-1.16715	-0.040136	1.0000	10
chr1:156000000-156500000	chr1	156000000	156500000	-0.765153	-0.889781	-0.124629	-0.985698	-1.05882	-0.0731208	1.0000	18
chr1:156500000-157000000	chr1	156500000	157000000	-0.469418	-0.588023	-0.118605	-0.761901	-0.787697	-0.0257961	1.0000	18
chr1:157000000-157500000	chr1	157000000	157500000	1.01855	0.811723	-0.206827	0.735466	0.569312	-0.166154	1.0000	3
chr1:157500000-158000000	chr1	157500000	158000000	1.14234	1.44653	0.304188	1.22494	1.25339	0.0284554	1.0000	7
chr1:158000000-158500000	chr1	158000000	158500000	0.948761	1.07073	0.121967	0.864543	0.984429	0.119885	1.0000	10
chr1:158500000-159000000	chr1	158500000	159000000	0.989831	1.30111	0.311282	1.13871	1.35417	0.215462	1.0000	12
chr1:159000000-159500000	chr1	159000000	159500000	0.965076	1.00046	0.0353852	0.842387	1.09705	0.254659	1.0000	7
chr1:159500000-160000000	chr1	159500000	160000000	0.813527	0.760856	-0.0526709	0.561969	0.668601	0.106632	1.0000	11
chr1:160000000-160500000	chr1	160000000	160500000	0.0966316	0.132332	0.0357002	-0.275254	-0.309939	-0.0346854	1.0000	14
chr1:160500000-161000000	chr1	160500000	161000000	0.760422	0.768494	0.00807181	0.775249	0.60812	-0.16713	1.0000	9
chr1:161000000-161500000	chr1	161000000	161500000	-0.677397	-0.657177	0.02022	-0.540186	-0.567738	-0.0275521	0.8800	23
chr1:161500000-162000000	chr1	161500000	162000000	-0.792186	-0.847076	-0.05489	-0.564711	-0.754875	-0.190165	1.0000	9
chr1:162000000-162500000	chr1	162000000	162500000	0.138024	-0.0182361	-0.15626	0.0129844	-0.454952	-0.467937	1.0000	6
chr1:162500000-163000000	chr1	162500000	163000000	-0.420256	-0.655112	-0.234856	-0.422894	-0.573031	-0.150137	1.0000	4
chr1:163000000-163500000	chr1	163000000	163500000	-0.0234607	0.114355	0.137815	0.150178	0.147253	-0.00292506	1.0000	3
chr1:163500000-164000000	chr1	163500000	164000000	0.686718	1.25244	0.565723	0.728248	1.13211	0.403864	1.0000	0
chr1:164000000-164500000	chr1	164000000	164500000	0.55966	0.939759	0.380098	0.574406	1.02049	0.44608	1.0000	0
chr1:164500000-165000000	chr1	164500000	165000000	0.314197	0.113533	-0.200664	0.0934154	0.121084	0.0276682	1.0000	1
chr1:165000000-165500000	chr1	165000000	165500000	1.01461	1.22425	0.209644	0.999063	1.02934	0.0302798	1.0000	2
chr1:165500000-166000000	chr1	165500000	166000000	0.519163	0.438216	-0.0809466	0.593862	0.303498	-0.290364	1.0000	5
chr1:166000000-166500000	chr1	166000000	166500000	1.28219	1.6743	0.392115	1.14209	1.43243	0.290339	1.0000	1
chr1:166500000-167000000	chr1	166500000	167000000	0.710711	0.919264	0.208553	0.802148	0.890866	0.0887173	1.0000	4
chr1:167000000-167500000	chr1	167000000	167500000	0.207413	-0.146476	-0.353889	0.0683376	-0.0284886	-0.0968262	1.0000	3
chr1:167500000-168000000	chr1	167500000	168000000	-0.425671	-0.418555	0.00711594	-0.40497	-0.630615	-0.225644	1.0000	7
chr1:168000000-168500000	chr1	168000000	168500000	-0.164702	-0.0557369	0.108965	-0.153292	-0.40913	-0.255838	0.9800	4
chr1:168500000-169000000	chr1	168500000	169000000	0.262863	0.587196	0.324333	0.334004	0.263507	-0.070497	1.0000	3
chr1:169000000-169500000	chr1	169000000	169500000	-0.0974506	-0.0550307	0.04242	0.114873	0.108804	-0.00606908	1.0000	5
chr1:169500000-170000000	chr1	169500000	170000000	0.214672	0.155941	-0.0587309	0.584753	0.582678	-0.00207474	1.0000	7
chr1:170000000-170500000	chr1	170000000	170500000	0.128156	0.296798	0.168643	0.217024	0.346395	0.129372	1.0000	2
chr1:170500000-171000000	chr1	170500000	171000000	0.102119	0.17231	0.0701905	0.370774	0.339077	-0.031697	1.0000	3
chr1:171000000-171500000	chr1	171000000	171500000	0.701269	0.836186	0.134916	0.771084	0.750429	-0.0206554	1.0000	5
chr1:171500000-172000000	chr1	171500000	172000000	-0.102781	-0.250642	-0.147861	-0.0294617	-0.242314	-0.212852	1.0000	5
chr1:172000000-172500000	chr1	172000000	172500000	-0.54308	-0.56749	-0.0244102	-0.294918	-0.317822	-0.0229038	1.0000	2
chr1:172500000-173000000	chr1	172500000	173000000	-0.566888	-0.578354	-0.0114656	-0.188832	-0.30753	-0.118698	1.0000	2
chr1:173000000-173500000	chr1	173000000	173500000	0.133011	-0.219122	-0.352133	0.147675	-0.186571	-0.334247	1.0000	3
chr1:173500000-174000000	chr1	173500000	174000000	-0.0262024	-0.10489	-0.0786881	0.00969636	-0.17663	-0.186327	1.0000	9
chr1:174000000-174500000	chr1	174000000	174500000	-0.0268662	-0.131243	-0.104377	0.32681	0.0428924	-0.283918	1.0000	3
chr1:174500000-175000000	chr1	174500000	175000000	0.527309	0.237541	-0.289768	0.631863	0.270006	-0.361857	1.0000	1
chr1:175000000-175500000	chr1	175000000	175500000	1.44098	1.34859	-0.0923905	1.20652	1.18107	-0.0254465	1.0000	3
chr1:175500000-176000000	chr1	175500000	176000000	1.26033	1.20687	-0.053454	1.05244	0.958496	-0.093947	1.0000	1
chr1:176000000-176500000	chr1	176000000	176500000	0.464508	0.749533	0.285026	0.659558	0.936524	0.276966	1.0000	2
chr1:176500000-177000000	chr1	176500000	177000000	1.00228	1.48501	0.482723	0.898789	0.874356	-0.0244335	1.0000	0
chr1:177000000-177500000	chr1	177000000	177500000	1.02106	1.17036	0.149299	0.80074	0.956378	0.155639	1.0000	2
chr1:177500000-178000000	chr1	177500000	178000000	1.06067	1.02771	-0.03296	0.846712	0.849961	0.00324955	1.0000	1
chr1:178000000-178500000	chr1	178000000	178500000	-1.15598	-1.11864	0.037339	-0.961596	-0.919194	0.042402	1.0000	2
chr1:178500000-179000000	chr1	178500000	179000000	-0.271696	-0.453205	-0.181508	-0.399534	-0.571466	-0.171932	1.0000	3
chr1:179000000-179500000	chr1	179000000	179500000	-0.361031	-0.455884	-0.0948531	-0.51557	-0.513274	0.00229566	1.0000	5
chr1:179500000-180000000	chr1	179500000	180000000	0.0155087	0.23009	0.214581	0.195755	0.211064	0.0153095	1.0000	6
chr1:180000000-180500000	chr1	180000000	180500000	-0.492585	-0.631998	-0.139413	-0.446307	-0.577796	-0.131489	1.0000	2
chr1:180500000-181000000	chr1	180500000	181000000	-0.222207	-0.297647	-0.0754395	-0.238785	-0.226387	0.0123979	1.0000	4
chr1:181000000-181500000	chr1	181000000	181500000	0.745592	0.75614	0.0105486	0.583158	0.510717	-0.0724417	1.0000	4
chr1:181500000-182000000	chr1	181500000	182000000	1.55476	1.65023	0.0954614	1.13591	1.28306	0.147148	1.0000	0
chr1:182000000-182500000	chr1	182000000	182500000	0.859784	1.07243	0.212651	0.730443	1.01785	0.287408	1.0000	4
chr1:182500000-183000000	chr1	182500000	183000000	0.0489205	0.0263875	-0.022533	-0.200798	-0.214195	-0.0133974	1.0000	6
chr1:183000000-183500000	chr1	183000000	183500000	-1.09021	-1.05948	0.0307292	-0.857312	-1.1565	-0.299188	1.0000	4
chr1:183500000-184000000	chr1	183500000	184000000	-1.0125	-0.9364	0.0760964	-0.962063	-1.01265	-0.0505824	1.0000	4
chr1:184000000-184500000	chr1	184000000	184500000	-0.708641	-0.806854	-0.098213	-0.724657	-1.01441	-0.289757	1.0000	3
chr1:184500000-185000000	chr1	184500000	185000000	-0.945435	-0.790364	0.155071	-0.874153	-0.894382	-0.0202282	1.0000	2
chr1:185000000-185500000	chr1	185000000	185500000	-0.874256	-0.890278	-0.0160227	-0.73304	-0.86092	-0.127881	1.0000	4
chr1:185500000-186000000	chr1	185500000	186000000	-0.76231	-0.7854	-0.0230905	-0.512988	-0.600264	-0.0872755	1.0000	1
chr1:186000000-186500000	chr1	186000000	186500000	-0.663483	-0.562397	0.101085	-0.291361	-0.368751	-0.0773899	1.0000	4
chr1:186500000-187000000	chr1	186500000	187000000	0.344255	0.554519	0.210263	0.506796	0.666404	0.159607	1.0000	2
chr1:187000000-187500000	chr1	187000000	187500000	0.350505	0.625705	0.2752	0.56066	0.876431	0.315771	1.0000	0
chr1:187500000-188000000	chr1	187500000	188000000	0.135654	0.157369	0.0217151	0.501018	0.459936	-0.0410823	1.0000	0
chr1:188000000-188500000	chr1	188000000	188500000	-0.110791	-0.106807	0.00398371	-0.0720739	0.494649	0.566722	1.0000	0
chr1:188500000-189000000	chr1	188500000	189000000	-0.0103011	-0.0618332	-0.0515321	0.319269	0.725877	0.406609	1.0000	0
chr1:189000000-189500000	chr1	189000000	189500000	0.40733	0.663699	0.256369	0.802822	1.22136	0.418539	1.0000	0
chr1:189500000-190000000	chr1	189500000	190000000	0.124594	0.321699	0.197105	0.505863	1.18074	0.674879	1.0000	0
chr1:190000000-190500000	chr1	190000000	190500000	0.239792	0.352794	0.113003	0.638318	1.01034	0.372025	1.0000	1
chr1:190500000-191000000	chr1	190500000	191000000	0.178331	0.56992	0.391589	0.684284	1.37598	0.691693	1.0000	0
chr1:191000000-191500000	chr1	191000000	191500000	0.254886	0.847743	0.592857	0.64624	1.32725	0.681014	1.0000	0
chr1:191500000-192000000	chr1	191500000	192000000	0.237717	0.599902	0.362184	0.623107	1.08418	0.46107	1.0000	0
chr1:192000000-192500000	chr1	192000000	192500000	-0.233092	-0.13515	0.0979427	0.360307	0.261053	-0.0992538	1.0000	2
chr1:192500000-193000000	chr1	192500000	193000000	-0.208281	-0.221109	-0.0128283	0.197787	0.0419609	-0.155826	1.0000	3
chr1:193000000-193500000	chr1	193000000	193500000	-0.706007	-0.6282	0.0778069	-0.28502	-0.27646	0.00855988	1.0000	5
chr1:193500000-194000000	chr1	193500000	194000000	-0.10711	0.124177	0.231287	0.0320786	0.19264	0.160562	1.0000	0
chr1:194000000-194500000	chr1	194000000	194500000	-0.292717	-0.0643283	0.228389	0.458419	0.314688	-0.143731	1.0000	0
chr1:194500000-195000000	chr1	194500000	195000000	0.0408601	0.306992	0.266132	0.557472	0.950917	0.393445	1.0000	0
chr1:195000000-195500000	chr1	195000000	195500000	0.2421	0.487694	0.245594	0.579636	1.05044	0.470803	1.0000	0
chr1:195500000-196000000	chr1	195500000	196000000	0.101627	0.197359	0.0957319	0.522133	0.746072	0.223939	1.0000	0
chr1:196000000-196500000	chr1	196000000	196500000	0.363365	0.468508	0.105143	0.913196	0.854102	-0.059094	1.0000	0
chr1:196500000-197000000	chr1	196500000	197000000	0.490843	0.607357	0.116514	0.943185	1.12603	0.18284	1.0000	7
chr1:197000000-197500000	chr1	197000000	197500000	0.279531	0.175444	-0.104087	0.643464	0.505537	-0.137926	1.0000	4
chr1:197500000-198000000	chr1	197500000	198000000	-0.778889	-0.673041	0.105848	-0.308051	-0.537193	-0.229141	1.0000	3
chr1:198000000-198500000	chr1	198000000	198500000	-1.16264	-1.25349	-0.0908516	-0.697266	-0.771917	-0.0746513	1.0000	1
chr1:198500000-199000000	chr1	198500000	199000000	-1.15655	-1.22149	-0.0649393	-0.763936	-0.657303	0.106632	1.0000	2
chr1:199000000-199500000	chr1	199000000	199500000	-0.797655	-0.99083	-0.193175	-0.57251	-0.72821	-0.1557	1.0000	0
chr1:199500000-200000000	chr1	199500000	200000000	-0.57274	-0.898666	-0.325926	-0.664438	-0.764146	-0.099708	1.0000	0
chr1:200000000-200500000	chr1	200000000	200500000	-0.777027	-1.07051	-0.293479	-0.860547	-1.22083	-0.360283	1.0000	2
chr1:200500000-201000000	chr1	200500000	201000000	-1.03338	-1.1289	-0.0955205	-1.22702	-1.28457	-0.0575498	1.0000	5
chr1:201000000-201500000	chr1	201000000	201500000	-0.681007	-0.678604	0.00240274	-0.799306	-0.959364	-0.160059	1.0000	10
chr1:201500000-202000000	chr1	201500000	202000000	-0.83953	-0.765524	0.0740065	-1.08041	-0.862811	0.217596	1.0000	7
chr1:202000000-202500000	chr1	202000000	202500000	-1.18524	-1.10023	0.085007	-1.05993	-1.24687	-0.186937	1.0000	7
chr1:202500000-203000000	chr1	202500000	203000000	-1.07308	-0.954607	0.118469	-1.29767	-1.25362	0.0440534	1.0000	7
chr1:203000000-203500000	chr1	203000000	203500000	-0.73442	-0.874199	-0.139779	-1.16581	-1.29052	-0.124711	1.0000	11
chr1:203500000-204000000	chr1	203500000	204000000	-0.879201	-0.946032	-0.0668315	-1.1819	-1.29568	-0.11379	1.0000	6
chr1:204000000-204500000	chr1	204000000	204500000	-0.785066	-0.792921	-0.00785526	-1.00524	-1.1242	-0.11896	1.0000	8
chr1:204500000-205000000	chr1	204500000	205000000	-0.318108	-0.546991	-0.228882	-0.7141	-1.05875	-0.34465	1.0000	3
chr1:205000000-205500000	chr1	205000000	205500000	-0.670496	-0.672669	-0.00217272	-0.945853	-1.0214	-0.0755484	1.0000	9
chr1:205500000-206000000	chr1	205500000	206000000	-0.697392	-0.820808	-0.123415	-1.08619	-1.00612	0.0800665	1.0000	9
chr1:206000000-206500000	chr1	206000000	206500000	-0.92779	-0.742712	0.185078	-0.968268	-0.915772	0.0524962	1.0000	7
chr1:206500000-207000000	chr1	206500000	207000000	-0.396836	-0.631778	-0.234942	-0.755724	-0.946637	-0.190913	1.0000	11
chr1:207000000-207500000	chr1	207000000	207500000	-0.371494	-0.139719	0.231776	-0.0918043	-0.122812	-0.0310081	1.0000	8
chr1:207500000-208000000	chr1	207500000	208000000	-0.170008	-0.281705	-0.111697	-0.11676	-0.591093	-0.474333	1.0000	3
chr1:208000000-208500000	chr1	208000000	208500000	0.107342	0.0406682	-0.0666734	0.0763321	-0.515678	-0.59201	1.0000	1
chr1:208500000-209000000	chr1	208500000	209000000	0.197219	0.0220895	-0.175129	0.0449189	-0.380938	-0.425857	1.0000	0
chr1:209000000-209500000	chr1	209000000	209500000	-0.0141639	-0.378913	-0.364749	-0.316969	-0.620015	-0.303046	1.0000	0
chr1:209500000-210000000	chr1	209500000	210000000	-0.603494	-0.616524	-0.0130303	-0.531385	-0.801845	-0.27046	1.0000	9
chr1:210000000-210500000	chr1	210000000	210500000	-0.455022	-0.622825	-0.167803	-0.629682	-0.76901	-0.139328	1.0000	2
chr1:210500000-211000000	chr1	210500000	211000000	0.0717191	-0.111823	-0.183542	-0.0067339	-0.423135	-0.416401	1.0000	0
chr1:211000000-211500000	chr1	211000000	211500000	-0.434596	-0.488699	-0.0541033	-0.501167	-0.646447	-0.145281	1.0000	4
chr1:211500000-212000000	chr1	211500000	212000000	-0.530171	-0.619812	-0.0896418	-0.753597	-0.575345	0.178252	1.0000	3
chr1:212000000-212500000	chr1	212000000	212500000	-0.72096	-0.867734	-0.146774	-0.780999	-0.874418	-0.0934186	1.0000	5
chr1:212500000-213000000	chr1	212500000	213000000	-0.437165	-0.616062	-0.178896	-0.467139	-0.784219	-0.317081	1.0000	8
chr1:213000000-213500000	chr1	213000000	213500000	0.517322	0.335954	-0.181368	0.426818	0.12828	-0.298538	1.0000	2
chr1:213500000-214000000	chr1	213500000	214000000	1.01915	1.36804	0.34889	0.960769	1.1925	0.23173	1.0000	1
chr1:214000000-214500000	chr1	214000000	214500000	0.121064	0.0927462	-0.0283175	0.106424	0.0329916	-0.0734327	1.0000	1
chr1:214500000-215000000	chr1	214500000	215000000	-0.0377273	0.0707589	0.108486	0.0432619	0.00540228	-0.0378596	1.0000	2
chr1:215000000-215500000	chr1	215000000	215500000	0.231649	0.0922089	-0.13944	0.574811	0.464426	-0.110384	1.0000	1
chr1:215500000-216000000	chr1	215500000	216000000	0.33072	0.323145	-0.00757511	0.663764	0.644417	-0.0193478	1.0000	1
chr1:216000000-216500000	chr1	216000000	216500000	0.406647	0.558238	0.15159	0.651291	0.890636	0.239345	1.0000	1
chr1:216500000-217000000	chr1	216500000	217000000	0.726008	0.840607	0.114599	0.978794	1.0886	0.109809	1.0000	1
chr1:217000000-217500000	chr1	217000000	217500000	0.746397	0.965845	0.219448	0.915903	1.02625	0.110345	1.0000	0
chr1:217500000-218000000	chr1	217500000	218000000	0.391494	0.430839	0.0393448	0.675436	0.850741	0.175305	1.0000	2
chr1:218000000-218500000	chr1	218000000	218500000	-0.307447	-0.178197	0.12925	-0.0858854	0.0215847	0.10747	1.0000	2
chr1:218500000-219000000	chr1	218500000	219000000	-0.925692	-1.02016	-0.0944711	-0.826056	-0.935413	-0.109357	1.0000	0
chr1:219000000-219500000	chr1	219000000	219500000	-0.831188	-1.07148	-0.240295	-0.659985	-0.823072	-0.163088	1.0000	1
chr1:219500000-220000000	chr1	219500000	220000000	-0.284441	-0.623884	-0.339443	-0.517773	-0.675838	-0.158065	1.0000	2
chr1:220000000-220500000	chr1	220000000	220500000	-0.427058	-0.550501	-0.123443	-0.25591	-0.758238	-0.502327	1.0000	4
chr1:220500000-221000000	chr1	220500000	221000000	0.00478211	-0.339969	-0.344751	-0.0840817	-0.332059	-0.247977	1.0000	5
chr1:221000000-221500000	chr1	221000000	221500000	-0.311889	-0.561908	-0.250019	-0.208847	-0.336603	-0.127756	1.0000	0
chr1:221500000-222000000	chr1	221500000	222000000	-0.169575	-0.407182	-0.237607	-0.283956	-0.655361	-0.371405	1.0000	1
chr1:222000000-222500000	chr1	222000000	222500000	0.113675	0.038822	-0.0748527	-0.0848729	-0.286795	-0.201922	1.0000	0
chr1:222500000-223000000	chr1	222500000	223000000	-0.237526	-0.383693	-0.146167	-0.0344295	-0.269814	-0.235384	1.0000	7
chr1:223000000-223500000	chr1	223000000	223500000	0.690584	0.286021	-0.404563	0.391585	0.125525	-0.26606	1.0000	3
chr1:223500000-224000000	chr1	223500000	224000000	-0.38055	-0.390803	-0.0102534	-0.27086	-0.55541	-0.28455	0.9000	3
chr1:224000000-224500000	chr1	224000000	224500000	-0.948748	-0.887045	0.0617031	-0.74946	-0.97521	-0.22575	0.9800	5
chr1:224500000-225000000	chr1	224500000	225000000	0.297053	-0.0648988	-0.361952	0.0956366	-0.273206	-0.368843	1.0000	2
chr1:225000000-225500000	chr1	225000000	225500000	-0.0985354	-0.242402	-0.143867	-0.0493401	-0.106491	-0.0571504	1.0000	1
chr1:225500000-226000000	chr1	225500000	226000000	-1.06247	-1.08154	-0.0190697	-0.966835	-1.15673	-0.189891	1.0000	8
chr1:226000000-226500000	chr1	226000000	226500000	-0.786804	-0.899549	-0.112745	-0.968886	-1.04683	-0.0779446	1.0000	5
chr1:226500000-227000000	chr1	226500000	227000000	-0.305734	-0.544975	-0.239241	-0.490087	-0.740848	-0.250761	1.0000	4
chr1:227000000-227500000	chr1	227000000	227500000	-1.01678	-0.964936	0.0518444	-1.06051	-0.956349	0.10416	1.0000	1
chr1:227500000-228000000	chr1	227500000	228000000	0.0763767	-0.363815	-0.440191	-0.215537	-0.319371	-0.103834	1.0000	5
chr1:228000000-228500000	chr1	228000000	228500000	-0.439024	-0.430871	0.00815238	-0.445699	-0.769584	-0.323885	1.0000	14
chr1:228500000-229000000	chr1	228500000	229000000	-0.803755	-0.952026	-0.148271	-0.905094	-1.06505	-0.159951	0.9000	1
chr1:229000000-229500000	chr1	229000000	229500000	-0.680575	-0.70709	-0.0265152	-0.687023	-0.937602	-0.250578	1.0000	3
chr1:229500000-230000000	chr1	229500000	230000000	-0.41806	-0.380234	0.0378261	-0.596553	-0.71148	-0.114927	1.0000	4
chr1:230000000-230500000	chr1	230000000	230500000	-0.199405	-0.342452	-0.143046	-0.404959	-0.641144	-0.236184	1.0000	2
chr1:230500000-231000000	chr1	230500000	231000000	-0.153611	-0.278616	-0.125005	-0.431205	-0.542413	-0.111208	1.0000	6
chr1:231000000-231500000	chr1	231000000	231500000	-0.583054	-0.647429	-0.064375	-0.674118	-0.612696	0.0614218	1.0000	7
chr1:231500000-232000000	chr1	231500000	232000000	-0.587396	-0.580195	0.00720127	-0.641023	-0.905604	-0.264581	1.0000	2
chr1:232000000-232500000	chr1	232000000	232500000	-0.455771	-0.425514	0.0302573	-0.607169	-0.783044	-0.175875	1.0000	0
chr1:232500000-233000000	chr1	232500000	233000000	-0.506329	-0.546082	-0.0397532	-0.570829	-0.815287	-0.244458	1.0000	3
chr1:233000000-233500000	chr1	233000000	233500000	-0.110161	-0.275854	-0.165693	0.118243	-0.154138	-0.272382	1.0000	2
chr1:233500000-234000000	chr1	233500000	234000000	0.909759	1.3784	0.468638	0.852368	1.08463	0.232267	1.0000	2
chr1:234000000-234500000	chr1	234000000	234500000	0.499231	0.505726	0.00649495	0.369593	0.329768	-0.0398255	1.0000	2
chr1:234500000-235000000	chr1	234500000	235000000	-0.629037	-0.539014	0.090023	-0.532602	-0.822081	-0.289479	1.0000	1
chr1:235000000-235500000	chr1	235000000	235500000	-1.15007	-1.1071	0.0429649	-1.03474	-1.23952	-0.204785	1.0000	5
chr1:235500000-236000000	chr1	235500000	236000000	-0.568947	-0.790552	-0.221605	-0.684256	-0.961649	-0.277392	1.0000	3
chr1:236000000-236500000	chr1	236000000	236500000	0.27639	0.304672	0.028282	0.0882075	-0.117037	-0.205245	1.0000	4
chr1:236500000-237000000	chr1	236500000	237000000	0.125703	0.408923	0.28322	0.204926	0.268847	0.0639213	0.9800	4
chr1:237000000-237500000	chr1	237000000	237500000	0.471461	1.1559	0.684435	0.600788	0.987692	0.386904	1.0000	2
chr1:237500000-238000000	chr1	237500000	238000000	0.733047	0.855999	0.122952	0.716217	1.09202	0.375808	1.0000	1
chr1:238000000-238500000	chr1	238000000	238500000	0.693656	0.699257	0.00560104	0.790014	0.63096	-0.159054	1.0000	0
chr1:238500000-239000000	chr1	238500000	239000000	0.164322	0.340698	0.176377	0.506437	0.726492	0.220055	1.0000	0
chr1:239000000-239500000	chr1	239000000	239500000	0.866927	1.13774	0.270816	0.960051	1.257	0.296948	1.0000	1
chr1:239500000-240000000	chr1	239500000	240000000	1.09114	1.24418	0.153038	1.06379	1.37525	0.311462	1.0000	0
chr1:240000000-240500000	chr1	240000000	240500000	0.00672679	-0.0205072	-0.027234	-0.024534	-0.166287	-0.141753	1.0000	1
chr1:240500000-241000000	chr1	240500000	241000000	0.627081	0.460466	-0.166616	0.666909	0.602777	-0.0641323	1.0000	1
chr1:241000000-241500000	chr1	241000000	241500000	1.16283	1.29236	0.129529	1.19623	1.2369	0.0406686	1.0000	1
chr1:241500000-242000000	chr1	241500000	242000000	0.393577	0.132909	-0.260668	0.454788	0.313931	-0.140857	1.0000	8
chr1:242000000-242500000	chr1	242000000	242500000	0.969591	1.45858	0.488993	1.02241	1.18998	0.167575	1.0000	0
chr1:242500000-243000000	chr1	242500000	243000000	0.844636	1.15167	0.307029	0.818076	0.860458	0.0423821	1.0000	1
chr1:243000000-243500000	chr1	243000000	243500000	-0.468829	-0.451354	0.0174756	-0.283526	-0.28661	-0.00308309	1.0000	2
chr1:243500000-244000000	chr1	243500000	244000000	-0.542879	-0.770069	-0.22719	-0.709558	-0.517478	0.19208	1.0000	1
chr1:244000000-244500000	chr1	244000000	244500000	-0.130518	-0.451672	-0.321154	-0.256705	-0.591775	-0.33507	1.0000	4
chr1:244500000-245000000	chr1	244500000	245000000	-0.423251	-0.5459	-0.122649	-0.419656	-0.700852	-0.281196	1.0000	5
chr1:245000000-245500000	chr1	245000000	245500000	-0.513881	-0.565996	-0.0521154	-0.537762	-0.975134	-0.437372	1.0000	1
chr1:245500000-246000000	chr1	245500000	246000000	-0.441106	-0.503093	-0.0619865	-0.469948	-0.648291	-0.178343	1.0000	0
chr1:246000000-246500000	chr1	246000000	246500000	-0.736227	-0.834465	-0.0982381	-0.696356	-0.922662	-0.226307	1.0000	0
chr1:246500000-247000000	chr1	246500000	247000000	-0.365446	-0.542427	-0.176981	-0.301149	-0.627702	-0.326554	1.0000	5
chr1:247000000-247500000	chr1	247000000	247500000	0.510728	0.584098	0.0733701	0.476343	0.448477	-0.0278658	1.0000	7
chr1:247500000-248000000	chr1	247500000	248000000	0.790714	1.18959	0.398878	0.989502	1.26524	0.275743	1.0000	18
chr1:248000000-248500000	chr1	248000000	248500000	1.04224	1.53328	0.491042	1.25905	1.53241	0.273362	1.0000	18
chr1:248500000-248956422	chr1	248500000	248956422	1.0282	1.04225	0.0140528	1.03711	1.07987	0.0427524	0.8326	13
chr2:0-500000	chr2	0	500000	nan	nan	nan	nan	nan	nan	0.0000	4
chr2:500000-1000000	chr2	500000	1000000	nan	nan	nan	nan	nan	nan	0.0000	2
chr2:1000000-1500000	chr2	1000000	1500000	nan	nan	nan	nan	nan	nan	0.0000	1
chr2:1500000-2000000	chr2	1500000	2000000	nan	nan	nan	nan	nan	nan	0.0000	1
chr2:2000000-2500000	chr2	2000000	2500000	nan	nan	nan	nan	nan	nan	0.0000	1
chr2:2500000-3000000	chr2	2500000	3000000	nan	nan	nan	nan	nan	nan	0.0000	0
chr2:3000000-3500000	chr2	3000000	3500000	1.33344	0.974262	-0.359178	0.909803	0.939972	0.0301686	0.9000	2
chr2:3500000-4000000	chr2	3500000	4000000	1.01854	1.13785	0.11931	0.854831	0.84287	-0.0119616	1.0000	6
chr2:4000000-4500000	chr2	4000000	4500000	0.968183	1.06482	0.0966338	0.976417	1.19317	0.216749	1.0000	0
chr2:4500000-5000000	chr2	4500000	5000000	0.638119	0.766499	0.12838	0.659232	1.13189	0.472659	0.9800	0
chr2:5000000-5500000	chr2	5000000	5500000	0.0567837	0.289294	0.232511	0.412909	0.177274	-0.235635	1.0000	0
chr2:5500000-6000000	chr2	5500000	6000000	0.0439523	0.0770063	0.0330541	-0.0291108	-0.242072	-0.212961	1.0000	1
chr2:6000000-6500000	chr2	6000000	6500000	0.145447	0.301449	0.156002	0.261745	0.0254864	-0.236258	1.0000	0
chr2:6500000-7000000	chr2	6500000	7000000	0.387048	0.386195	-0.000853098	0.355684	0.260595	-0.0950888	1.0000	3
chr2:7000000-7500000	chr2	7000000	7500000	0.58555	0.843552	0.258002	0.547085	0.637482	0.0903976	1.0000	0
chr2:7500000-8000000	chr2	7500000	8000000	0.668381	0.715329	0.0469482	0.462543	0.602277	0.139734	1.0000	0
chr2:8000000-8500000	chr2	8000000	8500000	0.380638	0.503524	0.122886	0.409678	0.136119	-0.273559	1.0000	0
chr2:8500000-9000000	chr2	8500000	9000000	-0.0855243	-0.512776	-0.427252	-0.152976	-0.386477	-0.233502	1.0000	2
chr2:9000000-9500000	chr2	9000000	9500000	-0.712662	-0.633558	0.0791036	-0.840258	-1.01498	-0.17472	1.0000	5
chr2:9500000-10000000	chr2	9500000	10000000	-0.853371	-0.774466	0.0789048	-0.925736	-0.988882	-0.063146	1.0000	4
chr2:10000000-10500000	chr2	10000000	10500000	-0.505703	-0.589446	-0.0837434	-0.915967	-0.890781	0.0251858	1.0000	5
chr2:10500000-11000000	chr2	10500000	11000000	-0.447201	-0.730101	-0.282901	-0.60554	-0.935896	-0.330356	0.9800	4
chr2:11000000-11500000	chr2	11000000	11500000	-0.74357	-0.893295	-0.149725	-0.904903	-1.0145	-0.109594	1.0000	4
chr2:11500000-12000000	chr2	11500000	12000000	0.0470486	-0.274513	-0.321562	-0.418356	-0.5583	-0.139944	1.0000	3
chr2:12000000-12500000	chr2	12000000	12500000	-0.237948	-0.486217	-0.248268	-0.329628	-0.57289	-0.243262	1.0000	0
chr2:12500000-13000000	chr2	12500000	13000000	-0.107046	-0.47923	-0.372183	-0.171173	-0.658343	-0.48717	1.0000	1
chr2:13000000-13500000	chr2	13000000	13500000	0.690094	0.896369	0.206275	0.864781	1.16822	0.303441	1.0000	0
chr2:13500000-14000000	chr2	13500000	14000000	0.449363	0.676118	0.226755	0.646848	1.07591	0.429063	0.9400	0
chr2:14000000-14500000	chr2	14000000	14500000	0.849377	1.12118	0.2718	0.961061	1.23931	0.278248	1.0000	0
chr2:14500000-15000000	chr2	14500000	15000000	1.31402	1.32782	0.0137945	1.11643	1.05782	-0.0586088	1.0000	1
chr2:15000000-15500000	chr2	15000000	15500000	0.744374	0.706208	-0.0381659	0.428135	0.545657	0.117521	1.0000	0
chr2:15500000-16000000	chr2	15500000	16000000	0.677926	0.508821	-0.169105	0.535299	0.540183	0.00488427	1.0000	3
chr2:16000000-16500000	chr2	16000000	16500000	0.99271	1.08472	0.0920108	0.655701	0.731747	0.076046	1.0000	0
chr2:16500000-17000000	chr2	16500000	17000000	0.879258	1.09554	0.216286	0.800829	0.921422	0.120593	1.0000	1
chr2:17000000-17500000	chr2	17000000	17500000	0.476033	0.955027	0.478994	0.63806	0.913039	0.274979	1.0000	0
chr2:17500000-18000000	chr2	17500000	18000000	0.268583	0.294651	0.0260686	0.393816	0.402649	0.00883321	1.0000	6
chr2:18000000-18500000	chr2	18000000	18500000	0.29611	0.340773	0.0446631	0.320356	0.157438	-0.162917	1.0000	0
chr2:18500000-19000000	chr2	18500000	19000000	-0.23925	-0.00392783	0.235322	0.101726	0.0402948	-0.0614316	1.0000	2
chr2:19000000-19500000	chr2	19000000	19500000	-0.172026	-0.0207984	0.151228	-0.0997708	-0.187808	-0.0880372	1.0000	1
chr2:19500000-20000000	chr2	19500000	20000000	-0.302688	-0.394867	-0.0921788	-0.428708	-0.532391	-0.103683	1.0000	2
chr2:20000000-20500000	chr2	20000000	20500000	-0.602292	-0.486879	0.115413	-0.667998	-0.63332	0.0346774	1.0000	5
chr2:20500000-21000000	chr2	20500000	21000000	0.665284	0.470006	-0.195279	0.548295	0.451064	-0.0972304	1.0000	3
chr2:21000000-21500000	chr2	21000000	21500000	1.00515	1.25043	0.245274	1.00226	1.20904	0.206777	1.0000	2
chr2:21500000-22000000	chr2	21500000	22000000	0.860655	1.15613	0.295472	0.69118	1.12346	0.432282	0.9800	0
chr2:22000000-22500000	chr2	22000000	22500000	0.659135	1.16589	0.506758	0.717362	1.13718	0.419823	1.0000	0
chr2:22500000-23000000	chr2	22500000	23000000	0.757533	1.24369	0.486157	0.874816	1.28058	0.405766	1.0000	0
chr2:23000000-23500000	chr2	23000000	23500000	0.898117	0.95303	0.0549129	0.359607	0.369286	0.00967887	1.0000	1
chr2:23500000-24000000	chr2	23500000	24000000	-0.320051	-0.437821	-0.117771	-0.485515	-0.584603	-0.0990882	1.0000	2
chr2:24000000-24500000	chr2	24000000	24500000	-0.686272	-0.865308	-0.179036	-0.903092	-0.998538	-0.0954464	1.0000	10
chr2:24500000-25000000	chr2	24500000	25000000	-0.943164	-0.938503	0.00466098	-0.918786	-0.989965	-0.0711796	1.0000	4
chr2:25000000-25500000	chr2	25000000	25500000	-0.633038	-0.519214	0.113824	-0.74501	-1.00002	-0.25501	1.0000	3
chr2:25500000-26000000	chr2	25500000	26000000	-1.12686	-1.10503	0.0218329	-1.15742	-1.28338	-0.125958	1.0000	3
chr2:26000000-26500000	chr2	26000000	26500000	-1.08904	-1.02888	0.0601638	-1.4037	-1.44327	-0.0395674	1.0000	7
chr2:26500000-27000000	chr2	26500000	27000000	-0.666961	-0.901905	-0.234944	-1.01847	-1.27989	-0.261421	1.0000	8
chr2:27000000-27500000	chr2	27000000	27500000	-0.981598	-0.844171	0.137427	-1.31139	-1.2912	0.0201891	1.0000	28
chr2:27500000-28000000	chr2	27500000	28000000	-1.41828	-1.26959	0.148692	-1.31308	-1.3234	-0.0103166	1.0000	9
chr2:28000000-28500000	chr2	28000000	28500000	-1.18939	-1.01668	0.172704	-0.983956	-1.02148	-0.0375256	1.0000	2
chr2:28500000-29000000	chr2	28500000	29000000	-1.10302	-0.999461	0.103561	-1.20633	-1.16066	0.0456753	1.0000	5
chr2:29000000-29500000	chr2	29000000	29500000	-0.0519126	-0.0366394	0.0152732	-0.274782	-0.269287	0.00549417	1.0000	2
chr2:29500000-30000000	chr2	29500000	30000000	0.332333	0.200259	-0.132074	-0.0859688	-0.0497098	0.0362591	1.0000	1
chr2:30000000-30500000	chr2	30000000	30500000	-0.0748814	-0.159739	-0.0848576	-0.212599	-0.188957	0.023642	1.0000	3
chr2:30500000-31000000	chr2	30500000	31000000	0.53736	0.663512	0.126152	0.531283	0.390713	-0.140571	1.0000	1
chr2:31000000-31500000	chr2	31000000	31500000	0.487336	0.587975	0.100639	0.461603	0.318771	-0.142832	1.0000	4
chr2:31500000-32000000	chr2	31500000	32000000	0.0481101	0.212174	0.164064	-0.0176296	0.155769	0.173399	1.0000	1
chr2:32000000-32500000	chr2	32000000	32500000	-1.13779	-1.08303	0.0547678	-1.10095	-0.926761	0.174193	1.0000	7
chr2:32500000-33000000	chr2	32500000	33000000	-1.05959	-0.891519	0.16807	-0.95329	-1.05819	-0.1049	0.9600	2
chr2:33000000-33500000	chr2	33000000	33500000	-0.743659	-0.85642	-0.112761	-0.735392	-0.83148	-0.0960881	1.0000	1
chr2:33500000-34000000	chr2	33500000	34000000	0.416181	0.634553	0.218371	0.419061	0.518786	0.0997247	0.9800	1
chr2:34000000-34500000	chr2	34000000	34500000	0.513522	0.849523	0.336001	0.519197	0.873105	0.353908	1.0000	0
chr2:34500000-35000000	chr2	34500000	35000000	0.586889	1.0216	0.434708	0.710003	1.04657	0.336563	1.0000	0
chr2:35000000-35500000	chr2	35000000	35500000	0.371	0.606494	0.235493	0.41043	0.87142	0.460991	1.0000	0
chr2:35500000-36000000	chr2	35500000	36000000	0.53548	0.797068	0.261588	0.724808	0.793565	0.0687572	1.0000	0
chr2:36000000-36500000	chr2	36000000	36500000	-0.0756493	0.114774	0.190424	0.108484	0.168483	0.0599989	0.9800	1
chr2:36500000-37000000	chr2	36500000	37000000	-0.78065	-0.699495	0.0811548	-0.817902	-0.707299	0.110604	1.0000	3
chr2:37000000-37500000	chr2	37000000	37500000	-1.34758	-1.25853	0.0890484	-1.36579	-1.35246	0.0133248	1.0000	9
chr2:37500000-38000000	chr2	37500000	38000000	-1.42631	-1.14397	0.282344	-1.21444	-1.03067	0.183772	1.0000	2
chr2:38000000-38500000	chr2	38000000	38500000	-0.872117	-0.852108	0.0200093	-0.94777	-1.25949	-0.311725	1.0000	2
chr2:38500000-39000000	chr2	38500000	39000000	-1.17551	-1.07886	0.0966488	-1.09434	-1.10537	-0.011036	1.0000	7
chr2:39000000-39500000	chr2	39000000	39500000	-1.69195	-1.33548	0.356472	-1.15141	-1.23406	-0.0826471	1.0000	3
chr2:39500000-40000000	chr2	39500000	40000000	-0.860809	-0.897822	-0.0370131	-0.874769	-1.16173	-0.286962	1.0000	2
chr2:40000000-40500000	chr2	40000000	40500000	-0.977026	-0.989186	-0.0121601	-0.716113	-0.977594	-0.26148	1.0000	1
chr2:40500000-41000000	chr2	40500000	41000000	-0.959018	-0.695889	0.263129	-0.515113	-0.448601	0.066512	1.0000	0
chr2:41000000-41500000	chr2	41000000	41500000	-0.101486	0.129505	0.230991	-0.0249195	0.0995427	0.124462	1.0000	0
chr2:41500000-42000000	chr2	41500000	42000000	0.205695	0.113539	-0.0921561	0.0466374	-0.115783	-0.162421	1.0000	0
chr2:42000000-42500000	chr2	42000000	42500000	-0.813992	-0.755277	0.0587147	-0.677368	-1.07881	-0.40144	1.0000	4
chr2:42500000-43000000	chr2	42500000	43000000	-0.566871	-0.749773	-0.182902	-0.795343	-1.04066	-0.245315	1.0000	3
chr2:43000000-43500000	chr2	43000000	43500000	-0.762875	-0.77015	-0.00727454	-0.724932	-0.979303	-0.254371	1.0000	1
chr2:43500000-44000000	chr2	43500000	44000000	-0.867686	-0.939278	-0.0715917	-0.735385	-1.27767	-0.542288	1.0000	7
chr2:44000000-44500000	chr2	44000000	44500000	-0.634862	-1.01381	-0.378949	-0.512547	-0.954877	-0.44233	1.0000	4
chr2:44500000-45000000	chr2	44500000	45000000	-0.0633366	-0.379677	-0.31634	-0.111676	-0.351248	-0.239573	1.0000	1
chr2:45000000-45500000	chr2	45000000	45500000	-0.0932137	-0.528518	-0.435304	-0.23877	-0.569434	-0.330664	1.0000	1
chr2:45500000-46000000	chr2	45500000	46000000	-0.582468	-0.448734	0.133734	-0.59407	-0.835239	-0.241169	1.0000	2
chr2:46000000-46500000	chr2	46000000	46500000	-0.65771	-0.57267	0.0850397	-0.879775	-1.01285	-0.133078	1.0000	2
chr2:46500000-47000000	chr2	46500000	47000000	-1.03994	-0.890707	0.149235	-0.887634	-1.10824	-0.220609	1.0000	7
chr2:47000000-47500000	chr2	47000000	47500000	-0.565355	-0.741024	-0.17567	-0.785816	-0.960604	-0.174788	1.0000	4
chr2:47500000-48000000	chr2	47500000	48000000	-0.281957	-0.351843	-0.0698855	-0.481645	-0.584936	-0.10329	1.0000	3
chr2:48000000-48500000	chr2	48000000	48500000	-0.212072	-0.314952	-0.10288	-0.287943	-0.229139	0.058804	1.0000	2
chr2:48500000-49000000	chr2	48500000	49000000	1.18769	0.996663	-0.191022	0.824584	0.846513	0.0219285	1.0000	3
chr2:49000000-49500000	chr2	49000000	49500000	0.914278	1.04735	0.133075	0.784943	0.979303	0.19436	0.9800	1
chr2:49500000-50000000	chr2	49500000	50000000	0.804093	1.01427	0.210182	0.751304	1.13253	0.381223	1.0000	0
chr2:50000000-50500000	chr2	50000000	50500000	0.677817	0.936287	0.25847	0.688521	1.1525	0.463981	1.0000	0
chr2:50500000-51000000	chr2	50500000	51000000	0.615008	0.777118	0.16211	0.71115	1.0958	0.384648	1.0000	0
chr2:51000000-51500000	chr2	51000000	51500000	0.473256	0.914914	0.441659	0.626562	1.18258	0.556017	1.0000	1
chr2:51500000-52000000	chr2	51500000	52000000	0.0999603	0.456957	0.356996	0.538263	0.834324	0.296062	1.0000	0
chr2:52000000-52500000	chr2	52000000	52500000	0.25359	0.397804	0.144214	0.387613	0.838247	0.450634	1.0000	0
chr2:52500000-53000000	chr2	52500000	53000000	0.646065	0.749777	0.103711	0.621275	1.02994	0.408669	1.0000	0
chr2:53000000-53500000	chr2	53000000	53500000	0.260221	0.25342	-0.00680071	0.225449	0.370346	0.144897	1.0000	0
chr2:53500000-54000000	chr2	53500000	54000000	-0.296061	-0.428869	-0.132809	-0.351786	-0.393392	-0.0416064	1.0000	5
chr2:54000000-54500000	chr2	54000000	54500000	-1.02133	-1.01812	0.00320968	-0.966951	-1.15776	-0.190809	1.0000	4
chr2:54500000-55000000	chr2	54500000	55000000	-1.09692	-0.964486	0.132433	-1.08208	-1.10727	-0.0251864	1.0000	1
chr2:55000000-55500000	chr2	55000000	55500000	-1.22386	-1.22876	-0.00490039	-0.949359	-0.941692	0.00766759	1.0000	5
chr2:55500000-56000000	chr2	55500000	56000000	-0.646888	-0.810593	-0.163705	-0.328212	-0.636953	-0.308741	1.0000	4
chr2:56000000-56500000	chr2	56000000	56500000	0.0732363	-0.102028	-0.175264	0.129463	-0.00182757	-0.131291	1.0000	1
chr2:56500000-57000000	chr2	56500000	57000000	0.123075	-0.0833365	-0.206411	0.22325	0.156319	-0.0669317	1.0000	0
chr2:57000000-57500000	chr2	57000000	57500000	0.13707	0.136299	-0.000771809	0.387621	0.672742	0.285121	1.0000	0
chr2:57500000-58000000	chr2	57500000	58000000	0.394679	0.376733	-0.0179462	0.704396	0.696949	-0.00744643	1.0000	0
chr2:58000000-58500000	chr2	58000000	58500000	-0.00481841	-0.0599014	-0.055083	0.311466	0.380806	0.06934	1.0000	2
chr2:58500000-59000000	chr2	58500000	59000000	0.216383	0.00664507	-0.209738	0.467338	0.267559	-0.199779	1.0000	0
chr2:59000000-59500000	chr2	59000000	59500000	0.665723	0.620828	-0.0448945	0.612962	0.709884	0.0969224	1.0000	0
chr2:59500000-60000000	chr2	59500000	60000000	0.899719	1.00603	0.106309	0.792971	0.960976	0.168005	1.0000	0
chr2:60000000-60500000	chr2	60000000	60500000	0.78591	0.790126	0.004216	0.393219	0.485583	0.0923638	1.0000	0
chr2:60500000-61000000	chr2	60500000	61000000	-0.166502	-0.346967	-0.180466	-0.101603	-0.380679	-0.279076	1.0000	3
chr2:61000000-61500000	chr2	61000000	61500000	-1.30981	-1.0398	0.270011	-1.30103	-1.18779	0.113242	1.0000	5
chr2:61500000-62000000	chr2	61500000	62000000	-0.8924	-1.0007	-0.1083	-1.01313	-1.16296	-0.149826	1.0000	4
chr2:62000000-62500000	chr2	62000000	62500000	-0.307909	-0.457367	-0.149458	-0.533726	-0.847682	-0.313956	1.0000	1
chr2:62500000-63000000	chr2	62500000	63000000	-0.568573	-0.585545	-0.0169717	-0.404975	-0.480307	-0.0753325	1.0000	2
chr2:63000000-63500000	chr2	63000000	63500000	-0.0135816	-0.0168266	-0.00324491	0.106317	0.198854	0.0925368	1.0000	1
chr2:63500000-64000000	chr2	63500000	64000000	-0.969629	-0.884639	0.0849894	-0.703462	-0.742467	-0.0390045	1.0000	3
chr2:64000000-64500000	chr2	64000000	64500000	-0.93539	-0.942129	-0.00673932	-0.9306	-1.20328	-0.272683	0.9600	3
chr2:64500000-65000000	chr2	64500000	65000000	-0.949497	-1.21917	-0.269677	-1.15701	-1.03439	0.122611	1.0000	3
chr2:65000000-65500000	chr2	65000000	65500000	-0.709176	-1.0239	-0.314727	-0.904816	-1.18582	-0.281007	1.0000	4
chr2:65500000-66000000	chr2	65500000	66000000	0.0305027	0.169095	0.138592	-0.100371	-0.32714	-0.226769	1.0000	0
chr2:66000000-66500000	chr2	66000000	66500000	0.144221	0.0831613	-0.0610597	-0.000665217	-0.0689456	-0.0682804	1.0000	1
chr2:66500000-67000000	chr2	66500000	67000000	-0.912883	-0.796099	0.116784	-0.568308	-0.809392	-0.241085	1.0000	0
chr2:67000000-67500000	chr2	67000000	67500000	-0.927453	-0.932769	-0.00531613	-0.971378	-1.1113	-0.139922	1.0000	1
chr2:67500000-68000000	chr2	67500000	68000000	-0.420819	-0.404731	0.0160879	-0.776454	-0.838808	-0.0623531	1.0000	0
chr2:68000000-68500000	chr2	68000000	68500000	-1.14457	-1.01187	0.132699	-1.13877	-1.00566	0.133115	1.0000	8
chr2:68500000-69000000	chr2	68500000	69000000	-0.839238	-0.899802	-0.0605642	-0.976099	-0.925462	0.0506367	1.0000	5
chr2:69000000-69500000	chr2	69000000	69500000	-0.945649	-0.921627	0.0240224	-1.19367	-1.18665	0.00702554	1.0000	3
chr2:69500000-70000000	chr2	69500000	70000000	-1.06329	-1.00739	0.0558959	-1.16368	-1.11455	0.0491247	1.0000	6
chr2:70000000-70500000	chr2	70000000	70500000	-0.509196	-0.731611	-0.222415	-0.825197	-0.793826	0.0313703	1.0000	6
chr2:70500000-71000000	chr2	70500000	71000000	0.137148	-0.0597056	-0.196853	0.0352966	-0.503907	-0.539204	1.0000	9
chr2:71000000-71500000	chr2	71000000	71500000	-0.633896	-0.713796	-0.0798997	-0.659964	-0.8902	-0.230236	1.0000	6
chr2:71500000-72000000	chr2	71500000	72000000	-0.324992	-0.510851	-0.185859	-0.572573	-0.752767	-0.180194	1.0000	0
chr2:72000000-72500000	chr2	72000000	72500000	-0.652087	-0.862615	-0.210528	-0.881887	-0.929897	-0.0480106	1.0000	1
chr2:72500000-73000000	chr2	72500000	73000000	-1.09107	-1.15236	-0.0612865	-1.0324	-1.07633	-0.0439216	1.0000	3
chr2:73000000-73500000	chr2	73000000	73500000	-0.292764	-0.632518	-0.339754	-0.709555	-0.638737	0.0708173	1.0000	9
chr2:73500000-74000000	chr2	73500000	74000000	-0.350924	-0.558361	-0.207437	-0.551695	-0.826492	-0.274797	1.0000	8
chr2:74000000-74500000	chr2	74000000	74500000	-0.572064	-0.594835	-0.0227707	-0.90919	-0.991692	-0.082502	1.0000	15
chr2:74500000-75000000	chr2	74500000	75000000	-0.501591	-0.619297	-0.117707	-0.411212	-0.856674	-0.445462	1.0000	11
chr2:75000000-75500000	chr2	75000000	75500000	-0.139091	-0.188353	-0.0492625	-0.185851	-0.324379	-0.138529	1.0000	1
chr2:75500000-76000000	chr2	75500000	76000000	0.321781	0.156468	-0.165313	0.403556	0.433065	0.0295089	1.0000	3
chr2:76000000-76500000	chr2	76000000	76500000	0.792526	0.969451	0.176925	0.685596	1.1411	0.455505	1.0000	0
chr2:76500000-77000000	chr2	76500000	77000000	0.376325	0.50476	0.128435	0.58497	0.88866	0.303689	1.0000	0
chr2:77000000-77500000	chr2	77000000	77500000	0.404593	0.468585	0.0639917	0.446135	0.786911	0.340775	1.0000	0
chr2:77500000-78000000	chr2	77500000	78000000	0.45066	0.655648	0.204988	0.633457	0.976642	0.343185	1.0000	1
chr2:78000000-78500000	chr2	78000000	78500000	0.472223	0.592358	0.120135	0.680645	1.13787	0.457227	1.0000	0
chr2:78500000-79000000	chr2	78500000	79000000	0.436646	0.663793	0.227147	0.711572	0.821577	0.110005	1.0000	0
chr2:79000000-79500000	chr2	79000000	79500000	1.13006	1.27559	0.145534	0.97195	1.12517	0.153222	1.0000	4
chr2:79500000-80000000	chr2	79500000	80000000	0.742139	0.829066	0.0869271	0.745326	0.908711	0.163385	1.0000	1
chr2:80000000-80500000	chr2	80000000	80500000	0.919247	0.810468	-0.10878	0.711879	0.690784	-0.0210954	1.0000	1
chr2:80500000-81000000	chr2	80500000	81000000	0.949375	1.00397	0.0545954	0.859149	1.07916	0.220012	1.0000	0
chr2:81000000-81500000	chr2	81000000	81500000	0.597421	0.88116	0.28374	0.798386	1.04653	0.248141	1.0000	0
chr2:81500000-82000000	chr2	81500000	82000000	0.482788	0.643193	0.160406	0.78495	0.759075	-0.0258756	1.0000	0
chr2:82000000-82500000	chr2	82000000	82500000	0.476207	0.514061	0.0378539	0.50416	0.906322	0.402161	1.0000	0
chr2:82500000-83000000	chr2	82500000	83000000	0.0559766	0.176688	0.120711	0.135966	0.458333	0.322366	1.0000	0
chr2:83000000-83500000	chr2	83000000	83500000	-0.0790165	0.25491	0.333926	0.321683	0.335559	0.0138754	1.0000	0
chr2:83500000-84000000	chr2	83500000	84000000	0.579107	0.800217	0.22111	0.619759	1.03962	0.419859	1.0000	0
chr2:84000000-84500000	chr2	84000000	84500000	0.897037	0.822864	-0.0741731	0.82837	0.892781	0.0644107	1.0000	1
chr2:84500000-85000000	chr2	84500000	85000000	0.332097	0.192698	-0.139399	0.284118	0.186024	-0.0980939	1.0000	4
chr2:85000000-85500000	chr2	85000000	85500000	-0.489284	-0.72422	-0.234936	-0.654245	-0.93972	-0.285474	1.0000	6
chr2:85500000-86000000	chr2	85500000	86000000	-0.662582	-0.742741	-0.0801592	-0.908287	-1.023	-0.11471	1.0000	12
chr2:86000000-86500000	chr2	86000000	86500000	-0.611689	-0.58817	0.023518	-0.854506	-0.98421	-0.129704	1.0000	6
chr2:86500000-87000000	chr2	86500000	87000000	-0.331732	-0.463492	-0.13176	-0.479624	-0.566354	-0.0867306	0.7600	6
chr2:87000000-87500000	chr2	87000000	87500000	nan	nan	nan	nan	nan	nan	0.1200	1
chr2:87500000-88000000	chr2	87500000	88000000	nan	nan	nan	nan	nan	nan	0.2600	2
chr2:88000000-88500000	chr2	88000000	88500000	0.716015	0.691005	-0.0250105	0.612886	0.463613	-0.149274	1.0000	6
chr2:88500000-89000000	chr2	88500000	89000000	0.776151	0.47073	-0.30542	0.574368	0.496748	-0.07762	0.9200	3
chr2:89000000-89500000	chr2	89000000	89500000	nan	nan	nan	nan	nan	nan	0.4600	0
chr2:89500000-90000000	chr2	89500000	90000000	nan	nan	nan	nan	nan	nan	0.1000	0
chr2:90000000-90500000	chr2	90000000	90500000	nan	nan	nan	nan	nan	nan	0.4800	0
chr2:90500000-91000000	chr2	90500000	91000000	nan	nan	nan	nan	nan	nan	0.0000	0
chr2:91000000-91500000	chr2	91000000	91500000	nan	nan	nan	nan	nan	nan	0.0000	0
chr2:91500000-92000000	chr2	91500000	92000000	nan	nan	nan	nan	nan	nan	0.1400	0
chr2:92000000-92500000	chr2	92000000	92500000	nan	nan	nan	nan	nan	nan	0.0000	0
chr2:92500000-93000000	chr2	92500000	93000000	nan	nan	nan	nan	nan	nan	0.0000	0
chr2:93000000-93500000	chr2	93000000	93500000	nan	nan	nan	nan	nan	nan	0.0000	0
chr2:93500000-94000000	chr2	93500000	94000000	nan	nan	nan	nan	nan	nan	0.0000	0
chr2:94000000-94500000	chr2	94000000	94500000	nan	nan	nan	nan	nan	nan	0.0000	0
chr2:94500000-95000000	chr2	94500000	95000000	0.965225	1.15431	0.189087	1.10666	1.40757	0.300907	0.8600	2
chr2:95000000-95500000	chr2	95000000	95500000	0.948576	0.631367	-0.317209	0.648739	0.608565	-0.0401739	1.0000	9
chr2:95500000-96000000	chr2	95500000	96000000	0.742973	0.281845	-0.461128	0.3732	0.385813	0.0126132	0.7000	3
chr2:96000000-96500000	chr2	96000000	96500000	-0.148314	-0.288189	-0.139874	-0.442891	-0.619152	-0.17626	0.8600	10
chr2:96500000-97000000	chr2	96500000	97000000	-0.0183271	-0.426374	-0.408047	-0.388488	-0.580645	-0.192157	1.0000	11
chr2:97000000-97500000	chr2	97000000	97500000	nan	nan	nan	nan	nan	nan	0.2000	2
chr2:97500000-98000000	chr2	97500000	98000000	-0.171558	-0.426527	-0.254969	-0.279744	-0.348532	-0.0687882	0.7600	6
chr2:98000000-98500000	chr2	98000000	98500000	0.250645	0.0258993	-0.224745	0.105231	-0.134206	-0.239437	1.0000	3
chr2:98500000-99000000	chr2	98500000	99000000	0.20791	0.0901439	-0.117766	0.134262	-0.0741841	-0.208447	1.0000	4
chr2:99000000-99500000	chr2	99000000	99500000	-0.531634	-0.537226	-0.00559257	-0.380583	-0.360518	0.0200645	1.0000	10
chr2:99500000-100000000	chr2	99500000	100000000	-0.52283	-0.39755	0.125281	-0.512146	-0.763176	-0.25103	1.0000	0
chr2:100000000-100500000	chr2	100000000	100500000	-0.432994	-0.485773	-0.0527783	-0.543131	-0.701705	-0.158573	1.0000	4
chr2:100500000-101000000	chr2	100500000	101000000	-0.286269	-0.429608	-0.143339	-0.513972	-0.726466	-0.212494	1.0000	2
chr2:101000000-101500000	chr2	101000000	101500000	-0.764324	-0.641252	0.123072	-0.839556	-0.887862	-0.048306	1.0000	6
chr2:101500000-102000000	chr2	101500000	102000000	-0.737407	-0.575745	0.161661	-0.720217	-0.927664	-0.207447	1.0000	2
chr2:102000000-102500000	chr2	102000000	102500000	-0.474623	-0.506864	-0.032241	-0.509563	-0.46089	0.0486732	1.0000	6
chr2:102500000-103000000	chr2	102500000	103000000	0.967149	0.902866	-0.0642828	0.708753	0.757101	0.0483483	1.0000	3
chr2:103000000-103500000	chr2	103000000	103500000	0.792827	1.10322	0.310388	0.947966	1.19481	0.246841	1.0000	0
chr2:103500000-104000000	chr2	103500000	104000000	0.550592	0.879106	0.328514	0.654595	1.15647	0.50188	1.0000	0
chr2:104000000-104500000	chr2	104000000	104500000	0.952724	1.13102	0.178295	0.943147	1.14375	0.200599	1.0000	0
chr2:104500000-105000000	chr2	104500000	105000000	1.02597	1.02529	-0.000679711	0.920187	0.988861	0.0686742	1.0000	1
chr2:105000000-105500000	chr2	105000000	105500000	0.116762	0.110319	-0.00644332	0.197396	0.0370754	-0.16032	1.0000	5
chr2:105500000-106000000	chr2	105500000	106000000	0.507735	0.529694	0.0219593	0.286147	0.126529	-0.159618	1.0000	1
chr2:106000000-106500000	chr2	106000000	106500000	0.771449	0.685517	-0.085932	0.48965	0.411021	-0.0786298	1.0000	4
chr2:106500000-107000000	chr2	106500000	107000000	0.497143	0.466121	-0.0310216	0.443255	0.460928	0.0176725	1.0000	1
chr2:107000000-107500000	chr2	107000000	107500000	0.254657	0.594138	0.339482	0.402464	0.451586	0.0491221	1.0000	0
chr2:107500000-108000000	chr2	107500000	108000000	0.377907	0.356037	-0.0218697	0.360997	0.483623	0.122626	1.0000	2
chr2:108000000-108500000	chr2	108000000	108500000	0.175774	0.0454446	-0.13033	0.16106	0.11079	-0.0502692	1.0000	4
chr2:108500000-109000000	chr2	108500000	109000000	-0.805354	-0.955254	-0.149901	-0.776058	-0.705991	0.0700668	1.0000	4
chr2:109000000-109500000	chr2	109000000	109500000	-0.290943	-0.659326	-0.368383	-0.614309	-0.841088	-0.226779	0.9800	1
chr2:109500000-110000000	chr2	109500000	110000000	nan	nan	nan	nan	nan	nan	0.4800	4
chr2:110000000-110500000	chr2	110000000	110500000	nan	nan	nan	nan	nan	nan	0.2600	4
chr2:110500000-111000000	chr2	110500000	111000000	-0.677976	-0.573565	0.104411	-0.873749	-0.845537	0.0282127	0.7200	3
chr2:111000000-111500000	chr2	111000000	111500000	-0.673039	-0.633729	0.0393103	-0.850827	-0.941023	-0.0901961	0.5000	1
chr2:111500000-112000000	chr2	111500000	112000000	-0.582972	-0.631065	-0.0480926	-0.731805	-0.889309	-0.157504	1.0000	2
chr2:112000000-112500000	chr2	112000000	112500000	-0.823174	-0.834934	-0.0117595	-0.554348	-0.768468	-0.21412	0.7800	6
chr2:112500000-113000000	chr2	112500000	113000000	-0.395722	-0.665696	-0.269974	-0.423066	-0.733298	-0.310232	1.0000	9
chr2:113000000-113500000	chr2	113000000	113500000	0.0682601	-0.0500508	-0.118311	0.115262	-0.375573	-0.490835	0.7400	9
chr2:113500000-114000000	chr2	113500000	114000000	-0.523805	-0.503025	0.0207802	-0.481825	-0.555806	-0.0739804	0.6600	3
chr2:114000000-114500000	chr2	114000000	114500000	0.958349	1.05922	0.100867	0.843679	0.973563	0.129884	1.0000	1
chr2:114500000-115000000	chr2	114500000	115000000	0.958003	1.36232	0.404316	1.07647	1.07554	-0.000928122	1.0000	0
chr2:115000000-115500000	chr2	115000000	115500000	0.841779	0.939564	0.0977848	0.622978	1.28708	0.664101	1.0000	0
chr2:115500000-116000000	chr2	115500000	116000000	0.573393	1.01039	0.436994	0.616732	1.30492	0.688188	1.0000	0
chr2:116000000-116500000	chr2	116000000	116500000	0.67649	1.10744	0.430954	0.79531	1.22976	0.434446	1.0000	0
chr2:116500000-117000000	chr2	116500000	117000000	0.664953	0.954855	0.289903	0.841839	1.12497	0.283132	1.0000	0
chr2:117000000-117500000	chr2	117000000	117500000	0.757946	0.976073	0.218127	0.747126	1.15282	0.405697	1.0000	0
chr2:117500000-118000000	chr2	117500000	118000000	0.969353	0.850642	-0.118711	0.73857	0.700514	-0.0380559	1.0000	1
chr2:118000000-118500000	chr2	118000000	118500000	0.66733	0.665877	-0.00145316	0.53644	0.586956	0.0505156	1.0000	2
chr2:118500000-119000000	chr2	118500000	119000000	1.0651	1.07474	0.00964332	0.766178	0.937421	0.171243	1.0000	2
chr2:119000000-119500000	chr2	119000000	119500000	0.792789	0.611993	-0.180796	0.596657	0.444319	-0.152337	1.0000	5
chr2:119500000-120000000	chr2	119500000	120000000	-0.229067	-0.411984	-0.182917	-0.351834	-0.193031	0.158803	1.0000	4
chr2:120000000-120500000	chr2	120000000	120500000	-0.273093	-0.384524	-0.111431	-0.434623	-0.648274	-0.213651	1.0000	4
chr2:120500000-121000000	chr2	120500000	121000000	-0.117229	-0.284633	-0.167404	-0.401541	-0.636442	-0.234901	1.0000	1
chr2:121000000-121500000	chr2	121000000	121500000	-0.0958319	-0.502972	-0.40714	-0.406181	-0.754651	-0.348469	1.0000	1
chr2:121500000-122000000	chr2	121500000	122000000	-0.0767708	0.0463143	0.123085	-0.350317	-0.355608	-0.00529068	1.0000	4
chr2:122000000-122500000	chr2	122000000	122500000	0.976405	1.09388	0.117477	0.898036	0.833975	-0.0640613	1.0000	0
chr2:122500000-123000000	chr2	122500000	123000000	0.480407	0.616599	0.136192	0.417975	0.606701	0.188726	1.0000	0
chr2:123000000-123500000	chr2	123000000	123500000	0.136432	0.0654219	-0.0710102	0.21096	0.486205	0.275246	1.0000	0
chr2:123500000-124000000	chr2	123500000	124000000	0.44761	0.810001	0.362391	0.63828	0.842433	0.204153	1.0000	0
chr2:124000000-124500000	chr2	124000000	124500000	0.603757	0.750803	0.147046	0.657299	0.906632	0.249333	1.0000	1
chr2:124500000-125000000	chr2	124500000	125000000	0.637766	0.794758	0.156992	0.615523	0.723824	0.108302	1.0000	0
chr2:125000000-125500000	chr2	125000000	125500000	0.371958	0.734021	0.362064	0.545609	1.01295	0.467345	1.0000	0
chr2:125500000-126000000	chr2	125500000	126000000	0.697206	0.968188	0.270981	0.597201	1.00543	0.408226	1.0000	0
chr2:126000000-126500000	chr2	126000000	126500000	0.69981	0.935031	0.235221	0.615404	0.97768	0.362276	1.0000	0
chr2:126500000-127000000	chr2	126500000	127000000	0.891243	0.724285	-0.166958	0.335534	0.517539	0.182005	1.0000	2
chr2:127000000-127500000	chr2	127000000	127500000	-0.308882	-0.597808	-0.288926	-0.618582	-0.520976	0.0976058	1.0000	5
chr2:127500000-128000000	chr2	127500000	128000000	-0.620058	-0.672381	-0.0523233	-0.846273	-0.789229	0.057044	1.0000	8
chr2:128000000-128500000	chr2	128000000	128500000	0.0543451	-0.0766145	-0.13096	-0.236477	-0.214007	0.02247	1.0000	3
chr2:128500000-129000000	chr2	128500000	129000000	0.515287	0.618616	0.103329	0.183555	0.561319	0.377763	1.0000	0
chr2:129000000-129500000	chr2	129000000	129500000	0.783878	0.995853	0.211975	0.449273	0.742541	0.293268	1.0000	0
chr2:129500000-130000000	chr2	129500000	130000000	0.924811	0.9532	0.0283886	0.58604	0.701672	0.115631	1.0000	1
chr2:130000000-130500000	chr2	130000000	130500000	0.710424	0.436104	-0.274321	0.440756	0.476035	0.0352791	0.9800	8
chr2:130500000-131000000	chr2	130500000	131000000	0.869627	0.651153	-0.218474	0.364285	0.469657	0.105372	0.5600	7
chr2:131000000-131500000	chr2	131000000	131500000	0.720322	0.554113	-0.166209	0.516399	0.399596	-0.116802	1.0000	7
chr2:131500000-132000000	chr2	131500000	132000000	0.374219	0.338951	-0.0352679	0.666978	0.811741	0.144763	1.0000	1
chr2:132000000-132500000	chr2	132000000	132500000	0.451458	0.63911	0.187652	0.440984	0.608041	0.167057	0.7800	2
chr2:132500000-133000000	chr2	132500000	133000000	0.508859	0.114857	-0.394002	0.272582	0.0561325	-0.216449	1.0000	1
chr2:133000000-133500000	chr2	133000000	133500000	0.0344102	-0.112032	-0.146442	0.241486	-0.160579	-0.402065	1.0000	0
chr2:133500000-134000000	chr2	133500000	134000000	0.00717259	-0.126864	-0.134036	0.0475389	-0.14	-0.187539	1.0000	1
chr2:134000000-134500000	chr2	134000000	134500000	0.326587	0.13362	-0.192968	0.373633	-0.290912	-0.664546	1.0000	1
chr2:134500000-135000000	chr2	134500000	135000000	0.492026	0.422508	-0.0695184	0.451635	0.293301	-0.158334	1.0000	3
chr2:135000000-135500000	chr2	135000000	135500000	0.126651	-0.0217734	-0.148425	0.045706	-0.0273711	-0.0730771	1.0000	2
chr2:135500000-136000000	chr2	135500000	136000000	-0.0197213	-0.269784	-0.250062	0.0997358	-0.197289	-0.297025	1.0000	6
chr2:136000000-136500000	chr2	136000000	136500000	1.12492	1.04114	-0.0837775	0.997822	0.825216	-0.172606	1.0000	1
chr2:136500000-137000000	chr2	136500000	137000000	1.18542	1.53371	0.348285	1.13736	1.23032	0.0929554	1.0000	1
chr2:137000000-137500000	chr2	137000000	137500000	0.598571	0.816479	0.217908	0.774774	0.781264	0.00648963	1.0000	0
chr2:137500000-138000000	chr2	137500000	138000000	0.723573	0.837119	0.113546	0.684925	1.17491	0.489985	1.0000	1
chr2:138000000-138500000	chr2	138000000	138500000	0.155566	0.228658	0.0730921	0.318232	0.463796	0.145564	1.0000	0
chr2:138500000-139000000	chr2	138500000	139000000	0.447069	0.547727	0.100658	0.406648	0.446145	0.0394968	1.0000	2
chr2:139000000-139500000	chr2	139000000	139500000	0.553591	0.881709	0.328119	0.694753	1.20669	0.511942	1.0000	0
chr2:139500000-140000000	chr2	139500000	140000000	0.657205	1.06546	0.408255	0.759633	1.25555	0.495921	1.0000	0
chr2:140000000-140500000	chr2	140000000	140500000	0.413103	0.636972	0.223869	0.652438	1.01004	0.357599	1.0000	0
chr2:140500000-141000000	chr2	140500000	141000000	-0.108143	0.016689	0.124832	0.168857	0.455813	0.286956	1.0000	0
chr2:141000000-141500000	chr2	141000000	141500000	-0.252512	-0.411852	-0.15934	0.051693	-0.0171983	-0.0688913	1.0000	0
chr2:141500000-142000000	chr2	141500000	142000000	-0.0546461	0.0899348	0.144581	0.355082	0.520405	0.165323	1.0000	0
chr2:142000000-142500000	chr2	142000000	142500000	0.101495	0.356476	0.254981	0.45069	0.636456	0.185766	1.0000	1
chr2:142500000-143000000	chr2	142500000	143000000	0.0544065	-0.0129039	-0.0673104	0.356687	0.388293	0.0316061	1.0000	1
chr2:143000000-143500000	chr2	143000000	143500000	-0.142695	-0.0387536	0.103941	0.209513	0.00307926	-0.206433	1.0000	1
chr2:143500000-144000000	chr2	143500000	144000000	-0.436461	-0.500493	-0.0640319	-0.32858	-0.602232	-0.273652	1.0000	0
chr2:144000000-144500000	chr2	144000000	144500000	-0.704532	-0.765668	-0.0611359	-0.464575	-0.656884	-0.19231	1.0000	1
chr2:144500000-145000000	chr2	144500000	145000000	-0.704825	-0.731284	-0.0264588	-0.432275	-0.820192	-0.387917	1.0000	1
chr2:145000000-145500000	chr2	145000000	145500000	-0.754364	-0.721397	0.0329669	-0.701691	-0.826148	-0.124457	1.0000	0
chr2:145500000-146000000	chr2	145500000	146000000	-0.372578	-0.583681	-0.211104	-0.478904	-0.501387	-0.0224831	1.0000	0
chr2:146000000-146500000	chr2	146000000	146500000	-0.20097	-0.186361	0.0146096	-0.136958	0.0481075	0.185065	1.0000	0
chr2:146500000-147000000	chr2	146500000	147000000	-0.3609	-0.281517	0.0793827	-0.227416	-0.0634795	0.163936	1.0000	0
chr2:147000000-147500000	chr2	147000000	147500000	0.473248	0.631226	0.157978	0.344133	0.61747	0.273337	1.0000	0
chr2:147500000-148000000	chr2	147500000	148000000	-0.0332062	0.0769717	0.110178	0.102869	0.0648699	-0.0379996	1.0000	1
chr2:148000000-148500000	chr2	148000000	148500000	-0.452107	-0.526513	-0.0744061	-0.278679	-0.284892	-0.0062134	1.0000	2
chr2:148500000-149000000	chr2	148500000	149000000	-0.251143	-0.368013	-0.11687	-0.306897	-0.494938	-0.188041	0.9800	2
chr2:149000000-149500000	chr2	149000000	149500000	-0.0936262	-0.394947	-0.301321	0.0156851	-0.594755	-0.61044	1.0000	2
chr2:149500000-150000000	chr2	149500000	150000000	-0.623402	-0.728343	-0.104941	-0.410487	-0.76678	-0.356293	1.0000	1
chr2:150000000-150500000	chr2	150000000	150500000	-0.800081	-0.952311	-0.15223	-0.834897	-0.848583	-0.0136857	1.0000	1
chr2:150500000-151000000	chr2	150500000	151000000	-0.667276	-0.693566	-0.0262899	-0.571634	-0.676908	-0.105275	1.0000	0
chr2:151000000-151500000	chr2	151000000	151500000	-0.390424	-0.468324	-0.0779004	-0.394507	-0.621576	-0.227069	1.0000	4
chr2:151500000-152000000	chr2	151500000	152000000	0.024604	0.0665937	0.0419897	0.382774	-0.0593457	-0.442119	1.0000	2
chr2:152000000-152500000	chr2	152000000	152500000	-0.242335	-0.375779	-0.133444	-0.332851	-0.469213	-0.136363	1.0000	3
chr2:152500000-153000000	chr2	152500000	153000000	0.149031	0.191559	0.042528	0.311453	0.114622	-0.196831	1.0000	2
chr2:153000000-153500000	chr2	153000000	153500000	0.935098	1.20238	0.267279	1.07269	1.24511	0.172422	1.0000	1
chr2:153500000-154000000	chr2	153500000	154000000	0.783522	1.16329	0.379768	0.871266	1.44423	0.572961	1.0000	1
chr2:154000000-154500000	chr2	154000000	154500000	0.420994	0.879583	0.458589	0.748824	1.42881	0.679981	1.0000	0
chr2:154500000-155000000	chr2	154500000	155000000	0.766232	1.18032	0.414091	1.01108	1.55779	0.546718	1.0000	1
chr2:155000000-155500000	chr2	155000000	155500000	0.754804	1.09205	0.337243	1.01664	1.50566	0.489028	1.0000	0
chr2:155500000-156000000	chr2	155500000	156000000	0.769274	0.995536	0.226262	1.00439	1.4814	0.477017	1.0000	0
chr2:156000000-156500000	chr2	156000000	156500000	0.534897	0.342241	-0.192656	0.831115	0.61659	-0.214525	1.0000	2
chr2:156500000-157000000	chr2	156500000	157000000	0.631607	0.55163	-0.079977	0.796462	1.07892	0.282463	1.0000	0
chr2:157000000-157500000	chr2	157000000	157500000	0.678528	0.485696	-0.192832	0.500962	0.728048	0.227085	1.0000	3
chr2:157500000-158000000	chr2	157500000	158000000	-0.0194984	-0.037426	-0.0179276	-0.0395991	0.0122764	0.0518755	1.0000	2
chr2:158000000-158500000	chr2	158000000	158500000	0.119702	0.0319696	-0.087732	0.415517	0.17708	-0.238437	1.0000	3
chr2:158500000-159000000	chr2	158500000	159000000	-0.32716	-0.438064	-0.110904	-0.35326	-0.395688	-0.0424278	1.0000	2
chr2:159000000-159500000	chr2	159000000	159500000	-1.10901	-1.03914	0.0698741	-0.843308	-0.978613	-0.135305	1.0000	1
chr2:159500000-160000000	chr2	159500000	160000000	-1.53184	-1.18407	0.34777	-1.06303	-1.15524	-0.0922133	1.0000	4
chr2:160000000-160500000	chr2	160000000	160500000	-1.13103	-0.924835	0.206197	-0.84486	-0.83342	0.0114404	1.0000	3
chr2:160500000-161000000	chr2	160500000	161000000	-0.807969	-1.04902	-0.241049	-0.982999	-1.11125	-0.128251	1.0000	0
chr2:161000000-161500000	chr2	161000000	161500000	-0.663563	-0.775504	-0.111941	-0.338709	-0.438841	-0.100132	0.9600	3
chr2:161500000-162000000	chr2	161500000	162000000	0.651479	0.660494	0.00901521	0.795564	1.0957	0.300132	1.0000	1
chr2:162000000-162500000	chr2	162000000	162500000	-0.0309779	-0.0613453	-0.0303675	0.463893	0.31253	-0.151364	1.0000	5
chr2:162500000-163000000	chr2	162500000	163000000	0.555601	0.821728	0.266127	1.17602	1.27742	0.101406	1.0000	1
chr2:163000000-163500000	chr2	163000000	163500000	0.0697334	0.0680614	-0.00167201	0.37008	0.400811	0.0307307	1.0000	0
chr2:163500000-164000000	chr2	163500000	164000000	-0.26096	-0.426712	-0.165752	-0.0915345	-0.215047	-0.123512	1.0000	1
chr2:164000000-164500000	chr2	164000000	164500000	0.124244	0.241907	0.117662	0.54409	0.580041	0.0359513	1.0000	0
chr2:164500000-165000000	chr2	164500000	165000000	-0.401015	-0.376717	0.0242974	0.303639	0.17273	-0.130909	1.0000	3
chr2:165000000-165500000	chr2	165000000	165500000	0.460895	0.516628	0.0557325	0.804354	0.814386	0.0100322	1.0000	3
chr2:165500000-166000000	chr2	165500000	166000000	0.730451	0.459312	-0.271139	1.06249	0.919262	-0.143229	1.0000	2
chr2:166000000-166500000	chr2	166000000	166500000	0.382426	0.700916	0.31849	0.914125	1.23681	0.322686	1.0000	3
chr2:166500000-167000000	chr2	166500000	167000000	0.537963	0.780693	0.24273	0.982073	1.45559	0.473516	1.0000	1
chr2:167000000-167500000	chr2	167000000	167500000	0.267096	0.371364	0.104268	0.497457	0.599851	0.102394	1.0000	1
chr2:167500000-168000000	chr2	167500000	168000000	0.862367	0.948285	0.0859181	0.835899	0.906119	0.0702199	1.0000	0
chr2:168000000-168500000	chr2	168000000	168500000	-0.28875	-0.406033	-0.117283	-0.138496	-0.290435	-0.151939	1.0000	2
chr2:168500000-169000000	chr2	168500000	169000000	-0.208096	-0.0884343	0.119661	0.0496786	-0.23954	-0.289219	1.0000	3
chr2:169000000-169500000	chr2	169000000	169500000	-0.00636923	0.184048	0.190417	0.211233	-0.102071	-0.313303	1.0000	4
chr2:169500000-170000000	chr2	169500000	170000000	-1.10468	-1.10985	-0.00516918	-0.859763	-0.857166	0.00259706	1.0000	9
chr2:170000000-170500000	chr2	170000000	170500000	-0.46655	-0.500353	-0.0338033	-0.363748	-0.678189	-0.314441	1.0000	1
chr2:170500000-171000000	chr2	170500000	171000000	-0.269962	-0.275629	-0.00566643	-0.408467	-0.578954	-0.170487	1.0000	4
chr2:171000000-171500000	chr2	171000000	171500000	-1.11705	-1.19406	-0.0770111	-1.22354	-1.17061	0.0529219	1.0000	3
chr2:171500000-172000000	chr2	171500000	172000000	-1.08418	-1.25169	-0.167507	-1.00628	-1.17604	-0.169761	1.0000	5
chr2:172000000-172500000	chr2	172000000	172500000	-0.895197	-0.949399	-0.0542016	-0.873025	-1.16579	-0.292762	1.0000	3
chr2:172500000-173000000	chr2	172500000	173000000	-1.10914	-1.06952	0.0396138	-0.964398	-1.0763	-0.111898	1.0000	2
chr2:173000000-173500000	chr2	173000000	173500000	-1.09875	-1.15248	-0.0537301	-0.943227	-1.13852	-0.195297	1.0000	2
chr2:173500000-174000000	chr2	173500000	174000000	-0.940073	-0.695779	0.244294	-0.782163	-0.905082	-0.122919	1.0000	1
chr2:174000000-174500000	chr2	174000000	174500000	-1.21896	-1.18746	0.0314961	-1.08608	-1.17858	-0.0925035	1.0000	5
chr2:174500000-175000000	chr2	174500000	175000000	-0.631838	-0.646987	-0.0151486	-0.625732	-0.656511	-0.030779	1.0000	2
chr2:175000000-175500000	chr2	175000000	175500000	-0.410335	-0.0285018	0.381834	-0.181289	-0.227044	-0.045755	1.0000	3
chr2:175500000-176000000	chr2	175500000	176000000	0.309284	0.552713	0.243428	0.302913	0.311008	0.00809493	1.0000	0
chr2:176000000-176500000	chr2	176000000	176500000	-0.0981513	-0.0345124	0.063639	0.0705852	0.0288293	-0.0417559	1.0000	12
chr2:176500000-177000000	chr2	176500000	177000000	0.551537	0.881082	0.329545	0.859188	0.708165	-0.151024	1.0000	0
chr2:177000000-177500000	chr2	177000000	177500000	-0.60487	-0.425722	0.179147	-0.214674	-0.227538	-0.0128643	1.0000	3
chr2:177500000-178000000	chr2	177500000	178000000	0.287197	0.445769	0.158573	0.443701	0.55979	0.116089	1.0000	2
chr2:178000000-178500000	chr2	178000000	178500000	-0.486641	-0.129804	0.356837	-0.0206405	-0.0935047	-0.0728643	1.0000	7
chr2:178500000-179000000	chr2	178500000	179000000	-0.0142019	0.430042	0.444244	0.421147	0.584054	0.162906	1.0000	1
chr2:179000000-179500000	chr2	179000000	179500000	0.137681	0.30513	0.167449	0.337069	0.356585	0.0195161	1.0000	2
chr2:179500000-180000000	chr2	179500000	180000000	0.192172	0.373757	0.181585	0.539075	0.651349	0.112274	1.0000	1
chr2:180000000-180500000	chr2	180000000	180500000	-0.155343	0.0282495	0.183592	0.0773215	0.310618	0.233296	1.0000	1
chr2:180500000-181000000	chr2	180500000	181000000	-0.307993	-0.339459	-0.0314653	-0.115055	-0.115372	-0.000316781	1.0000	1
chr2:181000000-181500000	chr2	181000000	181500000	-0.320039	-0.399132	-0.0790937	-0.125823	-0.0741572	0.0516661	0.9800	1
chr2:181500000-182000000	chr2	181500000	182000000	-0.488022	-0.577987	-0.0899652	0.054084	-0.220737	-0.274821	1.0000	4
chr2:182000000-182500000	chr2	182000000	182500000	-0.28485	-0.165975	0.118875	0.0860302	0.0162668	-0.0697634	1.0000	1
chr2:182500000-183000000	chr2	182500000	183000000	-0.564736	-0.620648	-0.0559114	-0.543132	-0.366342	0.17679	1.0000	2
chr2:183000000-183500000	chr2	183000000	183500000	0.0470068	0.167675	0.120669	0.3896	0.399751	0.0101512	1.0000	3
chr2:183500000-184000000	chr2	183500000	184000000	0.739976	0.949907	0.209931	1.11933	1.29462	0.175286	1.0000	0
chr2:184000000-184500000	chr2	184000000	184500000	0.124493	0.31833	0.193837	0.780011	1.1616	0.381584	1.0000	0
chr2:184500000-185000000	chr2	184500000	185000000	-0.000708893	0.042845	0.0435539	0.507477	0.853183	0.345706	1.0000	1
chr2:185000000-185500000	chr2	185000000	185500000	0.379256	0.428412	0.0491564	0.657794	1.07183	0.41404	1.0000	0
chr2:185500000-186000000	chr2	185500000	186000000	0.42273	0.689609	0.266879	0.932563	1.1933	0.260741	1.0000	1
chr2:186000000-186500000	chr2	186000000	186500000	0.697754	0.742773	0.0450181	1.11781	1.06389	-0.0539128	1.0000	1
chr2:186500000-187000000	chr2	186500000	187000000	-0.571326	-0.50795	0.0633759	-0.175814	-0.154528	0.0212856	1.0000	3
chr2:187000000-187500000	chr2	187000000	187500000	-0.0743456	-0.228393	-0.154047	0.359418	0.337674	-0.0217441	1.0000	1
chr2:187500000-188000000	chr2	187500000	188000000	-0.706164	-0.799128	-0.0929646	-0.459721	-0.43971	0.0200111	1.0000	1
chr2:188000000-188500000	chr2	188000000	188500000	-0.860209	-0.809764	0.050445	-0.428562	-0.421716	0.0068461	1.0000	1
chr2:188500000-189000000	chr2	188500000	189000000	-1.01719	-1.10237	-0.0851843	-0.470361	-0.316689	0.153672	1.0000	1
chr2:189000000-189500000	chr2	189000000	189500000	-1.39232	-1.41116	-0.0188339	-0.776307	-0.77793	-0.0016233	1.0000	2
chr2:189500000-190000000	chr2	189500000	190000000	-0.628295	-0.703964	-0.0756691	-0.562493	-0.705575	-0.143082	1.0000	7
chr2:190000000-190500000	chr2	190000000	190500000	-0.177467	-0.493799	-0.316332	-0.261697	-0.527263	-0.265566	1.0000	5
chr2:190500000-191000000	chr2	190500000	191000000	-1.05992	-1.30803	-0.248114	-0.855137	-0.870914	-0.0157772	1.0000	3
chr2:191000000-191500000	chr2	191000000	191500000	-0.918065	-1.06478	-0.146717	-0.659407	-0.865844	-0.206437	1.0000	3
chr2:191500000-192000000	chr2	191500000	192000000	-0.557583	-0.577921	-0.0203377	-0.302986	-0.419835	-0.116849	1.0000	2
chr2:192000000-192500000	chr2	192000000	192500000	-0.186823	-0.207397	-0.0205742	0.273329	0.167746	-0.105583	1.0000	1
chr2:192500000-193000000	chr2	192500000	193000000	0.281435	0.492756	0.211321	0.941854	1.27028	0.328425	1.0000	0
chr2:193000000-193500000	chr2	193000000	193500000	0.193418	0.395724	0.202306	0.664178	1.15155	0.487373	1.0000	0
chr2:193500000-194000000	chr2	193500000	194000000	-0.0730153	-0.112442	-0.0394271	0.550844	0.747769	0.196924	1.0000	0
chr2:194000000-194500000	chr2	194000000	194500000	0.460592	0.846482	0.385891	0.940008	1.43595	0.495943	1.0000	0
chr2:194500000-195000000	chr2	194500000	195000000	0.567411	0.958827	0.391416	1.10908	1.49559	0.386511	1.0000	0
chr2:195000000-195500000	chr2	195000000	195500000	0.436892	0.4763	0.0394073	0.543442	0.711168	0.167726	1.0000	0
chr2:195500000-196000000	chr2	195500000	196000000	-0.0278615	-0.108483	-0.0806211	0.358782	0.305007	-0.0537754	1.0000	1
chr2:196000000-196500000	chr2	196000000	196500000	-0.457295	-0.446994	0.0103005	0.065228	-0.124495	-0.189723	1.0000	2
chr2:196500000-197000000	chr2	196500000	197000000	0.0696274	-0.303076	-0.372703	0.363203	0.00379555	-0.359408	1.0000	5
chr2:197000000-197500000	chr2	197000000	197500000	0.16592	-0.0636725	-0.229593	0.230497	-0.069236	-0.299733	1.0000	4
chr2:197500000-198000000	chr2	197500000	198000000	0.140594	0.166895	0.0263018	0.458704	0.57985	0.121146	1.0000	6
chr2:198000000-198500000	chr2	198000000	198500000	0.676905	1.301	0.624096	1.09118	1.30622	0.215048	1.0000	0
chr2:198500000-199000000	chr2	198500000	199000000	0.666684	0.952446	0.285762	0.959444	1.33287	0.373423	1.0000	0
chr2:199000000-199500000	chr2	199000000	199500000	0.628516	0.616671	-0.0118448	0.9205	0.668511	-0.251989	1.0000	1
chr2:199500000-200000000	chr2	199500000	200000000	0.68951	0.664802	-0.0247087	0.743182	0.578847	-0.164336	1.0000	4
chr2:200000000-200500000	chr2	200000000	200500000	-0.214042	-0.50701	-0.292968	-0.166144	-0.262715	-0.0965715	1.0000	1
chr2:200500000-201000000	chr2	200500000	201000000	-0.802241	-0.825753	-0.0235117	-0.576463	-0.778295	-0.201832	1.0000	8
chr2:201000000-201500000	chr2	201000000	201500000	-0.860379	-0.682027	0.178352	-0.917679	-0.945789	-0.0281104	1.0000	8
chr2:201500000-202000000	chr2	201500000	202000000	-0.972016	-0.897342	0.0746736	-0.738108	-0.910868	-0.17276	1.0000	5
chr2:202000000-202500000	chr2	202000000	202500000	-0.945209	-0.984454	-0.0392448	-1.15527	-1.27913	-0.123855	1.0000	5
chr2:202500000-203000000	chr2	202500000	203000000	-0.868369	-1.07704	-0.208675	-1.04794	-0.905264	0.142677	1.0000	4
chr2:203000000-203500000	chr2	203000000	203500000	-1.12001	-0.998669	0.121342	-0.938139	-1.00683	-0.068691	1.0000	3
chr2:203500000-204000000	chr2	203500000	204000000	-0.739585	-0.740859	-0.00127395	-0.822683	-1.05574	-0.233058	1.0000	4
chr2:204000000-204500000	chr2	204000000	204500000	-0.238454	-0.319696	-0.0812426	-0.192739	-0.828489	-0.635751	1.0000	0
chr2:204500000-205000000	chr2	204500000	205000000	-0.491752	-0.802387	-0.310635	-0.318227	-0.660084	-0.341856	1.0000	1
chr2:205000000-205500000	chr2	205000000	205500000	-0.333563	-0.585604	-0.252041	-0.171875	-0.629075	-0.4572	1.0000	0
chr2:205500000-206000000	chr2	205500000	206000000	-0.213047	-0.546954	-0.333906	-0.445581	-0.958743	-0.513162	1.0000	1
chr2:206000000-206500000	chr2	206000000	206500000	-0.737689	-0.894205	-0.156516	-0.807353	-1.09317	-0.285814	1.0000	6
chr2:206500000-207000000	chr2	206500000	207000000	-0.602648	-0.706209	-0.103561	-0.383186	-0.977812	-0.594626	1.0000	5
chr2:207000000-207500000	chr2	207000000	207500000	-1.00248	-0.873954	0.128529	-0.859632	-1.01805	-0.158414	1.0000	1
chr2:207500000-208000000	chr2	207500000	208000000	-0.704568	-0.807292	-0.102724	-0.520486	-0.865136	-0.34465	1.0000	4
chr2:208000000-208500000	chr2	208000000	208500000	-0.150443	-0.187238	-0.0367944	-0.150536	-0.262748	-0.112212	1.0000	9
chr2:208500000-209000000	chr2	208500000	209000000	0.864802	1.17239	0.307583	0.935128	1.38216	0.447028	1.0000	0
chr2:209000000-209500000	chr2	209000000	209500000	0.438835	0.506017	0.0671818	0.596046	0.925078	0.329032	1.0000	1
chr2:209500000-210000000	chr2	209500000	210000000	0.424649	0.846979	0.42233	0.653554	1.01964	0.366084	1.0000	1
chr2:210000000-210500000	chr2	210000000	210500000	0.503732	0.543695	0.0399631	0.879414	1.01931	0.139897	1.0000	5
chr2:210500000-211000000	chr2	210500000	211000000	0.450598	0.921742	0.471144	0.717867	1.06786	0.349995	1.0000	1
chr2:211000000-211500000	chr2	211000000	211500000	0.497541	0.923879	0.426338	0.876427	1.24163	0.365207	1.0000	0
chr2:211500000-212000000	chr2	211500000	212000000	-0.0829255	0.567021	0.649946	0.486539	0.918257	0.431718	1.0000	0
chr2:212000000-212500000	chr2	212000000	212500000	-0.86599	-0.383446	0.482544	-0.185491	0.260462	0.445953	1.0000	0
chr2:212500000-213000000	chr2	212500000	213000000	-0.0223469	-0.220475	-0.198128	0.188124	0.0983419	-0.0897824	1.0000	1
chr2:213000000-213500000	chr2	213000000	213500000	-0.383638	-0.575372	-0.191734	-0.0145904	-0.016674	-0.00208365	1.0000	2
chr2:213500000-214000000	chr2	213500000	214000000	-0.141736	-0.137157	0.00457944	0.129494	0.276082	0.146588	1.0000	0
chr2:214000000-214500000	chr2	214000000	214500000	-0.46357	-0.559087	-0.0955174	-0.093017	-0.311558	-0.218541	1.0000	1
chr2:214500000-215000000	chr2	214500000	215000000	-0.174512	-0.369503	-0.194991	-0.166339	-0.483116	-0.316776	1.0000	1
chr2:215000000-215500000	chr2	215000000	215500000	-0.898566	-0.79302	0.105545	-0.614177	-0.644106	-0.0299282	1.0000	3
chr2:215500000-216000000	chr2	215500000	216000000	-0.989246	-0.965067	0.0241787	-0.818858	-1.112	-0.293146	1.0000	0
chr2:216000000-216500000	chr2	216000000	216500000	-0.790768	-0.827744	-0.0369751	-0.96691	-1.1567	-0.189791	1.0000	7
chr2:216500000-217000000	chr2	216500000	217000000	-0.529618	-0.714608	-0.18499	-0.949241	-1.18966	-0.240416	1.0000	3
chr2:217000000-217500000	chr2	217000000	217500000	-0.950665	-0.769511	0.181154	-0.96497	-1.18755	-0.222577	1.0000	0
chr2:217500000-218000000	chr2	217500000	218000000	-0.643441	-0.667714	-0.0242731	-0.892463	-1.10348	-0.211021	1.0000	0
chr2:218000000-218500000	chr2	218000000	218500000	-0.690581	-0.857813	-0.167232	-0.91101	-1.10814	-0.197132	1.0000	13
chr2:218500000-219000000	chr2	218500000	219000000	-0.843951	-0.99302	-0.149069	-1.01613	-1.10555	-0.0894135	1.0000	15
chr2:219000000-219500000	chr2	219000000	219500000	-0.774059	-0.907465	-0.133406	-1.13764	-1.1003	0.037348	1.0000	22
chr2:219500000-220000000	chr2	219500000	220000000	-0.22459	-0.330323	-0.105733	-0.424885	-0.363605	0.0612806	1.0000	7
chr2:220000000-220500000	chr2	220000000	220500000	-0.0579619	-0.258261	-0.200299	-0.312449	-0.331699	-0.0192499	1.0000	0
chr2:220500000-221000000	chr2	220500000	221000000	-0.37899	-0.229595	0.149395	-0.413484	-0.35286	0.060624	1.0000	0
chr2:221000000-221500000	chr2	221000000	221500000	-0.0769531	-0.0869309	-0.00997781	-0.207588	-0.304583	-0.0969943	1.0000	0
chr2:221500000-222000000	chr2	221500000	222000000	0.168319	0.243476	0.075157	0.116079	0.315369	0.19929	1.0000	1
chr2:222000000-222500000	chr2	222000000	222500000	0.408278	0.589504	0.181226	0.415835	0.507535	0.0916997	1.0000	3
chr2:222500000-223000000	chr2	222500000	223000000	-0.799594	-0.666703	0.132891	-0.518014	-0.665553	-0.147539	1.0000	3
chr2:223000000-223500000	chr2	223000000	223500000	-0.417263	-0.745361	-0.328098	-0.568621	-0.810112	-0.241491	1.0000	1
chr2:223500000-224000000	chr2	223500000	224000000	-0.807086	-0.757654	0.0494321	-0.965745	-1.00484	-0.0390997	1.0000	4
chr2:224000000-224500000	chr2	224000000	224500000	-0.201746	-0.215091	-0.0133449	-0.153954	-0.405088	-0.251133	1.0000	2
chr2:224500000-225000000	chr2	224500000	225000000	-0.181974	-0.467176	-0.285202	-0.165922	-0.467006	-0.301084	1.0000	2
chr2:225000000-225500000	chr2	225000000	225500000	0.209535	-0.0324491	-0.241984	0.125951	0.184842	0.0588911	1.0000	2
chr2:225500000-226000000	chr2	225500000	226000000	0.0191355	-0.0689781	-0.0881136	0.0346479	-0.0998846	-0.134532	1.0000	0
chr2:226000000-226500000	chr2	226000000	226500000	-0.675351	-0.776343	-0.100992	-0.571038	-0.611181	-0.0401431	0.9800	0
chr2:226500000-227000000	chr2	226500000	227000000	-0.503957	-0.628157	-0.1242	-0.434426	-0.511731	-0.0773052	1.0000	2
chr2:227000000-227500000	chr2	227000000	227500000	0.353728	0.0465963	-0.307132	0.154928	-0.07913	-0.234058	1.0000	6
chr2:227500000-228000000	chr2	227500000	228000000	0.0907386	0.178768	0.0880289	0.0643479	-0.00132424	-0.0656722	1.0000	10
chr2:228000000-228500000	chr2	228000000	228500000	0.711055	1.05958	0.348527	0.933334	1.20339	0.270053	1.0000	1
chr2:228500000-229000000	chr2	228500000	229000000	0.399553	0.435896	0.0363432	0.432672	0.550263	0.117591	1.0000	0
chr2:229000000-229500000	chr2	229000000	229500000	0.742376	0.761097	0.0187205	0.723381	0.717028	-0.00635379	1.0000	1
chr2:229500000-230000000	chr2	229500000	230000000	-0.00557928	-0.224927	-0.219347	-0.352792	-0.141504	0.211288	1.0000	3
chr2:230000000-230500000	chr2	230000000	230500000	-0.0527824	-0.266923	-0.21414	-0.324006	-0.47635	-0.152343	1.0000	5
chr2:230500000-231000000	chr2	230500000	231000000	-0.445746	-0.582441	-0.136695	-0.607555	-0.699361	-0.0918063	1.0000	4
chr2:231000000-231500000	chr2	231000000	231500000	-0.786656	-0.87125	-0.0845935	-1.0889	-1.24005	-0.151159	1.0000	6
chr2:231500000-232000000	chr2	231500000	232000000	-0.871621	-0.868777	0.0028437	-1.14652	-1.02745	0.119073	1.0000	7
chr2:232000000-232500000	chr2	232000000	232500000	-0.419651	-0.715246	-0.295595	-0.846897	-0.883463	-0.036565	1.0000	4
chr2:232500000-233000000	chr2	232500000	233000000	-0.79291	-0.899539	-0.106629	-0.974239	-1.15893	-0.184689	1.0000	9
chr2:233000000-233500000	chr2	233000000	233500000	-0.380677	-0.666591	-0.285914	-0.701918	-0.923229	-0.221311	1.0000	6
chr2:233500000-234000000	chr2	233500000	234000000	-0.583582	-0.686877	-0.103295	-0.610978	-0.929039	-0.318061	1.0000	14
chr2:234000000-234500000	chr2	234000000	234500000	-0.749817	-0.704694	0.0451224	-0.621791	-1.0584	-0.436605	1.0000	2
chr2:234500000-235000000	chr2	234500000	235000000	-0.605706	-0.79557	-0.189864	-0.848706	-0.927054	-0.0783475	0.9800	1
chr2:235000000-235500000	chr2	235000000	235500000	-0.588835	-0.860271	-0.271437	-0.978591	-0.910116	0.0684754	1.0000	1
chr2:235500000-236000000	chr2	235500000	236000000	-0.069253	-0.531627	-0.462374	-0.35849	-0.768195	-0.409705	1.0000	0
chr2:236000000-236500000	chr2	236000000	236500000	-0.175068	-0.54291	-0.367842	-0.362515	-0.696606	-0.334091	1.0000	2
chr2:236500000-237000000	chr2	236500000	237000000	-0.397625	-0.613598	-0.215974	-0.456503	-0.851771	-0.395268	1.0000	2
chr2:237000000-237500000	chr2	237000000	237500000	-0.789935	-0.887057	-0.0971223	-0.636866	-1.06464	-0.427772	1.0000	3
chr2:237500000-238000000	chr2	237500000	238000000	-0.734466	-0.875685	-0.141219	-0.923112	-0.98086	-0.057748	1.0000	6
chr2:238000000-238500000	chr2	238000000	238500000	-0.109376	-0.606971	-0.497595	-0.384445	-0.577325	-0.19288	1.0000	9
chr2:238500000-239000000	chr2	238500000	239000000	0.3143	-0.0689005	-0.383201	-0.0787502	-0.16332	-0.0845695	1.0000	1
chr2:239000000-239500000	chr2	239000000	239500000	0.573519	0.19425	-0.379269	0.28182	0.147904	-0.133917	1.0000	1
chr2:239500000-240000000	chr2	239500000	240000000	0.691159	0.467251	-0.223908	0.44939	0.477759	0.0283685	0.9800	0
chr2:240000000-240500000	chr2	240000000	240500000	0.159879	-0.41646	-0.576339	-0.21715	-0.306546	-0.0893964	0.9800	6
chr2:240500000-241000000	chr2	240500000	241000000	0.0405234	-0.500375	-0.540899	-0.4077	-0.380522	0.0271774	1.0000	12
chr2:241000000-241500000	chr2	241000000	241500000	-0.649946	-0.70944	-0.059494	-0.775245	-1.01309	-0.237845	1.0000	7
chr2:241500000-242000000	chr2	241500000	242000000	-0.577425	-0.621194	-0.0437696	-0.673994	-0.79249	-0.118497	0.9800	12
chr2:242000000-242193529	chr2	242000000	242193529	nan	nan	nan	nan	nan	nan	0.2067	0
chr3:0-500000	chr3	0	500000	nan	nan	nan	nan	nan	nan	0.0000	1
chr3:500000-1000000	chr3	500000	1000000	nan	nan	nan	nan	nan	nan	0.0000	0
chr3:1000000-1500000	chr3	1000000	1500000	nan	nan	nan	nan	nan	nan	0.0000	1
chr3:1500000-2000000	chr3	1500000	2000000	nan	nan	nan	nan	nan	nan	0.0000	0
chr3:2000000-2500000	chr3	2000000	2500000	nan	nan	nan	nan	nan	nan	0.0000	1
chr3:2500000-3000000	chr3	2500000	3000000	nan	nan	nan	nan	nan	nan	0.0000	0
chr3:3000000-3500000	chr3	3000000	3500000	0.934401	1.19256	0.258157	0.908029	1.19642	0.288391	0.9200	3
chr3:3500000-4000000	chr3	3500000	4000000	1.21178	1.30099	0.0892175	1.09543	1.06963	-0.025797	0.9800	1
chr3:4000000-4500000	chr3	4000000	4500000	1.01296	1.18114	0.168184	1.24701	1.17833	-0.0686822	1.0000	3
chr3:4500000-5000000	chr3	4500000	5000000	0.248066	0.0241333	-0.223933	0.239029	-0.0468943	-0.285923	0.9600	1
chr3:5000000-5500000	chr3	5000000	5500000	0.578653	0.47925	-0.0994024	0.467066	0.46417	-0.00289599	1.0000	2
chr3:5500000-6000000	chr3	5500000	6000000	0.993048	1.27009	0.277038	1.04659	1.21306	0.166477	1.0000	0
chr3:6000000-6500000	chr3	6000000	6500000	0.759093	1.03689	0.277795	0.793397	1.09439	0.300993	1.0000	0
chr3:6500000-7000000	chr3	6500000	7000000	0.647702	1.12559	0.477883	0.858202	1.11343	0.255223	1.0000	1
chr3:7000000-7500000	chr3	7000000	7500000	0.6414	0.901986	0.260586	0.74233	1.18122	0.43889	1.0000	0
chr3:7500000-8000000	chr3	7500000	8000000	1.07014	1.17708	0.106948	1.00486	1.1077	0.102832	1.0000	0
chr3:8000000-8500000	chr3	8000000	8500000	0.762752	0.593326	-0.169426	0.818959	0.655649	-0.16331	1.0000	0
chr3:8500000-9000000	chr3	8500000	9000000	-0.0851453	-0.407309	-0.322164	-0.0945752	-0.414456	-0.319881	1.0000	5
chr3:9000000-9500000	chr3	9000000	9500000	0.0216525	-0.314541	-0.336193	-0.121428	-0.387569	-0.266142	1.0000	3
chr3:9500000-10000000	chr3	9500000	10000000	-0.375517	-0.383757	-0.00823911	-0.773539	-0.811361	-0.0378219	1.0000	17
chr3:10000000-10500000	chr3	10000000	10500000	-0.157363	-0.328796	-0.171433	-0.451685	-0.71796	-0.266274	1.0000	8
chr3:10500000-11000000	chr3	10500000	11000000	0.72713	0.308658	-0.418472	0.574033	-0.0129872	-0.58702	1.0000	3
chr3:11000000-11500000	chr3	11000000	11500000	-0.1966	-0.438272	-0.241673	-0.244945	-0.670805	-0.42586	1.0000	2
chr3:11500000-12000000	chr3	11500000	12000000	-0.036451	-0.192154	-0.155703	-0.15989	-0.366794	-0.206904	1.0000	2
chr3:12000000-12500000	chr3	12000000	12500000	-0.374329	-0.535259	-0.16093	-0.466667	-0.747155	-0.280488	1.0000	4
chr3:12500000-13000000	chr3	12500000	13000000	-0.355938	-0.631383	-0.275445	-0.601342	-0.863471	-0.262129	1.0000	6
chr3:13000000-13500000	chr3	13000000	13500000	0.458727	-0.0796426	-0.53837	-0.108781	-0.256319	-0.147538	1.0000	3
chr3:13500000-14000000	chr3	13500000	14000000	0.515587	0.387078	-0.128508	0.247947	0.193747	-0.0542004	1.0000	2
chr3:14000000-14500000	chr3	14000000	14500000	-0.10554	-0.280106	-0.174567	-0.417808	-0.281336	0.136471	0.9800	5
chr3:14500000-15000000	chr3	14500000	15000000	0.0205645	-0.157549	-0.178113	-0.300611	-0.421504	-0.120893	1.0000	5
chr3:15000000-15500000	chr3	15000000	15500000	-0.294525	-0.599569	-0.305043	-0.711562	-0.975809	-0.264246	0.9400	6
chr3:15500000-16000000	chr3	15500000	16000000	-0.831921	-0.876092	-0.0441713	-0.759861	-0.865405	-0.105544	0.9600	4
chr3:16000000-16500000	chr3	16000000	16500000	-0.526922	-0.703723	-0.176801	-0.653239	-0.830885	-0.177646	0.9800	3
chr3:16500000-17000000	chr3	16500000	17000000	0.203461	-0.059852	-0.263313	-0.0599342	-0.223498	-0.163564	0.9800	3
chr3:17000000-17500000	chr3	17000000	17500000	-0.0161773	-0.139199	-0.123022	0.109205	0.0422774	-0.0669275	1.0000	0
chr3:17500000-18000000	chr3	17500000	18000000	-0.0184444	0.0435114	0.0619558	-0.0287941	0.160664	0.189458	1.0000	1
chr3:18000000-18500000	chr3	18000000	18500000	0.297683	0.450028	0.152345	0.439787	0.553967	0.11418	1.0000	1
chr3:18500000-19000000	chr3	18500000	19000000	1.00498	1.31888	0.3139	1.15969	1.4791	0.319405	1.0000	0
chr3:19000000-19500000	chr3	19000000	19500000	1.12462	1.50551	0.38089	1.25875	1.75873	0.499978	1.0000	1
chr3:19500000-20000000	chr3	19500000	20000000	0.889848	1.21535	0.325507	1.06137	1.31082	0.249457	0.9600	2
chr3:20000000-20500000	chr3	20000000	20500000	0.607806	0.780111	0.172305	0.828179	0.709129	-0.119049	1.0000	3
chr3:20500000-21000000	chr3	20500000	21000000	0.349286	0.730318	0.381032	0.87907	0.857426	-0.0216439	1.0000	0
chr3:21000000-21500000	chr3	21000000	21500000	0.452164	0.872957	0.420793	0.832209	1.01289	0.180686	1.0000	0
chr3:21500000-22000000	chr3	21500000	22000000	0.358481	0.563163	0.204682	0.492425	0.955943	0.463518	0.9800	1
chr3:22000000-22500000	chr3	22000000	22500000	0.28411	0.344001	0.0598902	0.490957	0.669466	0.178509	1.0000	0
chr3:22500000-23000000	chr3	22500000	23000000	0.331873	0.43953	0.107657	0.497677	0.318842	-0.178835	1.0000	0
chr3:23000000-23500000	chr3	23000000	23500000	-0.505386	-0.709172	-0.203787	-0.417049	-0.645825	-0.228776	1.0000	1
chr3:23500000-24000000	chr3	23500000	24000000	-0.675859	-0.550698	0.125162	-0.461409	-0.625658	-0.164249	1.0000	4
chr3:24000000-24500000	chr3	24000000	24500000	-0.153067	-0.243534	-0.090467	-0.0151025	-0.306032	-0.290929	0.9800	1
chr3:24500000-25000000	chr3	24500000	25000000	-0.0806313	0.144065	0.224696	0.0796501	0.082438	0.00278786	1.0000	0
chr3:25000000-25500000	chr3	25000000	25500000	0.1646	0.329568	0.164967	0.462924	0.242408	-0.220516	1.0000	1
chr3:25500000-26000000	chr3	25500000	26000000	0.310802	0.204927	-0.105875	0.308527	0.497271	0.188744	1.0000	3
chr3:26000000-26500000	chr3	26000000	26500000	1.03247	1.32043	0.287959	1.16441	1.37692	0.212508	0.9400	0
chr3:26500000-27000000	chr3	26500000	27000000	1.16258	1.60226	0.439675	1.17382	1.43586	0.262047	1.0000	1
chr3:27000000-27500000	chr3	27000000	27500000	0.498465	0.354738	-0.143727	0.613491	0.459935	-0.153555	1.0000	2
chr3:27500000-28000000	chr3	27500000	28000000	0.54267	0.553603	0.0109331	0.562812	0.613633	0.0508208	1.0000	1
chr3:28000000-28500000	chr3	28000000	28500000	0.560442	0.950385	0.389943	1.19712	1.32482	0.127707	1.0000	3
chr3:28500000-29000000	chr3	28500000	29000000	0.195479	0.216762	0.021283	0.494928	0.28729	-0.207638	1.0000	0
chr3:29000000-29500000	chr3	29000000	29500000	-1.12314	-0.964645	0.1585	-0.629908	-0.805549	-0.175641	1.0000	1
chr3:29500000-30000000	chr3	29500000	30000000	-1.06497	-1.09395	-0.028985	-0.751916	-0.888695	-0.136779	0.9800	0
chr3:30000000-30500000	chr3	30000000	30500000	-1.02155	-1.10346	-0.0819115	-0.760798	-1.11786	-0.357059	1.0000	0
chr3:30500000-31000000	chr3	30500000	31000000	-0.753974	-0.867186	-0.113213	-0.80816	-0.988258	-0.180099	1.0000	2
chr3:31000000-31500000	chr3	31000000	31500000	-0.59618	-0.881903	-0.285723	-0.665986	-1.01321	-0.347225	1.0000	0
chr3:31500000-32000000	chr3	31500000	32000000	-0.739511	-0.808714	-0.0692027	-0.808975	-1.03521	-0.226238	1.0000	3
chr3:32000000-32500000	chr3	32000000	32500000	-0.815875	-0.793378	0.022497	-0.942053	-1.0172	-0.0751497	1.0000	3
chr3:32500000-33000000	chr3	32500000	33000000	-0.961747	-0.938908	0.0228389	-0.94751	-1.20334	-0.255833	1.0000	5
chr3:33000000-33500000	chr3	33000000	33500000	-1.03581	-0.883193	0.152615	-1.08541	-1.06645	0.0189584	1.0000	6
chr3:33500000-34000000	chr3	33500000	34000000	-0.879614	-0.811742	0.067872	-0.830055	-0.707857	0.122198	1.0000	2
chr3:34000000-34500000	chr3	34000000	34500000	0.397023	0.639958	0.242935	0.377315	0.539254	0.161939	1.0000	0
chr3:34500000-35000000	chr3	34500000	35000000	0.27952	0.413429	0.133909	0.095726	0.492345	0.396619	1.0000	0
chr3:35000000-35500000	chr3	35000000	35500000	-0.0576194	0.104315	0.161934	0.111281	0.348553	0.237272	1.0000	0
chr3:35500000-36000000	chr3	35500000	36000000	0.104289	0.327124	0.222835	0.318756	0.236264	-0.0824918	1.0000	1
chr3:36000000-36500000	chr3	36000000	36500000	-0.0671175	0.0441296	0.111247	0.179266	-0.0908681	-0.270134	1.0000	1
chr3:36500000-37000000	chr3	36500000	37000000	-0.0536746	-0.167396	-0.113721	-0.0209267	-0.361274	-0.340347	0.9600	4
chr3:37000000-37500000	chr3	37000000	37500000	-0.864698	-0.673387	0.191311	-0.703705	-0.779905	-0.0762002	1.0000	3
chr3:37500000-38000000	chr3	37500000	38000000	0.35085	0.093537	-0.257313	0.130373	-0.0323338	-0.162706	1.0000	2
chr3:38000000-38500000	chr3	38000000	38500000	0.134729	-0.130592	-0.265321	0.0321118	-0.136405	-0.168517	0.9200	10
chr3:38500000-39000000	chr3	38500000	39000000	0.723666	0.456071	-0.267594	0.684623	0.59677	-0.0878529	1.0000	2
chr3:39000000-39500000	chr3	39000000	39500000	0.331605	0.475656	0.144051	0.371852	0.0903988	-0.281453	0.9400	11
chr3:39500000-40000000	chr3	39500000	40000000	1.01289	1.12588	0.112994	0.849898	1.18091	0.331008	1.0000	1
chr3:40000000-40500000	chr3	40000000	40500000	0.924894	0.922997	-0.00189757	0.780803	0.867652	0.086849	0.9600	4
chr3:40500000-41000000	chr3	40500000	41000000	0.5719	0.654658	0.0827586	0.800776	0.316999	-0.483777	1.0000	2
chr3:41000000-41500000	chr3	41000000	41500000	0.34149	0.395882	0.0543926	0.241702	0.119394	-0.122308	1.0000	1
chr3:41500000-42000000	chr3	41500000	42000000	0.329065	0.115542	-0.213522	0.339404	0.137044	-0.202359	1.0000	1
chr3:42000000-42500000	chr3	42000000	42500000	0.167636	0.182508	0.0148719	0.0600801	-0.0998345	-0.159915	1.0000	3
chr3:42500000-43000000	chr3	42500000	43000000	-0.00463834	-0.100063	-0.095425	-0.0434808	-0.337722	-0.294241	1.0000	14
chr3:43000000-43500000	chr3	43000000	43500000	-0.12877	-0.130747	-0.00197621	-0.264662	-0.252759	0.011903	1.0000	2
chr3:43500000-44000000	chr3	43500000	44000000	-0.279363	-0.491641	-0.212278	-0.390821	-0.503678	-0.112857	1.0000	2
chr3:44000000-44500000	chr3	44000000	44500000	-0.370052	-0.448483	-0.078431	-0.355152	-0.681445	-0.326292	1.0000	3
chr3:44500000-45000000	chr3	44500000	45000000	-0.344563	-0.505026	-0.160462	-0.656566	-0.83136	-0.174794	1.0000	13
chr3:45000000-45500000	chr3	45000000	45500000	-0.533062	-0.63488	-0.101818	-0.78604	-1.12796	-0.341916	1.0000	4
chr3:45500000-46000000	chr3	45500000	46000000	-0.749442	-0.819227	-0.0697847	-0.960332	-1.03241	-0.0720769	1.0000	7
chr3:46000000-46500000	chr3	46000000	46500000	-0.686622	-0.668129	0.0184922	-0.8083	-0.93127	-0.12297	1.0000	9
chr3:46500000-47000000	chr3	46500000	47000000	-0.739801	-0.654167	0.0856332	-0.731047	-0.939397	-0.20835	1.0000	10
chr3:47000000-47500000	chr3	47000000	47500000	-0.980874	-1.02458	-0.0437048	-1.21495	-1.44997	-0.235017	1.0000	5
chr3:47500000-48000000	chr3	47500000	48000000	-1.26252	-1.09468	0.167838	-1.37735	-1.37677	0.000582634	1.0000	4
chr3:48000000-48500000	chr3	48000000	48500000	-1.15247	-1.20719	-0.0547181	-1.07277	-1.16039	-0.0876152	1.0000	12
chr3:48500000-49000000	chr3	48500000	49000000	-0.889633	-0.9706	-0.0809671	-1.1378	-1.26731	-0.129504	1.0000	14
chr3:49000000-49500000	chr3	49000000	49500000	-1.16641	-0.913674	0.252737	-1.21983	-1.25107	-0.0312391	1.0000	20
chr3:49500000-50000000	chr3	49500000	50000000	-0.722988	-0.683873	0.0391147	-1.1362	-1.10774	0.0284578	0.9400	15
chr3:50000000-50500000	chr3	50000000	50500000	-0.396456	-0.531601	-0.135145	-0.7592	-0.646044	0.113156	1.0000	18
chr3:50500000-51000000	chr3	50500000	51000000	0.464308	0.56669	0.102381	0.383445	0.471254	0.0878093	1.0000	6
chr3:51000000-51500000	chr3	51000000	51500000	0.619267	0.703956	0.0846888	0.590971	0.44998	-0.140992	0.9600	2
chr3:51500000-52000000	chr3	51500000	52000000	0.0253219	-0.133493	-0.158814	-0.143514	-0.160466	-0.016952	1.0000	17
chr3:52000000-52500000	chr3	52000000	52500000	-0.452622	-0.566812	-0.11419	-0.676912	-0.696173	-0.019261	1.0000	15
chr3:52500000-53000000	chr3	52500000	53000000	-0.605229	-0.531739	0.0734896	-0.657427	-0.739189	-0.0817618	1.0000	12
chr3:53000000-53500000	chr3	53000000	53500000	-0.0120702	0.0605151	0.0725852	-0.325312	-0.464464	-0.139152	1.0000	6
chr3:53500000-54000000	chr3	53500000	54000000	0.782178	0.680327	-0.101852	0.621948	0.431299	-0.190649	1.0000	4
chr3:54000000-54500000	chr3	54000000	54500000	1.01122	1.10795	0.0967367	0.794789	0.822216	0.0274274	1.0000	1
chr3:54500000-55000000	chr3	54500000	55000000	0.510785	0.517612	0.00682664	0.384848	0.22017	-0.164678	1.0000	1
chr3:55000000-55500000	chr3	55000000	55500000	-0.246247	-0.533351	-0.287104	-0.296381	-0.529249	-0.232868	1.0000	1
chr3:55500000-56000000	chr3	55500000	56000000	-0.0441137	-0.235424	-0.19131	0.0336847	-0.217713	-0.251397	1.0000	0
chr3:56000000-56500000	chr3	56000000	56500000	0.296791	0.2023	-0.0944902	0.250377	-0.00957964	-0.259957	1.0000	1
chr3:56500000-57000000	chr3	56500000	57000000	-0.517175	-0.723955	-0.20678	-0.679487	-0.940178	-0.260691	1.0000	3
chr3:57000000-57500000	chr3	57000000	57500000	-0.973446	-0.884794	0.0886517	-0.996277	-1.17471	-0.178428	0.9800	5
chr3:57500000-58000000	chr3	57500000	58000000	-1.20656	-1.26213	-0.0555684	-1.28129	-1.2928	-0.0115012	1.0000	5
chr3:58000000-58500000	chr3	58000000	58500000	-0.906938	-0.878503	0.0284348	-0.923734	-1.05097	-0.127236	1.0000	8
chr3:58500000-59000000	chr3	58500000	59000000	0.0983304	0.044885	-0.0534454	-0.11131	-0.4188	-0.30749	1.0000	3
chr3:59000000-59500000	chr3	59000000	59500000	-0.107507	-0.311331	-0.203825	-0.382587	-0.509663	-0.127076	1.0000	1
chr3:59500000-60000000	chr3	59500000	60000000	0.023646	0.232927	0.20928	0.011067	-0.0677579	-0.0788249	1.0000	0
chr3:60000000-60500000	chr3	60000000	60500000	0.279136	0.400755	0.121619	0.307119	0.306823	-0.000296247	1.0000	0
chr3:60500000-61000000	chr3	60500000	61000000	0.376043	0.315256	-0.0607864	0.274434	0.247331	-0.0271024	1.0000	0
chr3:61000000-61500000	chr3	61000000	61500000	0.614623	0.748147	0.133525	0.590488	0.728183	0.137695	1.0000	1
chr3:61500000-62000000	chr3	61500000	62000000	-0.0292025	-0.147552	-0.11835	-0.178762	-0.254169	-0.0754074	1.0000	1
chr3:62000000-62500000	chr3	62000000	62500000	0.362605	0.426829	0.0642245	0.490157	0.216409	-0.273748	1.0000	2
chr3:62500000-63000000	chr3	62500000	63000000	0.717022	0.752805	0.0357829	0.748286	0.701568	-0.0467174	1.0000	1
chr3:63000000-63500000	chr3	63000000	63500000	0.55479	0.749742	0.194952	0.57515	0.647238	0.0720882	1.0000	1
chr3:63500000-64000000	chr3	63500000	64000000	-0.16688	0.0417736	0.208654	-0.0519073	-0.198989	-0.147081	1.0000	5
chr3:64000000-64500000	chr3	64000000	64500000	-0.898658	-0.799289	0.0993689	-0.92735	-1.19347	-0.266117	1.0000	2
chr3:64500000-65000000	chr3	64500000	65000000	-0.476693	-0.437786	0.0389074	-0.47305	-0.824879	-0.351829	1.0000	1
chr3:65000000-65500000	chr3	65000000	65500000	-0.458336	-0.571314	-0.112977	-0.606306	-0.864814	-0.258508	0.9800	0
chr3:65500000-66000000	chr3	65500000	66000000	-0.68957	-0.80968	-0.120111	-0.808862	-1.08925	-0.280385	0.9600	0
chr3:66000000-66500000	chr3	66000000	66500000	-0.659451	-0.691827	-0.0323767	-0.640241	-0.803117	-0.162877	0.9800	2
chr3:66500000-67000000	chr3	66500000	67000000	-0.347277	-0.324531	0.0227466	-0.37043	-0.547018	-0.176588	1.0000	2
chr3:67000000-67500000	chr3	67000000	67500000	0.265068	0.421944	0.156876	0.195777	0.124582	-0.0711945	1.0000	0
chr3:67500000-68000000	chr3	67500000	68000000	0.111076	0.0368987	-0.0741774	0.30202	0.195822	-0.106199	1.0000	1
chr3:68000000-68500000	chr3	68000000	68500000	0.738342	0.881465	0.143124	0.46621	0.776088	0.309878	0.9800	1
chr3:68500000-69000000	chr3	68500000	69000000	0.556567	0.655292	0.0987256	0.594643	0.408039	-0.186604	1.0000	1
chr3:69000000-69500000	chr3	69000000	69500000	-0.529109	-0.454383	0.0747268	-0.322381	-0.531968	-0.209588	0.9400	6
chr3:69500000-70000000	chr3	69500000	70000000	-0.282339	-0.315294	-0.0329544	-0.284806	-0.433407	-0.148602	1.0000	2
chr3:70000000-70500000	chr3	70000000	70500000	-0.0142951	0.428171	0.442466	0.202406	0.273317	0.070911	1.0000	1
chr3:70500000-71000000	chr3	70500000	71000000	-0.630565	-0.580627	0.0499377	-0.696193	-0.665426	0.0307674	1.0000	0
chr3:71000000-71500000	chr3	71000000	71500000	-0.957847	-0.978803	-0.0209555	-0.735132	-0.981066	-0.245934	1.0000	0
chr3:71500000-72000000	chr3	71500000	72000000	-0.248768	-0.33861	-0.0898422	-0.319611	-0.687858	-0.368247	1.0000	4
chr3:72000000-72500000	chr3	72000000	72500000	0.201373	-0.0157833	-0.217156	0.0429634	-0.449189	-0.492153	1.0000	1
chr3:72500000-73000000	chr3	72500000	73000000	-0.266395	-0.310886	-0.0444909	-0.30665	-0.540347	-0.233698	1.0000	3
chr3:73000000-73500000	chr3	73000000	73500000	0.465346	0.612927	0.14758	0.296564	0.259238	-0.0373257	1.0000	1
chr3:73500000-74000000	chr3	73500000	74000000	0.326769	0.546314	0.219545	0.420784	0.345333	-0.0754514	1.0000	1
chr3:74000000-74500000	chr3	74000000	74500000	0.825813	1.28707	0.461255	0.95045	1.32819	0.377739	1.0000	0
chr3:74500000-75000000	chr3	74500000	75000000	0.725275	1.16716	0.441884	0.657355	1.1604	0.503041	1.0000	1
chr3:75000000-75500000	chr3	75000000	75500000	1.22673	1.08799	-0.138744	0.933155	0.998013	0.064858	1.0000	0
chr3:75500000-76000000	chr3	75500000	76000000	1.06504	1.07889	0.0138544	0.921492	0.973531	0.0520386	0.7800	2
chr3:76000000-76500000	chr3	76000000	76500000	0.0406528	0.0335404	-0.00711245	0.330312	0.156895	-0.173417	1.0000	0
chr3:76500000-77000000	chr3	76500000	77000000	0.330087	0.37311	0.0430232	0.374594	0.634815	0.260222	1.0000	0
chr3:77000000-77500000	chr3	77000000	77500000	0.37581	0.264234	-0.111576	0.70335	0.747357	0.0440068	1.0000	1
chr3:77500000-78000000	chr3	77500000	78000000	0.490482	0.506105	0.0156232	0.508686	0.761465	0.252779	1.0000	0
chr3:78000000-78500000	chr3	78000000	78500000	0.0339395	0.132021	0.0980814	0.221301	0.296044	0.0747424	1.0000	0
chr3:78500000-79000000	chr3	78500000	79000000	-0.600206	-0.653185	-0.0529781	-0.381822	-0.38969	-0.00786843	0.9800	0
chr3:79000000-79500000	chr3	79000000	79500000	-0.78177	-0.634785	0.146985	-0.207867	-0.333623	-0.125756	1.0000	0
chr3:79500000-80000000	chr3	79500000	80000000	0.122338	0.291483	0.169145	0.495026	0.712691	0.217665	1.0000	1
chr3:80000000-80500000	chr3	80000000	80500000	0.254671	0.136652	-0.118019	0.424508	0.764071	0.339564	1.0000	0
chr3:80500000-81000000	chr3	80500000	81000000	0.522171	0.824932	0.302761	0.957743	1.23981	0.282066	0.9400	0
chr3:81000000-81500000	chr3	81000000	81500000	0.203806	0.26672	0.0629137	0.436239	0.758628	0.32239	1.0000	0
chr3:81500000-82000000	chr3	81500000	82000000	-0.639027	-0.725344	-0.0863171	-0.251878	-0.296268	-0.0443901	1.0000	1
chr3:82000000-82500000	chr3	82000000	82500000	0.251532	0.472616	0.221084	0.321057	0.616542	0.295485	1.0000	0
chr3:82500000-83000000	chr3	82500000	83000000	0.287585	0.651475	0.363891	0.223671	0.930949	0.707278	1.0000	0
chr3:83000000-83500000	chr3	83000000	83500000	0.05132	0.296102	0.244782	0.352837	0.829066	0.476229	1.0000	0
chr3:83500000-84000000	chr3	83500000	84000000	0.301721	0.616085	0.314365	0.378762	1.0618	0.68304	1.0000	0
chr3:84000000-84500000	chr3	84000000	84500000	0.456956	0.646056	0.1891	0.662345	1.28507	0.622725	1.0000	0
chr3:84500000-85000000	chr3	84500000	85000000	0.557751	0.969963	0.412212	0.698185	1.08803	0.389845	1.0000	1
chr3:85000000-85500000	chr3	85000000	85500000	0.38252	0.804336	0.421815	0.848829	1.19041	0.341578	1.0000	0
chr3:85500000-86000000	chr3	85500000	86000000	0.371716	0.674392	0.302676	0.739274	1.12426	0.38499	1.0000	0
chr3:86000000-86500000	chr3	86000000	86500000	0.62894	0.868509	0.239569	1.0175	1.24726	0.229754	1.0000	0
chr3:86500000-87000000	chr3	86500000	87000000	0.295581	0.358183	0.062602	0.892461	0.887114	-0.00534773	1.0000	1
chr3:87000000-87500000	chr3	87000000	87500000	0.193254	0.0407646	-0.15249	0.538525	0.383032	-0.155493	1.0000	2
chr3:87500000-88000000	chr3	87500000	88000000	0.457397	0.802729	0.345333	0.732824	1.13291	0.40009	1.0000	1
chr3:88000000-88500000	chr3	88000000	88500000	0.0438946	0.142383	0.0984889	0.248869	0.416344	0.167475	1.0000	5
chr3:88500000-89000000	chr3	88500000	89000000	-0.0954172	0.0812787	0.176696	0.200613	0.570172	0.369559	1.0000	0
chr3:89000000-89500000	chr3	89000000	89500000	-0.124442	0.197538	0.32198	0.466287	0.792796	0.326509	0.9400	1
chr3:89500000-90000000	chr3	89500000	90000000	0.582118	0.817059	0.234941	0.622045	0.863989	0.241944	1.0000	0
chr3:90000000-90500000	chr3	90000000	90500000	0.933995	1.09807	0.164077	1.2545	1.31017	0.0556645	0.8400	0
chr3:90500000-91000000	chr3	90500000	91000000	nan	nan	nan	nan	nan	nan	0.0000	0
chr3:91000000-91500000	chr3	91000000	91500000	nan	nan	nan	nan	nan	nan	0.4000	0
chr3:91500000-92000000	chr3	91500000	92000000	nan	nan	nan	nan	nan	nan	0.0200	0
chr3:92000000-92500000	chr3	92000000	92500000	nan	nan	nan	nan	nan	nan	0.0000	0
chr3:92500000-93000000	chr3	92500000	93000000	nan	nan	nan	nan	nan	nan	0.0000	0
chr3:93000000-93500000	chr3	93000000	93500000	nan	nan	nan	nan	nan	nan	0.0000	0
chr3:93500000-94000000	chr3	93500000	94000000	0.646087	0.947032	0.300945	0.850188	1.35021	0.500024	0.5000	2
chr3:94000000-94500000	chr3	94000000	94500000	0.118402	0.176222	0.0578203	0.427049	0.303127	-0.123921	1.0000	3
chr3:94500000-95000000	chr3	94500000	95000000	0.391487	0.577909	0.186422	0.551916	0.746984	0.195068	1.0000	0
chr3:95000000-95500000	chr3	95000000	95500000	-0.244499	0.0974717	0.341971	0.251743	0.50457	0.252827	1.0000	0
chr3:95500000-96000000	chr3	95500000	96000000	0.323258	0.595892	0.272634	0.501415	0.939685	0.43827	1.0000	0
chr3:96000000-96500000	chr3	96000000	96500000	0.225814	0.730415	0.504601	0.763537	1.05907	0.295534	1.0000	0
chr3:96500000-97000000	chr3	96500000	97000000	0.634619	0.877224	0.242606	0.833977	1.21435	0.380372	0.9800	1
chr3:97000000-97500000	chr3	97000000	97500000	0.82276	0.982757	0.159996	0.85795	1.51657	0.658616	1.0000	0
chr3:97500000-98000000	chr3	97500000	98000000	0.547196	0.596364	0.0491674	0.67003	0.874982	0.204952	0.9400	3
chr3:98000000-98500000	chr3	98000000	98500000	0.850327	0.806089	-0.0442377	0.715144	1.05287	0.337731	1.0000	11
chr3:98500000-99000000	chr3	98500000	99000000	-0.87509	-0.858338	0.0167516	-0.432757	-0.492325	-0.059568	1.0000	5
chr3:99000000-99500000	chr3	99000000	99500000	-0.591279	-0.836508	-0.245229	-0.306151	-0.767887	-0.461736	1.0000	0
chr3:99500000-100000000	chr3	99500000	100000000	-0.933651	-0.922885	0.0107659	-0.687259	-0.673855	0.0134036	1.0000	2
chr3:100000000-100500000	chr3	100000000	100500000	-0.691716	-0.683343	0.00837356	-0.448501	-0.711663	-0.263162	1.0000	6
chr3:100500000-101000000	chr3	100500000	101000000	-0.664633	-0.568521	0.0961121	-0.469746	-0.521985	-0.0522385	1.0000	3
chr3:101000000-101500000	chr3	101000000	101500000	-0.344119	-0.512996	-0.168877	-0.0273664	-0.32982	-0.302454	1.0000	1
chr3:101500000-102000000	chr3	101500000	102000000	-0.713759	-0.52522	0.188538	-0.198204	-0.521085	-0.32288	0.9400	8
chr3:102000000-102500000	chr3	102000000	102500000	-0.059461	-0.346848	-0.287387	-0.0981436	-0.172569	-0.0744257	1.0000	1
chr3:102500000-103000000	chr3	102500000	103000000	0.735167	0.704599	-0.0305678	0.864968	0.954792	0.0898243	1.0000	0
chr3:103000000-103500000	chr3	103000000	103500000	0.421875	0.670575	0.2487	0.824663	1.0519	0.227233	0.9600	0
chr3:103500000-104000000	chr3	103500000	104000000	0.379512	0.503192	0.12368	0.636054	0.936285	0.300231	1.0000	0
chr3:104000000-104500000	chr3	104000000	104500000	-0.220093	-0.0896261	0.130467	0.121581	0.246046	0.124465	1.0000	0
chr3:104500000-105000000	chr3	104500000	105000000	-0.423623	-0.422831	0.000792383	-0.196015	-0.195515	0.000499209	1.0000	0
chr3:105000000-105500000	chr3	105000000	105500000	-0.63956	-0.577074	0.0624867	-0.332135	-0.208647	0.123488	1.0000	1
chr3:105500000-106000000	chr3	105500000	106000000	-0.882489	-0.929679	-0.0471904	-0.594299	-0.735525	-0.141226	1.0000	1
chr3:106000000-106500000	chr3	106000000	106500000	-0.795953	-0.7325	0.0634532	-0.51614	-0.60498	-0.0888404	1.0000	0
chr3:106500000-107000000	chr3	106500000	107000000	-0.508538	-0.773641	-0.265103	-0.129951	-0.515897	-0.385946	0.9600	0
chr3:107000000-107500000	chr3	107000000	107500000	-0.44405	-0.496532	-0.0524823	-0.358259	-0.522027	-0.163769	1.0000	1
chr3:107500000-108000000	chr3	107500000	108000000	-0.51905	-0.661627	-0.142577	-0.429772	-0.662261	-0.232489	1.0000	1
chr3:108000000-108500000	chr3	108000000	108500000	0.00482662	-0.251938	-0.256764	0.131964	-0.322637	-0.454601	1.0000	3
chr3:108500000-109000000	chr3	108500000	109000000	0.574682	0.540908	-0.0337737	0.803578	0.817594	0.0140159	0.9800	6
chr3:109000000-109500000	chr3	109000000	109500000	0.834261	0.717808	-0.116453	0.639285	0.662861	0.023576	1.0000	4
chr3:109500000-110000000	chr3	109500000	110000000	0.198057	-0.0554026	-0.25346	0.102666	-0.0107755	-0.113442	1.0000	0
chr3:110000000-110500000	chr3	110000000	110500000	-0.496167	-0.526622	-0.0304546	-0.156228	-0.291259	-0.135031	1.0000	0
chr3:110500000-111000000	chr3	110500000	111000000	-0.387934	-0.396289	-0.00835414	-0.128215	-0.272667	-0.144453	1.0000	0
chr3:111000000-111500000	chr3	111000000	111500000	-0.173466	-0.411471	-0.238005	0.0791719	-0.138395	-0.217567	0.9800	1
chr3:111500000-112000000	chr3	111500000	112000000	-1.00194	-0.858565	0.143371	-0.570239	-0.733189	-0.16295	1.0000	6
chr3:112000000-112500000	chr3	112000000	112500000	-0.17932	-0.335563	-0.156242	0.103	-0.108983	-0.211983	1.0000	6
chr3:112500000-113000000	chr3	112500000	113000000	-0.450503	-0.406866	0.0436369	-0.0346367	-0.295957	-0.26132	1.0000	6
chr3:113000000-113500000	chr3	113000000	113500000	0.437839	0.082937	-0.354902	0.582361	-0.105904	-0.688265	1.0000	3
chr3:113500000-114000000	chr3	113500000	114000000	0.294271	-0.153322	-0.447593	0.40275	-0.0183176	-0.421068	1.0000	7
chr3:114000000-114500000	chr3	114000000	114500000	0.59108	0.0274021	-0.563678	0.383256	-0.0410009	-0.424257	1.0000	5
chr3:114500000-115000000	chr3	114500000	115000000	-0.115841	-0.388323	-0.272482	0.177887	-0.0675174	-0.245404	1.0000	0
chr3:115000000-115500000	chr3	115000000	115500000	-0.440459	-0.538995	-0.0985356	-0.0921	-0.325167	-0.233067	1.0000	1
chr3:115500000-116000000	chr3	115500000	116000000	-0.139485	-0.0177885	0.121697	0.189804	-0.252696	-0.4425	1.0000	1
chr3:116000000-116500000	chr3	116000000	116500000	0.515384	0.413586	-0.101798	0.509032	0.385859	-0.123173	1.0000	1
chr3:116500000-117000000	chr3	116500000	117000000	0.737383	0.911402	0.174019	0.982962	1.0955	0.112535	1.0000	1
chr3:117000000-117500000	chr3	117000000	117500000	0.751083	1.09716	0.346082	0.850576	1.03426	0.183686	1.0000	0
chr3:117500000-118000000	chr3	117500000	118000000	0.368427	0.506958	0.138531	0.490662	0.701509	0.210847	1.0000	0
chr3:118000000-118500000	chr3	118000000	118500000	0.533633	1.03821	0.50458	0.705283	1.22806	0.522776	1.0000	0
chr3:118500000-119000000	chr3	118500000	119000000	0.984437	1.41004	0.425599	0.948959	1.19103	0.242075	1.0000	0
chr3:119000000-119500000	chr3	119000000	119500000	0.0776578	0.0950083	0.0173505	0.142062	0.0608388	-0.0812233	1.0000	8
chr3:119500000-120000000	chr3	119500000	120000000	-0.789378	-0.652008	0.137369	-0.982168	-0.735166	0.247002	1.0000	7
chr3:120000000-120500000	chr3	120000000	120500000	-0.415607	-0.610355	-0.194748	-0.373455	-0.647462	-0.274007	1.0000	4
chr3:120500000-121000000	chr3	120500000	121000000	0.183674	0.274728	0.0910534	0.289079	0.144039	-0.14504	1.0000	5
chr3:121000000-121500000	chr3	121000000	121500000	0.715491	0.644385	-0.0711056	0.745329	0.802355	0.0570254	1.0000	0
chr3:121500000-122000000	chr3	121500000	122000000	0.49297	0.179773	-0.313196	0.394559	0.423605	0.0290457	0.9800	8
chr3:122000000-122500000	chr3	122000000	122500000	0.362713	0.392345	0.029632	0.187807	0.288381	0.100574	0.9800	7
chr3:122500000-123000000	chr3	122500000	123000000	-0.442264	-0.335107	0.107157	-0.338606	-0.659093	-0.320487	0.8400	7
chr3:123000000-123500000	chr3	123000000	123500000	-0.229097	-0.560495	-0.331398	-0.371102	-0.808475	-0.437373	1.0000	4
chr3:123500000-124000000	chr3	123500000	124000000	-0.821745	-0.826322	-0.00457715	-0.993292	-0.820793	0.172499	1.0000	4
chr3:124000000-124500000	chr3	124000000	124500000	-0.83875	-0.536845	0.301905	-0.739262	-0.985061	-0.245799	1.0000	1
chr3:124500000-125000000	chr3	124500000	125000000	-0.782229	-0.710086	0.072143	-0.973134	-1.08059	-0.107459	1.0000	3
chr3:125000000-125500000	chr3	125000000	125500000	-1.26914	-1.19081	0.0783291	-1.08122	-1.29468	-0.21346	1.0000	3
chr3:125500000-126000000	chr3	125500000	126000000	-0.452776	-0.644032	-0.191255	-0.750347	-0.801186	-0.0508394	1.0000	3
chr3:126000000-126500000	chr3	126000000	126500000	-0.186019	-0.405724	-0.219706	-0.604737	-0.507539	0.0971986	1.0000	5
chr3:126500000-127000000	chr3	126500000	127000000	-0.0845758	-0.424958	-0.340382	-0.34098	-0.657124	-0.316143	1.0000	6
chr3:127000000-127500000	chr3	127000000	127500000	0.0394123	-0.0699379	-0.10935	-0.393598	-0.488818	-0.0952198	1.0000	2
chr3:127500000-128000000	chr3	127500000	128000000	-0.58	-0.674684	-0.094684	-1.01917	-1.03455	-0.0153795	1.0000	6
chr3:128000000-128500000	chr3	128000000	128500000	-0.701544	-0.804387	-0.102842	-0.8389	-0.934888	-0.0959886	1.0000	5
chr3:128500000-129000000	chr3	128500000	129000000	-0.735786	-0.744582	-0.00879582	-0.932318	-1.19294	-0.260621	1.0000	4
chr3:129000000-129500000	chr3	129000000	129500000	-0.765261	-0.895432	-0.130171	-1.04543	-1.04731	-0.00187284	1.0000	11
chr3:129500000-130000000	chr3	129500000	130000000	-0.46467	-0.581448	-0.116778	-0.711872	-0.897798	-0.185925	1.0000	5
chr3:130000000-130500000	chr3	130000000	130500000	0.438051	0.522763	0.0847128	0.403848	0.273646	-0.130203	1.0000	2
chr3:130500000-131000000	chr3	130500000	131000000	0.147031	0.277557	0.130526	0.421852	0.448994	0.027142	1.0000	3
chr3:131000000-131500000	chr3	131000000	131500000	0.350823	0.427877	0.0770538	0.363932	0.481911	0.117979	1.0000	3
chr3:131500000-132000000	chr3	131500000	132000000	1.01329	0.993896	-0.0193945	1.06837	0.99705	-0.0713198	1.0000	1
chr3:132000000-132500000	chr3	132000000	132500000	0.372973	0.250801	-0.122172	0.552343	0.556141	0.00379776	1.0000	3
chr3:132500000-133000000	chr3	132500000	133000000	0.377024	0.210443	-0.166581	0.216217	0.398108	0.181891	1.0000	4
chr3:133000000-133500000	chr3	133000000	133500000	0.823796	0.867194	0.0433983	0.82582	0.720046	-0.105774	0.9800	2
chr3:133500000-134000000	chr3	133500000	134000000	0.626768	0.348523	-0.278245	0.663371	0.404604	-0.258767	0.9400	5
chr3:134000000-134500000	chr3	134000000	134500000	-0.111972	-0.147456	-0.035484	-0.166857	-0.149249	0.0176084	1.0000	5
chr3:134500000-135000000	chr3	134500000	135000000	1.20432	1.35849	0.154166	1.09954	1.0372	-0.0623449	1.0000	2
chr3:135000000-135500000	chr3	135000000	135500000	1.54514	1.57519	0.0300423	1.21137	1.22669	0.0153196	0.9800	0
chr3:135500000-136000000	chr3	135500000	136000000	0.964848	0.976648	0.0118002	0.989203	1.06935	0.080143	1.0000	1
chr3:136000000-136500000	chr3	136000000	136500000	-0.526526	-0.662234	-0.135708	-0.348316	-0.408004	-0.059688	1.0000	2
chr3:136500000-137000000	chr3	136500000	137000000	-0.562025	-0.655037	-0.0930125	-0.289484	-0.44262	-0.153136	0.9600	4
chr3:137000000-137500000	chr3	137000000	137500000	1.02759	1.41159	0.384004	0.893691	1.12986	0.236169	0.9800	0
chr3:137500000-138000000	chr3	137500000	138000000	1.15351	1.14439	-0.00911742	0.837157	1.02828	0.191123	1.0000	1
chr3:138000000-138500000	chr3	138000000	138500000	-0.111826	-0.378043	-0.266217	-0.267033	-0.433652	-0.166619	1.0000	8
chr3:138500000-139000000	chr3	138500000	139000000	-0.402501	-0.545689	-0.143187	-0.408206	-0.665533	-0.257327	0.9400	5
chr3:139000000-139500000	chr3	139000000	139500000	0.242147	-0.0379359	-0.280083	0.20489	-0.103481	-0.30837	0.9800	6
chr3:139500000-140000000	chr3	139500000	140000000	0.288052	0.156894	-0.131157	0.476361	-0.292854	-0.769215	1.0000	3
chr3:140000000-140500000	chr3	140000000	140500000	0.469438	0.29456	-0.174877	0.135899	-0.118456	-0.254354	1.0000	0
chr3:140500000-141000000	chr3	140500000	141000000	0.0750623	0.0110125	-0.0640498	0.0435082	-0.256516	-0.300024	1.0000	2
chr3:141000000-141500000	chr3	141000000	141500000	-0.373459	-0.441066	-0.0676068	-0.129923	-0.535013	-0.40509	1.0000	4
chr3:141500000-142000000	chr3	141500000	142000000	-0.528673	-0.776829	-0.248156	-0.493738	-0.927957	-0.434219	1.0000	3
chr3:142000000-142500000	chr3	142000000	142500000	-0.429356	-0.821143	-0.391787	-0.16849	-0.472441	-0.30395	1.0000	3
chr3:142500000-143000000	chr3	142500000	143000000	0.0352191	-0.430675	-0.465894	0.204171	-0.259331	-0.463502	1.0000	5
chr3:143000000-143500000	chr3	143000000	143500000	0.798148	0.686943	-0.111205	0.861482	0.674228	-0.187253	1.0000	2
chr3:143500000-144000000	chr3	143500000	144000000	0.695377	0.805189	0.109812	0.96	1.09098	0.13098	1.0000	2
chr3:144000000-144500000	chr3	144000000	144500000	0.142797	0.362954	0.220157	0.516094	0.518921	0.00282747	1.0000	0
chr3:144500000-145000000	chr3	144500000	145000000	0.248754	0.630541	0.381787	0.611453	1.16402	0.552564	1.0000	0
chr3:145000000-145500000	chr3	145000000	145500000	0.0549922	0.624087	0.569095	0.722221	1.14904	0.426815	1.0000	0
chr3:145500000-146000000	chr3	145500000	146000000	0.325066	0.443384	0.118319	0.615971	0.925543	0.309572	1.0000	0
chr3:146000000-146500000	chr3	146000000	146500000	-0.286123	-0.305895	-0.0197717	-0.183004	0.299313	0.482317	1.0000	3
chr3:146500000-147000000	chr3	146500000	147000000	-0.0551306	0.118599	0.173729	0.544256	0.639461	0.0952053	1.0000	2
chr3:147000000-147500000	chr3	147000000	147500000	0.290096	0.593502	0.303406	0.610941	1.06521	0.454271	1.0000	2
chr3:147500000-148000000	chr3	147500000	148000000	0.770639	0.796737	0.0260971	0.876678	1.16264	0.285966	1.0000	0
chr3:148000000-148500000	chr3	148000000	148500000	0.536382	0.84053	0.304148	1.06076	1.05546	-0.00530356	1.0000	0
chr3:148500000-149000000	chr3	148500000	149000000	0.407927	0.255613	-0.152314	0.475919	0.389895	-0.0860239	1.0000	4
chr3:149000000-149500000	chr3	149000000	149500000	-0.775586	-0.686181	0.0894044	-0.640013	-0.784252	-0.144238	1.0000	6
chr3:149500000-150000000	chr3	149500000	150000000	-1.10779	-1.1472	-0.0394119	-0.800947	-0.975418	-0.174471	1.0000	5
chr3:150000000-150500000	chr3	150000000	150500000	-1.38616	-1.25619	0.129966	-1.02897	-1.01213	0.0168451	1.0000	1
chr3:150500000-151000000	chr3	150500000	151000000	-0.801437	-0.815118	-0.0136807	-0.60587	-0.824127	-0.218257	1.0000	7
chr3:151000000-151500000	chr3	151000000	151500000	-0.6821	-0.970919	-0.28882	-0.412327	-0.858766	-0.446439	1.0000	7
chr3:151500000-152000000	chr3	151500000	152000000	-0.83991	-0.76882	0.0710894	-0.488316	-0.554647	-0.0663314	1.0000	3
chr3:152000000-152500000	chr3	152000000	152500000	-1.72072	-1.52631	0.194408	-0.963341	-0.997436	-0.0340956	1.0000	1
chr3:152500000-153000000	chr3	152500000	153000000	-0.00862195	0.533252	0.541874	0.45544	0.427316	-0.0281243	1.0000	1
chr3:153000000-153500000	chr3	153000000	153500000	-0.290667	-0.271655	0.0190113	-0.0178838	-0.202375	-0.184491	0.9600	1
chr3:153500000-154000000	chr3	153500000	154000000	0.571051	0.683155	0.112104	0.588006	0.803751	0.215746	1.0000	0
chr3:154000000-154500000	chr3	154000000	154500000	0.680183	0.460782	-0.219401	1.00677	0.773965	-0.232806	1.0000	3
chr3:154500000-155000000	chr3	154500000	155000000	0.693804	0.6639	-0.029904	0.88768	0.847604	-0.040076	1.0000	0
chr3:155000000-155500000	chr3	155000000	155500000	0.4139	0.312066	-0.101833	0.666251	0.328097	-0.338154	1.0000	2
chr3:155500000-156000000	chr3	155500000	156000000	0.539393	0.458159	-0.0812338	0.606512	0.560102	-0.0464101	0.9800	4
chr3:156000000-156500000	chr3	156000000	156500000	0.222574	0.147577	-0.0749967	0.20793	-0.0661964	-0.274126	0.9600	1
chr3:156500000-157000000	chr3	156500000	157000000	-1.03978	-0.88178	0.158	-0.451922	-0.534314	-0.0823923	1.0000	3
chr3:157000000-157500000	chr3	157000000	157500000	-0.395202	-0.425807	-0.0306056	-0.110541	-0.0512748	0.0592665	0.9600	2
chr3:157500000-158000000	chr3	157500000	158000000	0.802028	0.74511	-0.0569181	0.999125	0.974161	-0.0249648	1.0000	1
chr3:158000000-158500000	chr3	158000000	158500000	0.269652	0.250232	-0.01942	0.652869	0.620379	-0.0324904	1.0000	2
chr3:158500000-159000000	chr3	158500000	159000000	0.387707	0.0255632	-0.362144	0.47073	0.348283	-0.122447	0.9800	5
chr3:159000000-159500000	chr3	159000000	159500000	0.339449	0.212897	-0.126553	0.252178	0.0448101	-0.207368	1.0000	2
chr3:159500000-160000000	chr3	159500000	160000000	-0.558116	-0.571092	-0.0129763	-0.249182	-0.277452	-0.0282693	1.0000	1
chr3:160000000-160500000	chr3	160000000	160500000	-0.0849421	-0.39208	-0.307138	-0.193011	-0.304817	-0.111807	1.0000	4
chr3:160500000-161000000	chr3	160500000	161000000	0.283743	0.123232	-0.160511	0.466001	0.327256	-0.138746	0.9800	3
chr3:161000000-161500000	chr3	161000000	161500000	0.367513	0.234715	-0.132799	0.575459	0.393722	-0.181736	0.9600	4
chr3:161500000-162000000	chr3	161500000	162000000	0.519119	0.789615	0.270496	0.802632	0.760674	-0.0419581	1.0000	0
chr3:162000000-162500000	chr3	162000000	162500000	-0.33781	-0.270559	0.0672504	0.0685657	0.0568133	-0.0117524	1.0000	0
chr3:162500000-163000000	chr3	162500000	163000000	-0.181452	-0.00241242	0.17904	0.100074	0.340818	0.240744	1.0000	0
chr3:163000000-163500000	chr3	163000000	163500000	0.165419	0.708092	0.542673	0.76935	1.18149	0.412142	1.0000	0
chr3:163500000-164000000	chr3	163500000	164000000	0.290845	0.813205	0.52236	0.775446	1.19023	0.41478	1.0000	0
chr3:164000000-164500000	chr3	164000000	164500000	0.386206	0.823052	0.436846	0.554344	1.25356	0.699218	1.0000	0
chr3:164500000-165000000	chr3	164500000	165000000	0.396696	0.814835	0.418139	0.818212	1.25112	0.432906	1.0000	0
chr3:165000000-165500000	chr3	165000000	165500000	0.419858	0.608761	0.188904	0.685893	1.14996	0.464062	1.0000	2
chr3:165500000-166000000	chr3	165500000	166000000	0.0462091	0.336565	0.290356	0.454673	0.860713	0.40604	0.9400	1
chr3:166000000-166500000	chr3	166000000	166500000	-0.0233665	0.0670693	0.0904359	0.534859	0.758925	0.224065	0.9600	0
chr3:166500000-167000000	chr3	166500000	167000000	0.350311	0.581158	0.230847	0.783507	1.12799	0.344481	1.0000	0
chr3:167000000-167500000	chr3	167000000	167500000	0.658361	0.93108	0.272719	1.05331	1.26657	0.213254	1.0000	2
chr3:167500000-168000000	chr3	167500000	168000000	0.557304	1.0114	0.454095	0.963431	1.13474	0.171305	1.0000	3
chr3:168000000-168500000	chr3	168000000	168500000	0.0607354	0.359908	0.299172	0.63236	0.681141	0.0487807	0.9800	1
chr3:168500000-169000000	chr3	168500000	169000000	0.0782552	0.314451	0.236196	0.584666	0.611498	0.026832	1.0000	0
chr3:169000000-169500000	chr3	169000000	169500000	-0.132137	-0.32854	-0.196404	0.202335	0.13924	-0.0630956	1.0000	0
chr3:169500000-170000000	chr3	169500000	170000000	-0.253209	-0.197881	0.0553282	-0.0399012	-0.117327	-0.0774261	1.0000	9
chr3:170000000-170500000	chr3	170000000	170500000	-1.11239	-1.10807	0.00432025	-1.06026	-1.22883	-0.168571	1.0000	5
chr3:170500000-171000000	chr3	170500000	171000000	-0.871134	-0.732967	0.138167	-0.89889	-1.1798	-0.280911	0.9200	3
chr3:171000000-171500000	chr3	171000000	171500000	-1.39784	-1.13919	0.258651	-1.21971	-1.10461	0.1151	1.0000	2
chr3:171500000-172000000	chr3	171500000	172000000	-1.26182	-1.1817	0.0801127	-1.28969	-1.23541	0.0542868	0.9600	2
chr3:172000000-172500000	chr3	172000000	172500000	-1.23654	-1.0743	0.162242	-1.04655	-1.10079	-0.054239	1.0000	2
chr3:172500000-173000000	chr3	172500000	173000000	-0.592741	-0.437502	0.155239	-0.300806	-0.576578	-0.275771	1.0000	3
chr3:173000000-173500000	chr3	173000000	173500000	0.570402	0.979534	0.409132	1.07224	1.24152	0.169272	1.0000	2
chr3:173500000-174000000	chr3	173500000	174000000	-0.0848272	0.444735	0.529562	0.559963	0.84266	0.282696	1.0000	0
chr3:174000000-174500000	chr3	174000000	174500000	0.172643	0.428326	0.255683	0.513979	0.85327	0.339291	1.0000	0
chr3:174500000-175000000	chr3	174500000	175000000	0.159586	-0.0204308	-0.180017	0.264014	0.483611	0.219597	0.9800	1
chr3:175000000-175500000	chr3	175000000	175500000	-0.293215	-0.222236	0.0709784	0.232823	0.178175	-0.054648	1.0000	0
chr3:175500000-176000000	chr3	175500000	176000000	0.0830165	0.635587	0.552571	0.576283	0.855369	0.279086	1.0000	0
chr3:176000000-176500000	chr3	176000000	176500000	0.510836	0.927107	0.41627	0.852876	1.23673	0.383854	1.0000	0
chr3:176500000-177000000	chr3	176500000	177000000	0.532692	0.866682	0.33399	0.756918	0.684668	-0.0722498	0.9600	0
chr3:177000000-177500000	chr3	177000000	177500000	-0.89329	-0.951417	-0.058127	-0.739629	-0.852031	-0.112402	1.0000	1
chr3:177500000-178000000	chr3	177500000	178000000	-0.973762	-0.791953	0.181809	-0.681019	-0.716742	-0.0357231	0.9800	0
chr3:178000000-178500000	chr3	178000000	178500000	-0.89385	-0.733523	0.160327	-0.456713	-0.486637	-0.0299237	1.0000	0
chr3:178500000-179000000	chr3	178500000	179000000	0.299432	0.467731	0.168299	0.469062	0.50102	0.0319574	0.9400	1
chr3:179000000-179500000	chr3	179000000	179500000	-0.842089	-0.826219	0.0158698	-0.360973	-0.530398	-0.169425	1.0000	6
chr3:179500000-180000000	chr3	179500000	180000000	0.274257	0.376348	0.102091	0.61601	0.520676	-0.0953338	1.0000	4
chr3:180000000-180500000	chr3	180000000	180500000	1.05211	1.54092	0.488814	1.34163	1.552	0.210368	1.0000	1
chr3:180500000-181000000	chr3	180500000	181000000	0.586478	0.829145	0.242667	1.01392	1.10789	0.0939616	1.0000	4
chr3:181000000-181500000	chr3	181000000	181500000	1.11597	1.2537	0.137732	1.4019	1.67301	0.271107	1.0000	0
chr3:181500000-182000000	chr3	181500000	182000000	0.434485	0.928006	0.493522	0.665458	0.798908	0.13345	1.0000	1
chr3:182000000-182500000	chr3	182000000	182500000	0.827427	0.906869	0.0794416	0.91121	0.936295	0.0250857	1.0000	0
chr3:182500000-183000000	chr3	182500000	183000000	-0.184223	-0.156155	0.0280673	0.317485	0.0755887	-0.241896	1.0000	2
chr3:183000000-183500000	chr3	183000000	183500000	-0.498794	-0.734862	-0.236068	-0.604387	-0.937606	-0.333219	0.9800	4
chr3:183500000-184000000	chr3	183500000	184000000	-0.775642	-0.799314	-0.0236716	-0.845883	-1.12974	-0.283852	0.9800	5
chr3:184000000-184500000	chr3	184000000	184500000	-0.836612	-0.834096	0.00251621	-0.90908	-1.03423	-0.125151	1.0000	20
chr3:184500000-185000000	chr3	184500000	185000000	-0.861545	-0.757237	0.104308	-0.865057	-1.04024	-0.175181	1.0000	3
chr3:185000000-185500000	chr3	185000000	185500000	-0.556706	-0.753648	-0.196942	-0.69678	-0.895685	-0.198904	1.0000	4
chr3:185500000-186000000	chr3	185500000	186000000	-1.16776	-1.1782	-0.0104427	-1.31686	-1.16671	0.150147	1.0000	4
chr3:186000000-186500000	chr3	186000000	186500000	-0.616423	-0.808539	-0.192116	-0.933945	-1.16314	-0.229197	1.0000	2
chr3:186500000-187000000	chr3	186500000	187000000	-0.770485	-0.872895	-0.10241	-0.772736	-1.06709	-0.294356	1.0000	11
chr3:187000000-187500000	chr3	187000000	187500000	-0.466847	-0.481494	-0.0146474	-0.484895	-0.725742	-0.240847	1.0000	4
chr3:187500000-188000000	chr3	187500000	188000000	-0.775542	-0.830716	-0.0551739	-0.798562	-1.12664	-0.328083	0.9800	3
chr3:188000000-188500000	chr3	188000000	188500000	-1.16349	-1.12821	0.0352761	-0.951748	-1.16307	-0.211327	1.0000	1
chr3:188500000-189000000	chr3	188500000	189000000	-0.988146	-0.9631	0.0250459	-1.12583	-1.16028	-0.034457	1.0000	0
chr3:189000000-189500000	chr3	189000000	189500000	-0.540606	-0.71721	-0.176604	-0.637946	-0.666521	-0.0285749	1.0000	1
chr3:189500000-190000000	chr3	189500000	190000000	-0.669024	-0.617147	0.0518771	-0.466557	-0.750308	-0.283751	1.0000	1
chr3:190000000-190500000	chr3	190000000	190500000	-1.20176	-1.08586	0.1159	-0.89045	-0.905972	-0.0155224	1.0000	4
chr3:190500000-191000000	chr3	190500000	191000000	-0.220536	-0.181203	0.0393332	0.0601694	0.0646181	0.0044487	1.0000	2
chr3:191000000-191500000	chr3	191000000	191500000	-0.284031	-0.180454	0.103577	-0.0539807	0.00182903	0.0558097	1.0000	4
chr3:191500000-192000000	chr3	191500000	192000000	0.271574	0.567759	0.296185	0.56195	0.892436	0.330486	1.0000	0
chr3:192000000-192500000	chr3	192000000	192500000	0.447152	0.896462	0.44931	0.637936	1.05044	0.412509	1.0000	0
chr3:192500000-193000000	chr3	192500000	193000000	-0.0967565	0.145282	0.242038	0.213949	0.298657	0.0847082	0.9800	2
chr3:193000000-193500000	chr3	193000000	193500000	0.594815	0.800922	0.206107	0.466412	0.64239	0.175978	1.0000	2
chr3:193500000-194000000	chr3	193500000	194000000	-0.577921	-0.684827	-0.106906	-0.480314	-0.766391	-0.286076	1.0000	2
chr3:194000000-194500000	chr3	194000000	194500000	-0.975098	-0.963826	0.0112719	-0.979019	-1.03446	-0.0554432	0.9600	5
chr3:194500000-195000000	chr3	194500000	195000000	-0.837444	-0.910447	-0.0730034	-0.977347	-1.0149	-0.037554	1.0000	3
chr3:195000000-195500000	chr3	195000000	195500000	-0.824892	-1.03748	-0.212584	-1.09478	-1.08434	0.0104383	0.9400	2
chr3:195500000-196000000	chr3	195500000	196000000	nan	nan	nan	nan	nan	nan	0.4600	5
chr3:196000000-196500000	chr3	196000000	196500000	-1.10339	-1.06007	0.0433179	-1.27756	-1.17132	0.106237	0.9200	7
chr3:196500000-197000000	chr3	196500000	197000000	-1.2137	-1.16014	0.0535632	-1.33895	-1.32591	0.0130435	0.9800	12
chr3:197000000-197500000	chr3	197000000	197500000	-1.45518	-1.43262	0.022556	-1.25738	-1.15034	0.107036	0.8600	2
chr3:197500000-198000000	chr3	197500000	198000000	-1.18168	-1.08932	0.0923638	-1.19342	-1.26457	-0.0711484	0.8200	7
chr3:198000000-198295559	chr3	198000000	198295559	nan	nan	nan	nan	nan	nan	0.1692	0
chr4:0-500000	chr4	0	500000	nan	nan	nan	nan	nan	nan	0.0000	6
chr4:500000-1000000	chr4	500000	1000000	nan	nan	nan	nan	nan	nan	0.0000	12
chr4:1000000-1500000	chr4	1000000	1500000	nan	nan	nan	nan	nan	nan	0.0000	7
chr4:1500000-2000000	chr4	1500000	2000000	nan	nan	nan	nan	nan	nan	0.0000	7
chr4:2000000-2500000	chr4	2000000	2500000	nan	nan	nan	nan	nan	nan	0.0000	9
chr4:2500000-3000000	chr4	2500000	3000000	nan	nan	nan	nan	nan	nan	0.0000	7
chr4:3000000-3500000	chr4	3000000	3500000	-0.475428	-0.677051	-0.201623	-0.675738	-0.681865	-0.00612747	0.9200	6
chr4:3500000-4000000	chr4	3500000	4000000	0.322756	-0.234067	-0.556823	-0.328898	-0.191987	0.136911	1.0000	2
chr4:4000000-4500000	chr4	4000000	4500000	0.051784	-0.192882	-0.244666	-0.0507668	-0.481723	-0.430956	1.0000	5
chr4:4500000-5000000	chr4	4500000	5000000	0.142595	-0.130178	-0.272773	-0.243614	-0.340823	-0.0972086	1.0000	2
chr4:5000000-5500000	chr4	5000000	5500000	0.112875	-0.0721605	-0.185036	-0.0567559	-0.46738	-0.410624	1.0000	2
chr4:5500000-6000000	chr4	5500000	6000000	0.395182	-0.0986934	-0.493876	-0.108649	-0.178666	-0.0700174	1.0000	3
chr4:6000000-6500000	chr4	6000000	6500000	0.617356	0.260034	-0.357322	0.174312	0.0302493	-0.144062	0.9800	5
chr4:6500000-7000000	chr4	6500000	7000000	-0.432296	-0.592777	-0.160481	-0.706158	-0.834712	-0.128554	1.0000	8
chr4:7000000-7500000	chr4	7000000	7500000	-0.313513	-0.371685	-0.0581727	-0.483304	-0.604235	-0.120931	1.0000	5
chr4:7500000-8000000	chr4	7500000	8000000	-0.311872	-0.651234	-0.339362	-0.63909	-0.843271	-0.204181	0.9800	1
chr4:8000000-8500000	chr4	8000000	8500000	-0.0820058	-0.409174	-0.327168	-0.373934	-0.540566	-0.166632	1.0000	5
chr4:8500000-9000000	chr4	8500000	9000000	0.792403	0.692774	-0.0996286	0.453694	0.632382	0.178688	0.9400	3
chr4:9000000-9500000	chr4	9000000	9500000	0.72714	0.875807	0.148667	0.735337	0.539461	-0.195876	0.6800	21
chr4:9500000-10000000	chr4	9500000	10000000	1.22523	1.2919	0.0666757	1.02636	0.885019	-0.141345	1.0000	1
chr4:10000000-10500000	chr4	10000000	10500000	0.983825	0.987113	0.00328852	0.869222	0.581277	-0.287944	0.9200	3
chr4:10500000-11000000	chr4	10500000	11000000	0.331122	0.196559	-0.134563	0.36008	0.0953416	-0.264739	1.0000	1
chr4:11000000-11500000	chr4	11000000	11500000	0.716248	0.7581	0.0418525	0.63459	0.574801	-0.059789	1.0000	1
chr4:11500000-12000000	chr4	11500000	12000000	0.35144	0.478552	0.127112	0.117525	0.404342	0.286817	1.0000	0
chr4:12000000-12500000	chr4	12000000	12500000	0.505402	1.15626	0.650854	0.493247	1.09597	0.602718	1.0000	0
chr4:12500000-13000000	chr4	12500000	13000000	0.793608	1.14704	0.353435	0.868123	1.09813	0.23001	1.0000	0
chr4:13000000-13500000	chr4	13000000	13500000	0.772318	0.770562	-0.0017561	0.647504	0.651945	0.00444082	1.0000	1
chr4:13500000-14000000	chr4	13500000	14000000	0.130379	0.1903	0.0599214	-0.0346485	-0.0976327	-0.0629842	1.0000	2
chr4:14000000-14500000	chr4	14000000	14500000	0.509747	0.618888	0.109141	0.350906	0.434479	0.0835725	1.0000	0
chr4:14500000-15000000	chr4	14500000	15000000	0.503392	0.688896	0.185504	0.102591	0.521329	0.418739	1.0000	0
chr4:15000000-15500000	chr4	15000000	15500000	-0.303744	-0.409651	-0.105907	-0.133477	-0.353282	-0.219804	1.0000	3
chr4:15500000-16000000	chr4	15500000	16000000	-0.129869	-0.238667	-0.108798	-0.158095	-0.230021	-0.0719266	1.0000	6
chr4:16000000-16500000	chr4	16000000	16500000	0.888508	0.681895	-0.206613	0.721657	0.584337	-0.13732	1.0000	2
chr4:16500000-17000000	chr4	16500000	17000000	0.891575	0.846096	-0.045479	0.515409	0.747634	0.232225	1.0000	1
chr4:17000000-17500000	chr4	17000000	17500000	0.668041	0.717312	0.0492709	0.565436	0.749859	0.184424	1.0000	0
chr4:17500000-18000000	chr4	17500000	18000000	0.480126	0.410263	-0.0698635	0.733539	0.71599	-0.0175486	1.0000	7
chr4:18000000-18500000	chr4	18000000	18500000	1.12738	1.29685	0.169477	1.15495	1.34305	0.1881	1.0000	1
chr4:18500000-19000000	chr4	18500000	19000000	0.989219	0.904114	-0.0851048	1.1204	1.1334	0.0130026	1.0000	0
chr4:19000000-19500000	chr4	19000000	19500000	-0.00953469	-0.0838091	-0.0742744	0.191879	0.339683	0.147804	1.0000	0
chr4:19500000-20000000	chr4	19500000	20000000	-0.242072	-0.500948	-0.258877	0.0413258	-0.201306	-0.242632	1.0000	0
chr4:20000000-20500000	chr4	20000000	20500000	-0.264842	-0.429423	-0.164581	0.121539	-0.102069	-0.223608	1.0000	1
chr4:20500000-21000000	chr4	20500000	21000000	0.693951	0.576285	-0.117666	0.766782	0.655882	-0.110901	1.0000	1
chr4:21000000-21500000	chr4	21000000	21500000	0.978267	1.04968	0.0714165	1.19012	1.13833	-0.051792	1.0000	0
chr4:21500000-22000000	chr4	21500000	22000000	0.362602	0.0774913	-0.28511	0.536234	0.33805	-0.198184	1.0000	1
chr4:22000000-22500000	chr4	22000000	22500000	0.710428	0.433183	-0.277246	0.766555	0.428018	-0.338537	1.0000	0
chr4:22500000-23000000	chr4	22500000	23000000	0.778049	0.89183	0.113782	0.72015	0.848581	0.128431	1.0000	1
chr4:23000000-23500000	chr4	23000000	23500000	0.160567	0.296903	0.136336	0.341958	0.320748	-0.0212105	1.0000	0
chr4:23500000-24000000	chr4	23500000	24000000	-0.0239344	0.0445775	0.068512	-0.0305833	-0.0347692	-0.00418584	1.0000	1
chr4:24000000-24500000	chr4	24000000	24500000	0.0857887	0.0839216	-0.00186716	-0.0284499	-0.179088	-0.150638	1.0000	0
chr4:24500000-25000000	chr4	24500000	25000000	0.0599545	-0.190811	-0.250765	-0.150008	-0.572213	-0.422204	1.0000	3
chr4:25000000-25500000	chr4	25000000	25500000	-0.0557378	-0.272308	-0.21657	-0.095592	-0.250776	-0.155184	1.0000	5
chr4:25500000-26000000	chr4	25500000	26000000	0.351087	0.249376	-0.101712	0.102497	-0.309447	-0.411944	1.0000	3
chr4:26000000-26500000	chr4	26000000	26500000	-0.420364	-0.393709	0.0266545	-0.445706	-0.730261	-0.284555	1.0000	2
chr4:26500000-27000000	chr4	26500000	27000000	-0.0742378	-0.433307	-0.35907	0.049372	-0.061859	-0.111231	1.0000	2
chr4:27000000-27500000	chr4	27000000	27500000	1.0607	1.02426	-0.0364349	0.949014	0.853064	-0.0959497	1.0000	0
chr4:27500000-28000000	chr4	27500000	28000000	0.500599	0.815769	0.31517	0.819456	0.941622	0.122166	1.0000	0
chr4:28000000-28500000	chr4	28000000	28500000	0.00178739	0.161782	0.159994	0.309398	0.329074	0.019676	1.0000	0
chr4:28500000-29000000	chr4	28500000	29000000	-0.0481467	0.0447348	0.0928815	0.145612	0.142656	-0.002956	1.0000	0
chr4:29000000-29500000	chr4	29000000	29500000	-0.360006	0.0331795	0.393186	0.0896589	0.430262	0.340603	1.0000	0
chr4:29500000-30000000	chr4	29500000	30000000	0.405606	0.429663	0.0240572	0.595189	0.907258	0.312069	1.0000	0
chr4:30000000-30500000	chr4	30000000	30500000	0.151363	0.121015	-0.0303481	0.269332	0.308921	0.0395892	1.0000	0
chr4:30500000-31000000	chr4	30500000	31000000	-0.751389	-0.902965	-0.151576	-0.362576	-0.604758	-0.242182	1.0000	1
chr4:31000000-31500000	chr4	31000000	31500000	-0.59204	-0.652806	-0.0607659	-0.266911	-0.341079	-0.0741675	1.0000	0
chr4:31500000-32000000	chr4	31500000	32000000	-0.279591	-0.327153	-0.0475612	-0.0468605	-0.0191746	0.027686	1.0000	0
chr4:32000000-32500000	chr4	32000000	32500000	-0.0073169	-0.15598	-0.148663	0.127036	0.308696	0.181659	1.0000	0
chr4:32500000-33000000	chr4	32500000	33000000	0.103645	0.0613879	-0.0422568	0.267852	0.653872	0.38602	1.0000	0
chr4:33000000-33500000	chr4	33000000	33500000	-0.00223561	-0.0111515	-0.0089159	0.103482	0.339371	0.23589	1.0000	0
chr4:33500000-34000000	chr4	33500000	34000000	-0.210399	-0.387526	-0.177127	-0.102192	-0.0449713	0.0572204	1.0000	0
chr4:34000000-34500000	chr4	34000000	34500000	-0.431567	-0.359696	0.071871	-0.0612996	-0.00466207	0.0566375	1.0000	0
chr4:34500000-35000000	chr4	34500000	35000000	0.108989	0.0240431	-0.0849461	0.504787	0.707933	0.203147	1.0000	0
chr4:35000000-35500000	chr4	35000000	35500000	0.407185	0.766398	0.359213	0.599596	1.07162	0.472021	1.0000	0
chr4:35500000-36000000	chr4	35500000	36000000	0.622492	0.566457	-0.0560347	0.552058	1.06921	0.517157	1.0000	0
chr4:36000000-36500000	chr4	36000000	36500000	0.717464	0.780944	0.06348	0.998794	1.24466	0.245868	1.0000	2
chr4:36500000-37000000	chr4	36500000	37000000	1.05494	1.08884	0.0339	1.09096	1.3794	0.288439	1.0000	0
chr4:37000000-37500000	chr4	37000000	37500000	1.18024	1.16585	-0.0143851	0.968749	1.15312	0.184371	1.0000	2
chr4:37500000-38000000	chr4	37500000	38000000	0.0758996	-0.0330068	-0.108906	0.0509973	-0.312573	-0.36357	1.0000	4
chr4:38000000-38500000	chr4	38000000	38500000	-0.197873	-0.311521	-0.113648	-0.261512	-0.608051	-0.346538	1.0000	0
chr4:38500000-39000000	chr4	38500000	39000000	-0.420857	-0.522156	-0.101298	-0.576732	-0.722532	-0.1458	1.0000	5
chr4:39000000-39500000	chr4	39000000	39500000	-0.737521	-0.942684	-0.205164	-0.560938	-0.875881	-0.314943	1.0000	7
chr4:39500000-40000000	chr4	39500000	40000000	-1.10354	-1.0756	0.0279407	-0.960981	-1.13042	-0.169444	1.0000	4
chr4:40000000-40500000	chr4	40000000	40500000	-0.41167	-0.584221	-0.172551	-0.864672	-1.06802	-0.203344	0.9400	3
chr4:40500000-41000000	chr4	40500000	41000000	-0.563353	-0.552638	0.0107148	-0.667323	-1.04599	-0.378669	1.0000	2
chr4:41000000-41500000	chr4	41000000	41500000	-0.34314	-0.445614	-0.102474	-0.391889	-0.561174	-0.169285	1.0000	2
chr4:41500000-42000000	chr4	41500000	42000000	-0.11301	-0.36028	-0.24727	-0.246324	-0.353132	-0.106808	1.0000	5
chr4:42000000-42500000	chr4	42000000	42500000	0.823509	0.725852	-0.0976571	0.856354	0.663782	-0.192572	1.0000	2
chr4:42500000-43000000	chr4	42500000	43000000	1.11806	1.02744	-0.090618	1.14656	1.40117	0.254608	1.0000	2
chr4:43000000-43500000	chr4	43000000	43500000	0.528557	0.477637	-0.0509202	0.615434	0.760582	0.145149	1.0000	0
chr4:43500000-44000000	chr4	43500000	44000000	0.570379	0.645626	0.0752468	0.72631	1.00498	0.27867	1.0000	0
chr4:44000000-44500000	chr4	44000000	44500000	0.462254	0.528965	0.066711	0.536268	1.00292	0.466652	1.0000	1
chr4:44500000-45000000	chr4	44500000	45000000	0.522571	0.721783	0.199212	0.70908	1.08657	0.377491	1.0000	3
chr4:45000000-45500000	chr4	45000000	45500000	0.339621	0.787231	0.44761	0.46275	1.12531	0.662562	1.0000	0
chr4:45500000-46000000	chr4	45500000	46000000	0.406616	0.982184	0.575568	0.714051	1.24713	0.533082	1.0000	0
chr4:46000000-46500000	chr4	46000000	46500000	0.376264	0.660119	0.283855	0.557974	0.927631	0.369657	1.0000	2
chr4:46500000-47000000	chr4	46500000	47000000	0.685955	0.443882	-0.242072	0.328451	0.684847	0.356396	1.0000	2
chr4:47000000-47500000	chr4	47000000	47500000	-0.403392	-0.554771	-0.151379	-0.254043	-0.151889	0.102154	1.0000	3
chr4:47500000-48000000	chr4	47500000	48000000	-0.176661	-0.307624	-0.130963	-0.0581556	-0.0100254	0.0481302	1.0000	2
chr4:48000000-48500000	chr4	48000000	48500000	-0.383827	-0.568808	-0.18498	-0.225098	-0.401139	-0.176041	1.0000	7
chr4:48500000-49000000	chr4	48500000	49000000	-0.57879	-0.591301	-0.0125107	-0.373708	-0.523032	-0.149323	1.0000	4
chr4:49000000-49500000	chr4	49000000	49500000	nan	nan	nan	nan	nan	nan	0.1400	0
chr4:49500000-50000000	chr4	49500000	50000000	nan	nan	nan	nan	nan	nan	0.0000	0
chr4:50000000-50500000	chr4	50000000	50500000	nan	nan	nan	nan	nan	nan	0.0000	0
chr4:50500000-51000000	chr4	50500000	51000000	nan	nan	nan	nan	nan	nan	0.0000	0
chr4:51000000-51500000	chr4	51000000	51500000	nan	nan	nan	nan	nan	nan	0.0000	0
chr4:51500000-52000000	chr4	51500000	52000000	nan	nan	nan	nan	nan	nan	0.3600	1
chr4:52000000-52500000	chr4	52000000	52500000	0.642083	0.759284	0.117201	0.607902	0.471564	-0.136338	1.0000	3
chr4:52500000-53000000	chr4	52500000	53000000	-0.0759084	-0.100771	-0.0248627	0.0127294	0.00539369	-0.00733573	1.0000	3
chr4:53000000-53500000	chr4	53000000	53500000	-0.342721	-0.477755	-0.135035	-0.30101	-0.4546	-0.15359	1.0000	2
chr4:53500000-54000000	chr4	53500000	54000000	-0.403377	-0.582819	-0.179442	-0.367543	-0.680353	-0.312809	1.0000	1
chr4:54000000-54500000	chr4	54000000	54500000	-0.213263	-0.487617	-0.274354	-0.313782	-0.449234	-0.135452	1.0000	3
chr4:54500000-55000000	chr4	54500000	55000000	0.0970955	0.180041	0.0829451	0.158263	-0.0327541	-0.191017	1.0000	1
chr4:55000000-55500000	chr4	55000000	55500000	-0.112436	-0.247452	-0.135017	-0.183081	-0.203062	-0.0199808	0.9800	3
chr4:55500000-56000000	chr4	55500000	56000000	-0.217448	-0.472	-0.254552	-0.157036	-0.137739	0.0192964	1.0000	6
chr4:56000000-56500000	chr4	56000000	56500000	-0.263151	-0.416743	-0.153592	-0.0106972	-0.498733	-0.488036	1.0000	5
chr4:56500000-57000000	chr4	56500000	57000000	-0.562848	-0.768758	-0.20591	-0.685886	-1.01951	-0.33362	1.0000	7
chr4:57000000-57500000	chr4	57000000	57500000	-0.14916	-0.161177	-0.0120166	-0.0381281	-0.165487	-0.127359	1.0000	1
chr4:57500000-58000000	chr4	57500000	58000000	0.302709	0.567884	0.265176	0.568076	0.740259	0.172183	1.0000	0
chr4:58000000-58500000	chr4	58000000	58500000	0.129231	0.551805	0.422574	0.486823	0.603279	0.116456	1.0000	0
chr4:58500000-59000000	chr4	58500000	59000000	-0.356183	-0.328126	0.0280563	-0.0707781	0.261337	0.332115	0.9200	0
chr4:59000000-59500000	chr4	59000000	59500000	-0.0134054	0.102109	0.115514	0.171015	0.593067	0.422052	1.0000	0
chr4:59500000-60000000	chr4	59500000	60000000	0.238805	0.328086	0.089281	0.382375	0.534255	0.15188	1.0000	0
chr4:60000000-60500000	chr4	60000000	60500000	-0.0972421	0.315079	0.412321	0.415455	0.767093	0.351638	1.0000	0
chr4:60500000-61000000	chr4	60500000	61000000	-0.0690926	-0.0779786	-0.00888596	0.14144	0.3997	0.258261	1.0000	0
chr4:61000000-61500000	chr4	61000000	61500000	-0.192831	0.0586587	0.25149	-0.00236046	0.200635	0.202995	1.0000	1
chr4:61500000-62000000	chr4	61500000	62000000	0.0572431	0.0335973	-0.0236458	0.289181	0.383127	0.0939453	1.0000	0
chr4:62000000-62500000	chr4	62000000	62500000	0.27707	0.56397	0.2869	0.632734	0.807844	0.175111	1.0000	0
chr4:62500000-63000000	chr4	62500000	63000000	0.19048	0.346513	0.156033	0.486023	0.724363	0.23834	1.0000	0
chr4:63000000-63500000	chr4	63000000	63500000	0.280274	0.517048	0.236774	0.387073	0.961975	0.574901	1.0000	0
chr4:63500000-64000000	chr4	63500000	64000000	0.365759	0.622706	0.256947	0.803709	1.25449	0.450782	1.0000	0
chr4:64000000-64500000	chr4	64000000	64500000	0.162812	0.522173	0.359361	0.422993	1.28127	0.858281	1.0000	1
chr4:64500000-65000000	chr4	64500000	65000000	0.491438	0.734846	0.243408	1.01777	1.31948	0.301711	1.0000	0
chr4:65000000-65500000	chr4	65000000	65500000	0.0834077	0.150991	0.0675829	0.395669	0.64294	0.24727	1.0000	0
chr4:65500000-66000000	chr4	65500000	66000000	-0.365966	-0.249165	0.116801	0.221209	0.0215603	-0.199649	1.0000	1
chr4:66000000-66500000	chr4	66000000	66500000	-0.112713	-0.41789	-0.305177	0.0438742	0.157889	0.114015	1.0000	0
chr4:66500000-67000000	chr4	66500000	67000000	-0.140824	-0.195535	-0.0547109	0.213815	0.340565	0.12675	1.0000	0
chr4:67000000-67500000	chr4	67000000	67500000	0.620814	0.857587	0.236772	0.981656	0.735188	-0.246468	1.0000	0
chr4:67500000-68000000	chr4	67500000	68000000	0.285504	0.248911	-0.0365921	0.530961	0.62403	0.0930694	1.0000	6
chr4:68000000-68500000	chr4	68000000	68500000	0.245524	0.50989	0.264366	0.582247	0.806571	0.224323	1.0000	4
chr4:68500000-69000000	chr4	68500000	69000000	0.457487	0.654388	0.196901	0.896052	0.90706	0.011008	1.0000	4
chr4:69000000-69500000	chr4	69000000	69500000	0.507547	0.462416	-0.0451311	0.787921	1.05921	0.271292	1.0000	4
chr4:69500000-70000000	chr4	69500000	70000000	0.417132	0.561857	0.144725	0.701371	1.01506	0.313689	1.0000	7
chr4:70000000-70500000	chr4	70000000	70500000	0.705842	1.22729	0.521445	1.13726	1.41204	0.274781	1.0000	11
chr4:70500000-71000000	chr4	70500000	71000000	-0.572423	-0.52342	0.0490029	-0.283415	-0.330506	-0.0470904	1.0000	9
chr4:71000000-71500000	chr4	71000000	71500000	-0.21308	-0.339913	-0.126833	-0.138845	-0.367539	-0.228694	1.0000	1
chr4:71500000-72000000	chr4	71500000	72000000	0.205026	0.0614492	-0.143577	0.336238	0.307419	-0.0288189	1.0000	1
chr4:72000000-72500000	chr4	72000000	72500000	0.428393	0.375289	-0.0531042	0.559581	0.602497	0.0429156	1.0000	1
chr4:72500000-73000000	chr4	72500000	73000000	0.0642977	0.204335	0.140038	0.0884283	0.0704989	-0.0179294	1.0000	1
chr4:73000000-73500000	chr4	73000000	73500000	-0.615668	-0.812911	-0.197243	-0.292846	-0.317033	-0.0241865	1.0000	5
chr4:73500000-74000000	chr4	73500000	74000000	-0.282646	-0.343647	-0.0610016	-0.319769	-0.329554	-0.0097845	1.0000	8
chr4:74000000-74500000	chr4	74000000	74500000	-0.693906	-0.835899	-0.141993	-0.451134	-0.419134	0.0320003	1.0000	6
chr4:74500000-75000000	chr4	74500000	75000000	0.363696	0.0665627	-0.297134	0.275685	0.287043	0.0113582	1.0000	2
chr4:75000000-75500000	chr4	75000000	75500000	0.877821	1.059	0.181177	0.971852	0.908081	-0.0637715	1.0000	0
chr4:75500000-76000000	chr4	75500000	76000000	-0.646444	-0.65596	-0.00951586	-0.537448	-0.87757	-0.340122	1.0000	9
chr4:76000000-76500000	chr4	76000000	76500000	-0.52667	-0.578967	-0.0522969	-0.719556	-0.740412	-0.0208566	1.0000	10
chr4:76500000-77000000	chr4	76500000	77000000	-0.842575	-0.920554	-0.077979	-1.02068	-0.935695	0.0849867	1.0000	2
chr4:77000000-77500000	chr4	77000000	77500000	0.136813	0.0790081	-0.0578052	-0.110322	-0.278162	-0.16784	1.0000	2
chr4:77500000-78000000	chr4	77500000	78000000	-0.071439	-0.256782	-0.185343	0.0129398	-0.190112	-0.203052	0.9800	3
chr4:78000000-78500000	chr4	78000000	78500000	0.277936	0.555037	0.277101	0.373475	0.425204	0.0517291	0.9800	1
chr4:78500000-79000000	chr4	78500000	79000000	-0.675789	-0.645201	0.0305883	-0.28422	-0.538594	-0.254374	1.0000	3
chr4:79000000-79500000	chr4	79000000	79500000	0.381895	0.734376	0.352482	0.775335	1.03675	0.261417	1.0000	2
chr4:79500000-80000000	chr4	79500000	80000000	0.214192	0.267789	0.0535973	0.223791	0.441514	0.217723	1.0000	0
chr4:80000000-80500000	chr4	80000000	80500000	-0.70813	-0.519672	0.188458	-0.254543	-0.21506	0.0394826	1.0000	4
chr4:80500000-81000000	chr4	80500000	81000000	0.682365	1.01563	0.33327	1.01172	1.32167	0.309955	1.0000	0
chr4:81000000-81500000	chr4	81000000	81500000	0.900144	1.184	0.283851	1.16074	1.11681	-0.0439334	1.0000	3
chr4:81500000-82000000	chr4	81500000	82000000	1.30223	1.4709	0.168671	1.09573	1.13097	0.0352422	1.0000	0
chr4:82000000-82500000	chr4	82000000	82500000	0.383483	0.525943	0.14246	0.33279	0.449957	0.117166	1.0000	3
chr4:82500000-83000000	chr4	82500000	83000000	-0.552855	-0.515513	0.0373421	-0.422602	-0.555885	-0.133283	1.0000	4
chr4:83000000-83500000	chr4	83000000	83500000	-0.219556	-0.338188	-0.118632	-0.155356	-0.198852	-0.0434968	1.0000	8
chr4:83500000-84000000	chr4	83500000	84000000	0.177963	-0.00405695	-0.18202	0.176818	0.236172	0.0593544	1.0000	1
chr4:84000000-84500000	chr4	84000000	84500000	1.16218	1.22271	0.0605284	1.06169	1.17151	0.109823	1.0000	1
chr4:84500000-85000000	chr4	84500000	85000000	-0.525713	-0.789393	-0.26368	-0.635036	-0.529948	0.105088	1.0000	2
chr4:85000000-85500000	chr4	85000000	85500000	0.417523	0.838104	0.420581	0.631836	0.717615	0.0857791	1.0000	1
chr4:85500000-86000000	chr4	85500000	86000000	-0.18124	-0.277322	-0.0960818	0.185754	0.301577	0.115823	1.0000	0
chr4:86000000-86500000	chr4	86000000	86500000	0.0135715	-0.0826325	-0.096204	0.294823	-0.0530058	-0.347829	1.0000	1
chr4:86500000-87000000	chr4	86500000	87000000	-0.548005	-0.621192	-0.0731862	-0.144012	-0.365043	-0.221031	1.0000	4
chr4:87000000-87500000	chr4	87000000	87500000	-0.409679	-0.857863	-0.448183	-0.374372	-0.477528	-0.103155	1.0000	5
chr4:87500000-88000000	chr4	87500000	88000000	-0.186668	-0.449037	-0.262368	-0.25605	-0.479793	-0.223743	1.0000	6
chr4:88000000-88500000	chr4	88000000	88500000	-0.197538	-0.509978	-0.31244	-0.147097	-0.492317	-0.345221	1.0000	5
chr4:88500000-89000000	chr4	88500000	89000000	-0.51164	-0.521819	-0.0101791	-0.0181925	-0.367802	-0.349609	1.0000	4
chr4:89000000-89500000	chr4	89000000	89500000	-0.172949	-0.288522	-0.115573	0.0614666	-0.0256176	-0.0870842	1.0000	3
chr4:89500000-90000000	chr4	89500000	90000000	-0.160487	-0.282427	-0.12194	0.159403	0.0499916	-0.109411	1.0000	2
chr4:90000000-90500000	chr4	90000000	90500000	0.594321	0.549176	-0.0451451	0.72041	1.1177	0.39729	1.0000	1
chr4:90500000-91000000	chr4	90500000	91000000	0.230414	0.541003	0.310589	0.737327	1.01636	0.279034	1.0000	0
chr4:91000000-91500000	chr4	91000000	91500000	0.207141	0.724149	0.517008	0.67125	1.14936	0.478109	1.0000	0
chr4:91500000-92000000	chr4	91500000	92000000	0.395342	0.517675	0.122333	0.582187	1.06402	0.481831	1.0000	0
chr4:92000000-92500000	chr4	92000000	92500000	0.194622	0.634	0.439379	0.716309	0.866239	0.14993	1.0000	1
chr4:92500000-93000000	chr4	92500000	93000000	0.146489	0.513641	0.367152	0.787531	0.993887	0.206356	1.0000	0
chr4:93000000-93500000	chr4	93000000	93500000	0.118924	0.381494	0.26257	0.561063	0.730443	0.16938	1.0000	0
chr4:93500000-94000000	chr4	93500000	94000000	0.477152	0.87438	0.397228	0.855362	0.924423	0.0690618	1.0000	1
chr4:94000000-94500000	chr4	94000000	94500000	-0.695668	-0.235289	0.460378	-0.0177437	-0.103485	-0.0857415	1.0000	3
chr4:94500000-95000000	chr4	94500000	95000000	-0.823712	-0.657953	0.165759	-0.491856	-0.595961	-0.104105	1.0000	1
chr4:95000000-95500000	chr4	95000000	95500000	-0.206007	-0.217829	-0.0118226	0.0874866	-0.0998058	-0.187292	1.0000	0
chr4:95500000-96000000	chr4	95500000	96000000	-0.141146	-0.139437	0.00170929	0.0249686	0.0233608	-0.00160773	1.0000	2
chr4:96000000-96500000	chr4	96000000	96500000	-0.0341497	0.119513	0.153663	0.195733	0.0752209	-0.120512	1.0000	0
chr4:96500000-97000000	chr4	96500000	97000000	0.348229	0.115249	-0.23298	0.404311	0.455388	0.0510769	1.0000	0
chr4:97000000-97500000	chr4	97000000	97500000	0.680581	0.822214	0.141634	0.97918	1.24374	0.264558	1.0000	0
chr4:97500000-98000000	chr4	97500000	98000000	0.460405	0.694808	0.234403	0.858643	1.03345	0.174812	1.0000	0
chr4:98000000-98500000	chr4	98000000	98500000	-0.148859	-0.249841	-0.100983	0.17753	0.113817	-0.0637127	1.0000	2
chr4:98500000-99000000	chr4	98500000	99000000	-0.35535	-0.468412	-0.113063	-0.295335	-0.580041	-0.284706	1.0000	3
chr4:99000000-99500000	chr4	99000000	99500000	0.504775	0.384214	-0.120561	0.7326	0.620399	-0.112201	1.0000	7
chr4:99500000-100000000	chr4	99500000	100000000	-0.00524134	0.211918	0.217159	0.343961	0.363527	0.0195659	1.0000	8
chr4:100000000-100500000	chr4	100000000	100500000	-0.265131	-0.508455	-0.243325	-0.246475	-0.497479	-0.251003	1.0000	1
chr4:100500000-101000000	chr4	100500000	101000000	-0.462705	-0.604665	-0.141961	-0.125352	-0.429914	-0.304562	1.0000	1
chr4:101000000-101500000	chr4	101000000	101500000	-0.876468	-0.944611	-0.0681426	-0.634789	-0.54113	0.0936592	1.0000	1
chr4:101500000-102000000	chr4	101500000	102000000	-0.505731	-0.670462	-0.164731	-0.429871	-0.641249	-0.211379	1.0000	1
chr4:102000000-102500000	chr4	102000000	102500000	-0.478567	-0.523908	-0.0453408	-0.385881	-0.462532	-0.0766509	1.0000	1
chr4:102500000-103000000	chr4	102500000	103000000	-0.644198	-0.897932	-0.253734	-0.348687	-0.57458	-0.225893	1.0000	4
chr4:103000000-103500000	chr4	103000000	103500000	0.543352	0.407304	-0.136048	0.668551	0.591842	-0.0767085	1.0000	4
chr4:103500000-104000000	chr4	103500000	104000000	0.800183	1.01321	0.213028	1.19685	1.40823	0.211382	1.0000	1
chr4:104000000-104500000	chr4	104000000	104500000	0.388207	0.763787	0.37558	0.818018	1.12364	0.305617	1.0000	1
chr4:104500000-105000000	chr4	104500000	105000000	0.36022	0.507428	0.147208	0.804331	0.708325	-0.0960051	1.0000	0
chr4:105000000-105500000	chr4	105000000	105500000	-0.321871	-0.354529	-0.0326581	0.106735	0.0252286	-0.0815061	1.0000	2
chr4:105500000-106000000	chr4	105500000	106000000	0.0180722	-0.0843701	-0.102442	0.312766	0.240106	-0.0726599	1.0000	4
chr4:106000000-106500000	chr4	106000000	106500000	-0.063952	-0.449193	-0.385241	0.217859	-0.0519233	-0.269783	1.0000	3
chr4:106500000-107000000	chr4	106500000	107000000	-0.0426131	-0.0283209	0.0142922	0.214185	0.172507	-0.0416785	1.0000	0
chr4:107000000-107500000	chr4	107000000	107500000	0.0358815	0.160262	0.12438	0.258898	0.263308	0.00441059	1.0000	1
chr4:107500000-108000000	chr4	107500000	108000000	-0.304908	-0.400973	-0.0960648	0.0290007	-0.373619	-0.40262	1.0000	4
chr4:108000000-108500000	chr4	108000000	108500000	-0.332848	-0.754799	-0.421951	-0.444662	-0.840676	-0.396013	1.0000	1
chr4:108500000-109000000	chr4	108500000	109000000	-0.644106	-0.753562	-0.109456	-0.697447	-0.910686	-0.213239	1.0000	3
chr4:109000000-109500000	chr4	109000000	109500000	-0.648076	-0.963799	-0.315723	-0.777915	-0.781895	-0.0039798	1.0000	2
chr4:109500000-110000000	chr4	109500000	110000000	-0.475823	-0.712599	-0.236776	-0.352093	-0.768594	-0.4165	1.0000	8
chr4:110000000-110500000	chr4	110000000	110500000	-0.466617	-0.808665	-0.342048	-0.655364	-0.957846	-0.302482	1.0000	2
chr4:110500000-111000000	chr4	110500000	111000000	-0.65551	-0.951924	-0.296414	-0.526437	-0.593086	-0.0666487	1.0000	1
chr4:111000000-111500000	chr4	111000000	111500000	-0.600688	-0.667681	-0.0669924	-0.229673	-0.317784	-0.0881113	1.0000	0
chr4:111500000-112000000	chr4	111500000	112000000	-0.613825	-0.742013	-0.128188	-0.511108	-0.38184	0.129268	1.0000	0
chr4:112000000-112500000	chr4	112000000	112500000	0.0124193	-0.430431	-0.44285	0.185725	-0.00632901	-0.192054	1.0000	4
chr4:112500000-113000000	chr4	112500000	113000000	-0.0971323	-0.14589	-0.0487575	0.0165002	0.0758216	0.0593214	1.0000	3
chr4:113000000-113500000	chr4	113000000	113500000	-0.480481	-0.462117	0.0183645	-0.125975	-0.289794	-0.16382	1.0000	1
chr4:113500000-114000000	chr4	113500000	114000000	-1.44183	-1.54684	-0.105008	-0.947457	-0.933115	0.0143427	1.0000	2
chr4:114000000-114500000	chr4	114000000	114500000	-0.59278	-0.701811	-0.109031	-0.535669	-0.234038	0.301631	1.0000	0
chr4:114500000-115000000	chr4	114500000	115000000	0.740597	0.848939	0.108342	0.962253	1.07983	0.117577	1.0000	1
chr4:115000000-115500000	chr4	115000000	115500000	0.393629	0.865804	0.472175	0.760631	1.46589	0.705258	1.0000	1
chr4:115500000-116000000	chr4	115500000	116000000	0.344005	0.891708	0.547703	1.02604	1.48822	0.462179	1.0000	0
chr4:116000000-116500000	chr4	116000000	116500000	0.308577	0.765163	0.456586	0.888311	1.19595	0.307641	1.0000	0
chr4:116500000-117000000	chr4	116500000	117000000	0.453565	0.767613	0.314047	1.11974	1.36173	0.241992	1.0000	0
chr4:117000000-117500000	chr4	117000000	117500000	0.209379	0.171848	-0.0375313	0.417208	0.665391	0.248183	1.0000	1
chr4:117500000-118000000	chr4	117500000	118000000	0.687929	0.984958	0.297029	0.855912	1.13123	0.275318	1.0000	0
chr4:118000000-118500000	chr4	118000000	118500000	0.220548	0.283389	0.0628408	0.521911	0.494375	-0.0275365	1.0000	2
chr4:118500000-119000000	chr4	118500000	119000000	-0.718596	-0.842876	-0.12428	-0.409469	-0.585703	-0.176234	1.0000	3
chr4:119000000-119500000	chr4	119000000	119500000	-0.615685	-0.728518	-0.112833	-0.2307	-0.457049	-0.22635	0.9200	4
chr4:119500000-120000000	chr4	119500000	120000000	-0.43744	-0.351298	0.0861426	-0.0184436	-0.0963373	-0.0778936	1.0000	1
chr4:120000000-120500000	chr4	120000000	120500000	0.365269	0.384429	0.0191603	0.597711	0.742525	0.144814	1.0000	1
chr4:120500000-121000000	chr4	120500000	121000000	0.198134	0.41034	0.212206	0.492074	0.38327	-0.108804	1.0000	1
chr4:121000000-121500000	chr4	121000000	121500000	-0.0478468	0.100371	0.148218	0.202188	0.0264814	-0.175707	1.0000	3
chr4:121500000-122000000	chr4	121500000	122000000	-0.295203	-0.673307	-0.378104	-0.120307	-0.434664	-0.314358	1.0000	6
chr4:122000000-122500000	chr4	122000000	122500000	-0.302939	-0.551218	-0.248279	-0.0125004	-0.401057	-0.388557	1.0000	3
chr4:122500000-123000000	chr4	122500000	123000000	-0.729277	-0.888626	-0.159349	-0.457814	-0.819616	-0.361802	1.0000	5
chr4:123000000-123500000	chr4	123000000	123500000	-0.508013	-0.804345	-0.296332	-0.426166	-0.850514	-0.424348	1.0000	1
chr4:123500000-124000000	chr4	123500000	124000000	-0.783402	-0.986123	-0.20272	-0.637841	-0.952142	-0.314301	1.0000	0
chr4:124000000-124500000	chr4	124000000	124500000	-0.715064	-0.789696	-0.0746321	-0.310328	-0.55418	-0.243852	1.0000	0
chr4:124500000-125000000	chr4	124500000	125000000	-0.667396	-0.692326	-0.0249302	-0.395377	-0.444262	-0.0488844	1.0000	1
chr4:125000000-125500000	chr4	125000000	125500000	-0.838373	-0.989581	-0.151208	-0.428646	-0.589276	-0.16063	1.0000	1
chr4:125500000-126000000	chr4	125500000	126000000	-0.363219	-0.396112	-0.0328931	-0.0846121	-0.127583	-0.0429704	1.0000	0
chr4:126000000-126500000	chr4	126000000	126500000	0.0544753	-0.203033	-0.257508	0.162942	0.182596	0.0196535	1.0000	0
chr4:126500000-127000000	chr4	126500000	127000000	-0.527397	-0.539878	-0.0124805	0.00606553	-0.0907954	-0.0968609	1.0000	0
chr4:127000000-127500000	chr4	127000000	127500000	0.40558	0.332933	-0.0726466	0.513475	0.443857	-0.0696182	1.0000	0
chr4:127500000-128000000	chr4	127500000	128000000	-0.225447	-0.273759	-0.0483117	0.0627631	-0.011402	-0.0741651	1.0000	6
chr4:128000000-128500000	chr4	128000000	128500000	-0.507685	-0.677877	-0.170192	-0.116022	-0.540574	-0.424553	1.0000	2
chr4:128500000-129000000	chr4	128500000	129000000	-0.44506	-0.402624	0.0424358	-0.482718	-0.370629	0.112089	1.0000	1
chr4:129000000-129500000	chr4	129000000	129500000	0.407507	0.534984	0.127477	0.670351	0.584193	-0.0861574	1.0000	2
chr4:129500000-130000000	chr4	129500000	130000000	0.580527	0.955738	0.375211	0.927509	1.26577	0.33826	1.0000	0
chr4:130000000-130500000	chr4	130000000	130500000	0.424294	0.554825	0.130531	0.601449	0.930782	0.329333	1.0000	0
chr4:130500000-131000000	chr4	130500000	131000000	0.584176	0.86015	0.275974	0.808017	1.41784	0.609827	1.0000	0
chr4:131000000-131500000	chr4	131000000	131500000	0.186893	0.393065	0.206172	0.671225	0.959969	0.288744	1.0000	0
chr4:131500000-132000000	chr4	131500000	132000000	0.0847904	-0.161256	-0.246046	0.200289	0.36666	0.166371	1.0000	0
chr4:132000000-132500000	chr4	132000000	132500000	-0.0647074	0.041588	0.106295	0.448811	0.58731	0.1385	1.0000	0
chr4:132500000-133000000	chr4	132500000	133000000	0.0604348	0.4875	0.427066	0.715318	0.870385	0.155067	1.0000	0
chr4:133000000-133500000	chr4	133000000	133500000	0.0162486	0.00381246	-0.0124361	0.561597	0.777107	0.21551	1.0000	1
chr4:133500000-134000000	chr4	133500000	134000000	-0.21368	-0.0543356	0.159344	0.343524	0.387493	0.0439695	1.0000	0
chr4:134000000-134500000	chr4	134000000	134500000	-0.24958	-0.29066	-0.0410803	0.307619	0.341831	0.0342125	1.0000	1
chr4:134500000-135000000	chr4	134500000	135000000	0.0948626	0.0999668	0.00510421	0.371029	0.655863	0.284834	1.0000	0
chr4:135000000-135500000	chr4	135000000	135500000	-0.124408	0.293406	0.417814	0.387235	0.62246	0.235225	1.0000	0
chr4:135500000-136000000	chr4	135500000	136000000	-0.0398676	0.282627	0.322495	0.546713	1.01341	0.466695	1.0000	0
chr4:136000000-136500000	chr4	136000000	136500000	-0.0962087	0.110825	0.207034	0.353528	0.574855	0.221327	1.0000	0
chr4:136500000-137000000	chr4	136500000	137000000	-0.177183	-0.0911677	0.086015	0.214676	0.310492	0.0958162	1.0000	0
chr4:137000000-137500000	chr4	137000000	137500000	-0.788316	-0.780174	0.00814192	-0.33828	-0.2541	0.0841797	1.0000	0
chr4:137500000-138000000	chr4	137500000	138000000	-0.952239	-0.898764	0.0534753	-0.721244	-0.691709	0.0295355	1.0000	1
chr4:138000000-138500000	chr4	138000000	138500000	-0.811762	-0.880077	-0.0683149	-0.638041	-0.835524	-0.197482	1.0000	1
chr4:138500000-139000000	chr4	138500000	139000000	-0.542766	-0.701752	-0.158986	-0.591174	-1.05824	-0.467061	1.0000	0
chr4:139000000-139500000	chr4	139000000	139500000	-1.41854	-1.28613	0.132409	-1.12404	-1.2861	-0.162063	1.0000	6
chr4:139500000-140000000	chr4	139500000	140000000	-0.670699	-0.831336	-0.160636	-0.70901	-0.989492	-0.280481	1.0000	2
chr4:140000000-140500000	chr4	140000000	140500000	-0.905967	-1.00365	-0.0976829	-0.764248	-1.01072	-0.246472	1.0000	4
chr4:140500000-141000000	chr4	140500000	141000000	-0.571705	-0.63639	-0.0646853	-0.434804	-0.730192	-0.295388	1.0000	3
chr4:141000000-141500000	chr4	141000000	141500000	-0.599819	-0.588199	0.0116199	-0.508957	-0.566601	-0.0576443	1.0000	2
chr4:141500000-142000000	chr4	141500000	142000000	-0.535911	-0.783886	-0.247975	-0.441887	-0.64687	-0.204983	1.0000	1
chr4:142000000-142500000	chr4	142000000	142500000	-0.563275	-0.851746	-0.28847	-0.364691	-0.478398	-0.113707	1.0000	0
chr4:142500000-143000000	chr4	142500000	143000000	-0.446208	-0.45264	-0.00643252	-0.0344227	-0.235356	-0.200934	1.0000	1
chr4:143000000-143500000	chr4	143000000	143500000	-0.127963	-0.0336103	0.0943523	0.187733	-0.049747	-0.23748	1.0000	2
chr4:143500000-144000000	chr4	143500000	144000000	0.716386	0.833469	0.117083	0.735588	0.77533	0.039742	1.0000	3
chr4:144000000-144500000	chr4	144000000	144500000	0.41317	0.589716	0.176546	0.525955	0.737962	0.212006	1.0000	2
chr4:144500000-145000000	chr4	144500000	145000000	0.315805	0.294741	-0.0210641	0.378099	0.270883	-0.107216	1.0000	1
chr4:145000000-145500000	chr4	145000000	145500000	-0.0475031	-0.122884	-0.0753808	0.16541	-0.0980796	-0.26349	1.0000	4
chr4:145500000-146000000	chr4	145500000	146000000	-0.105659	-0.230204	-0.124546	-0.0315046	-0.27454	-0.243036	1.0000	3
chr4:146000000-146500000	chr4	146000000	146500000	0.426193	0.330633	-0.0955596	0.372657	0.299053	-0.0736041	0.9400	2
chr4:146500000-147000000	chr4	146500000	147000000	0.632473	0.579967	-0.0525057	0.480363	0.65938	0.179016	1.0000	3
chr4:147000000-147500000	chr4	147000000	147500000	-0.336888	-0.630437	-0.293549	-0.462178	-0.495125	-0.0329465	1.0000	1
chr4:147500000-148000000	chr4	147500000	148000000	-0.822219	-0.723718	0.0985005	-0.51914	-0.947631	-0.428491	1.0000	3
chr4:148000000-148500000	chr4	148000000	148500000	0.545781	0.542867	-0.00291427	0.464126	0.545916	0.0817904	1.0000	1
chr4:148500000-149000000	chr4	148500000	149000000	0.397889	0.790322	0.392433	0.604633	0.602073	-0.00256055	1.0000	0
chr4:149000000-149500000	chr4	149000000	149500000	-0.115394	-0.136182	-0.0207885	0.0879642	-0.0944188	-0.182383	1.0000	0
chr4:149500000-150000000	chr4	149500000	150000000	-0.549518	-0.299975	0.249543	-0.370568	-0.416269	-0.0457008	1.0000	1
chr4:150000000-150500000	chr4	150000000	150500000	-1.19696	-1.18073	0.0162348	-1.08235	-0.850622	0.231729	1.0000	1
chr4:150500000-151000000	chr4	150500000	151000000	-1.23422	-1.35285	-0.118621	-0.952844	-0.855366	0.0974784	1.0000	1
chr4:151000000-151500000	chr4	151000000	151500000	-1.09223	-1.03084	0.0613848	-1.12963	-1.14995	-0.0203176	1.0000	5
chr4:151500000-152000000	chr4	151500000	152000000	-0.743145	-0.737443	0.00570271	-0.954014	-1.15197	-0.197959	1.0000	1
chr4:152000000-152500000	chr4	152000000	152500000	-1.06655	-1.04565	0.0208961	-1.09139	-1.16273	-0.0713443	1.0000	0
chr4:152500000-153000000	chr4	152500000	153000000	-0.717773	-0.856819	-0.139045	-0.82603	-0.94614	-0.120109	1.0000	5
chr4:153000000-153500000	chr4	153000000	153500000	-0.604216	-0.745995	-0.141779	-0.691963	-0.829206	-0.137244	1.0000	3
chr4:153500000-154000000	chr4	153500000	154000000	0.174521	0.339939	0.165418	0.14624	0.0886325	-0.0576074	1.0000	3
chr4:154000000-154500000	chr4	154000000	154500000	1.09466	1.30746	0.2128	1.16372	1.35064	0.186918	1.0000	1
chr4:154500000-155000000	chr4	154500000	155000000	1.02007	1.2734	0.253331	1.21784	1.29468	0.0768408	1.0000	6
chr4:155000000-155500000	chr4	155000000	155500000	0.584267	0.862669	0.278402	0.850559	1.13056	0.279997	1.0000	2
chr4:155500000-156000000	chr4	155500000	156000000	-0.228048	-0.0848673	0.143181	-0.0452974	0.22275	0.268047	1.0000	5
chr4:156000000-156500000	chr4	156000000	156500000	-0.531556	-0.459125	0.0724306	0.0176945	-0.160027	-0.177721	1.0000	0
chr4:156500000-157000000	chr4	156500000	157000000	-0.934229	-0.935691	-0.00146267	-0.461623	-0.560247	-0.0986238	1.0000	1
chr4:157000000-157500000	chr4	157000000	157500000	-0.051661	0.0712141	0.122875	0.205946	0.478116	0.27217	1.0000	2
chr4:157500000-158000000	chr4	157500000	158000000	0.577607	0.851789	0.274182	0.885212	1.10132	0.216112	1.0000	0
chr4:158000000-158500000	chr4	158000000	158500000	-0.0498342	0.105764	0.155598	0.401442	0.356753	-0.0446892	1.0000	2
chr4:158500000-159000000	chr4	158500000	159000000	-0.495378	-0.505169	-0.00979111	-0.378247	-0.481433	-0.103186	1.0000	5
chr4:159000000-159500000	chr4	159000000	159500000	-1.26568	-1.07153	0.194148	-0.704285	-0.832054	-0.127769	1.0000	2
chr4:159500000-160000000	chr4	159500000	160000000	0.507383	0.330504	-0.17688	0.586027	0.422684	-0.163344	1.0000	0
chr4:160000000-160500000	chr4	160000000	160500000	0.352736	0.327766	-0.0249694	0.621207	0.739271	0.118064	1.0000	0
chr4:160500000-161000000	chr4	160500000	161000000	0.00768848	0.191865	0.184177	0.631506	0.743053	0.111546	1.0000	0
chr4:161000000-161500000	chr4	161000000	161500000	0.216719	0.223057	0.00633831	0.911813	0.512021	-0.399793	1.0000	0
chr4:161500000-162000000	chr4	161500000	162000000	-0.347956	-0.462996	-0.115041	0.143548	0.241477	0.097929	1.0000	0
chr4:162000000-162500000	chr4	162000000	162500000	-0.0415433	-0.254593	-0.21305	0.443735	0.476187	0.0324521	0.9800	1
chr4:162500000-163000000	chr4	162500000	163000000	0.697512	0.708918	0.0114054	0.916194	1.03687	0.120679	1.0000	0
chr4:163000000-163500000	chr4	163000000	163500000	0.746319	0.650895	-0.0954232	0.969906	0.921385	-0.0485213	1.0000	5
chr4:163500000-164000000	chr4	163500000	164000000	0.654199	0.496244	-0.157956	0.969947	0.978063	0.00811647	1.0000	0
chr4:164000000-164500000	chr4	164000000	164500000	0.438332	0.373718	-0.0646134	0.605538	0.638999	0.0334607	1.0000	1
chr4:164500000-165000000	chr4	164500000	165000000	0.966236	1.04787	0.0816359	0.905191	1.04945	0.144263	1.0000	3
chr4:165000000-165500000	chr4	165000000	165500000	0.334338	0.0973916	-0.236946	0.324383	0.0311136	-0.293269	1.0000	7
chr4:165500000-166000000	chr4	165500000	166000000	0.0616849	-0.218058	-0.279743	0.282258	0.160529	-0.121729	1.0000	1
chr4:166000000-166500000	chr4	166000000	166500000	-0.172472	-0.257219	-0.0847477	0.212695	0.231743	0.0190481	1.0000	0
chr4:166500000-167000000	chr4	166500000	167000000	0.37003	0.427718	0.0576883	0.622933	1.04656	0.423624	0.9200	0
chr4:167000000-167500000	chr4	167000000	167500000	0.27202	0.468309	0.196288	0.650022	0.945074	0.295052	1.0000	1
chr4:167500000-168000000	chr4	167500000	168000000	0.106246	0.324068	0.217822	0.60073	0.57863	-0.0221003	1.0000	0
chr4:168000000-168500000	chr4	168000000	168500000	-0.867471	-0.921876	-0.0544045	-0.656379	-0.773046	-0.116667	1.0000	4
chr4:168500000-169000000	chr4	168500000	169000000	-1.27668	-0.979291	0.297394	-0.508304	-0.80426	-0.295956	1.0000	0
chr4:169000000-169500000	chr4	169000000	169500000	-1.05367	-1.07058	-0.0169088	-0.666904	-0.881916	-0.215012	1.0000	2
chr4:169500000-170000000	chr4	169500000	170000000	-0.136919	-0.0363782	0.10054	0.185063	0.0309628	-0.1541	1.0000	3
chr4:170000000-170500000	chr4	170000000	170500000	1.05382	1.24113	0.18731	1.17647	1.21385	0.0373807	1.0000	2
chr4:170500000-171000000	chr4	170500000	171000000	0.669352	1.04099	0.371639	0.792227	1.31605	0.523819	1.0000	0
chr4:171000000-171500000	chr4	171000000	171500000	0.63389	1.07858	0.444689	1.02962	1.57636	0.546739	1.0000	0
chr4:171500000-172000000	chr4	171500000	172000000	0.794432	0.82049	0.0260583	0.875494	1.07227	0.196777	1.0000	1
chr4:172000000-172500000	chr4	172000000	172500000	0.423883	0.765655	0.341772	0.751604	1.00544	0.253836	1.0000	0
chr4:172500000-173000000	chr4	172500000	173000000	0.591628	0.355027	-0.2366	0.526108	0.584916	0.0588072	1.0000	0
chr4:173000000-173500000	chr4	173000000	173500000	-0.370126	-0.593236	-0.22311	-0.207325	-0.22876	-0.0214351	1.0000	4
chr4:173500000-174000000	chr4	173500000	174000000	-0.227913	-0.18161	0.0463025	0.0980768	-0.11286	-0.210936	1.0000	1
chr4:174000000-174500000	chr4	174000000	174500000	-0.381632	-0.425814	-0.0441819	0.133395	0.0837702	-0.0496244	1.0000	2
chr4:174500000-175000000	chr4	174500000	175000000	0.41001	0.279315	-0.130695	0.677566	0.653803	-0.0237633	1.0000	3
chr4:175000000-175500000	chr4	175000000	175500000	0.140954	0.0724037	-0.0685501	0.534268	0.169222	-0.365046	1.0000	0
chr4:175500000-176000000	chr4	175500000	176000000	0.556787	0.86426	0.307473	0.919265	1.1437	0.224439	1.0000	1
chr4:176000000-176500000	chr4	176000000	176500000	-0.323489	-0.469493	-0.146005	-0.264582	-0.206494	0.0580873	1.0000	4
chr4:176500000-177000000	chr4	176500000	177000000	-0.778616	-1.07722	-0.298603	-0.622998	-0.493213	0.129785	1.0000	1
chr4:177000000-177500000	chr4	177000000	177500000	-0.356566	-0.432685	-0.0761187	-0.371342	-0.332125	0.0392177	1.0000	2
chr4:177500000-178000000	chr4	177500000	178000000	0.163706	0.210579	0.0468732	0.455768	0.581176	0.125408	1.0000	0
chr4:178000000-178500000	chr4	178000000	178500000	0.409058	0.588749	0.179691	0.49322	0.962568	0.469348	1.0000	0
chr4:178500000-179000000	chr4	178500000	179000000	0.560585	0.824898	0.264313	0.907071	1.33388	0.426812	1.0000	0
chr4:179000000-179500000	chr4	179000000	179500000	0.344805	0.576052	0.231246	0.513351	0.878836	0.365486	1.0000	0
chr4:179500000-180000000	chr4	179500000	180000000	0.47859	0.677611	0.199022	0.865172	1.11442	0.249249	1.0000	0
chr4:180000000-180500000	chr4	180000000	180500000	0.624471	0.714106	0.0896345	0.783333	1.35558	0.572249	1.0000	0
chr4:180500000-181000000	chr4	180500000	181000000	0.609046	0.482921	-0.126125	0.785068	0.873698	0.0886294	1.0000	0
chr4:181000000-181500000	chr4	181000000	181500000	0.565463	0.593248	0.0277856	0.790717	0.578744	-0.211973	0.9600	0
chr4:181500000-182000000	chr4	181500000	182000000	-0.414735	-0.562972	-0.148237	-0.321705	-0.442351	-0.120645	1.0000	0
chr4:182000000-182500000	chr4	182000000	182500000	-0.703659	-0.804563	-0.100904	-0.713143	-0.705108	0.00803552	1.0000	1
chr4:182500000-183000000	chr4	182500000	183000000	-0.528365	-0.702057	-0.173693	-0.515278	-0.667015	-0.151737	1.0000	1
chr4:183000000-183500000	chr4	183000000	183500000	-0.764573	-0.926009	-0.161436	-0.920336	-0.951054	-0.0307176	1.0000	4
chr4:183500000-184000000	chr4	183500000	184000000	-0.130938	-0.17765	-0.0467112	-0.0551799	-0.434082	-0.378902	1.0000	4
chr4:184000000-184500000	chr4	184000000	184500000	0.272755	-0.0716592	-0.344415	0.0229217	-0.399329	-0.422251	1.0000	2
chr4:184500000-185000000	chr4	184500000	185000000	0.0388685	-0.0439355	-0.082804	-0.0312037	-0.403369	-0.372165	1.0000	4
chr4:185000000-185500000	chr4	185000000	185500000	-0.961561	-0.898216	0.0633446	-0.778881	-0.914577	-0.135695	1.0000	9
chr4:185500000-186000000	chr4	185500000	186000000	-0.810899	-0.884435	-0.0735362	-0.745635	-0.610518	0.135117	1.0000	2
chr4:186000000-186500000	chr4	186000000	186500000	0.283332	0.491685	0.208353	0.341527	0.27293	-0.0685974	1.0000	5
chr4:186500000-187000000	chr4	186500000	187000000	-0.621154	-0.617494	0.00365955	-0.308908	-0.365747	-0.0568387	1.0000	2
chr4:187000000-187500000	chr4	187000000	187500000	0.0671111	-0.221094	-0.288205	0.190782	-0.293795	-0.484577	1.0000	0
chr4:187500000-188000000	chr4	187500000	188000000	0.222426	0.0781871	-0.144239	0.266734	0.105668	-0.161067	1.0000	1
chr4:188000000-188500000	chr4	188000000	188500000	0.103505	-0.0484215	-0.151927	0.122943	-0.204253	-0.327196	1.0000	2
chr4:188500000-189000000	chr4	188500000	189000000	0.462851	0.17519	-0.287661	0.481795	0.415659	-0.066136	1.0000	0
chr4:189000000-189500000	chr4	189000000	189500000	0.962882	0.862348	-0.100534	0.843947	1.02971	0.185764	0.9800	0
chr4:189500000-190000000	chr4	189500000	190000000	1.28763	1.5604	0.272771	1.28781	1.24847	-0.0393428	0.6200	1
chr4:190000000-190214555	chr4	190000000	190214555	nan	nan	nan	nan	nan	nan	0.0000	3
chr5:0-500000	chr5	0	500000	nan	nan	nan	nan	nan	nan	0.0000	7
chr5:500000-1000000	chr5	500000	1000000	nan	nan	nan	nan	nan	nan	0.0000	7
chr5:1000000-1500000	chr5	1000000	1500000	nan	nan	nan	nan	nan	nan	0.0000	7
chr5:1500000-2000000	chr5	1500000	2000000	nan	nan	nan	nan	nan	nan	0.0000	4
chr5:2000000-2500000	chr5	2000000	2500000	nan	nan	nan	nan	nan	nan	0.0000	0
chr5:2500000-3000000	chr5	2500000	3000000	nan	nan	nan	nan	nan	nan	0.0000	1
chr5:3000000-3500000	chr5	3000000	3500000	1.05682	1.10965	0.0528265	0.787496	0.90584	0.118344	0.9000	0
chr5:3500000-4000000	chr5	3500000	4000000	0.940942	1.1803	0.239354	0.689434	0.881372	0.191938	1.0000	1
chr5:4000000-4500000	chr5	4000000	4500000	1.04643	1.254	0.207572	0.901206	1.03928	0.138069	1.0000	0
chr5:4500000-5000000	chr5	4500000	5000000	0.953525	1.02563	0.07211	0.89558	1.20808	0.312504	1.0000	0
chr5:5000000-5500000	chr5	5000000	5500000	0.519575	0.677536	0.157961	0.570452	0.438898	-0.131554	1.0000	2
chr5:5500000-6000000	chr5	5500000	6000000	1.40264	1.36619	-0.0364476	0.911307	1.29032	0.379012	1.0000	0
chr5:6000000-6500000	chr5	6000000	6500000	1.26155	1.22792	-0.033627	1.25187	1.22257	-0.0293042	1.0000	2
chr5:6500000-7000000	chr5	6500000	7000000	0.937009	0.976896	0.0398875	0.807648	0.732247	-0.0754007	0.9600	3
chr5:7000000-7500000	chr5	7000000	7500000	1.27438	1.26727	-0.00710598	0.945279	1.12633	0.181048	1.0000	1
chr5:7500000-8000000	chr5	7500000	8000000	1.17763	1.07519	-0.102434	1.01423	0.997454	-0.0167804	1.0000	3
chr5:8000000-8500000	chr5	8000000	8500000	1.08383	1.16108	0.0772508	0.992991	1.22416	0.231165	1.0000	0
chr5:8500000-9000000	chr5	8500000	9000000	0.214756	0.283313	0.0685569	0.295503	0.17356	-0.121943	1.0000	0
chr5:9000000-9500000	chr5	9000000	9500000	-0.130886	-0.293782	-0.162896	-0.215406	-0.488295	-0.272889	1.0000	0
chr5:9500000-10000000	chr5	9500000	10000000	-0.126839	-0.240784	-0.113945	0.0897724	-0.38911	-0.478883	1.0000	2
chr5:10000000-10500000	chr5	10000000	10500000	-0.00826184	-0.140006	-0.131744	-0.075138	-0.455732	-0.380594	1.0000	5
chr5:10500000-11000000	chr5	10500000	11000000	0.0770644	0.030768	-0.0462963	0.276809	-0.163554	-0.440363	1.0000	2
chr5:11000000-11500000	chr5	11000000	11500000	0.949606	1.00693	0.0573262	1.03018	0.762987	-0.267192	1.0000	0
chr5:11500000-12000000	chr5	11500000	12000000	0.755538	0.92832	0.172782	0.666394	1.25048	0.584083	1.0000	1
chr5:12000000-12500000	chr5	12000000	12500000	0.560679	1.05387	0.493192	0.936092	1.10317	0.16708	1.0000	0
chr5:12500000-13000000	chr5	12500000	13000000	0.673627	0.855185	0.181558	0.773336	1.13983	0.366493	1.0000	0
chr5:13000000-13500000	chr5	13000000	13500000	0.300366	0.762812	0.462447	0.656837	0.467819	-0.189017	1.0000	0
chr5:13500000-14000000	chr5	13500000	14000000	0.442705	0.200678	-0.242026	0.165881	0.192974	0.0270924	1.0000	1
chr5:14000000-14500000	chr5	14000000	14500000	-0.916519	-0.726738	0.189781	-0.852684	-0.869904	-0.0172203	1.0000	1
chr5:14500000-15000000	chr5	14500000	15000000	-0.494312	-0.357265	0.137047	-0.402141	-0.891805	-0.489664	1.0000	3
chr5:15000000-15500000	chr5	15000000	15500000	-0.110848	0.00784463	0.118693	-0.330883	-0.328579	0.00230396	1.0000	0
chr5:15500000-16000000	chr5	15500000	16000000	-0.284268	-0.366094	-0.0818263	-0.135385	-0.438594	-0.30321	1.0000	1
chr5:16000000-16500000	chr5	16000000	16500000	0.30647	0.651568	0.345097	0.668019	0.523912	-0.144107	1.0000	2
chr5:16500000-17000000	chr5	16500000	17000000	-0.197503	-0.490624	-0.293122	-0.492664	-0.340437	0.152227	1.0000	2
chr5:17000000-17500000	chr5	17000000	17500000	-0.167644	-0.281221	-0.113577	-0.0835464	-0.18601	-0.102464	1.0000	3
chr5:17500000-18000000	chr5	17500000	18000000	0.806958	1.08078	0.273821	0.608685	0.972258	0.363573	0.8200	13
chr5:18000000-18500000	chr5	18000000	18500000	0.533841	0.875541	0.3417	0.77994	0.962531	0.182592	1.0000	0
chr5:18500000-19000000	chr5	18500000	19000000	0.497957	0.716005	0.218048	0.767559	0.949867	0.182308	1.0000	0
chr5:19000000-19500000	chr5	19000000	19500000	0.256435	0.394058	0.137623	0.589086	0.801917	0.212831	1.0000	0
chr5:19500000-20000000	chr5	19500000	20000000	-0.121003	-0.227504	-0.106501	0.361869	0.26036	-0.101509	1.0000	1
chr5:20000000-20500000	chr5	20000000	20500000	0.205813	0.0987652	-0.107048	0.527774	0.474739	-0.0530348	1.0000	0
chr5:20500000-21000000	chr5	20500000	21000000	0.317995	0.522924	0.204929	0.688309	0.842247	0.153937	1.0000	0
chr5:21000000-21500000	chr5	21000000	21500000	0.441019	0.412648	-0.0283706	0.580911	0.813274	0.232363	0.9400	0
chr5:21500000-22000000	chr5	21500000	22000000	0.271871	0.37275	0.10088	0.582028	0.744413	0.162384	1.0000	0
chr5:22000000-22500000	chr5	22000000	22500000	0.650107	0.836846	0.186739	0.622344	0.954366	0.332022	1.0000	0
chr5:22500000-23000000	chr5	22500000	23000000	0.442921	0.648463	0.205542	0.347788	1.0517	0.703911	1.0000	1
chr5:23000000-23500000	chr5	23000000	23500000	0.559351	0.931715	0.372364	0.703175	1.14763	0.444454	1.0000	0
chr5:23500000-24000000	chr5	23500000	24000000	0.432905	0.702512	0.269607	0.639288	1.09535	0.45606	1.0000	1
chr5:24000000-24500000	chr5	24000000	24500000	-0.12452	0.0307054	0.155226	0.314126	0.513416	0.19929	1.0000	0
chr5:24500000-25000000	chr5	24500000	25000000	-0.018671	0.117102	0.135773	0.44918	0.39941	-0.0497702	1.0000	1
chr5:25000000-25500000	chr5	25000000	25500000	0.453829	0.537014	0.0831846	0.738765	1.07695	0.338186	0.9800	0
chr5:25500000-26000000	chr5	25500000	26000000	0.471616	0.559114	0.0874981	0.779382	1.26584	0.486457	1.0000	0
chr5:26000000-26500000	chr5	26000000	26500000	0.725862	0.887671	0.16181	0.860683	1.12929	0.268603	1.0000	0
chr5:26500000-27000000	chr5	26500000	27000000	0.247426	0.0499395	-0.197487	0.415743	0.657104	0.241361	1.0000	0
chr5:27000000-27500000	chr5	27000000	27500000	-0.355438	-0.623369	-0.267931	-0.218401	-0.100257	0.118144	1.0000	1
chr5:27500000-28000000	chr5	27500000	28000000	-0.321231	-0.317006	0.00422479	-0.0184444	0.232263	0.250708	1.0000	0
chr5:28000000-28500000	chr5	28000000	28500000	0.0817696	-0.0167764	-0.098546	0.345594	0.496763	0.151169	1.0000	0
chr5:28500000-29000000	chr5	28500000	29000000	0.0729409	0.264691	0.19175	0.235879	0.647569	0.41169	1.0000	0
chr5:29000000-29500000	chr5	29000000	29500000	0.463305	0.709602	0.246298	0.899144	1.23457	0.335425	1.0000	0
chr5:29500000-30000000	chr5	29500000	30000000	0.298504	0.819163	0.520659	0.680506	1.13496	0.454451	1.0000	0
chr5:30000000-30500000	chr5	30000000	30500000	0.565137	0.633009	0.0678724	0.798566	1.14264	0.34407	1.0000	0
chr5:30500000-31000000	chr5	30500000	31000000	0.30124	0.745967	0.444728	0.616713	0.882827	0.266114	1.0000	0
chr5:31000000-31500000	chr5	31000000	31500000	0.531525	0.500023	-0.0315024	0.645282	0.605731	-0.039551	1.0000	1
chr5:31500000-32000000	chr5	31500000	32000000	0.32308	0.16378	-0.1593	0.135406	-0.105727	-0.241133	1.0000	3
chr5:32000000-32500000	chr5	32000000	32500000	-0.635764	-0.723347	-0.0875826	-0.413746	-0.704572	-0.290826	1.0000	3
chr5:32500000-33000000	chr5	32500000	33000000	0.0819672	0.0294408	-0.0525264	-0.0149421	-0.240103	-0.225161	1.0000	2
chr5:33000000-33500000	chr5	33000000	33500000	-0.431909	-0.281206	0.150703	-0.46583	-0.466116	-0.000286504	1.0000	1
chr5:33500000-34000000	chr5	33500000	34000000	-0.0655349	-0.309004	-0.243469	-0.411169	-0.46037	-0.049201	1.0000	3
chr5:34000000-34500000	chr5	34000000	34500000	-0.275444	-0.260631	0.0148131	-0.098686	-0.142422	-0.0437359	0.8400	2
chr5:34500000-35000000	chr5	34500000	35000000	-0.576692	-0.647124	-0.070432	-0.487339	-0.796621	-0.309282	1.0000	5
chr5:35000000-35500000	chr5	35000000	35500000	0.334843	0.390653	0.0558099	0.287029	0.423682	0.136653	1.0000	2
chr5:35500000-36000000	chr5	35500000	36000000	0.591494	0.408088	-0.183406	0.551918	0.374283	-0.177634	1.0000	4
chr5:36000000-36500000	chr5	36000000	36500000	0.200248	0.0229999	-0.177248	0.187538	0.045706	-0.141832	1.0000	5
chr5:36500000-37000000	chr5	36500000	37000000	-0.395958	-0.613878	-0.21792	-0.466812	-0.560385	-0.0935727	1.0000	2
chr5:37000000-37500000	chr5	37000000	37500000	-0.442948	-0.748717	-0.305769	-0.450105	-0.647728	-0.197623	1.0000	3
chr5:37500000-38000000	chr5	37500000	38000000	-0.0425676	-0.301535	-0.258967	0.00467561	-0.312311	-0.316987	1.0000	1
chr5:38000000-38500000	chr5	38000000	38500000	0.219198	-0.262325	-0.481523	-0.0965093	-0.320868	-0.224359	1.0000	1
chr5:38500000-39000000	chr5	38500000	39000000	-0.664465	-0.616252	0.0482124	-0.555492	-0.71422	-0.158728	1.0000	2
chr5:39000000-39500000	chr5	39000000	39500000	-0.561408	-0.384404	0.177005	-0.557893	-0.453062	0.104832	1.0000	4
chr5:39500000-40000000	chr5	39500000	40000000	-0.112868	-0.182569	-0.0697008	-0.0576001	-0.307434	-0.249834	1.0000	0
chr5:40000000-40500000	chr5	40000000	40500000	0.14927	-0.0768889	-0.226159	-0.1005	0.0181098	0.11861	1.0000	0
chr5:40500000-41000000	chr5	40500000	41000000	-0.139254	-0.23307	-0.0938153	-0.0475708	-0.249114	-0.201543	1.0000	6
chr5:41000000-41500000	chr5	41000000	41500000	0.219508	0.58728	0.367772	0.275543	0.615475	0.339931	1.0000	2
chr5:41500000-42000000	chr5	41500000	42000000	0.232078	0.44275	0.210672	0.197769	0.424255	0.226486	1.0000	4
chr5:42000000-42500000	chr5	42000000	42500000	0.669835	1.23707	0.567232	0.767404	1.09991	0.332504	1.0000	1
chr5:42500000-43000000	chr5	42500000	43000000	0.24084	0.427404	0.186564	0.478685	0.594354	0.11567	1.0000	2
chr5:43000000-43500000	chr5	43000000	43500000	-0.277725	-0.320224	-0.0424993	-0.0386213	-0.217787	-0.179166	1.0000	6
chr5:43500000-44000000	chr5	43500000	44000000	0.14461	0.38647	0.24186	0.570506	0.699113	0.128607	1.0000	3
chr5:44000000-44500000	chr5	44000000	44500000	0.794041	1.0092	0.215155	0.910387	1.20708	0.296697	1.0000	1
chr5:44500000-45000000	chr5	44500000	45000000	0.412518	0.808657	0.396139	0.722726	0.827773	0.105047	1.0000	1
chr5:45000000-45500000	chr5	45000000	45500000	0.326947	0.636419	0.309472	0.579042	0.970248	0.391206	1.0000	0
chr5:45500000-46000000	chr5	45500000	46000000	0.616804	0.856347	0.239544	0.856579	1.04206	0.185476	0.9600	1
chr5:46000000-46500000	chr5	46000000	46500000	0.867434	0.985149	0.117714	1.19871	1.23684	0.0381319	0.8600	0
chr5:46500000-47000000	chr5	46500000	47000000	nan	nan	nan	nan	nan	nan	0.0200	0
chr5:47000000-47500000	chr5	47000000	47500000	nan	nan	nan	nan	nan	nan	0.0000	0
chr5:47500000-48000000	chr5	47500000	48000000	nan	nan	nan	nan	nan	nan	0.0000	0
chr5:48000000-48500000	chr5	48000000	48500000	nan	nan	nan	nan	nan	nan	0.0000	0
chr5:48500000-49000000	chr5	48500000	49000000	nan	nan	nan	nan	nan	nan	0.0000	0
chr5:49000000-49500000	chr5	49000000	49500000	nan	nan	nan	nan	nan	nan	0.0000	0
chr5:49500000-50000000	chr5	49500000	50000000	nan	nan	nan	nan	nan	nan	0.0000	0
chr5:50000000-50500000	chr5	50000000	50500000	1.06219	1.04477	-0.0174256	1.04805	1.33293	0.284874	0.6600	1
chr5:50500000-51000000	chr5	50500000	51000000	0.418733	0.394702	-0.0240311	0.506335	0.742671	0.236337	1.0000	1
chr5:51000000-51500000	chr5	51000000	51500000	0.463077	0.368336	-0.0947414	0.518556	0.870898	0.352342	1.0000	1
chr5:51500000-52000000	chr5	51500000	52000000	-0.175243	-0.125795	0.0494479	0.289822	0.265733	-0.0240886	1.0000	0
chr5:52000000-52500000	chr5	52000000	52500000	0.533226	0.874169	0.340943	0.766291	1.36337	0.597082	1.0000	0
chr5:52500000-53000000	chr5	52500000	53000000	-0.306331	-0.411487	-0.105156	-0.0916447	-0.173266	-0.0816217	1.0000	3
chr5:53000000-53500000	chr5	53000000	53500000	-0.986446	-1.15901	-0.172567	-0.897536	-0.825099	0.0724363	1.0000	2
chr5:53500000-54000000	chr5	53500000	54000000	-0.667508	-0.635236	0.0322725	-0.734698	-0.85507	-0.120372	1.0000	1
chr5:54000000-54500000	chr5	54000000	54500000	-0.903906	-0.78582	0.118086	-0.623475	-0.956359	-0.332884	1.0000	2
chr5:54500000-55000000	chr5	54500000	55000000	-0.646497	-0.677274	-0.0307775	-1.0952	-1.00396	0.091248	1.0000	2
chr5:55000000-55500000	chr5	55000000	55500000	-1.16826	-1.13047	0.0377917	-1.22197	-1.28822	-0.0662518	1.0000	8
chr5:55500000-56000000	chr5	55500000	56000000	-1.0786	-1.08536	-0.00676026	-1.14893	-1.16364	-0.0147059	1.0000	5
chr5:56000000-56500000	chr5	56000000	56500000	-0.969384	-0.871754	0.0976304	-0.957918	-1.26504	-0.307125	1.0000	1
chr5:56500000-57000000	chr5	56500000	57000000	-1.00018	-1.13973	-0.139546	-0.979241	-1.22085	-0.241613	1.0000	3
chr5:57000000-57500000	chr5	57000000	57500000	-0.975227	-0.985393	-0.0101666	-0.866286	-1.06841	-0.202128	1.0000	2
chr5:57500000-58000000	chr5	57500000	58000000	-0.991727	-1.07497	-0.0832473	-0.964677	-1.15476	-0.190081	1.0000	0
chr5:58000000-58500000	chr5	58000000	58500000	-1.0597	-1.0288	0.0309047	-0.887779	-0.957431	-0.0696518	1.0000	2
chr5:58500000-59000000	chr5	58500000	59000000	-0.129976	-0.32698	-0.197004	-0.260361	-0.401078	-0.140717	1.0000	1
chr5:59000000-59500000	chr5	59000000	59500000	-1.0511	-0.918696	0.132403	-0.812344	-0.71565	0.0966944	1.0000	0
chr5:59500000-60000000	chr5	59500000	60000000	-0.776068	-0.836519	-0.0604512	-0.483414	-0.547897	-0.0644828	1.0000	1
chr5:60000000-60500000	chr5	60000000	60500000	-0.0828581	-0.231898	-0.149039	0.20777	-0.195345	-0.403115	1.0000	0
chr5:60500000-61000000	chr5	60500000	61000000	0.151978	-0.142113	-0.294092	0.230903	0.0669308	-0.163972	0.9800	4
chr5:61000000-61500000	chr5	61000000	61500000	-0.46722	-0.825106	-0.357886	-0.386262	-0.428444	-0.0421823	1.0000	2
chr5:61500000-62000000	chr5	61500000	62000000	0.315065	0.217688	-0.0973767	0.151297	0.06996	-0.0813374	1.0000	0
chr5:62000000-62500000	chr5	62000000	62500000	0.447561	0.511472	0.0639112	0.664947	0.392767	-0.27218	1.0000	3
chr5:62500000-63000000	chr5	62500000	63000000	0.90178	1.19962	0.29784	1.00771	0.985697	-0.0220128	1.0000	1
chr5:63000000-63500000	chr5	63000000	63500000	0.60248	0.807091	0.204611	0.862071	1.08728	0.22521	0.9600	0
chr5:63500000-64000000	chr5	63500000	64000000	0.810931	1.28335	0.472423	1.04397	1.44165	0.397688	1.0000	1
chr5:64000000-64500000	chr5	64000000	64500000	0.831169	0.912489	0.0813202	0.908448	1.35948	0.451028	1.0000	1
chr5:64500000-65000000	chr5	64500000	65000000	-0.196529	-0.117334	0.0791948	-0.0825299	0.193162	0.275692	1.0000	4
chr5:65000000-65500000	chr5	65000000	65500000	-0.640574	-0.847635	-0.20706	-0.723989	-0.502685	0.221304	1.0000	1
chr5:65500000-66000000	chr5	65500000	66000000	-1.01812	-0.852362	0.165755	-0.911446	-0.877784	0.0336624	1.0000	8
chr5:66000000-66500000	chr5	66000000	66500000	0.0816698	0.116027	0.0343571	0.104373	-0.00217206	-0.106545	1.0000	1
chr5:66500000-67000000	chr5	66500000	67000000	-0.0197678	0.175114	0.194882	0.112397	0.217772	0.105375	1.0000	1
chr5:67000000-67500000	chr5	67000000	67500000	-0.305232	-0.109859	0.195373	-0.183249	-0.341877	-0.158628	1.0000	1
chr5:67500000-68000000	chr5	67500000	68000000	0.179579	0.39902	0.21944	0.0974993	0.36754	0.270041	1.0000	0
chr5:68000000-68500000	chr5	68000000	68500000	-0.183792	-0.33158	-0.147788	-0.257229	-0.513188	-0.255959	1.0000	1
chr5:68500000-69000000	chr5	68500000	69000000	0.130438	0.182493	0.0520555	-0.032307	-0.210671	-0.178364	1.0000	0
chr5:69000000-69500000	chr5	69000000	69500000	-0.425255	-0.482951	-0.0576959	-0.367172	-0.662584	-0.295412	1.0000	11
chr5:69500000-70000000	chr5	69500000	70000000	nan	nan	nan	nan	nan	nan	0.0800	1
chr5:70000000-70500000	chr5	70000000	70500000	nan	nan	nan	nan	nan	nan	0.0000	2
chr5:70500000-71000000	chr5	70500000	71000000	nan	nan	nan	nan	nan	nan	0.0000	3
chr5:71000000-71500000	chr5	71000000	71500000	nan	nan	nan	nan	nan	nan	0.2800	3
chr5:71500000-72000000	chr5	71500000	72000000	-0.453168	-0.709835	-0.256666	-0.565775	-0.946802	-0.381027	0.9800	2
chr5:72000000-72500000	chr5	72000000	72500000	-0.97893	-0.944747	0.0341831	-0.845664	-1.03843	-0.192768	1.0000	3
chr5:72500000-73000000	chr5	72500000	73000000	-1.01679	-1.11735	-0.100562	-0.923375	-1.15589	-0.232518	1.0000	3
chr5:73000000-73500000	chr5	73000000	73500000	-0.921063	-0.884404	0.0366592	-0.909357	-1.06032	-0.150963	1.0000	5
chr5:73500000-74000000	chr5	73500000	74000000	-0.788248	-1.03017	-0.241926	-1.13863	-1.21248	-0.073857	1.0000	3
chr5:74000000-74500000	chr5	74000000	74500000	-0.704711	-0.726236	-0.0215252	-0.857951	-1.13293	-0.274983	1.0000	0
chr5:74500000-75000000	chr5	74500000	75000000	-0.718495	-0.754336	-0.0358402	-0.697304	-0.599682	0.0976225	0.9200	5
chr5:75000000-75500000	chr5	75000000	75500000	-0.290971	-0.267033	0.0239375	-0.053901	-0.483541	-0.42964	1.0000	3
chr5:75500000-76000000	chr5	75500000	76000000	0.293129	0.106764	-0.186364	0.245258	0.284327	0.0390687	1.0000	4
chr5:76000000-76500000	chr5	76000000	76500000	0.71609	0.728497	0.0124075	0.722384	0.479894	-0.24249	1.0000	2
chr5:76500000-77000000	chr5	76500000	77000000	-0.341279	-0.453625	-0.112346	-0.434488	-0.490182	-0.0556935	1.0000	5
chr5:77000000-77500000	chr5	77000000	77500000	-0.324573	-0.479384	-0.154811	-0.190436	-0.765061	-0.574625	1.0000	4
chr5:77500000-78000000	chr5	77500000	78000000	-0.671425	-0.554379	0.117047	-0.675276	-0.63895	0.0363255	1.0000	2
chr5:78000000-78500000	chr5	78000000	78500000	-0.958116	-0.987173	-0.0290574	-0.945846	-1.08605	-0.140206	0.9800	2
chr5:78500000-79000000	chr5	78500000	79000000	-0.886281	-0.628511	0.25777	-0.785212	-0.836707	-0.0514947	0.9200	2
chr5:79000000-79500000	chr5	79000000	79500000	-1.01066	-0.841103	0.169552	-0.88257	-1.08852	-0.205951	1.0000	4
chr5:79500000-80000000	chr5	79500000	80000000	-0.792146	-0.831547	-0.0394014	-0.699206	-0.919812	-0.220606	1.0000	4
chr5:80000000-80500000	chr5	80000000	80500000	-0.604148	-0.641388	-0.03724	-0.475561	-0.878731	-0.40317	1.0000	5
chr5:80500000-81000000	chr5	80500000	81000000	-0.389336	-0.561884	-0.172547	-0.456273	-0.701689	-0.245415	0.9800	4
chr5:81000000-81500000	chr5	81000000	81500000	-0.447294	-0.628328	-0.181034	-0.579455	-0.770826	-0.191372	1.0000	3
chr5:81500000-82000000	chr5	81500000	82000000	-0.713678	-0.8189	-0.105222	-0.41291	-0.840348	-0.427438	1.0000	2
chr5:82000000-82500000	chr5	82000000	82500000	-0.308863	-0.488027	-0.179164	-0.174567	-0.679286	-0.50472	1.0000	1
chr5:82500000-83000000	chr5	82500000	83000000	-0.214503	-0.14228	0.0722227	-0.00808677	-0.210767	-0.20268	1.0000	0
chr5:83000000-83500000	chr5	83000000	83500000	-0.7571	-0.788811	-0.0317119	-0.478993	-0.598361	-0.119368	1.0000	3
chr5:83500000-84000000	chr5	83500000	84000000	-0.401766	-0.262647	0.139119	0.0925093	-0.0549214	-0.147431	1.0000	1
chr5:84000000-84500000	chr5	84000000	84500000	-0.563938	-0.512606	0.0513327	-0.0438192	-0.124728	-0.0809087	1.0000	1
chr5:84500000-85000000	chr5	84500000	85000000	-0.0496032	-0.0494223	0.00018099	0.145097	0.462207	0.31711	1.0000	0
chr5:85000000-85500000	chr5	85000000	85500000	0.0435558	0.533071	0.489515	0.530437	1.07448	0.544047	1.0000	0
chr5:85500000-86000000	chr5	85500000	86000000	0.461369	0.973068	0.511699	0.699793	1.44605	0.746255	0.9400	0
chr5:86000000-86500000	chr5	86000000	86500000	0.298663	1.01596	0.7173	0.823566	1.28624	0.46267	1.0000	0
chr5:86500000-87000000	chr5	86500000	87000000	0.387083	0.47501	0.0879267	0.627123	0.704936	0.0778128	1.0000	1
chr5:87000000-87500000	chr5	87000000	87500000	-0.429236	-0.311582	0.117654	-0.0680937	-0.0393828	0.0287109	1.0000	2
chr5:87500000-88000000	chr5	87500000	88000000	0.985228	1.5599	0.57467	1.34321	1.44256	0.0993518	1.0000	0
chr5:88000000-88500000	chr5	88000000	88500000	0.801974	1.15387	0.351895	1.1197	1.32429	0.204589	1.0000	1
chr5:88500000-89000000	chr5	88500000	89000000	-0.065229	0.0702629	0.135492	0.18878	0.189164	0.000383731	1.0000	1
chr5:89000000-89500000	chr5	89000000	89500000	-0.119669	-0.155244	-0.0355744	0.0440692	-0.0273326	-0.0714017	1.0000	0
chr5:89500000-90000000	chr5	89500000	90000000	-0.0703271	-0.0170464	0.0532806	0.0648079	0.0905819	0.0257739	1.0000	0
chr5:90000000-90500000	chr5	90000000	90500000	-0.298767	-0.159772	0.138995	0.327901	0.0232648	-0.304636	1.0000	3
chr5:90500000-91000000	chr5	90500000	91000000	0.335885	0.612745	0.27686	0.655067	0.817857	0.162789	1.0000	2
chr5:91000000-91500000	chr5	91000000	91500000	-0.0511411	-0.159855	-0.108714	0.0336151	-0.0240767	-0.0576918	1.0000	1
chr5:91500000-92000000	chr5	91500000	92000000	0.443811	0.603175	0.159364	0.900006	0.994481	0.0944756	1.0000	0
chr5:92000000-92500000	chr5	92000000	92500000	0.174078	0.436283	0.262205	0.737825	0.675188	-0.0626365	1.0000	0
chr5:92500000-93000000	chr5	92500000	93000000	-0.30415	-0.261403	0.042747	0.0766717	-0.033686	-0.110358	1.0000	0
chr5:93000000-93500000	chr5	93000000	93500000	-0.380491	-0.603958	-0.223467	0.0110179	-0.378721	-0.389739	1.0000	0
chr5:93500000-94000000	chr5	93500000	94000000	-0.154056	-0.0472296	0.106827	0.359425	0.0235293	-0.335896	0.9800	3
chr5:94000000-94500000	chr5	94000000	94500000	0.738801	0.846694	0.107893	1.11356	1.12058	0.00701653	1.0000	1
chr5:94500000-95000000	chr5	94500000	95000000	0.312077	0.523157	0.21108	0.911692	0.649445	-0.262247	0.9800	2
chr5:95000000-95500000	chr5	95000000	95500000	0.237873	0.361399	0.123526	0.595324	0.381632	-0.213692	1.0000	2
chr5:95500000-96000000	chr5	95500000	96000000	-1.08023	-1.03504	0.0451909	-0.537205	-0.756797	-0.219592	1.0000	8
chr5:96000000-96500000	chr5	96000000	96500000	-0.536184	-0.707776	-0.171592	-0.395582	-0.492645	-0.097063	1.0000	1
chr5:96500000-97000000	chr5	96500000	97000000	-0.766502	-0.737257	0.0292454	-0.696095	-0.814221	-0.118127	1.0000	4
chr5:97000000-97500000	chr5	97000000	97500000	0.29361	0.228369	-0.0652407	0.329906	0.344488	0.0145817	1.0000	2
chr5:97500000-98000000	chr5	97500000	98000000	0.303523	0.298583	-0.00494016	0.606032	0.68288	0.0768479	1.0000	0
chr5:98000000-98500000	chr5	98000000	98500000	-0.149568	-0.252471	-0.102904	0.044345	0.000896564	-0.0434484	1.0000	0
chr5:98500000-99000000	chr5	98500000	99000000	-0.203417	-0.255205	-0.0517872	-0.0468577	-0.10124	-0.0543822	1.0000	2
chr5:99000000-99500000	chr5	99000000	99500000	0.879181	0.831608	-0.0475728	0.878085	1.18017	0.302087	1.0000	0
chr5:99500000-100000000	chr5	99500000	100000000	0.519611	0.842214	0.322603	0.924437	1.47783	0.55339	1.0000	0
chr5:100000000-100500000	chr5	100000000	100500000	0.704863	0.978177	0.273315	0.904175	1.25543	0.351251	0.9200	0
chr5:100500000-101000000	chr5	100500000	101000000	0.30802	0.328656	0.0206362	0.544212	0.604122	0.0599099	1.0000	2
chr5:101000000-101500000	chr5	101000000	101500000	0.462907	0.883329	0.420422	0.823039	1.18971	0.36667	1.0000	0
chr5:101500000-102000000	chr5	101500000	102000000	0.540694	0.991241	0.450547	1.12938	1.21869	0.0893037	1.0000	0
chr5:102000000-102500000	chr5	102000000	102500000	0.884997	1.04595	0.160954	1.0633	1.27365	0.210349	1.0000	2
chr5:102500000-103000000	chr5	102500000	103000000	-0.626962	-0.550331	0.0766311	-0.294111	-0.234303	0.0598083	1.0000	1
chr5:103000000-103500000	chr5	103000000	103500000	-0.315424	-0.445278	-0.129854	-0.0501466	-0.159417	-0.109271	1.0000	3
chr5:103500000-104000000	chr5	103500000	104000000	0.0676277	-0.0482556	-0.115883	0.262746	0.234766	-0.0279807	1.0000	1
chr5:104000000-104500000	chr5	104000000	104500000	0.155441	-0.0236614	-0.179103	0.337364	0.534302	0.196938	1.0000	0
chr5:104500000-105000000	chr5	104500000	105000000	0.253412	0.34318	0.0897678	0.544418	0.602318	0.0578996	1.0000	0
chr5:105000000-105500000	chr5	105000000	105500000	0.160526	0.326324	0.165798	0.452136	0.801738	0.349602	1.0000	0
chr5:105500000-106000000	chr5	105500000	106000000	-0.197566	-0.105172	0.0923937	0.198986	0.280588	0.0816028	1.0000	0
chr5:106000000-106500000	chr5	106000000	106500000	-0.804873	-0.809257	-0.00438386	-0.256882	-0.448258	-0.191377	0.9800	0
chr5:106500000-107000000	chr5	106500000	107000000	-0.522171	-0.731007	-0.208836	-0.452358	-0.366345	0.086013	1.0000	0
chr5:107000000-107500000	chr5	107000000	107500000	-0.569777	-0.97784	-0.408063	-0.410446	-0.559149	-0.148703	1.0000	0
chr5:107500000-108000000	chr5	107500000	108000000	-0.286458	-0.624934	-0.338476	0.0052036	-0.312587	-0.31779	1.0000	1
chr5:108000000-108500000	chr5	108000000	108500000	-0.271574	-0.400343	-0.128769	0.0728283	-0.0387417	-0.11157	1.0000	1
chr5:108500000-109000000	chr5	108500000	109000000	-0.409858	-0.333282	0.0765759	-0.1201	-0.1341	-0.0140002	1.0000	1
chr5:109000000-109500000	chr5	109000000	109500000	-0.307936	-0.42755	-0.119614	-0.213376	-0.179992	0.0333839	0.9800	1
chr5:109500000-110000000	chr5	109500000	110000000	0.204207	-0.0679207	-0.272127	-0.00254797	-0.0147691	-0.0122212	1.0000	1
chr5:110000000-110500000	chr5	110000000	110500000	0.625942	0.720554	0.0946125	0.581724	0.803959	0.222235	1.0000	0
chr5:110500000-111000000	chr5	110500000	111000000	0.339499	0.53747	0.197971	0.636912	0.745831	0.108918	1.0000	2
chr5:111000000-111500000	chr5	111000000	111500000	0.128868	0.121853	-0.00701504	0.223446	0.203748	-0.0196979	0.9800	3
chr5:111500000-112000000	chr5	111500000	112000000	-0.584869	-0.655001	-0.070132	-0.390359	-0.230328	0.160031	1.0000	2
chr5:112000000-112500000	chr5	112000000	112500000	0.133442	0.193584	0.0601416	0.303175	0.138664	-0.164511	1.0000	1
chr5:112500000-113000000	chr5	112500000	113000000	-0.348437	-0.156296	0.192141	0.0115407	-0.224997	-0.236538	1.0000	4
chr5:113000000-113500000	chr5	113000000	113500000	-0.39167	-0.464046	-0.0723762	-0.541634	-0.635199	-0.0935648	1.0000	2
chr5:113500000-114000000	chr5	113500000	114000000	0.454725	0.834749	0.380024	0.638988	0.860652	0.221664	1.0000	1
chr5:114000000-114500000	chr5	114000000	114500000	0.671366	0.764566	0.0932002	0.748948	0.809549	0.0606002	0.9800	1
chr5:114500000-115000000	chr5	114500000	115000000	1.25961	1.57277	0.313155	1.4955	1.49228	-0.00322865	1.0000	0
chr5:115000000-115500000	chr5	115000000	115500000	-0.0171255	0.122686	0.139812	0.125403	0.199716	0.0743132	1.0000	3
chr5:115500000-116000000	chr5	115500000	116000000	0.0288765	0.0740607	0.0451843	0.227439	0.226567	-0.000871871	1.0000	7
chr5:116000000-116500000	chr5	116000000	116500000	0.70773	0.495127	-0.212603	0.853625	0.551272	-0.302353	1.0000	2
chr5:116500000-117000000	chr5	116500000	117000000	0.78777	0.832853	0.0450826	0.658049	0.773908	0.115859	1.0000	1
chr5:117000000-117500000	chr5	117000000	117500000	0.577046	1.01154	0.434495	1.13302	1.32678	0.193759	1.0000	0
chr5:117500000-118000000	chr5	117500000	118000000	0.456909	0.67458	0.217672	0.670857	1.06677	0.395918	1.0000	0
chr5:118000000-118500000	chr5	118000000	118500000	0.581352	1.14507	0.563721	0.806146	1.13814	0.33199	1.0000	0
chr5:118500000-119000000	chr5	118500000	119000000	0.999798	1.13219	0.132391	1.09743	1.15836	0.0609295	1.0000	1
chr5:119000000-119500000	chr5	119000000	119500000	0.19969	-0.0761586	-0.275849	0.38642	0.191888	-0.194532	1.0000	3
chr5:119500000-120000000	chr5	119500000	120000000	0.88568	0.903719	0.0180391	1.16021	1.14034	-0.019869	0.9800	1
chr5:120000000-120500000	chr5	120000000	120500000	-0.0858331	-0.273865	-0.188032	0.168448	0.314432	0.145984	1.0000	1
chr5:120500000-121000000	chr5	120500000	121000000	0.0243322	0.18294	0.158608	0.570816	0.552505	-0.0183106	1.0000	0
chr5:121000000-121500000	chr5	121000000	121500000	0.264723	0.456454	0.191731	0.730469	1.042	0.311532	1.0000	0
chr5:121500000-122000000	chr5	121500000	122000000	0.472275	0.646052	0.173777	0.719606	1.01299	0.293382	1.0000	2
chr5:122000000-122500000	chr5	122000000	122500000	-0.352965	-0.345717	0.00724811	-0.0107054	-0.287212	-0.276506	1.0000	4
chr5:122500000-123000000	chr5	122500000	123000000	-0.537534	-0.620477	-0.0829425	-0.39175	-0.700832	-0.309082	1.0000	2
chr5:123000000-123500000	chr5	123000000	123500000	-0.517764	-0.58644	-0.0686763	-0.356756	-0.663168	-0.306411	1.0000	3
chr5:123500000-124000000	chr5	123500000	124000000	-1.25132	-1.18911	0.0622035	-0.832681	-1.0127	-0.180016	0.9800	1
chr5:124000000-124500000	chr5	124000000	124500000	-1.16704	-1.07798	0.0890562	-0.922206	-1.19319	-0.270984	1.0000	0
chr5:124500000-125000000	chr5	124500000	125000000	-1.11512	-1.1194	-0.00428189	-1.05403	-1.18986	-0.135829	1.0000	1
chr5:125000000-125500000	chr5	125000000	125500000	-1.43703	-1.09008	0.346949	-1.18925	-1.23218	-0.0429329	1.0000	0
chr5:125500000-126000000	chr5	125500000	126000000	-1.1003	-1.09088	0.00941576	-1.07699	-1.1755	-0.0985136	1.0000	0
chr5:126000000-126500000	chr5	126000000	126500000	-0.988826	-1.05866	-0.0698389	-0.726791	-1.02708	-0.300285	1.0000	1
chr5:126500000-127000000	chr5	126500000	127000000	-0.69753	-0.65882	0.0387099	-0.841528	-0.860389	-0.0188614	1.0000	4
chr5:127000000-127500000	chr5	127000000	127500000	-0.584586	-0.382032	0.202553	-0.387448	-0.724286	-0.336838	1.0000	3
chr5:127500000-128000000	chr5	127500000	128000000	-0.577005	-0.581851	-0.0048458	-0.472466	-0.566341	-0.0938757	1.0000	3
chr5:128000000-128500000	chr5	128000000	128500000	-0.740323	-0.823526	-0.0832032	-0.391853	-0.548517	-0.156663	1.0000	1
chr5:128500000-129000000	chr5	128500000	129000000	-0.237943	-0.0359922	0.201951	0.184387	0.0944285	-0.0899583	1.0000	2
chr5:129000000-129500000	chr5	129000000	129500000	0.236152	0.59607	0.359918	0.549799	0.824919	0.275121	1.0000	2
chr5:129500000-130000000	chr5	129500000	130000000	0.101355	0.306716	0.205361	0.616069	0.775321	0.159252	1.0000	2
chr5:130000000-130500000	chr5	130000000	130500000	-0.0636329	0.096351	0.159984	0.204512	0.450761	0.246249	1.0000	0
chr5:130500000-131000000	chr5	130500000	131000000	0.49914	0.522323	0.0231831	0.731712	0.609889	-0.121823	1.0000	0
chr5:131000000-131500000	chr5	131000000	131500000	-0.225142	-0.322578	-0.0974364	-0.0832908	-0.100776	-0.0174849	1.0000	3
chr5:131500000-132000000	chr5	131500000	132000000	-0.544344	-0.634638	-0.090294	-0.463096	-0.579739	-0.116642	1.0000	3
chr5:132000000-132500000	chr5	132000000	132500000	-0.400416	-0.459316	-0.0589002	-0.646963	-0.691156	-0.0441928	1.0000	9
chr5:132500000-133000000	chr5	132500000	133000000	-0.994301	-0.932397	0.0619037	-1.03098	-1.28533	-0.254355	1.0000	13
chr5:133000000-133500000	chr5	133000000	133500000	-0.0708591	-0.223894	-0.153035	-0.201114	-0.507372	-0.306258	1.0000	2
chr5:133500000-134000000	chr5	133500000	134000000	0.125774	0.0282711	-0.0975027	-0.175377	-0.42329	-0.247912	1.0000	2
chr5:134000000-134500000	chr5	134000000	134500000	-0.979436	-0.926984	0.0524511	-1.06424	-1.22753	-0.163292	1.0000	7
chr5:134500000-135000000	chr5	134500000	135000000	-1.11248	-0.90321	0.209275	-1.06891	-1.22737	-0.158464	0.9800	9
chr5:135000000-135500000	chr5	135000000	135500000	-0.262047	-0.491472	-0.229425	-0.614706	-0.841515	-0.226808	1.0000	4
chr5:135500000-136000000	chr5	135500000	136000000	0.117675	-0.0127467	-0.130422	-0.139279	-0.139545	-0.000265657	1.0000	5
chr5:136000000-136500000	chr5	136000000	136500000	-0.00547838	0.0787962	0.0842745	0.0540382	-0.139271	-0.193309	1.0000	4
chr5:136500000-137000000	chr5	136500000	137000000	0.181946	0.13483	-0.0471153	0.108141	0.0416046	-0.0665362	1.0000	0
chr5:137000000-137500000	chr5	137000000	137500000	0.508505	0.226718	-0.281787	0.0451056	0.0523779	0.00727229	1.0000	1
chr5:137500000-138000000	chr5	137500000	138000000	-0.829188	-0.597681	0.231508	-0.682038	-0.59411	0.0879282	1.0000	4
chr5:138000000-138500000	chr5	138000000	138500000	-1.06275	-0.963165	0.0995843	-1.11144	-1.26798	-0.156534	1.0000	12
chr5:138500000-139000000	chr5	138500000	139000000	-1.02572	-0.990402	0.0353209	-1.00543	-1.30034	-0.294902	1.0000	4
chr5:139000000-139500000	chr5	139000000	139500000	-0.955631	-0.892039	0.0635923	-1.1435	-1.09347	0.0500334	0.9600	11
chr5:139500000-140000000	chr5	139500000	140000000	-0.637588	-0.789288	-0.151701	-0.802611	-0.801421	0.00118992	1.0000	3
chr5:140000000-140500000	chr5	140000000	140500000	-1.00997	-1.10803	-0.0980556	-1.13856	-1.02282	0.115742	1.0000	8
chr5:140500000-141000000	chr5	140500000	141000000	-0.667753	-0.635858	0.0318951	-0.578255	-0.351044	0.227211	1.0000	29
chr5:141000000-141500000	chr5	141000000	141500000	-0.133723	0.0809642	0.214687	-0.0126528	0.143992	0.156645	1.0000	40
chr5:141500000-142000000	chr5	141500000	142000000	-0.552139	-0.621599	-0.0694599	-0.808037	-0.997403	-0.189366	1.0000	9
chr5:142000000-142500000	chr5	142000000	142500000	-0.886633	-0.831482	0.0551506	-0.97132	-1.22886	-0.25754	1.0000	3
chr5:142500000-143000000	chr5	142500000	143000000	-0.984598	-0.873639	0.11096	-0.992993	-1.10834	-0.115349	1.0000	2
chr5:143000000-143500000	chr5	143000000	143500000	-1.08093	-0.972762	0.108169	-1.04876	-1.07527	-0.0265135	1.0000	1
chr5:143500000-144000000	chr5	143500000	144000000	-0.973249	-0.976267	-0.0030181	-1.17954	-1.16187	0.0176642	1.0000	1
chr5:144000000-144500000	chr5	144000000	144500000	-0.463629	-0.304606	0.159024	-0.106728	-0.210361	-0.103632	1.0000	2
chr5:144500000-145000000	chr5	144500000	145000000	0.049927	0.55092	0.500993	0.31127	0.529596	0.218326	1.0000	0
chr5:145000000-145500000	chr5	145000000	145500000	-0.108796	0.140351	0.249148	0.0528316	0.12553	0.0726986	1.0000	0
chr5:145500000-146000000	chr5	145500000	146000000	-0.210894	-0.333448	-0.122554	-0.0983314	-0.408454	-0.310123	1.0000	3
chr5:146000000-146500000	chr5	146000000	146500000	-0.709718	-0.712554	-0.00283677	-0.709499	-0.830915	-0.121416	1.0000	5
chr5:146500000-147000000	chr5	146500000	147000000	0.149382	0.108192	-0.0411895	0.0148786	0.0235731	0.00869456	0.9800	2
chr5:147000000-147500000	chr5	147000000	147500000	-0.0636041	0.300977	0.364581	0.0622699	0.299748	0.237478	1.0000	1
chr5:147500000-148000000	chr5	147500000	148000000	0.023339	0.2435	0.220161	0.0946902	0.22033	0.12564	1.0000	5
chr5:148000000-148500000	chr5	148000000	148500000	0.132846	0.197077	0.0642315	0.27792	0.498583	0.220663	1.0000	8
chr5:148500000-149000000	chr5	148500000	149000000	-0.154556	-0.157427	-0.00287009	-0.14894	-0.301924	-0.152984	1.0000	2
chr5:149000000-149500000	chr5	149000000	149500000	-0.727598	-0.744721	-0.017123	-0.93246	-0.864944	0.0675156	1.0000	6
chr5:149500000-150000000	chr5	149500000	150000000	-1.03687	-0.908257	0.12861	-1.02908	-1.03168	-0.00259796	1.0000	5
chr5:150000000-150500000	chr5	150000000	150500000	-0.534934	-0.705936	-0.171002	-0.998468	-0.848386	0.150082	1.0000	11
chr5:150500000-151000000	chr5	150500000	151000000	-0.674463	-0.549843	0.12462	-0.738957	-0.489513	0.249444	1.0000	8
chr5:151000000-151500000	chr5	151000000	151500000	-0.145143	-0.0755299	0.0696136	-0.110687	-0.146767	-0.0360797	1.0000	8
chr5:151500000-152000000	chr5	151500000	152000000	0.284082	0.29248	0.00839716	0.275375	0.227306	-0.0480688	1.0000	5
chr5:152000000-152500000	chr5	152000000	152500000	1.29098	1.51816	0.227176	1.02819	1.58912	0.560928	1.0000	1
chr5:152500000-153000000	chr5	152500000	153000000	0.952705	1.44415	0.491448	1.13212	1.40739	0.275264	1.0000	0
chr5:153000000-153500000	chr5	153000000	153500000	0.91643	1.07958	0.163148	0.897405	1.07377	0.176368	0.9800	1
chr5:153500000-154000000	chr5	153500000	154000000	0.60503	0.602144	-0.00288638	0.559251	0.305584	-0.253667	1.0000	0
chr5:154000000-154500000	chr5	154000000	154500000	0.162993	0.0658775	-0.0971151	0.218578	0.0261675	-0.19241	1.0000	5
chr5:154500000-155000000	chr5	154500000	155000000	-0.0743076	-0.0978805	-0.0235729	0.0136437	-0.182924	-0.196568	1.0000	5
chr5:155000000-155500000	chr5	155000000	155500000	1.0322	1.22627	0.194074	1.02965	1.12143	0.0917853	1.0000	1
chr5:155500000-156000000	chr5	155500000	156000000	1.25061	1.31697	0.0663573	1.23523	1.32109	0.0858587	1.0000	0
chr5:156000000-156500000	chr5	156000000	156500000	0.87789	1.14691	0.269018	0.862872	0.949709	0.086837	1.0000	1
chr5:156500000-157000000	chr5	156500000	157000000	1.15272	1.45273	0.300018	1.08551	1.24155	0.156045	0.9600	2
chr5:157000000-157500000	chr5	157000000	157500000	0.161744	0.0619809	-0.0997631	-0.0487861	0.105453	0.154239	1.0000	8
chr5:157500000-158000000	chr5	157500000	158000000	-0.32534	-0.0601268	0.265213	-0.303106	-0.485634	-0.182527	1.0000	6
chr5:158000000-158500000	chr5	158000000	158500000	0.622259	0.954557	0.332298	0.665675	0.838518	0.172842	1.0000	0
chr5:158500000-159000000	chr5	158500000	159000000	0.982498	0.909153	-0.0733459	0.935711	0.833139	-0.102571	1.0000	0
chr5:159000000-159500000	chr5	159000000	159500000	-0.162681	-0.11177	0.0509104	-0.0748691	-0.165518	-0.0906485	1.0000	4
chr5:159500000-160000000	chr5	159500000	160000000	0.150979	0.343826	0.192847	0.328033	-0.186987	-0.515021	1.0000	1
chr5:160000000-160500000	chr5	160000000	160500000	-0.173452	-0.307741	-0.134289	-0.15405	-0.46739	-0.31334	1.0000	8
chr5:160500000-161000000	chr5	160500000	161000000	1.1984	1.09148	-0.106921	0.992681	1.0269	0.0342166	1.0000	1
chr5:161000000-161500000	chr5	161000000	161500000	0.601223	1.0244	0.423178	0.722678	1.14457	0.421889	1.0000	0
chr5:161500000-162000000	chr5	161500000	162000000	0.583455	1.07804	0.494589	0.822733	1.25888	0.436143	0.9600	3
chr5:162000000-162500000	chr5	162000000	162500000	0.798703	1.21906	0.420354	1.01267	1.28449	0.271822	1.0000	1
chr5:162500000-163000000	chr5	162500000	163000000	0.831357	1.34415	0.512792	0.985295	1.22841	0.243113	1.0000	0
chr5:163000000-163500000	chr5	163000000	163500000	0.557819	0.722161	0.164342	0.923212	1.05697	0.133762	1.0000	3
chr5:163500000-164000000	chr5	163500000	164000000	0.375409	0.444516	0.069107	0.480361	0.408595	-0.0717663	1.0000	1
chr5:164000000-164500000	chr5	164000000	164500000	0.309142	0.563335	0.254193	0.747862	0.841867	0.0940048	1.0000	0
chr5:164500000-165000000	chr5	164500000	165000000	0.465624	0.744133	0.278509	0.863714	1.25017	0.38646	1.0000	0
chr5:165000000-165500000	chr5	165000000	165500000	0.361789	0.46569	0.103902	0.660827	0.792768	0.131941	1.0000	0
chr5:165500000-166000000	chr5	165500000	166000000	0.333371	0.804747	0.471376	0.745232	0.958492	0.213261	1.0000	0
chr5:166000000-166500000	chr5	166000000	166500000	0.355853	0.656901	0.301048	0.436555	0.417741	-0.0188145	1.0000	0
chr5:166500000-167000000	chr5	166500000	167000000	0.027728	-0.00422286	-0.0319508	0.208426	-0.171296	-0.379722	1.0000	1
chr5:167000000-167500000	chr5	167000000	167500000	-0.0118539	0.0274407	0.0392946	0.0877564	0.0197784	-0.067978	1.0000	0
chr5:167500000-168000000	chr5	167500000	168000000	-0.67053	-0.585863	0.0846668	-0.576429	-0.799395	-0.222966	1.0000	0
chr5:168000000-168500000	chr5	168000000	168500000	-0.278512	-0.405727	-0.127216	-0.371845	-0.840238	-0.468392	1.0000	2
chr5:168500000-169000000	chr5	168500000	169000000	0.161208	0.0527042	-0.108504	0.0294248	-0.354032	-0.383457	1.0000	2
chr5:169000000-169500000	chr5	169000000	169500000	0.00953657	0.109737	0.1002	0.022523	-0.529736	-0.552259	1.0000	1
chr5:169500000-170000000	chr5	169500000	170000000	-0.334569	-0.437454	-0.102885	-0.378873	-0.75249	-0.373617	1.0000	3
chr5:170000000-170500000	chr5	170000000	170500000	0.0697929	-0.0859293	-0.155722	-0.0715996	-0.413422	-0.341823	1.0000	4
chr5:170500000-171000000	chr5	170500000	171000000	-0.214933	-0.368152	-0.153219	-0.237389	-0.506863	-0.269474	1.0000	3
chr5:171000000-171500000	chr5	171000000	171500000	-0.598594	-0.716838	-0.118244	-0.406158	-0.737363	-0.331204	0.9800	3
chr5:171500000-172000000	chr5	171500000	172000000	-0.841457	-0.831495	0.00996191	-0.823302	-1.1519	-0.328595	1.0000	1
chr5:172000000-172500000	chr5	172000000	172500000	-1.00477	-0.850932	0.153842	-0.962496	-1.22358	-0.261084	1.0000	5
chr5:172500000-173000000	chr5	172500000	173000000	-0.815042	-0.900425	-0.0853828	-0.778174	-1.06151	-0.283332	1.0000	5
chr5:173000000-173500000	chr5	173000000	173500000	-0.988219	-0.888581	0.0996386	-0.801037	-1.09103	-0.289994	1.0000	4
chr5:173500000-174000000	chr5	173500000	174000000	-0.940081	-0.841353	0.0987282	-0.828231	-1.03671	-0.208482	1.0000	3
chr5:174000000-174500000	chr5	174000000	174500000	-0.241207	-0.346248	-0.105041	-0.395993	-0.770922	-0.37493	1.0000	1
chr5:174500000-175000000	chr5	174500000	175000000	-0.581072	-0.577208	0.0038646	-0.508301	-0.799862	-0.291561	1.0000	1
chr5:175000000-175500000	chr5	175000000	175500000	-0.193032	-0.341868	-0.148836	-0.498365	-0.778555	-0.28019	1.0000	2
chr5:175500000-176000000	chr5	175500000	176000000	0.235521	0.00147922	-0.234042	-0.126475	-0.381245	-0.25477	0.8000	3
chr5:176000000-176500000	chr5	176000000	176500000	-0.255627	-0.493539	-0.237913	-0.56799	-0.62351	-0.0555204	0.7600	7
chr5:176500000-177000000	chr5	176500000	177000000	-0.503972	-0.731118	-0.227146	-0.799732	-0.937851	-0.138119	0.9800	8
chr5:177000000-177500000	chr5	177000000	177500000	-1.02308	-0.888519	0.134566	-1.25136	-1.08115	0.170212	1.0000	16
chr5:177500000-178000000	chr5	177500000	178000000	-0.149508	-0.307602	-0.158094	-0.22818	-0.534401	-0.306221	0.8200	7
chr5:178000000-178500000	chr5	178000000	178500000	0.470386	0.157947	-0.312439	0.244291	0.0959001	-0.148391	1.0000	6
chr5:178500000-179000000	chr5	178500000	179000000	0.255788	0.267194	0.0114064	0.0908053	0.0925264	0.00172111	0.9800	8
chr5:179000000-179500000	chr5	179000000	179500000	0.693215	0.362053	-0.331162	0.403575	0.39	-0.0135754	1.0000	3
chr5:179500000-180000000	chr5	179500000	180000000	-0.576651	-0.521638	0.0550129	-0.619093	-0.676246	-0.0571532	1.0000	10
chr5:180000000-180500000	chr5	180000000	180500000	0.0349924	-0.171601	-0.206594	-0.0404172	-0.0425024	-0.00208521	1.0000	5
chr5:180500000-181000000	chr5	180500000	181000000	0.147339	0.145211	-0.00212766	0.161319	0.117094	-0.0442251	1.0000	7
chr5:181000000-181500000	chr5	181000000	181500000	nan	nan	nan	nan	nan	nan	0.2400	8
chr5:181500000-181538259	chr5	181500000	181538259	nan	nan	nan	nan	nan	nan	0.0000	0
chr6:0-500000	chr6	0	500000	nan	nan	nan	nan	nan	nan	0.0000	2
chr6:500000-1000000	chr6	500000	1000000	nan	nan	nan	nan	nan	nan	0.0000	2
chr6:1000000-1500000	chr6	1000000	1500000	nan	nan	nan	nan	nan	nan	0.0000	2
chr6:1500000-2000000	chr6	1500000	2000000	nan	nan	nan	nan	nan	nan	0.0000	1
chr6:2000000-2500000	chr6	2000000	2500000	nan	nan	nan	nan	nan	nan	0.0000	1
chr6:2500000-3000000	chr6	2500000	3000000	nan	nan	nan	nan	nan	nan	0.0000	6
chr6:3000000-3500000	chr6	3000000	3500000	-0.560423	-0.655217	-0.0947939	-0.726088	-0.981017	-0.254929	0.9200	6
chr6:3500000-4000000	chr6	3500000	4000000	-0.596475	-0.746436	-0.149962	-0.721422	-0.952793	-0.231372	1.0000	2
chr6:4000000-4500000	chr6	4000000	4500000	-0.582264	-0.887267	-0.305003	-0.52341	-0.948027	-0.424616	1.0000	3
chr6:4500000-5000000	chr6	4500000	5000000	-0.551929	-0.694151	-0.142222	-0.549553	-0.799971	-0.250418	1.0000	1
chr6:5000000-5500000	chr6	5000000	5500000	0.160345	-0.0385864	-0.198932	-0.0373678	-0.140945	-0.103578	1.0000	4
chr6:5500000-6000000	chr6	5500000	6000000	1.38349	1.08294	-0.300547	0.965071	0.843974	-0.121096	1.0000	0
chr6:6000000-6500000	chr6	6000000	6500000	1.40008	1.48215	0.0820738	1.00441	1.21027	0.205861	1.0000	2
chr6:6500000-7000000	chr6	6500000	7000000	0.222119	0.173188	-0.0489302	0.00176361	-0.0586601	-0.0604237	1.0000	1
chr6:7000000-7500000	chr6	7000000	7500000	-0.209842	-0.328535	-0.118693	-0.325753	-0.513448	-0.187695	1.0000	4
chr6:7500000-8000000	chr6	7500000	8000000	0.122991	0.0921513	-0.0308395	0.0479543	-0.066716	-0.11467	1.0000	4
chr6:8000000-8500000	chr6	8000000	8500000	0.645173	0.65671	0.0115377	0.606305	0.622962	0.0166566	1.0000	3
chr6:8500000-9000000	chr6	8500000	9000000	0.831006	0.96616	0.135154	0.715514	1.04866	0.333148	1.0000	1
chr6:9000000-9500000	chr6	9000000	9500000	0.274688	0.194729	-0.0799588	0.241211	0.414779	0.173568	1.0000	0
chr6:9500000-10000000	chr6	9500000	10000000	0.257978	0.237773	-0.0202048	0.269216	0.257241	-0.0119746	1.0000	0
chr6:10000000-10500000	chr6	10000000	10500000	0.0718883	-0.167014	-0.238903	-0.165299	-0.190675	-0.0253754	1.0000	1
chr6:10500000-11000000	chr6	10500000	11000000	-0.216916	-0.312998	-0.0960828	-0.177491	-0.615132	-0.437641	1.0000	8
chr6:11000000-11500000	chr6	11000000	11500000	-0.675838	-0.824642	-0.148804	-0.731233	-0.720426	0.010807	1.0000	4
chr6:11500000-12000000	chr6	11500000	12000000	-0.737088	-0.814927	-0.0778389	-0.797185	-1.10847	-0.311281	1.0000	2
chr6:12000000-12500000	chr6	12000000	12500000	-0.942732	-0.73784	0.204893	-0.744143	-1.00056	-0.256415	1.0000	2
chr6:12500000-13000000	chr6	12500000	13000000	-0.23214	-0.259765	-0.027625	-0.171112	-0.513889	-0.342777	1.0000	1
chr6:13000000-13500000	chr6	13000000	13500000	-0.0711811	-0.147419	-0.0762382	-0.254333	-0.432338	-0.178005	1.0000	2
chr6:13500000-14000000	chr6	13500000	14000000	-0.947479	-0.951624	-0.00414406	-1.05265	-1.08277	-0.0301121	1.0000	5
chr6:14000000-14500000	chr6	14000000	14500000	-0.594988	-0.638463	-0.0434752	-0.893159	-1.20945	-0.31629	1.0000	1
chr6:14500000-15000000	chr6	14500000	15000000	-0.877279	-0.772954	0.104325	-1.00434	-1.14578	-0.141438	1.0000	0
chr6:15000000-15500000	chr6	15000000	15500000	-0.799304	-0.970025	-0.17072	-0.857877	-1.18514	-0.327261	1.0000	1
chr6:15500000-16000000	chr6	15500000	16000000	-0.83712	-0.755147	0.0819739	-0.912541	-1.28259	-0.370049	1.0000	1
chr6:16000000-16500000	chr6	16000000	16500000	-0.634686	-0.877356	-0.24267	-0.967834	-1.21143	-0.243597	1.0000	3
chr6:16500000-17000000	chr6	16500000	17000000	-1.41577	-1.17977	0.235997	-1.15832	-1.29273	-0.134405	1.0000	1
chr6:17000000-17500000	chr6	17000000	17500000	-1.09566	-1.0861	0.00956044	-1.19966	-1.34494	-0.145278	1.0000	3
chr6:17500000-18000000	chr6	17500000	18000000	-1.17646	-1.01617	0.160288	-1.16657	-1.1781	-0.0115247	1.0000	3
chr6:18000000-18500000	chr6	18000000	18500000	-0.549429	-0.614649	-0.0652209	-0.567406	-0.930083	-0.362676	1.0000	5
chr6:18500000-19000000	chr6	18500000	19000000	0.741641	1.00229	0.260651	0.720362	0.904787	0.184425	1.0000	0
chr6:19000000-19500000	chr6	19000000	19500000	0.450974	0.772206	0.321231	0.659799	0.676945	0.0171458	1.0000	0
chr6:19500000-20000000	chr6	19500000	20000000	0.398059	0.515608	0.117548	0.493361	0.48495	-0.00841054	1.0000	1
chr6:20000000-20500000	chr6	20000000	20500000	0.34069	0.126983	-0.213707	0.332703	0.0452362	-0.287467	1.0000	2
chr6:20500000-21000000	chr6	20500000	21000000	-0.552291	-0.642299	-0.0900074	-0.257884	-0.445529	-0.187644	1.0000	1
chr6:21000000-21500000	chr6	21000000	21500000	-0.154969	-0.298213	-0.143244	-0.186381	-0.384525	-0.198144	1.0000	0
chr6:21500000-22000000	chr6	21500000	22000000	-0.499218	-0.801503	-0.302285	-0.66017	-0.797207	-0.137037	1.0000	1
chr6:22000000-22500000	chr6	22000000	22500000	-0.676948	-0.689938	-0.0129893	-0.464666	-0.691265	-0.226599	1.0000	1
chr6:22500000-23000000	chr6	22500000	23000000	-0.681189	-0.62227	0.0589196	-0.323014	-0.639639	-0.316625	1.0000	1
chr6:23000000-23500000	chr6	23000000	23500000	-0.072467	0.0989652	0.171432	-0.0753744	-0.225867	-0.150492	1.0000	0
chr6:23500000-24000000	chr6	23500000	24000000	0.707444	0.770177	0.0627335	0.716858	0.823295	0.106437	1.0000	0
chr6:24000000-24500000	chr6	24000000	24500000	0.424569	0.384878	-0.0396904	0.351649	0.200695	-0.150954	1.0000	5
chr6:24500000-25000000	chr6	24500000	25000000	-0.449394	-0.436787	0.0126065	-0.315843	-0.603801	-0.287959	1.0000	7
chr6:25000000-25500000	chr6	25000000	25500000	-0.0435195	-0.137926	-0.0944066	-0.132126	-0.216706	-0.0845802	1.0000	1
chr6:25500000-26000000	chr6	25500000	26000000	0.388194	0.271431	-0.116763	0.382622	0.145958	-0.236664	1.0000	8
chr6:26000000-26500000	chr6	26000000	26500000	-1.76487	-1.72734	0.0375303	-1.09002	-0.921709	0.168308	1.0000	38
chr6:26500000-27000000	chr6	26500000	27000000	-0.852897	-0.52847	0.324427	-0.119179	-0.213679	-0.0944995	0.6600	4
chr6:27000000-27500000	chr6	27000000	27500000	-1.08872	-1.08459	0.00412856	-0.56143	-0.526444	0.0349865	1.0000	9
chr6:27500000-28000000	chr6	27500000	28000000	-1.48426	-1.2151	0.269164	-0.786594	-0.700619	0.0859749	1.0000	18
chr6:28000000-28500000	chr6	28000000	28500000	0.132193	0.0375005	-0.0946921	0.297848	0.0210962	-0.276752	1.0000	12
chr6:28500000-29000000	chr6	28500000	29000000	-1.01709	-1.01747	-0.000383784	-0.576712	-0.545505	0.0312071	1.0000	4
chr6:29000000-29500000	chr6	29000000	29500000	0.874555	0.88742	0.0128647	0.869101	1.13918	0.27008	1.0000	14
chr6:29500000-30000000	chr6	29500000	30000000	0.400022	0.244954	-0.155068	0.0138733	0.129887	0.116013	1.0000	9
chr6:30000000-30500000	chr6	30000000	30500000	-0.284581	-0.624675	-0.340094	-0.575796	-0.742162	-0.166366	1.0000	11
chr6:30500000-31000000	chr6	30500000	31000000	-0.873714	-1.14508	-0.271367	-0.969985	-0.947812	0.0221725	1.0000	20
chr6:31000000-31500000	chr6	31000000	31500000	-0.944902	-0.869062	0.0758399	-0.882921	-1.06149	-0.17857	1.0000	12
chr6:31500000-32000000	chr6	31500000	32000000	-0.877121	-0.855722	0.0213988	-0.869169	-0.958136	-0.0889669	1.0000	44
chr6:32000000-32500000	chr6	32000000	32500000	-0.349861	-0.517284	-0.167423	-0.318108	-0.417876	-0.0997675	1.0000	17
chr6:32500000-33000000	chr6	32500000	33000000	-0.547387	-0.571068	-0.0236815	-0.569703	-0.585771	-0.0160688	1.0000	14
chr6:33000000-33500000	chr6	33000000	33500000	-0.937	-0.775692	0.161308	-1.04147	-1.07229	-0.0308269	0.9800	23
chr6:33500000-34000000	chr6	33500000	34000000	-0.36585	-0.781712	-0.415863	-0.817107	-0.962527	-0.145419	1.0000	6
chr6:34000000-34500000	chr6	34000000	34500000	-0.714371	-0.839373	-0.125002	-1.13558	-1.20897	-0.0733892	0.9800	6
chr6:34500000-35000000	chr6	34500000	35000000	-1.1773	-1.04225	0.135047	-1.14008	-1.43922	-0.299136	1.0000	6
chr6:35000000-35500000	chr6	35000000	35500000	-0.924618	-0.868824	0.0557938	-0.973398	-1.12301	-0.149611	1.0000	8
chr6:35500000-36000000	chr6	35500000	36000000	-1.19216	-1.1037	0.088467	-1.35561	-1.23572	0.11989	1.0000	8
chr6:36000000-36500000	chr6	36000000	36500000	-1.11484	-0.819549	0.295286	-1.27042	-1.3308	-0.0603794	1.0000	9
chr6:36500000-37000000	chr6	36500000	37000000	-1.15125	-0.953555	0.197697	-1.19727	-1.20363	-0.00636355	1.0000	9
chr6:37000000-37500000	chr6	37000000	37500000	-0.989099	-0.993431	-0.00433268	-1.10673	-1.47836	-0.37163	1.0000	8
chr6:37500000-38000000	chr6	37500000	38000000	-1.11616	-1.03326	0.0828979	-1.10425	-1.16052	-0.056274	1.0000	2
chr6:38000000-38500000	chr6	38000000	38500000	-0.857243	-0.747149	0.110094	-1.16406	-1.18913	-0.0250648	0.9000	0
chr6:38500000-39000000	chr6	38500000	39000000	-0.459357	-0.372256	0.0871012	-0.635596	-0.457896	0.1777	1.0000	3
chr6:39000000-39500000	chr6	39000000	39500000	0.809968	0.604083	-0.205885	0.194884	0.296873	0.10199	0.9800	5
chr6:39500000-40000000	chr6	39500000	40000000	0.00854035	-0.114898	-0.123438	-0.14293	-0.0320279	0.110902	1.0000	3
chr6:40000000-40500000	chr6	40000000	40500000	1.02029	0.994007	-0.0262824	0.597293	0.475657	-0.121636	1.0000	0
chr6:40500000-41000000	chr6	40500000	41000000	0.615386	0.435098	-0.180288	0.201249	-0.0270573	-0.228307	1.0000	1
chr6:41000000-41500000	chr6	41000000	41500000	-0.391969	-0.310077	0.0818922	-0.432491	-0.372992	0.059499	1.0000	11
chr6:41500000-42000000	chr6	41500000	42000000	-0.766343	-0.68317	0.0831734	-0.879097	-0.959716	-0.0806193	1.0000	11
chr6:42000000-42500000	chr6	42000000	42500000	-0.697667	-0.835103	-0.137437	-1.09345	-1.13031	-0.0368648	1.0000	7
chr6:42500000-43000000	chr6	42500000	43000000	-1.28206	-1.02581	0.256248	-1.27045	-1.31349	-0.0430353	1.0000	11
chr6:43000000-43500000	chr6	43000000	43500000	-0.942492	-0.848682	0.0938105	-1.10901	-1.26666	-0.157649	1.0000	17
chr6:43500000-44000000	chr6	43500000	44000000	-0.878643	-0.89063	-0.0119869	-1.27311	-1.05176	0.221351	1.0000	10
chr6:44000000-44500000	chr6	44000000	44500000	-0.820258	-1.01226	-0.192001	-1.04756	-0.883889	0.163667	0.9000	13
chr6:44500000-45000000	chr6	44500000	45000000	-0.308799	-0.518884	-0.210085	-0.572861	-0.74567	-0.172809	1.0000	0
chr6:45000000-45500000	chr6	45000000	45500000	-0.900903	-1.13383	-0.232931	-0.811425	-0.958396	-0.146971	1.0000	2
chr6:45500000-46000000	chr6	45500000	46000000	-0.263134	-0.541035	-0.2779	-0.516072	-0.839196	-0.323124	1.0000	0
chr6:46000000-46500000	chr6	46000000	46500000	0.268765	0.441376	0.172611	0.395895	0.169009	-0.226885	1.0000	4
chr6:46500000-47000000	chr6	46500000	47000000	-0.00439962	0.00802888	0.0124285	0.00697218	-0.103009	-0.109981	1.0000	7
chr6:47000000-47500000	chr6	47000000	47500000	-0.234013	-0.341141	-0.107128	-0.164432	-0.241835	-0.0774032	1.0000	3
chr6:47500000-48000000	chr6	47500000	48000000	0.321165	0.177545	-0.143619	0.387535	0.507715	0.120179	1.0000	2
chr6:48000000-48500000	chr6	48000000	48500000	0.363832	0.472176	0.108344	0.404464	0.69363	0.289166	1.0000	1
chr6:48500000-49000000	chr6	48500000	49000000	0.375585	0.294322	-0.0812622	0.485807	0.629019	0.143211	1.0000	0
chr6:49000000-49500000	chr6	49000000	49500000	0.820794	0.621731	-0.199063	0.859277	1.15717	0.29789	1.0000	3
chr6:49500000-50000000	chr6	49500000	50000000	0.808225	0.868858	0.0606335	0.990222	1.25511	0.264883	1.0000	8
chr6:50000000-50500000	chr6	50000000	50500000	0.583966	1.08225	0.498285	0.712921	1.33353	0.620609	1.0000	2
chr6:50500000-51000000	chr6	50500000	51000000	0.775219	0.998307	0.223088	0.760233	1.21482	0.454584	1.0000	2
chr6:51000000-51500000	chr6	51000000	51500000	1.12227	1.21438	0.0921102	0.732224	1.38054	0.648314	1.0000	0
chr6:51500000-52000000	chr6	51500000	52000000	1.28137	1.48527	0.203897	1.1028	1.54433	0.441527	0.9200	0
chr6:52000000-52500000	chr6	52000000	52500000	0.648353	0.474485	-0.173868	0.457131	0.473231	0.0161003	1.0000	6
chr6:52500000-53000000	chr6	52500000	53000000	0.0967384	-0.143677	-0.240416	-0.100732	-0.277145	-0.176413	1.0000	7
chr6:53000000-53500000	chr6	53000000	53500000	-0.318762	-0.537051	-0.218289	-0.323205	-0.345544	-0.0223386	1.0000	6
chr6:53500000-54000000	chr6	53500000	54000000	-0.727166	-0.699936	0.0272293	-0.399521	-0.609224	-0.209704	1.0000	3
chr6:54000000-54500000	chr6	54000000	54500000	-0.488829	-0.670175	-0.181346	-0.287182	-0.493196	-0.206014	1.0000	2
chr6:54500000-55000000	chr6	54500000	55000000	-0.429131	-0.570672	-0.141541	-0.267289	-0.528471	-0.261182	0.9800	1
chr6:55000000-55500000	chr6	55000000	55500000	-0.432535	-0.176211	0.256324	-0.11805	-0.0119586	0.106091	1.0000	2
chr6:55500000-56000000	chr6	55500000	56000000	-0.974335	-0.827591	0.146745	-0.676055	-0.344941	0.331113	1.0000	2
chr6:56000000-56500000	chr6	56000000	56500000	-0.952813	-0.805273	0.14754	-0.715259	-0.611501	0.103758	1.0000	1
chr6:56500000-57000000	chr6	56500000	57000000	-1.42713	-1.30595	0.12118	-1.02042	-0.640771	0.379652	1.0000	2
chr6:57000000-57500000	chr6	57000000	57500000	-0.475365	-0.613356	-0.137991	-0.310059	-0.140799	0.16926	1.0000	5
chr6:57500000-58000000	chr6	57500000	58000000	0.648743	0.655152	0.00640855	0.79003	1.02704	0.237013	1.0000	0
chr6:58000000-58500000	chr6	58000000	58500000	1.12554	1.3032	0.17766	1.05268	1.57058	0.517896	0.8600	0
chr6:58500000-59000000	chr6	58500000	59000000	nan	nan	nan	nan	nan	nan	0.0000	0
chr6:59000000-59500000	chr6	59000000	59500000	nan	nan	nan	nan	nan	nan	0.0000	0
chr6:59500000-60000000	chr6	59500000	60000000	nan	nan	nan	nan	nan	nan	0.0000	0
chr6:60000000-60500000	chr6	60000000	60500000	1.02736	1.20185	0.174488	0.586388	1.10385	0.51746	0.5000	0
chr6:60500000-61000000	chr6	60500000	61000000	1.05109	1.29285	0.241757	0.942872	1.07601	0.133142	1.0000	0
chr6:61000000-61500000	chr6	61000000	61500000	0.977432	1.44953	0.472102	1.1514	1.19746	0.0460591	0.6400	0
chr6:61500000-62000000	chr6	61500000	62000000	0.774281	1.09789	0.323608	0.76703	1.28063	0.513602	0.9400	0
chr6:62000000-62500000	chr6	62000000	62500000	0.587994	0.970889	0.382895	0.750682	1.25192	0.501241	1.0000	1
chr6:62500000-63000000	chr6	62500000	63000000	0.718907	0.934308	0.2154	0.848101	1.21115	0.363046	1.0000	0
chr6:63000000-63500000	chr6	63000000	63500000	0.57121	0.774915	0.203706	0.58732	0.791817	0.204497	1.0000	2
chr6:63500000-64000000	chr6	63500000	64000000	-0.254084	-0.11515	0.138934	-0.0198772	-0.115763	-0.0958859	1.0000	3
chr6:64000000-64500000	chr6	64000000	64500000	0.128709	0.147288	0.0185789	0.308412	0.460831	0.152419	1.0000	0
chr6:64500000-65000000	chr6	64500000	65000000	0.202694	0.26932	0.0666269	0.28791	0.718765	0.430855	1.0000	0
chr6:65000000-65500000	chr6	65000000	65500000	0.200325	0.43165	0.231326	0.28865	1.00146	0.712809	1.0000	1
chr6:65500000-66000000	chr6	65500000	66000000	0.146476	0.415412	0.268937	0.373853	0.947176	0.573323	1.0000	1
chr6:66000000-66500000	chr6	66000000	66500000	0.395513	0.572743	0.17723	0.595451	0.924571	0.32912	1.0000	0
chr6:66500000-67000000	chr6	66500000	67000000	0.267002	0.580741	0.313739	0.639748	1.04317	0.403422	1.0000	0
chr6:67000000-67500000	chr6	67000000	67500000	0.127722	0.56888	0.441158	0.354481	0.906065	0.551583	1.0000	0
chr6:67500000-68000000	chr6	67500000	68000000	0.21856	0.538956	0.320397	0.549083	0.845439	0.296356	1.0000	0
chr6:68000000-68500000	chr6	68000000	68500000	0.295738	0.900384	0.604646	0.659908	0.982365	0.322458	1.0000	0
chr6:68500000-69000000	chr6	68500000	69000000	0.287858	0.33533	0.0474718	0.598571	0.818004	0.219434	1.0000	2
chr6:69000000-69500000	chr6	69000000	69500000	0.449081	0.561042	0.111961	0.581818	0.664809	0.0829919	1.0000	0
chr6:69500000-70000000	chr6	69500000	70000000	0.186542	0.140327	-0.0462142	0.365694	0.531075	0.165381	1.0000	2
chr6:70000000-70500000	chr6	70000000	70500000	0.761113	0.54364	-0.217473	0.779215	0.663325	-0.11589	1.0000	2
chr6:70500000-71000000	chr6	70500000	71000000	0.630407	0.527269	-0.103138	0.85453	0.709492	-0.145038	1.0000	3
chr6:71000000-71500000	chr6	71000000	71500000	-0.0240316	-0.311607	-0.287576	0.255144	0.0149014	-0.240243	1.0000	1
chr6:71500000-72000000	chr6	71500000	72000000	0.849466	0.870983	0.021517	0.975498	1.15119	0.17569	1.0000	1
chr6:72000000-72500000	chr6	72000000	72500000	0.293241	0.136687	-0.156554	0.348696	0.478107	0.129411	1.0000	0
chr6:72500000-73000000	chr6	72500000	73000000	-0.162027	-0.55274	-0.390713	-0.179874	-0.324632	-0.144758	1.0000	1
chr6:73000000-73500000	chr6	73000000	73500000	0.00166013	-0.151997	-0.153657	-0.101387	-0.491124	-0.389736	1.0000	8
chr6:73500000-74000000	chr6	73500000	74000000	-0.241974	-0.381231	-0.139257	-0.299539	-0.322852	-0.0233127	1.0000	3
chr6:74000000-74500000	chr6	74000000	74500000	0.410316	0.386615	-0.023701	0.284373	0.527262	0.24289	1.0000	0
chr6:74500000-75000000	chr6	74500000	75000000	0.261427	0.0112528	-0.250174	0.226016	0.450752	0.224736	1.0000	0
chr6:75000000-75500000	chr6	75000000	75500000	-0.776012	-0.849541	-0.0735297	-0.534412	-0.478966	0.0554452	1.0000	4
chr6:75500000-76000000	chr6	75500000	76000000	-0.30065	-0.525008	-0.224358	-0.342017	-0.283826	0.0581908	1.0000	2
chr6:76000000-76500000	chr6	76000000	76500000	1.13329	1.29493	0.161647	0.948775	1.23056	0.281782	1.0000	1
chr6:76500000-77000000	chr6	76500000	77000000	0.506559	0.538432	0.0318734	0.545166	0.909463	0.364298	1.0000	0
chr6:77000000-77500000	chr6	77000000	77500000	-0.0454775	-0.0977775	-0.0523	0.377549	0.232713	-0.144837	1.0000	1
chr6:77500000-78000000	chr6	77500000	78000000	0.915003	1.12612	0.211115	1.06216	1.1823	0.120139	1.0000	1
chr6:78000000-78500000	chr6	78000000	78500000	0.917546	0.915873	-0.00167266	0.737387	0.797362	0.0599746	1.0000	0
chr6:78500000-79000000	chr6	78500000	79000000	0.604299	0.49399	-0.110309	0.775951	0.658641	-0.11731	1.0000	1
chr6:79000000-79500000	chr6	79000000	79500000	0.62445	0.60752	-0.0169295	0.923203	0.739892	-0.18331	1.0000	2
chr6:79500000-80000000	chr6	79500000	80000000	0.642711	0.416466	-0.226245	0.591518	0.682113	0.0905951	1.0000	3
chr6:80000000-80500000	chr6	80000000	80500000	0.0577699	-0.188467	-0.246237	0.153643	0.125858	-0.0277854	1.0000	2
chr6:80500000-81000000	chr6	80500000	81000000	-0.0631751	0.144308	0.207483	0.236946	0.166266	-0.07068	1.0000	0
chr6:81000000-81500000	chr6	81000000	81500000	0.224199	0.119673	-0.104526	0.193982	0.376444	0.182462	1.0000	0
chr6:81500000-82000000	chr6	81500000	82000000	-0.406768	-0.614817	-0.208049	-0.272423	-0.241332	0.0310909	1.0000	1
chr6:82000000-82500000	chr6	82000000	82500000	-0.0903045	-0.155949	-0.0656444	0.0562498	-0.107884	-0.164134	1.0000	2
chr6:82500000-83000000	chr6	82500000	83000000	0.505631	0.379797	-0.125834	0.518117	0.459415	-0.0587021	1.0000	0
chr6:83000000-83500000	chr6	83000000	83500000	-0.0418087	-0.296703	-0.254894	0.208945	-0.013933	-0.222878	1.0000	5
chr6:83500000-84000000	chr6	83500000	84000000	0.792104	0.840016	0.0479116	1.10606	0.994535	-0.111529	1.0000	4
chr6:84000000-84500000	chr6	84000000	84500000	0.961871	0.901649	-0.0602221	0.954348	1.12593	0.171582	1.0000	2
chr6:84500000-85000000	chr6	84500000	85000000	0.499144	0.6387	0.139556	0.600335	0.849218	0.248883	1.0000	1
chr6:85000000-85500000	chr6	85000000	85500000	0.859453	0.790014	-0.0694387	0.741769	0.855795	0.114026	1.0000	1
chr6:85500000-86000000	chr6	85500000	86000000	0.578156	0.525372	-0.0527842	0.443655	0.441578	-0.00207647	1.0000	2
chr6:86000000-86500000	chr6	86000000	86500000	1.19803	1.50288	0.304849	1.10803	1.33009	0.22206	1.0000	0
chr6:86500000-87000000	chr6	86500000	87000000	1.10155	1.33397	0.232425	0.915823	1.27392	0.358097	1.0000	1
chr6:87000000-87500000	chr6	87000000	87500000	-0.134336	-0.123506	0.01083	-0.283884	0.0452656	0.329149	1.0000	7
chr6:87500000-88000000	chr6	87500000	88000000	0.225544	0.0988442	-0.126699	0.105885	-0.0315129	-0.137398	1.0000	3
chr6:88000000-88500000	chr6	88000000	88500000	0.850069	0.92828	0.0782107	0.846463	0.835658	-0.0108047	1.0000	2
chr6:88500000-89000000	chr6	88500000	89000000	0.349365	0.180556	-0.168809	0.284672	0.44202	0.157348	1.0000	1
chr6:89000000-89500000	chr6	89000000	89500000	-0.0271607	-0.260612	-0.233451	-0.099756	-0.289687	-0.189931	1.0000	8
chr6:89500000-90000000	chr6	89500000	90000000	-0.129326	-0.315233	-0.185907	-0.170774	-0.489284	-0.318509	1.0000	4
chr6:90000000-90500000	chr6	90000000	90500000	-0.82836	-0.543922	0.284438	-0.548488	-0.870779	-0.322291	1.0000	1
chr6:90500000-91000000	chr6	90500000	91000000	0.111544	0.33059	0.219046	0.178454	0.18267	0.00421585	1.0000	1
chr6:91000000-91500000	chr6	91000000	91500000	0.345837	0.19	-0.155837	0.314394	0.413035	0.0986418	1.0000	0
chr6:91500000-92000000	chr6	91500000	92000000	0.191232	0.360987	0.169754	0.26724	0.690425	0.423185	1.0000	0
chr6:92000000-92500000	chr6	92000000	92500000	0.138473	0.56033	0.421857	0.446276	0.743925	0.297649	1.0000	0
chr6:92500000-93000000	chr6	92500000	93000000	0.210689	0.446329	0.235641	0.417779	0.654963	0.237184	1.0000	0
chr6:93000000-93500000	chr6	93000000	93500000	-0.0259542	0.265578	0.291533	0.42655	0.889428	0.462879	1.0000	1
chr6:93500000-94000000	chr6	93500000	94000000	0.415792	0.801772	0.38598	0.500543	0.836881	0.336338	1.0000	0
chr6:94000000-94500000	chr6	94000000	94500000	0.582595	0.711966	0.129372	0.581971	1.26791	0.68594	1.0000	0
chr6:94500000-95000000	chr6	94500000	95000000	0.589374	0.934414	0.34504	0.81604	1.38596	0.569924	1.0000	0
chr6:95000000-95500000	chr6	95000000	95500000	0.569473	0.556545	-0.0129288	0.841742	1.28653	0.444791	0.9000	0
chr6:95500000-96000000	chr6	95500000	96000000	0.727537	1.14281	0.415272	0.952666	1.47062	0.517959	1.0000	1
chr6:96000000-96500000	chr6	96000000	96500000	0.908659	1.11338	0.204724	0.799666	1.3385	0.538834	1.0000	1
chr6:96500000-97000000	chr6	96500000	97000000	0.870881	0.907979	0.0370976	1.05158	0.966437	-0.0851465	1.0000	5
chr6:97000000-97500000	chr6	97000000	97500000	0.684842	0.560191	-0.124651	0.681722	0.79587	0.114148	1.0000	1
chr6:97500000-98000000	chr6	97500000	98000000	0.253904	0.820621	0.566717	0.847058	1.00427	0.157217	1.0000	0
chr6:98000000-98500000	chr6	98000000	98500000	1.11481	1.4187	0.303893	0.93134	1.20947	0.278133	1.0000	0
chr6:98500000-99000000	chr6	98500000	99000000	0.822273	0.717258	-0.105015	0.636292	0.692798	0.0565059	1.0000	2
chr6:99000000-99500000	chr6	99000000	99500000	0.836819	0.694365	-0.142454	0.661725	0.65103	-0.0106954	1.0000	3
chr6:99500000-100000000	chr6	99500000	100000000	0.543787	0.523548	-0.020239	0.789773	0.514201	-0.275572	1.0000	4
chr6:100000000-100500000	chr6	100000000	100500000	-0.0573551	-0.0965828	-0.0392277	-0.17108	-0.0750466	0.0960333	1.0000	1
chr6:100500000-101000000	chr6	100500000	101000000	-0.585871	-0.480078	0.105794	-0.300953	0.047358	0.348311	1.0000	1
chr6:101000000-101500000	chr6	101000000	101500000	0.462496	0.606805	0.144309	0.580489	0.663299	0.0828104	1.0000	1
chr6:101500000-102000000	chr6	101500000	102000000	-0.430182	-0.0330344	0.397147	0.0453175	0.519921	0.474603	1.0000	0
chr6:102000000-102500000	chr6	102000000	102500000	0.289878	0.751309	0.461431	0.729682	1.28267	0.552987	1.0000	0
chr6:102500000-103000000	chr6	102500000	103000000	0.288396	0.528136	0.239741	0.692672	1.0737	0.381025	1.0000	0
chr6:103000000-103500000	chr6	103000000	103500000	0.590253	0.97123	0.380977	0.844884	1.37427	0.529389	1.0000	0
chr6:103500000-104000000	chr6	103500000	104000000	0.827287	0.90729	0.080003	1.07791	1.36747	0.289565	0.9600	0
chr6:104000000-104500000	chr6	104000000	104500000	1.03572	1.0416	0.00588576	0.940027	1.04173	0.101705	1.0000	0
chr6:104500000-105000000	chr6	104500000	105000000	-0.298652	-0.395886	-0.0972347	-0.0272329	-0.203779	-0.176546	1.0000	2
chr6:105000000-105500000	chr6	105000000	105500000	-0.840372	-0.664577	0.175795	-0.500934	-0.810835	-0.309901	1.0000	3
chr6:105500000-106000000	chr6	105500000	106000000	-0.64035	-0.63882	0.00152931	-0.789876	-0.806265	-0.0163899	1.0000	0
chr6:106000000-106500000	chr6	106000000	106500000	-0.946958	-1.06613	-0.119167	-1.00787	-0.941397	0.0664704	1.0000	3
chr6:106500000-107000000	chr6	106500000	107000000	-0.528954	-0.660131	-0.131176	-0.71231	-0.902105	-0.189795	1.0000	3
chr6:107000000-107500000	chr6	107000000	107500000	-0.533053	-0.883741	-0.350688	-0.549803	-0.998159	-0.448356	1.0000	4
chr6:107500000-108000000	chr6	107500000	108000000	-0.445874	-0.654459	-0.208585	-0.734614	-1.03034	-0.295723	1.0000	2
chr6:108000000-108500000	chr6	108000000	108500000	-0.723091	-0.775964	-0.0528728	-0.814274	-0.834397	-0.0201232	1.0000	4
chr6:108500000-109000000	chr6	108500000	109000000	-0.719008	-0.743906	-0.0248974	-0.520723	-0.920916	-0.400193	1.0000	2
chr6:109000000-109500000	chr6	109000000	109500000	-0.503635	-0.79528	-0.291645	-0.568768	-0.734059	-0.165291	1.0000	7
chr6:109500000-110000000	chr6	109500000	110000000	0.0199718	-0.0610561	-0.0810279	0.159107	-0.301478	-0.460584	1.0000	3
chr6:110000000-110500000	chr6	110000000	110500000	-0.0769846	-0.418613	-0.341628	-0.0622696	-0.430948	-0.368678	1.0000	5
chr6:110500000-111000000	chr6	110500000	111000000	-0.59869	-0.772159	-0.173469	-0.569076	-0.72331	-0.154234	1.0000	4
chr6:111000000-111500000	chr6	111000000	111500000	-0.995913	-0.919429	0.0764841	-0.928977	-1.2248	-0.295819	1.0000	3
chr6:111500000-112000000	chr6	111500000	112000000	-0.771753	-0.797907	-0.0261536	-0.716613	-1.0432	-0.326591	1.0000	2
chr6:112000000-112500000	chr6	112000000	112500000	-1.10563	-1.02466	0.0809732	-1.00538	-0.991326	0.0140522	1.0000	5
chr6:112500000-113000000	chr6	112500000	113000000	-1.15676	-1.17846	-0.0217035	-1.10315	-0.987403	0.115744	1.0000	0
chr6:113000000-113500000	chr6	113000000	113500000	-1.18228	-1.25436	-0.0720886	-1.05031	-1.07091	-0.0205986	1.0000	0
chr6:113500000-114000000	chr6	113500000	114000000	-1.11636	-1.26063	-0.144275	-1.07269	-1.06359	0.0091042	1.0000	2
chr6:114000000-114500000	chr6	114000000	114500000	0.351862	0.420658	0.068796	0.471428	0.570656	0.0992281	1.0000	1
chr6:114500000-115000000	chr6	114500000	115000000	0.435713	1.0501	0.614389	0.72554	1.02967	0.304128	1.0000	0
chr6:115000000-115500000	chr6	115000000	115500000	0.572197	0.928535	0.356338	0.76039	1.16271	0.402323	0.9800	0
chr6:115500000-116000000	chr6	115500000	116000000	0.710031	0.874452	0.164421	0.832664	0.947663	0.115	1.0000	0
chr6:116000000-116500000	chr6	116000000	116500000	-0.640963	-0.499391	0.141572	-0.345066	-0.306316	0.0387503	1.0000	7
chr6:116500000-117000000	chr6	116500000	117000000	0.224383	0.263312	0.0389284	0.228293	0.479728	0.251435	1.0000	10
chr6:117000000-117500000	chr6	117000000	117500000	0.735011	0.648254	-0.0867564	0.55006	0.704071	0.154011	1.0000	3
chr6:117500000-118000000	chr6	117500000	118000000	0.581252	0.575285	-0.00596748	0.70041	0.808171	0.107761	1.0000	3
chr6:118000000-118500000	chr6	118000000	118500000	0.560204	0.6066	0.0463958	0.542023	0.850508	0.308485	1.0000	0
chr6:118500000-119000000	chr6	118500000	119000000	-0.274566	-0.284045	-0.00947876	0.030295	-0.097923	-0.128218	1.0000	4
chr6:119000000-119500000	chr6	119000000	119500000	0.349628	0.357053	0.00742416	0.418882	0.249689	-0.169193	1.0000	2
chr6:119500000-120000000	chr6	119500000	120000000	0.0786313	0.151318	0.0726863	0.144857	0.47122	0.326363	1.0000	0
chr6:120000000-120500000	chr6	120000000	120500000	0.371326	0.947201	0.575875	0.715576	1.29921	0.583635	1.0000	0
chr6:120500000-121000000	chr6	120500000	121000000	0.888372	1.1971	0.308723	0.962671	1.48249	0.51982	1.0000	0
chr6:121000000-121500000	chr6	121000000	121500000	0.216295	0.368975	0.15268	0.807791	0.700976	-0.106816	1.0000	2
chr6:121500000-122000000	chr6	121500000	122000000	-0.559742	-0.415908	0.143834	-0.40711	-0.199131	0.207979	1.0000	0
chr6:122000000-122500000	chr6	122000000	122500000	0.0907317	0.381647	0.290915	0.463309	0.62225	0.158941	1.0000	2
chr6:122500000-123000000	chr6	122500000	123000000	0.420625	0.394194	-0.0264306	0.45893	0.714919	0.255989	1.0000	4
chr6:123000000-123500000	chr6	123000000	123500000	0.702536	0.949603	0.247066	0.916074	1.32239	0.40632	1.0000	0
chr6:123500000-124000000	chr6	123500000	124000000	0.320177	0.421845	0.101668	0.654408	0.7014	0.0469919	1.0000	2
chr6:124000000-124500000	chr6	124000000	124500000	0.350213	0.400156	0.0499425	0.693599	0.722848	0.0292482	1.0000	0
chr6:124500000-125000000	chr6	124500000	125000000	0.173891	0.123922	-0.0499685	0.24933	0.3194	0.0700696	1.0000	1
chr6:125000000-125500000	chr6	125000000	125500000	0.0830421	0.0203086	-0.0627336	-0.0524529	-0.0351441	0.0173088	1.0000	2
chr6:125500000-126000000	chr6	125500000	126000000	0.103416	-0.0801227	-0.183539	0.108104	-0.118854	-0.226958	1.0000	4
chr6:126000000-126500000	chr6	126000000	126500000	0.407557	0.203567	-0.203991	0.673354	-0.0170855	-0.690439	1.0000	1
chr6:126500000-127000000	chr6	126500000	127000000	0.137853	0.179549	0.0416957	0.304034	0.217815	-0.086219	1.0000	0
chr6:127000000-127500000	chr6	127000000	127500000	-0.38516	-0.609597	-0.224437	0.170714	-0.205757	-0.376472	1.0000	4
chr6:127500000-128000000	chr6	127500000	128000000	-0.421806	-0.493356	-0.0715507	-0.137544	-0.407896	-0.270352	1.0000	3
chr6:128000000-128500000	chr6	128000000	128500000	-1.16662	-1.12245	0.0441732	-0.666198	-0.646615	0.0195824	1.0000	0
chr6:128500000-129000000	chr6	128500000	129000000	-0.69595	-0.914946	-0.218996	-0.644104	-0.792789	-0.148684	1.0000	2
chr6:129000000-129500000	chr6	129000000	129500000	-0.656755	-0.978927	-0.322172	-0.514837	-0.572693	-0.0578562	1.0000	0
chr6:129500000-130000000	chr6	129500000	130000000	-0.499293	-0.641879	-0.142585	-0.34429	-0.561751	-0.21746	1.0000	2
chr6:130000000-130500000	chr6	130000000	130500000	-0.192575	-0.416525	-0.22395	-0.195616	-0.358363	-0.162748	1.0000	3
chr6:130500000-131000000	chr6	130500000	131000000	-0.306149	-0.462906	-0.156757	-0.13532	-0.297666	-0.162346	1.0000	1
chr6:131000000-131500000	chr6	131000000	131500000	0.123094	-0.149879	-0.272973	0.123086	-0.13275	-0.255835	1.0000	2
chr6:131500000-132000000	chr6	131500000	132000000	-0.619179	-0.777952	-0.158773	-0.506949	-0.592605	-0.0856561	1.0000	7
chr6:132000000-132500000	chr6	132000000	132500000	-0.898541	-1.00852	-0.109983	-0.768161	-0.793874	-0.0257137	1.0000	1
chr6:132500000-133000000	chr6	132500000	133000000	-0.231947	-0.466288	-0.234341	-0.356167	-0.509139	-0.152972	1.0000	11
chr6:133000000-133500000	chr6	133000000	133500000	-0.305958	-0.502286	-0.196328	-0.16704	-0.209979	-0.0429399	1.0000	1
chr6:133500000-134000000	chr6	133500000	134000000	-0.870511	-1.02954	-0.159025	-0.564717	-1.05445	-0.489734	1.0000	3
chr6:134000000-134500000	chr6	134000000	134500000	-0.933991	-0.968968	-0.0349771	-0.780527	-1.1496	-0.369076	1.0000	2
chr6:134500000-135000000	chr6	134500000	135000000	-0.86754	-0.891497	-0.0239576	-1.05192	-1.08155	-0.0296296	1.0000	1
chr6:135000000-135500000	chr6	135000000	135500000	-0.648381	-0.97133	-0.322949	-0.573444	-0.904122	-0.330678	1.0000	3
chr6:135500000-136000000	chr6	135500000	136000000	-0.508727	-0.877034	-0.368306	-0.524906	-0.75122	-0.226314	1.0000	1
chr6:136000000-136500000	chr6	136000000	136500000	-0.338127	-0.506624	-0.168497	-0.22244	-0.510823	-0.288383	1.0000	2
chr6:136500000-137000000	chr6	136500000	137000000	-0.157941	-0.432854	-0.274913	-0.198528	-0.47281	-0.274282	1.0000	4
chr6:137000000-137500000	chr6	137000000	137500000	0.046639	-0.291375	-0.338014	0.0916579	-0.311751	-0.403409	1.0000	4
chr6:137500000-138000000	chr6	137500000	138000000	-0.396923	-0.44015	-0.0432279	-0.241	-0.83089	-0.58989	1.0000	1
chr6:138000000-138500000	chr6	138000000	138500000	-0.109808	-0.400847	-0.291039	-0.332776	-0.749477	-0.416702	1.0000	6
chr6:138500000-139000000	chr6	138500000	139000000	-0.61477	-0.953224	-0.338454	-0.726252	-1.04748	-0.321233	1.0000	3
chr6:139000000-139500000	chr6	139000000	139500000	-0.862692	-0.860542	0.00214962	-0.990446	-1.09604	-0.105597	1.0000	4
chr6:139500000-140000000	chr6	139500000	140000000	-1.34792	-1.2686	0.0793161	-1.26231	-1.1578	0.10451	1.0000	0
chr6:140000000-140500000	chr6	140000000	140500000	-1.42333	-1.35865	0.0646743	-1.16703	-1.01661	0.150421	1.0000	0
chr6:140500000-141000000	chr6	140500000	141000000	-1.4424	-1.5914	-0.149007	-1.15221	-1.24006	-0.0878463	1.0000	0
chr6:141000000-141500000	chr6	141000000	141500000	-1.30823	-1.19294	0.115286	-0.909467	-0.979387	-0.06992	1.0000	0
chr6:141500000-142000000	chr6	141500000	142000000	-0.599181	-0.936931	-0.33775	-0.517575	-0.547694	-0.0301191	1.0000	0
chr6:142000000-142500000	chr6	142000000	142500000	-1.14289	-1.34939	-0.206496	-1.02073	-1.10249	-0.0817605	1.0000	4
chr6:142500000-143000000	chr6	142500000	143000000	-1.1042	-0.960733	0.14347	-0.997947	-0.917803	0.0801436	1.0000	1
chr6:143000000-143500000	chr6	143000000	143500000	-0.804645	-0.906905	-0.10226	-0.813995	-0.905243	-0.0912487	1.0000	3
chr6:143500000-144000000	chr6	143500000	144000000	-0.459591	-0.591021	-0.13143	-0.406007	-0.772883	-0.366876	0.9800	4
chr6:144000000-144500000	chr6	144000000	144500000	-0.695908	-0.904692	-0.208784	-0.73657	-1.02455	-0.287985	1.0000	4
chr6:144500000-145000000	chr6	144500000	145000000	-0.62548	-0.80268	-0.1772	-0.67002	-0.970947	-0.300926	1.0000	0
chr6:145000000-145500000	chr6	145000000	145500000	-0.246698	-0.546885	-0.300188	-0.0623936	-0.362833	-0.300439	1.0000	0
chr6:145500000-146000000	chr6	145500000	146000000	-0.186831	-0.263233	-0.0764017	0.0314821	-0.198467	-0.229949	1.0000	3
chr6:146000000-146500000	chr6	146000000	146500000	0.362152	0.587245	0.225093	0.670334	0.719056	0.0487223	1.0000	1
chr6:146500000-147000000	chr6	146500000	147000000	-0.185108	-0.191426	-0.00631801	0.0543833	-0.0045222	-0.0589055	1.0000	2
chr6:147000000-147500000	chr6	147000000	147500000	-0.4521	-0.547219	-0.095119	-0.212242	-0.33024	-0.117998	1.0000	1
chr6:147500000-148000000	chr6	147500000	148000000	-0.0202909	-0.0713307	-0.0510398	-0.173956	-0.350794	-0.176838	1.0000	1
chr6:148000000-148500000	chr6	148000000	148500000	-0.270839	-0.509913	-0.239074	-0.382529	-0.58409	-0.201561	1.0000	1
chr6:148500000-149000000	chr6	148500000	149000000	-0.630584	-0.683643	-0.0530585	-0.59722	-0.820888	-0.223667	1.0000	1
chr6:149000000-149500000	chr6	149000000	149500000	-1.11061	-1.14787	-0.0372552	-0.965754	-1.08009	-0.114334	1.0000	3
chr6:149500000-150000000	chr6	149500000	150000000	-1.16014	-1.11394	0.0461994	-0.983764	-1.21856	-0.234801	1.0000	11
chr6:150000000-150500000	chr6	150000000	150500000	-0.542057	-0.626752	-0.0846948	-0.65162	-0.860227	-0.208607	1.0000	4
chr6:150500000-151000000	chr6	150500000	151000000	-0.572211	-0.533068	0.0391433	-0.618679	-0.931378	-0.312699	1.0000	2
chr6:151000000-151500000	chr6	151000000	151500000	-0.843739	-0.719331	0.124408	-0.787032	-0.979977	-0.192945	1.0000	5
chr6:151500000-152000000	chr6	151500000	152000000	0.564536	0.7242	0.159665	0.787942	0.585495	-0.202447	1.0000	1
chr6:152000000-152500000	chr6	152000000	152500000	0.19561	-0.0920771	-0.287687	0.349961	-0.0176119	-0.367573	1.0000	0
chr6:152500000-153000000	chr6	152500000	153000000	0.806939	0.948123	0.141184	0.681945	1.00905	0.327105	1.0000	4
chr6:153000000-153500000	chr6	153000000	153500000	0.710803	0.700793	-0.0100094	0.896824	1.15265	0.255826	1.0000	2
chr6:153500000-154000000	chr6	153500000	154000000	0.705097	1.0526	0.347506	1.11006	1.20346	0.0934078	1.0000	0
chr6:154000000-154500000	chr6	154000000	154500000	0.180155	0.255748	0.0755936	0.278731	0.0632716	-0.21546	1.0000	2
chr6:154500000-155000000	chr6	154500000	155000000	-0.498832	-0.649307	-0.150475	-0.763086	-0.894005	-0.130919	1.0000	3
chr6:155000000-155500000	chr6	155000000	155500000	-0.421128	-0.400275	0.0208532	-0.356355	-0.627321	-0.270967	1.0000	3
chr6:155500000-156000000	chr6	155500000	156000000	0.364842	0.658174	0.293332	0.424555	0.763939	0.339384	1.0000	0
chr6:156000000-156500000	chr6	156000000	156500000	0.907337	1.06234	0.155006	0.724492	0.892479	0.167987	0.9800	0
chr6:156500000-157000000	chr6	156500000	157000000	-0.29353	-0.391545	-0.0980149	-0.445333	-0.147663	0.297669	1.0000	1
chr6:157000000-157500000	chr6	157000000	157500000	-0.715636	-0.624832	0.0908038	-0.737671	-0.911205	-0.173534	0.9600	2
chr6:157500000-158000000	chr6	157500000	158000000	-0.618853	-0.601787	0.0170665	-0.653382	-0.904508	-0.251126	1.0000	2
chr6:158000000-158500000	chr6	158000000	158500000	-0.707214	-0.629402	0.0778111	-0.829533	-0.916777	-0.0872437	1.0000	3
chr6:158500000-159000000	chr6	158500000	159000000	-0.50311	-0.514447	-0.0113363	-0.547968	-0.78846	-0.240492	1.0000	4
chr6:159000000-159500000	chr6	159000000	159500000	0.820401	0.909176	0.0887754	0.594645	0.795013	0.200368	1.0000	3
chr6:159500000-160000000	chr6	159500000	160000000	0.505176	0.357512	-0.147664	0.588975	0.399702	-0.189273	1.0000	8
chr6:160000000-160500000	chr6	160000000	160500000	1.11329	1.04105	-0.072245	0.907462	1.01419	0.106731	1.0000	3
chr6:160500000-161000000	chr6	160500000	161000000	0.944557	0.974057	0.0295003	0.738972	1.10662	0.36765	0.9200	3
chr6:161000000-161500000	chr6	161000000	161500000	0.352322	0.219369	-0.132953	0.327793	0.223396	-0.104397	1.0000	1
chr6:161500000-162000000	chr6	161500000	162000000	1.08226	0.98455	-0.0977111	0.652949	0.729001	0.0760526	1.0000	0
chr6:162000000-162500000	chr6	162000000	162500000	0.785327	1.06515	0.279827	0.874262	0.846665	-0.0275969	1.0000	0
chr6:162500000-163000000	chr6	162500000	163000000	0.445229	0.751563	0.306333	0.77925	0.97975	0.2005	1.0000	2
chr6:163000000-163500000	chr6	163000000	163500000	0.0360235	0.195041	0.159017	0.2227	0.173866	-0.048834	1.0000	1
chr6:163500000-164000000	chr6	163500000	164000000	0.108809	0.11772	0.00891068	0.143093	0.0602208	-0.0828718	1.0000	0
chr6:164000000-164500000	chr6	164000000	164500000	0.566014	0.918939	0.352925	0.430137	1.00877	0.578629	1.0000	0
chr6:164500000-165000000	chr6	164500000	165000000	0.651513	0.848628	0.197115	0.383928	0.978069	0.594142	1.0000	0
chr6:165000000-165500000	chr6	165000000	165500000	0.648884	1.11974	0.470854	0.763694	0.992321	0.228627	1.0000	1
chr6:165500000-166000000	chr6	165500000	166000000	0.523355	0.694038	0.170683	0.474202	0.753666	0.279464	1.0000	1
chr6:166000000-166500000	chr6	166000000	166500000	0.54895	0.478224	-0.0707257	0.599679	0.604592	0.00491261	1.0000	4
chr6:166500000-167000000	chr6	166500000	167000000	0.583195	0.571841	-0.0113537	0.503466	0.366944	-0.136522	1.0000	4
chr6:167000000-167500000	chr6	167000000	167500000	0.985791	1.04927	0.0634814	0.730813	0.85369	0.122877	1.0000	4
chr6:167500000-168000000	chr6	167500000	168000000	0.139197	0.290408	0.151211	0.381164	0.244499	-0.136666	0.8800	2
chr6:168000000-168500000	chr6	168000000	168500000	0.913047	0.723807	-0.18924	0.652989	0.605699	-0.0472902	1.0000	3
chr6:168500000-169000000	chr6	168500000	169000000	0.918271	1.19729	0.279021	0.844623	0.911458	0.066835	1.0000	0
chr6:169000000-169500000	chr6	169000000	169500000	0.579608	0.530974	-0.048634	0.593991	0.471581	-0.12241	1.0000	1
chr6:169500000-170000000	chr6	169500000	170000000	0.703812	0.538343	-0.165469	0.375831	0.505911	0.13008	1.0000	5
chr6:170000000-170500000	chr6	170000000	170500000	0.693185	0.559019	-0.134166	0.517675	0.563621	0.0459454	0.8800	2
chr6:170500000-170805979	chr6	170500000	170805979	-0.365233	0.166395	0.531627	0.005251	0.0599989	0.0547479	0.6210	3
chr7:0-500000	chr7	0	500000	nan	nan	nan	nan	nan	nan	0.0000	2
chr7:500000-1000000	chr7	500000	1000000	nan	nan	nan	nan	nan	nan	0.0000	8
chr7:1000000-1500000	chr7	1000000	1500000	nan	nan	nan	nan	nan	nan	0.0000	6
chr7:1500000-2000000	chr7	1500000	2000000	nan	nan	nan	nan	nan	nan	0.0000	5
chr7:2000000-2500000	chr7	2000000	2500000	nan	nan	nan	nan	nan	nan	0.0000	7
chr7:2500000-3000000	chr7	2500000	3000000	nan	nan	nan	nan	nan	nan	0.0000	6
chr7:3000000-3500000	chr7	3000000	3500000	-0.466261	-0.518359	-0.0520981	-0.530806	-0.703605	-0.172799	0.9200	2
chr7:3500000-4000000	chr7	3500000	4000000	0.0225498	-0.292703	-0.315253	-0.142419	-0.468216	-0.325796	1.0000	0
chr7:4000000-4500000	chr7	4000000	4500000	0.457313	0.0281173	-0.429196	0.0210146	-0.208293	-0.229307	1.0000	0
chr7:4500000-5000000	chr7	4500000	5000000	-0.0614898	-0.439136	-0.377647	-0.527219	-0.660433	-0.133215	1.0000	5
chr7:5000000-5500000	chr7	5000000	5500000	-0.454107	-0.664959	-0.210852	-0.910829	-0.830302	0.0805267	1.0000	4
chr7:5500000-6000000	chr7	5500000	6000000	-0.781843	-0.757484	0.024359	-1.04973	-1.00016	0.0495717	1.0000	7
chr7:6000000-6500000	chr7	6000000	6500000	-0.959816	-0.934794	0.0250224	-1.06762	-1.12012	-0.0525045	1.0000	11
chr7:6500000-7000000	chr7	6500000	7000000	0.33051	-0.00227277	-0.332783	-0.091484	-0.184608	-0.093124	1.0000	8
chr7:7000000-7500000	chr7	7000000	7500000	0.419522	0.308708	-0.110813	0.463657	0.599911	0.136255	1.0000	1
chr7:7500000-8000000	chr7	7500000	8000000	0.257094	-0.0851925	-0.342286	0.426306	0.38146	-0.0448461	1.0000	5
chr7:8000000-8500000	chr7	8000000	8500000	0.762036	1.002	0.239964	1.22634	0.968583	-0.257761	1.0000	2
chr7:8500000-9000000	chr7	8500000	9000000	0.812862	1.3569	0.54404	1.05281	1.48128	0.428475	1.0000	0
chr7:9000000-9500000	chr7	9000000	9500000	0.488006	0.595762	0.107756	0.850276	1.01121	0.16093	1.0000	0
chr7:9500000-10000000	chr7	9500000	10000000	0.44329	0.5854	0.14211	0.692667	1.1509	0.45823	1.0000	0
chr7:10000000-10500000	chr7	10000000	10500000	0.582643	0.874746	0.292103	1.00374	1.22151	0.217764	1.0000	0
chr7:10500000-11000000	chr7	10500000	11000000	0.887567	0.975914	0.0883472	0.990788	1.22151	0.23072	1.0000	2
chr7:11000000-11500000	chr7	11000000	11500000	0.397531	0.52816	0.130629	0.931199	0.979626	0.0484266	1.0000	0
chr7:11500000-12000000	chr7	11500000	12000000	0.441197	0.428622	-0.0125746	0.577207	0.973011	0.395805	1.0000	1
chr7:12000000-12500000	chr7	12000000	12500000	0.255021	0.151123	-0.103898	0.629199	0.652714	0.0235155	1.0000	2
chr7:12500000-13000000	chr7	12500000	13000000	0.0967447	-0.136105	-0.23285	0.150187	0.122125	-0.0280628	1.0000	3
chr7:13000000-13500000	chr7	13000000	13500000	0.192396	0.116448	-0.0759486	0.874931	0.731162	-0.143768	1.0000	0
chr7:13500000-14000000	chr7	13500000	14000000	-0.0417955	0.0714653	0.113261	0.253049	0.415414	0.162365	1.0000	1
chr7:14000000-14500000	chr7	14000000	14500000	0.0965344	0.249592	0.153058	0.343419	0.690055	0.346636	1.0000	0
chr7:14500000-15000000	chr7	14500000	15000000	-0.0383591	0.127713	0.166072	0.302648	0.834576	0.531928	1.0000	1
chr7:15000000-15500000	chr7	15000000	15500000	0.147766	0.101697	-0.0460691	0.495306	0.410367	-0.0849385	1.0000	0
chr7:15500000-16000000	chr7	15500000	16000000	0.0573225	0.241066	0.183744	0.357598	0.645958	0.28836	1.0000	2
chr7:16000000-16500000	chr7	16000000	16500000	0.258998	0.0516895	-0.207309	0.544969	0.30207	-0.242899	1.0000	2
chr7:16500000-17000000	chr7	16500000	17000000	-0.549478	-0.796929	-0.24745	-0.38014	-0.745532	-0.365392	1.0000	6
chr7:17000000-17500000	chr7	17000000	17500000	-0.944871	-1.15478	-0.209905	-0.581658	-0.854937	-0.273279	1.0000	1
chr7:17500000-18000000	chr7	17500000	18000000	-0.901679	-0.782344	0.119335	-0.631047	-0.711355	-0.0803079	1.0000	1
chr7:18000000-18500000	chr7	18000000	18500000	-0.691897	-0.802636	-0.110739	-0.473866	-0.444024	0.0298411	1.0000	2
chr7:18500000-19000000	chr7	18500000	19000000	-0.617258	-0.716516	-0.0992588	-0.360133	-0.273357	0.0867762	1.0000	0
chr7:19000000-19500000	chr7	19000000	19500000	-0.32633	-0.330985	-0.0046556	-0.149539	-0.246488	-0.0969494	1.0000	2
chr7:19500000-20000000	chr7	19500000	20000000	0.00825835	0.578187	0.569928	0.545235	0.742879	0.197644	1.0000	2
chr7:20000000-20500000	chr7	20000000	20500000	0.100149	0.210509	0.110361	0.493681	0.597035	0.103353	1.0000	2
chr7:20500000-21000000	chr7	20500000	21000000	0.626223	0.810475	0.184252	0.947246	0.964212	0.016966	1.0000	2
chr7:21000000-21500000	chr7	21000000	21500000	0.68874	0.856591	0.167851	0.820047	0.979411	0.159364	1.0000	1
chr7:21500000-22000000	chr7	21500000	22000000	0.615856	0.574526	-0.0413303	0.765723	0.731421	-0.0343018	1.0000	2
chr7:22000000-22500000	chr7	22000000	22500000	0.43339	0.500933	0.0675425	0.38011	0.433931	0.0538214	1.0000	1
chr7:22500000-23000000	chr7	22500000	23000000	-0.549763	-0.791321	-0.241559	-0.372384	-0.586658	-0.214273	1.0000	3
chr7:23000000-23500000	chr7	23000000	23500000	-1.00873	-0.934228	0.0745008	-0.770337	-0.910367	-0.14003	1.0000	6
chr7:23500000-24000000	chr7	23500000	24000000	-0.396181	-0.51389	-0.117708	-0.355787	-0.532825	-0.177038	1.0000	4
chr7:24000000-24500000	chr7	24000000	24500000	0.0454056	-0.0124119	-0.0578175	-0.0143003	-0.133595	-0.119295	1.0000	1
chr7:24500000-25000000	chr7	24500000	25000000	-0.295303	-0.485706	-0.190403	-0.249869	-0.447999	-0.19813	1.0000	3
chr7:25000000-25500000	chr7	25000000	25500000	0.545393	0.481696	-0.0636969	0.482091	0.201468	-0.280623	1.0000	3
chr7:25500000-26000000	chr7	25500000	26000000	0.687952	0.57989	-0.108063	0.444715	0.355157	-0.0895579	1.0000	0
chr7:26000000-26500000	chr7	26000000	26500000	0.417529	0.258785	-0.158744	0.289381	0.223962	-0.0654192	1.0000	4
chr7:26500000-27000000	chr7	26500000	27000000	0.807839	0.740116	-0.0677229	0.825742	0.882985	0.0572423	1.0000	1
chr7:27000000-27500000	chr7	27000000	27500000	-0.0779769	-0.259752	-0.181775	-0.272409	-0.379228	-0.106819	1.0000	12
chr7:27500000-28000000	chr7	27500000	28000000	-0.958142	-0.837309	0.120833	-0.832737	-0.794573	0.0381639	1.0000	2
chr7:28000000-28500000	chr7	28000000	28500000	-0.914929	-0.944742	-0.0298133	-0.932745	-1.20535	-0.272606	1.0000	2
chr7:28500000-29000000	chr7	28500000	29000000	-0.851836	-0.843516	0.00831986	-0.692373	-1.02801	-0.335641	1.0000	1
chr7:29000000-29500000	chr7	29000000	29500000	-0.564894	-0.600943	-0.0360491	-0.78247	-0.903758	-0.121288	1.0000	2
chr7:29500000-30000000	chr7	29500000	30000000	-0.667289	-0.795451	-0.128162	-0.70653	-0.842836	-0.136306	1.0000	3
chr7:30000000-30500000	chr7	30000000	30500000	-0.887548	-1.02901	-0.141463	-0.833604	-0.854314	-0.0207105	1.0000	5
chr7:30500000-31000000	chr7	30500000	31000000	0.0838356	-0.175731	-0.259567	0.0397178	-0.252685	-0.292403	1.0000	7
chr7:31000000-31500000	chr7	31000000	31500000	1.03504	0.830576	-0.204468	0.754544	0.739679	-0.0148649	1.0000	2
chr7:31500000-32000000	chr7	31500000	32000000	0.95179	0.991097	0.039307	0.862925	0.965602	0.102678	1.0000	2
chr7:32000000-32500000	chr7	32000000	32500000	0.772674	0.802868	0.0301938	0.511351	0.609928	0.0985764	1.0000	3
chr7:32500000-33000000	chr7	32500000	33000000	-0.125604	-0.333234	-0.207629	-0.0383697	-0.209964	-0.171594	1.0000	2
chr7:33000000-33500000	chr7	33000000	33500000	0.144354	-0.0951575	-0.239512	0.335832	0.30126	-0.0345717	1.0000	3
chr7:33500000-34000000	chr7	33500000	34000000	0.312424	0.0701695	-0.242254	0.300489	-0.0512812	-0.35177	1.0000	1
chr7:34000000-34500000	chr7	34000000	34500000	0.490223	0.493439	0.00321608	0.378123	0.435312	0.0571885	1.0000	0
chr7:34500000-35000000	chr7	34500000	35000000	0.636581	0.375094	-0.261487	0.455882	0.626373	0.170491	1.0000	1
chr7:35000000-35500000	chr7	35000000	35500000	0.104052	0.0363947	-0.0676577	0.0667755	0.191442	0.124667	1.0000	2
chr7:35500000-36000000	chr7	35500000	36000000	-0.493699	-0.614143	-0.120443	-0.434498	-0.466409	-0.0319109	1.0000	2
chr7:36000000-36500000	chr7	36000000	36500000	-0.18305	-0.383267	-0.200218	-0.0864152	-0.406179	-0.319764	1.0000	3
chr7:36500000-37000000	chr7	36500000	37000000	0.435206	0.391446	-0.0437606	0.370825	0.0680926	-0.302732	1.0000	1
chr7:37000000-37500000	chr7	37000000	37500000	0.610326	0.963548	0.353222	0.906755	0.687764	-0.21899	1.0000	1
chr7:37500000-38000000	chr7	37500000	38000000	0.788828	1.00685	0.218024	1.07328	0.960398	-0.112879	1.0000	4
chr7:38000000-38500000	chr7	38000000	38500000	0.54979	0.612376	0.0625859	0.53863	0.493742	-0.0448881	1.0000	2
chr7:38500000-39000000	chr7	38500000	39000000	0.464844	0.457319	-0.00752419	0.435012	0.53275	0.0977385	1.0000	3
chr7:39000000-39500000	chr7	39000000	39500000	0.458779	0.661507	0.202728	0.63146	0.510981	-0.120479	1.0000	0
chr7:39500000-40000000	chr7	39500000	40000000	-0.752136	-0.789345	-0.0372083	-0.602222	-0.711803	-0.109581	1.0000	3
chr7:40000000-40500000	chr7	40000000	40500000	-1.15168	-0.957414	0.194264	-1.07685	-1.09774	-0.0208845	1.0000	2
chr7:40500000-41000000	chr7	40500000	41000000	-0.953121	-0.934621	0.0184996	-0.905158	-0.950586	-0.0454279	1.0000	0
chr7:41000000-41500000	chr7	41000000	41500000	-1.21776	-0.994911	0.222849	-1.08375	-1.21998	-0.136227	1.0000	0
chr7:41500000-42000000	chr7	41500000	42000000	-0.739992	-1.02214	-0.282151	-0.847375	-0.968588	-0.121213	1.0000	1
chr7:42000000-42500000	chr7	42000000	42500000	-0.432384	-0.864981	-0.432597	-0.760686	-0.959381	-0.198695	1.0000	1
chr7:42500000-43000000	chr7	42500000	43000000	-0.511102	-0.623422	-0.11232	-0.644652	-0.793296	-0.148644	1.0000	3
chr7:43000000-43500000	chr7	43000000	43500000	-0.505211	-0.743979	-0.238768	-0.687849	-0.862555	-0.174706	1.0000	1
chr7:43500000-44000000	chr7	43500000	44000000	-0.76389	-0.989835	-0.225944	-1.05033	-1.02709	0.0232421	1.0000	7
chr7:44000000-44500000	chr7	44000000	44500000	-0.574447	-0.681353	-0.106906	-0.902671	-0.900639	0.00203172	1.0000	10
chr7:44500000-45000000	chr7	44500000	45000000	-0.778549	-0.983581	-0.205032	-0.903959	-1.0568	-0.152843	1.0000	9
chr7:45000000-45500000	chr7	45000000	45500000	0.187561	-0.188782	-0.376343	-0.203724	-0.28359	-0.0798666	0.9800	4
chr7:45500000-46000000	chr7	45500000	46000000	0.0540633	-0.22149	-0.275553	-0.477272	-0.465135	0.0121367	1.0000	4
chr7:46000000-46500000	chr7	46000000	46500000	-0.92044	-0.90757	0.0128697	-0.910397	-0.995329	-0.0849322	1.0000	0
chr7:46500000-47000000	chr7	46500000	47000000	-0.972431	-0.854871	0.11756	-1.02657	-1.00221	0.0243518	1.0000	0
chr7:47000000-47500000	chr7	47000000	47500000	-0.526563	-0.619193	-0.0926299	-0.648286	-0.771194	-0.122908	1.0000	0
chr7:47500000-48000000	chr7	47500000	48000000	-0.363267	-0.504347	-0.14108	-0.601841	-0.839564	-0.237723	1.0000	3
chr7:48000000-48500000	chr7	48000000	48500000	0.268035	0.133357	-0.134678	0.133577	-0.03674	-0.170317	1.0000	4
chr7:48500000-49000000	chr7	48500000	49000000	0.691703	0.980363	0.28866	0.791027	0.871325	0.0802984	1.0000	1
chr7:49000000-49500000	chr7	49000000	49500000	0.733508	0.856315	0.122807	0.706609	1.00383	0.297218	1.0000	0
chr7:49500000-50000000	chr7	49500000	50000000	0.840524	0.947275	0.106752	0.706946	0.886098	0.179152	1.0000	1
chr7:50000000-50500000	chr7	50000000	50500000	0.865657	0.958088	0.0924305	0.82865	0.740664	-0.0879856	1.0000	4
chr7:50500000-51000000	chr7	50500000	51000000	0.845926	0.537021	-0.308905	0.424698	0.188386	-0.236312	1.0000	2
chr7:51000000-51500000	chr7	51000000	51500000	0.817725	0.595341	-0.222384	0.481498	0.485902	0.00440401	1.0000	1
chr7:51500000-52000000	chr7	51500000	52000000	1.00827	0.944767	-0.0634986	0.82448	0.837807	0.0133269	1.0000	0
chr7:52000000-52500000	chr7	52000000	52500000	0.371041	0.411154	0.0401129	0.521176	0.630993	0.109817	1.0000	0
chr7:52500000-53000000	chr7	52500000	53000000	0.166825	0.441459	0.274635	0.346378	0.416879	0.0705012	1.0000	0
chr7:53000000-53500000	chr7	53000000	53500000	0.410862	0.632936	0.222074	0.512609	0.90595	0.393341	1.0000	1
chr7:53500000-54000000	chr7	53500000	54000000	0.617965	0.901571	0.283606	0.782841	1.01539	0.232545	1.0000	0
chr7:54000000-54500000	chr7	54000000	54500000	0.664	0.979593	0.315593	0.958922	1.17784	0.218914	1.0000	0
chr7:54500000-55000000	chr7	54500000	55000000	0.392718	0.236377	-0.156342	0.250724	0.26901	0.0182864	1.0000	2
chr7:55000000-55500000	chr7	55000000	55500000	0.023358	-0.149028	-0.172386	0.0290646	-0.39337	-0.422434	1.0000	2
chr7:55500000-56000000	chr7	55500000	56000000	0.374543	0.303313	-0.0712302	0.43133	0.384539	-0.0467909	1.0000	5
chr7:56000000-56500000	chr7	56000000	56500000	0.502401	0.579489	0.0770874	0.367647	0.574531	0.206884	0.9800	6
chr7:56500000-57000000	chr7	56500000	57000000	1.04525	0.838483	-0.206772	0.744485	0.829129	0.084644	1.0000	0
chr7:57000000-57500000	chr7	57000000	57500000	0.892481	0.720486	-0.171995	0.445688	0.775465	0.329778	0.9600	2
chr7:57500000-58000000	chr7	57500000	58000000	0.948788	1.08873	0.139938	0.875735	1.19407	0.31834	0.9400	0
chr7:58000000-58500000	chr7	58000000	58500000	nan	nan	nan	nan	nan	nan	0.0600	0
chr7:58500000-59000000	chr7	58500000	59000000	nan	nan	nan	nan	nan	nan	0.0000	0
chr7:59000000-59500000	chr7	59000000	59500000	nan	nan	nan	nan	nan	nan	0.0000	0
chr7:59500000-60000000	chr7	59500000	60000000	nan	nan	nan	nan	nan	nan	0.0000	0
chr7:60000000-60500000	chr7	60000000	60500000	nan	nan	nan	nan	nan	nan	0.0000	0
chr7:60500000-61000000	chr7	60500000	61000000	nan	nan	nan	nan	nan	nan	0.0000	0
chr7:61000000-61500000	chr7	61000000	61500000	nan	nan	nan	nan	nan	nan	0.0600	0
chr7:61500000-62000000	chr7	61500000	62000000	nan	nan	nan	nan	nan	nan	0.4800	0
chr7:62000000-62500000	chr7	62000000	62500000	0.838615	0.732087	-0.106529	0.869533	0.975122	0.105589	0.5200	0
chr7:62500000-63000000	chr7	62500000	63000000	0.834127	0.539746	-0.294381	0.647682	0.881933	0.234252	0.9600	0
chr7:63000000-63500000	chr7	63000000	63500000	0.652361	0.807625	0.155264	0.584678	0.843953	0.259275	1.0000	0
chr7:63500000-64000000	chr7	63500000	64000000	0.919664	0.886786	-0.0328783	0.611229	0.665796	0.0545671	1.0000	1
chr7:64000000-64500000	chr7	64000000	64500000	0.654981	0.625191	-0.0297896	0.778369	0.730835	-0.0475345	1.0000	4
chr7:64500000-65000000	chr7	64500000	65000000	0.415422	0.222233	-0.19319	0.475094	0.220771	-0.254323	1.0000	5
chr7:65000000-65500000	chr7	65000000	65500000	-0.209188	-0.342493	-0.133306	-0.184706	-0.204568	-0.0198618	0.9600	2
chr7:65500000-66000000	chr7	65500000	66000000	-0.256622	-0.481587	-0.224965	-0.291692	-0.671226	-0.379533	1.0000	2
chr7:66000000-66500000	chr7	66000000	66500000	-0.584608	-0.839129	-0.254521	-0.781978	-0.812927	-0.0309494	1.0000	3
chr7:66500000-67000000	chr7	66500000	67000000	-0.732745	-0.747957	-0.0152119	-0.767899	-0.984591	-0.216692	1.0000	5
chr7:67000000-67500000	chr7	67000000	67500000	-0.23232	-0.340723	-0.108403	-0.575733	-0.775905	-0.200172	1.0000	1
chr7:67500000-68000000	chr7	67500000	68000000	0.53341	0.652265	0.118855	0.290947	0.146489	-0.144458	1.0000	0
chr7:68000000-68500000	chr7	68000000	68500000	0.548862	0.508999	-0.0398634	0.233201	0.0800531	-0.153148	1.0000	0
chr7:68500000-69000000	chr7	68500000	69000000	0.208506	0.171853	-0.0366532	-0.0544928	-0.192045	-0.137553	1.0000	0
chr7:69000000-69500000	chr7	69000000	69500000	0.365764	0.346593	-0.0191708	0.00376768	-0.195124	-0.198892	1.0000	0
chr7:69500000-70000000	chr7	69500000	70000000	-0.183311	-0.123258	0.0600532	-0.0612845	-0.254708	-0.193423	1.0000	1
chr7:70000000-70500000	chr7	70000000	70500000	-0.142211	0.135322	0.277533	-0.106343	-0.142347	-0.0360038	1.0000	0
chr7:70500000-71000000	chr7	70500000	71000000	0.231081	0.31162	0.080539	-0.0216825	-0.111599	-0.0899162	1.0000	0
chr7:71000000-71500000	chr7	71000000	71500000	0.748337	0.887112	0.138775	0.473068	0.48719	0.0141225	1.0000	1
chr7:71500000-72000000	chr7	71500000	72000000	0.707242	0.618771	-0.0884714	0.243536	0.156696	-0.08684	1.0000	0
chr7:72000000-72500000	chr7	72000000	72500000	0.736004	0.770228	0.0342246	0.464364	0.409869	-0.0544955	1.0000	1
chr7:72500000-73000000	chr7	72500000	73000000	-0.55809	-0.548289	0.00980139	-0.564137	-0.641254	-0.0771172	1.0000	3
chr7:73000000-73500000	chr7	73000000	73500000	-0.781949	-0.805655	-0.0237068	-1.02013	-1.10396	-0.0838244	1.0000	8
chr7:73500000-74000000	chr7	73500000	74000000	-0.828755	-0.964375	-0.13562	-0.96794	-1.10847	-0.140525	1.0000	13
chr7:74000000-74500000	chr7	74000000	74500000	-0.786361	-0.852591	-0.0662296	-0.893561	-0.99866	-0.105099	1.0000	7
chr7:74500000-75000000	chr7	74500000	75000000	-0.973403	-0.975331	-0.00192832	-1.28915	-1.1462	0.14295	1.0000	5
chr7:75000000-75500000	chr7	75000000	75500000	-0.927372	-0.883235	0.0441365	-0.808879	-1.01268	-0.203798	1.0000	8
chr7:75500000-76000000	chr7	75500000	76000000	-0.641904	-0.82689	-0.184986	-1.02602	-1.16707	-0.141049	1.0000	6
chr7:76000000-76500000	chr7	76000000	76500000	-0.66162	-0.786392	-0.124772	-0.992504	-1.16872	-0.176215	1.0000	8
chr7:76500000-77000000	chr7	76500000	77000000	-0.0928114	-0.277783	-0.184971	-0.362839	-0.253078	0.109761	1.0000	3
chr7:77000000-77500000	chr7	77000000	77500000	-0.3228	-0.834805	-0.512005	-0.386566	-0.662043	-0.275477	1.0000	5
chr7:77500000-78000000	chr7	77500000	78000000	-1.06	-1.2871	-0.227097	-0.945459	-0.921397	0.0240622	1.0000	4
chr7:78000000-78500000	chr7	78000000	78500000	0.000628458	-0.262972	-0.263601	-0.017375	-0.197866	-0.180491	1.0000	0
chr7:78500000-79000000	chr7	78500000	79000000	-0.267568	-0.333324	-0.0657557	0.0125611	-0.0570597	-0.0696208	1.0000	0
chr7:79000000-79500000	chr7	79000000	79500000	-0.483252	-0.762607	-0.279354	-0.304866	-0.390679	-0.0858136	1.0000	1
chr7:79500000-80000000	chr7	79500000	80000000	-0.887824	-1.03505	-0.147223	-0.673631	-0.570165	0.103466	1.0000	0
chr7:80000000-80500000	chr7	80000000	80500000	-1.14659	-1.21778	-0.0711885	-0.888978	-0.918922	-0.0299437	1.0000	1
chr7:80500000-81000000	chr7	80500000	81000000	-1.54365	-1.40602	0.137631	-1.13774	-0.948862	0.188874	1.0000	3
chr7:81000000-81500000	chr7	81000000	81500000	-1.07622	-1.15893	-0.0827145	-0.933815	-0.826997	0.106817	1.0000	0
chr7:81500000-82000000	chr7	81500000	82000000	-0.84287	-1.08702	-0.244149	-0.557953	-0.564384	-0.00643073	1.0000	1
chr7:82000000-82500000	chr7	82000000	82500000	-1.03373	-1.10675	-0.0730188	-0.701387	-0.674684	0.0267027	1.0000	1
chr7:82500000-83000000	chr7	82500000	83000000	-0.742153	-0.85724	-0.115088	-0.3586	-0.296455	0.0621452	1.0000	0
chr7:83000000-83500000	chr7	83000000	83500000	-0.323625	-0.473581	-0.149955	0.164973	0.104034	-0.0609391	1.0000	1
chr7:83500000-84000000	chr7	83500000	84000000	-0.228824	-0.419383	-0.19056	0.22175	0.0801024	-0.141648	1.0000	1
chr7:84000000-84500000	chr7	84000000	84500000	-1.1162	-1.22707	-0.110871	-0.510291	-0.489205	0.0210859	1.0000	1
chr7:84500000-85000000	chr7	84500000	85000000	-0.524297	-0.912699	-0.388401	-0.226476	-0.404898	-0.178421	1.0000	0
chr7:85000000-85500000	chr7	85000000	85500000	-0.712609	-0.71736	-0.00475064	-0.14308	0.0447284	0.187808	1.0000	1
chr7:85500000-86000000	chr7	85500000	86000000	0.00844132	0.0459492	0.0375079	0.357223	0.609246	0.252024	1.0000	0
chr7:86000000-86500000	chr7	86000000	86500000	0.643287	1.01746	0.374171	1.02624	1.63062	0.60438	1.0000	0
chr7:86500000-87000000	chr7	86500000	87000000	0.915384	1.14755	0.232162	1.05726	1.39275	0.335487	1.0000	1
chr7:87000000-87500000	chr7	87000000	87500000	0.667624	0.578334	-0.0892901	0.663746	0.761495	0.0977491	1.0000	5
chr7:87500000-88000000	chr7	87500000	88000000	0.623738	0.534554	-0.0891837	0.911228	0.784311	-0.126918	1.0000	5
chr7:88000000-88500000	chr7	88000000	88500000	0.92415	1.11961	0.195463	0.924504	1.11741	0.192907	1.0000	2
chr7:88500000-89000000	chr7	88500000	89000000	0.810314	1.14364	0.333321	0.924911	1.43464	0.509726	1.0000	2
chr7:89000000-89500000	chr7	89000000	89500000	0.726887	0.881009	0.154122	0.901365	1.30477	0.403408	1.0000	0
chr7:89500000-90000000	chr7	89500000	90000000	0.814754	1.09726	0.282503	1.15187	1.61432	0.462452	1.0000	0
chr7:90000000-90500000	chr7	90000000	90500000	0.335584	0.268338	-0.0672453	0.681266	0.38343	-0.297836	1.0000	7
chr7:90500000-91000000	chr7	90500000	91000000	-0.0335564	-0.244088	-0.210531	0.12877	0.0132033	-0.115566	1.0000	1
chr7:91000000-91500000	chr7	91000000	91500000	0.565623	0.34049	-0.225133	0.701602	0.311974	-0.389628	1.0000	1
chr7:91500000-92000000	chr7	91500000	92000000	0.298984	0.267262	-0.0317222	0.470066	0.409438	-0.0606276	1.0000	2
chr7:92000000-92500000	chr7	92000000	92500000	-0.708867	-0.613961	0.0949063	-0.5569	-0.488252	0.0686482	1.0000	6
chr7:92500000-93000000	chr7	92500000	93000000	-0.967949	-0.928975	0.0389749	-0.305465	-0.537894	-0.232429	1.0000	4
chr7:93000000-93500000	chr7	93000000	93500000	0.130474	0.080386	-0.0500875	0.390284	0.512716	0.122432	1.0000	4
chr7:93500000-94000000	chr7	93500000	94000000	0.218795	0.369587	0.150792	0.644461	0.631574	-0.0128871	1.0000	4
chr7:94000000-94500000	chr7	94000000	94500000	-0.382599	-0.285991	0.0966083	-0.0408159	-0.111422	-0.0706057	1.0000	2
chr7:94500000-95000000	chr7	94500000	95000000	0.242255	0.136727	-0.105528	0.390037	0.348704	-0.0413334	1.0000	4
chr7:95000000-95500000	chr7	95000000	95500000	0.54959	0.568851	0.0192611	0.762348	0.640361	-0.121987	1.0000	4
chr7:95500000-96000000	chr7	95500000	96000000	0.959308	0.934751	-0.0245569	0.927319	1.10909	0.181774	1.0000	2
chr7:96000000-96500000	chr7	96000000	96500000	0.797557	0.6406	-0.156957	1.05955	0.945338	-0.114207	1.0000	1
chr7:96500000-97000000	chr7	96500000	97000000	0.977261	1.07245	0.0951887	0.900054	1.0333	0.13325	1.0000	1
chr7:97000000-97500000	chr7	97000000	97500000	1.13515	1.22492	0.0897684	0.886107	1.13715	0.251046	1.0000	3
chr7:97500000-98000000	chr7	97500000	98000000	1.19118	1.16413	-0.0270526	1.0993	1.01614	-0.0831531	1.0000	3
chr7:98000000-98500000	chr7	98000000	98500000	0.467667	0.0247691	-0.442898	0.0625093	0.0582087	-0.00430054	1.0000	5
chr7:98500000-99000000	chr7	98500000	99000000	0.566529	0.449283	-0.117247	0.0824499	-0.0776609	-0.160111	1.0000	3
chr7:99000000-99500000	chr7	99000000	99500000	-0.646258	-0.602291	0.0439669	-0.726069	-0.839083	-0.113013	1.0000	11
chr7:99500000-100000000	chr7	99500000	100000000	-0.295761	-0.478967	-0.183206	-0.661523	-0.839696	-0.178174	1.0000	14
chr7:100000000-100500000	chr7	100000000	100500000	-0.857217	-0.924794	-0.0675764	-0.933704	-0.935763	-0.00205935	1.0000	24
chr7:100500000-101000000	chr7	100500000	101000000	-0.675088	-0.938676	-0.263588	-0.851961	-0.847819	0.0041427	0.9400	21
chr7:101000000-101500000	chr7	101000000	101500000	-0.689792	-0.903639	-0.213847	-1.06804	-0.978452	0.0895852	0.9800	13
chr7:101500000-102000000	chr7	101500000	102000000	-0.751404	-0.718124	0.0332799	-1.14351	-1.02522	0.118289	1.0000	2
chr7:102000000-102500000	chr7	102000000	102500000	-0.714248	-0.615411	0.0988366	-0.838367	-1.03125	-0.192886	0.9400	7
chr7:102500000-103000000	chr7	102500000	103000000	-0.199893	-0.437342	-0.23745	-0.0208033	-0.35726	-0.336457	0.6200	10
chr7:103000000-103500000	chr7	103000000	103500000	0.203668	0.0711582	-0.13251	0.319801	0.0423256	-0.277476	1.0000	7
chr7:103500000-104000000	chr7	103500000	104000000	0.422191	0.304571	-0.11762	0.737785	0.463329	-0.274456	1.0000	1
chr7:104000000-104500000	chr7	104000000	104500000	0.940074	0.725099	-0.214975	0.909126	1.02704	0.117911	1.0000	2
chr7:104500000-105000000	chr7	104500000	105000000	0.701939	0.91831	0.216371	0.591877	0.852337	0.26046	1.0000	0
chr7:105000000-105500000	chr7	105000000	105500000	-0.937741	-1.04525	-0.107509	-1.07599	-1.22619	-0.150198	1.0000	2
chr7:105500000-106000000	chr7	105500000	106000000	-0.366652	-0.65067	-0.284018	-0.695945	-0.866818	-0.170873	1.0000	5
chr7:106000000-106500000	chr7	106000000	106500000	-0.65376	-0.669735	-0.0159753	-0.77943	-0.946074	-0.166644	1.0000	2
chr7:106500000-107000000	chr7	106500000	107000000	-0.664744	-0.504464	0.160279	-0.611024	-0.860353	-0.249329	1.0000	2
chr7:107000000-107500000	chr7	107000000	107500000	-1.0612	-1.21394	-0.15274	-0.920594	-0.924006	-0.00341171	1.0000	3
chr7:107500000-108000000	chr7	107500000	108000000	-0.965024	-1.17071	-0.205686	-0.880727	-0.875389	0.00533862	1.0000	7
chr7:108000000-108500000	chr7	108000000	108500000	-0.33873	-0.381625	-0.042895	-0.392968	-0.561404	-0.168436	1.0000	3
chr7:108500000-109000000	chr7	108500000	109000000	0.57135	0.733713	0.162363	0.682933	0.676505	-0.00642807	1.0000	3
chr7:109000000-109500000	chr7	109000000	109500000	0.656034	1.01653	0.360498	0.87994	1.31031	0.430369	1.0000	0
chr7:109500000-110000000	chr7	109500000	110000000	0.653987	0.748624	0.0946364	0.903322	1.14011	0.236787	1.0000	0
chr7:110000000-110500000	chr7	110000000	110500000	0.57363	0.5524	-0.0212302	0.663818	0.894514	0.230696	1.0000	0
chr7:110500000-111000000	chr7	110500000	111000000	0.544831	0.637032	0.0922009	0.734847	0.974311	0.239464	1.0000	0
chr7:111000000-111500000	chr7	111000000	111500000	0.0718779	-0.111331	-0.183209	0.326082	0.227798	-0.098284	1.0000	1
chr7:111500000-112000000	chr7	111500000	112000000	0.283739	0.153608	-0.130131	0.239818	-0.0791574	-0.318976	1.0000	1
chr7:112000000-112500000	chr7	112000000	112500000	-0.182199	-0.605346	-0.423147	-0.0637098	-0.37539	-0.31168	1.0000	5
chr7:112500000-113000000	chr7	112500000	113000000	0.0295353	0.0162396	-0.0132957	0.153435	0.28081	0.127375	1.0000	2
chr7:113000000-113500000	chr7	113000000	113500000	0.0832682	0.536381	0.453113	0.385485	0.687058	0.301573	1.0000	2
chr7:113500000-114000000	chr7	113500000	114000000	0.576509	0.858962	0.282453	0.70412	1.08885	0.384729	1.0000	1
chr7:114000000-114500000	chr7	114000000	114500000	0.447518	0.699423	0.251906	0.889217	1.15891	0.269698	1.0000	1
chr7:114500000-115000000	chr7	114500000	115000000	0.206841	0.0281324	-0.178708	0.45436	0.343142	-0.111218	1.0000	1
chr7:115000000-115500000	chr7	115000000	115500000	-0.299731	-0.268035	0.0316953	0.125342	0.172487	0.0471449	1.0000	0
chr7:115500000-116000000	chr7	115500000	116000000	0.18695	0.182294	-0.00465598	0.602929	0.346752	-0.256178	1.0000	0
chr7:116000000-116500000	chr7	116000000	116500000	-0.944952	-0.949239	-0.0042871	-0.638388	-0.705143	-0.0667545	1.0000	3
chr7:116500000-117000000	chr7	116500000	117000000	-0.936496	-1.01686	-0.0803637	-0.771083	-0.71902	0.0520636	1.0000	4
chr7:117000000-117500000	chr7	117000000	117500000	-0.432298	-0.314222	0.118076	-0.385059	-0.306229	0.07883	1.0000	3
chr7:117500000-118000000	chr7	117500000	118000000	0.446488	0.384734	-0.061754	0.63158	0.77802	0.14644	1.0000	1
chr7:118000000-118500000	chr7	118000000	118500000	0.543389	0.831999	0.28861	0.905937	1.17886	0.272925	1.0000	2
chr7:118500000-119000000	chr7	118500000	119000000	0.73551	1.10138	0.365872	1.1009	1.51013	0.409231	1.0000	0
chr7:119000000-119500000	chr7	119000000	119500000	0.632197	1.2168	0.584599	0.930267	1.54599	0.615722	1.0000	0
chr7:119500000-120000000	chr7	119500000	120000000	0.196946	0.447772	0.250827	0.590245	0.877477	0.287232	1.0000	0
chr7:120000000-120500000	chr7	120000000	120500000	0.590828	0.872695	0.281867	0.890444	1.3573	0.466857	1.0000	1
chr7:120500000-121000000	chr7	120500000	121000000	0.506726	0.583998	0.077272	0.858612	0.893038	0.034426	1.0000	3
chr7:121000000-121500000	chr7	121000000	121500000	0.104539	-0.0679794	-0.172519	0.335998	0.217543	-0.118455	1.0000	2
chr7:121500000-122000000	chr7	121500000	122000000	0.693809	0.922214	0.228405	0.735183	1.05593	0.320749	1.0000	1
chr7:122000000-122500000	chr7	122000000	122500000	0.926937	0.897943	-0.028994	0.847593	1.23231	0.384718	1.0000	2
chr7:122500000-123000000	chr7	122500000	123000000	1.06532	1.29981	0.234491	1.20695	1.74692	0.539979	1.0000	4
chr7:123000000-123500000	chr7	123000000	123500000	0.783432	1.19039	0.40696	0.968934	1.25015	0.281217	1.0000	1
chr7:123500000-124000000	chr7	123500000	124000000	-0.0991093	0.179155	0.278264	0.371983	0.459067	0.087085	1.0000	7
chr7:124000000-124500000	chr7	124000000	124500000	0.52358	0.673956	0.150376	0.693649	0.964765	0.271117	1.0000	2
chr7:124500000-125000000	chr7	124500000	125000000	0.286215	0.435557	0.149342	0.871904	0.715701	-0.156203	1.0000	2
chr7:125000000-125500000	chr7	125000000	125500000	0.794075	1.04758	0.253504	1.11056	1.4586	0.348039	1.0000	0
chr7:125500000-126000000	chr7	125500000	126000000	0.601477	0.992578	0.391101	0.912775	1.51689	0.604117	1.0000	0
chr7:126000000-126500000	chr7	126000000	126500000	0.724419	0.934283	0.209864	1.00275	1.41603	0.41329	1.0000	0
chr7:126500000-127000000	chr7	126500000	127000000	0.746079	0.82628	0.0802011	0.8577	1.08033	0.222628	1.0000	0
chr7:127000000-127500000	chr7	127000000	127500000	0.691443	0.873415	0.181972	0.73892	1.04487	0.305953	1.0000	2
chr7:127500000-128000000	chr7	127500000	128000000	-0.44926	-0.264285	0.184974	-0.491763	-0.601143	-0.10938	1.0000	5
chr7:128000000-128500000	chr7	128000000	128500000	-0.511071	-0.541568	-0.0304973	-0.691149	-0.693156	-0.00200709	1.0000	7
chr7:128500000-129000000	chr7	128500000	129000000	-0.90369	-0.839181	0.0645087	-1.00266	-1.15573	-0.153071	1.0000	10
chr7:129000000-129500000	chr7	129000000	129500000	-1.20275	-1.07045	0.1323	-1.37315	-1.3174	0.0557487	1.0000	5
chr7:129500000-130000000	chr7	129500000	130000000	-1.24845	-1.11061	0.13784	-1.13047	-1.35638	-0.225905	1.0000	3
chr7:130000000-130500000	chr7	130000000	130500000	-0.876491	-0.856735	0.0197557	-1.01387	-1.18612	-0.172256	1.0000	10
chr7:130500000-131000000	chr7	130500000	131000000	-0.864238	-1.01311	-0.148868	-0.881646	-1.2038	-0.32215	1.0000	3
chr7:131000000-131500000	chr7	131000000	131500000	-1.33653	-1.34218	-0.00564672	-1.18255	-1.2096	-0.0270422	1.0000	1
chr7:131500000-132000000	chr7	131500000	132000000	0.368666	0.0583305	-0.310336	-0.0641181	-0.301276	-0.237158	1.0000	1
chr7:132000000-132500000	chr7	132000000	132500000	0.795938	0.64795	-0.147988	0.557217	0.264087	-0.293131	1.0000	0
chr7:132500000-133000000	chr7	132500000	133000000	0.188043	0.0848187	-0.103224	-0.057001	-0.19429	-0.137289	1.0000	1
chr7:133000000-133500000	chr7	133000000	133500000	-0.229848	-0.241986	-0.0121384	-0.212047	-0.378883	-0.166836	1.0000	2
chr7:133500000-134000000	chr7	133500000	134000000	-0.226748	-0.507932	-0.281184	-0.447479	-0.542519	-0.0950408	1.0000	0
chr7:134000000-134500000	chr7	134000000	134500000	0.0435814	-0.00129696	-0.0448784	-0.239847	-0.137116	0.102732	1.0000	3
chr7:134500000-135000000	chr7	134500000	135000000	-0.821876	-0.947585	-0.125709	-0.908966	-0.842699	0.0662674	1.0000	5
chr7:135000000-135500000	chr7	135000000	135500000	-0.634173	-0.552354	0.0818194	-0.731051	-0.600719	0.130332	1.0000	4
chr7:135500000-136000000	chr7	135500000	136000000	-0.452659	-0.574955	-0.122296	-0.458417	-0.657281	-0.198864	1.0000	6
chr7:136000000-136500000	chr7	136000000	136500000	0.0366117	0.359071	0.32246	0.18124	0.204106	0.0228657	1.0000	0
chr7:136500000-137000000	chr7	136500000	137000000	-0.448205	-0.408238	0.0399666	-0.26291	-0.112438	0.150472	1.0000	1
chr7:137000000-137500000	chr7	137000000	137500000	-0.597461	-0.522505	0.0749559	-0.566062	-0.662342	-0.0962806	1.0000	1
chr7:137500000-138000000	chr7	137500000	138000000	-0.673626	-0.632292	0.0413349	-0.805626	-0.753728	0.0518972	1.0000	1
chr7:138000000-138500000	chr7	138000000	138500000	-0.19014	0.0551821	0.245322	-0.116739	-0.186067	-0.0693278	1.0000	3
chr7:138500000-139000000	chr7	138500000	139000000	-0.0449174	-0.205788	-0.160871	-0.175954	-0.314111	-0.138157	1.0000	4
chr7:139000000-139500000	chr7	139000000	139500000	-0.705757	-0.856242	-0.150484	-0.733092	-0.887984	-0.154892	1.0000	7
chr7:139500000-140000000	chr7	139500000	140000000	-0.216979	-0.537353	-0.320374	-0.583424	-0.972243	-0.388819	1.0000	3
chr7:140000000-140500000	chr7	140000000	140500000	-0.286637	-0.506355	-0.219718	-0.309087	-0.704422	-0.395335	1.0000	5
chr7:140500000-141000000	chr7	140500000	141000000	0.175142	-0.0555433	-0.230685	0.0543232	-0.109059	-0.163382	1.0000	4
chr7:141000000-141500000	chr7	141000000	141500000	1.41188	1.57722	0.165343	1.2497	1.09401	-0.155693	1.0000	2
chr7:141500000-142000000	chr7	141500000	142000000	1.11277	0.893018	-0.219751	0.933258	1.01777	0.0845091	1.0000	12
chr7:142000000-142500000	chr7	142000000	142500000	1.23895	1.12796	-0.110995	1.15203	1.12864	-0.0233891	1.0000	2
chr7:142500000-143000000	chr7	142500000	143000000	0.95789	1.0527	0.0948108	0.893796	0.896789	0.00299256	0.9800	7
chr7:143000000-143500000	chr7	143000000	143500000	0.988123	0.78373	-0.204394	0.858727	0.744421	-0.114306	1.0000	14
chr7:143500000-144000000	chr7	143500000	144000000	0.269379	0.137556	-0.131823	0.453209	0.570185	0.116976	0.9000	6
chr7:144000000-144500000	chr7	144000000	144500000	0.95474	1.10755	0.152808	0.950044	1.21513	0.265084	0.6000	14
chr7:144500000-145000000	chr7	144500000	145000000	1.0879	1.27692	0.189022	0.976462	1.56555	0.589086	1.0000	1
chr7:145000000-145500000	chr7	145000000	145500000	0.758615	1.23803	0.479414	1.16077	1.44544	0.284665	1.0000	0
chr7:145500000-146000000	chr7	145500000	146000000	0.761523	1.03699	0.275465	0.968484	1.22883	0.260345	0.9800	0
chr7:146000000-146500000	chr7	146000000	146500000	0.593865	0.878583	0.284718	0.637827	1.1155	0.477672	0.9600	1
chr7:146500000-147000000	chr7	146500000	147000000	0.506626	0.801041	0.294414	0.66911	1.04325	0.374139	1.0000	0
chr7:147000000-147500000	chr7	147000000	147500000	0.37951	0.672708	0.293198	0.719681	0.952655	0.232974	1.0000	0
chr7:147500000-148000000	chr7	147500000	148000000	0.836761	1.16541	0.328653	0.914843	1.06357	0.148727	1.0000	0
chr7:148000000-148500000	chr7	148000000	148500000	0.648727	0.879483	0.230757	1.00913	0.739679	-0.269454	1.0000	0
chr7:148500000-149000000	chr7	148500000	149000000	-0.235677	-0.243379	-0.00770212	-0.0673093	-0.133245	-0.0659354	1.0000	3
chr7:149000000-149500000	chr7	149000000	149500000	-0.091781	-0.100949	-0.00916786	-0.0443889	-0.195198	-0.150809	1.0000	9
chr7:149500000-150000000	chr7	149500000	150000000	0.496535	0.313872	-0.182663	0.152278	0.394958	0.24268	1.0000	4
chr7:150000000-150500000	chr7	150000000	150500000	0.755934	0.91496	0.159026	0.786732	0.841728	0.0549956	1.0000	7
chr7:150500000-151000000	chr7	150500000	151000000	0.759641	0.991195	0.231553	0.603911	0.815602	0.21169	1.0000	11
chr7:151000000-151500000	chr7	151000000	151500000	-0.361362	-0.345402	0.0159593	-0.536334	-0.510041	0.0262924	1.0000	19
chr7:151500000-152000000	chr7	151500000	152000000	-0.538451	-0.411261	0.127189	-0.551594	-0.890327	-0.338734	1.0000	3
chr7:152000000-152500000	chr7	152000000	152500000	-0.563875	-0.589414	-0.0255393	-0.694368	-0.612714	0.0816539	0.8600	2
chr7:152500000-153000000	chr7	152500000	153000000	0.424636	0.325713	-0.0989235	0.23228	-0.0408482	-0.273128	1.0000	2
chr7:153000000-153500000	chr7	153000000	153500000	1.35213	1.50945	0.157321	1.00317	1.27202	0.268854	1.0000	0
chr7:153500000-154000000	chr7	153500000	154000000	1.12996	1.49223	0.362264	1.08423	1.26263	0.1784	1.0000	0
chr7:154000000-154500000	chr7	154000000	154500000	1.47224	1.27769	-0.194548	0.810959	1.13643	0.325467	1.0000	1
chr7:154500000-155000000	chr7	154500000	155000000	1.37112	1.31379	-0.0573333	1.14598	1.23586	0.0898763	1.0000	0
chr7:155000000-155500000	chr7	155000000	155500000	1.18176	0.991447	-0.190313	0.820632	0.755146	-0.0654865	1.0000	4
chr7:155500000-156000000	chr7	155500000	156000000	0.976425	0.729046	-0.247379	0.742138	0.736872	-0.00526613	1.0000	3
chr7:156000000-156500000	chr7	156000000	156500000	1.33317	1.45965	0.126481	1.14878	1.14476	-0.00402561	1.0000	0
chr7:156500000-157000000	chr7	156500000	157000000	0.704492	0.473223	-0.231269	0.58389	0.722883	0.138993	1.0000	3
chr7:157000000-157500000	chr7	157000000	157500000	0.317285	0.165108	-0.152177	0.0734092	0.0775662	0.00415701	1.0000	3
chr7:157500000-158000000	chr7	157500000	158000000	1.2183	0.982798	-0.235503	0.688242	1.07872	0.390475	1.0000	0
chr7:158000000-158500000	chr7	158000000	158500000	1.32085	1.19691	-0.123942	0.842563	1.10051	0.257942	0.9400	0
chr7:158500000-159000000	chr7	158500000	159000000	0.69541	0.48037	-0.21504	0.628899	0.64289	0.0139914	0.9200	4
chr7:159000000-159345973	chr7	159000000	159345973	1.11821	1.26024	0.142028	0.993284	1.31871	0.325425	0.8093	1
chr8:0-500000	chr8	0	500000	nan	nan	nan	nan	nan	nan	0.0000	3
chr8:500000-1000000	chr8	500000	1000000	nan	nan	nan	nan	nan	nan	0.0000	3
chr8:1000000-1500000	chr8	1000000	1500000	nan	nan	nan	nan	nan	nan	0.0000	0
chr8:1500000-2000000	chr8	1500000	2000000	nan	nan	nan	nan	nan	nan	0.0000	3
chr8:2000000-2500000	chr8	2000000	2500000	nan	nan	nan	nan	nan	nan	0.0000	1
chr8:2500000-3000000	chr8	2500000	3000000	nan	nan	nan	nan	nan	nan	0.0000	0
chr8:3000000-3500000	chr8	3000000	3500000	0.783027	0.974094	0.191067	0.50097	0.832178	0.331208	0.9200	0
chr8:3500000-4000000	chr8	3500000	4000000	0.877523	1.02789	0.150369	0.688143	1.07273	0.384585	1.0000	0
chr8:4000000-4500000	chr8	4000000	4500000	0.625621	0.930582	0.304961	0.533291	0.909726	0.376435	1.0000	0
chr8:4500000-5000000	chr8	4500000	5000000	0.571827	0.882076	0.310249	0.64703	1.00474	0.357709	1.0000	1
chr8:5000000-5500000	chr8	5000000	5500000	0.922617	1.14381	0.221188	1.10043	1.35683	0.2564	1.0000	0
chr8:5500000-6000000	chr8	5500000	6000000	0.950945	1.16868	0.217736	0.967287	1.14431	0.177025	1.0000	0
chr8:6000000-6500000	chr8	6000000	6500000	1.07571	0.988489	-0.0872182	0.925409	0.780501	-0.144908	1.0000	1
chr8:6500000-7000000	chr8	6500000	7000000	0.957036	0.567554	-0.389482	0.587101	0.662013	0.0749119	1.0000	8
chr8:7000000-7500000	chr8	7000000	7500000	nan	nan	nan	nan	nan	nan	0.4200	18
chr8:7500000-8000000	chr8	7500000	8000000	nan	nan	nan	nan	nan	nan	0.0400	24
chr8:8000000-8500000	chr8	8000000	8500000	-0.471441	-0.555489	-0.0840474	-0.449166	-0.403055	0.0461107	0.6600	4
chr8:8500000-9000000	chr8	8500000	9000000	-0.554144	-0.577376	-0.023231	-0.569605	-0.676775	-0.10717	1.0000	2
chr8:9000000-9500000	chr8	9000000	9500000	0.350772	0.219553	-0.131218	0.281123	0.0603168	-0.220806	1.0000	2
chr8:9500000-10000000	chr8	9500000	10000000	0.403531	0.383985	-0.0195457	0.427335	0.360793	-0.0665425	1.0000	1
chr8:10000000-10500000	chr8	10000000	10500000	1.22796	0.899433	-0.328531	0.918691	0.854021	-0.0646704	1.0000	1
chr8:10500000-11000000	chr8	10500000	11000000	1.00009	0.522356	-0.477732	0.534204	0.362311	-0.171893	1.0000	5
chr8:11000000-11500000	chr8	11000000	11500000	0.34727	0.056789	-0.290481	0.0958836	0.0957303	-0.000153314	1.0000	5
chr8:11500000-12000000	chr8	11500000	12000000	-0.458632	-0.496718	-0.038086	-0.442491	-0.518671	-0.0761808	1.0000	6
chr8:12000000-12500000	chr8	12000000	12500000	nan	nan	nan	nan	nan	nan	0.2600	8
chr8:12500000-13000000	chr8	12500000	13000000	0.0662421	0.333164	0.266922	0.183482	0.107099	-0.0763834	0.7600	2
chr8:13000000-13500000	chr8	13000000	13500000	-0.958475	-0.891981	0.0664939	-0.604824	-0.666569	-0.0617446	1.0000	0
chr8:13500000-14000000	chr8	13500000	14000000	0.211936	0.145819	-0.0661166	0.223026	0.517424	0.294398	1.0000	2
chr8:14000000-14500000	chr8	14000000	14500000	0.711418	0.985233	0.273816	0.924452	1.44248	0.518032	1.0000	0
chr8:14500000-15000000	chr8	14500000	15000000	0.65242	0.906503	0.254083	0.937865	1.30736	0.369492	1.0000	0
chr8:15000000-15500000	chr8	15000000	15500000	0.504717	0.69722	0.192503	0.653479	0.788754	0.135275	1.0000	1
chr8:15500000-16000000	chr8	15500000	16000000	0.30111	0.325964	0.0248542	0.375333	0.36592	-0.00941246	1.0000	1
chr8:16000000-16500000	chr8	16000000	16500000	0.0179969	-0.0533479	-0.0713449	0.0614221	0.372541	0.311119	1.0000	1
chr8:16500000-17000000	chr8	16500000	17000000	-0.450397	-0.472984	-0.0225866	-0.369137	-0.200424	0.168712	1.0000	0
chr8:17000000-17500000	chr8	17000000	17500000	-0.738866	-0.984948	-0.246082	-0.623021	-0.684936	-0.0619151	1.0000	7
chr8:17500000-18000000	chr8	17500000	18000000	-1.15969	-0.96351	0.196183	-0.745899	-0.926276	-0.180377	1.0000	4
chr8:18000000-18500000	chr8	18000000	18500000	-0.223922	-0.283921	-0.0599987	-0.288097	-0.461905	-0.173808	1.0000	3
chr8:18500000-19000000	chr8	18500000	19000000	-0.70811	-0.644123	0.0639868	-0.666403	-0.866337	-0.199934	1.0000	0
chr8:19000000-19500000	chr8	19000000	19500000	-0.715769	-0.696912	0.0188575	-0.70863	-1.04125	-0.332619	1.0000	2
chr8:19500000-20000000	chr8	19500000	20000000	-0.156814	-0.270359	-0.113545	-0.403897	-0.442148	-0.0382512	1.0000	3
chr8:20000000-20500000	chr8	20000000	20500000	0.209984	0.0827623	-0.127222	-0.07116	-0.249365	-0.178205	1.0000	3
chr8:20500000-21000000	chr8	20500000	21000000	0.869678	1.14546	0.27578	0.807342	0.731698	-0.0756443	1.0000	0
chr8:21000000-21500000	chr8	21000000	21500000	0.909085	0.920728	0.0116425	0.67686	0.698222	0.0213622	1.0000	0
chr8:21500000-22000000	chr8	21500000	22000000	0.72078	0.582067	-0.138714	0.315961	0.243758	-0.0722032	1.0000	3
chr8:22000000-22500000	chr8	22000000	22500000	-0.681219	-0.826949	-0.14573	-0.86473	-1.00739	-0.142664	1.0000	16
chr8:22500000-23000000	chr8	22500000	23000000	-0.672887	-0.716218	-0.0433314	-1.02524	-0.861236	0.164004	1.0000	8
chr8:23000000-23500000	chr8	23000000	23500000	-0.832267	-0.820975	0.011292	-0.817503	-0.782414	0.035089	1.0000	8
chr8:23500000-24000000	chr8	23500000	24000000	-0.326348	-0.414778	-0.0884303	-0.277409	-0.618526	-0.341116	1.0000	4
chr8:24000000-24500000	chr8	24000000	24500000	0.0128297	0.0986119	0.0857822	0.0447913	0.142882	0.0980911	1.0000	3
chr8:24500000-25000000	chr8	24500000	25000000	0.490262	0.457922	-0.0323401	0.469366	0.557888	0.0885223	1.0000	2
chr8:25000000-25500000	chr8	25000000	25500000	-0.352886	-0.349837	0.00304892	-0.424625	-0.506122	-0.0814969	1.0000	4
chr8:25500000-26000000	chr8	25500000	26000000	0.580645	0.573388	-0.00725747	0.538721	0.248343	-0.290378	1.0000	0
chr8:26000000-26500000	chr8	26000000	26500000	-0.367343	-0.273055	0.0942874	-0.333825	-0.500455	-0.166629	1.0000	3
chr8:26500000-27000000	chr8	26500000	27000000	0.281294	0.365614	0.0843194	0.420794	0.430036	0.00924165	1.0000	3
chr8:27000000-27500000	chr8	27000000	27500000	0.620008	0.313862	-0.306146	0.296579	0.361978	0.0653992	1.0000	5
chr8:27500000-28000000	chr8	27500000	28000000	0.294992	0.00926632	-0.285726	0.132869	-0.0470499	-0.179919	1.0000	6
chr8:28000000-28500000	chr8	28000000	28500000	-0.185887	-0.566379	-0.380492	-0.342702	-0.715838	-0.373136	1.0000	6
chr8:28500000-29000000	chr8	28500000	29000000	-1.04588	-1.05452	-0.00863962	-1.12004	-1.27814	-0.158095	1.0000	3
chr8:29000000-29500000	chr8	29000000	29500000	-1.19808	-0.946569	0.251515	-0.9243	-1.25544	-0.331137	1.0000	2
chr8:29500000-30000000	chr8	29500000	30000000	-0.821426	-0.834859	-0.0134338	-1.1202	-1.31059	-0.190395	1.0000	0
chr8:30000000-30500000	chr8	30000000	30500000	-1.09422	-1.18193	-0.0877173	-1.23395	-1.23065	0.00330124	1.0000	5
chr8:30500000-31000000	chr8	30500000	31000000	-0.557656	-0.612558	-0.0549016	-0.630482	-0.627188	0.00329434	1.0000	6
chr8:31000000-31500000	chr8	31000000	31500000	0.484423	0.363908	-0.120515	0.416878	0.383253	-0.0336243	1.0000	2
chr8:31500000-32000000	chr8	31500000	32000000	0.51909	0.521635	0.00254464	0.549097	0.563993	0.0148965	1.0000	0
chr8:32000000-32500000	chr8	32000000	32500000	0.232149	-0.152755	-0.384904	0.375773	0.0894304	-0.286342	1.0000	0
chr8:32500000-33000000	chr8	32500000	33000000	-0.60425	-0.520929	0.0833212	-0.36351	-0.414506	-0.0509967	1.0000	2
chr8:33000000-33500000	chr8	33000000	33500000	0.00376718	0.0519402	0.048173	0.140529	-0.225755	-0.366284	1.0000	2
chr8:33500000-34000000	chr8	33500000	34000000	0.896846	0.91563	0.0187842	0.712938	0.582194	-0.130744	1.0000	3
chr8:34000000-34500000	chr8	34000000	34500000	0.932638	1.11982	0.187185	1.03881	1.16951	0.130704	1.0000	0
chr8:34500000-35000000	chr8	34500000	35000000	0.609212	0.695936	0.0867232	0.756662	0.75093	-0.0057314	1.0000	0
chr8:35000000-35500000	chr8	35000000	35500000	0.220589	0.213163	-0.00742596	0.267228	0.194042	-0.0731861	1.0000	1
chr8:35500000-36000000	chr8	35500000	36000000	1.02068	0.913615	-0.107062	0.850262	0.858152	0.00789017	1.0000	0
chr8:36000000-36500000	chr8	36000000	36500000	1.23649	1.03138	-0.205102	0.982334	1.16941	0.18708	1.0000	0
chr8:36500000-37000000	chr8	36500000	37000000	0.225234	0.193941	-0.0312928	0.337731	0.45548	0.117749	1.0000	1
chr8:37000000-37500000	chr8	37000000	37500000	-0.0278021	-0.236101	-0.208299	-0.137201	-0.511351	-0.37415	1.0000	0
chr8:37500000-38000000	chr8	37500000	38000000	-0.449242	-0.434433	0.014809	-0.555186	-0.804065	-0.248879	1.0000	8
chr8:38000000-38500000	chr8	38000000	38500000	-1.0754	-1.03862	0.036778	-0.958517	-1.11395	-0.155438	1.0000	10
chr8:38500000-39000000	chr8	38500000	39000000	-0.844212	-0.843301	0.000911592	-0.957138	-1.0984	-0.141263	1.0000	5
chr8:39000000-39500000	chr8	39000000	39500000	-0.496204	-0.726216	-0.230013	-0.649613	-0.463666	0.185948	1.0000	1
chr8:39500000-40000000	chr8	39500000	40000000	-0.114273	-0.233572	-0.119299	-0.133906	-0.145349	-0.0114429	1.0000	4
chr8:40000000-40500000	chr8	40000000	40500000	-0.755545	-0.861474	-0.105929	-0.657517	-0.955843	-0.298326	1.0000	1
chr8:40500000-41000000	chr8	40500000	41000000	-0.194414	-0.598447	-0.404032	-0.400517	-0.712696	-0.312178	1.0000	1
chr8:41000000-41500000	chr8	41000000	41500000	-0.423704	-0.729875	-0.306171	-0.540141	-1.00896	-0.468824	1.0000	2
chr8:41500000-42000000	chr8	41500000	42000000	-0.546424	-0.603612	-0.0571878	-0.886387	-0.89422	-0.00783336	1.0000	4
chr8:42000000-42500000	chr8	42000000	42500000	-0.693281	-0.781346	-0.0880644	-1.04539	-0.926644	0.118749	1.0000	8
chr8:42500000-43000000	chr8	42500000	43000000	-0.734951	-0.748335	-0.0133841	-0.862413	-1.10849	-0.246075	1.0000	7
chr8:43000000-43500000	chr8	43000000	43500000	0.535275	0.590452	0.0551766	0.478268	0.562661	0.0843932	0.9200	4
chr8:43500000-44000000	chr8	43500000	44000000	0.861475	0.930921	0.0694459	0.914562	1.12755	0.212985	0.8600	0
chr8:44000000-44500000	chr8	44000000	44500000	nan	nan	nan	nan	nan	nan	0.0000	0
chr8:44500000-45000000	chr8	44500000	45000000	nan	nan	nan	nan	nan	nan	0.0000	0
chr8:45000000-45500000	chr8	45000000	45500000	nan	nan	nan	nan	nan	nan	0.0000	0
chr8:45500000-46000000	chr8	45500000	46000000	nan	nan	nan	nan	nan	nan	0.0600	0
chr8:46000000-46500000	chr8	46000000	46500000	1.67516	1.52174	-0.153415	1.1559	1.88981	0.733911	1.0000	0
chr8:46500000-47000000	chr8	46500000	47000000	1.26122	1.35934	0.0981123	1.14493	1.2054	0.0604706	0.9800	0
chr8:47000000-47500000	chr8	47000000	47500000	0.613533	0.518065	-0.0954683	0.286209	0.495686	0.209477	1.0000	1
chr8:47500000-48000000	chr8	47500000	48000000	0.115782	-0.262182	-0.377964	-0.331405	-0.0973321	0.234073	1.0000	3
chr8:48000000-48500000	chr8	48000000	48500000	-0.140164	-0.21506	-0.0748958	-0.313745	-0.38564	-0.071895	1.0000	1
chr8:48500000-49000000	chr8	48500000	49000000	-0.300841	-0.263084	0.0377571	-0.280916	-0.670217	-0.389301	1.0000	2
chr8:49000000-49500000	chr8	49000000	49500000	0.691196	1.11064	0.419442	0.609406	1.1241	0.514699	1.0000	1
chr8:49500000-50000000	chr8	49500000	50000000	0.775573	0.99662	0.221047	0.683344	1.12161	0.438268	1.0000	1
chr8:50000000-50500000	chr8	50000000	50500000	0.505939	0.94483	0.438891	0.728818	0.970896	0.242077	1.0000	0
chr8:50500000-51000000	chr8	50500000	51000000	0.586283	0.807728	0.221445	0.707123	1.1853	0.478181	1.0000	0
chr8:51000000-51500000	chr8	51000000	51500000	0.754884	0.655325	-0.0995593	0.645704	1.06026	0.414555	1.0000	0
chr8:51500000-52000000	chr8	51500000	52000000	0.644909	0.659492	0.0145826	0.705662	0.927073	0.221411	1.0000	2
chr8:52000000-52500000	chr8	52000000	52500000	0.866266	0.949043	0.0827773	0.957623	0.88888	-0.0687429	1.0000	1
chr8:52500000-53000000	chr8	52500000	53000000	0.195029	0.306888	0.111859	0.243319	0.299667	0.0563475	1.0000	3
chr8:53000000-53500000	chr8	53000000	53500000	1.31094	1.41693	0.105995	1.0918	1.29785	0.206049	1.0000	1
chr8:53500000-54000000	chr8	53500000	54000000	0.346084	0.219827	-0.126257	0.167195	0.025764	-0.141431	1.0000	2
chr8:54000000-54500000	chr8	54000000	54500000	0.272368	0.0964507	-0.175918	0.0296489	0.0466726	0.0170237	1.0000	4
chr8:54500000-55000000	chr8	54500000	55000000	0.744981	0.832319	0.0873373	0.439712	0.792126	0.352414	1.0000	1
chr8:55000000-55500000	chr8	55000000	55500000	1.25244	1.41492	0.162481	0.937873	1.35526	0.417389	1.0000	1
chr8:55500000-56000000	chr8	55500000	56000000	0.473056	0.394496	-0.0785601	0.705141	0.428268	-0.276874	1.0000	3
chr8:56000000-56500000	chr8	56000000	56500000	0.672132	0.773455	0.101322	0.717493	0.569856	-0.147638	1.0000	6
chr8:56500000-57000000	chr8	56500000	57000000	0.636269	0.620842	-0.0154268	0.626014	0.963179	0.337165	1.0000	1
chr8:57000000-57500000	chr8	57000000	57500000	0.915729	0.91908	0.00335176	0.652071	0.856793	0.204722	0.9600	0
chr8:57500000-58000000	chr8	57500000	58000000	0.145046	0.131346	-0.0137006	0.259054	0.171303	-0.0877514	1.0000	1
chr8:58000000-58500000	chr8	58000000	58500000	0.104572	-0.0375095	-0.142082	-0.0298276	0.0335271	0.0633548	1.0000	1
chr8:58500000-59000000	chr8	58500000	59000000	-0.196737	-0.371442	-0.174704	-0.201765	-0.218654	-0.0168888	1.0000	3
chr8:59000000-59500000	chr8	59000000	59500000	-0.0441242	0.00648913	0.0506133	0.326823	0.0680927	-0.25873	0.9800	1
chr8:59500000-60000000	chr8	59500000	60000000	0.152523	0.203865	0.0513419	0.297967	0.285482	-0.0124852	1.0000	0
chr8:60000000-60500000	chr8	60000000	60500000	0.829339	0.727296	-0.102043	0.888443	0.835087	-0.0533564	1.0000	1
chr8:60500000-61000000	chr8	60500000	61000000	-0.396405	-0.618255	-0.22185	-0.250382	-0.299597	-0.0492151	1.0000	2
chr8:61000000-61500000	chr8	61000000	61500000	0.832841	0.814621	-0.01822	0.667814	0.651059	-0.0167541	1.0000	1
chr8:61500000-62000000	chr8	61500000	62000000	0.108024	0.110197	0.00217303	0.0491124	0.277577	0.228464	1.0000	1
chr8:62000000-62500000	chr8	62000000	62500000	0.786893	1.12633	0.339435	0.834981	1.15159	0.31661	1.0000	1
chr8:62500000-63000000	chr8	62500000	63000000	1.06807	1.43596	0.367894	1.14567	1.30323	0.157566	1.0000	0
chr8:63000000-63500000	chr8	63000000	63500000	0.693768	0.597895	-0.0958738	0.852892	0.748234	-0.104658	1.0000	3
chr8:63500000-64000000	chr8	63500000	64000000	1.01063	1.14451	0.133883	0.981135	1.45392	0.472787	1.0000	0
chr8:64000000-64500000	chr8	64000000	64500000	1.06352	1.32444	0.260917	1.0524	1.50158	0.449181	1.0000	0
chr8:64500000-65000000	chr8	64500000	65000000	1.06692	1.13125	0.0643306	0.926783	1.40776	0.480977	1.0000	2
chr8:65000000-65500000	chr8	65000000	65500000	1.24086	1.48077	0.239911	1.13308	1.34125	0.208166	1.0000	0
chr8:65500000-66000000	chr8	65500000	66000000	0.26297	0.255872	-0.00709853	0.320371	0.31007	-0.0103008	1.0000	3
chr8:66000000-66500000	chr8	66000000	66500000	0.0979314	-0.00604955	-0.103981	0.0805875	0.0164868	-0.0641007	1.0000	6
chr8:66500000-67000000	chr8	66500000	67000000	-0.39007	-0.445666	-0.0555956	-0.293266	-0.554346	-0.26108	1.0000	5
chr8:67000000-67500000	chr8	67000000	67500000	-0.279288	-0.448539	-0.169251	-0.192825	-0.162452	0.030373	1.0000	4
chr8:67500000-68000000	chr8	67500000	68000000	0.93072	0.991121	0.0604009	0.92326	0.868918	-0.0543428	0.9600	2
chr8:68000000-68500000	chr8	68000000	68500000	1.00389	1.04697	0.0430819	1.05999	1.36348	0.303487	1.0000	1
chr8:68500000-69000000	chr8	68500000	69000000	-0.193012	-0.335749	-0.142737	-0.0506883	-0.0216426	0.0290457	1.0000	0
chr8:69000000-69500000	chr8	69000000	69500000	-0.354547	-0.30758	0.0469677	-0.302523	-0.189677	0.112846	1.0000	1
chr8:69500000-70000000	chr8	69500000	70000000	0.653794	0.621492	-0.0323027	0.464287	0.401838	-0.0624492	0.9600	1
chr8:70000000-70500000	chr8	70000000	70500000	0.119062	0.0578178	-0.0612441	0.121009	0.0809243	-0.0400849	1.0000	2
chr8:70500000-71000000	chr8	70500000	71000000	0.643394	0.798347	0.154954	0.675082	0.832975	0.157892	1.0000	3
chr8:71000000-71500000	chr8	71000000	71500000	0.819026	0.902972	0.083946	0.858817	1.03102	0.172208	0.9600	1
chr8:71500000-72000000	chr8	71500000	72000000	0.350697	0.427798	0.0771014	0.506613	0.410219	-0.0963932	1.0000	1
chr8:72000000-72500000	chr8	72000000	72500000	0.805323	1.05145	0.24613	0.888763	0.967948	0.0791855	1.0000	1
chr8:72500000-73000000	chr8	72500000	73000000	1.15034	1.2028	0.0524533	1.12107	1.31003	0.188961	1.0000	1
chr8:73000000-73500000	chr8	73000000	73500000	0.222826	0.132354	-0.0904717	-0.0593135	0.142616	0.20193	1.0000	5
chr8:73500000-74000000	chr8	73500000	74000000	-0.647391	-0.80309	-0.1557	-0.666742	-0.645598	0.0211439	1.0000	5
chr8:74000000-74500000	chr8	74000000	74500000	0.525635	0.387531	-0.138104	0.590935	0.45997	-0.130966	1.0000	2
chr8:74500000-75000000	chr8	74500000	75000000	0.437628	0.416997	-0.0206307	0.399499	0.561047	0.161549	1.0000	3
chr8:75000000-75500000	chr8	75000000	75500000	0.301681	0.562274	0.260594	0.602026	1.03885	0.436825	0.9800	0
chr8:75500000-76000000	chr8	75500000	76000000	0.176318	0.212208	0.0358898	0.453892	0.821137	0.367245	1.0000	1
chr8:76000000-76500000	chr8	76000000	76500000	0.0814318	0.214236	0.132804	0.475042	0.692705	0.217663	1.0000	0
chr8:76500000-77000000	chr8	76500000	77000000	-0.159975	-0.360893	-0.200918	-0.0158045	-0.124332	-0.108528	1.0000	1
chr8:77000000-77500000	chr8	77000000	77500000	0.0842256	0.18136	0.0971346	0.229874	0.644525	0.414651	1.0000	1
chr8:77500000-78000000	chr8	77500000	78000000	0.847157	1.1219	0.274746	1.05429	1.78879	0.734505	1.0000	0
chr8:78000000-78500000	chr8	78000000	78500000	0.826036	0.968394	0.142358	1.08869	1.32201	0.233321	1.0000	0
chr8:78500000-79000000	chr8	78500000	79000000	0.260316	0.279599	0.0192839	0.540196	0.535881	-0.00431465	1.0000	3
chr8:79000000-79500000	chr8	79000000	79500000	0.38665	0.367983	-0.0186665	0.500384	0.277862	-0.222522	1.0000	0
chr8:79500000-80000000	chr8	79500000	80000000	-0.38494	-0.517627	-0.132687	-0.0316388	-0.300326	-0.268687	1.0000	2
chr8:80000000-80500000	chr8	80000000	80500000	-0.00443491	-0.242697	-0.238262	-0.248836	-0.37916	-0.130324	1.0000	3
chr8:80500000-81000000	chr8	80500000	81000000	0.195788	-0.0601126	-0.255901	-0.0113054	-0.13433	-0.123025	1.0000	1
chr8:81000000-81500000	chr8	81000000	81500000	-0.336282	-0.418107	-0.0818249	-0.478318	-0.206	0.272318	1.0000	5
chr8:81500000-82000000	chr8	81500000	82000000	0.269148	0.207371	-0.0617774	0.195459	0.327392	0.131934	0.9600	6
chr8:82000000-82500000	chr8	82000000	82500000	0.295755	0.266528	-0.0292267	0.355882	0.797538	0.441655	1.0000	0
chr8:82500000-83000000	chr8	82500000	83000000	-0.329466	-0.222464	0.107002	-0.0677952	0.27161	0.339405	1.0000	0
chr8:83000000-83500000	chr8	83000000	83500000	0.417951	0.392258	-0.0256926	0.447509	0.823899	0.37639	1.0000	0
chr8:83500000-84000000	chr8	83500000	84000000	0.38938	0.86404	0.474661	0.657594	1.16225	0.504651	1.0000	0
chr8:84000000-84500000	chr8	84000000	84500000	0.452451	0.859371	0.406921	0.685815	1.26891	0.5831	1.0000	1
chr8:84500000-85000000	chr8	84500000	85000000	0.656939	1.08751	0.430575	1.03284	1.25634	0.223501	1.0000	0
chr8:85000000-85500000	chr8	85000000	85500000	0.516656	0.661017	0.144361	0.751918	0.918077	0.166159	1.0000	7
chr8:85500000-86000000	chr8	85500000	86000000	0.542206	1.12551	0.583305	0.669541	0.89494	0.225399	0.6200	0
chr8:86000000-86500000	chr8	86000000	86500000	0.119494	0.237203	0.117709	0.3328	0.315398	-0.017402	1.0000	4
chr8:86500000-87000000	chr8	86500000	87000000	1.02993	0.973663	-0.0562673	1.089	1.21839	0.129384	1.0000	4
chr8:87000000-87500000	chr8	87000000	87500000	0.729131	1.22913	0.499997	0.860095	1.45158	0.59148	1.0000	0
chr8:87500000-88000000	chr8	87500000	88000000	0.374365	0.372896	-0.0014693	0.470906	0.524413	0.0535074	1.0000	1
chr8:88000000-88500000	chr8	88000000	88500000	-0.336814	-0.246078	0.090736	0.0718278	0.0186401	-0.0531876	1.0000	1
chr8:88500000-89000000	chr8	88500000	89000000	0.0802298	-0.237369	-0.317599	0.316367	0.170625	-0.145742	0.9600	0
chr8:89000000-89500000	chr8	89000000	89500000	0.121822	0.0561932	-0.0656291	0.218199	0.182222	-0.0359765	1.0000	0
chr8:89500000-90000000	chr8	89500000	90000000	-0.474526	-0.641355	-0.166829	-0.0115174	-0.221246	-0.209729	1.0000	3
chr8:90000000-90500000	chr8	90000000	90500000	0.437724	0.474429	0.0367047	0.440069	0.713944	0.273876	1.0000	2
chr8:90500000-91000000	chr8	90500000	91000000	-0.0934955	0.000635696	0.0941312	0.246722	0.266331	0.0196086	1.0000	3
chr8:91000000-91500000	chr8	91000000	91500000	0.108739	0.135863	0.0271249	0.265962	0.264143	-0.00181925	1.0000	4
chr8:91500000-92000000	chr8	91500000	92000000	0.172109	0.606873	0.434765	0.127775	0.335083	0.207309	1.0000	0
chr8:92000000-92500000	chr8	92000000	92500000	-0.466095	-0.529234	-0.0631387	-0.28684	-0.410952	-0.124112	1.0000	1
chr8:92500000-93000000	chr8	92500000	93000000	-0.730568	-0.747187	-0.0166191	-0.403193	-0.467245	-0.0640526	1.0000	1
chr8:93000000-93500000	chr8	93000000	93500000	0.348414	0.449014	0.1006	0.399627	0.246576	-0.153051	1.0000	0
chr8:93500000-94000000	chr8	93500000	94000000	-0.524255	-0.482744	0.041511	-0.447223	-0.559646	-0.112423	1.0000	4
chr8:94000000-94500000	chr8	94000000	94500000	-0.82546	-0.906036	-0.0805756	-1.15358	-1.17008	-0.0165026	1.0000	4
chr8:94500000-95000000	chr8	94500000	95000000	-0.861389	-0.902273	-0.0408841	-0.976552	-1.04908	-0.072526	1.0000	6
chr8:95000000-95500000	chr8	95000000	95500000	-0.520388	-0.792927	-0.272539	-0.740785	-0.922748	-0.181964	1.0000	3
chr8:95500000-96000000	chr8	95500000	96000000	-0.59262	-1.01528	-0.422662	-0.822691	-0.906456	-0.0837646	1.0000	0
chr8:96000000-96500000	chr8	96000000	96500000	-0.994037	-0.896964	0.0970731	-0.852002	-1.09914	-0.247135	0.9800	5
chr8:96500000-97000000	chr8	96500000	97000000	-0.97152	-0.968765	0.00275474	-0.967954	-1.05315	-0.0851979	1.0000	1
chr8:97000000-97500000	chr8	97000000	97500000	-0.782763	-0.90207	-0.119307	-1.14906	-1.12635	0.0227154	1.0000	1
chr8:97500000-98000000	chr8	97500000	98000000	-1.29798	-1.14527	0.152711	-1.23841	-1.35188	-0.113471	1.0000	3
chr8:98000000-98500000	chr8	98000000	98500000	-1.00026	-1.00379	-0.00353128	-1.18267	-1.09674	0.0859335	1.0000	6
chr8:98500000-99000000	chr8	98500000	99000000	-1.2367	-1.16032	0.0763828	-1.06667	-1.21316	-0.146486	1.0000	2
chr8:99000000-99500000	chr8	99000000	99500000	-1.37298	-1.26578	0.107199	-1.26097	-1.18122	0.0797455	0.9800	1
chr8:99500000-100000000	chr8	99500000	100000000	-0.765511	-0.904068	-0.138557	-0.78937	-1.06095	-0.271578	1.0000	1
chr8:100000000-100500000	chr8	100000000	100500000	-0.980505	-1.02991	-0.0494092	-1.04051	-1.24164	-0.201129	1.0000	5
chr8:100500000-101000000	chr8	100500000	101000000	-1.07333	-0.992077	0.0812519	-1.08082	-1.41437	-0.333553	1.0000	4
chr8:101000000-101500000	chr8	101000000	101500000	-1.0534	-0.961752	0.0916472	-1.11741	-1.03986	0.0775468	1.0000	2
chr8:101500000-102000000	chr8	101500000	102000000	-0.678403	-0.711893	-0.0334903	-0.733394	-0.837133	-0.103739	1.0000	1
chr8:102000000-102500000	chr8	102000000	102500000	-0.960763	-0.993909	-0.0331461	-1.09232	-1.19875	-0.106424	1.0000	2
chr8:102500000-103000000	chr8	102500000	103000000	-0.836334	-0.901879	-0.0655458	-1.01641	-1.03276	-0.0163539	1.0000	3
chr8:103000000-103500000	chr8	103000000	103500000	-0.582487	-0.727587	-0.1451	-0.563159	-0.711582	-0.148424	1.0000	6
chr8:103500000-104000000	chr8	103500000	104000000	-0.0577746	-0.0929132	-0.0351386	0.188169	0.331661	0.143492	1.0000	1
chr8:104000000-104500000	chr8	104000000	104500000	-0.15991	-0.017073	0.142837	0.12638	0.151319	0.0249396	1.0000	2
chr8:104500000-105000000	chr8	104500000	105000000	0.00483299	0.194819	0.189986	-0.00176728	-0.110094	-0.108327	1.0000	1
chr8:105000000-105500000	chr8	105000000	105500000	-0.513301	-0.0867674	0.426534	-0.0569459	0.175611	0.232556	1.0000	1
chr8:105500000-106000000	chr8	105500000	106000000	-0.621252	-0.797532	-0.17628	-0.344187	-0.491056	-0.146869	0.9800	0
chr8:106000000-106500000	chr8	106000000	106500000	-0.524166	-0.763776	-0.239609	-0.218524	-0.587605	-0.369082	1.0000	1
chr8:106500000-107000000	chr8	106500000	107000000	-0.372468	-0.446704	-0.0742364	-0.372815	-0.29638	0.0764353	1.0000	1
chr8:107000000-107500000	chr8	107000000	107500000	-0.086813	-0.215555	-0.128742	-0.00932765	-0.224227	-0.214899	1.0000	1
chr8:107500000-108000000	chr8	107500000	108000000	0.714033	0.545195	-0.168839	0.598886	0.686014	0.0871281	1.0000	0
chr8:108000000-108500000	chr8	108000000	108500000	0.478053	0.612644	0.134591	0.649677	0.834705	0.185028	1.0000	3
chr8:108500000-109000000	chr8	108500000	109000000	0.856996	1.13975	0.28275	1.01041	1.25206	0.241649	1.0000	1
chr8:109000000-109500000	chr8	109000000	109500000	0.718201	0.617868	-0.100333	0.948844	1.04349	0.0946479	1.0000	4
chr8:109500000-110000000	chr8	109500000	110000000	0.59761	0.708101	0.110491	0.870241	0.826153	-0.0440886	1.0000	3
chr8:110000000-110500000	chr8	110000000	110500000	0.24581	0.633154	0.387344	0.829362	1.09681	0.267451	1.0000	0
chr8:110500000-111000000	chr8	110500000	111000000	-0.212741	-0.235294	-0.0225533	0.197856	0.422037	0.224181	1.0000	0
chr8:111000000-111500000	chr8	111000000	111500000	0.400565	0.594616	0.194051	0.782922	1.10945	0.326523	1.0000	0
chr8:111500000-112000000	chr8	111500000	112000000	0.683003	0.992828	0.309825	1.18437	1.43912	0.254745	1.0000	0
chr8:112000000-112500000	chr8	112000000	112500000	0.527431	0.449086	-0.0783447	0.842761	1.08714	0.244379	1.0000	0
chr8:112500000-113000000	chr8	112500000	113000000	0.52593	0.44705	-0.0788803	0.787876	0.944872	0.156997	1.0000	0
chr8:113000000-113500000	chr8	113000000	113500000	0.629347	0.642915	0.0135688	0.693316	1.326	0.632684	1.0000	1
chr8:113500000-114000000	chr8	113500000	114000000	0.819897	0.850633	0.0307361	0.928833	1.52535	0.596517	1.0000	0
chr8:114000000-114500000	chr8	114000000	114500000	0.572971	0.663936	0.0909644	0.900183	1.42218	0.521993	1.0000	0
chr8:114500000-115000000	chr8	114500000	115000000	-0.059865	-0.0919428	-0.0320777	0.161158	0.424935	0.263777	1.0000	0
chr8:115000000-115500000	chr8	115000000	115500000	-0.577488	-0.715281	-0.137793	-0.420051	-0.510596	-0.0905447	1.0000	0
chr8:115500000-116000000	chr8	115500000	116000000	-0.818081	-1.15735	-0.339266	-0.860405	-0.922063	-0.0616582	1.0000	1
chr8:116000000-116500000	chr8	116000000	116500000	-0.484091	-0.634404	-0.150313	-0.544341	-0.731013	-0.186672	1.0000	0
chr8:116500000-117000000	chr8	116500000	117000000	-0.663277	-0.912509	-0.249232	-0.412564	-0.580284	-0.16772	1.0000	4
chr8:117000000-117500000	chr8	117000000	117500000	-0.0842896	-0.469345	-0.385056	-0.419089	-0.450146	-0.0310566	1.0000	1
chr8:117500000-118000000	chr8	117500000	118000000	-0.794931	-0.684421	0.11051	-0.571302	-0.884265	-0.312962	1.0000	1
chr8:118000000-118500000	chr8	118000000	118500000	-0.896203	-0.803234	0.0929692	-0.755705	-0.881914	-0.126209	1.0000	1
chr8:118500000-119000000	chr8	118500000	119000000	-0.371803	-0.600419	-0.228616	-0.625809	-0.783382	-0.157573	1.0000	2
chr8:119000000-119500000	chr8	119000000	119500000	0.461656	0.213486	-0.24817	0.399053	0.178162	-0.220891	1.0000	3
chr8:119500000-120000000	chr8	119500000	120000000	0.543493	0.191556	-0.351937	0.609508	0.194193	-0.415315	1.0000	4
chr8:120000000-120500000	chr8	120000000	120500000	0.483377	0.229273	-0.254104	0.508364	0.425734	-0.0826306	1.0000	3
chr8:120500000-121000000	chr8	120500000	121000000	0.394256	0.159044	-0.235212	0.469145	0.0269648	-0.442181	1.0000	1
chr8:121000000-121500000	chr8	121000000	121500000	-0.166779	-0.364595	-0.197816	-0.144212	-0.363009	-0.218797	1.0000	0
chr8:121500000-122000000	chr8	121500000	122000000	-0.603419	-0.67437	-0.0709516	-0.486645	-0.511789	-0.0251444	1.0000	1
chr8:122000000-122500000	chr8	122000000	122500000	-0.115043	-0.2792	-0.164158	-0.0296626	-0.280978	-0.251315	1.0000	0
chr8:122500000-123000000	chr8	122500000	123000000	-0.304573	-0.367011	-0.0624382	-0.437649	-0.823689	-0.38604	1.0000	1
chr8:123000000-123500000	chr8	123000000	123500000	-0.894026	-1.07278	-0.178749	-0.606738	-1.00677	-0.40003	1.0000	7
chr8:123500000-124000000	chr8	123500000	124000000	-0.83143	-0.824486	0.00694418	-0.75997	-1.28167	-0.521697	1.0000	5
chr8:124000000-124500000	chr8	124000000	124500000	-0.801455	-1.01653	-0.215079	-0.777695	-1.19083	-0.413132	1.0000	3
chr8:124500000-125000000	chr8	124500000	125000000	-0.132168	-0.151182	-0.0190136	-0.204413	-0.809942	-0.605529	1.0000	5
chr8:125000000-125500000	chr8	125000000	125500000	-1.00892	-1.01255	-0.00363167	-1.18031	-1.03489	0.145428	1.0000	3
chr8:125500000-126000000	chr8	125500000	126000000	-0.238616	-0.295164	-0.0565478	-0.32064	-0.718391	-0.397751	1.0000	0
chr8:126000000-126500000	chr8	126000000	126500000	-0.127194	-0.16071	-0.0335162	-0.120516	-0.308946	-0.18843	1.0000	0
chr8:126500000-127000000	chr8	126500000	127000000	-0.383666	-0.44155	-0.0578843	-0.585372	-0.754066	-0.168694	1.0000	1
chr8:127000000-127500000	chr8	127000000	127500000	-0.273136	-0.497369	-0.224234	-0.432369	-0.923844	-0.491475	1.0000	2
chr8:127500000-128000000	chr8	127500000	128000000	-0.560125	-0.492843	0.0672825	-0.646859	-0.951945	-0.305086	1.0000	2
chr8:128000000-128500000	chr8	128000000	128500000	-0.86827	-0.77086	0.0974094	-0.812898	-1.20567	-0.39277	1.0000	0
chr8:128500000-129000000	chr8	128500000	129000000	-0.957703	-0.935381	0.0223219	-1.04741	-1.21123	-0.163826	1.0000	0
chr8:129000000-129500000	chr8	129000000	129500000	-0.983411	-0.863337	0.120074	-0.961611	-1.25517	-0.293558	1.0000	0
chr8:129500000-130000000	chr8	129500000	130000000	-0.92353	-0.927726	-0.00419569	-1.11528	-1.12873	-0.013451	1.0000	1
chr8:130000000-130500000	chr8	130000000	130500000	-0.856424	-0.813383	0.0430406	-0.64402	-0.95875	-0.314731	1.0000	2
chr8:130500000-131000000	chr8	130500000	131000000	-0.164131	-0.152938	0.011193	-0.422963	-0.548953	-0.12599	1.0000	0
chr8:131000000-131500000	chr8	131000000	131500000	0.933403	1.15139	0.217986	0.616728	0.858565	0.241837	1.0000	1
chr8:131500000-132000000	chr8	131500000	132000000	0.443547	0.714539	0.270992	0.718032	0.815867	0.0978343	1.0000	1
chr8:132000000-132500000	chr8	132000000	132500000	1.45157	1.3682	-0.0833628	1.14888	1.1929	0.0440199	1.0000	3
chr8:132500000-133000000	chr8	132500000	133000000	0.504199	0.388159	-0.11604	0.411749	0.407886	-0.00386299	1.0000	4
chr8:133000000-133500000	chr8	133000000	133500000	0.111043	-0.0917742	-0.202817	-0.214153	-0.386597	-0.172444	1.0000	3
chr8:133500000-134000000	chr8	133500000	134000000	0.502622	0.37225	-0.130372	0.104561	-0.0102627	-0.114824	1.0000	1
chr8:134000000-134500000	chr8	134000000	134500000	1.20086	1.13289	-0.0679728	0.782019	0.891187	0.109168	1.0000	0
chr8:134500000-135000000	chr8	134500000	135000000	0.765351	0.455749	-0.309602	0.49185	0.335438	-0.156412	1.0000	1
chr8:135000000-135500000	chr8	135000000	135500000	1.1709	1.18821	0.0173107	0.665486	0.931634	0.266147	1.0000	1
chr8:135500000-136000000	chr8	135500000	136000000	0.874971	0.801469	-0.0735021	0.621965	0.477676	-0.144289	1.0000	0
chr8:136000000-136500000	chr8	136000000	136500000	0.606009	1.04327	0.437263	0.548336	0.849051	0.300715	1.0000	0
chr8:136500000-137000000	chr8	136500000	137000000	0.476942	0.925865	0.448923	0.46009	0.954995	0.494905	1.0000	0
chr8:137000000-137500000	chr8	137000000	137500000	0.379882	0.51464	0.134758	0.238344	0.603301	0.364957	1.0000	0
chr8:137500000-138000000	chr8	137500000	138000000	0.979274	1.34245	0.363177	1.01609	1.46389	0.447792	1.0000	0
chr8:138000000-138500000	chr8	138000000	138500000	1.52297	1.69972	0.176751	1.18776	1.3867	0.198938	1.0000	1
chr8:138500000-139000000	chr8	138500000	139000000	1.15338	1.38905	0.235671	0.921438	1.01021	0.0887738	1.0000	1
chr8:139000000-139500000	chr8	139000000	139500000	1.26456	1.35759	0.0930331	0.927797	1.16623	0.238437	1.0000	0
chr8:139500000-140000000	chr8	139500000	140000000	1.47449	1.26423	-0.210266	0.702496	1.01597	0.313471	1.0000	1
chr8:140000000-140500000	chr8	140000000	140500000	0.662975	0.684256	0.0212814	0.495285	0.352521	-0.142764	1.0000	1
chr8:140500000-141000000	chr8	140500000	141000000	-0.871065	-0.894302	-0.0232376	-1.06484	-0.897056	0.167783	1.0000	2
chr8:141000000-141500000	chr8	141000000	141500000	-0.07295	-0.290692	-0.217742	-0.476411	-0.43027	0.0461406	0.9800	5
chr8:141500000-142000000	chr8	141500000	142000000	0.873483	0.610239	-0.263244	0.478955	0.499949	0.0209942	0.9800	1
chr8:142000000-142500000	chr8	142000000	142500000	0.625825	0.343868	-0.281956	0.278927	0.603344	0.324416	1.0000	2
chr8:142500000-143000000	chr8	142500000	143000000	0.29495	0.0987171	-0.196233	-0.00467163	0.135774	0.140445	1.0000	13
chr8:143000000-143500000	chr8	143000000	143500000	-0.02941	-0.414944	-0.385534	-0.519689	-0.315696	0.203992	1.0000	11
chr8:143500000-144000000	chr8	143500000	144000000	-0.675663	-0.701488	-0.0258246	-1.09112	-0.661698	0.429426	0.9400	21
chr8:144000000-144500000	chr8	144000000	144500000	-0.765278	-0.962633	-0.197355	-1.22539	-0.64385	0.581542	0.9600	28
chr8:144500000-145000000	chr8	144500000	145000000	-0.586198	-0.670144	-0.0839455	-0.90596	-0.860266	0.0456937	1.0000	15
chr8:145000000-145138636	chr8	145000000	145138636	nan	nan	nan	nan	nan	nan	0.2164	1
chr9:0-500000	chr9	0	500000	nan	nan	nan	nan	nan	nan	0.0000	4
chr9:500000-1000000	chr9	500000	1000000	nan	nan	nan	nan	nan	nan	0.0000	3
chr9:1000000-1500000	chr9	1000000	1500000	nan	nan	nan	nan	nan	nan	0.0000	1
chr9:1500000-2000000	chr9	1500000	2000000	nan	nan	nan	nan	nan	nan	0.0000	0
chr9:2000000-2500000	chr9	2000000	2500000	nan	nan	nan	nan	nan	nan	0.0000	1
chr9:2500000-3000000	chr9	2500000	3000000	nan	nan	nan	nan	nan	nan	0.0000	3
chr9:3000000-3500000	chr9	3000000	3500000	-0.39644	-0.541008	-0.144567	0.213606	0.0169569	-0.196649	0.9200	0
chr9:3500000-4000000	chr9	3500000	4000000	-0.310259	-0.391211	-0.0809528	-0.349846	-0.416689	-0.0668424	1.0000	1
chr9:4000000-4500000	chr9	4000000	4500000	-0.374979	-0.664274	-0.289295	-0.492949	-0.402316	0.090633	1.0000	2
chr9:4500000-5000000	chr9	4500000	5000000	-0.207199	-0.542923	-0.335724	-0.243962	-0.355048	-0.111087	1.0000	6
chr9:5000000-5500000	chr9	5000000	5500000	-0.233756	-0.218372	0.0153837	-0.0612388	-0.0115908	0.049648	1.0000	6
chr9:5500000-6000000	chr9	5500000	6000000	-0.58084	-0.60833	-0.0274901	-0.342269	-0.597347	-0.255078	1.0000	4
chr9:6000000-6500000	chr9	6000000	6500000	-0.0545452	-0.0330838	0.0214614	-0.233135	-0.243893	-0.0107583	1.0000	5
chr9:6500000-7000000	chr9	6500000	7000000	-0.185237	-0.434839	-0.249602	-0.260767	-0.474204	-0.213437	1.0000	2
chr9:7000000-7500000	chr9	7000000	7500000	0.396121	0.435733	0.0396123	0.360315	0.119598	-0.240717	1.0000	0
chr9:7500000-8000000	chr9	7500000	8000000	0.533962	0.79982	0.265858	0.593849	0.582845	-0.0110046	1.0000	1
chr9:8000000-8500000	chr9	8000000	8500000	0.389606	0.596983	0.207377	0.363208	0.525125	0.161917	1.0000	0
chr9:8500000-9000000	chr9	8500000	9000000	-0.222381	-0.11005	0.112331	0.114062	0.0350723	-0.0789894	1.0000	0
chr9:9000000-9500000	chr9	9000000	9500000	0.684	1.02019	0.336191	0.934301	1.15951	0.225208	1.0000	0
chr9:9500000-10000000	chr9	9500000	10000000	0.392831	0.508853	0.116022	0.655967	0.944393	0.288427	1.0000	0
chr9:10000000-10500000	chr9	10000000	10500000	-0.0231922	0.227999	0.251191	0.444664	0.678902	0.234238	1.0000	0
chr9:10500000-11000000	chr9	10500000	11000000	0.487125	0.793485	0.30636	0.600712	0.996118	0.395406	1.0000	1
chr9:11000000-11500000	chr9	11000000	11500000	0.330201	0.772895	0.442694	0.52784	1.0235	0.49566	1.0000	0
chr9:11500000-12000000	chr9	11500000	12000000	0.260999	0.711704	0.450705	0.627189	1.15306	0.525874	1.0000	0
chr9:12000000-12500000	chr9	12000000	12500000	0.397074	0.610367	0.213293	0.488369	1.11719	0.628823	1.0000	0
chr9:12500000-13000000	chr9	12500000	13000000	-0.336435	-0.307076	0.0293585	-0.0681031	0.121837	0.18994	1.0000	2
chr9:13000000-13500000	chr9	13000000	13500000	-0.0324165	-0.40083	-0.368414	-0.122171	-0.260333	-0.138162	1.0000	1
chr9:13500000-14000000	chr9	13500000	14000000	0.437516	0.743097	0.305581	0.606068	0.579535	-0.0265336	1.0000	0
chr9:14000000-14500000	chr9	14000000	14500000	-0.199914	-0.241479	-0.0415645	-0.0665821	0.0584171	0.124999	1.0000	2
chr9:14500000-15000000	chr9	14500000	15000000	0.720915	0.752751	0.0318358	0.688671	0.876641	0.18797	1.0000	3
chr9:15000000-15500000	chr9	15000000	15500000	0.339397	0.426982	0.0875852	0.405003	0.309435	-0.0955678	1.0000	2
chr9:15500000-16000000	chr9	15500000	16000000	0.068327	-0.0600143	-0.128341	0.234381	0.241313	0.00693168	1.0000	2
chr9:16000000-16500000	chr9	16000000	16500000	-0.28472	-0.282536	0.00218447	-0.31953	-0.75424	-0.43471	1.0000	0
chr9:16500000-17000000	chr9	16500000	17000000	-0.696555	-0.686371	0.0101834	-0.647526	-0.573888	0.0736384	1.0000	1
chr9:17000000-17500000	chr9	17000000	17500000	0.163392	-0.186752	-0.350143	0.25217	0.129376	-0.122794	1.0000	1
chr9:17500000-18000000	chr9	17500000	18000000	0.567691	0.431236	-0.136455	0.67135	0.561176	-0.110174	1.0000	1
chr9:18000000-18500000	chr9	18000000	18500000	-0.212334	-0.0956551	0.116679	-0.0787154	0.0339647	0.11268	1.0000	1
chr9:18500000-19000000	chr9	18500000	19000000	-0.0762266	-0.163642	-0.0874158	-0.20905	-0.200717	0.00833301	1.0000	0
chr9:19000000-19500000	chr9	19000000	19500000	-0.17466	-0.435034	-0.260374	-0.368597	-0.662898	-0.294301	1.0000	7
chr9:19500000-20000000	chr9	19500000	20000000	0.736313	0.852511	0.116198	0.565544	0.793005	0.22746	1.0000	1
chr9:20000000-20500000	chr9	20000000	20500000	0.0649221	-0.0596189	-0.124541	-0.0370508	-0.0298254	0.00722541	1.0000	0
chr9:20500000-21000000	chr9	20500000	21000000	-0.870213	-0.728973	0.141241	-0.716074	-0.758211	-0.0421364	1.0000	2
chr9:21000000-21500000	chr9	21000000	21500000	-0.120432	-0.287371	-0.166939	-0.0246458	-0.107861	-0.0832149	1.0000	18
chr9:21500000-22000000	chr9	21500000	22000000	-0.468306	-0.471014	-0.00270809	-0.119117	-0.299522	-0.180405	1.0000	3
chr9:22000000-22500000	chr9	22000000	22500000	-0.423299	-0.495922	-0.0726233	0.0163025	-0.0102706	-0.0265731	1.0000	2
chr9:22500000-23000000	chr9	22500000	23000000	0.103383	0.241333	0.13795	0.380127	0.346912	-0.0332155	1.0000	0
chr9:23000000-23500000	chr9	23000000	23500000	0.205431	0.221349	0.0159181	0.337758	0.397915	0.0601571	1.0000	0
chr9:23500000-24000000	chr9	23500000	24000000	0.462073	0.330344	-0.131729	0.471944	0.370698	-0.101246	1.0000	1
chr9:24000000-24500000	chr9	24000000	24500000	0.587849	0.702803	0.114954	0.594529	0.703648	0.109119	1.0000	0
chr9:24500000-25000000	chr9	24500000	25000000	0.489392	0.778268	0.288876	0.439661	0.949328	0.509668	1.0000	1
chr9:25000000-25500000	chr9	25000000	25500000	0.66326	0.7391	0.0758406	0.798586	1.19056	0.391977	1.0000	0
chr9:25500000-26000000	chr9	25500000	26000000	0.750432	0.789996	0.0395632	0.688345	0.990453	0.302109	1.0000	1
chr9:26000000-26500000	chr9	26000000	26500000	0.344438	0.212319	-0.132119	0.25934	0.421826	0.162486	1.0000	0
chr9:26500000-27000000	chr9	26500000	27000000	0.68031	0.616727	-0.0635833	0.943202	0.813416	-0.129786	1.0000	3
chr9:27000000-27500000	chr9	27000000	27500000	0.770028	0.374265	-0.395763	0.579173	0.467414	-0.111758	1.0000	3
chr9:27500000-28000000	chr9	27500000	28000000	0.883887	1.03894	0.155055	0.771159	0.94469	0.173532	1.0000	3
chr9:28000000-28500000	chr9	28000000	28500000	0.837519	0.970627	0.133109	0.899079	1.19543	0.296356	1.0000	0
chr9:28500000-29000000	chr9	28500000	29000000	0.433436	0.587894	0.154458	0.601116	0.818484	0.217368	1.0000	0
chr9:29000000-29500000	chr9	29000000	29500000	0.129699	0.401529	0.27183	0.601586	0.7673	0.165714	1.0000	1
chr9:29500000-30000000	chr9	29500000	30000000	0.248463	0.361667	0.113203	0.412501	0.618191	0.205689	1.0000	0
chr9:30000000-30500000	chr9	30000000	30500000	0.352543	0.903432	0.550889	0.373375	1.01522	0.641847	1.0000	0
chr9:30500000-31000000	chr9	30500000	31000000	0.401381	0.746595	0.345214	0.537359	1.08328	0.545924	1.0000	0
chr9:31000000-31500000	chr9	31000000	31500000	0.195413	0.661825	0.466412	0.64193	0.757989	0.116059	1.0000	0
chr9:31500000-32000000	chr9	31500000	32000000	0.677592	0.702757	0.0251646	0.816738	1.0749	0.258159	1.0000	0
chr9:32000000-32500000	chr9	32000000	32500000	0.717629	0.863914	0.146286	0.855022	0.723343	-0.13168	1.0000	1
chr9:32500000-33000000	chr9	32500000	33000000	0.647842	0.776069	0.128228	0.584591	0.723215	0.138624	1.0000	6
chr9:33000000-33500000	chr9	33000000	33500000	-0.654108	-0.699892	-0.0457838	-0.952889	-1.00308	-0.0501935	1.0000	11
chr9:33500000-34000000	chr9	33500000	34000000	-1.10433	-0.979727	0.124603	-1.15959	-1.11849	0.0410958	0.9800	3
chr9:34000000-34500000	chr9	34000000	34500000	-0.928816	-1.04427	-0.115454	-1.13861	-1.18038	-0.0417635	1.0000	9
chr9:34500000-35000000	chr9	34500000	35000000	-0.555294	-0.627491	-0.0721964	-0.849303	-0.851697	-0.00239389	1.0000	16
chr9:35000000-35500000	chr9	35000000	35500000	-0.801711	-0.778165	0.023546	-1.03554	-1.00294	0.0326076	1.0000	9
chr9:35500000-36000000	chr9	35500000	36000000	-0.952735	-1.0073	-0.0545686	-1.15872	-1.08164	0.0770822	0.9800	23
chr9:36000000-36500000	chr9	36000000	36500000	-1.04037	-1.14444	-0.104072	-1.10941	-1.3222	-0.212791	1.0000	6
chr9:36500000-37000000	chr9	36500000	37000000	-0.526283	-0.680422	-0.15414	-0.843356	-0.991311	-0.147955	1.0000	1
chr9:37000000-37500000	chr9	37000000	37500000	-0.882023	-1.07392	-0.191895	-1.06177	-1.06343	-0.0016595	1.0000	5
chr9:37500000-38000000	chr9	37500000	38000000	-0.678024	-0.609759	0.0682648	-0.774327	-0.996546	-0.222219	1.0000	7
chr9:38000000-38500000	chr9	38000000	38500000	-0.388331	-0.606006	-0.217676	-0.694541	-0.795703	-0.101162	1.0000	3
chr9:38500000-39000000	chr9	38500000	39000000	-0.0500881	-0.310308	-0.26022	-0.0642234	-0.477431	-0.413207	0.6400	2
chr9:39000000-39500000	chr9	39000000	39500000	0.144569	-0.00661531	-0.151185	0.15804	0.233905	0.0758652	0.8200	2
chr9:39500000-40000000	chr9	39500000	40000000	0.333935	0.250487	-0.0834482	0.417496	0.24104	-0.176456	0.6800	0
chr9:40000000-40500000	chr9	40000000	40500000	nan	nan	nan	nan	nan	nan	0.0000	0
chr9:40500000-41000000	chr9	40500000	41000000	nan	nan	nan	nan	nan	nan	0.0200	0
chr9:41000000-41500000	chr9	41000000	41500000	nan	nan	nan	nan	nan	nan	0.3200	2
chr9:41500000-42000000	chr9	41500000	42000000	nan	nan	nan	nan	nan	nan	0.0400	0
chr9:42000000-42500000	chr9	42000000	42500000	0.619723	0.683851	0.0641282	0.549004	0.569983	0.020979	0.6600	2
chr9:42500000-43000000	chr9	42500000	43000000	1.04602	0.984975	-0.0610491	0.864072	1.14636	0.282288	0.9800	0
chr9:43000000-43500000	chr9	43000000	43500000	0.724468	0.786593	0.062125	1.00903	1.10088	0.0918562	0.5200	0
chr9:43500000-44000000	chr9	43500000	44000000	nan	nan	nan	nan	nan	nan	0.0000	0
chr9:44000000-44500000	chr9	44000000	44500000	nan	nan	nan	nan	nan	nan	0.0000	0
chr9:44500000-45000000	chr9	44500000	45000000	nan	nan	nan	nan	nan	nan	0.0000	0
chr9:45000000-45500000	chr9	45000000	45500000	nan	nan	nan	nan	nan	nan	0.0000	0
chr9:45500000-46000000	chr9	45500000	46000000	nan	nan	nan	nan	nan	nan	0.0000	0
chr9:46000000-46500000	chr9	46000000	46500000	nan	nan	nan	nan	nan	nan	0.0000	0
chr9:46500000-47000000	chr9	46500000	47000000	nan	nan	nan	nan	nan	nan	0.0000	0
chr9:47000000-47500000	chr9	47000000	47500000	nan	nan	nan	nan	nan	nan	0.0000	0
chr9:47500000-48000000	chr9	47500000	48000000	nan	nan	nan	nan	nan	nan	0.0000	0
chr9:48000000-48500000	chr9	48000000	48500000	nan	nan	nan	nan	nan	nan	0.0000	0
chr9:48500000-49000000	chr9	48500000	49000000	nan	nan	nan	nan	nan	nan	0.0000	0
chr9:49000000-49500000	chr9	49000000	49500000	nan	nan	nan	nan	nan	nan	0.0000	0
chr9:49500000-50000000	chr9	49500000	50000000	nan	nan	nan	nan	nan	nan	0.0000	0
chr9:50000000-50500000	chr9	50000000	50500000	nan	nan	nan	nan	nan	nan	0.0000	0
chr9:50500000-51000000	chr9	50500000	51000000	nan	nan	nan	nan	nan	nan	0.0000	0
chr9:51000000-51500000	chr9	51000000	51500000	nan	nan	nan	nan	nan	nan	0.0000	0
chr9:51500000-52000000	chr9	51500000	52000000	nan	nan	nan	nan	nan	nan	0.0000	0
chr9:52000000-52500000	chr9	52000000	52500000	nan	nan	nan	nan	nan	nan	0.0000	0
chr9:52500000-53000000	chr9	52500000	53000000	nan	nan	nan	nan	nan	nan	0.0000	0
chr9:53000000-53500000	chr9	53000000	53500000	nan	nan	nan	nan	nan	nan	0.0000	0
chr9:53500000-54000000	chr9	53500000	54000000	nan	nan	nan	nan	nan	nan	0.0000	0
chr9:54000000-54500000	chr9	54000000	54500000	nan	nan	nan	nan	nan	nan	0.0000	0
chr9:54500000-55000000	chr9	54500000	55000000	nan	nan	nan	nan	nan	nan	0.0000	0
chr9:55000000-55500000	chr9	55000000	55500000	nan	nan	nan	nan	nan	nan	0.0000	0
chr9:55500000-56000000	chr9	55500000	56000000	nan	nan	nan	nan	nan	nan	0.0000	0
chr9:56000000-56500000	chr9	56000000	56500000	nan	nan	nan	nan	nan	nan	0.0000	0
chr9:56500000-57000000	chr9	56500000	57000000	nan	nan	nan	nan	nan	nan	0.0000	0
chr9:57000000-57500000	chr9	57000000	57500000	nan	nan	nan	nan	nan	nan	0.0000	0
chr9:57500000-58000000	chr9	57500000	58000000	nan	nan	nan	nan	nan	nan	0.0000	0
chr9:58000000-58500000	chr9	58000000	58500000	nan	nan	nan	nan	nan	nan	0.0000	0
chr9:58500000-59000000	chr9	58500000	59000000	nan	nan	nan	nan	nan	nan	0.0000	0
chr9:59000000-59500000	chr9	59000000	59500000	nan	nan	nan	nan	nan	nan	0.0000	0
chr9:59500000-60000000	chr9	59500000	60000000	nan	nan	nan	nan	nan	nan	0.0000	0
chr9:60000000-60500000	chr9	60000000	60500000	nan	nan	nan	nan	nan	nan	0.0000	0
chr9:60500000-61000000	chr9	60500000	61000000	nan	nan	nan	nan	nan	nan	0.0000	1
chr9:61000000-61500000	chr9	61000000	61500000	nan	nan	nan	nan	nan	nan	0.0000	1
chr9:61500000-62000000	chr9	61500000	62000000	nan	nan	nan	nan	nan	nan	0.4200	0
chr9:62000000-62500000	chr9	62000000	62500000	nan	nan	nan	nan	nan	nan	0.0000	0
chr9:62500000-63000000	chr9	62500000	63000000	nan	nan	nan	nan	nan	nan	0.0000	0
chr9:63000000-63500000	chr9	63000000	63500000	nan	nan	nan	nan	nan	nan	0.0000	0
chr9:63500000-64000000	chr9	63500000	64000000	nan	nan	nan	nan	nan	nan	0.4200	0
chr9:64000000-64500000	chr9	64000000	64500000	nan	nan	nan	nan	nan	nan	0.2000	0
chr9:64500000-65000000	chr9	64500000	65000000	nan	nan	nan	nan	nan	nan	0.0000	0
chr9:65000000-65500000	chr9	65000000	65500000	nan	nan	nan	nan	nan	nan	0.2200	1
chr9:65500000-66000000	chr9	65500000	66000000	nan	nan	nan	nan	nan	nan	0.1600	2
chr9:66000000-66500000	chr9	66000000	66500000	nan	nan	nan	nan	nan	nan	0.0000	0
chr9:66500000-67000000	chr9	66500000	67000000	nan	nan	nan	nan	nan	nan	0.1400	2
chr9:67000000-67500000	chr9	67000000	67500000	nan	nan	nan	nan	nan	nan	0.0000	0
chr9:67500000-68000000	chr9	67500000	68000000	nan	nan	nan	nan	nan	nan	0.0000	1
chr9:68000000-68500000	chr9	68000000	68500000	nan	nan	nan	nan	nan	nan	0.2000	3
chr9:68500000-69000000	chr9	68500000	69000000	0.831514	1.16919	0.337679	0.989648	1.01678	0.0271355	1.0000	3
chr9:69000000-69500000	chr9	69000000	69500000	0.297535	0.399095	0.10156	0.110073	0.0800862	-0.0299866	1.0000	4
chr9:69500000-70000000	chr9	69500000	70000000	-0.249992	-0.216553	0.0334387	-0.268708	-0.0823142	0.186394	1.0000	3
chr9:70000000-70500000	chr9	70000000	70500000	-0.334487	-0.588636	-0.254149	-0.401449	-0.557106	-0.155657	0.9800	3
chr9:70500000-71000000	chr9	70500000	71000000	0.475078	0.548235	0.0731574	0.615156	0.412786	-0.20237	1.0000	0
chr9:71000000-71500000	chr9	71000000	71500000	0.844111	1.07133	0.227221	0.883854	1.24999	0.366131	1.0000	1
chr9:71500000-72000000	chr9	71500000	72000000	-0.0796535	-0.0128799	0.0667737	0.125456	0.0797182	-0.0457373	1.0000	3
chr9:72000000-72500000	chr9	72000000	72500000	0.337559	0.385885	0.0483263	0.44669	0.480516	0.0338265	1.0000	3
chr9:72500000-73000000	chr9	72500000	73000000	0.30561	0.472364	0.166754	0.0639563	0.419601	0.355645	1.0000	2
chr9:73000000-73500000	chr9	73000000	73500000	0.264101	0.307299	0.0431977	0.313525	0.802188	0.488664	1.0000	1
chr9:73500000-74000000	chr9	73500000	74000000	0.669855	0.945155	0.2753	0.917309	1.35389	0.436586	1.0000	0
chr9:74000000-74500000	chr9	74000000	74500000	0.715981	1.16089	0.444913	1.06108	1.44444	0.383363	1.0000	1
chr9:74500000-75000000	chr9	74500000	75000000	0.843054	0.97257	0.129516	1.00909	1.17314	0.164052	1.0000	2
chr9:75000000-75500000	chr9	75000000	75500000	0.71846	0.95051	0.23205	0.882823	0.882536	-0.000286819	1.0000	3
chr9:75500000-76000000	chr9	75500000	76000000	0.985376	1.10951	0.124138	0.889101	1.05518	0.166078	1.0000	1
chr9:76000000-76500000	chr9	76000000	76500000	0.511814	0.438669	-0.0731449	0.428749	0.349243	-0.0795062	0.9800	2
chr9:76500000-77000000	chr9	76500000	77000000	0.559932	0.411977	-0.147955	0.431252	0.193002	-0.23825	1.0000	2
chr9:77000000-77500000	chr9	77000000	77500000	-0.189409	-0.178338	0.0110706	0.00190604	-0.0331264	-0.0350324	1.0000	2
chr9:77500000-78000000	chr9	77500000	78000000	-0.350369	-0.349377	0.000992053	-0.355687	-0.522331	-0.166645	1.0000	1
chr9:78000000-78500000	chr9	78000000	78500000	0.00764523	-0.00027877	-0.007924	-0.174963	-0.244752	-0.0697891	1.0000	3
chr9:78500000-79000000	chr9	78500000	79000000	-0.301709	-0.236488	0.0652212	-0.200239	-0.444641	-0.244402	1.0000	0
chr9:79000000-79500000	chr9	79000000	79500000	-0.0887085	-0.288087	-0.199379	-0.255905	-0.364829	-0.108924	1.0000	0
chr9:79500000-80000000	chr9	79500000	80000000	-0.0588829	-0.240124	-0.181241	-0.215239	-0.324065	-0.108826	1.0000	1
chr9:80000000-80500000	chr9	80000000	80500000	0.11106	0.128282	0.0172219	0.225661	0.21195	-0.0137103	1.0000	0
chr9:80500000-81000000	chr9	80500000	81000000	-0.265181	-0.282337	-0.0171557	0.0999282	-0.251996	-0.351924	1.0000	0
chr9:81000000-81500000	chr9	81000000	81500000	-0.296713	-0.396624	-0.0999109	-0.242286	-0.510891	-0.268605	1.0000	0
chr9:81500000-82000000	chr9	81500000	82000000	-0.165581	-0.41586	-0.250279	-0.331247	-0.658639	-0.327392	1.0000	4
chr9:82000000-82500000	chr9	82000000	82500000	-0.0458293	-0.133621	-0.0877915	-0.0834717	0.0326147	0.116086	1.0000	0
chr9:82500000-83000000	chr9	82500000	83000000	0.320787	0.41935	0.0985632	0.220468	0.176623	-0.0438456	1.0000	0
chr9:83000000-83500000	chr9	83000000	83500000	0.768521	0.714554	-0.0539677	0.587965	0.619489	0.0315246	0.9800	1
chr9:83500000-84000000	chr9	83500000	84000000	0.0208822	-0.130828	-0.15171	-0.00859233	-0.0154127	-0.00682032	1.0000	9
chr9:84000000-84500000	chr9	84000000	84500000	0.367636	0.381938	0.0143017	0.239715	0.0680564	-0.171659	1.0000	1
chr9:84500000-85000000	chr9	84500000	85000000	0.580193	0.52253	-0.0576636	0.240962	0.387027	0.146065	1.0000	1
chr9:85000000-85500000	chr9	85000000	85500000	0.353841	0.475779	0.121938	0.313339	0.15222	-0.161119	0.9600	0
chr9:85500000-86000000	chr9	85500000	86000000	0.0536979	-0.109659	-0.163357	0.227184	0.0497395	-0.177445	1.0000	2
chr9:86000000-86500000	chr9	86000000	86500000	-0.262559	-0.301229	-0.0386698	-0.230708	-0.452912	-0.222204	1.0000	4
chr9:86500000-87000000	chr9	86500000	87000000	-0.425812	-0.79997	-0.374158	-0.577247	-0.77097	-0.193723	1.0000	1
chr9:87000000-87500000	chr9	87000000	87500000	-0.622685	-0.509911	0.112774	-0.693575	-0.92761	-0.234034	1.0000	1
chr9:87500000-88000000	chr9	87500000	88000000	-0.443548	-0.483724	-0.0401761	-0.335321	-0.878968	-0.543647	1.0000	5
chr9:88000000-88500000	chr9	88000000	88500000	-0.467116	-0.634477	-0.167361	-0.811207	-1.07794	-0.266733	1.0000	2
chr9:88500000-89000000	chr9	88500000	89000000	-0.815106	-0.681412	0.133694	-0.80434	-0.984026	-0.179685	1.0000	2
chr9:89000000-89500000	chr9	89000000	89500000	-0.281439	-0.490475	-0.209036	-0.343283	-0.686542	-0.343259	1.0000	4
chr9:89500000-90000000	chr9	89500000	90000000	0.37496	0.22225	-0.152709	0.111438	-0.200511	-0.311949	1.0000	1
chr9:90000000-90500000	chr9	90000000	90500000	0.319027	0.350457	0.03143	-0.149539	-0.0636027	0.0859359	1.0000	0
chr9:90500000-91000000	chr9	90500000	91000000	0.154822	0.291113	0.136291	-0.00580232	-0.118569	-0.112767	1.0000	2
chr9:91000000-91500000	chr9	91000000	91500000	-0.681356	-0.780064	-0.098708	-0.803882	-0.818244	-0.014362	1.0000	2
chr9:91500000-92000000	chr9	91500000	92000000	-0.503856	-0.464055	0.0398006	-0.699959	-0.899733	-0.199773	1.0000	1
chr9:92000000-92500000	chr9	92000000	92500000	-0.961497	-0.767023	0.194474	-1.11802	-1.06405	0.0539698	1.0000	7
chr9:92500000-93000000	chr9	92500000	93000000	-0.405131	-0.401334	0.00379742	-0.56015	-0.662683	-0.102533	1.0000	5
chr9:93000000-93500000	chr9	93000000	93500000	0.166408	-0.0199188	-0.186327	-0.286019	-0.0367236	0.249295	1.0000	6
chr9:93500000-94000000	chr9	93500000	94000000	0.287498	0.025981	-0.261517	0.0606717	0.0897225	0.0290508	1.0000	2
chr9:94000000-94500000	chr9	94000000	94500000	-0.471082	-0.607786	-0.136704	-0.515848	-0.640662	-0.124813	1.0000	4
chr9:94500000-95000000	chr9	94500000	95000000	-0.860208	-0.913228	-0.0530207	-0.841529	-1.09137	-0.249845	1.0000	4
chr9:95000000-95500000	chr9	95000000	95500000	-0.92716	-0.757972	0.169188	-0.946523	-1.05517	-0.108644	1.0000	1
chr9:95500000-96000000	chr9	95500000	96000000	-0.76818	-0.711325	0.0568558	-0.818693	-0.838955	-0.0202619	1.0000	2
chr9:96000000-96500000	chr9	96000000	96500000	-0.686566	-0.828755	-0.142189	-0.813058	-1.04018	-0.227127	1.0000	4
chr9:96500000-97000000	chr9	96500000	97000000	-0.56784	-0.485819	0.0820211	-0.562769	-0.651961	-0.089192	1.0000	5
chr9:97000000-97500000	chr9	97000000	97500000	0.128127	0.0553907	-0.0727363	-0.0823859	-0.234044	-0.151658	1.0000	3
chr9:97500000-98000000	chr9	97500000	98000000	-0.417566	-0.61394	-0.196375	-0.821484	-0.770285	0.0511991	1.0000	8
chr9:98000000-98500000	chr9	98000000	98500000	-0.118119	-0.516769	-0.39865	-0.452481	-0.567927	-0.115446	1.0000	4
chr9:98500000-99000000	chr9	98500000	99000000	-0.0759634	-0.494828	-0.418865	-0.487776	-0.639806	-0.15203	1.0000	4
chr9:99000000-99500000	chr9	99000000	99500000	-0.40171	-0.239042	0.162668	-0.365318	-0.640883	-0.275565	1.0000	3
chr9:99500000-100000000	chr9	99500000	100000000	-0.230143	-0.310857	-0.080714	-0.112872	-0.210869	-0.0979971	1.0000	2
chr9:100000000-100500000	chr9	100000000	100500000	-0.460455	-0.528601	-0.0681458	-0.418278	-0.337421	0.080858	1.0000	5
chr9:100500000-101000000	chr9	100500000	101000000	0.910951	1.13672	0.225772	0.646656	0.929383	0.282728	1.0000	1
chr9:101000000-101500000	chr9	101000000	101500000	0.878386	1.01179	0.1334	0.854686	0.952127	0.0974414	1.0000	6
chr9:101500000-102000000	chr9	101500000	102000000	0.872596	1.03989	0.167291	0.79559	1.05077	0.255185	1.0000	3
chr9:102000000-102500000	chr9	102000000	102500000	0.563227	0.904891	0.341664	0.582737	1.10062	0.517883	1.0000	0
chr9:102500000-103000000	chr9	102500000	103000000	0.286667	0.742648	0.455981	0.355734	1.05484	0.699103	1.0000	1
chr9:103000000-103500000	chr9	103000000	103500000	0.216441	0.754785	0.538343	0.417806	1.14779	0.72998	1.0000	0
chr9:103500000-104000000	chr9	103500000	104000000	0.46105	0.786869	0.325819	0.636226	0.98237	0.346144	1.0000	0
chr9:104000000-104500000	chr9	104000000	104500000	0.711469	0.981937	0.270467	0.847135	1.03089	0.183751	1.0000	1
chr9:104500000-105000000	chr9	104500000	105000000	0.209996	0.191149	-0.0188475	0.126363	0.0413847	-0.0849784	1.0000	11
chr9:105000000-105500000	chr9	105000000	105500000	-0.448944	-0.523428	-0.0744838	-0.3845	-0.727342	-0.342842	1.0000	2
chr9:105500000-106000000	chr9	105500000	106000000	0.481362	0.249815	-0.231547	0.606924	0.307489	-0.299436	1.0000	3
chr9:106000000-106500000	chr9	106000000	106500000	0.463649	0.490114	0.0264652	0.323865	0.442853	0.118989	1.0000	0
chr9:106500000-107000000	chr9	106500000	107000000	-0.102399	-0.0973175	0.00508111	-0.124027	-0.347923	-0.223897	1.0000	1
chr9:107000000-107500000	chr9	107000000	107500000	-0.273863	-0.29742	-0.023557	-0.325998	-0.493385	-0.167387	1.0000	2
chr9:107500000-108000000	chr9	107500000	108000000	0.56974	0.134024	-0.435716	0.0583319	-0.243701	-0.302033	1.0000	0
chr9:108000000-108500000	chr9	108000000	108500000	0.264257	0.0711964	-0.19306	0.171641	-0.105989	-0.277631	1.0000	0
chr9:108500000-109000000	chr9	108500000	109000000	0.132959	-0.181596	-0.314554	-0.261561	-0.276059	-0.0144986	0.9800	4
chr9:109000000-109500000	chr9	109000000	109500000	-0.392438	-0.581847	-0.189409	-0.480115	-0.849709	-0.369594	1.0000	5
chr9:109500000-110000000	chr9	109500000	110000000	-0.792779	-0.846429	-0.05365	-0.554911	-0.976235	-0.421324	1.0000	1
chr9:110000000-110500000	chr9	110000000	110500000	-0.724764	-0.760225	-0.0354616	-0.801199	-0.863524	-0.0623241	1.0000	3
chr9:110500000-111000000	chr9	110500000	111000000	-1.15633	-1.038	0.118336	-0.95881	-1.06535	-0.106541	1.0000	2
chr9:111000000-111500000	chr9	111000000	111500000	-0.794551	-0.904555	-0.110004	-0.925673	-1.05271	-0.127034	1.0000	3
chr9:111500000-112000000	chr9	111500000	112000000	-1.14042	-1.1912	-0.0507786	-1.10629	-1.2648	-0.158502	1.0000	6
chr9:112000000-112500000	chr9	112000000	112500000	-1.0678	-1.21421	-0.146408	-1.02447	-1.20526	-0.180784	1.0000	4
chr9:112500000-113000000	chr9	112500000	113000000	-0.53298	-0.773407	-0.240427	-0.693955	-0.946126	-0.25217	1.0000	4
chr9:113000000-113500000	chr9	113000000	113500000	-0.530418	-0.660002	-0.129584	-0.633495	-0.908769	-0.275274	1.0000	15
chr9:113500000-114000000	chr9	113500000	114000000	-0.506042	-0.606529	-0.100487	-0.785856	-0.961119	-0.175263	1.0000	1
chr9:114000000-114500000	chr9	114000000	114500000	-0.250121	-0.486127	-0.236006	-0.475337	-0.536503	-0.0611656	1.0000	6
chr9:114500000-115000000	chr9	114500000	115000000	-0.43366	-0.532956	-0.0992963	-0.8874	-0.683649	0.203751	1.0000	7
chr9:115000000-115500000	chr9	115000000	115500000	-0.510218	-0.533888	-0.0236703	-0.524322	-0.703397	-0.179075	1.0000	1
chr9:115500000-116000000	chr9	115500000	116000000	-0.616714	-0.527713	0.0890011	-0.527677	-0.635965	-0.108287	1.0000	0
chr9:116000000-116500000	chr9	116000000	116500000	-0.323336	-0.387494	-0.0641585	-0.324284	-0.503176	-0.178893	1.0000	1
chr9:116500000-117000000	chr9	116500000	117000000	0.526542	0.593485	0.066943	0.449335	0.21787	-0.231466	1.0000	1
chr9:117000000-117500000	chr9	117000000	117500000	1.37058	1.42753	0.0569466	1.1463	1.0502	-0.0960968	1.0000	1
chr9:117500000-118000000	chr9	117500000	118000000	0.99754	1.33015	0.33261	1.23621	1.01377	-0.222443	1.0000	1
chr9:118000000-118500000	chr9	118000000	118500000	0.911021	1.23205	0.321026	0.786491	1.17138	0.384887	1.0000	0
chr9:118500000-119000000	chr9	118500000	119000000	0.629954	0.724156	0.0942018	0.521697	0.839919	0.318222	1.0000	0
chr9:119000000-119500000	chr9	119000000	119500000	0.869092	1.20821	0.339118	0.815123	0.945217	0.130094	1.0000	1
chr9:119500000-120000000	chr9	119500000	120000000	1.34484	1.50835	0.163512	0.847373	1.05785	0.210479	1.0000	0
chr9:120000000-120500000	chr9	120000000	120500000	1.27537	1.16051	-0.114868	1.01101	0.766963	-0.244045	1.0000	0
chr9:120500000-121000000	chr9	120500000	121000000	-0.16687	-0.257931	-0.0910612	-0.134273	-0.255585	-0.121313	1.0000	7
chr9:121000000-121500000	chr9	121000000	121500000	-0.668309	-0.611426	0.0568826	-0.57822	-0.605519	-0.0272987	1.0000	6
chr9:121500000-122000000	chr9	121500000	122000000	0.0665724	-0.101833	-0.168406	-0.340126	-0.416143	-0.0760173	1.0000	1
chr9:122000000-122500000	chr9	122000000	122500000	0.147911	0.0275231	-0.120388	-0.13101	-0.207514	-0.0765039	1.0000	8
chr9:122500000-123000000	chr9	122500000	123000000	0.186121	0.305136	0.119015	-0.0667674	0.30148	0.368248	1.0000	18
chr9:123000000-123500000	chr9	123000000	123500000	-0.33512	-0.532926	-0.197805	-0.524554	-0.864931	-0.340377	1.0000	3
chr9:123500000-124000000	chr9	123500000	124000000	-0.403348	-0.610933	-0.207585	-0.84832	-0.896419	-0.048099	1.0000	1
chr9:124000000-124500000	chr9	124000000	124500000	-0.654453	-0.770183	-0.11573	-0.837951	-0.865277	-0.0273266	1.0000	4
chr9:124500000-125000000	chr9	124500000	125000000	-1.23783	-1.11304	0.124793	-1.19679	-1.27128	-0.0744925	1.0000	7
chr9:125000000-125500000	chr9	125000000	125500000	-1.11166	-0.991416	0.12024	-1.10882	-1.30074	-0.191911	1.0000	5
chr9:125500000-126000000	chr9	125500000	126000000	-1.27753	-1.4826	-0.205071	-1.19136	-1.31461	-0.123251	1.0000	2
chr9:126000000-126500000	chr9	126000000	126500000	-0.639938	-0.65079	-0.0108519	-0.959313	-1.16211	-0.202796	1.0000	1
chr9:126500000-127000000	chr9	126500000	127000000	-0.767443	-0.935699	-0.168256	-1.10085	-1.05796	0.0428918	1.0000	4
chr9:127000000-127500000	chr9	127000000	127500000	-0.769766	-0.753653	0.0161135	-1.14021	-1.093	0.0472143	1.0000	6
chr9:127500000-128000000	chr9	127500000	128000000	-1.0794	-0.841389	0.238007	-1.10695	-0.967289	0.139665	1.0000	16
chr9:128000000-128500000	chr9	128000000	128500000	-0.980574	-0.833199	0.147375	-1.05699	-1.18797	-0.130988	1.0000	15
chr9:128500000-129000000	chr9	128500000	129000000	-1.02911	-0.971338	0.0577718	-1.23671	-1.1736	0.0631124	1.0000	15
chr9:129000000-129500000	chr9	129000000	129500000	-0.721058	-0.900865	-0.179807	-1.27783	-1.03889	0.23894	1.0000	6
chr9:129500000-130000000	chr9	129500000	130000000	-0.864899	-0.893721	-0.0288218	-1.15974	-1.01224	0.147503	1.0000	9
chr9:130000000-130500000	chr9	130000000	130500000	-0.802044	-0.838049	-0.0360059	-1.10718	-1.03704	0.0701355	1.0000	5
chr9:130500000-131000000	chr9	130500000	131000000	-1.02199	-0.893425	0.128569	-1.21969	-1.19492	0.0247658	1.0000	7
chr9:131000000-131500000	chr9	131000000	131500000	-0.897429	-0.854242	0.0431863	-1.34509	-1.2237	0.12139	1.0000	6
chr9:131500000-132000000	chr9	131500000	132000000	-0.870354	-0.857257	0.0130963	-1.06673	-1.08983	-0.0230986	1.0000	4
chr9:132000000-132500000	chr9	132000000	132500000	-0.73356	-0.866314	-0.132753	-1.09371	-1.15509	-0.0613817	1.0000	5
chr9:132500000-133000000	chr9	132500000	133000000	-0.72899	-0.852174	-0.123184	-1.01518	-1.07842	-0.0632434	1.0000	7
chr9:133000000-133500000	chr9	133000000	133500000	-0.794094	-0.722245	0.0718483	-0.984982	-0.827001	0.157981	1.0000	16
chr9:133500000-134000000	chr9	133500000	134000000	-0.498039	-0.508772	-0.0107323	-0.68632	-0.755428	-0.0691083	1.0000	6
chr9:134000000-134500000	chr9	134000000	134500000	-0.596794	-0.838631	-0.241837	-0.979252	-0.68357	0.295682	0.9400	6
chr9:134500000-135000000	chr9	134500000	135000000	-0.365474	-0.706681	-0.341207	-0.769395	-0.710763	0.0586316	1.0000	3
chr9:135000000-135500000	chr9	135000000	135500000	0.151829	-0.246413	-0.398242	-0.382966	-0.413656	-0.0306896	1.0000	3
chr9:135500000-136000000	chr9	135500000	136000000	-0.222036	-0.442995	-0.22096	-0.538286	-0.535673	0.00261252	1.0000	11
chr9:136000000-136500000	chr9	136000000	136500000	-0.517293	-0.715534	-0.198241	-1.04395	-0.758993	0.284953	1.0000	13
chr9:136500000-137000000	chr9	136500000	137000000	-0.702487	-0.8811	-0.178614	-1.02491	-0.761134	0.263774	1.0000	23
chr9:137000000-137500000	chr9	137000000	137500000	-0.705191	-0.769117	-0.0639257	-0.895942	-0.644768	0.251174	0.9800	31
chr9:137500000-138000000	chr9	137500000	138000000	0.0291905	-0.120338	-0.149528	-0.447768	-0.299146	0.148622	0.9400	7
chr9:138000000-138394717	chr9	138000000	138394717	nan	nan	nan	nan	nan	nan	0.4307	0
chr10:0-500000	chr10	0	500000	nan	nan	nan	nan	nan	nan	0.0000	2
chr10:500000-1000000	chr10	500000	1000000	nan	nan	nan	nan	nan	nan	0.0000	3
chr10:1000000-1500000	chr10	1000000	1500000	nan	nan	nan	nan	nan	nan	0.0000	3
chr10:1500000-2000000	chr10	1500000	2000000	nan	nan	nan	nan	nan	nan	0.0000	1
chr10:2000000-2500000	chr10	2000000	2500000	nan	nan	nan	nan	nan	nan	0.0000	0
chr10:2500000-3000000	chr10	2500000	3000000	nan	nan	nan	nan	nan	nan	0.0000	0
chr10:3000000-3500000	chr10	3000000	3500000	-0.70992	-0.650665	0.0592551	-0.579258	-0.733665	-0.154407	0.9200	2
chr10:3500000-4000000	chr10	3500000	4000000	-0.842656	-1.08468	-0.242022	-0.867721	-0.890563	-0.0228419	1.0000	1
chr10:4000000-4500000	chr10	4000000	4500000	-0.922031	-0.962662	-0.040631	-0.850013	-1.11526	-0.265248	1.0000	0
chr10:4500000-5000000	chr10	4500000	5000000	-0.692042	-0.691398	0.000644068	-0.565439	-0.604438	-0.038999	1.0000	2
chr10:5000000-5500000	chr10	5000000	5500000	0.210749	0.320237	0.109488	0.182399	0.263087	0.0806874	1.0000	8
chr10:5500000-6000000	chr10	5500000	6000000	-0.270318	-0.268376	0.00194239	-0.229062	-0.520461	-0.291399	1.0000	7
chr10:6000000-6500000	chr10	6000000	6500000	0.147839	-0.154572	-0.302411	-0.0644563	-0.271863	-0.207407	1.0000	3
chr10:6500000-7000000	chr10	6500000	7000000	0.681695	0.492413	-0.189282	0.249688	0.129079	-0.12061	1.0000	1
chr10:7000000-7500000	chr10	7000000	7500000	0.721331	0.383395	-0.337936	0.432892	0.273456	-0.159436	1.0000	1
chr10:7500000-8000000	chr10	7500000	8000000	0.500483	0.219822	-0.280661	0.357771	0.358734	0.000962513	1.0000	5
chr10:8000000-8500000	chr10	8000000	8500000	0.194108	-0.220283	-0.414391	0.0650118	-0.162579	-0.227591	1.0000	1
chr10:8500000-9000000	chr10	8500000	9000000	0.378787	-0.0585932	-0.43738	0.494986	0.23611	-0.258875	1.0000	0
chr10:9000000-9500000	chr10	9000000	9500000	0.312459	0.18575	-0.126709	0.345277	0.451727	0.106451	1.0000	0
chr10:9500000-10000000	chr10	9500000	10000000	-0.0822231	0.381312	0.463535	0.196955	0.566493	0.369537	1.0000	0
chr10:10000000-10500000	chr10	10000000	10500000	0.314724	0.737752	0.423029	0.260476	0.528191	0.267715	1.0000	0
chr10:10500000-11000000	chr10	10500000	11000000	0.263213	0.328676	0.0654632	0.243581	0.142072	-0.101509	1.0000	0
chr10:11000000-11500000	chr10	11000000	11500000	0.71681	0.585308	-0.131501	0.598361	0.455895	-0.142466	1.0000	1
chr10:11500000-12000000	chr10	11500000	12000000	-0.16085	-0.498612	-0.337762	-0.529821	-0.508044	0.0217771	1.0000	3
chr10:12000000-12500000	chr10	12000000	12500000	-0.585688	-0.645977	-0.0602891	-0.626294	-0.891493	-0.265199	1.0000	6
chr10:12500000-13000000	chr10	12500000	13000000	-0.126573	-0.550695	-0.424122	-0.406714	-0.651978	-0.245263	1.0000	0
chr10:13000000-13500000	chr10	13000000	13500000	-0.172801	-0.48001	-0.307209	-0.420988	-0.949556	-0.528567	1.0000	6
chr10:13500000-14000000	chr10	13500000	14000000	-0.276038	-0.491297	-0.215259	-0.529949	-0.822172	-0.292223	1.0000	2
chr10:14000000-14500000	chr10	14000000	14500000	-0.211304	-0.512335	-0.301031	-0.532945	-0.700769	-0.167825	1.0000	1
chr10:14500000-15000000	chr10	14500000	15000000	-0.367883	-0.498048	-0.130165	-0.235026	-0.640917	-0.40589	1.0000	8
chr10:15000000-15500000	chr10	15000000	15500000	-0.0296263	-0.491284	-0.461657	-0.200238	-0.504415	-0.304176	1.0000	5
chr10:15500000-16000000	chr10	15500000	16000000	0.0378821	-0.0729603	-0.110842	0.262687	-0.057553	-0.320239	1.0000	2
chr10:16000000-16500000	chr10	16000000	16500000	1.09596	1.24586	0.149903	1.16662	1.05323	-0.113391	1.0000	1
chr10:16500000-17000000	chr10	16500000	17000000	0.30834	0.0729761	-0.235364	0.139467	-0.044116	-0.183583	1.0000	2
chr10:17000000-17500000	chr10	17000000	17500000	-0.453737	-0.541178	-0.0874406	-0.255698	-0.420452	-0.164754	1.0000	4
chr10:17500000-18000000	chr10	17500000	18000000	-0.482217	-0.413058	0.0691589	-0.398506	-0.525978	-0.127471	1.0000	5
chr10:18000000-18500000	chr10	18000000	18500000	0.0156376	-0.0289356	-0.0445732	0.19233	-0.0601876	-0.252518	1.0000	1
chr10:18500000-19000000	chr10	18500000	19000000	0.171479	0.369204	0.197726	0.258262	0.460575	0.202313	1.0000	2
chr10:19000000-19500000	chr10	19000000	19500000	0.298575	0.459381	0.160806	0.415093	0.768194	0.353101	1.0000	1
chr10:19500000-20000000	chr10	19500000	20000000	0.174687	0.344721	0.170034	0.41162	0.403235	-0.0083845	1.0000	1
chr10:20000000-20500000	chr10	20000000	20500000	0.714278	0.896535	0.182256	0.636792	0.952114	0.315322	1.0000	0
chr10:20500000-21000000	chr10	20500000	21000000	0.288249	0.612597	0.324348	0.484392	0.624635	0.140243	1.0000	1
chr10:21000000-21500000	chr10	21000000	21500000	-0.215557	-0.377263	-0.161705	-0.226768	-0.374143	-0.147376	1.0000	0
chr10:21500000-22000000	chr10	21500000	22000000	-0.998928	-1.00362	-0.00469055	-0.926307	-0.798552	0.127755	1.0000	2
chr10:22000000-22500000	chr10	22000000	22500000	-0.110341	-0.262941	-0.1526	0.0635285	0.0192176	-0.0443109	1.0000	5
chr10:22500000-23000000	chr10	22500000	23000000	-0.0179636	-0.0659331	-0.0479696	-0.0172024	0.0306654	0.0478678	1.0000	2
chr10:23000000-23500000	chr10	23000000	23500000	0.47608	0.492958	0.0168786	0.349513	0.452327	0.102814	1.0000	4
chr10:23500000-24000000	chr10	23500000	24000000	1.09849	1.41421	0.31572	0.970754	1.25318	0.282422	1.0000	0
chr10:24000000-24500000	chr10	24000000	24500000	0.666613	0.551612	-0.115001	0.6149	0.472083	-0.142817	1.0000	1
chr10:24500000-25000000	chr10	24500000	25000000	0.00254116	-0.0645303	-0.0670714	0.090193	-0.08678	-0.176973	1.0000	2
chr10:25000000-25500000	chr10	25000000	25500000	0.608282	0.948771	0.340489	0.758022	1.02574	0.267717	1.0000	3
chr10:25500000-26000000	chr10	25500000	26000000	0.916428	1.2396	0.323171	1.05076	1.22209	0.17133	1.0000	1
chr10:26000000-26500000	chr10	26000000	26500000	0.972239	0.995388	0.0231491	0.859474	0.895619	0.0361449	1.0000	2
chr10:26500000-27000000	chr10	26500000	27000000	0.392059	0.0691699	-0.322889	0.395859	0.192977	-0.202883	1.0000	2
chr10:27000000-27500000	chr10	27000000	27500000	-0.0903878	-0.250439	-0.160051	0.0929228	-0.165822	-0.258745	1.0000	4
chr10:27500000-28000000	chr10	27500000	28000000	-0.211249	-0.319816	-0.108567	-0.363351	-0.452818	-0.0894676	1.0000	3
chr10:28000000-28500000	chr10	28000000	28500000	-0.644785	-0.729584	-0.0847986	-0.743212	-0.6965	0.046712	1.0000	1
chr10:28500000-29000000	chr10	28500000	29000000	-1.10644	-1.05054	0.0558949	-0.906372	-1.23713	-0.330755	1.0000	2
chr10:29000000-29500000	chr10	29000000	29500000	-0.998779	-0.981187	0.0175928	-1.0376	-1.2267	-0.189098	1.0000	1
chr10:29500000-30000000	chr10	29500000	30000000	-0.873795	-0.935751	-0.0619561	-0.937568	-1.07255	-0.134987	1.0000	1
chr10:30000000-30500000	chr10	30000000	30500000	-0.881572	-0.950684	-0.0691119	-1.28525	-1.10082	0.184425	1.0000	3
chr10:30500000-31000000	chr10	30500000	31000000	-0.69647	-0.787174	-0.0907044	-0.928332	-1.05514	-0.126803	1.0000	1
chr10:31000000-31500000	chr10	31000000	31500000	-1.20341	-1.17749	0.0259211	-1.2066	-1.06578	0.140826	1.0000	2
chr10:31500000-32000000	chr10	31500000	32000000	-0.946476	-0.98632	-0.0398438	-1.11475	-1.16716	-0.0524064	1.0000	1
chr10:32000000-32500000	chr10	32000000	32500000	-1.10783	-1.04143	0.0664019	-0.964098	-1.23729	-0.273188	1.0000	3
chr10:32500000-33000000	chr10	32500000	33000000	-0.51756	-0.672952	-0.155392	-0.492657	-0.475829	0.0168285	1.0000	1
chr10:33000000-33500000	chr10	33000000	33500000	-0.968481	-0.807566	0.160915	-0.62044	-1.01559	-0.395149	1.0000	1
chr10:33500000-34000000	chr10	33500000	34000000	-0.626121	-0.749367	-0.123246	-0.884039	-1.19638	-0.312345	1.0000	0
chr10:34000000-34500000	chr10	34000000	34500000	-1.01716	-0.919232	0.0979293	-0.984977	-1.22202	-0.237041	1.0000	0
chr10:34500000-35000000	chr10	34500000	35000000	-0.905786	-1.02937	-0.123582	-1.10927	-1.10838	0.0008945	1.0000	1
chr10:35000000-35500000	chr10	35000000	35500000	-0.950874	-0.860979	0.0898955	-0.82008	-0.997759	-0.177679	1.0000	3
chr10:35500000-36000000	chr10	35500000	36000000	-0.488659	-0.596315	-0.107656	-0.61946	-0.719193	-0.0997327	1.0000	2
chr10:36000000-36500000	chr10	36000000	36500000	-0.622672	-0.770167	-0.147495	-0.56881	-0.803194	-0.234384	1.0000	0
chr10:36500000-37000000	chr10	36500000	37000000	-0.384473	-0.390347	-0.00587356	-0.4754	-0.4405	0.0349	1.0000	0
chr10:37000000-37500000	chr10	37000000	37500000	0.89723	1.06052	0.163286	0.861582	1.19589	0.334306	1.0000	1
chr10:37500000-38000000	chr10	37500000	38000000	1.11125	0.995934	-0.115315	0.98697	1.13291	0.145939	1.0000	3
chr10:38000000-38500000	chr10	38000000	38500000	0.857943	0.701831	-0.156113	0.903149	0.811325	-0.091824	0.9600	2
chr10:38500000-39000000	chr10	38500000	39000000	nan	nan	nan	nan	nan	nan	0.4200	0
chr10:39000000-39500000	chr10	39000000	39500000	0.718285	0.831876	0.11359	0.940273	1.17459	0.234312	1.0000	0
chr10:39500000-40000000	chr10	39500000	40000000	0.0518136	0.126796	0.0749825	0.222662	0.326016	0.103353	0.7000	0
chr10:40000000-40500000	chr10	40000000	40500000	nan	nan	nan	nan	nan	nan	0.0000	0
chr10:40500000-41000000	chr10	40500000	41000000	nan	nan	nan	nan	nan	nan	0.0000	0
chr10:41000000-41500000	chr10	41000000	41500000	nan	nan	nan	nan	nan	nan	0.0000	0
chr10:41500000-42000000	chr10	41500000	42000000	nan	nan	nan	nan	nan	nan	0.2200	0
chr10:42000000-42500000	chr10	42000000	42500000	0.833744	1.10668	0.27294	0.7383	1.13754	0.399244	0.6800	0
chr10:42500000-43000000	chr10	42500000	43000000	1.02876	0.832399	-0.196356	0.878002	0.990758	0.112756	1.0000	2
chr10:43000000-43500000	chr10	43000000	43500000	0.481346	0.352429	-0.128917	0.245788	0.43079	0.185003	1.0000	8
chr10:43500000-44000000	chr10	43500000	44000000	-0.0871139	-0.133792	-0.0466783	-0.305244	-0.38281	-0.0775657	1.0000	3
chr10:44000000-44500000	chr10	44000000	44500000	-0.0611952	0.0245977	0.085793	-0.25499	-0.396297	-0.141307	1.0000	1
chr10:44500000-45000000	chr10	44500000	45000000	0.0367994	-0.182013	-0.218812	0.100521	-0.195394	-0.295915	1.0000	3
chr10:45000000-45500000	chr10	45000000	45500000	0.533382	0.672712	0.139329	0.821199	0.784028	-0.0371713	1.0000	3
chr10:45500000-46000000	chr10	45500000	46000000	-0.0196364	-0.115418	-0.0957814	0.170148	0.0508982	-0.11925	1.0000	5
chr10:46000000-46500000	chr10	46000000	46500000	0.23938	-0.00935231	-0.248732	0.0360039	0.0180269	-0.017977	1.0000	5
chr10:46500000-47000000	chr10	46500000	47000000	0.14504	0.0495099	-0.09553	0.170306	0.120845	-0.049461	1.0000	3
chr10:47000000-47500000	chr10	47000000	47500000	0.774259	0.638499	-0.13576	0.51227	0.338461	-0.173809	1.0000	6
chr10:47500000-48000000	chr10	47500000	48000000	-0.0380529	-0.339928	-0.301875	-0.211321	-0.173537	0.0377835	0.8200	4
chr10:48000000-48500000	chr10	48000000	48500000	-0.0260778	-0.147964	-0.121886	-0.147596	-0.109228	0.0383683	1.0000	2
chr10:48500000-49000000	chr10	48500000	49000000	1.04262	0.8403	-0.20232	0.487494	0.604594	0.1171	1.0000	3
chr10:49000000-49500000	chr10	49000000	49500000	1.16914	0.966431	-0.202705	0.765571	0.95804	0.192469	1.0000	5
chr10:49500000-50000000	chr10	49500000	50000000	0.37491	0.209343	-0.165567	0.425991	0.236357	-0.189634	1.0000	9
chr10:50000000-50500000	chr10	50000000	50500000	0.280409	0.224106	-0.0563031	0.374391	-0.0337548	-0.408146	1.0000	2
chr10:50500000-51000000	chr10	50500000	51000000	0.357104	0.405355	0.0482505	0.327399	0.592524	0.265126	1.0000	3
chr10:51000000-51500000	chr10	51000000	51500000	0.624704	0.458746	-0.165957	0.693347	0.858196	0.164849	1.0000	1
chr10:51500000-52000000	chr10	51500000	52000000	0.441135	0.679682	0.238547	0.89351	0.826996	-0.0665144	1.0000	1
chr10:52000000-52500000	chr10	52000000	52500000	0.320027	0.204793	-0.115234	0.609055	0.529913	-0.0791426	1.0000	1
chr10:52500000-53000000	chr10	52500000	53000000	0.238744	0.0684491	-0.170295	0.526784	0.332562	-0.194222	1.0000	1
chr10:53000000-53500000	chr10	53000000	53500000	0.58809	0.706575	0.118485	0.751847	0.921603	0.169756	1.0000	1
chr10:53500000-54000000	chr10	53500000	54000000	0.425646	0.432201	0.00655478	0.648966	0.971601	0.322636	1.0000	0
chr10:54000000-54500000	chr10	54000000	54500000	0.609484	1.11252	0.503033	0.865368	1.29961	0.434238	1.0000	0
chr10:54500000-55000000	chr10	54500000	55000000	0.528837	0.381048	-0.147789	0.467597	0.956107	0.48851	1.0000	1
chr10:55000000-55500000	chr10	55000000	55500000	-0.185973	-0.185521	0.000452273	0.392437	0.275338	-0.117099	1.0000	0
chr10:55500000-56000000	chr10	55500000	56000000	0.510942	0.626343	0.1154	0.73955	1.17724	0.437686	1.0000	0
chr10:56000000-56500000	chr10	56000000	56500000	0.520729	0.814905	0.294176	0.924173	1.38175	0.457576	1.0000	1
chr10:56500000-57000000	chr10	56500000	57000000	0.828895	0.956445	0.12755	0.881025	1.31445	0.433428	1.0000	0
chr10:57000000-57500000	chr10	57000000	57500000	0.84965	1.03021	0.180559	1.02442	1.48519	0.46077	1.0000	0
chr10:57500000-58000000	chr10	57500000	58000000	0.35791	0.685327	0.327417	0.81288	0.705207	-0.107673	1.0000	0
chr10:58000000-58500000	chr10	58000000	58500000	-0.0994217	-0.264607	-0.165185	0.210555	0.105635	-0.10492	1.0000	4
chr10:58500000-59000000	chr10	58500000	59000000	0.0826933	-0.0813693	-0.164063	0.283932	-0.0346823	-0.318614	1.0000	1
chr10:59000000-59500000	chr10	59000000	59500000	0.36577	0.318484	-0.0472855	0.451794	0.432737	-0.0190573	1.0000	2
chr10:59500000-60000000	chr10	59500000	60000000	0.165505	0.22764	0.062135	0.249596	0.169466	-0.0801303	1.0000	3
chr10:60000000-60500000	chr10	60000000	60500000	-0.734963	-0.723853	0.0111098	-0.384929	-0.69981	-0.314882	1.0000	1
chr10:60500000-61000000	chr10	60500000	61000000	-0.827602	-0.851797	-0.0241957	-0.377455	-0.571378	-0.193923	1.0000	2
chr10:61000000-61500000	chr10	61000000	61500000	0.000162346	-0.0846606	-0.0848229	0.0700317	-0.254485	-0.324516	1.0000	1
chr10:61500000-62000000	chr10	61500000	62000000	-0.497412	-0.622071	-0.124659	-0.0201578	-0.506738	-0.486581	1.0000	2
chr10:62000000-62500000	chr10	62000000	62500000	-0.721577	-0.766482	-0.0449052	-0.349082	-0.492848	-0.143766	1.0000	2
chr10:62500000-63000000	chr10	62500000	63000000	-0.198701	-0.103805	0.0948966	-0.242622	-0.317183	-0.074561	1.0000	2
chr10:63000000-63500000	chr10	63000000	63500000	-1.09783	-1.06765	0.0301862	-1.00218	-0.931303	0.0708752	1.0000	2
chr10:63500000-64000000	chr10	63500000	64000000	-0.314618	-0.24197	0.0726476	-0.31151	-0.401834	-0.090324	1.0000	1
chr10:64000000-64500000	chr10	64000000	64500000	0.946853	1.03873	0.0918812	0.970017	1.07625	0.106234	1.0000	0
chr10:64500000-65000000	chr10	64500000	65000000	0.485244	0.98158	0.496337	0.84952	1.13587	0.286354	1.0000	0
chr10:65000000-65500000	chr10	65000000	65500000	0.384647	0.478529	0.0938818	0.497645	0.929618	0.431973	1.0000	0
chr10:65500000-66000000	chr10	65500000	66000000	0.255526	0.592636	0.33711	0.878341	1.00317	0.124826	1.0000	0
chr10:66000000-66500000	chr10	66000000	66500000	0.626089	0.793452	0.167363	0.945036	1.14481	0.199774	1.0000	0
chr10:66500000-67000000	chr10	66500000	67000000	0.0280531	0.278179	0.250126	0.327834	0.356979	0.0291451	1.0000	1
chr10:67000000-67500000	chr10	67000000	67500000	0.52809	0.79316	0.265071	0.597653	0.992366	0.394713	1.0000	0
chr10:67500000-68000000	chr10	67500000	68000000	-0.178988	-0.290361	-0.111373	-0.350491	-0.222651	0.12784	1.0000	3
chr10:68000000-68500000	chr10	68000000	68500000	-1.18541	-1.04792	0.137489	-1.30555	-1.22191	0.0836416	1.0000	7
chr10:68500000-69000000	chr10	68500000	69000000	-1.11067	-1.13685	-0.0261787	-1.12133	-1.29469	-0.173367	1.0000	7
chr10:69000000-69500000	chr10	69000000	69500000	-0.935802	-0.904438	0.0313636	-1.1616	-1.25379	-0.0921809	1.0000	7
chr10:69500000-70000000	chr10	69500000	70000000	-0.696058	-0.72224	-0.0261823	-0.803281	-1.10887	-0.305585	1.0000	3
chr10:70000000-70500000	chr10	70000000	70500000	-0.706979	-0.877496	-0.170517	-1.05059	-1.25386	-0.203269	1.0000	10
chr10:70500000-71000000	chr10	70500000	71000000	-0.682752	-0.960646	-0.277894	-1.04992	-0.987048	0.0628742	1.0000	5
chr10:71000000-71500000	chr10	71000000	71500000	-0.300881	-0.714773	-0.413892	-0.90356	-0.989443	-0.0858831	1.0000	3
chr10:71500000-72000000	chr10	71500000	72000000	-0.489213	-0.717909	-0.228696	-1.04596	-1.02147	0.0244975	1.0000	4
chr10:72000000-72500000	chr10	72000000	72500000	-0.997795	-1.00602	-0.00822438	-1.15323	-1.08902	0.0642041	1.0000	5
chr10:72500000-73000000	chr10	72500000	73000000	-1.28905	-1.21754	0.0715133	-1.25168	-1.24543	0.0062499	1.0000	4
chr10:73000000-73500000	chr10	73000000	73500000	-1.54159	-1.4553	0.0862923	-1.35116	-1.37523	-0.0240677	1.0000	10
chr10:73500000-74000000	chr10	73500000	74000000	-1.08254	-1.08702	-0.00448704	-1.23532	-1.31233	-0.0770026	1.0000	12
chr10:74000000-74500000	chr10	74000000	74500000	-1.59922	-1.53738	0.0618425	-1.3346	-1.30284	0.0317562	1.0000	2
chr10:74500000-75000000	chr10	74500000	75000000	-1.36723	-1.31467	0.0525583	-1.22726	-1.41199	-0.184736	1.0000	1
chr10:75000000-75500000	chr10	75000000	75500000	-0.843608	-0.988153	-0.144545	-0.910556	-1.1827	-0.272139	1.0000	8
chr10:75500000-76000000	chr10	75500000	76000000	-0.434751	-0.619553	-0.184802	-0.586829	-0.942396	-0.355567	1.0000	0
chr10:76000000-76500000	chr10	76000000	76500000	-0.745084	-0.957403	-0.212319	-0.701907	-1.07632	-0.374414	1.0000	0
chr10:76500000-77000000	chr10	76500000	77000000	-0.538897	-0.820901	-0.282004	-0.923387	-0.880287	0.0430998	1.0000	0
chr10:77000000-77500000	chr10	77000000	77500000	-0.740883	-0.790983	-0.0500995	-0.904915	-1.06607	-0.161158	1.0000	0
chr10:77500000-78000000	chr10	77500000	78000000	-0.818	-0.789401	0.0285986	-0.82884	-1.01599	-0.187151	1.0000	2
chr10:78000000-78500000	chr10	78000000	78500000	-0.629624	-0.844294	-0.21467	-0.839724	-1.1403	-0.30058	1.0000	2
chr10:78500000-79000000	chr10	78500000	79000000	-0.574589	-0.737858	-0.16327	-0.796961	-1.16953	-0.37257	1.0000	0
chr10:79000000-79500000	chr10	79000000	79500000	-0.33217	-0.575269	-0.243099	-0.604589	-0.644621	-0.0400317	1.0000	3
chr10:79500000-80000000	chr10	79500000	80000000	-0.202436	-0.601096	-0.39866	-0.467818	-0.380222	0.0875964	1.0000	6
chr10:80000000-80500000	chr10	80000000	80500000	0.0896317	-0.117101	-0.206733	-0.0638501	-0.27237	-0.20852	1.0000	8
chr10:80500000-81000000	chr10	80500000	81000000	0.96218	0.93962	-0.0225592	0.920629	0.810968	-0.109661	1.0000	1
chr10:81000000-81500000	chr10	81000000	81500000	0.693045	1.00531	0.312267	0.715575	1.57606	0.860485	1.0000	0
chr10:81500000-82000000	chr10	81500000	82000000	0.865265	1.0227	0.157434	1.01401	1.23004	0.216033	1.0000	1
chr10:82000000-82500000	chr10	82000000	82500000	0.742072	0.968134	0.226062	0.919953	1.20663	0.28668	1.0000	0
chr10:82500000-83000000	chr10	82500000	83000000	0.456726	0.632428	0.175702	0.513712	0.592979	0.0792676	1.0000	0
chr10:83000000-83500000	chr10	83000000	83500000	0.277173	0.230441	-0.0467319	0.532915	0.488869	-0.0440455	1.0000	0
chr10:83500000-84000000	chr10	83500000	84000000	0.392382	0.29131	-0.101072	0.44802	0.351927	-0.0960932	1.0000	0
chr10:84000000-84500000	chr10	84000000	84500000	-0.0981538	0.0676346	0.165788	0.178912	0.0199776	-0.158934	1.0000	7
chr10:84500000-85000000	chr10	84500000	85000000	0.430958	0.632356	0.201397	0.576195	0.5246	-0.0515953	1.0000	0
chr10:85000000-85500000	chr10	85000000	85500000	0.4726	0.718299	0.245699	0.384813	0.587735	0.202922	1.0000	0
chr10:85500000-86000000	chr10	85500000	86000000	0.481857	0.895252	0.413396	0.451975	0.751377	0.299402	1.0000	0
chr10:86000000-86500000	chr10	86000000	86500000	0.564617	0.514679	-0.0499376	0.24139	0.159833	-0.0815574	1.0000	1
chr10:86500000-87000000	chr10	86500000	87000000	-0.733676	-0.74645	-0.0127744	-0.917814	-0.845506	0.0723082	1.0000	8
chr10:87000000-87500000	chr10	87000000	87500000	-1.03731	-0.811807	0.225503	-0.937564	-0.949224	-0.0116596	1.0000	5
chr10:87500000-88000000	chr10	87500000	88000000	-1.46059	-1.51878	-0.0581919	-1.20939	-1.16314	0.0462437	1.0000	5
chr10:88000000-88500000	chr10	88000000	88500000	-1.01695	-0.892835	0.124112	-0.903823	-1.14094	-0.237119	1.0000	0
chr10:88500000-89000000	chr10	88500000	89000000	-1.22387	-1.15769	0.0661798	-1.01335	-1.09464	-0.0812937	1.0000	10
chr10:89000000-89500000	chr10	89000000	89500000	-0.867202	-0.929711	-0.062509	-0.840268	-0.77162	0.0686478	1.0000	7
chr10:89500000-90000000	chr10	89500000	90000000	-0.703553	-0.745416	-0.0418621	-0.639931	-0.814627	-0.174695	1.0000	3
chr10:90000000-90500000	chr10	90000000	90500000	-0.66427	-0.78781	-0.123541	-0.485492	-0.708339	-0.222848	1.0000	0
chr10:90500000-91000000	chr10	90500000	91000000	-0.743744	-0.846983	-0.103239	-0.575499	-0.722925	-0.147426	1.0000	3
chr10:91000000-91500000	chr10	91000000	91500000	-0.881093	-0.977508	-0.0964145	-0.911967	-0.897603	0.0143645	1.0000	2
chr10:91500000-92000000	chr10	91500000	92000000	-1.14121	-1.32844	-0.18723	-1.09824	-1.0959	0.00234344	1.0000	4
chr10:92000000-92500000	chr10	92000000	92500000	-0.960543	-1.10647	-0.145926	-1.02224	-1.1799	-0.157664	1.0000	2
chr10:92500000-93000000	chr10	92500000	93000000	-1.00147	-1.14003	-0.138559	-0.949249	-1.00253	-0.0532824	1.0000	4
chr10:93000000-93500000	chr10	93000000	93500000	-0.805987	-0.739562	0.0664253	-0.78455	-1.01271	-0.228163	1.0000	4
chr10:93500000-94000000	chr10	93500000	94000000	-0.431556	-0.628779	-0.197223	-0.403523	-0.830091	-0.426568	1.0000	7
chr10:94000000-94500000	chr10	94000000	94500000	-0.240311	-0.648045	-0.407734	-0.356253	-0.577074	-0.220821	1.0000	2
chr10:94500000-95000000	chr10	94500000	95000000	1.05852	0.882352	-0.176171	0.843542	0.926602	0.0830599	1.0000	4
chr10:95000000-95500000	chr10	95000000	95500000	0.758801	0.416519	-0.342283	0.674191	0.672419	-0.00177168	1.0000	3
chr10:95500000-96000000	chr10	95500000	96000000	0.862339	0.719402	-0.142937	0.709747	0.61684	-0.0929065	1.0000	5
chr10:96000000-96500000	chr10	96000000	96500000	0.680137	0.485603	-0.194534	0.53534	0.437691	-0.0976482	1.0000	5
chr10:96500000-97000000	chr10	96500000	97000000	-0.752637	-0.768135	-0.0154978	-0.614898	-0.907743	-0.292845	1.0000	4
chr10:97000000-97500000	chr10	97000000	97500000	-0.282916	-0.622374	-0.339458	-0.523981	-0.801912	-0.277931	1.0000	10
chr10:97500000-98000000	chr10	97500000	98000000	-0.127146	-0.328614	-0.201468	-0.342253	-0.548455	-0.206202	1.0000	10
chr10:98000000-98500000	chr10	98000000	98500000	0.160577	0.0164294	-0.144148	0.0300344	-0.0702434	-0.100278	1.0000	5
chr10:98500000-99000000	chr10	98500000	99000000	0.249057	0.480905	0.231848	0.3431	0.298159	-0.0449408	1.0000	0
chr10:99000000-99500000	chr10	99000000	99500000	0.0499295	-0.0982406	-0.14817	-0.00223424	0.0301896	0.0324239	1.0000	3
chr10:99500000-100000000	chr10	99500000	100000000	-0.821821	-0.917145	-0.0953237	-0.91504	-0.987267	-0.0722263	1.0000	7
chr10:100000000-100500000	chr10	100000000	100500000	-0.898182	-1.05468	-0.156493	-1.107	-1.13459	-0.027594	1.0000	10
chr10:100500000-101000000	chr10	100500000	101000000	-0.617173	-0.926755	-0.309583	-0.806023	-1.22667	-0.420644	1.0000	9
chr10:101000000-101500000	chr10	101000000	101500000	-1.11009	-1.03634	0.0737464	-1.05737	-1.27055	-0.213174	1.0000	6
chr10:101500000-102000000	chr10	101500000	102000000	-0.92642	-0.957324	-0.0309033	-1.41788	-1.27049	0.147381	1.0000	8
chr10:102000000-102500000	chr10	102000000	102500000	-1.13309	-1.07273	0.060354	-1.17708	-1.17145	0.00563074	1.0000	14
chr10:102500000-103000000	chr10	102500000	103000000	-1.06416	-1.0021	0.0620628	-1.22832	-1.08109	0.147224	1.0000	11
chr10:103000000-103500000	chr10	103000000	103500000	-1.12474	-1.13074	-0.00599785	-1.35492	-1.32872	0.0262068	1.0000	11
chr10:103500000-104000000	chr10	103500000	104000000	-0.471428	-0.663061	-0.191633	-0.844981	-0.924365	-0.0793843	1.0000	3
chr10:104000000-104500000	chr10	104000000	104500000	-0.441315	-0.276712	0.164603	-0.587121	-0.468436	0.118685	1.0000	7
chr10:104500000-105000000	chr10	104500000	105000000	0.777722	1.02539	0.247664	0.727445	0.976046	0.248601	1.0000	1
chr10:105000000-105500000	chr10	105000000	105500000	0.775289	1.14717	0.37188	0.935813	0.886114	-0.0496988	1.0000	0
chr10:105500000-106000000	chr10	105500000	106000000	0.685606	0.891403	0.205797	0.724469	0.959139	0.234669	1.0000	0
chr10:106000000-106500000	chr10	106000000	106500000	0.598135	0.91519	0.317055	0.635156	1.22348	0.58832	1.0000	0
chr10:106500000-107000000	chr10	106500000	107000000	0.698515	1.01956	0.321041	0.606673	0.924681	0.318008	1.0000	0
chr10:107000000-107500000	chr10	107000000	107500000	0.688128	0.813189	0.125061	0.86077	1.03639	0.175621	1.0000	1
chr10:107500000-108000000	chr10	107500000	108000000	0.416288	0.563813	0.147526	0.485659	0.584724	0.0990647	1.0000	0
chr10:108000000-108500000	chr10	108000000	108500000	0.274644	0.175641	-0.0990032	0.215978	0.193861	-0.0221172	1.0000	0
chr10:108500000-109000000	chr10	108500000	109000000	0.0743082	-0.241058	-0.315366	0.214029	0.0562593	-0.157769	1.0000	0
chr10:109000000-109500000	chr10	109000000	109500000	0.319904	0.19635	-0.123554	0.214965	0.00854729	-0.206418	1.0000	0
chr10:109500000-110000000	chr10	109500000	110000000	0.23596	0.246671	0.0107113	0.378192	0.0885913	-0.289601	1.0000	1
chr10:110000000-110500000	chr10	110000000	110500000	-0.972475	-0.808998	0.163477	-0.867894	-0.740697	0.127197	1.0000	4
chr10:110500000-111000000	chr10	110500000	111000000	-0.993399	-0.886799	0.1066	-0.505283	-0.514292	-0.00900885	1.0000	5
chr10:111000000-111500000	chr10	111000000	111500000	0.978244	1.0854	0.107157	0.904038	0.839095	-0.0649426	1.0000	1
chr10:111500000-112000000	chr10	111500000	112000000	1.31545	1.60763	0.292186	1.08749	1.39579	0.308299	1.0000	0
chr10:112000000-112500000	chr10	112000000	112500000	0.600913	0.70999	0.109078	0.425468	0.438651	0.0131825	1.0000	5
chr10:112500000-113000000	chr10	112500000	113000000	-0.53025	-0.555308	-0.0250583	-0.516207	-0.759984	-0.243777	1.0000	1
chr10:113000000-113500000	chr10	113000000	113500000	-0.130488	-0.289102	-0.158614	-0.18887	-0.632738	-0.443868	1.0000	0
chr10:113500000-114000000	chr10	113500000	114000000	-0.167667	-0.331803	-0.164136	-0.192489	-0.561723	-0.369234	1.0000	6
chr10:114000000-114500000	chr10	114000000	114500000	-0.444864	-0.49092	-0.0460563	-0.47969	-0.801045	-0.321356	1.0000	5
chr10:114500000-115000000	chr10	114500000	115000000	-0.859553	-0.687708	0.171845	-0.612592	-0.530086	0.0825061	1.0000	3
chr10:115000000-115500000	chr10	115000000	115500000	0.563346	0.811841	0.248495	0.786522	1.10357	0.317052	1.0000	1
chr10:115500000-116000000	chr10	115500000	116000000	0.685031	0.905263	0.220232	0.844285	1.13468	0.290397	1.0000	0
chr10:116000000-116500000	chr10	116000000	116500000	1.07483	1.23989	0.165057	0.985984	1.12648	0.140492	1.0000	3
chr10:116500000-117000000	chr10	116500000	117000000	0.946301	1.02749	0.0811928	1.06917	0.976972	-0.0922014	1.0000	5
chr10:117000000-117500000	chr10	117000000	117500000	0.728505	0.676417	-0.0520881	0.766997	0.617039	-0.149957	1.0000	5
chr10:117500000-118000000	chr10	117500000	118000000	1.23043	1.11317	-0.11726	1.08366	1.0137	-0.0699612	1.0000	1
chr10:118000000-118500000	chr10	118000000	118500000	1.03233	1.19127	0.158936	0.893057	1.17721	0.284155	1.0000	2
chr10:118500000-119000000	chr10	118500000	119000000	0.460418	0.32235	-0.138067	0.267533	0.329887	0.0623545	1.0000	2
chr10:119000000-119500000	chr10	119000000	119500000	-0.287679	-0.539498	-0.251819	-0.517386	-0.598904	-0.0815179	1.0000	8
chr10:119500000-120000000	chr10	119500000	120000000	-0.480596	-0.576374	-0.0957777	-0.364516	-0.577584	-0.213069	1.0000	6
chr10:120000000-120500000	chr10	120000000	120500000	0.714205	0.867675	0.153469	0.78034	0.898525	0.118186	1.0000	1
chr10:120500000-121000000	chr10	120500000	121000000	1.0662	0.96262	-0.103579	0.927594	0.892471	-0.0351237	1.0000	1
chr10:121000000-121500000	chr10	121000000	121500000	0.786136	1.13026	0.344127	0.758048	0.903196	0.145148	1.0000	0
chr10:121500000-122000000	chr10	121500000	122000000	0.603793	0.442078	-0.161714	0.492754	0.403282	-0.0894725	1.0000	4
chr10:122000000-122500000	chr10	122000000	122500000	0.328056	0.319565	-0.00849089	0.147266	0.0560555	-0.0912105	1.0000	4
chr10:122500000-123000000	chr10	122500000	123000000	0.9161	0.960814	0.0447139	0.973102	0.848223	-0.124879	1.0000	8
chr10:123000000-123500000	chr10	123000000	123500000	1.36107	1.20073	-0.160348	1.04541	0.946131	-0.0992754	1.0000	5
chr10:123500000-124000000	chr10	123500000	124000000	1.12716	1.08904	-0.0381195	0.932328	1.08659	0.154263	1.0000	2
chr10:124000000-124500000	chr10	124000000	124500000	0.941351	0.84789	-0.0934617	0.850789	0.594878	-0.255911	1.0000	4
chr10:124500000-125000000	chr10	124500000	125000000	0.264196	-0.104496	-0.368693	0.0478361	-0.185762	-0.233598	1.0000	4
chr10:125000000-125500000	chr10	125000000	125500000	0.451633	0.406667	-0.0449666	0.244272	0.643486	0.399214	1.0000	1
chr10:125500000-126000000	chr10	125500000	126000000	0.547747	0.447624	-0.100122	0.429966	0.269118	-0.160848	1.0000	7
chr10:126000000-126500000	chr10	126000000	126500000	0.331589	0.0818239	-0.249765	-0.229944	-0.171665	0.0582788	1.0000	1
chr10:126500000-127000000	chr10	126500000	127000000	0.727604	0.401468	-0.326136	0.488813	0.194255	-0.294557	0.9600	2
chr10:127000000-127500000	chr10	127000000	127500000	1.17902	0.744591	-0.43443	0.99046	0.65021	-0.34025	1.0000	1
chr10:127500000-128000000	chr10	127500000	128000000	1.26216	1.33376	0.0716031	1.19201	1.28171	0.0896966	1.0000	4
chr10:128000000-128500000	chr10	128000000	128500000	1.24912	1.24272	-0.00640151	1.1329	1.10448	-0.0284163	1.0000	1
chr10:128500000-129000000	chr10	128500000	129000000	1.34036	1.26867	-0.0716895	0.891256	1.12814	0.236881	1.0000	0
chr10:129000000-129500000	chr10	129000000	129500000	1.11928	1.14736	0.0280758	0.888279	1.03887	0.15059	1.0000	1
chr10:129500000-130000000	chr10	129500000	130000000	1.36391	1.27544	-0.0884689	1.05802	1.12866	0.0706409	1.0000	1
chr10:130000000-130500000	chr10	130000000	130500000	1.2074	1.13147	-0.0759323	0.966018	1.03257	0.0665484	1.0000	2
chr10:130500000-131000000	chr10	130500000	131000000	1.41873	1.33248	-0.0862577	0.976885	1.04387	0.0669824	1.0000	0
chr10:131000000-131500000	chr10	131000000	131500000	1.1998	1.22282	0.0230134	0.965232	1.08464	0.11941	1.0000	1
chr10:131500000-132000000	chr10	131500000	132000000	1.02711	0.780305	-0.246807	0.606893	0.69016	0.0832676	1.0000	2
chr10:132000000-132500000	chr10	132000000	132500000	0.426403	-0.0160381	-0.442441	0.0175162	0.0991732	0.0816569	1.0000	5
chr10:132500000-133000000	chr10	132500000	133000000	0.360919	-0.130726	-0.491645	-0.0756659	0.103658	0.179324	1.0000	3
chr10:133000000-133500000	chr10	133000000	133500000	0.403819	-0.101829	-0.505647	-0.0881085	0.331195	0.419303	1.0000	15
chr10:133500000-133797422	chr10	133500000	133797422	nan	nan	nan	nan	nan	nan	0.2354	3
chr11:0-500000	chr11	0	500000	nan	nan	nan	nan	nan	nan	0.0000	17
chr11:500000-1000000	chr11	500000	1000000	nan	nan	nan	nan	nan	nan	0.0000	26
chr11:1000000-1500000	chr11	1000000	1500000	nan	nan	nan	nan	nan	nan	0.0000	7
chr11:1500000-2000000	chr11	1500000	2000000	nan	nan	nan	nan	nan	nan	0.0000	16
chr11:2000000-2500000	chr11	2000000	2500000	nan	nan	nan	nan	nan	nan	0.0000	10
chr11:2500000-3000000	chr11	2500000	3000000	nan	nan	nan	nan	nan	nan	0.0000	5
chr11:3000000-3500000	chr11	3000000	3500000	-0.491964	-0.582918	-0.0909541	-0.700063	-0.715261	-0.015198	0.9200	5
chr11:3500000-4000000	chr11	3500000	4000000	-0.49017	-0.407047	0.0831233	-0.480188	-0.670979	-0.190791	0.9800	7
chr11:4000000-4500000	chr11	4000000	4500000	0.772221	0.915043	0.142822	0.834444	0.897739	0.0632951	1.0000	10
chr11:4500000-5000000	chr11	4500000	5000000	1.16971	1.34431	0.174603	1.18495	1.48493	0.299986	1.0000	20
chr11:5000000-5500000	chr11	5000000	5500000	1.1104	1.05959	-0.050814	1.16004	1.34447	0.184434	1.0000	19
chr11:5500000-6000000	chr11	5500000	6000000	1.0543	1.00543	-0.0488716	1.02811	1.14446	0.116357	1.0000	21
chr11:6000000-6500000	chr11	6000000	6500000	1.09014	1.00864	-0.0815018	0.851328	0.857504	0.0061753	1.0000	17
chr11:6500000-7000000	chr11	6500000	7000000	0.758275	0.595445	-0.16283	0.746961	0.826131	0.07917	1.0000	15
chr11:7000000-7500000	chr11	7000000	7500000	0.760806	0.759115	-0.00169039	0.754012	0.762991	0.00897895	1.0000	5
chr11:7500000-8000000	chr11	7500000	8000000	0.703544	0.584674	-0.11887	0.6196	0.464875	-0.154725	1.0000	9
chr11:8000000-8500000	chr11	8000000	8500000	0.356623	-0.00370741	-0.36033	0.072223	-0.1895	-0.261723	1.0000	3
chr11:8500000-9000000	chr11	8500000	9000000	-0.441055	-0.579764	-0.138708	-0.62071	-0.735402	-0.114692	1.0000	8
chr11:9000000-9500000	chr11	9000000	9500000	-0.942988	-0.831473	0.111515	-1.31042	-1.18275	0.127669	1.0000	6
chr11:9500000-10000000	chr11	9500000	10000000	-1.26385	-1.37698	-0.113133	-1.24326	-1.29361	-0.0503498	1.0000	2
chr11:10000000-10500000	chr11	10000000	10500000	-1.37238	-1.16581	0.206573	-1.0873	-1.09697	-0.00966883	1.0000	3
chr11:10500000-11000000	chr11	10500000	11000000	-0.827202	-0.861894	-0.0346921	-0.95513	-1.19875	-0.243622	0.9600	6
chr11:11000000-11500000	chr11	11000000	11500000	0.136356	-0.145745	-0.282101	-0.328664	-0.534671	-0.206007	1.0000	1
chr11:11500000-12000000	chr11	11500000	12000000	-0.730141	-0.604369	0.125773	-0.839857	-1.00778	-0.167927	1.0000	2
chr11:12000000-12500000	chr11	12000000	12500000	-0.892722	-0.743875	0.148847	-0.876494	-1.0025	-0.126001	1.0000	3
chr11:12500000-13000000	chr11	12500000	13000000	-1.00889	-0.792303	0.216589	-1.14218	-1.0197	0.122484	1.0000	1
chr11:13000000-13500000	chr11	13000000	13500000	-0.447096	-0.465768	-0.0186717	-0.556956	-0.905311	-0.348355	1.0000	4
chr11:13500000-14000000	chr11	13500000	14000000	0.421555	0.398237	-0.023318	0.367033	0.0342692	-0.332763	1.0000	2
chr11:14000000-14500000	chr11	14000000	14500000	-0.261663	-0.0550741	0.206589	-0.025479	-0.296365	-0.270886	1.0000	2
chr11:14500000-15000000	chr11	14500000	15000000	0.310361	0.392329	0.0819679	0.612151	0.644898	0.0327479	1.0000	4
chr11:15000000-15500000	chr11	15000000	15500000	1.10132	1.08145	-0.0198757	0.662338	0.733796	0.0714574	1.0000	2
chr11:15500000-16000000	chr11	15500000	16000000	0.521046	0.437569	-0.0834765	0.369681	0.40747	0.0377893	1.0000	0
chr11:16000000-16500000	chr11	16000000	16500000	-0.208285	-0.0431135	0.165171	0.0918759	0.323469	0.231593	1.0000	1
chr11:16500000-17000000	chr11	16500000	17000000	-0.0219973	-0.081526	-0.0595287	0.0975211	0.0355003	-0.0620208	1.0000	1
chr11:17000000-17500000	chr11	17000000	17500000	-0.0525874	-0.307663	-0.255076	-0.136927	-0.469774	-0.332847	1.0000	7
chr11:17500000-18000000	chr11	17500000	18000000	0.945096	0.504013	-0.441082	0.633711	0.300636	-0.333074	1.0000	4
chr11:18000000-18500000	chr11	18000000	18500000	0.17269	0.15271	-0.0199802	0.268952	-0.197912	-0.466864	1.0000	13
chr11:18500000-19000000	chr11	18500000	19000000	0.621681	0.420004	-0.201677	0.460365	0.221723	-0.238642	1.0000	8
chr11:19000000-19500000	chr11	19000000	19500000	0.297	0.267745	-0.0292557	0.396811	0.0310165	-0.365795	1.0000	4
chr11:19500000-20000000	chr11	19500000	20000000	-0.0103745	-0.178226	-0.167852	-0.17942	-0.503555	-0.324135	1.0000	1
chr11:20000000-20500000	chr11	20000000	20500000	0.164044	0.214926	0.0508824	0.0543171	0.154948	0.100631	1.0000	3
chr11:20500000-21000000	chr11	20500000	21000000	1.25789	1.40837	0.150484	0.919087	1.10501	0.185922	1.0000	2
chr11:21000000-21500000	chr11	21000000	21500000	1.03935	1.31395	0.2746	0.77062	1.29348	0.522862	1.0000	0
chr11:21500000-22000000	chr11	21500000	22000000	0.994558	1.24278	0.248224	1.02612	1.34114	0.315024	1.0000	0
chr11:22000000-22500000	chr11	22000000	22500000	0.853616	0.981208	0.127592	1.05352	1.26	0.206483	1.0000	2
chr11:22500000-23000000	chr11	22500000	23000000	0.602971	0.667193	0.0642219	0.957196	1.09082	0.133626	1.0000	4
chr11:23000000-23500000	chr11	23000000	23500000	0.229334	0.0411609	-0.188173	0.419364	0.437697	0.0183332	1.0000	0
chr11:23500000-24000000	chr11	23500000	24000000	0.00510313	-0.320835	-0.325938	0.37865	0.191457	-0.187193	1.0000	0
chr11:24000000-24500000	chr11	24000000	24500000	0.038839	0.125209	0.0863702	0.314058	0.479127	0.165069	1.0000	1
chr11:24500000-25000000	chr11	24500000	25000000	0.156054	0.198614	0.0425597	0.459401	0.642494	0.183093	1.0000	0
chr11:25000000-25500000	chr11	25000000	25500000	0.581265	0.919924	0.338659	0.671995	1.35625	0.684257	1.0000	0
chr11:25500000-26000000	chr11	25500000	26000000	0.838252	0.809293	-0.0289596	0.895235	1.27382	0.378588	1.0000	0
chr11:26000000-26500000	chr11	26000000	26500000	0.530718	0.627035	0.0963177	0.609665	0.708828	0.099163	1.0000	1
chr11:26500000-27000000	chr11	26500000	27000000	0.52974	0.612161	0.0824213	0.836314	0.780642	-0.0556722	1.0000	3
chr11:27000000-27500000	chr11	27000000	27500000	-0.384659	-0.385786	-0.00112695	-0.0782191	-0.0684411	0.00977801	1.0000	3
chr11:27500000-28000000	chr11	27500000	28000000	-0.275571	-0.359965	-0.0843945	-0.262233	-0.390744	-0.12851	1.0000	2
chr11:28000000-28500000	chr11	28000000	28500000	-0.60229	-0.882646	-0.280356	-0.389965	-0.413904	-0.0239392	0.9200	2
chr11:28500000-29000000	chr11	28500000	29000000	-0.385234	-0.672883	-0.287648	-0.360795	-0.544242	-0.183446	1.0000	0
chr11:29000000-29500000	chr11	29000000	29500000	-0.302551	-0.529294	-0.226743	-0.1887	-0.202815	-0.0141149	1.0000	0
chr11:29500000-30000000	chr11	29500000	30000000	0.866913	0.846997	-0.0199158	0.667446	0.876876	0.20943	1.0000	0
chr11:30000000-30500000	chr11	30000000	30500000	0.775976	0.910388	0.134412	0.939346	1.01487	0.0755219	1.0000	3
chr11:30500000-31000000	chr11	30500000	31000000	0.863951	0.797674	-0.066277	0.875788	0.916596	0.0408077	1.0000	1
chr11:31000000-31500000	chr11	31000000	31500000	0.673841	0.688445	0.0146041	1.21755	1.00407	-0.213476	1.0000	2
chr11:31500000-32000000	chr11	31500000	32000000	0.517921	0.14459	-0.373331	0.719039	0.43789	-0.281149	1.0000	3
chr11:32000000-32500000	chr11	32000000	32500000	0.406224	0.103401	-0.302823	0.302551	0.0869796	-0.215572	1.0000	2
chr11:32500000-33000000	chr11	32500000	33000000	-0.284992	-0.383004	-0.0980117	-0.0591715	-0.193115	-0.133943	1.0000	4
chr11:33000000-33500000	chr11	33000000	33500000	-1.00337	-1.08526	-0.0818861	-0.994981	-0.966108	0.0288731	1.0000	5
chr11:33500000-34000000	chr11	33500000	34000000	-0.714765	-0.657312	0.0574534	-0.769936	-0.980576	-0.21064	1.0000	4
chr11:34000000-34500000	chr11	34000000	34500000	-0.65934	-0.951685	-0.292345	-0.865907	-1.03609	-0.17018	1.0000	4
chr11:34500000-35000000	chr11	34500000	35000000	-0.715334	-0.806815	-0.0914809	-0.613064	-1.01042	-0.397354	1.0000	4
chr11:35000000-35500000	chr11	35000000	35500000	-0.731269	-0.752352	-0.0210823	-0.627589	-0.887212	-0.259623	1.0000	2
chr11:35500000-36000000	chr11	35500000	36000000	-0.320182	-0.657446	-0.337264	-0.41948	-0.741806	-0.322326	1.0000	4
chr11:36000000-36500000	chr11	36000000	36500000	-0.154668	-0.400891	-0.246223	-0.550364	-0.697672	-0.147308	1.0000	2
chr11:36500000-37000000	chr11	36500000	37000000	0.904452	0.791754	-0.112698	0.883758	0.774809	-0.10895	1.0000	4
chr11:37000000-37500000	chr11	37000000	37500000	0.598689	0.827835	0.229145	0.70651	0.89949	0.19298	1.0000	0
chr11:37500000-38000000	chr11	37500000	38000000	-0.181444	-0.0802756	0.101168	0.20644	0.42129	0.21485	1.0000	0
chr11:38000000-38500000	chr11	38000000	38500000	0.165322	0.312911	0.147588	0.546695	0.616766	0.0700705	1.0000	0
chr11:38500000-39000000	chr11	38500000	39000000	0.125441	0.384216	0.258774	0.696943	0.716854	0.019911	1.0000	0
chr11:39000000-39500000	chr11	39000000	39500000	0.454552	0.841534	0.386981	0.912787	1.10071	0.18792	1.0000	0
chr11:39500000-40000000	chr11	39500000	40000000	0.711607	1.10896	0.397354	0.906107	1.04446	0.138349	1.0000	0
chr11:40000000-40500000	chr11	40000000	40500000	0.522303	0.494304	-0.0279987	0.355706	0.673322	0.317616	1.0000	0
chr11:40500000-41000000	chr11	40500000	41000000	0.671978	0.884562	0.212584	0.775741	0.968665	0.192924	1.0000	0
chr11:41000000-41500000	chr11	41000000	41500000	0.438694	0.509746	0.0710523	0.397073	0.396109	-0.00096317	1.0000	1
chr11:41500000-42000000	chr11	41500000	42000000	0.576243	0.38865	-0.187592	0.487978	0.586772	0.0987938	1.0000	0
chr11:42000000-42500000	chr11	42000000	42500000	0.47063	0.481637	0.0110072	0.595987	0.665464	0.0694774	1.0000	0
chr11:42500000-43000000	chr11	42500000	43000000	0.906394	1.16952	0.263131	0.907826	1.18654	0.278713	1.0000	0
chr11:43000000-43500000	chr11	43000000	43500000	0.570943	0.478835	-0.0921078	0.436612	0.528628	0.0920152	1.0000	2
chr11:43500000-44000000	chr11	43500000	44000000	-0.311566	-0.471074	-0.159508	-0.428357	-0.630743	-0.202386	1.0000	3
chr11:44000000-44500000	chr11	44000000	44500000	0.120608	-0.168909	-0.289517	-0.129278	-0.406993	-0.277715	1.0000	4
chr11:44500000-45000000	chr11	44500000	45000000	0.198818	-0.120416	-0.319235	-0.165254	-0.512575	-0.347321	1.0000	3
chr11:45000000-45500000	chr11	45000000	45500000	0.173659	-0.125154	-0.298813	-0.153669	-0.309129	-0.15546	1.0000	2
chr11:45500000-46000000	chr11	45500000	46000000	0.178234	-0.179654	-0.357888	-0.409172	-0.501027	-0.0918558	1.0000	7
chr11:46000000-46500000	chr11	46000000	46500000	-0.851648	-1.02395	-0.172306	-1.05518	-1.02597	0.0292094	1.0000	5
chr11:46500000-47000000	chr11	46500000	47000000	-1.11716	-0.957318	0.159838	-1.20608	-1.44409	-0.238011	1.0000	9
chr11:47000000-47500000	chr11	47000000	47500000	-0.799598	-0.835975	-0.036377	-0.954981	-1.03512	-0.0801424	1.0000	11
chr11:47500000-48000000	chr11	47500000	48000000	-0.703486	-0.778888	-0.0754019	-1.1075	-1.0437	0.0637989	1.0000	11
chr11:48000000-48500000	chr11	48000000	48500000	0.578912	0.600755	0.0218432	0.485698	0.439887	-0.0458104	1.0000	7
chr11:48500000-49000000	chr11	48500000	49000000	1.01149	0.975135	-0.0363595	1.03402	0.910494	-0.123521	1.0000	1
chr11:49000000-49500000	chr11	49000000	49500000	0.669189	0.930903	0.261714	0.740111	1.23319	0.493081	1.0000	3
chr11:49500000-50000000	chr11	49500000	50000000	0.945628	1.08249	0.136863	0.992785	1.19843	0.20564	1.0000	2
chr11:50000000-50500000	chr11	50000000	50500000	1.08807	0.984324	-0.103745	1.04707	1.02385	-0.0232268	1.0000	0
chr11:50500000-51000000	chr11	50500000	51000000	1.07737	0.750911	-0.326459	0.880937	1.21599	0.335051	0.6200	0
chr11:51000000-51500000	chr11	51000000	51500000	nan	nan	nan	nan	nan	nan	0.0000	0
chr11:51500000-52000000	chr11	51500000	52000000	nan	nan	nan	nan	nan	nan	0.0000	0
chr11:52000000-52500000	chr11	52000000	52500000	nan	nan	nan	nan	nan	nan	0.0000	0
chr11:52500000-53000000	chr11	52500000	53000000	nan	nan	nan	nan	nan	nan	0.0000	0
chr11:53000000-53500000	chr11	53000000	53500000	nan	nan	nan	nan	nan	nan	0.0000	0
chr11:53500000-54000000	chr11	53500000	54000000	nan	nan	nan	nan	nan	nan	0.0000	0
chr11:54000000-54500000	chr11	54000000	54500000	nan	nan	nan	nan	nan	nan	0.0600	0
chr11:54500000-55000000	chr11	54500000	55000000	0.854379	1.00389	0.14951	1.05239	1.04548	-0.00690705	0.9600	2
chr11:55000000-55500000	chr11	55000000	55500000	0.918029	1.02231	0.104276	1.0518	1.12739	0.0755908	1.0000	3
chr11:55500000-56000000	chr11	55500000	56000000	0.917968	1.10899	0.191023	0.969789	1.29422	0.324433	1.0000	18
chr11:56000000-56500000	chr11	56000000	56500000	0.752049	1.15778	0.405732	0.959336	1.34855	0.389209	1.0000	19
chr11:56500000-57000000	chr11	56500000	57000000	1.07286	1.18243	0.109565	1.04652	1.29992	0.253404	1.0000	8
chr11:57000000-57500000	chr11	57000000	57500000	0.651582	0.625152	-0.0264294	0.537673	0.248415	-0.289258	1.0000	9
chr11:57500000-58000000	chr11	57500000	58000000	0.363414	0.372311	0.00889754	0.317869	0.122908	-0.194961	1.0000	13
chr11:58000000-58500000	chr11	58000000	58500000	0.685387	0.805094	0.119707	0.910687	0.792047	-0.11864	1.0000	12
chr11:58500000-59000000	chr11	58500000	59000000	0.844558	1.00647	0.161915	0.887784	0.954242	0.0664575	1.0000	7
chr11:59000000-59500000	chr11	59000000	59500000	1.3066	1.34364	0.0370424	1.24164	1.37858	0.136948	1.0000	10
chr11:59500000-60000000	chr11	59500000	60000000	0.14788	0.305	0.15712	0.472801	0.287228	-0.185574	1.0000	12
chr11:60000000-60500000	chr11	60000000	60500000	1.06031	1.17568	0.115365	1.07145	1.21612	0.144672	1.0000	13
chr11:60500000-61000000	chr11	60500000	61000000	0.594839	0.660396	0.0655571	0.512915	0.492479	-0.0204358	1.0000	13
chr11:61000000-61500000	chr11	61000000	61500000	-0.157221	-0.276185	-0.118964	-0.393778	-0.630663	-0.236885	0.9000	14
chr11:61500000-62000000	chr11	61500000	62000000	-0.499286	-0.518879	-0.0195933	-0.595264	-0.670636	-0.0753721	1.0000	12
chr11:62000000-62500000	chr11	62000000	62500000	-0.39785	-0.491034	-0.0931832	-0.618088	-0.925578	-0.30749	1.0000	8
chr11:62500000-63000000	chr11	62500000	63000000	-0.585833	-0.772774	-0.186941	-0.625906	-0.820839	-0.194933	1.0000	32
chr11:63000000-63500000	chr11	63000000	63500000	0.821231	0.806152	-0.0150788	0.592544	0.539827	-0.052717	1.0000	6
chr11:63500000-64000000	chr11	63500000	64000000	-0.566414	-0.442802	0.123613	-0.652347	-0.861846	-0.209499	1.0000	13
chr11:64000000-64500000	chr11	64000000	64500000	-0.512369	-0.78046	-0.268091	-0.874846	-0.814496	0.0603505	1.0000	21
chr11:64500000-65000000	chr11	64500000	65000000	-0.745054	-0.804583	-0.0595296	-0.931667	-0.879901	0.051766	1.0000	15
chr11:65000000-65500000	chr11	65000000	65500000	-1.49405	-1.36799	0.126057	-1.458	-1.07218	0.385813	1.0000	23
chr11:65500000-66000000	chr11	65500000	66000000	-1.19025	-1.15667	0.0335784	-1.24277	-0.978254	0.264518	1.0000	26
chr11:66000000-66500000	chr11	66000000	66500000	-1.16365	-1.06504	0.0986049	-1.28963	-1.17788	0.111746	1.0000	21
chr11:66500000-67000000	chr11	66500000	67000000	-0.987459	-0.946801	0.0406589	-1.22987	-1.21981	0.0100606	1.0000	15
chr11:67000000-67500000	chr11	67000000	67500000	-0.886363	-1.07876	-0.192398	-1.19063	-1.18833	0.0023029	1.0000	19
chr11:67500000-68000000	chr11	67500000	68000000	-0.511638	-0.849602	-0.337964	-1.08181	-1.05947	0.022335	1.0000	9
chr11:68000000-68500000	chr11	68000000	68500000	-0.854279	-0.781089	0.0731898	-1.02777	-1.0928	-0.0650343	1.0000	9
chr11:68500000-69000000	chr11	68500000	69000000	-0.75891	-0.904052	-0.145142	-1.09025	-1.1555	-0.0652508	1.0000	6
chr11:69000000-69500000	chr11	69000000	69500000	-0.590824	-0.732839	-0.142015	-0.88324	-1.01427	-0.131032	1.0000	6
chr11:69500000-70000000	chr11	69500000	70000000	-0.523788	-0.78444	-0.260652	-0.839505	-0.820717	0.0187877	1.0000	5
chr11:70000000-70500000	chr11	70000000	70500000	-0.306832	-0.673742	-0.36691	-0.686254	-0.855824	-0.16957	0.9800	4
chr11:70500000-71000000	chr11	70500000	71000000	0.71736	0.392587	-0.324773	0.12281	0.221585	0.0987758	0.9000	0
chr11:71000000-71500000	chr11	71000000	71500000	0.428354	0.2676	-0.160754	0.32806	0.20743	-0.120631	0.9000	3
chr11:71500000-72000000	chr11	71500000	72000000	-0.23667	-0.331394	-0.0947238	-0.257453	-0.540512	-0.283059	1.0000	10
chr11:72000000-72500000	chr11	72000000	72500000	-0.865115	-0.799554	0.0655617	-0.943326	-1.03166	-0.0883324	1.0000	11
chr11:72500000-73000000	chr11	72500000	73000000	-0.777833	-0.951637	-0.173804	-1.08928	-0.90435	0.184933	1.0000	4
chr11:73000000-73500000	chr11	73000000	73500000	-0.994795	-1.06426	-0.0694679	-0.987905	-1.07115	-0.0832409	1.0000	5
chr11:73500000-74000000	chr11	73500000	74000000	-1.14596	-1.12426	0.0217003	-1.45263	-1.3938	0.0588332	0.9800	8
chr11:74000000-74500000	chr11	74000000	74500000	-1.21559	-1.122	0.0935903	-1.062	-1.11253	-0.0505355	1.0000	7
chr11:74500000-75000000	chr11	74500000	75000000	-0.761355	-0.819671	-0.0583164	-1.08692	-1.25893	-0.172003	1.0000	6
chr11:75000000-75500000	chr11	75000000	75500000	-0.696638	-0.6648	0.0318381	-1.0191	-1.21012	-0.191022	1.0000	6
chr11:75500000-76000000	chr11	75500000	76000000	-0.866212	-0.82425	0.0419619	-1.08832	-1.22278	-0.13446	1.0000	6
chr11:76000000-76500000	chr11	76000000	76500000	-0.785525	-0.924726	-0.139201	-1.07883	-1.2413	-0.162464	1.0000	4
chr11:76500000-77000000	chr11	76500000	77000000	-0.814822	-0.884221	-0.0694	-0.929976	-1.00174	-0.0717632	1.0000	3
chr11:77000000-77500000	chr11	77000000	77500000	-0.720277	-0.753719	-0.033442	-0.907297	-1.06705	-0.159756	1.0000	6
chr11:77500000-78000000	chr11	77500000	78000000	-1.02578	-0.934705	0.0910769	-1.19116	-1.26884	-0.0776813	0.9800	5
chr11:78000000-78500000	chr11	78000000	78500000	-0.478407	-0.483644	-0.00523674	-0.684279	-0.863743	-0.179464	1.0000	7
chr11:78500000-79000000	chr11	78500000	79000000	0.186696	0.0490933	-0.137603	-0.0760028	-0.350235	-0.274232	1.0000	1
chr11:79000000-79500000	chr11	79000000	79500000	0.371152	0.222292	-0.14886	0.460802	-0.122018	-0.58282	1.0000	1
chr11:79500000-80000000	chr11	79500000	80000000	0.572988	0.932811	0.359822	0.601423	0.638447	0.0370244	1.0000	0
chr11:80000000-80500000	chr11	80000000	80500000	-0.0140859	0.467623	0.481708	0.332682	0.287532	-0.04515	1.0000	0
chr11:80500000-81000000	chr11	80500000	81000000	0.341976	0.68492	0.342943	0.578434	0.60251	0.0240768	1.0000	0
chr11:81000000-81500000	chr11	81000000	81500000	0.607137	0.979185	0.372047	0.60368	1.17557	0.571886	1.0000	0
chr11:81500000-82000000	chr11	81500000	82000000	0.767695	0.902955	0.135261	0.861837	1.39471	0.53287	1.0000	0
chr11:82000000-82500000	chr11	82000000	82500000	0.941289	1.25868	0.317393	1.05658	1.46343	0.406842	1.0000	0
chr11:82500000-83000000	chr11	82500000	83000000	0.694575	0.713028	0.018453	0.58412	0.630609	0.0464882	1.0000	3
chr11:83000000-83500000	chr11	83000000	83500000	0.650443	0.46265	-0.187794	0.662658	0.462648	-0.20001	1.0000	4
chr11:83500000-84000000	chr11	83500000	84000000	0.937782	1.19783	0.260045	1.12685	1.09803	-0.0288205	1.0000	0
chr11:84000000-84500000	chr11	84000000	84500000	0.930957	1.29284	0.361882	1.27476	1.48036	0.205597	1.0000	0
chr11:84500000-85000000	chr11	84500000	85000000	0.65847	0.983558	0.325088	0.993322	1.12123	0.127909	1.0000	0
chr11:85000000-85500000	chr11	85000000	85500000	0.972061	1.0428	0.0707417	0.912023	0.996088	0.0840642	1.0000	0
chr11:85500000-86000000	chr11	85500000	86000000	-0.472685	-0.319172	0.153513	-0.219383	-0.395407	-0.176024	1.0000	7
chr11:86000000-86500000	chr11	86000000	86500000	-0.95604	-0.786268	0.169772	-0.763383	-0.96263	-0.199246	1.0000	4
chr11:86500000-87000000	chr11	86500000	87000000	-0.350845	-0.350239	0.000605912	-0.292981	-0.451918	-0.158936	1.0000	3
chr11:87000000-87500000	chr11	87000000	87500000	-0.104446	0.0309298	0.135375	0.281173	0.089175	-0.191998	1.0000	1
chr11:87500000-88000000	chr11	87500000	88000000	0.933661	1.07891	0.14525	1.09801	1.16849	0.0704838	0.9600	0
chr11:88000000-88500000	chr11	88000000	88500000	0.407889	0.430836	0.022947	0.480174	0.422692	-0.0574823	1.0000	2
chr11:88500000-89000000	chr11	88500000	89000000	0.666354	0.93532	0.268966	1.1094	1.178	0.0685914	1.0000	0
chr11:89000000-89500000	chr11	89000000	89500000	0.272833	0.114831	-0.158002	0.302467	0.460981	0.158514	1.0000	3
chr11:89500000-90000000	chr11	89500000	90000000	0.957142	1.02286	0.0657205	0.969835	1.08181	0.111973	1.0000	6
chr11:90000000-90500000	chr11	90000000	90500000	0.627407	0.803847	0.176439	0.789111	1.04607	0.256957	1.0000	4
chr11:90500000-91000000	chr11	90500000	91000000	0.490625	0.601534	0.110908	0.838719	1.12331	0.284588	1.0000	0
chr11:91000000-91500000	chr11	91000000	91500000	-0.2704	0.0139324	0.284333	0.122081	0.155416	0.0333353	1.0000	0
chr11:91500000-92000000	chr11	91500000	92000000	0.527227	0.775067	0.24784	0.586372	0.733989	0.147618	1.0000	0
chr11:92000000-92500000	chr11	92000000	92500000	0.272907	0.290083	0.0171761	0.264193	0.150151	-0.114042	1.0000	1
chr11:92500000-93000000	chr11	92500000	93000000	0.512889	0.683009	0.17012	0.469348	0.63398	0.164632	1.0000	1
chr11:93000000-93500000	chr11	93000000	93500000	0.317611	0.313208	-0.00440317	0.390733	0.438944	0.0482109	0.9600	2
chr11:93500000-94000000	chr11	93500000	94000000	0.0575556	-0.148516	-0.206071	-0.185724	-0.172348	0.0133753	1.0000	6
chr11:94000000-94500000	chr11	94000000	94500000	0.539683	0.369076	-0.170608	0.622267	0.264892	-0.357375	0.9800	6
chr11:94500000-95000000	chr11	94500000	95000000	-0.00724208	-0.210892	-0.203649	-0.0107141	-0.493668	-0.482954	1.0000	6
chr11:95000000-95500000	chr11	95000000	95500000	-0.0417938	-0.0335607	0.00823311	0.0581002	-0.21825	-0.27635	1.0000	5
chr11:95500000-96000000	chr11	95500000	96000000	-0.44431	-0.717643	-0.273333	-0.320162	-0.621781	-0.301619	1.0000	3
chr11:96000000-96500000	chr11	96000000	96500000	-0.856928	-0.805296	0.0516322	-0.386886	-0.798397	-0.411512	1.0000	3
chr11:96500000-97000000	chr11	96500000	97000000	0.331028	0.589683	0.258655	0.6603	0.741503	0.0812026	1.0000	0
chr11:97000000-97500000	chr11	97000000	97500000	0.397579	0.654155	0.256576	0.627405	0.788782	0.161377	1.0000	0
chr11:97500000-98000000	chr11	97500000	98000000	-0.0893692	-0.0894038	-3.4505e-05	0.119306	0.0542177	-0.0650884	1.0000	0
chr11:98000000-98500000	chr11	98000000	98500000	0.440695	0.331828	-0.108867	0.484818	0.446826	-0.0379923	1.0000	0
chr11:98500000-99000000	chr11	98500000	99000000	0.461713	0.937355	0.475642	0.758207	0.867676	0.10947	1.0000	0
chr11:99000000-99500000	chr11	99000000	99500000	0.118764	0.0681793	-0.0505849	0.363551	0.477805	0.114253	1.0000	1
chr11:99500000-100000000	chr11	99500000	100000000	0.300195	0.470453	0.170258	0.556652	0.951586	0.394933	1.0000	0
chr11:100000000-100500000	chr11	100000000	100500000	0.541647	0.797018	0.255371	0.915399	0.851314	-0.0640851	1.0000	0
chr11:100500000-101000000	chr11	100500000	101000000	-0.517969	-0.606115	-0.0881454	-0.41918	-0.542083	-0.122903	1.0000	1
chr11:101000000-101500000	chr11	101000000	101500000	0.651179	0.90494	0.253761	0.761194	0.927504	0.16631	1.0000	1
chr11:101500000-102000000	chr11	101500000	102000000	0.468968	0.527678	0.0587103	0.633469	0.536161	-0.0973085	1.0000	3
chr11:102000000-102500000	chr11	102000000	102500000	-0.786491	-0.799408	-0.0129165	-0.538723	-0.77229	-0.233568	1.0000	5
chr11:102500000-103000000	chr11	102500000	103000000	-0.395379	-0.479329	-0.0839498	-0.235993	-0.710762	-0.474769	1.0000	9
chr11:103000000-103500000	chr11	103000000	103500000	-0.603292	-0.767008	-0.163716	-0.0140871	-0.347509	-0.333422	0.9800	2
chr11:103500000-104000000	chr11	103500000	104000000	-0.281439	-0.412885	-0.131446	-0.192125	-0.439207	-0.247082	1.0000	0
chr11:104000000-104500000	chr11	104000000	104500000	-0.622022	-0.469392	0.15263	0.133765	-0.401471	-0.535236	1.0000	2
chr11:104500000-105000000	chr11	104500000	105000000	-0.715373	-0.810093	-0.0947201	-0.263313	-0.65385	-0.390536	1.0000	1
chr11:105000000-105500000	chr11	105000000	105500000	-0.378636	-0.384213	-0.00557712	-0.0129388	-0.213003	-0.200064	1.0000	4
chr11:105500000-106000000	chr11	105500000	106000000	-0.364539	-0.189143	0.175396	0.119244	-0.0110397	-0.130284	1.0000	1
chr11:106000000-106500000	chr11	106000000	106500000	-0.213276	-0.350239	-0.136963	0.00977749	-0.158171	-0.167949	1.0000	3
chr11:106500000-107000000	chr11	106500000	107000000	-0.17395	-0.563251	-0.389301	0.172246	-0.193004	-0.36525	1.0000	0
chr11:107000000-107500000	chr11	107000000	107500000	0.47874	0.231605	-0.247135	0.635754	0.39416	-0.241594	1.0000	2
chr11:107500000-108000000	chr11	107500000	108000000	-0.0794253	-0.39259	-0.313165	-0.101188	-0.371537	-0.270349	1.0000	5
chr11:108000000-108500000	chr11	108000000	108500000	-0.318524	-0.623812	-0.305288	-0.246933	-0.587713	-0.34078	1.0000	6
chr11:108500000-109000000	chr11	108500000	109000000	-0.634869	-0.729078	-0.0942081	-0.260309	-0.485668	-0.225358	1.0000	2
chr11:109000000-109500000	chr11	109000000	109500000	0.013152	0.0787395	0.0655876	0.0477406	-0.163412	-0.211153	1.0000	1
chr11:109500000-110000000	chr11	109500000	110000000	0.0653917	0.203258	0.137866	0.104052	0.0755788	-0.028473	1.0000	0
chr11:110000000-110500000	chr11	110000000	110500000	-0.395836	-0.636658	-0.240822	-0.346913	-0.57602	-0.229107	1.0000	3
chr11:110500000-111000000	chr11	110500000	111000000	0.790251	1.09512	0.304865	1.03875	1.21106	0.172314	1.0000	1
chr11:111000000-111500000	chr11	111000000	111500000	0.665744	0.787501	0.121758	0.757472	0.556124	-0.201348	1.0000	3
chr11:111500000-112000000	chr11	111500000	112000000	-0.776119	-0.717301	0.0588173	-0.532996	-0.724439	-0.191443	1.0000	12
chr11:112000000-112500000	chr11	112000000	112500000	-0.213009	-0.145328	0.0676814	-0.259299	-0.308876	-0.0495765	1.0000	10
chr11:112500000-113000000	chr11	112500000	113000000	0.62682	0.845185	0.218365	0.495683	0.448586	-0.0470976	1.0000	1
chr11:113000000-113500000	chr11	113000000	113500000	0.538807	0.490333	-0.0484742	0.392516	-0.0446965	-0.437212	1.0000	3
chr11:113500000-114000000	chr11	113500000	114000000	0.0386347	0.114701	0.0760662	0.0279749	-0.212844	-0.240819	1.0000	6
chr11:114000000-114500000	chr11	114000000	114500000	0.174785	0.101076	-0.0737086	0.149547	-0.154497	-0.304043	1.0000	5
chr11:114500000-115000000	chr11	114500000	115000000	0.578169	0.485951	-0.0922185	0.385708	0.489919	0.104211	1.0000	3
chr11:115000000-115500000	chr11	115000000	115500000	-0.0933265	0.0262881	0.119615	-0.160403	-0.279409	-0.119006	1.0000	0
chr11:115500000-116000000	chr11	115500000	116000000	-0.0695207	-0.115771	-0.0462502	-0.342188	-0.537475	-0.195287	1.0000	1
chr11:116000000-116500000	chr11	116000000	116500000	0.60197	0.437055	-0.164914	0.226003	-0.0654682	-0.291471	1.0000	0
chr11:116500000-117000000	chr11	116500000	117000000	-0.0649012	-0.384742	-0.319841	-0.274642	-0.640036	-0.365394	1.0000	6
chr11:117000000-117500000	chr11	117000000	117500000	-0.580899	-0.660942	-0.0800427	-0.684106	-1.05616	-0.372053	1.0000	9
chr11:117500000-118000000	chr11	117500000	118000000	0.109864	-0.165861	-0.275726	0.011729	-0.593661	-0.60539	1.0000	5
chr11:118000000-118500000	chr11	118000000	118500000	-0.589212	-0.715492	-0.126279	-0.586125	-0.979141	-0.393017	1.0000	13
chr11:118500000-119000000	chr11	118500000	119000000	-0.984865	-0.949161	0.0357042	-1.1551	-1.11384	0.041267	1.0000	12
chr11:119000000-119500000	chr11	119000000	119500000	-1.12538	-1.2016	-0.0762269	-1.06308	-1.06303	5.19943e-05	1.0000	21
chr11:119500000-120000000	chr11	119500000	120000000	-0.088112	-0.4698	-0.381688	-0.48389	-0.762413	-0.278523	1.0000	1
chr11:120000000-120500000	chr11	120000000	120500000	-0.841969	-0.872825	-0.0308564	-0.769627	-0.828394	-0.0587672	1.0000	5
chr11:120500000-121000000	chr11	120500000	121000000	0.0245465	-0.275534	-0.30008	-0.313054	-0.675157	-0.362104	1.0000	1
chr11:121000000-121500000	chr11	121000000	121500000	-0.200485	-0.532619	-0.332134	-0.422079	-0.838649	-0.41657	0.9600	5
chr11:121500000-122000000	chr11	121500000	122000000	-0.565137	-0.902663	-0.337526	-0.644895	-0.893487	-0.248591	1.0000	0
chr11:122000000-122500000	chr11	122000000	122500000	-0.927807	-0.905416	0.0223908	-0.510726	-0.780463	-0.269738	1.0000	1
chr11:122500000-123000000	chr11	122500000	123000000	-0.48098	-0.679614	-0.198634	-0.535327	-0.918003	-0.382676	1.0000	4
chr11:123000000-123500000	chr11	123000000	123500000	-0.339319	-0.340361	-0.0010425	-0.203889	-0.589289	-0.3854	1.0000	3
chr11:123500000-124000000	chr11	123500000	124000000	0.899928	0.774636	-0.125292	0.949275	0.663739	-0.285537	1.0000	10
chr11:124000000-124500000	chr11	124000000	124500000	1.02049	1.07812	0.0576276	1.15915	1.19278	0.0336256	1.0000	14
chr11:124500000-125000000	chr11	124500000	125000000	0.454032	0.438608	-0.0154239	0.323214	0.247619	-0.0755945	1.0000	15
chr11:125000000-125500000	chr11	125000000	125500000	0.631628	0.154881	-0.476747	0.148282	-0.12513	-0.273412	1.0000	4
chr11:125500000-126000000	chr11	125500000	126000000	0.595	0.471695	-0.123305	0.667256	0.60639	-0.0608661	1.0000	12
chr11:126000000-126500000	chr11	126000000	126500000	0.521756	0.279749	-0.242008	0.396378	0.0879391	-0.308439	1.0000	8
chr11:126500000-127000000	chr11	126500000	127000000	1.36232	1.34961	-0.0127005	1.17858	0.873453	-0.305122	1.0000	0
chr11:127000000-127500000	chr11	127000000	127500000	1.24616	1.33922	0.0930644	1.30093	1.25658	-0.044358	1.0000	1
chr11:127500000-128000000	chr11	127500000	128000000	0.61386	0.832431	0.218571	0.602474	0.898834	0.29636	1.0000	0
chr11:128000000-128500000	chr11	128000000	128500000	-0.525502	-0.644778	-0.119276	-0.456683	-0.713653	-0.256971	1.0000	0
chr11:128500000-129000000	chr11	128500000	129000000	-0.0441362	-0.304986	-0.26085	-0.40879	-0.366475	0.0423151	1.0000	5
chr11:129000000-129500000	chr11	129000000	129500000	0.22051	0.108838	-0.111672	0.243504	0.290338	0.0468344	1.0000	2
chr11:129500000-130000000	chr11	129500000	130000000	0.424701	0.202495	-0.222206	0.198298	0.126617	-0.0716803	1.0000	2
chr11:130000000-130500000	chr11	130000000	130500000	-0.193641	-0.432505	-0.238865	-0.0603037	-0.462401	-0.402098	1.0000	6
chr11:130500000-131000000	chr11	130500000	131000000	-0.15872	-0.253756	-0.0950363	-0.208496	-0.472705	-0.264208	1.0000	1
chr11:131000000-131500000	chr11	131000000	131500000	1.31968	1.43849	0.118806	1.03785	1.16787	0.130027	1.0000	1
chr11:131500000-132000000	chr11	131500000	132000000	0.547591	0.516129	-0.0314625	0.597722	0.319576	-0.278146	0.9800	0
chr11:132000000-132500000	chr11	132000000	132500000	0.716787	0.615309	-0.101477	0.394077	0.434607	0.0405306	1.0000	0
chr11:132500000-133000000	chr11	132500000	133000000	0.442845	0.481277	0.0384315	0.354881	0.286402	-0.0684791	1.0000	0
chr11:133000000-133500000	chr11	133000000	133500000	1.29999	1.57918	0.279189	1.28622	1.21198	-0.0742362	1.0000	0
chr11:133500000-134000000	chr11	133500000	134000000	1.4308	1.43182	0.00102703	1.07521	1.25692	0.181713	1.0000	3
chr11:134000000-134500000	chr11	134000000	134500000	0.948935	0.831472	-0.117463	0.63132	0.675173	0.0438535	1.0000	8
chr11:134500000-135000000	chr11	134500000	135000000	1.11898	1.14939	0.0304126	0.900871	0.861039	-0.0398319	1.0000	0
chr11:135000000-135086622	chr11	135000000	135086622	nan	nan	nan	nan	nan	nan	0.2309	0
chr12:0-500000	chr12	0	500000	nan	nan	nan	nan	nan	nan	0.0000	6
chr12:500000-1000000	chr12	500000	1000000	nan	nan	nan	nan	nan	nan	0.0000	4
chr12:1000000-1500000	chr12	1000000	1500000	nan	nan	nan	nan	nan	nan	0.0000	0
chr12:1500000-2000000	chr12	1500000	2000000	nan	nan	nan	nan	nan	nan	0.0000	5
chr12:2000000-2500000	chr12	2000000	2500000	nan	nan	nan	nan	nan	nan	0.0000	2
chr12:2500000-3000000	chr12	2500000	3000000	nan	nan	nan	nan	nan	nan	0.0000	8
chr12:3000000-3500000	chr12	3000000	3500000	0.0168514	-0.0462874	-0.0631388	-0.419482	-0.581624	-0.162142	0.9200	2
chr12:3500000-4000000	chr12	3500000	4000000	0.0440033	-0.049123	-0.0931262	-0.150205	-0.353325	-0.203121	1.0000	2
chr12:4000000-4500000	chr12	4000000	4500000	-0.0204409	0.0339405	0.0543814	0.0114669	-0.273503	-0.28497	1.0000	4
chr12:4500000-5000000	chr12	4500000	5000000	0.293486	0.151988	-0.141498	0.0844754	-0.0542174	-0.138693	1.0000	8
chr12:5000000-5500000	chr12	5000000	5500000	0.317983	0.178832	-0.139151	0.044342	-0.12023	-0.164572	1.0000	2
chr12:5500000-6000000	chr12	5500000	6000000	0.469724	0.212974	-0.25675	-0.0283025	-0.224265	-0.195962	0.9600	1
chr12:6000000-6500000	chr12	6000000	6500000	-0.439233	-0.536572	-0.0973384	-0.736368	-0.933892	-0.197524	1.0000	11
chr12:6500000-7000000	chr12	6500000	7000000	-0.841982	-0.705155	0.136828	-0.967335	-0.878073	0.0892624	1.0000	29
chr12:7000000-7500000	chr12	7000000	7500000	0.152004	0.207405	0.0554011	0.103213	0.192406	0.0891936	1.0000	9
chr12:7500000-8000000	chr12	7500000	8000000	-0.00167525	0.157421	0.159096	-0.141021	-0.0926415	0.0483798	1.0000	9
chr12:8000000-8500000	chr12	8000000	8500000	0.410941	0.218553	-0.192388	0.38503	0.110371	-0.274659	1.0000	7
chr12:8500000-9000000	chr12	8500000	9000000	0.528505	0.583477	0.0549721	0.794093	0.399991	-0.394102	1.0000	9
chr12:9000000-9500000	chr12	9000000	9500000	1.01507	0.866694	-0.148377	1.07386	1.02479	-0.049069	1.0000	2
chr12:9500000-10000000	chr12	9500000	10000000	0.482005	0.212061	-0.269945	0.670985	0.525697	-0.145288	1.0000	10
chr12:10000000-10500000	chr12	10000000	10500000	0.0434587	-0.229101	-0.27256	0.0728981	0.154495	0.0815965	1.0000	13
chr12:10500000-11000000	chr12	10500000	11000000	-0.105409	-0.363161	-0.257752	0.208927	0.0315197	-0.177408	1.0000	15
chr12:11000000-11500000	chr12	11000000	11500000	0.676164	0.471156	-0.205008	0.27443	0.279317	0.00488668	1.0000	10
chr12:11500000-12000000	chr12	11500000	12000000	-0.518768	-0.429237	0.0895304	-0.606751	-0.865706	-0.258955	1.0000	1
chr12:12000000-12500000	chr12	12000000	12500000	-0.705985	-0.771645	-0.0656599	-0.808315	-1.10373	-0.295419	1.0000	4
chr12:12500000-13000000	chr12	12500000	13000000	-0.999099	-0.887562	0.111537	-0.832168	-0.890405	-0.0582365	1.0000	8
chr12:13000000-13500000	chr12	13000000	13500000	0.150507	0.231685	0.0811779	0.0198085	-0.126533	-0.146342	1.0000	4
chr12:13500000-14000000	chr12	13500000	14000000	1.02258	1.20648	0.183899	0.767984	0.980028	0.212044	1.0000	1
chr12:14000000-14500000	chr12	14000000	14500000	-0.115892	0.133927	0.24982	0.112229	0.255986	0.143756	1.0000	1
chr12:14500000-15000000	chr12	14500000	15000000	0.28014	0.231295	-0.0488441	0.508859	0.43285	-0.0760091	1.0000	12
chr12:15000000-15500000	chr12	15000000	15500000	0.712439	0.818194	0.105755	0.778375	1.01579	0.237414	1.0000	2
chr12:15500000-16000000	chr12	15500000	16000000	-0.266324	-0.537261	-0.270938	-0.170214	-0.187491	-0.0172778	1.0000	3
chr12:16000000-16500000	chr12	16000000	16500000	0.798222	0.705535	-0.0926869	0.781583	0.752394	-0.0291892	1.0000	2
chr12:16500000-17000000	chr12	16500000	17000000	0.60887	0.802208	0.193338	0.71994	1.10034	0.380399	1.0000	1
chr12:17000000-17500000	chr12	17000000	17500000	0.868111	0.950624	0.0825132	0.674597	1.21971	0.545108	1.0000	0
chr12:17500000-18000000	chr12	17500000	18000000	0.719313	0.983065	0.263752	0.877667	1.2368	0.359136	1.0000	0
chr12:18000000-18500000	chr12	18000000	18500000	0.263633	0.173015	-0.0906185	0.590603	0.603304	0.0127011	1.0000	2
chr12:18500000-19000000	chr12	18500000	19000000	0.0605655	0.0468557	-0.0137099	0.213042	0.197701	-0.015341	1.0000	2
chr12:19000000-19500000	chr12	19000000	19500000	-0.324577	-0.564184	-0.239606	-0.311188	-0.393102	-0.0819133	1.0000	2
chr12:19500000-20000000	chr12	19500000	20000000	0.238827	0.104086	-0.134741	0.237404	0.178413	-0.0589919	1.0000	0
chr12:20000000-20500000	chr12	20000000	20500000	0.0747474	0.2371	0.162352	0.250151	0.510522	0.26037	1.0000	1
chr12:20500000-21000000	chr12	20500000	21000000	0.869736	0.778965	-0.0907705	0.899995	1.20391	0.303915	0.9600	2
chr12:21000000-21500000	chr12	21000000	21500000	0.662621	0.983593	0.320972	1.02378	1.12628	0.102499	1.0000	4
chr12:21500000-22000000	chr12	21500000	22000000	0.66056	0.604698	-0.0558622	0.808488	1.07571	0.267219	1.0000	7
chr12:22000000-22500000	chr12	22000000	22500000	0.462843	0.611633	0.148789	0.593415	0.716759	0.123343	1.0000	2
chr12:22500000-23000000	chr12	22500000	23000000	0.288628	0.412711	0.124083	0.557696	0.603102	0.0454063	1.0000	2
chr12:23000000-23500000	chr12	23000000	23500000	0.849652	0.817671	-0.0319807	0.935989	1.03053	0.09454	1.0000	0
chr12:23500000-24000000	chr12	23500000	24000000	0.325677	0.0961449	-0.229532	0.445984	0.657995	0.212011	1.0000	1
chr12:24000000-24500000	chr12	24000000	24500000	0.04883	-0.0551817	-0.104012	0.120417	0.00415544	-0.116262	1.0000	0
chr12:24500000-25000000	chr12	24500000	25000000	-0.538045	-0.419944	0.118102	-0.210665	-0.389396	-0.178731	1.0000	1
chr12:25000000-25500000	chr12	25000000	25500000	-0.726902	-0.795741	-0.0688388	-0.692682	-0.716059	-0.0233773	1.0000	4
chr12:25500000-26000000	chr12	25500000	26000000	-0.599584	-0.65652	-0.0569367	-0.640993	-0.665099	-0.0241058	1.0000	2
chr12:26000000-26500000	chr12	26000000	26500000	-0.646535	-0.75966	-0.113125	-0.655443	-0.743405	-0.0879621	1.0000	2
chr12:26500000-27000000	chr12	26500000	27000000	-0.84029	-1.09727	-0.256975	-0.767998	-0.955438	-0.18744	1.0000	3
chr12:27000000-27500000	chr12	27000000	27500000	-1.04311	-1.00084	0.0422734	-0.873101	-1.05035	-0.177245	1.0000	6
chr12:27500000-28000000	chr12	27500000	28000000	-0.919471	-0.859614	0.059857	-0.626416	-0.894603	-0.268187	1.0000	6
chr12:28000000-28500000	chr12	28000000	28500000	-0.480649	-0.562085	-0.0814367	-0.351068	-0.371529	-0.0204613	1.0000	1
chr12:28500000-29000000	chr12	28500000	29000000	0.110419	-0.0611286	-0.171547	0.0944053	-0.0944458	-0.188851	1.0000	0
chr12:29000000-29500000	chr12	29000000	29500000	0.232593	0.0646148	-0.167979	0.205924	0.0931471	-0.112777	1.0000	3
chr12:29500000-30000000	chr12	29500000	30000000	0.490448	0.273494	-0.216955	0.321739	0.14195	-0.179789	0.9000	1
chr12:30000000-30500000	chr12	30000000	30500000	0.720034	0.660716	-0.0593181	0.719816	0.735389	0.015573	1.0000	0
chr12:30500000-31000000	chr12	30500000	31000000	0.457669	0.215143	-0.242525	0.252001	0.153188	-0.0988135	1.0000	3
chr12:31000000-31500000	chr12	31000000	31500000	-0.0548286	-0.327183	-0.272355	-0.318291	-0.487127	-0.168836	1.0000	2
chr12:31500000-32000000	chr12	31500000	32000000	-0.55922	-0.549994	0.00922613	-0.526615	-0.756644	-0.23003	1.0000	5
chr12:32000000-32500000	chr12	32000000	32500000	-0.726059	-0.629792	0.0962665	-0.554223	-0.828256	-0.274033	1.0000	2
chr12:32500000-33000000	chr12	32500000	33000000	-0.242685	-0.305562	-0.0628764	-0.181592	-0.335202	-0.15361	1.0000	3
chr12:33000000-33500000	chr12	33000000	33500000	0.925852	0.85399	-0.0718616	0.655266	1.06086	0.405591	1.0000	1
chr12:33500000-34000000	chr12	33500000	34000000	0.60154	0.638812	0.037272	0.600972	0.942355	0.341383	1.0000	0
chr12:34000000-34500000	chr12	34000000	34500000	1.30985	1.16993	-0.139922	1.01368	1.14062	0.12694	1.0000	1
chr12:34500000-35000000	chr12	34500000	35000000	nan	nan	nan	nan	nan	nan	0.4200	0
chr12:35000000-35500000	chr12	35000000	35500000	nan	nan	nan	nan	nan	nan	0.0000	0
chr12:35500000-36000000	chr12	35500000	36000000	nan	nan	nan	nan	nan	nan	0.0000	0
chr12:36000000-36500000	chr12	36000000	36500000	nan	nan	nan	nan	nan	nan	0.0000	0
chr12:36500000-37000000	chr12	36500000	37000000	nan	nan	nan	nan	nan	nan	0.0000	0
chr12:37000000-37500000	chr12	37000000	37500000	nan	nan	nan	nan	nan	nan	0.4600	0
chr12:37500000-38000000	chr12	37500000	38000000	1.07842	1.13691	0.0584864	0.983302	1.37125	0.387948	1.0000	0
chr12:38000000-38500000	chr12	38000000	38500000	0.928013	1.20927	0.281255	0.876096	1.4667	0.590604	1.0000	1
chr12:38500000-39000000	chr12	38500000	39000000	0.862577	1.06983	0.207249	1.04751	1.40055	0.353046	1.0000	1
chr12:39000000-39500000	chr12	39000000	39500000	0.361768	0.694001	0.332232	0.540111	0.841809	0.301697	1.0000	1
chr12:39500000-40000000	chr12	39500000	40000000	0.816327	0.9524	0.136073	0.90474	1.19092	0.286183	1.0000	2
chr12:40000000-40500000	chr12	40000000	40500000	0.708562	1.16419	0.455629	0.997771	1.33654	0.338772	1.0000	3
chr12:40500000-41000000	chr12	40500000	41000000	0.676272	1.05617	0.379897	0.790879	1.22031	0.429428	1.0000	1
chr12:41000000-41500000	chr12	41000000	41500000	0.518404	0.762251	0.243847	0.641817	1.07076	0.428941	0.9800	1
chr12:41500000-42000000	chr12	41500000	42000000	0.669389	0.810432	0.141043	0.485739	0.606762	0.121023	1.0000	0
chr12:42000000-42500000	chr12	42000000	42500000	-0.473852	-0.459557	0.0142949	-0.284005	-0.486683	-0.202679	1.0000	4
chr12:42500000-43000000	chr12	42500000	43000000	-0.528775	-0.608327	-0.0795526	-0.7018	-0.602408	0.0993919	1.0000	1
chr12:43000000-43500000	chr12	43000000	43500000	-0.47619	-0.615398	-0.139207	-0.27562	-0.279781	-0.00416153	1.0000	0
chr12:43500000-44000000	chr12	43500000	44000000	-0.135331	0.105292	0.240624	0.120309	0.279659	0.15935	1.0000	5
chr12:44000000-44500000	chr12	44000000	44500000	1.04071	0.897485	-0.143225	1.07163	1.13672	0.0650888	1.0000	0
chr12:44500000-45000000	chr12	44500000	45000000	0.667524	0.876911	0.209387	0.941257	1.13708	0.195824	1.0000	1
chr12:45000000-45500000	chr12	45000000	45500000	-0.352224	-0.337306	0.0149187	-0.172575	-0.167118	0.00545709	1.0000	2
chr12:45500000-46000000	chr12	45500000	46000000	-0.911507	-0.733538	0.177969	-0.548218	-0.835285	-0.287067	1.0000	2
chr12:46000000-46500000	chr12	46000000	46500000	-1.12788	-1.1164	0.0114757	-0.994725	-0.805431	0.189294	1.0000	2
chr12:46500000-47000000	chr12	46500000	47000000	-0.882374	-0.92331	-0.0409354	-0.925463	-0.7864	0.139063	1.0000	1
chr12:47000000-47500000	chr12	47000000	47500000	-0.896978	-1.00513	-0.108155	-0.954971	-0.83891	0.116061	1.0000	2
chr12:47500000-48000000	chr12	47500000	48000000	-0.395316	-0.628072	-0.232756	-0.650875	-0.873334	-0.222459	1.0000	7
chr12:48000000-48500000	chr12	48000000	48500000	-0.165786	-0.429535	-0.26375	-0.360518	-0.383728	-0.0232094	1.0000	10
chr12:48500000-49000000	chr12	48500000	49000000	-0.664463	-0.583669	0.0807943	-0.88787	-0.984557	-0.0966864	1.0000	16
chr12:49000000-49500000	chr12	49000000	49500000	-1.27511	-1.16026	0.114854	-1.44643	-1.3348	0.111629	1.0000	13
chr12:49500000-50000000	chr12	49500000	50000000	-0.949136	-0.903572	0.0455641	-1.31027	-1.15344	0.156828	1.0000	12
chr12:50000000-50500000	chr12	50000000	50500000	-1.27373	-0.986298	0.287435	-1.385	-1.22915	0.155841	1.0000	9
chr12:50500000-51000000	chr12	50500000	51000000	-1.37947	-1.03821	0.341259	-1.19996	-1.423	-0.223038	1.0000	5
chr12:51000000-51500000	chr12	51000000	51500000	-1.01574	-0.856844	0.158892	-1.37584	-1.32123	0.0546102	1.0000	11
chr12:51500000-52000000	chr12	51500000	52000000	-0.964354	-0.835752	0.128601	-1.15041	-1.10651	0.0438964	1.0000	6
chr12:52000000-52500000	chr12	52000000	52500000	-0.603939	-0.721547	-0.117607	-0.897345	-0.893375	0.00396976	1.0000	16
chr12:52500000-53000000	chr12	52500000	53000000	-0.442182	-0.491197	-0.0490147	-0.785132	-0.919828	-0.134696	1.0000	15
chr12:53000000-53500000	chr12	53000000	53500000	-0.991377	-1.00072	-0.00934112	-1.15041	-1.03198	0.118435	1.0000	21
chr12:53500000-54000000	chr12	53500000	54000000	-0.554746	-0.506791	0.047955	-0.943173	-0.843426	0.0997475	1.0000	11
chr12:54000000-54500000	chr12	54000000	54500000	-0.21934	-0.306173	-0.086833	-0.536292	-0.443477	0.0928149	1.0000	15
chr12:54500000-55000000	chr12	54500000	55000000	0.976983	1.12856	0.151574	0.615274	0.868651	0.253377	1.0000	6
chr12:55000000-55500000	chr12	55000000	55500000	0.919672	0.854779	-0.0648935	0.673294	1.21232	0.539027	1.0000	13
chr12:55500000-56000000	chr12	55500000	56000000	-0.161238	0.00795106	0.169189	-0.196506	-0.14807	0.0484357	1.0000	19
chr12:56000000-56500000	chr12	56000000	56500000	-1.07652	-0.853768	0.222747	-1.06563	-0.952349	0.113277	1.0000	25
chr12:56500000-57000000	chr12	56500000	57000000	-0.894815	-0.735813	0.159002	-0.946601	-1.03983	-0.0932297	1.0000	10
chr12:57000000-57500000	chr12	57000000	57500000	-0.836942	-0.775146	0.0617956	-1.08609	-1.01976	0.0663283	1.0000	18
chr12:57500000-58000000	chr12	57500000	58000000	-0.451197	-0.414058	0.0371389	-0.623823	-0.760674	-0.136852	1.0000	21
chr12:58000000-58500000	chr12	58000000	58500000	0.163469	0.0944239	-0.0690455	0.159654	-0.0388335	-0.198487	1.0000	0
chr12:58500000-59000000	chr12	58500000	59000000	-0.370944	-0.365073	0.00587092	-0.218286	-0.253147	-0.0348616	1.0000	1
chr12:59000000-59500000	chr12	59000000	59500000	0.204327	-0.0108985	-0.215225	0.10666	0.0777007	-0.0289589	1.0000	0
chr12:59500000-60000000	chr12	59500000	60000000	-0.0371222	-0.0111925	0.0259297	0.209192	0.247353	0.0381601	1.0000	1
chr12:60000000-60500000	chr12	60000000	60500000	-0.603677	-0.310571	0.293106	-0.220732	-0.108481	0.112251	1.0000	0
chr12:60500000-61000000	chr12	60500000	61000000	0.450293	0.897501	0.447208	1.0198	1.23621	0.216409	1.0000	0
chr12:61000000-61500000	chr12	61000000	61500000	0.68152	1.01555	0.334032	0.89934	1.2769	0.377556	0.9800	0
chr12:61500000-62000000	chr12	61500000	62000000	1.07896	1.38544	0.306484	0.863642	1.26412	0.400481	1.0000	0
chr12:62000000-62500000	chr12	62000000	62500000	0.131768	0.133994	0.00222588	0.406605	0.437505	0.0308993	1.0000	3
chr12:62500000-63000000	chr12	62500000	63000000	0.14051	0.0401172	-0.100393	0.114616	0.242445	0.127829	1.0000	1
chr12:63000000-63500000	chr12	63000000	63500000	0.506868	0.812906	0.306038	0.756422	0.790723	0.0343011	1.0000	1
chr12:63500000-64000000	chr12	63500000	64000000	-0.167792	-0.0758933	0.0918985	-0.0842852	0.0101666	0.0944519	1.0000	3
chr12:64000000-64500000	chr12	64000000	64500000	-0.414206	-0.483554	-0.0693478	-0.42812	-0.600738	-0.172618	1.0000	4
chr12:64500000-65000000	chr12	64500000	65000000	-0.410949	-0.508242	-0.097293	-0.396806	-0.70894	-0.312134	1.0000	3
chr12:65000000-65500000	chr12	65000000	65500000	-0.936264	-0.885371	0.0508922	-0.918968	-0.89923	0.0197383	1.0000	3
chr12:65500000-66000000	chr12	65500000	66000000	-1.38743	-1.13601	0.251419	-0.98869	-0.94263	0.0460598	1.0000	1
chr12:66000000-66500000	chr12	66000000	66500000	-0.431528	-0.568782	-0.137254	-0.452588	-0.659759	-0.207171	0.9800	4
chr12:66500000-67000000	chr12	66500000	67000000	-0.0378443	-0.322635	-0.284791	-0.00878077	-0.288837	-0.280056	1.0000	1
chr12:67000000-67500000	chr12	67000000	67500000	-0.644535	-0.648306	-0.00377116	-0.554386	-0.805608	-0.251222	1.0000	1
chr12:67500000-68000000	chr12	67500000	68000000	-0.908734	-0.69761	0.211124	-0.751327	-1.02705	-0.275721	1.0000	2
chr12:68000000-68500000	chr12	68000000	68500000	-0.822145	-0.882963	-0.0608179	-0.81817	-1.1174	-0.29923	1.0000	4
chr12:68500000-69000000	chr12	68500000	69000000	-1.06821	-1.12931	-0.0611014	-1.23534	-1.20181	0.0335264	1.0000	5
chr12:69000000-69500000	chr12	69000000	69500000	-0.870817	-0.903997	-0.0331799	-0.872176	-1.29461	-0.422434	1.0000	4
chr12:69500000-70000000	chr12	69500000	70000000	-0.441862	-0.496879	-0.0550164	-0.382551	-0.520306	-0.137755	1.0000	5
chr12:70000000-70500000	chr12	70000000	70500000	-0.217892	-0.0343168	0.183575	-0.273944	0.0388796	0.312823	1.0000	2
chr12:70500000-71000000	chr12	70500000	71000000	-0.162847	0.0777022	0.240549	0.0767244	-0.1344	-0.211125	1.0000	2
chr12:71000000-71500000	chr12	71000000	71500000	0.0454109	0.226026	0.180615	0.176727	0.267804	0.0910778	1.0000	2
chr12:71500000-72000000	chr12	71500000	72000000	-0.463029	-0.365872	0.097157	-0.0938752	-0.341508	-0.247633	1.0000	6
chr12:72000000-72500000	chr12	72000000	72500000	0.462596	0.587698	0.125103	0.430271	0.544234	0.113963	1.0000	1
chr12:72500000-73000000	chr12	72500000	73000000	0.537629	0.662544	0.124915	0.689518	1.00136	0.311842	1.0000	0
chr12:73000000-73500000	chr12	73000000	73500000	0.628558	1.05299	0.42443	0.729963	1.42071	0.690752	1.0000	0
chr12:73500000-74000000	chr12	73500000	74000000	0.550532	0.850308	0.299776	0.748659	1.10038	0.351726	1.0000	0
chr12:74000000-74500000	chr12	74000000	74500000	0.680143	0.771844	0.0917001	0.868506	1.14396	0.275449	1.0000	0
chr12:74500000-75000000	chr12	74500000	75000000	0.074232	0.145188	0.0709561	0.366228	0.575483	0.209255	1.0000	1
chr12:75000000-75500000	chr12	75000000	75500000	-0.15033	-0.2261	-0.0757701	-0.0365569	0.0968138	0.133371	1.0000	5
chr12:75500000-76000000	chr12	75500000	76000000	-0.98587	-1.08918	-0.103306	-0.824964	-0.983117	-0.158153	1.0000	1
chr12:76000000-76500000	chr12	76000000	76500000	-1.12046	-0.861978	0.258486	-1.02396	-0.932779	0.0911807	1.0000	3
chr12:76500000-77000000	chr12	76500000	77000000	-0.954634	-0.913548	0.0410863	-0.612571	-0.679901	-0.0673304	1.0000	3
chr12:77000000-77500000	chr12	77000000	77500000	0.393278	0.162361	-0.230917	0.492018	0.436746	-0.055272	1.0000	1
chr12:77500000-78000000	chr12	77500000	78000000	0.345092	0.354917	0.00982476	0.621235	0.708954	0.0877192	1.0000	1
chr12:78000000-78500000	chr12	78000000	78500000	0.0969223	-0.0161648	-0.113087	0.385553	0.271953	-0.1136	1.0000	0
chr12:78500000-79000000	chr12	78500000	79000000	-0.139685	-0.344237	-0.204551	0.320914	0.203788	-0.117127	1.0000	1
chr12:79000000-79500000	chr12	79000000	79500000	-0.0401138	-0.0710664	-0.0309526	0.0198102	0.0891201	0.0693099	1.0000	0
chr12:79500000-80000000	chr12	79500000	80000000	-1.0903	-1.00851	0.0817902	-0.853568	-0.580224	0.273344	1.0000	2
chr12:80000000-80500000	chr12	80000000	80500000	-0.546152	-0.309002	0.23715	-0.178007	-0.209198	-0.0311908	1.0000	2
chr12:80500000-81000000	chr12	80500000	81000000	-0.259532	0.0112602	0.270792	0.212844	0.340638	0.127794	1.0000	3
chr12:81000000-81500000	chr12	81000000	81500000	0.369112	0.589195	0.220083	0.943688	1.05972	0.116027	1.0000	1
chr12:81500000-82000000	chr12	81500000	82000000	0.378573	0.929365	0.550792	0.840936	1.29666	0.45572	1.0000	1
chr12:82000000-82500000	chr12	82000000	82500000	0.650401	0.933478	0.283077	1.10475	1.31825	0.213498	1.0000	2
chr12:82500000-83000000	chr12	82500000	83000000	0.694782	0.760767	0.0659849	0.819306	0.906325	0.0870199	1.0000	1
chr12:83000000-83500000	chr12	83000000	83500000	0.6293	1.03934	0.410042	0.814129	1.18763	0.373504	1.0000	0
chr12:83500000-84000000	chr12	83500000	84000000	0.534063	0.754372	0.220309	0.532768	0.921013	0.388245	1.0000	0
chr12:84000000-84500000	chr12	84000000	84500000	0.0534679	0.341964	0.288496	0.604835	0.866273	0.261438	1.0000	0
chr12:84500000-85000000	chr12	84500000	85000000	-0.269132	0.0404368	0.309569	0.411401	0.563157	0.151756	1.0000	1
chr12:85000000-85500000	chr12	85000000	85500000	0.433953	0.443306	0.00935359	1.05059	1.34282	0.292226	1.0000	3
chr12:85500000-86000000	chr12	85500000	86000000	0.255722	0.369871	0.114148	0.812708	1.02217	0.209458	1.0000	2
chr12:86000000-86500000	chr12	86000000	86500000	0.0109788	-0.100573	-0.111552	0.456764	0.598184	0.14142	1.0000	1
chr12:86500000-87000000	chr12	86500000	87000000	-0.346778	0.0123073	0.359086	0.199601	0.388603	0.189002	1.0000	0
chr12:87000000-87500000	chr12	87000000	87500000	-0.115833	0.0418518	0.157685	0.428061	0.307042	-0.121018	1.0000	0
chr12:87500000-88000000	chr12	87500000	88000000	0.0514013	0.136205	0.0848042	0.415198	0.248583	-0.166614	1.0000	0
chr12:88000000-88500000	chr12	88000000	88500000	-1.05337	-1.01077	0.0426032	-0.640487	-0.708248	-0.0677608	1.0000	4
chr12:88500000-89000000	chr12	88500000	89000000	-0.851142	-1.01681	-0.165672	-0.668211	-0.793918	-0.125707	1.0000	1
chr12:89000000-89500000	chr12	89000000	89500000	-0.689631	-0.810593	-0.120962	-0.360782	-0.849721	-0.488938	1.0000	1
chr12:89500000-90000000	chr12	89500000	90000000	-0.976224	-0.908815	0.0674092	-0.712774	-0.942911	-0.230137	1.0000	3
chr12:90000000-90500000	chr12	90000000	90500000	-0.500654	-0.834708	-0.334055	-0.567542	-0.845109	-0.277567	1.0000	0
chr12:90500000-91000000	chr12	90500000	91000000	-0.888856	-0.844958	0.0438979	-0.325649	-0.778732	-0.453083	1.0000	1
chr12:91000000-91500000	chr12	91000000	91500000	-0.970463	-0.940748	0.0297153	-0.678141	-0.848272	-0.170131	1.0000	4
chr12:91500000-92000000	chr12	91500000	92000000	-0.754261	-0.817516	-0.0632542	-0.94482	-0.927926	0.0168936	1.0000	0
chr12:92000000-92500000	chr12	92000000	92500000	-0.656211	-0.720972	-0.0647607	-0.724739	-1.01221	-0.287474	1.0000	1
chr12:92500000-93000000	chr12	92500000	93000000	-1.28553	-1.2264	0.0591313	-1.05164	-1.27217	-0.220534	1.0000	2
chr12:93000000-93500000	chr12	93000000	93500000	-1.18921	-1.00388	0.185326	-1.12746	-1.2803	-0.152833	1.0000	3
chr12:93500000-94000000	chr12	93500000	94000000	-0.917784	-0.96788	-0.0500968	-0.899441	-0.965488	-0.0660467	1.0000	2
chr12:94000000-94500000	chr12	94000000	94500000	-0.759441	-0.835632	-0.0761909	-0.825245	-1.12494	-0.299692	1.0000	2
chr12:94500000-95000000	chr12	94500000	95000000	-0.702881	-0.661299	0.0415819	-0.957002	-1.19743	-0.240429	1.0000	1
chr12:95000000-95500000	chr12	95000000	95500000	-1.03014	-1.01371	0.0164301	-0.955953	-1.26781	-0.31186	1.0000	5
chr12:95500000-96000000	chr12	95500000	96000000	-0.7391	-0.920957	-0.181857	-0.874743	-1.04516	-0.170416	1.0000	6
chr12:96000000-96500000	chr12	96000000	96500000	-0.73305	-0.702899	0.0301511	-0.673626	-0.775212	-0.101586	1.0000	4
chr12:96500000-97000000	chr12	96500000	97000000	0.437117	0.30954	-0.127576	0.655844	0.611101	-0.044743	1.0000	1
chr12:97000000-97500000	chr12	97000000	97500000	1.23496	1.44502	0.210066	1.17735	1.42108	0.243729	1.0000	1
chr12:97500000-98000000	chr12	97500000	98000000	1.22618	1.33894	0.11276	1.15432	1.17473	0.0204071	1.0000	0
chr12:98000000-98500000	chr12	98000000	98500000	0.968984	1.06088	0.0918948	1.01023	0.861589	-0.148638	1.0000	0
chr12:98500000-99000000	chr12	98500000	99000000	0.585624	0.642275	0.0566511	0.598164	0.874283	0.276119	1.0000	4
chr12:99000000-99500000	chr12	99000000	99500000	1.12175	1.49997	0.378226	1.42436	1.55259	0.128226	1.0000	0
chr12:99500000-100000000	chr12	99500000	100000000	1.18638	1.08709	-0.0992905	1.18235	1.46718	0.284826	1.0000	2
chr12:100000000-100500000	chr12	100000000	100500000	0.510294	0.365659	-0.144634	0.577116	0.554379	-0.0227374	1.0000	6
chr12:100500000-101000000	chr12	100500000	101000000	0.356956	0.315819	-0.0411372	0.383482	0.359786	-0.0236964	1.0000	2
chr12:101000000-101500000	chr12	101000000	101500000	0.682201	0.40632	-0.27588	0.708063	0.361968	-0.346095	0.9600	4
chr12:101500000-102000000	chr12	101500000	102000000	0.462444	0.470517	0.00807279	0.848746	0.423038	-0.425708	1.0000	5
chr12:102000000-102500000	chr12	102000000	102500000	0.98966	0.826667	-0.162993	1.07609	0.919861	-0.156233	1.0000	5
chr12:102500000-103000000	chr12	102500000	103000000	1.18825	1.06078	-0.127472	0.907854	0.758302	-0.149552	1.0000	2
chr12:103000000-103500000	chr12	103000000	103500000	1.38701	1.4285	0.0414855	1.36905	1.59939	0.230344	1.0000	1
chr12:103500000-104000000	chr12	103500000	104000000	-0.14712	-0.166465	-0.0193444	-0.154392	-0.318039	-0.163647	1.0000	5
chr12:104000000-104500000	chr12	104000000	104500000	-0.894032	-0.97288	-0.0788486	-0.932453	-1.13045	-0.197996	1.0000	6
chr12:104500000-105000000	chr12	104500000	105000000	-0.724131	-0.721834	0.00229718	-0.755036	-0.966843	-0.211807	1.0000	2
chr12:105000000-105500000	chr12	105000000	105500000	-0.940488	-0.805732	0.134756	-0.977965	-1.20744	-0.229476	1.0000	4
chr12:105500000-106000000	chr12	105500000	106000000	-0.555894	-0.563303	-0.00740818	-0.926582	-0.997021	-0.0704396	1.0000	0
chr12:106000000-106500000	chr12	106000000	106500000	-0.548219	-0.75574	-0.207521	-0.534151	-0.737864	-0.203713	1.0000	4
chr12:106500000-107000000	chr12	106500000	107000000	-0.228679	-0.283444	-0.054765	-0.289355	-0.555517	-0.266162	1.0000	4
chr12:107000000-107500000	chr12	107000000	107500000	-0.317822	-0.354778	-0.0369555	-0.227498	-0.597096	-0.369598	1.0000	2
chr12:107500000-108000000	chr12	107500000	108000000	0.366473	0.275384	-0.0910893	0.170407	0.0632109	-0.107196	1.0000	3
chr12:108000000-108500000	chr12	108000000	108500000	1.08161	0.789015	-0.292597	0.696689	0.563594	-0.133094	1.0000	2
chr12:108500000-109000000	chr12	108500000	109000000	-0.835721	-0.769611	0.0661101	-0.808779	-0.83795	-0.029171	1.0000	8
chr12:109000000-109500000	chr12	109000000	109500000	-0.310725	-0.569172	-0.258447	-0.598278	-0.880189	-0.281911	1.0000	9
chr12:109500000-110000000	chr12	109500000	110000000	-0.345032	-0.458882	-0.113851	-0.641029	-0.905952	-0.264922	1.0000	8
chr12:110000000-110500000	chr12	110000000	110500000	-1.27249	-1.11488	0.157609	-1.29371	-1.2836	0.010111	1.0000	7
chr12:110500000-111000000	chr12	110500000	111000000	-0.583264	-0.657174	-0.0739102	-0.643385	-0.987342	-0.343957	1.0000	8
chr12:111000000-111500000	chr12	111000000	111500000	-0.0719182	-0.392001	-0.320083	-0.457828	-0.617889	-0.160061	1.0000	3
chr12:111500000-112000000	chr12	111500000	112000000	-0.935909	-0.999643	-0.0637342	-1.11126	-1.14211	-0.0308522	1.0000	5
chr12:112000000-112500000	chr12	112000000	112500000	-0.858728	-0.939786	-0.0810577	-1.03083	-1.15688	-0.126052	1.0000	7
chr12:112500000-113000000	chr12	112500000	113000000	0.532973	0.271974	-0.260999	0.208727	0.0125108	-0.196216	1.0000	4
chr12:113000000-113500000	chr12	113000000	113500000	0.227032	-0.0711852	-0.298217	-0.118582	-0.370762	-0.25218	0.9800	12
chr12:113500000-114000000	chr12	113500000	114000000	0.906322	0.769463	-0.136859	0.559912	0.226489	-0.333423	1.0000	1
chr12:114000000-114500000	chr12	114000000	114500000	0.8495	1.03387	0.184374	0.555422	0.520948	-0.0344738	1.0000	1
chr12:114500000-115000000	chr12	114500000	115000000	-0.0105193	-0.0411618	-0.0306425	-0.159518	-0.442258	-0.28274	1.0000	1
chr12:115000000-115500000	chr12	115000000	115500000	-0.00832872	-0.290356	-0.282027	-0.4977	-0.682952	-0.185252	1.0000	0
chr12:115500000-116000000	chr12	115500000	116000000	0.0878676	0.147684	0.0598161	-0.0133066	-0.38307	-0.369763	1.0000	0
chr12:116000000-116500000	chr12	116000000	116500000	-1.34831	-1.13554	0.212772	-1.24745	-0.951088	0.296361	1.0000	1
chr12:116500000-117000000	chr12	116500000	117000000	-0.295785	-0.312627	-0.0168421	-0.495515	-0.931379	-0.435865	1.0000	5
chr12:117000000-117500000	chr12	117000000	117500000	0.566907	0.3914	-0.175507	0.284077	0.150431	-0.133646	1.0000	3
chr12:117500000-118000000	chr12	117500000	118000000	0.741288	0.424428	-0.31686	0.431827	0.0569552	-0.374872	1.0000	1
chr12:118000000-118500000	chr12	118000000	118500000	0.116074	0.080865	-0.0352092	0.0625894	-0.102209	-0.164798	1.0000	6
chr12:118500000-119000000	chr12	118500000	119000000	1.21869	1.33176	0.113065	0.946779	0.823304	-0.123475	1.0000	1
chr12:119000000-119500000	chr12	119000000	119500000	1.14487	1.02448	-0.12039	0.584295	0.717423	0.133128	1.0000	2
chr12:119500000-120000000	chr12	119500000	120000000	0.378538	0.520888	0.14235	0.318259	-0.0214434	-0.339703	1.0000	4
chr12:120000000-120500000	chr12	120000000	120500000	-0.807795	-0.747277	0.0605175	-0.860739	-0.964743	-0.104005	1.0000	14
chr12:120500000-121000000	chr12	120500000	121000000	-1.04746	-0.94719	0.100272	-1.14157	-1.20392	-0.0623546	1.0000	10
chr12:121000000-121500000	chr12	121000000	121500000	-0.903241	-0.963478	-0.0602375	-1.09936	-1.28202	-0.182664	1.0000	7
chr12:121500000-122000000	chr12	121500000	122000000	-1.07095	-0.869389	0.201561	-1.20793	-1.10765	0.100288	1.0000	8
chr12:122000000-122500000	chr12	122000000	122500000	-1.14898	-0.956039	0.192944	-1.1014	-1.20103	-0.0996322	1.0000	9
chr12:122500000-123000000	chr12	122500000	123000000	-1.0396	-0.851094	0.188503	-1.17381	-1.1793	-0.0054977	1.0000	13
chr12:123000000-123500000	chr12	123000000	123500000	-0.840938	-0.865672	-0.0247337	-1.13673	-1.23986	-0.103135	1.0000	8
chr12:123500000-124000000	chr12	123500000	124000000	-0.704908	-0.894481	-0.189573	-1.02156	-1.22036	-0.198802	1.0000	10
chr12:124000000-124500000	chr12	124000000	124500000	-0.448393	-0.465632	-0.0172395	-0.864837	-0.943619	-0.0787813	0.9800	1
chr12:124500000-125000000	chr12	124500000	125000000	-0.493536	-0.523212	-0.0296757	-0.758556	-0.760214	-0.00165851	0.9000	5
chr12:125000000-125500000	chr12	125000000	125500000	0.998697	0.914301	-0.084396	0.554686	0.576808	0.0221221	1.0000	2
chr12:125500000-126000000	chr12	125500000	126000000	1.16997	1.33478	0.164804	0.883122	1.01379	0.130667	1.0000	0
chr12:126000000-126500000	chr12	126000000	126500000	1.11591	1.26015	0.144238	0.967948	0.929384	-0.0385639	1.0000	0
chr12:126500000-127000000	chr12	126500000	127000000	1.22535	1.1592	-0.0661553	0.755109	1.05853	0.303422	1.0000	0
chr12:127000000-127500000	chr12	127000000	127500000	1.04291	1.23395	0.191044	0.741621	0.858519	0.116897	1.0000	0
chr12:127500000-128000000	chr12	127500000	128000000	1.07316	1.08879	0.0156305	0.765309	0.892126	0.126817	1.0000	0
chr12:128000000-128500000	chr12	128000000	128500000	1.0978	1.34799	0.250198	0.686338	0.98796	0.301622	1.0000	1
chr12:128500000-129000000	chr12	128500000	129000000	0.853225	1.17257	0.319344	0.703221	0.884066	0.180845	1.0000	2
chr12:129000000-129500000	chr12	129000000	129500000	0.976961	0.827601	-0.14936	0.67397	0.522416	-0.151554	1.0000	0
chr12:129500000-130000000	chr12	129500000	130000000	0.704958	0.715269	0.0103113	0.448658	0.431927	-0.0167307	1.0000	1
chr12:130000000-130500000	chr12	130000000	130500000	1.37912	1.32125	-0.0578646	0.746631	0.905896	0.159265	0.9600	2
chr12:130500000-131000000	chr12	130500000	131000000	0.880139	0.924555	0.0444155	0.733662	0.70932	-0.0243417	1.0000	4
chr12:131000000-131500000	chr12	131000000	131500000	1.41175	1.13067	-0.28108	0.978251	1.04679	0.0685412	0.9800	0
chr12:131500000-132000000	chr12	131500000	132000000	0.520098	0.278027	-0.242071	0.0777206	0.184797	0.107076	0.9600	5
chr12:132000000-132500000	chr12	132000000	132500000	-0.199658	-0.292631	-0.092973	-0.579087	-0.354183	0.224904	0.9000	4
chr12:132500000-133000000	chr12	132500000	133000000	-0.440111	-0.52835	-0.0882392	-0.562049	-0.685819	-0.12377	1.0000	10
chr12:133000000-133275309	chr12	133000000	133275309	-0.478963	-0.4603	0.0186623	-0.307341	-0.807105	-0.499765	0.6901	6
chr13:0-500000	chr13	0	500000	nan	nan	nan	nan	nan	nan	0.0000	0
chr13:500000-1000000	chr13	500000	1000000	nan	nan	nan	nan	nan	nan	0.0000	0
chr13:1000000-1500000	chr13	1000000	1500000	nan	nan	nan	nan	nan	nan	0.0000	0
chr13:1500000-2000000	chr13	1500000	2000000	nan	nan	nan	nan	nan	nan	0.0000	0
chr13:2000000-2500000	chr13	2000000	2500000	nan	nan	nan	nan	nan	nan	0.0000	0
chr13:2500000-3000000	chr13	2500000	3000000	nan	nan	nan	nan	nan	nan	0.0000	0
chr13:3000000-3500000	chr13	3000000	3500000	nan	nan	nan	nan	nan	nan	0.0000	0
chr13:3500000-4000000	chr13	3500000	4000000	nan	nan	nan	nan	nan	nan	0.0000	0
chr13:4000000-4500000	chr13	4000000	4500000	nan	nan	nan	nan	nan	nan	0.0000	0
chr13:4500000-5000000	chr13	4500000	5000000	nan	nan	nan	nan	nan	nan	0.0000	0
chr13:5000000-5500000	chr13	5000000	5500000	nan	nan	nan	nan	nan	nan	0.0000	0
chr13:5500000-6000000	chr13	5500000	6000000	nan	nan	nan	nan	nan	nan	0.0000	0
chr13:6000000-6500000	chr13	6000000	6500000	nan	nan	nan	nan	nan	nan	0.0000	0
chr13:6500000-7000000	chr13	6500000	7000000	nan	nan	nan	nan	nan	nan	0.0000	0
chr13:7000000-7500000	chr13	7000000	7500000	nan	nan	nan	nan	nan	nan	0.0000	0
chr13:7500000-8000000	chr13	7500000	8000000	nan	nan	nan	nan	nan	nan	0.0000	0
chr13:8000000-8500000	chr13	8000000	8500000	nan	nan	nan	nan	nan	nan	0.0000	0
chr13:8500000-9000000	chr13	8500000	9000000	nan	nan	nan	nan	nan	nan	0.0000	0
chr13:9000000-9500000	chr13	9000000	9500000	nan	nan	nan	nan	nan	nan	0.0000	0
chr13:9500000-10000000	chr13	9500000	10000000	nan	nan	nan	nan	nan	nan	0.0000	0
chr13:10000000-10500000	chr13	10000000	10500000	nan	nan	nan	nan	nan	nan	0.0000	0
chr13:10500000-11000000	chr13	10500000	11000000	nan	nan	nan	nan	nan	nan	0.0000	0
chr13:11000000-11500000	chr13	11000000	11500000	nan	nan	nan	nan	nan	nan	0.0000	0
chr13:11500000-12000000	chr13	11500000	12000000	nan	nan	nan	nan	nan	nan	0.0000	0
chr13:12000000-12500000	chr13	12000000	12500000	nan	nan	nan	nan	nan	nan	0.0000	0
chr13:12500000-13000000	chr13	12500000	13000000	nan	nan	nan	nan	nan	nan	0.0000	0
chr13:13000000-13500000	chr13	13000000	13500000	nan	nan	nan	nan	nan	nan	0.0000	0
chr13:13500000-14000000	chr13	13500000	14000000	nan	nan	nan	nan	nan	nan	0.0000	0
chr13:14000000-14500000	chr13	14000000	14500000	nan	nan	nan	nan	nan	nan	0.0000	0
chr13:14500000-15000000	chr13	14500000	15000000	nan	nan	nan	nan	nan	nan	0.0000	0
chr13:15000000-15500000	chr13	15000000	15500000	nan	nan	nan	nan	nan	nan	0.0000	0
chr13:15500000-16000000	chr13	15500000	16000000	nan	nan	nan	nan	nan	nan	0.0000	0
chr13:16000000-16500000	chr13	16000000	16500000	nan	nan	nan	nan	nan	nan	0.1600	0
chr13:16500000-17000000	chr13	16500000	17000000	nan	nan	nan	nan	nan	nan	0.0000	0
chr13:17000000-17500000	chr13	17000000	17500000	nan	nan	nan	nan	nan	nan	0.0000	0
chr13:17500000-18000000	chr13	17500000	18000000	nan	nan	nan	nan	nan	nan	0.0000	0
chr13:18000000-18500000	chr13	18000000	18500000	0.67822	0.763385	0.0851648	0.580866	0.908896	0.32803	0.5000	0
chr13:18500000-19000000	chr13	18500000	19000000	0.816421	0.79104	-0.025381	0.82966	0.893214	0.063554	1.0000	0
chr13:19000000-19500000	chr13	19000000	19500000	0.99448	0.929301	-0.0651792	0.600147	0.812735	0.212589	1.0000	1
chr13:19500000-20000000	chr13	19500000	20000000	-0.450832	-0.485786	-0.0349537	-0.502461	-0.499274	0.00318697	1.0000	5
chr13:20000000-20500000	chr13	20000000	20500000	-0.62902	-0.674974	-0.0459542	-0.832225	-0.783691	0.0485337	1.0000	3
chr13:20500000-21000000	chr13	20500000	21000000	-0.839605	-1.02736	-0.187759	-0.869733	-1.03529	-0.165554	1.0000	5
chr13:21000000-21500000	chr13	21000000	21500000	-0.479213	-0.661165	-0.181952	-0.602589	-0.669712	-0.0671228	1.0000	5
chr13:21500000-22000000	chr13	21500000	22000000	-0.0296704	-0.0652396	-0.0355692	-0.164243	-0.273394	-0.109151	1.0000	2
chr13:22000000-22500000	chr13	22000000	22500000	0.0767529	0.0415793	-0.0351736	0.104506	0.0823444	-0.022162	1.0000	0
chr13:22500000-23000000	chr13	22500000	23000000	0.206425	-0.0331244	-0.23955	-0.0299618	0.032049	0.0620107	1.0000	0
chr13:23000000-23500000	chr13	23000000	23500000	-0.359517	-0.331302	0.0282145	-0.353433	-0.348679	0.00475399	1.0000	2
chr13:23500000-24000000	chr13	23500000	24000000	-0.768778	-0.951203	-0.182425	-0.698804	-0.769228	-0.070424	1.0000	3
chr13:24000000-24500000	chr13	24000000	24500000	0.12771	-0.356877	-0.484586	-0.300042	-0.504621	-0.204579	1.0000	2
chr13:24500000-25000000	chr13	24500000	25000000	-0.0804606	-0.315012	-0.234551	-0.112075	-0.445767	-0.333693	1.0000	4
chr13:25000000-25500000	chr13	25000000	25500000	-0.0553182	-0.164254	-0.108935	-0.268151	-0.199726	0.0684252	1.0000	5
chr13:25500000-26000000	chr13	25500000	26000000	-0.16124	-0.383838	-0.222598	-0.274292	-0.456783	-0.182491	1.0000	0
chr13:26000000-26500000	chr13	26000000	26500000	-0.499531	-0.581933	-0.0824024	-0.298991	-0.553328	-0.254337	1.0000	3
chr13:26500000-27000000	chr13	26500000	27000000	-0.199848	-0.358303	-0.158455	-0.133937	-0.323887	-0.18995	1.0000	2
chr13:27000000-27500000	chr13	27000000	27500000	-0.880293	-0.806331	0.0739617	-0.812033	-1.02249	-0.210456	1.0000	5
chr13:27500000-28000000	chr13	27500000	28000000	-0.335665	-0.52142	-0.185756	-0.570178	-0.625497	-0.0553197	1.0000	6
chr13:28000000-28500000	chr13	28000000	28500000	-0.885986	-0.927913	-0.0419266	-0.936108	-0.915642	0.0204664	1.0000	3
chr13:28500000-29000000	chr13	28500000	29000000	-0.361684	-0.423362	-0.0616778	-0.375754	-0.581183	-0.205429	1.0000	3
chr13:29000000-29500000	chr13	29000000	29500000	-0.231023	-0.229079	0.0019443	-0.321657	-0.358634	-0.0369772	1.0000	0
chr13:29500000-30000000	chr13	29500000	30000000	-0.660853	-1.00586	-0.345009	-0.985892	-1.06005	-0.0741572	1.0000	2
chr13:30000000-30500000	chr13	30000000	30500000	-1.14167	-1.21185	-0.0701741	-0.975072	-1.10306	-0.127989	1.0000	3
chr13:30500000-31000000	chr13	30500000	31000000	-0.98328	-1.01238	-0.0291027	-1.00519	-1.07058	-0.0653917	1.0000	4
chr13:31000000-31500000	chr13	31000000	31500000	-0.435596	-0.4338	0.00179661	-0.673323	-0.795405	-0.122081	1.0000	2
chr13:31500000-32000000	chr13	31500000	32000000	-0.578781	-0.672859	-0.0940778	-0.586023	-0.662581	-0.0765589	1.0000	1
chr13:32000000-32500000	chr13	32000000	32500000	-0.802257	-0.924076	-0.12182	-0.668782	-0.899184	-0.230402	1.0000	4
chr13:32500000-33000000	chr13	32500000	33000000	-0.794213	-1.05211	-0.257899	-1.1925	-1.09652	0.0959805	1.0000	2
chr13:33000000-33500000	chr13	33000000	33500000	-0.815473	-0.845975	-0.0305021	-0.976325	-0.990163	-0.0138386	1.0000	2
chr13:33500000-34000000	chr13	33500000	34000000	-0.747714	-0.864771	-0.117058	-0.565511	-0.778598	-0.213086	1.0000	1
chr13:34000000-34500000	chr13	34000000	34500000	-0.421115	-0.614297	-0.193182	-0.364359	-0.661718	-0.297359	1.0000	0
chr13:34500000-35000000	chr13	34500000	35000000	-0.264425	-0.372152	-0.107726	-0.00460355	-0.341312	-0.336708	1.0000	1
chr13:35000000-35500000	chr13	35000000	35500000	-0.52242	-0.438497	0.0839228	0.0984529	-0.00623777	-0.104691	1.0000	1
chr13:35500000-36000000	chr13	35500000	36000000	-0.018679	-0.208082	-0.189403	-0.166983	-0.135808	0.031175	1.0000	0
chr13:36000000-36500000	chr13	36000000	36500000	0.0973319	-0.112663	-0.209995	0.137593	0.0456572	-0.091936	1.0000	5
chr13:36500000-37000000	chr13	36500000	37000000	0.2743	-0.0540532	-0.328354	0.286378	0.0709286	-0.215449	1.0000	4
chr13:37000000-37500000	chr13	37000000	37500000	-0.737976	-0.692024	0.0459519	-0.413831	-0.693242	-0.279411	1.0000	3
chr13:37500000-38000000	chr13	37500000	38000000	-0.773218	-0.936259	-0.163041	-0.163972	-0.200359	-0.0363869	1.0000	2
chr13:38000000-38500000	chr13	38000000	38500000	0.292239	0.233992	-0.0582473	0.688836	0.530589	-0.158247	1.0000	1
chr13:38500000-39000000	chr13	38500000	39000000	0.232768	0.260277	0.0275083	0.382668	0.323029	-0.0596385	1.0000	2
chr13:39000000-39500000	chr13	39000000	39500000	-0.367216	-0.302251	0.0649653	-0.0418852	-0.198862	-0.156977	1.0000	2
chr13:39500000-40000000	chr13	39500000	40000000	-0.747813	-0.878788	-0.130975	-0.668172	-0.77103	-0.102858	1.0000	2
chr13:40000000-40500000	chr13	40000000	40500000	-0.360132	-0.511566	-0.151435	-0.647122	-0.834726	-0.187604	1.0000	0
chr13:40500000-41000000	chr13	40500000	41000000	-0.664471	-0.742609	-0.0781382	-0.612286	-0.864792	-0.252506	1.0000	3
chr13:41000000-41500000	chr13	41000000	41500000	-1.18484	-1.29818	-0.113334	-1.03271	-1.04131	-0.00859768	1.0000	7
chr13:41500000-42000000	chr13	41500000	42000000	-1.28281	-1.27775	0.00505859	-1.12399	-1.26416	-0.140163	1.0000	1
chr13:42000000-42500000	chr13	42000000	42500000	-1.07833	-1.27489	-0.196552	-0.990399	-1.2414	-0.251	1.0000	2
chr13:42500000-43000000	chr13	42500000	43000000	-0.775649	-1.10565	-0.330005	-0.927797	-1.45945	-0.531653	1.0000	3
chr13:43000000-43500000	chr13	43000000	43500000	-1.13356	-1.00244	0.131124	-1.20786	-1.29134	-0.0834764	1.0000	1
chr13:43500000-44000000	chr13	43500000	44000000	-1.22311	-1.22044	0.00266645	-1.13897	-1.4521	-0.313129	1.0000	3
chr13:44000000-44500000	chr13	44000000	44500000	-0.982882	-1.12983	-0.146945	-1.06847	-1.32607	-0.257596	1.0000	1
chr13:44500000-45000000	chr13	44500000	45000000	-1.09613	-1.2284	-0.132263	-1.04108	-1.1496	-0.108519	1.0000	3
chr13:45000000-45500000	chr13	45000000	45500000	-1.4093	-1.16594	0.24336	-1.19082	-1.31959	-0.128769	1.0000	5
chr13:45500000-46000000	chr13	45500000	46000000	-0.491264	-0.676953	-0.185689	-0.581412	-1.00509	-0.423677	1.0000	3
chr13:46000000-46500000	chr13	46000000	46500000	-0.806533	-1.00582	-0.199291	-0.783352	-1.0596	-0.27625	1.0000	5
chr13:46500000-47000000	chr13	46500000	47000000	-0.679536	-0.736148	-0.0566118	-0.708195	-0.845713	-0.137518	1.0000	3
chr13:47000000-47500000	chr13	47000000	47500000	-0.197259	-0.201373	-0.00411451	-0.203193	-0.289625	-0.0864318	1.0000	0
chr13:47500000-48000000	chr13	47500000	48000000	0.333301	0.0436519	-0.28965	0.152216	-0.220126	-0.372342	1.0000	0
chr13:48000000-48500000	chr13	48000000	48500000	-0.672252	-0.819441	-0.147189	-0.370566	-0.683687	-0.313121	1.0000	6
chr13:48500000-49000000	chr13	48500000	49000000	-0.687631	-0.669475	0.0181562	-0.601907	-0.793571	-0.191664	1.0000	3
chr13:49000000-49500000	chr13	49000000	49500000	-1.16775	-1.05031	0.117442	-0.85991	-1.04324	-0.18333	1.0000	5
chr13:49500000-50000000	chr13	49500000	50000000	-0.954594	-1.10792	-0.153328	-1.03274	-1.25105	-0.218305	1.0000	6
chr13:50000000-50500000	chr13	50000000	50500000	-1.22253	-1.45695	-0.234411	-1.19218	-1.23	-0.0378258	1.0000	1
chr13:50500000-51000000	chr13	50500000	51000000	-1.01079	-1.03833	-0.0275444	-1.1528	-1.24772	-0.094918	1.0000	2
chr13:51000000-51500000	chr13	51000000	51500000	-0.981138	-0.701275	0.279863	-0.795832	-1.11269	-0.316857	1.0000	4
chr13:51500000-52000000	chr13	51500000	52000000	-0.558729	-0.494813	0.0639153	-0.47409	-0.838706	-0.364615	1.0000	4
chr13:52000000-52500000	chr13	52000000	52500000	-0.692826	-0.752592	-0.0597656	-0.518718	-0.749149	-0.230431	1.0000	8
chr13:52500000-53000000	chr13	52500000	53000000	0.309034	0.284538	-0.0244956	0.275173	0.114141	-0.161032	1.0000	4
chr13:53000000-53500000	chr13	53000000	53500000	0.914041	1.04836	0.134322	0.773909	0.832228	0.0583187	1.0000	1
chr13:53500000-54000000	chr13	53500000	54000000	0.56658	0.673554	0.106974	0.850027	0.935049	0.0850222	1.0000	0
chr13:54000000-54500000	chr13	54000000	54500000	0.453293	0.679226	0.225933	0.542582	0.90819	0.365608	1.0000	0
chr13:54500000-55000000	chr13	54500000	55000000	0.549111	0.76731	0.218199	0.562782	0.980912	0.418129	1.0000	0
chr13:55000000-55500000	chr13	55000000	55500000	0.154227	0.46012	0.305893	0.5481	1.13716	0.589058	1.0000	0
chr13:55500000-56000000	chr13	55500000	56000000	0.203131	0.395964	0.192833	0.405471	1.01257	0.6071	1.0000	0
chr13:56000000-56500000	chr13	56000000	56500000	0.169326	0.544843	0.375517	0.489187	1.11623	0.627041	1.0000	0
chr13:56500000-57000000	chr13	56500000	57000000	0.0910778	0.354661	0.263584	0.266548	0.923071	0.656523	1.0000	0
chr13:57000000-57500000	chr13	57000000	57500000	0.0145595	0.356544	0.341985	0.464514	0.991765	0.52725	0.9200	5
chr13:57500000-58000000	chr13	57500000	58000000	0.236709	0.488692	0.251984	0.472255	0.834809	0.362553	1.0000	1
chr13:58000000-58500000	chr13	58000000	58500000	0.335998	0.524829	0.188831	0.690613	0.804698	0.114085	1.0000	0
chr13:58500000-59000000	chr13	58500000	59000000	0.0924729	0.396905	0.304432	0.387408	0.542459	0.155051	1.0000	0
chr13:59000000-59500000	chr13	59000000	59500000	-0.104716	-0.203137	-0.0984206	-0.0611789	-0.338028	-0.276849	1.0000	0
chr13:59500000-60000000	chr13	59500000	60000000	-0.312148	-0.539306	-0.227158	-0.0329047	-0.393463	-0.360558	1.0000	0
chr13:60000000-60500000	chr13	60000000	60500000	0.0213284	-0.223277	-0.244606	0.230492	0.0936227	-0.136869	1.0000	2
chr13:60500000-61000000	chr13	60500000	61000000	0.522118	0.816436	0.294319	0.677584	0.743566	0.065982	1.0000	0
chr13:61000000-61500000	chr13	61000000	61500000	0.367934	0.445207	0.0772732	0.611328	0.82738	0.216053	1.0000	1
chr13:61500000-62000000	chr13	61500000	62000000	0.455412	0.802351	0.346939	1.03693	1.2127	0.175772	1.0000	0
chr13:62000000-62500000	chr13	62000000	62500000	0.301117	0.59664	0.295523	0.867621	0.981661	0.114041	1.0000	0
chr13:62500000-63000000	chr13	62500000	63000000	-0.0223278	0.172861	0.195189	0.617898	0.85296	0.235062	1.0000	0
chr13:63000000-63500000	chr13	63000000	63500000	-0.351702	-0.277927	0.0737752	0.0557634	0.172285	0.116522	1.0000	0
chr13:63500000-64000000	chr13	63500000	64000000	-0.0892522	-0.08535	0.00390218	0.386047	0.266894	-0.119153	1.0000	2
chr13:64000000-64500000	chr13	64000000	64500000	-0.340528	-0.34485	-0.00432172	0.0887055	0.0370184	-0.0516871	1.0000	0
chr13:64500000-65000000	chr13	64500000	65000000	-0.644562	-0.625081	0.0194818	-0.254643	-0.335637	-0.0809949	1.0000	0
chr13:65000000-65500000	chr13	65000000	65500000	-0.303128	-0.551017	-0.247889	-0.0343681	-0.105182	-0.0708139	1.0000	0
chr13:65500000-66000000	chr13	65500000	66000000	-0.579277	-0.803453	-0.224176	-0.168796	-0.384264	-0.215468	1.0000	0
chr13:66000000-66500000	chr13	66000000	66500000	-0.20372	-0.4929	-0.289181	-0.113448	-0.154172	-0.0407236	1.0000	0
chr13:66500000-67000000	chr13	66500000	67000000	-0.342646	-0.698933	-0.356287	-0.185608	-0.236088	-0.0504805	1.0000	0
chr13:67000000-67500000	chr13	67000000	67500000	-0.469131	-0.475465	-0.00633398	-0.0969555	0.0269582	0.123914	1.0000	1
chr13:67500000-68000000	chr13	67500000	68000000	0.198319	0.346915	0.148596	0.510799	0.772699	0.2619	1.0000	0
chr13:68000000-68500000	chr13	68000000	68500000	0.129072	0.419771	0.290699	0.560826	0.770376	0.20955	1.0000	0
chr13:68500000-69000000	chr13	68500000	69000000	0.0907891	0.396127	0.305338	0.532797	0.930418	0.39762	1.0000	0
chr13:69000000-69500000	chr13	69000000	69500000	0.396527	0.892869	0.496342	0.78934	1.20203	0.412693	1.0000	0
chr13:69500000-70000000	chr13	69500000	70000000	0.451263	0.650847	0.199583	0.678748	1.39833	0.719585	1.0000	0
chr13:70000000-70500000	chr13	70000000	70500000	0.445509	0.689333	0.243824	0.786885	1.28931	0.50242	1.0000	2
chr13:70500000-71000000	chr13	70500000	71000000	0.180885	0.25727	0.0763851	0.536011	0.736742	0.200732	1.0000	0
chr13:71000000-71500000	chr13	71000000	71500000	0.26017	0.135132	-0.125039	0.671506	0.779339	0.107834	1.0000	0
chr13:71500000-72000000	chr13	71500000	72000000	0.0961874	-0.115579	-0.211767	0.436226	0.461882	0.0256566	1.0000	1
chr13:72000000-72500000	chr13	72000000	72500000	0.147657	0.0451886	-0.102468	0.41711	0.181712	-0.235398	1.0000	0
chr13:72500000-73000000	chr13	72500000	73000000	-0.0977909	-0.213954	-0.116163	0.162745	-0.1549	-0.317645	1.0000	4
chr13:73000000-73500000	chr13	73000000	73500000	-0.188317	-0.438389	-0.250072	-0.24883	-0.367304	-0.118474	1.0000	1
chr13:73500000-74000000	chr13	73500000	74000000	-0.313753	-0.383777	-0.0700231	-0.317242	-0.472018	-0.154776	1.0000	0
chr13:74000000-74500000	chr13	74000000	74500000	-0.524811	-0.65228	-0.127469	-0.344258	-0.504266	-0.160008	1.0000	1
chr13:74500000-75000000	chr13	74500000	75000000	-0.243126	-0.39622	-0.153095	-0.142527	-0.488056	-0.34553	1.0000	0
chr13:75000000-75500000	chr13	75000000	75500000	-0.512702	-0.591829	-0.0791269	-0.279255	-0.772013	-0.492758	1.0000	1
chr13:75500000-76000000	chr13	75500000	76000000	-0.838775	-0.866905	-0.0281309	-0.604384	-0.739942	-0.135558	1.0000	3
chr13:76000000-76500000	chr13	76000000	76500000	-0.323976	-0.249562	0.074414	-0.0194981	-0.264087	-0.244589	1.0000	0
chr13:76500000-77000000	chr13	76500000	77000000	-0.20691	-0.264486	-0.0575752	-0.162998	-0.242478	-0.0794807	1.0000	3
chr13:77000000-77500000	chr13	77000000	77500000	0.0854621	-0.0298293	-0.115291	0.265364	0.161261	-0.104103	1.0000	3
chr13:77500000-78000000	chr13	77500000	78000000	0.821576	0.760329	-0.0612469	1.05906	1.04597	-0.0130903	1.0000	3
chr13:78000000-78500000	chr13	78000000	78500000	0.772697	0.828232	0.0555355	0.77309	0.945681	0.172591	1.0000	0
chr13:78500000-79000000	chr13	78500000	79000000	1.0403	1.20388	0.163571	1.22096	0.944416	-0.276546	1.0000	2
chr13:79000000-79500000	chr13	79000000	79500000	0.269826	0.401446	0.13162	0.584558	0.448026	-0.136532	1.0000	2
chr13:79500000-80000000	chr13	79500000	80000000	-0.242727	-0.314227	-0.0715005	-0.129099	-0.401428	-0.272329	1.0000	0
chr13:80000000-80500000	chr13	80000000	80500000	-0.534722	-0.553895	-0.0191731	-0.394477	-0.32348	0.0709971	1.0000	1
chr13:80500000-81000000	chr13	80500000	81000000	0.235231	0.60803	0.372798	0.587372	0.889179	0.301807	1.0000	0
chr13:81000000-81500000	chr13	81000000	81500000	0.517729	0.863551	0.345822	0.598974	1.08833	0.489356	1.0000	0
chr13:81500000-82000000	chr13	81500000	82000000	0.318988	0.608706	0.289718	0.68863	1.0496	0.36097	1.0000	0
chr13:82000000-82500000	chr13	82000000	82500000	0.216219	0.574984	0.358765	0.639003	0.948305	0.309302	1.0000	0
chr13:82500000-83000000	chr13	82500000	83000000	-0.043221	0.386852	0.430073	0.268798	0.7931	0.524302	1.0000	0
chr13:83000000-83500000	chr13	83000000	83500000	-0.196326	0.156238	0.352563	0.324558	0.651819	0.32726	1.0000	0
chr13:83500000-84000000	chr13	83500000	84000000	-0.0815499	0.134613	0.216163	0.242624	0.480789	0.238165	1.0000	1
chr13:84000000-84500000	chr13	84000000	84500000	-0.0393071	0.0312048	0.0705119	0.196532	0.213097	0.0165654	1.0000	0
chr13:84500000-85000000	chr13	84500000	85000000	0.044635	0.144818	0.100183	0.456831	0.698021	0.24119	1.0000	0
chr13:85000000-85500000	chr13	85000000	85500000	0.105455	0.082026	-0.0234289	0.469032	0.339518	-0.129514	1.0000	0
chr13:85500000-86000000	chr13	85500000	86000000	-0.0728787	0.0211954	0.0940742	0.500421	0.464637	-0.0357833	1.0000	1
chr13:86000000-86500000	chr13	86000000	86500000	0.320228	0.571853	0.251626	0.756834	0.990805	0.233971	0.9000	0
chr13:86500000-87000000	chr13	86500000	87000000	0.0956564	0.273375	0.177719	0.342339	0.424078	0.0817389	1.0000	0
chr13:87000000-87500000	chr13	87000000	87500000	-0.1861	-0.232168	-0.0460687	0.0656716	0.248363	0.182692	1.0000	0
chr13:87500000-88000000	chr13	87500000	88000000	-0.0706764	0.119999	0.190675	0.330017	0.502872	0.172855	1.0000	1
chr13:88000000-88500000	chr13	88000000	88500000	0.271906	0.40228	0.130373	0.384601	0.614173	0.229573	1.0000	0
chr13:88500000-89000000	chr13	88500000	89000000	0.236573	0.711931	0.475358	0.588092	0.928426	0.340334	1.0000	0
chr13:89000000-89500000	chr13	89000000	89500000	-0.000744696	0.174285	0.17503	0.0286545	0.592425	0.563771	1.0000	0
chr13:89500000-90000000	chr13	89500000	90000000	-0.16478	-0.0929022	0.0718773	0.36453	0.487786	0.123256	1.0000	0
chr13:90000000-90500000	chr13	90000000	90500000	-0.0131746	-0.174043	-0.160868	0.210902	0.274179	0.0632769	1.0000	0
chr13:90500000-91000000	chr13	90500000	91000000	0.326943	0.137174	-0.189769	0.415261	0.366052	-0.0492089	1.0000	0
chr13:91000000-91500000	chr13	91000000	91500000	0.363178	0.502986	0.139808	0.61224	0.474043	-0.138196	1.0000	2
chr13:91500000-92000000	chr13	91500000	92000000	0.170881	0.437093	0.266212	0.686349	0.541883	-0.144466	1.0000	0
chr13:92000000-92500000	chr13	92000000	92500000	-0.292297	-0.189717	0.10258	0.206069	0.0663333	-0.139736	1.0000	0
chr13:92500000-93000000	chr13	92500000	93000000	-0.264637	-0.31997	-0.055333	-0.125724	-0.25669	-0.130966	1.0000	0
chr13:93000000-93500000	chr13	93000000	93500000	-0.697009	-0.537108	0.159901	-0.335601	-0.552024	-0.216423	1.0000	1
chr13:93500000-94000000	chr13	93500000	94000000	-0.741172	-0.950731	-0.209559	-0.603165	-0.729624	-0.126459	1.0000	0
chr13:94000000-94500000	chr13	94000000	94500000	-0.199787	-0.423718	-0.223931	-0.336161	-0.583463	-0.247303	1.0000	1
chr13:94500000-95000000	chr13	94500000	95000000	0.332194	0.203621	-0.128573	0.267193	-0.0773473	-0.34454	1.0000	3
chr13:95000000-95500000	chr13	95000000	95500000	0.147496	-0.246077	-0.393573	0.256551	-0.31509	-0.571641	1.0000	1
chr13:95500000-96000000	chr13	95500000	96000000	-0.132094	-0.147919	-0.0158254	0.187944	-0.13774	-0.325684	1.0000	3
chr13:96000000-96500000	chr13	96000000	96500000	0.841763	0.981063	0.1393	0.899754	0.932328	0.0325739	1.0000	2
chr13:96500000-97000000	chr13	96500000	97000000	0.919903	1.0097	0.0897992	0.754236	0.948815	0.194579	1.0000	1
chr13:97000000-97500000	chr13	97000000	97500000	-0.50508	-0.444371	0.0607086	-0.411345	-0.401762	0.00958261	1.0000	2
chr13:97500000-98000000	chr13	97500000	98000000	0.18615	0.0498554	-0.136295	-0.0585519	-0.276874	-0.218322	1.0000	1
chr13:98000000-98500000	chr13	98000000	98500000	-0.654517	-0.53262	0.121897	-0.496387	-0.868177	-0.37179	1.0000	2
chr13:98500000-99000000	chr13	98500000	99000000	-0.482362	-0.675086	-0.192724	-0.653148	-1.01318	-0.360028	1.0000	3
chr13:99000000-99500000	chr13	99000000	99500000	-0.523183	-0.625099	-0.101916	-0.784482	-0.860995	-0.0765128	1.0000	3
chr13:99500000-100000000	chr13	99500000	100000000	-0.013785	-0.123945	-0.11016	-0.0355151	-0.343106	-0.307591	1.0000	4
chr13:100000000-100500000	chr13	100000000	100500000	-0.381739	-0.507947	-0.126208	-0.20203	-0.437969	-0.235939	1.0000	1
chr13:100500000-101000000	chr13	100500000	101000000	0.53343	0.344034	-0.189396	0.497895	0.0714345	-0.426461	1.0000	2
chr13:101000000-101500000	chr13	101000000	101500000	0.214441	0.289589	0.0751479	0.40969	0.300517	-0.109173	1.0000	2
chr13:101500000-102000000	chr13	101500000	102000000	0.39262	0.305556	-0.0870644	0.705509	0.700045	-0.00546435	1.0000	1
chr13:102000000-102500000	chr13	102000000	102500000	1.14568	1.38363	0.237951	1.16771	1.34579	0.178083	1.0000	0
chr13:102500000-103000000	chr13	102500000	103000000	0.457382	0.379911	-0.0774711	0.629259	0.433339	-0.19592	1.0000	7
chr13:103000000-103500000	chr13	103000000	103500000	0.609274	0.882275	0.273	0.692616	0.815533	0.122916	1.0000	1
chr13:103500000-104000000	chr13	103500000	104000000	0.170329	0.407779	0.237451	0.667434	0.825822	0.158387	1.0000	0
chr13:104000000-104500000	chr13	104000000	104500000	-0.0772162	0.182039	0.259255	0.377063	0.46749	0.0904273	1.0000	0
chr13:104500000-105000000	chr13	104500000	105000000	0.0164135	0.206042	0.189629	0.260848	0.187755	-0.073093	1.0000	0
chr13:105000000-105500000	chr13	105000000	105500000	-0.392654	-0.372082	0.020572	-0.0682387	-0.428472	-0.360234	1.0000	1
chr13:105500000-106000000	chr13	105500000	106000000	-0.58047	-0.580558	-8.73858e-05	-0.429351	-0.788799	-0.359448	1.0000	0
chr13:106000000-106500000	chr13	106000000	106500000	-0.448043	-0.627187	-0.179144	-0.596988	-0.845545	-0.248557	1.0000	0
chr13:106500000-107000000	chr13	106500000	107000000	0.66687	0.843424	0.176554	0.680215	0.61643	-0.0637842	1.0000	2
chr13:107000000-107500000	chr13	107000000	107500000	0.369299	0.256244	-0.113055	0.507182	0.39462	-0.112562	1.0000	0
chr13:107500000-108000000	chr13	107500000	108000000	0.256572	-0.142468	-0.39904	0.2949	0.149315	-0.145585	1.0000	1
chr13:108000000-108500000	chr13	108000000	108500000	0.126451	-0.100523	-0.226974	0.419751	0.190187	-0.229564	1.0000	3
chr13:108500000-109000000	chr13	108500000	109000000	-0.349061	-0.33508	0.0139808	-0.0798134	-0.433631	-0.353817	1.0000	1
chr13:109000000-109500000	chr13	109000000	109500000	-0.594454	-0.650784	-0.0563309	-0.515059	-0.873933	-0.358874	0.9800	0
chr13:109500000-110000000	chr13	109500000	110000000	-0.562798	-0.700572	-0.137774	-0.697131	-0.876192	-0.179061	1.0000	1
chr13:110000000-110500000	chr13	110000000	110500000	-0.869094	-0.996264	-0.12717	-0.876831	-0.847618	0.0292125	1.0000	2
chr13:110500000-111000000	chr13	110500000	111000000	-0.447236	-0.4698	-0.022564	-0.528322	-0.708097	-0.179775	1.0000	5
chr13:111000000-111500000	chr13	111000000	111500000	0.21684	0.228385	0.0115453	-0.132509	-0.21906	-0.0865507	1.0000	2
chr13:111500000-112000000	chr13	111500000	112000000	0.840229	0.889877	0.0496473	0.691268	0.617542	-0.073726	0.8000	0
chr13:112000000-112500000	chr13	112000000	112500000	0.849748	0.776176	-0.0735726	0.369355	0.588719	0.219364	1.0000	2
chr13:112500000-113000000	chr13	112500000	113000000	-0.0578986	-0.317128	-0.25923	-0.383743	-0.41572	-0.0319774	1.0000	3
chr13:113000000-113500000	chr13	113000000	113500000	-0.556495	-0.694998	-0.138503	-0.691436	-0.814929	-0.123493	1.0000	10
chr13:113500000-114000000	chr13	113500000	114000000	-0.577965	-0.704443	-0.126479	-0.824698	-0.752819	0.0718788	0.9000	6
chr13:114000000-114364328	chr13	114000000	114364328	-0.826616	-0.656261	0.170355	-0.789746	-0.964131	-0.174385	0.8234	5
chr14:0-500000	chr14	0	500000	nan	nan	nan	nan	nan	nan	0.0000	0
chr14:500000-1000000	chr14	500000	1000000	nan	nan	nan	nan	nan	nan	0.0000	0
chr14:1000000-1500000	chr14	1000000	1500000	nan	nan	nan	nan	nan	nan	0.0000	0
chr14:1500000-2000000	chr14	1500000	2000000	nan	nan	nan	nan	nan	nan	0.0000	0
chr14:2000000-2500000	chr14	2000000	2500000	nan	nan	nan	nan	nan	nan	0.0000	0
chr14:2500000-3000000	chr14	2500000	3000000	nan	nan	nan	nan	nan	nan	0.0000	0
chr14:3000000-3500000	chr14	3000000	3500000	nan	nan	nan	nan	nan	nan	0.0000	0
chr14:3500000-4000000	chr14	3500000	4000000	nan	nan	nan	nan	nan	nan	0.0000	0
chr14:4000000-4500000	chr14	4000000	4500000	nan	nan	nan	nan	nan	nan	0.0000	0
chr14:4500000-5000000	chr14	4500000	5000000	nan	nan	nan	nan	nan	nan	0.0000	0
chr14:5000000-5500000	chr14	5000000	5500000	nan	nan	nan	nan	nan	nan	0.0000	0
chr14:5500000-6000000	chr14	5500000	6000000	nan	nan	nan	nan	nan	nan	0.0000	0
chr14:6000000-6500000	chr14	6000000	6500000	nan	nan	nan	nan	nan	nan	0.0000	0
chr14:6500000-7000000	chr14	6500000	7000000	nan	nan	nan	nan	nan	nan	0.0000	0
chr14:7000000-7500000	chr14	7000000	7500000	nan	nan	nan	nan	nan	nan	0.0000	0
chr14:7500000-8000000	chr14	7500000	8000000	nan	nan	nan	nan	nan	nan	0.0000	0
chr14:8000000-8500000	chr14	8000000	8500000	nan	nan	nan	nan	nan	nan	0.0000	0
chr14:8500000-9000000	chr14	8500000	9000000	nan	nan	nan	nan	nan	nan	0.0000	0
chr14:9000000-9500000	chr14	9000000	9500000	nan	nan	nan	nan	nan	nan	0.0000	0
chr14:9500000-10000000	chr14	9500000	10000000	nan	nan	nan	nan	nan	nan	0.0000	0
chr14:10000000-10500000	chr14	10000000	10500000	nan	nan	nan	nan	nan	nan	0.0000	0
chr14:10500000-11000000	chr14	10500000	11000000	nan	nan	nan	nan	nan	nan	0.0000	0
chr14:11000000-11500000	chr14	11000000	11500000	nan	nan	nan	nan	nan	nan	0.0000	0
chr14:11500000-12000000	chr14	11500000	12000000	nan	nan	nan	nan	nan	nan	0.0000	0
chr14:12000000-12500000	chr14	12000000	12500000	nan	nan	nan	nan	nan	nan	0.0000	0
chr14:12500000-13000000	chr14	12500000	13000000	nan	nan	nan	nan	nan	nan	0.0000	0
chr14:13000000-13500000	chr14	13000000	13500000	nan	nan	nan	nan	nan	nan	0.0000	0
chr14:13500000-14000000	chr14	13500000	14000000	nan	nan	nan	nan	nan	nan	0.0000	0
chr14:14000000-14500000	chr14	14000000	14500000	nan	nan	nan	nan	nan	nan	0.0000	0
chr14:14500000-15000000	chr14	14500000	15000000	nan	nan	nan	nan	nan	nan	0.0000	0
chr14:15000000-15500000	chr14	15000000	15500000	nan	nan	nan	nan	nan	nan	0.0000	0
chr14:15500000-16000000	chr14	15500000	16000000	nan	nan	nan	nan	nan	nan	0.0000	0
chr14:16000000-16500000	chr14	16000000	16500000	nan	nan	nan	nan	nan	nan	0.0000	0
chr14:16500000-17000000	chr14	16500000	17000000	nan	nan	nan	nan	nan	nan	0.0000	0
chr14:17000000-17500000	chr14	17000000	17500000	nan	nan	nan	nan	nan	nan	0.0000	0
chr14:17500000-18000000	chr14	17500000	18000000	nan	nan	nan	nan	nan	nan	0.0000	0
chr14:18000000-18500000	chr14	18000000	18500000	nan	nan	nan	nan	nan	nan	0.0000	0
chr14:18500000-19000000	chr14	18500000	19000000	nan	nan	nan	nan	nan	nan	0.0000	2
chr14:19000000-19500000	chr14	19000000	19500000	nan	nan	nan	nan	nan	nan	0.0000	1
chr14:19500000-20000000	chr14	19500000	20000000	nan	nan	nan	nan	nan	nan	0.4800	8
chr14:20000000-20500000	chr14	20000000	20500000	0.0927519	0.4206	0.327848	0.312444	0.496859	0.184414	1.0000	17
chr14:20500000-21000000	chr14	20500000	21000000	0.278884	0.150197	-0.128687	0.158147	0.253144	0.0949975	1.0000	15
chr14:21000000-21500000	chr14	21000000	21500000	-0.608506	-0.756771	-0.148265	-0.76553	-0.772042	-0.00651152	1.0000	15
chr14:21500000-22000000	chr14	21500000	22000000	0.422242	0.549092	0.12685	0.459426	0.589077	0.129651	1.0000	6
chr14:22000000-22500000	chr14	22000000	22500000	-0.16971	-0.0168075	0.152903	-0.0768961	-0.217268	-0.140372	1.0000	0
chr14:22500000-23000000	chr14	22500000	23000000	-0.549689	-0.753326	-0.203636	-0.81866	-0.79961	0.0190498	1.0000	13
chr14:23000000-23500000	chr14	23000000	23500000	-0.503991	-0.423977	0.0800142	-0.538254	-0.61621	-0.0779564	0.8600	21
chr14:23500000-24000000	chr14	23500000	24000000	0.184609	0.097402	-0.0872066	-0.158655	0.03501	0.193665	1.0000	7
chr14:24000000-24500000	chr14	24000000	24500000	0.152603	-0.156051	-0.308654	-0.24116	-0.152007	0.0891524	1.0000	34
chr14:24500000-25000000	chr14	24500000	25000000	0.654906	0.749419	0.0945122	0.45188	0.608161	0.156281	1.0000	4
chr14:25000000-25500000	chr14	25000000	25500000	0.774901	0.898309	0.123409	0.582879	0.742333	0.159453	1.0000	1
chr14:25500000-26000000	chr14	25500000	26000000	0.78633	1.17105	0.384718	0.69147	1.01936	0.327888	1.0000	0
chr14:26000000-26500000	chr14	26000000	26500000	0.332421	0.550342	0.217921	0.644277	0.822892	0.178615	1.0000	0
chr14:26500000-27000000	chr14	26500000	27000000	0.207826	0.265557	0.0577311	0.355116	0.70633	0.351214	0.9800	1
chr14:27000000-27500000	chr14	27000000	27500000	0.370841	0.669335	0.298494	0.5607	1.03015	0.469446	1.0000	0
chr14:27500000-28000000	chr14	27500000	28000000	0.460997	0.737377	0.276381	0.804647	1.0832	0.278552	1.0000	0
chr14:28000000-28500000	chr14	28000000	28500000	0.247571	0.623919	0.376347	0.721354	0.956699	0.235344	1.0000	0
chr14:28500000-29000000	chr14	28500000	29000000	0.446513	0.381786	-0.0647266	0.572863	0.876532	0.303669	1.0000	1
chr14:29000000-29500000	chr14	29000000	29500000	0.680135	0.49074	-0.189394	0.542653	0.819779	0.277127	1.0000	0
chr14:29500000-30000000	chr14	29500000	30000000	0.405834	0.34278	-0.0630538	0.669878	0.553031	-0.116847	1.0000	1
chr14:30000000-30500000	chr14	30000000	30500000	0.775885	0.647969	-0.127917	0.690709	0.746339	0.0556297	1.0000	0
chr14:30500000-31000000	chr14	30500000	31000000	-0.664261	-0.758841	-0.0945794	-0.471299	-0.670548	-0.19925	1.0000	3
chr14:31000000-31500000	chr14	31000000	31500000	-1.10303	-1.15554	-0.0525111	-1.05548	-1.10893	-0.0534524	1.0000	6
chr14:31500000-32000000	chr14	31500000	32000000	-0.479903	-0.699931	-0.220027	-0.390438	-0.565004	-0.174566	0.9800	1
chr14:32000000-32500000	chr14	32000000	32500000	-1.11095	-1.03198	0.078968	-1.08381	-1.02073	0.063078	0.9800	4
chr14:32500000-33000000	chr14	32500000	33000000	-0.961899	-0.848113	0.113786	-0.872236	-0.757177	0.115059	1.0000	1
chr14:33000000-33500000	chr14	33000000	33500000	-0.516933	-0.701121	-0.184188	-0.538617	-0.674981	-0.136364	1.0000	0
chr14:33500000-34000000	chr14	33500000	34000000	-0.328911	-0.512617	-0.183706	-0.656013	-0.833143	-0.17713	1.0000	1
chr14:34000000-34500000	chr14	34000000	34500000	-0.310962	-0.362421	-0.0514593	-0.375335	-0.765156	-0.389821	1.0000	1
chr14:34500000-35000000	chr14	34500000	35000000	-0.844038	-0.832662	0.0113753	-1.02872	-1.0204	0.0083272	0.9200	5
chr14:35000000-35500000	chr14	35000000	35500000	-0.456476	-0.754839	-0.298362	-0.48572	-0.84382	-0.3581	1.0000	5
chr14:35500000-36000000	chr14	35500000	36000000	-0.115585	-0.283976	-0.168391	-0.107012	-0.0795921	0.0274197	0.9800	3
chr14:36000000-36500000	chr14	36000000	36500000	0.812812	1.15869	0.345878	1.0564	1.02772	-0.0286789	1.0000	2
chr14:36500000-37000000	chr14	36500000	37000000	0.878316	0.822956	-0.0553607	0.665876	0.820642	0.154767	1.0000	3
chr14:37000000-37500000	chr14	37000000	37500000	0.549661	0.35656	-0.193101	0.679401	0.657457	-0.0219436	0.9800	2
chr14:37500000-38000000	chr14	37500000	38000000	0.690081	0.683332	-0.00674902	0.641738	0.882703	0.240965	1.0000	2
chr14:38000000-38500000	chr14	38000000	38500000	0.485879	0.375136	-0.110742	0.325853	0.5363	0.210448	1.0000	2
chr14:38500000-39000000	chr14	38500000	39000000	0.774573	1.02836	0.253785	0.761154	1.13615	0.375001	1.0000	0
chr14:39000000-39500000	chr14	39000000	39500000	-0.312323	-0.482732	-0.170408	-0.36056	-0.125912	0.234648	1.0000	6
chr14:39500000-40000000	chr14	39500000	40000000	0.865928	0.94688	0.0809514	0.965968	0.879637	-0.0863316	1.0000	0
chr14:40000000-40500000	chr14	40000000	40500000	0.528659	0.658377	0.129718	0.765737	1.16987	0.404135	1.0000	0
chr14:40500000-41000000	chr14	40500000	41000000	0.143911	0.301178	0.157266	0.354795	0.94456	0.589765	1.0000	0
chr14:41000000-41500000	chr14	41000000	41500000	0.225838	0.209302	-0.0165361	0.315956	0.768047	0.452091	1.0000	0
chr14:41500000-42000000	chr14	41500000	42000000	-0.147697	-0.23102	-0.0833225	0.215999	0.369061	0.153062	1.0000	1
chr14:42000000-42500000	chr14	42000000	42500000	0.0209778	-0.116487	-0.137465	0.21384	0.445672	0.231832	1.0000	0
chr14:42500000-43000000	chr14	42500000	43000000	-0.0840223	-0.124339	-0.0403166	0.243038	0.514872	0.271834	1.0000	0
chr14:43000000-43500000	chr14	43000000	43500000	0.133607	0.53888	0.405273	0.456933	0.919481	0.462548	1.0000	0
chr14:43500000-44000000	chr14	43500000	44000000	0.443061	0.564792	0.121731	0.530084	0.774685	0.244601	1.0000	0
chr14:44000000-44500000	chr14	44000000	44500000	0.0924576	0.333837	0.24138	0.16263	0.640653	0.478022	0.9800	0
chr14:44500000-45000000	chr14	44500000	45000000	0.258889	0.26358	0.00469121	0.292783	0.350308	0.0575256	0.9800	4
chr14:45000000-45500000	chr14	45000000	45500000	0.297661	0.394422	0.0967608	0.461666	0.671799	0.210134	0.9600	4
chr14:45500000-46000000	chr14	45500000	46000000	0.652846	0.866024	0.213178	0.734555	1.21539	0.480839	1.0000	0
chr14:46000000-46500000	chr14	46000000	46500000	0.47012	0.598881	0.128761	0.645075	1.08347	0.43839	1.0000	0
chr14:46500000-47000000	chr14	46500000	47000000	0.426901	0.583332	0.156431	0.719541	1.04654	0.327002	0.9800	1
chr14:47000000-47500000	chr14	47000000	47500000	0.155409	0.342477	0.187068	0.531743	0.738836	0.207093	1.0000	0
chr14:47500000-48000000	chr14	47500000	48000000	0.479859	0.715018	0.235159	0.55927	1.03991	0.480637	1.0000	1
chr14:48000000-48500000	chr14	48000000	48500000	0.19646	0.492296	0.295836	0.22772	1.01058	0.782861	1.0000	0
chr14:48500000-49000000	chr14	48500000	49000000	0.413445	0.49601	0.0825653	0.433187	0.980531	0.547344	1.0000	0
chr14:49000000-49500000	chr14	49000000	49500000	1.0603	1.30269	0.242397	0.83204	0.877664	0.0456238	1.0000	0
chr14:49500000-50000000	chr14	49500000	50000000	-0.860042	-0.661154	0.198888	-0.741249	-0.852428	-0.111179	1.0000	10
chr14:50000000-50500000	chr14	50000000	50500000	-1.18113	-1.07886	0.102276	-1.21384	-1.19413	0.0197046	1.0000	5
chr14:50500000-51000000	chr14	50500000	51000000	-1.03455	-1.25024	-0.215686	-0.86345	-1.1054	-0.241952	1.0000	6
chr14:51000000-51500000	chr14	51000000	51500000	-0.923788	-0.951016	-0.0272282	-0.865973	-1.1171	-0.251132	1.0000	2
chr14:51500000-52000000	chr14	51500000	52000000	-1.12432	-1.03484	0.0894777	-1.04035	-0.996474	0.043876	1.0000	3
chr14:52000000-52500000	chr14	52000000	52500000	-0.762365	-0.718546	0.0438199	-0.777379	-0.902242	-0.124863	1.0000	3
chr14:52500000-53000000	chr14	52500000	53000000	-1.29687	-1.08755	0.209317	-0.881397	-0.981033	-0.0996361	1.0000	7
chr14:53000000-53500000	chr14	53000000	53500000	-0.705209	-0.784753	-0.0795438	-0.866947	-1.08347	-0.216525	1.0000	1
chr14:53500000-54000000	chr14	53500000	54000000	-0.94654	-0.902614	0.0439257	-1.16165	-1.1106	0.051055	1.0000	1
chr14:54000000-54500000	chr14	54000000	54500000	-0.910607	-1.04403	-0.133425	-0.990542	-1.12747	-0.13693	0.9800	3
chr14:54500000-55000000	chr14	54500000	55000000	-0.909517	-0.915363	-0.00584559	-0.847808	-1.0011	-0.153291	1.0000	3
chr14:55000000-55500000	chr14	55000000	55500000	-0.78263	-0.942259	-0.15963	-1.08489	-1.09494	-0.0100465	1.0000	8
chr14:55500000-56000000	chr14	55500000	56000000	-0.112149	-0.0701677	0.0419814	-0.298858	-0.257324	0.0415336	1.0000	1
chr14:56000000-56500000	chr14	56000000	56500000	0.435657	0.166063	-0.269594	0.157475	0.125275	-0.0321999	1.0000	1
chr14:56500000-57000000	chr14	56500000	57000000	0.696477	0.708925	0.0124481	0.529324	0.803108	0.273784	1.0000	2
chr14:57000000-57500000	chr14	57000000	57500000	0.4439	0.41726	-0.02664	0.220339	0.614697	0.394357	0.9800	4
chr14:57500000-58000000	chr14	57500000	58000000	1.34542	1.4709	0.125487	1.11345	1.09905	-0.0144025	1.0000	1
chr14:58000000-58500000	chr14	58000000	58500000	-0.512752	-0.639461	-0.126709	-0.262786	-0.396173	-0.133387	1.0000	7
chr14:58500000-59000000	chr14	58500000	59000000	-0.456114	-0.706902	-0.250788	-0.357686	-0.716013	-0.358327	1.0000	1
chr14:59000000-59500000	chr14	59000000	59500000	-0.800613	-0.735001	0.0656119	-0.616466	-0.712625	-0.0961587	1.0000	4
chr14:59500000-60000000	chr14	59500000	60000000	0.887922	0.734723	-0.153199	0.532454	0.852524	0.320071	1.0000	3
chr14:60000000-60500000	chr14	60000000	60500000	0.131063	0.0203283	-0.110735	0.339971	0.379637	0.039666	1.0000	4
chr14:60500000-61000000	chr14	60500000	61000000	-0.23827	-0.449425	-0.211155	-0.0541948	-0.233281	-0.179086	1.0000	6
chr14:61000000-61500000	chr14	61000000	61500000	-0.138076	-0.171663	-0.0335868	-0.155134	-0.233921	-0.078787	1.0000	2
chr14:61500000-62000000	chr14	61500000	62000000	-0.695444	-0.554199	0.141245	-0.396168	-0.407983	-0.0118156	1.0000	3
chr14:62000000-62500000	chr14	62000000	62500000	0.667435	0.480207	-0.187228	0.445251	0.447345	0.00209374	1.0000	0
chr14:62500000-63000000	chr14	62500000	63000000	0.474827	0.783051	0.308224	0.655355	0.738844	0.0834887	1.0000	0
chr14:63000000-63500000	chr14	63000000	63500000	0.222866	0.17294	-0.0499264	0.132211	0.139424	0.00721296	1.0000	3
chr14:63500000-64000000	chr14	63500000	64000000	-0.537978	-0.50349	0.0344882	-0.399019	-0.690009	-0.290989	1.0000	4
chr14:64000000-64500000	chr14	64000000	64500000	-0.387978	-0.401299	-0.0133205	-0.525236	-0.704491	-0.179255	1.0000	3
chr14:64500000-65000000	chr14	64500000	65000000	-0.599334	-0.569312	0.0300214	-0.684913	-0.909264	-0.224351	1.0000	10
chr14:65000000-65500000	chr14	65000000	65500000	-0.299405	-0.395072	-0.0956664	-0.522489	-0.65624	-0.13375	1.0000	2
chr14:65500000-66000000	chr14	65500000	66000000	0.0755979	-0.102648	-0.178246	0.13755	0.0341302	-0.10342	1.0000	0
chr14:66000000-66500000	chr14	66000000	66500000	0.652308	0.716097	0.0637886	0.685336	0.559934	-0.125401	1.0000	1
chr14:66500000-67000000	chr14	66500000	67000000	0.0872639	-0.0522099	-0.139474	0.388241	0.378886	-0.00935488	1.0000	1
chr14:67000000-67500000	chr14	67000000	67500000	-0.310083	-0.469877	-0.159794	-0.357076	-0.31965	0.0374268	1.0000	6
chr14:67500000-68000000	chr14	67500000	68000000	-0.921187	-0.842295	0.0788912	-1.18873	-1.06487	0.123857	1.0000	8
chr14:68000000-68500000	chr14	68000000	68500000	-1.1845	-1.12318	0.0613177	-1.40014	-1.08118	0.318961	1.0000	0
chr14:68500000-69000000	chr14	68500000	69000000	-0.753448	-0.776347	-0.0228993	-1.0678	-0.924925	0.142877	1.0000	2
chr14:69000000-69500000	chr14	69000000	69500000	-1.07966	-0.811067	0.268592	-1.05716	-1.08355	-0.0263943	1.0000	6
chr14:69500000-70000000	chr14	69500000	70000000	0.132491	0.0157028	-0.116788	0.0912961	-0.218742	-0.310038	1.0000	5
chr14:70000000-70500000	chr14	70000000	70500000	0.651098	0.945363	0.294264	0.514799	0.473249	-0.04155	1.0000	4
chr14:70500000-71000000	chr14	70500000	71000000	-0.184256	-0.178938	0.00531859	-0.135833	-0.41093	-0.275098	1.0000	5
chr14:71000000-71500000	chr14	71000000	71500000	-0.97261	-0.793135	0.179475	-0.812762	-0.86425	-0.0514876	1.0000	1
chr14:71500000-72000000	chr14	71500000	72000000	-0.362105	-0.278215	0.0838904	-0.505021	-0.477193	0.0278285	1.0000	1
chr14:72000000-72500000	chr14	72000000	72500000	0.544338	0.612667	0.0683285	0.249467	0.26293	0.0134633	1.0000	0
chr14:72500000-73000000	chr14	72500000	73000000	-0.298906	-0.541244	-0.242337	-0.88	-0.953496	-0.0734954	1.0000	2
chr14:73000000-73500000	chr14	73000000	73500000	-0.92276	-0.888378	0.0343826	-1.32143	-1.40191	-0.0804815	1.0000	6
chr14:73500000-74000000	chr14	73500000	74000000	-0.96716	-0.860488	0.106673	-1.25497	-1.13021	0.124763	1.0000	12
chr14:74000000-74500000	chr14	74000000	74500000	-0.782156	-0.744882	0.0372739	-1.03009	-1.17967	-0.149581	1.0000	10
chr14:74500000-75000000	chr14	74500000	75000000	-0.841858	-0.822734	0.0191241	-0.870232	-1.07106	-0.200832	0.9600	8
chr14:75000000-75500000	chr14	75000000	75500000	-0.714329	-0.835334	-0.121005	-0.962589	-1.0147	-0.0521145	1.0000	8
chr14:75500000-76000000	chr14	75500000	76000000	-0.604896	-0.668007	-0.0631116	-0.598693	-0.775893	-0.1772	1.0000	6
chr14:76000000-76500000	chr14	76000000	76500000	0.404634	0.0488844	-0.355749	0.116483	-0.2425	-0.358983	1.0000	2
chr14:76500000-77000000	chr14	76500000	77000000	0.172971	0.143224	-0.0297471	-0.24232	-0.300262	-0.057942	1.0000	3
chr14:77000000-77500000	chr14	77000000	77500000	-0.106389	-0.281773	-0.175383	-0.13908	-0.555381	-0.416302	1.0000	13
chr14:77500000-78000000	chr14	77500000	78000000	0.508631	0.527178	0.0185467	0.353552	0.244323	-0.109229	1.0000	5
chr14:78000000-78500000	chr14	78000000	78500000	1.41283	1.59718	0.184343	0.989567	1.22542	0.235854	1.0000	1
chr14:78500000-79000000	chr14	78500000	79000000	1.02841	1.09775	0.0693408	0.762427	0.944938	0.18251	1.0000	0
chr14:79000000-79500000	chr14	79000000	79500000	0.234338	0.269807	0.0354692	0.10486	0.154515	0.049655	1.0000	0
chr14:79500000-80000000	chr14	79500000	80000000	0.337528	0.257449	-0.0800795	0.100712	0.229474	0.128762	1.0000	0
chr14:80000000-80500000	chr14	80000000	80500000	0.274749	0.239238	-0.0355114	0.205609	0.254062	0.0484524	1.0000	1
chr14:80500000-81000000	chr14	80500000	81000000	0.102269	0.103092	0.000823408	0.377665	0.228708	-0.148957	1.0000	2
chr14:81000000-81500000	chr14	81000000	81500000	0.892225	0.843445	-0.0487796	0.868472	0.789233	-0.0792389	1.0000	2
chr14:81500000-82000000	chr14	81500000	82000000	1.13538	1.32207	0.186685	0.849116	1.09	0.240883	1.0000	1
chr14:82000000-82500000	chr14	82000000	82500000	0.840849	1.17727	0.336419	0.844171	1.2799	0.435728	1.0000	0
chr14:82500000-83000000	chr14	82500000	83000000	0.591195	0.829506	0.238311	0.734981	1.10497	0.369986	1.0000	0
chr14:83000000-83500000	chr14	83000000	83500000	-0.221219	-0.298358	-0.0771389	0.0871755	0.20775	0.120574	1.0000	0
chr14:83500000-84000000	chr14	83500000	84000000	-0.328271	-0.451781	-0.123509	-0.180148	-0.359884	-0.179736	1.0000	0
chr14:84000000-84500000	chr14	84000000	84500000	-0.491615	-0.48732	0.00429542	-0.364019	-0.37844	-0.0144206	1.0000	0
chr14:84500000-85000000	chr14	84500000	85000000	-0.379842	-0.0898436	0.289998	-0.269857	-0.100774	0.169083	1.0000	0
chr14:85000000-85500000	chr14	85000000	85500000	-0.491123	-0.520497	-0.0293749	-0.56548	-0.604173	-0.0386923	1.0000	0
chr14:85500000-86000000	chr14	85500000	86000000	0.175617	0.220602	0.0449845	0.0901476	0.289752	0.199605	1.0000	1
chr14:86000000-86500000	chr14	86000000	86500000	0.585337	0.957351	0.372014	0.394439	1.02471	0.630272	0.9800	0
chr14:86500000-87000000	chr14	86500000	87000000	0.318069	0.341685	0.0236162	0.381177	0.725666	0.344489	0.9800	0
chr14:87000000-87500000	chr14	87000000	87500000	0.698344	1.20657	0.508229	0.742729	1.09975	0.357017	1.0000	0
chr14:87500000-88000000	chr14	87500000	88000000	1.13017	1.22452	0.094352	0.947306	1.21803	0.270727	1.0000	1
chr14:88000000-88500000	chr14	88000000	88500000	1.04175	1.15843	0.116688	1.02882	1.04108	0.0122629	0.9600	3
chr14:88500000-89000000	chr14	88500000	89000000	0.0316244	-0.158127	-0.189751	-0.0155261	-0.116927	-0.101401	1.0000	4
chr14:89000000-89500000	chr14	89000000	89500000	-0.00551939	-0.287588	-0.282069	-0.375237	-0.498787	-0.123549	1.0000	1
chr14:89500000-90000000	chr14	89500000	90000000	-0.404904	-0.748175	-0.343271	-0.603015	-0.664981	-0.0619657	1.0000	2
chr14:90000000-90500000	chr14	90000000	90500000	-0.120071	-0.331816	-0.211745	-0.39594	-0.602262	-0.206322	1.0000	4
chr14:90500000-91000000	chr14	90500000	91000000	-0.105759	-0.364773	-0.259014	-0.277269	-0.5208	-0.243531	1.0000	1
chr14:91000000-91500000	chr14	91000000	91500000	0.221809	-0.137043	-0.358852	-0.11486	-0.382986	-0.268126	1.0000	4
chr14:91500000-92000000	chr14	91500000	92000000	0.497531	0.563517	0.0659858	0.404847	0.491026	0.0861797	1.0000	4
chr14:92000000-92500000	chr14	92000000	92500000	0.4393	0.187839	-0.251461	0.200175	-0.0551044	-0.255279	1.0000	5
chr14:92500000-93000000	chr14	92500000	93000000	0.25023	0.106	-0.14423	0.0602908	-0.210188	-0.270479	1.0000	4
chr14:93000000-93500000	chr14	93000000	93500000	0.440227	0.391363	-0.048864	0.468828	0.485851	0.0170223	1.0000	8
chr14:93500000-94000000	chr14	93500000	94000000	1.29305	1.2848	-0.00824504	0.95409	1.15435	0.200258	1.0000	4
chr14:94000000-94500000	chr14	94000000	94500000	0.910913	1.0948	0.183884	0.632946	1.02135	0.388406	1.0000	11
chr14:94500000-95000000	chr14	94500000	95000000	1.13863	1.36756	0.228936	0.832302	0.897106	0.0648038	1.0000	5
chr14:95000000-95500000	chr14	95000000	95500000	0.914225	0.742313	-0.171912	0.471792	0.448736	-0.0230563	1.0000	2
chr14:95500000-96000000	chr14	95500000	96000000	1.21249	1.25817	0.0456768	1.01038	0.853678	-0.156705	1.0000	5
chr14:96000000-96500000	chr14	96000000	96500000	0.424152	0.102014	-0.322138	0.29367	0.180059	-0.113611	1.0000	6
chr14:96500000-97000000	chr14	96500000	97000000	0.924983	1.09621	0.171225	0.722478	0.842485	0.120007	1.0000	2
chr14:97000000-97500000	chr14	97000000	97500000	1.23583	1.21248	-0.0233547	0.925457	0.923517	-0.0019401	1.0000	0
chr14:97500000-98000000	chr14	97500000	98000000	1.32403	1.29027	-0.0337561	0.928788	1.02139	0.0926036	1.0000	0
chr14:98000000-98500000	chr14	98000000	98500000	1.13861	1.39154	0.252928	0.88086	0.967658	0.0867984	1.0000	0
chr14:98500000-99000000	chr14	98500000	99000000	1.11436	1.2715	0.157142	0.999618	0.865204	-0.134415	1.0000	0
chr14:99000000-99500000	chr14	99000000	99500000	0.719131	0.555663	-0.163468	0.318448	0.373014	0.054566	1.0000	3
chr14:99500000-100000000	chr14	99500000	100000000	-0.267166	-0.576613	-0.309447	-0.570812	-0.581087	-0.010275	1.0000	4
chr14:100000000-100500000	chr14	100000000	100500000	-0.299449	-0.506367	-0.206918	-0.498733	-0.582767	-0.0840342	1.0000	7
chr14:100500000-101000000	chr14	100500000	101000000	0.0177775	-0.128719	-0.146496	-0.171985	-0.112768	0.0592174	0.9800	4
chr14:101000000-101500000	chr14	101000000	101500000	0.454232	0.0672324	-0.387	-0.0978901	-0.0776872	0.0202029	0.9600	0
chr14:101500000-102000000	chr14	101500000	102000000	-0.457401	-0.563191	-0.10579	-0.700454	-0.645107	0.0553478	0.9800	3
chr14:102000000-102500000	chr14	102000000	102500000	-0.799112	-0.788037	0.0110751	-1.11937	-1.22984	-0.110472	1.0000	6
chr14:102500000-103000000	chr14	102500000	103000000	-0.829742	-0.985501	-0.155759	-1.06421	-1.12412	-0.0599134	1.0000	4
chr14:103000000-103500000	chr14	103000000	103500000	-0.995918	-1.02386	-0.027946	-1.22532	-1.10895	0.116371	1.0000	6
chr14:103500000-104000000	chr14	103500000	104000000	-0.649504	-0.76023	-0.110727	-0.921715	-0.936587	-0.0148724	1.0000	11
chr14:104000000-104500000	chr14	104000000	104500000	0.248304	-0.0202967	-0.268601	-0.0749482	-0.080508	-0.00555972	0.9800	2
chr14:104500000-105000000	chr14	104500000	105000000	-0.0338239	-0.367249	-0.333425	-0.547963	-0.405224	0.142739	1.0000	11
chr14:105000000-105500000	chr14	105000000	105500000	0.0335325	-0.465499	-0.499032	-0.458139	-0.216991	0.241149	0.9400	12
chr14:105500000-106000000	chr14	105500000	106000000	0.921208	0.845403	-0.0758042	0.491954	1.01999	0.528032	0.9200	1
chr14:106000000-106500000	chr14	106000000	106500000	0.667032	0.947403	0.280372	0.593359	0.905311	0.311952	0.9000	0
chr14:106500000-107000000	chr14	106500000	107000000	1.07771	1.49091	0.413198	0.78107	0.953673	0.172604	0.6600	0
chr14:107000000-107043718	chr14	107000000	107043718	nan	nan	nan	nan	nan	nan	0.0000	0
chr15:0-500000	chr15	0	500000	nan	nan	nan	nan	nan	nan	0.0000	0
chr15:500000-1000000	chr15	500000	1000000	nan	nan	nan	nan	nan	nan	0.0000	0
chr15:1000000-1500000	chr15	1000000	1500000	nan	nan	nan	nan	nan	nan	0.0000	0
chr15:1500000-2000000	chr15	1500000	2000000	nan	nan	nan	nan	nan	nan	0.0000	0
chr15:2000000-2500000	chr15	2000000	2500000	nan	nan	nan	nan	nan	nan	0.0000	0
chr15:2500000-3000000	chr15	2500000	3000000	nan	nan	nan	nan	nan	nan	0.0000	0
chr15:3000000-3500000	chr15	3000000	3500000	nan	nan	nan	nan	nan	nan	0.0000	0
chr15:3500000-4000000	chr15	3500000	4000000	nan	nan	nan	nan	nan	nan	0.0000	0
chr15:4000000-4500000	chr15	4000000	4500000	nan	nan	nan	nan	nan	nan	0.0000	0
chr15:4500000-5000000	chr15	4500000	5000000	nan	nan	nan	nan	nan	nan	0.0000	0
chr15:5000000-5500000	chr15	5000000	5500000	nan	nan	nan	nan	nan	nan	0.0000	0
chr15:5500000-6000000	chr15	5500000	6000000	nan	nan	nan	nan	nan	nan	0.0000	0
chr15:6000000-6500000	chr15	6000000	6500000	nan	nan	nan	nan	nan	nan	0.0000	0
chr15:6500000-7000000	chr15	6500000	7000000	nan	nan	nan	nan	nan	nan	0.0000	0
chr15:7000000-7500000	chr15	7000000	7500000	nan	nan	nan	nan	nan	nan	0.0000	0
chr15:7500000-8000000	chr15	7500000	8000000	nan	nan	nan	nan	nan	nan	0.0000	0
chr15:8000000-8500000	chr15	8000000	8500000	nan	nan	nan	nan	nan	nan	0.0000	0
chr15:8500000-9000000	chr15	8500000	9000000	nan	nan	nan	nan	nan	nan	0.0000	0
chr15:9000000-9500000	chr15	9000000	9500000	nan	nan	nan	nan	nan	nan	0.0000	0
chr15:9500000-10000000	chr15	9500000	10000000	nan	nan	nan	nan	nan	nan	0.0000	0
chr15:10000000-10500000	chr15	10000000	10500000	nan	nan	nan	nan	nan	nan	0.0000	0
chr15:10500000-11000000	chr15	10500000	11000000	nan	nan	nan	nan	nan	nan	0.0000	0
chr15:11000000-11500000	chr15	11000000	11500000	nan	nan	nan	nan	nan	nan	0.0000	0
chr15:11500000-12000000	chr15	11500000	12000000	nan	nan	nan	nan	nan	nan	0.0000	0
chr15:12000000-12500000	chr15	12000000	12500000	nan	nan	nan	nan	nan	nan	0.0000	0
chr15:12500000-13000000	chr15	12500000	13000000	nan	nan	nan	nan	nan	nan	0.0000	0
chr15:13000000-13500000	chr15	13000000	13500000	nan	nan	nan	nan	nan	nan	0.0000	0
chr15:13500000-14000000	chr15	13500000	14000000	nan	nan	nan	nan	nan	nan	0.0000	0
chr15:14000000-14500000	chr15	14000000	14500000	nan	nan	nan	nan	nan	nan	0.0000	0
chr15:14500000-15000000	chr15	14500000	15000000	nan	nan	nan	nan	nan	nan	0.0000	0
chr15:15000000-15500000	chr15	15000000	15500000	nan	nan	nan	nan	nan	nan	0.0000	0
chr15:15500000-16000000	chr15	15500000	16000000	nan	nan	nan	nan	nan	nan	0.0000	0
chr15:16000000-16500000	chr15	16000000	16500000	nan	nan	nan	nan	nan	nan	0.0000	0
chr15:16500000-17000000	chr15	16500000	17000000	nan	nan	nan	nan	nan	nan	0.0000	0
chr15:17000000-17500000	chr15	17000000	17500000	nan	nan	nan	nan	nan	nan	0.0000	0
chr15:17500000-18000000	chr15	17500000	18000000	nan	nan	nan	nan	nan	nan	0.0000	0
chr15:18000000-18500000	chr15	18000000	18500000	nan	nan	nan	nan	nan	nan	0.0000	0
chr15:18500000-19000000	chr15	18500000	19000000	nan	nan	nan	nan	nan	nan	0.0000	0
chr15:19000000-19500000	chr15	19000000	19500000	nan	nan	nan	nan	nan	nan	0.0000	0
chr15:19500000-20000000	chr15	19500000	20000000	nan	nan	nan	nan	nan	nan	0.3600	0
chr15:20000000-20500000	chr15	20000000	20500000	nan	nan	nan	nan	nan	nan	0.0000	0
chr15:20500000-21000000	chr15	20500000	21000000	nan	nan	nan	nan	nan	nan	0.0000	2
chr15:21000000-21500000	chr15	21000000	21500000	nan	nan	nan	nan	nan	nan	0.0000	1
chr15:21500000-22000000	chr15	21500000	22000000	nan	nan	nan	nan	nan	nan	0.0000	3
chr15:22000000-22500000	chr15	22000000	22500000	nan	nan	nan	nan	nan	nan	0.0000	3
chr15:22500000-23000000	chr15	22500000	23000000	-0.201706	-0.222957	-0.0212508	-0.290245	-0.525807	-0.235562	0.7800	3
chr15:23000000-23500000	chr15	23000000	23500000	0.419784	0.627427	0.207644	0.420735	0.317588	-0.103148	0.5200	5
chr15:23500000-24000000	chr15	23500000	24000000	0.847338	1.00153	0.154189	0.540107	0.637914	0.0978072	1.0000	3
chr15:24000000-24500000	chr15	24000000	24500000	0.729701	1.05406	0.324364	0.62997	0.831246	0.201276	1.0000	0
chr15:24500000-25000000	chr15	24500000	25000000	0.465784	0.545939	0.0801556	0.391644	0.498961	0.107317	1.0000	3
chr15:25000000-25500000	chr15	25000000	25500000	-0.0936194	0.221501	0.315121	-0.143217	0.0121052	0.155323	1.0000	1
chr15:25500000-26000000	chr15	25500000	26000000	0.635128	0.681836	0.0467082	0.528619	0.613077	0.084458	0.9800	1
chr15:26000000-26500000	chr15	26000000	26500000	0.731344	0.855328	0.123984	0.380661	0.666457	0.285796	1.0000	0
chr15:26500000-27000000	chr15	26500000	27000000	0.672987	0.554936	-0.118051	0.287196	0.531	0.243803	1.0000	3
chr15:27000000-27500000	chr15	27000000	27500000	0.656373	0.735186	0.0788127	0.465238	0.72409	0.258852	1.0000	0
chr15:27500000-28000000	chr15	27500000	28000000	0.630629	0.571432	-0.0591966	0.45664	0.457968	0.00132856	1.0000	0
chr15:28000000-28500000	chr15	28000000	28500000	0.361379	0.202912	-0.158466	0.0905175	-0.170303	-0.26082	0.6000	4
chr15:28500000-29000000	chr15	28500000	29000000	0.145161	-0.237064	-0.382225	-0.184261	-0.504643	-0.320383	0.6200	5
chr15:29000000-29500000	chr15	29000000	29500000	0.384571	0.111936	-0.272635	-0.134352	-0.096047	0.0383051	1.0000	1
chr15:29500000-30000000	chr15	29500000	30000000	-0.702636	-0.553776	0.148859	-0.588243	-0.625547	-0.0373041	1.0000	2
chr15:30000000-30500000	chr15	30000000	30500000	nan	nan	nan	nan	nan	nan	0.1200	4
chr15:30500000-31000000	chr15	30500000	31000000	-0.0239993	-0.0877582	-0.0637588	-0.110241	-0.13673	-0.0264892	0.7000	5
chr15:31000000-31500000	chr15	31000000	31500000	0.413505	-0.150302	-0.563807	0.128125	-0.141944	-0.270068	1.0000	2
chr15:31500000-32000000	chr15	31500000	32000000	0.902638	1.01339	0.110748	0.81583	0.672755	-0.143075	1.0000	1
chr15:32000000-32500000	chr15	32000000	32500000	nan	nan	nan	nan	nan	nan	0.3000	3
chr15:32500000-33000000	chr15	32500000	33000000	-0.517268	-0.644803	-0.127535	-0.623641	-0.703671	-0.08003	0.7400	4
chr15:33000000-33500000	chr15	33000000	33500000	0.146362	-0.222239	-0.3686	-0.104179	-0.154234	-0.0500546	1.0000	2
chr15:33500000-34000000	chr15	33500000	34000000	0.252302	-0.0296654	-0.281968	0.109162	-0.0759145	-0.185076	1.0000	1
chr15:34000000-34500000	chr15	34000000	34500000	-0.734927	-0.783671	-0.048744	-0.896044	-0.809799	0.0862446	1.0000	10
chr15:34500000-35000000	chr15	34500000	35000000	-0.845509	-1.02095	-0.175439	-0.915454	-0.868723	0.0467316	1.0000	5
chr15:35000000-35500000	chr15	35000000	35500000	-0.765604	-1.14431	-0.378707	-0.771223	-0.9776	-0.206377	1.0000	1
chr15:35500000-36000000	chr15	35500000	36000000	-1.05169	-1.17421	-0.122516	-1.06943	-1.05121	0.0182272	1.0000	1
chr15:36000000-36500000	chr15	36000000	36500000	-1.13603	-1.17484	-0.0388123	-1.2615	-1.14274	0.118757	1.0000	0
chr15:36500000-37000000	chr15	36500000	37000000	-1.23832	-1.44726	-0.20894	-1.25702	-1.24088	0.0161372	1.0000	1
chr15:37000000-37500000	chr15	37000000	37500000	-0.940436	-0.867091	0.0733446	-0.6634	-0.611505	0.0518943	1.0000	1
chr15:37500000-38000000	chr15	37500000	38000000	-0.890671	-0.804757	0.085914	-0.889564	-0.845921	0.043643	1.0000	1
chr15:38000000-38500000	chr15	38000000	38500000	-1.29311	-1.26959	0.0235151	-1.2269	-1.39993	-0.173029	1.0000	2
chr15:38500000-39000000	chr15	38500000	39000000	-0.915246	-1.07682	-0.161574	-1.29781	-1.29827	-0.000455756	1.0000	1
chr15:39000000-39500000	chr15	39000000	39500000	-1.29013	-1.15367	0.136459	-1.24874	-1.19478	0.0539646	1.0000	0
chr15:39500000-40000000	chr15	39500000	40000000	-1.49993	-1.39829	0.101646	-1.45745	-1.22494	0.232506	1.0000	4
chr15:40000000-40500000	chr15	40000000	40500000	-1.02647	-1.05061	-0.024141	-1.39705	-1.20459	0.192455	1.0000	14
chr15:40500000-41000000	chr15	40500000	41000000	-1.07989	-1.30467	-0.224778	-1.40385	-1.32239	0.0814602	1.0000	15
chr15:41000000-41500000	chr15	41000000	41500000	-1.04393	-1.03749	0.0064436	-1.40417	-1.41056	-0.00638737	1.0000	8
chr15:41500000-42000000	chr15	41500000	42000000	-1.04661	-0.936802	0.109813	-1.22281	-1.05432	0.168494	1.0000	9
chr15:42000000-42500000	chr15	42000000	42500000	-0.931513	-0.975179	-0.0436661	-1.19897	-1.26847	-0.0694997	1.0000	9
chr15:42500000-43000000	chr15	42500000	43000000	-1.20385	-1.07497	0.128884	-1.3694	-1.42683	-0.0574313	1.0000	5
chr15:43000000-43500000	chr15	43000000	43500000	-1.00831	-1.12082	-0.112507	-1.4293	-1.23752	0.191779	1.0000	11
chr15:43500000-44000000	chr15	43500000	44000000	-0.848915	-1.05515	-0.206235	-1.00312	-1.22627	-0.223148	1.0000	13
chr15:44000000-44500000	chr15	44000000	44500000	-1.23213	-1.15797	0.0741556	-1.36857	-1.22156	0.147014	1.0000	3
chr15:44500000-45000000	chr15	44500000	45000000	-0.471261	-0.476041	-0.00477955	-0.667262	-0.67928	-0.0120183	1.0000	6
chr15:45000000-45500000	chr15	45000000	45500000	0.0408279	-0.255387	-0.296215	-0.286648	-0.196546	0.0901024	1.0000	10
chr15:45500000-46000000	chr15	45500000	46000000	0.579674	0.501277	-0.0783967	0.321227	0.474446	0.153219	1.0000	3
chr15:46000000-46500000	chr15	46000000	46500000	0.978281	0.955455	-0.0228263	0.674149	0.916895	0.242746	1.0000	0
chr15:46500000-47000000	chr15	46500000	47000000	0.758516	0.975459	0.216943	0.61614	1.06208	0.445937	1.0000	0
chr15:47000000-47500000	chr15	47000000	47500000	0.457194	0.535678	0.0784839	0.395681	0.657341	0.26166	1.0000	0
chr15:47500000-48000000	chr15	47500000	48000000	0.783945	0.538942	-0.245004	0.648175	0.621435	-0.0267396	1.0000	1
chr15:48000000-48500000	chr15	48000000	48500000	-0.0177235	-0.0233844	-0.00566085	0.0731549	-0.0455586	-0.118714	1.0000	5
chr15:48500000-49000000	chr15	48500000	49000000	-0.668219	-0.657831	0.0103887	-0.435837	-0.556595	-0.120758	1.0000	4
chr15:49000000-49500000	chr15	49000000	49500000	-0.485804	-0.635662	-0.149858	-0.326581	-0.361223	-0.0346421	1.0000	4
chr15:49500000-50000000	chr15	49500000	50000000	0.14844	0.328381	0.179941	0.194968	0.340941	0.145973	1.0000	2
chr15:50000000-50500000	chr15	50000000	50500000	-0.291073	-0.398853	-0.10778	-0.422148	-0.548804	-0.126655	1.0000	5
chr15:50500000-51000000	chr15	50500000	51000000	-0.914304	-0.866058	0.0482453	-0.989907	-0.959566	0.0303406	1.0000	5
chr15:51000000-51500000	chr15	51000000	51500000	0.140349	-0.210114	-0.350463	-0.125052	-0.296556	-0.171505	1.0000	3
chr15:51500000-52000000	chr15	51500000	52000000	-0.580642	-0.767738	-0.187096	-0.682669	-0.576314	0.106355	1.0000	6
chr15:52000000-52500000	chr15	52000000	52500000	-0.616056	-0.726003	-0.109947	-0.667135	-0.894462	-0.227327	1.0000	4
chr15:52500000-53000000	chr15	52500000	53000000	0.0150286	0.00785948	-0.00716913	-0.0467596	0.028	0.0747596	1.0000	4
chr15:53000000-53500000	chr15	53000000	53500000	1.00146	1.28584	0.284376	0.807588	1.02183	0.214242	1.0000	0
chr15:53500000-54000000	chr15	53500000	54000000	0.735104	1.0405	0.305396	0.739022	1.04129	0.302265	1.0000	2
chr15:54000000-54500000	chr15	54000000	54500000	0.684336	0.99358	0.309244	0.754335	1.36318	0.608841	1.0000	0
chr15:54500000-55000000	chr15	54500000	55000000	0.973942	1.21113	0.237192	0.964505	1.34065	0.376147	0.9600	0
chr15:55000000-55500000	chr15	55000000	55500000	0.415758	0.326999	-0.0887592	0.315514	0.170392	-0.145122	1.0000	6
chr15:55500000-56000000	chr15	55500000	56000000	-0.225272	-0.280005	-0.0547331	-0.153152	-0.215972	-0.0628191	1.0000	4
chr15:56000000-56500000	chr15	56000000	56500000	-0.485615	-0.46888	0.0167347	-0.321993	-0.320861	0.00113183	0.9800	3
chr15:56500000-57000000	chr15	56500000	57000000	-0.785481	-0.823014	-0.0375331	-0.762583	-0.806015	-0.0434313	1.0000	2
chr15:57000000-57500000	chr15	57000000	57500000	-1.19444	-1.11918	0.0752604	-1.00069	-1.10641	-0.10572	1.0000	1
chr15:57500000-58000000	chr15	57500000	58000000	-0.295261	-0.463436	-0.168175	-0.723168	-0.857914	-0.134745	1.0000	2
chr15:58000000-58500000	chr15	58000000	58500000	-0.465268	-0.533547	-0.0682787	-0.88344	-0.868813	0.0146262	1.0000	3
chr15:58500000-59000000	chr15	58500000	59000000	-1.15603	-1.25868	-0.102652	-1.21755	-1.29007	-0.0725258	1.0000	4
chr15:59000000-59500000	chr15	59000000	59500000	-0.699185	-0.817019	-0.117834	-0.932477	-1.19441	-0.261933	1.0000	4
chr15:59500000-60000000	chr15	59500000	60000000	-0.339522	-0.540016	-0.200494	-0.650882	-0.596539	0.054343	1.0000	3
chr15:60000000-60500000	chr15	60000000	60500000	-0.425164	-0.586501	-0.161337	-0.521885	-0.651208	-0.129323	1.0000	3
chr15:60500000-61000000	chr15	60500000	61000000	0.173526	-0.150838	-0.324364	-0.0475261	-0.338015	-0.290489	1.0000	0
chr15:61000000-61500000	chr15	61000000	61500000	0.436283	-0.110572	-0.546855	0.0984019	-0.11361	-0.212012	1.0000	1
chr15:61500000-62000000	chr15	61500000	62000000	-0.181965	-0.396252	-0.214287	-0.20948	-0.288571	-0.0790903	1.0000	0
chr15:62000000-62500000	chr15	62000000	62500000	-0.647552	-0.897497	-0.249946	-0.895138	-1.08813	-0.192997	1.0000	4
chr15:62500000-63000000	chr15	62500000	63000000	-0.850794	-1.08088	-0.230084	-1.07444	-1.11508	-0.0406363	1.0000	0
chr15:63000000-63500000	chr15	63000000	63500000	-1.27154	-1.21051	0.0610234	-1.5242	-1.10563	0.418579	1.0000	6
chr15:63500000-64000000	chr15	63500000	64000000	-1.0716	-1.15551	-0.0839034	-1.49878	-1.36017	0.138607	1.0000	3
chr15:64000000-64500000	chr15	64000000	64500000	-1.27317	-1.16314	0.11003	-1.31886	-1.39298	-0.0741251	1.0000	9
chr15:64500000-65000000	chr15	64500000	65000000	-1.08854	-0.80651	0.282034	-1.16818	-1.21051	-0.0423224	1.0000	6
chr15:65000000-65500000	chr15	65000000	65500000	-1.07503	-0.9713	0.103727	-1.19764	-1.3729	-0.175265	1.0000	13
chr15:65500000-66000000	chr15	65500000	66000000	-1.10753	-1.30433	-0.196793	-1.366	-1.25622	0.109775	1.0000	6
chr15:66000000-66500000	chr15	66000000	66500000	-0.571425	-0.742616	-0.171191	-1.04886	-1.15208	-0.103226	1.0000	5
chr15:66500000-67000000	chr15	66500000	67000000	-0.850763	-0.97172	-0.120957	-1.2263	-1.21092	0.0153728	1.0000	4
chr15:67000000-67500000	chr15	67000000	67500000	-1.24444	-1.10211	0.142331	-1.15919	-1.28122	-0.122031	1.0000	3
chr15:67500000-68000000	chr15	67500000	68000000	-1.09519	-0.954541	0.140649	-1.3262	-1.35543	-0.0292307	1.0000	4
chr15:68000000-68500000	chr15	68000000	68500000	-1.1685	-1.36625	-0.197757	-1.35602	-1.22793	0.128092	1.0000	5
chr15:68500000-69000000	chr15	68500000	69000000	-1.02471	-1.06148	-0.0367642	-1.2883	-1.32829	-0.0399898	1.0000	3
chr15:69000000-69500000	chr15	69000000	69500000	-1.04893	-0.918885	0.130041	-1.37746	-1.32112	0.0563343	1.0000	5
chr15:69500000-70000000	chr15	69500000	70000000	-0.736586	-0.875431	-0.138846	-1.04891	-1.34653	-0.297612	1.0000	0
chr15:70000000-70500000	chr15	70000000	70500000	-0.853389	-0.907895	-0.0545059	-0.994953	-1.2127	-0.217744	1.0000	1
chr15:70500000-71000000	chr15	70500000	71000000	-1.55873	-1.39398	0.164746	-1.31776	-1.2019	0.115857	1.0000	4
chr15:71000000-71500000	chr15	71000000	71500000	-1.08987	-0.953618	0.136254	-1.15561	-1.38168	-0.226073	1.0000	1
chr15:71500000-72000000	chr15	71500000	72000000	-1.00407	-1.08503	-0.0809601	-1.46232	-1.15941	0.302914	1.0000	1
chr15:72000000-72500000	chr15	72000000	72500000	-1.19403	-1.20373	-0.00969746	-1.14751	-1.33561	-0.188106	1.0000	9
chr15:72500000-73000000	chr15	72500000	73000000	-0.760386	-0.884221	-0.123836	-1.14989	-1.22263	-0.0727328	0.8800	4
chr15:73000000-73500000	chr15	73000000	73500000	-0.704273	-0.93993	-0.235657	-1.01682	-1.05269	-0.0358732	1.0000	3
chr15:73500000-74000000	chr15	73500000	74000000	-0.682269	-0.802733	-0.120464	-0.989456	-0.929555	0.0599013	1.0000	7
chr15:74000000-74500000	chr15	74000000	74500000	-0.636979	-0.87259	-0.235611	-1.01737	-1.02782	-0.0104502	0.9000	8
chr15:74500000-75000000	chr15	74500000	75000000	-0.988968	-1.01201	-0.0230443	-1.41254	-1.0791	0.33344	1.0000	15
chr15:75000000-75500000	chr15	75000000	75500000	-1.12513	-0.94253	0.182597	-1.25466	-1.30202	-0.0473613	0.9000	8
chr15:75500000-76000000	chr15	75500000	76000000	-1.05876	-1.03728	0.0214783	-1.2769	-1.16788	0.109017	1.0000	8
chr15:76000000-76500000	chr15	76000000	76500000	-0.575291	-0.923227	-0.347936	-0.833091	-1.02496	-0.191865	1.0000	4
chr15:76500000-77000000	chr15	76500000	77000000	-0.795185	-0.983764	-0.188579	-0.781603	-0.995703	-0.2141	1.0000	3
chr15:77000000-77500000	chr15	77000000	77500000	-1.25071	-1.18287	0.0678424	-1.02956	-1.25618	-0.226614	1.0000	3
chr15:77500000-78000000	chr15	77500000	78000000	-0.415468	-0.727558	-0.31209	-0.789563	-0.856393	-0.0668302	0.9800	1
chr15:78000000-78500000	chr15	78000000	78500000	-0.842785	-0.885968	-0.0431831	-1.14212	-0.970331	0.171789	1.0000	9
chr15:78500000-79000000	chr15	78500000	79000000	-0.709343	-0.80213	-0.0927871	-0.879614	-1.01185	-0.132235	1.0000	8
chr15:79000000-79500000	chr15	79000000	79500000	0.0240531	-0.35845	-0.382503	-0.421928	-0.658301	-0.236373	1.0000	4
chr15:79500000-80000000	chr15	79500000	80000000	-0.362688	-0.391883	-0.0291954	-0.467084	-0.685592	-0.218507	1.0000	2
chr15:80000000-80500000	chr15	80000000	80500000	-0.387579	-0.469081	-0.0815019	-0.537933	-0.594564	-0.0566316	1.0000	4
chr15:80500000-81000000	chr15	80500000	81000000	-0.162107	-0.355953	-0.193846	-0.453582	-0.451547	0.00203517	1.0000	3
chr15:81000000-81500000	chr15	81000000	81500000	-0.0721017	-0.212562	-0.14046	-0.0727824	-0.44621	-0.373427	1.0000	6
chr15:81500000-82000000	chr15	81500000	82000000	0.135053	0.0739738	-0.0610794	0.208173	0.176173	-0.0319999	1.0000	0
chr15:82000000-82500000	chr15	82000000	82500000	-0.710106	-0.694597	0.015509	-0.776619	-0.628817	0.147802	0.7200	5
chr15:82500000-83000000	chr15	82500000	83000000	-0.294756	-0.450008	-0.155252	-0.299615	-0.576845	-0.27723	0.9000	7
chr15:83000000-83500000	chr15	83000000	83500000	-0.300389	-0.337916	-0.0375271	-0.321328	-0.41013	-0.0888019	1.0000	6
chr15:83500000-84000000	chr15	83500000	84000000	0.607285	0.57425	-0.0330351	0.429227	0.508837	0.0796097	1.0000	1
chr15:84000000-84500000	chr15	84000000	84500000	-0.275665	-0.374285	-0.0986197	-0.504033	-0.408418	0.095615	0.7000	1
chr15:84500000-85000000	chr15	84500000	85000000	-0.992421	-0.831235	0.161186	-1.13306	-1.1459	-0.0128433	0.9400	8
chr15:85000000-85500000	chr15	85000000	85500000	-0.92257	-0.792555	0.130014	-0.914157	-0.731185	0.182972	1.0000	1
chr15:85500000-86000000	chr15	85500000	86000000	-0.406341	-0.225606	0.180735	-0.769532	-0.526136	0.243396	1.0000	1
chr15:86000000-86500000	chr15	86000000	86500000	0.988043	1.18839	0.200348	0.940744	0.97945	0.0387054	1.0000	1
chr15:86500000-87000000	chr15	86500000	87000000	0.681963	0.923221	0.241258	0.534928	0.724754	0.189826	1.0000	0
chr15:87000000-87500000	chr15	87000000	87500000	0.399657	0.464453	0.0647958	0.262921	0.554588	0.291667	1.0000	0
chr15:87500000-88000000	chr15	87500000	88000000	0.386187	0.329436	-0.0567511	0.141731	0.0857169	-0.0560143	1.0000	0
chr15:88000000-88500000	chr15	88000000	88500000	0.777372	0.795478	0.0181063	0.27292	0.349789	0.0768688	1.0000	3
chr15:88500000-89000000	chr15	88500000	89000000	-0.0129849	-0.339376	-0.326391	-0.392512	-0.426775	-0.0342622	1.0000	6
chr15:89000000-89500000	chr15	89000000	89500000	-0.539696	-0.747429	-0.207733	-0.951735	-0.903092	0.0486424	1.0000	6
chr15:89500000-90000000	chr15	89500000	90000000	-0.45807	-0.688979	-0.230909	-0.979311	-0.946136	0.0331752	1.0000	10
chr15:90000000-90500000	chr15	90000000	90500000	-0.818452	-0.806115	0.0123371	-0.984065	-0.851696	0.132369	1.0000	9
chr15:90500000-91000000	chr15	90500000	91000000	-0.348998	-0.459969	-0.11097	-0.814285	-0.746055	0.06823	1.0000	9
chr15:91000000-91500000	chr15	91000000	91500000	0.718489	0.753197	0.0347084	0.524777	0.683907	0.15913	1.0000	2
chr15:91500000-92000000	chr15	91500000	92000000	0.922938	1.04702	0.124083	0.591988	0.845597	0.253609	1.0000	1
chr15:92000000-92500000	chr15	92000000	92500000	0.824897	1.03179	0.206893	0.519557	0.660611	0.141054	1.0000	1
chr15:92500000-93000000	chr15	92500000	93000000	-0.0100999	-0.0938438	-0.083744	-0.214131	0.062589	0.27672	1.0000	2
chr15:93000000-93500000	chr15	93000000	93500000	1.11332	0.823752	-0.289569	0.481869	0.763377	0.281508	1.0000	1
chr15:93500000-94000000	chr15	93500000	94000000	1.0055	1.29958	0.294083	0.766659	1.19687	0.430208	1.0000	0
chr15:94000000-94500000	chr15	94000000	94500000	0.818254	1.11197	0.293721	0.841078	1.12021	0.279127	1.0000	1
chr15:94500000-95000000	chr15	94500000	95000000	0.945739	1.15241	0.206666	0.842343	1.01362	0.171281	1.0000	0
chr15:95000000-95500000	chr15	95000000	95500000	-0.285527	-0.250217	0.0353099	-0.133785	-0.302595	-0.168811	1.0000	0
chr15:95500000-96000000	chr15	95500000	96000000	-0.316067	-0.341604	-0.0255366	-0.211556	-0.407758	-0.196202	1.0000	0
chr15:96000000-96500000	chr15	96000000	96500000	-0.161984	-0.292523	-0.130538	-0.158883	-0.199465	-0.0405819	1.0000	1
chr15:96500000-97000000	chr15	96500000	97000000	0.891408	0.738131	-0.153277	0.553892	0.726391	0.172499	1.0000	0
chr15:97000000-97500000	chr15	97000000	97500000	0.698499	1.01892	0.320425	0.821505	1.09104	0.269531	1.0000	0
chr15:97500000-98000000	chr15	97500000	98000000	0.87533	1.01576	0.140433	0.819084	1.15236	0.333271	1.0000	1
chr15:98000000-98500000	chr15	98000000	98500000	1.00171	1.12796	0.126246	0.572224	0.828241	0.256017	1.0000	0
chr15:98500000-99000000	chr15	98500000	99000000	-0.281188	-0.5285	-0.247311	-0.59995	-0.517294	0.082656	1.0000	1
chr15:99000000-99500000	chr15	99000000	99500000	-0.411553	-0.411628	-7.54724e-05	-0.506055	-0.43763	0.0684245	1.0000	4
chr15:99500000-100000000	chr15	99500000	100000000	-0.172035	-0.195068	-0.0230334	-0.261894	-0.00370283	0.258191	1.0000	2
chr15:100000000-100500000	chr15	100000000	100500000	0.953042	1.00903	0.0559923	0.625945	0.802086	0.176142	1.0000	1
chr15:100500000-101000000	chr15	100500000	101000000	0.421879	0.251001	-0.170878	0.353303	0.196493	-0.15681	1.0000	5
chr15:101000000-101500000	chr15	101000000	101500000	0.214983	0.234572	0.0195883	0.0955673	0.250928	0.155361	1.0000	4
chr15:101500000-101991189	chr15	101500000	101991189	0.195909	0.412638	0.216729	0.242267	0.326171	0.0839047	0.6515	4
chr16:0-500000	chr16	0	500000	nan	nan	nan	nan	nan	nan	0.0000	21
chr16:500000-1000000	chr16	500000	1000000	nan	nan	nan	nan	nan	nan	0.0000	26
chr16:1000000-1500000	chr16	1000000	1500000	nan	nan	nan	nan	nan	nan	0.0000	18
chr16:1500000-2000000	chr16	1500000	2000000	nan	nan	nan	nan	nan	nan	0.0000	24
chr16:2000000-2500000	chr16	2000000	2500000	nan	nan	nan	nan	nan	nan	0.0000	21
chr16:2500000-3000000	chr16	2500000	3000000	nan	nan	nan	nan	nan	nan	0.0000	19
chr16:3000000-3500000	chr16	3000000	3500000	-1.07079	-1.11765	-0.046862	-1.20929	-1.03249	0.176795	0.9200	23
chr16:3500000-4000000	chr16	3500000	4000000	-0.759956	-0.816668	-0.0567117	-1.20721	-1.21427	-0.007058	1.0000	6
chr16:4000000-4500000	chr16	4000000	4500000	-0.755085	-1.02996	-0.274875	-1.22261	-0.944937	0.277669	1.0000	10
chr16:4500000-5000000	chr16	4500000	5000000	-0.400718	-0.552728	-0.15201	-0.799558	-0.764089	0.0354689	1.0000	15
chr16:5000000-5500000	chr16	5000000	5500000	0.876471	0.804002	-0.0724692	0.511276	0.581354	0.0700778	1.0000	4
chr16:5500000-6000000	chr16	5500000	6000000	1.35721	1.3909	0.0336941	0.71593	0.987985	0.272055	1.0000	0
chr16:6000000-6500000	chr16	6000000	6500000	0.999242	1.20013	0.200889	0.825243	1.13597	0.310729	1.0000	1
chr16:6500000-7000000	chr16	6500000	7000000	1.19765	1.11834	-0.0793099	0.792964	1.16995	0.376988	1.0000	0
chr16:7000000-7500000	chr16	7000000	7500000	1.05538	1.06676	0.0113875	0.805696	0.998075	0.192379	1.0000	0
chr16:7500000-8000000	chr16	7500000	8000000	1.25336	1.17542	-0.0779357	0.759864	0.883068	0.123204	1.0000	0
chr16:8000000-8500000	chr16	8000000	8500000	1.3555	1.33506	-0.0204367	0.822515	1.08925	0.266738	1.0000	0
chr16:8500000-9000000	chr16	8500000	9000000	0.537684	0.206127	-0.331557	0.0893019	0.0338038	-0.0554981	1.0000	8
chr16:9000000-9500000	chr16	9000000	9500000	0.754394	0.707006	-0.0473873	0.356842	0.413706	0.0568641	1.0000	1
chr16:9500000-10000000	chr16	9500000	10000000	1.14649	1.14217	-0.00431793	0.82491	0.846307	0.0213971	1.0000	0
chr16:10000000-10500000	chr16	10000000	10500000	0.716043	0.609636	-0.106407	0.164042	0.391977	0.227936	1.0000	2
chr16:10500000-11000000	chr16	10500000	11000000	0.324458	0.172644	-0.151814	0.189633	0.0180464	-0.171586	1.0000	7
chr16:11000000-11500000	chr16	11000000	11500000	-0.0377822	-0.400523	-0.36274	-0.519418	-0.592222	-0.0728039	1.0000	6
chr16:11500000-12000000	chr16	11500000	12000000	-0.451619	-0.679861	-0.228243	-0.737315	-0.684732	0.0525836	1.0000	10
chr16:12000000-12500000	chr16	12000000	12500000	0.674474	0.385875	-0.288599	0.174353	0.118345	-0.0560084	1.0000	0
chr16:12500000-13000000	chr16	12500000	13000000	0.921811	0.572569	-0.349242	0.343117	0.27722	-0.065897	1.0000	2
chr16:13000000-13500000	chr16	13000000	13500000	1.11405	1.07986	-0.0341965	0.580468	0.591545	0.0110764	1.0000	0
chr16:13500000-14000000	chr16	13500000	14000000	0.834886	1.03969	0.204802	0.559193	0.708217	0.149024	1.0000	1
chr16:14000000-14500000	chr16	14000000	14500000	-0.0992159	-0.272808	-0.173593	-0.24809	-0.17635	0.0717409	1.0000	1
chr16:14500000-15000000	chr16	14500000	15000000	-0.345247	-0.340674	0.00457252	-0.525203	-0.613697	-0.0884941	1.0000	8
chr16:15000000-15500000	chr16	15000000	15500000	-0.105453	-0.240743	-0.13529	-0.343044	-0.454603	-0.11156	1.0000	5
chr16:15500000-16000000	chr16	15500000	16000000	-0.322509	-0.51695	-0.194441	-0.600419	-0.830333	-0.229914	1.0000	5
chr16:16000000-16500000	chr16	16000000	16500000	0.149118	0.099378	-0.0497404	-0.220645	-0.211833	0.00881199	1.0000	4
chr16:16500000-17000000	chr16	16500000	17000000	1.02641	1.07575	0.0493378	0.839274	0.850252	0.0109778	1.0000	0
chr16:17000000-17500000	chr16	17000000	17500000	0.733429	0.770945	0.0375159	0.306588	0.38622	0.0796325	1.0000	1
chr16:17500000-18000000	chr16	17500000	18000000	1.02513	0.967457	-0.0576721	0.719144	0.785774	0.0666295	1.0000	0
chr16:18000000-18500000	chr16	18000000	18500000	0.665309	0.569864	-0.0954449	0.302722	0.319869	0.0171477	0.8800	2
chr16:18500000-19000000	chr16	18500000	19000000	0.156638	0.0728909	-0.083747	0.25568	-0.19255	-0.44823	1.0000	5
chr16:19000000-19500000	chr16	19000000	19500000	0.761669	0.682413	-0.0792562	0.486294	0.420358	-0.065936	1.0000	5
chr16:19500000-20000000	chr16	19500000	20000000	0.531866	0.258641	-0.273225	0.411412	0.00566026	-0.405751	1.0000	6
chr16:20000000-20500000	chr16	20000000	20500000	1.28734	1.34597	0.0586334	0.727022	0.922585	0.195563	1.0000	6
chr16:20500000-21000000	chr16	20500000	21000000	0.369947	0.527967	0.15802	0.327463	0.439169	0.111706	1.0000	8
chr16:21000000-21500000	chr16	21000000	21500000	-0.048966	-0.202307	-0.153341	-0.284555	-0.40682	-0.122265	1.0000	6
chr16:21500000-22000000	chr16	21500000	22000000	-0.292816	-0.335074	-0.0422581	-0.39999	-0.55217	-0.15218	1.0000	5
chr16:22000000-22500000	chr16	22000000	22500000	-0.230367	-0.284552	-0.0541856	-0.41768	-0.460081	-0.0424011	1.0000	7
chr16:22500000-23000000	chr16	22500000	23000000	1.05264	0.793162	-0.259475	0.601916	0.553971	-0.0479451	1.0000	2
chr16:23000000-23500000	chr16	23000000	23500000	0.752496	0.459233	-0.293262	0.547225	0.255453	-0.291772	1.0000	4
chr16:23500000-24000000	chr16	23500000	24000000	0.757132	0.723638	-0.0334947	0.501676	0.274477	-0.227199	1.0000	10
chr16:24000000-24500000	chr16	24000000	24500000	0.881392	0.971005	0.089613	0.546246	0.646705	0.100459	1.0000	1
chr16:24500000-25000000	chr16	24500000	25000000	-0.446414	-0.582748	-0.136334	-0.62128	-0.699335	-0.0780548	1.0000	3
chr16:25000000-25500000	chr16	25000000	25500000	0.462516	0.44338	-0.0191366	0.111111	0.121274	0.0101628	1.0000	4
chr16:25500000-26000000	chr16	25500000	26000000	1.06154	1.30204	0.240494	0.805611	0.888752	0.083141	1.0000	1
chr16:26000000-26500000	chr16	26000000	26500000	1.11347	1.22951	0.11604	0.803553	1.19262	0.389064	1.0000	0
chr16:26500000-27000000	chr16	26500000	27000000	1.22787	1.21949	-0.00837078	0.860125	1.01728	0.157152	1.0000	0
chr16:27000000-27500000	chr16	27000000	27500000	0.621164	0.362157	-0.259007	0.132707	0.0154304	-0.117276	1.0000	5
chr16:27500000-28000000	chr16	27500000	28000000	0.402179	0.153485	-0.248694	0.0607427	-0.128817	-0.18956	1.0000	2
chr16:28000000-28500000	chr16	28000000	28500000	-0.310472	-0.431503	-0.121031	-0.642318	-0.888922	-0.246604	1.0000	8
chr16:28500000-29000000	chr16	28500000	29000000	-0.653747	-0.818372	-0.164625	-0.887327	-0.965269	-0.0779416	1.0000	17
chr16:29000000-29500000	chr16	29000000	29500000	-0.607811	-0.748714	-0.140903	-0.835859	-0.989392	-0.153533	0.8600	4
chr16:29500000-30000000	chr16	29500000	30000000	-0.79972	-0.838411	-0.038691	-0.889288	-0.975937	-0.0866492	0.8600	18
chr16:30000000-30500000	chr16	30000000	30500000	-0.827772	-0.980898	-0.153126	-1.28574	-1.15155	0.134187	1.0000	24
chr16:30500000-31000000	chr16	30500000	31000000	-0.883357	-0.730556	0.152801	-1.18004	-0.759495	0.420544	1.0000	20
chr16:31000000-31500000	chr16	31000000	31500000	-0.0557001	-0.198467	-0.142767	-0.234212	-0.0646887	0.169524	1.0000	22
chr16:31500000-32000000	chr16	31500000	32000000	0.571238	0.321793	-0.249445	0.209666	0.539271	0.329605	1.0000	4
chr16:32000000-32500000	chr16	32000000	32500000	0.620138	0.878017	0.25788	0.352383	0.837587	0.485204	1.0000	1
chr16:32500000-33000000	chr16	32500000	33000000	0.674005	0.80156	0.127555	0.45608	0.874658	0.418578	1.0000	1
chr16:33000000-33500000	chr16	33000000	33500000	0.52315	0.713255	0.190105	0.395855	0.815137	0.419282	0.8000	4
chr16:33500000-34000000	chr16	33500000	34000000	0.876518	0.922825	0.0463062	0.648017	0.952313	0.304296	1.0000	0
chr16:34000000-34500000	chr16	34000000	34500000	nan	nan	nan	nan	nan	nan	0.4000	0
chr16:34500000-35000000	chr16	34500000	35000000	nan	nan	nan	nan	nan	nan	0.1600	0
chr16:35000000-35500000	chr16	35000000	35500000	1.30291	1.5327	0.229793	1.13162	1.49148	0.359867	0.8400	0
chr16:35500000-36000000	chr16	35500000	36000000	1.08135	0.954605	-0.126748	0.819706	1.27309	0.453381	1.0000	0
chr16:36000000-36500000	chr16	36000000	36500000	nan	nan	nan	nan	nan	nan	0.3400	0
chr16:36500000-37000000	chr16	36500000	37000000	nan	nan	nan	nan	nan	nan	0.0000	0
chr16:37000000-37500000	chr16	37000000	37500000	nan	nan	nan	nan	nan	nan	0.0000	0
chr16:37500000-38000000	chr16	37500000	38000000	nan	nan	nan	nan	nan	nan	0.0000	0
chr16:38000000-38500000	chr16	38000000	38500000	nan	nan	nan	nan	nan	nan	0.0000	0
chr16:38500000-39000000	chr16	38500000	39000000	nan	nan	nan	nan	nan	nan	0.0000	0
chr16:39000000-39500000	chr16	39000000	39500000	nan	nan	nan	nan	nan	nan	0.0000	0
chr16:39500000-40000000	chr16	39500000	40000000	nan	nan	nan	nan	nan	nan	0.0000	0
chr16:40000000-40500000	chr16	40000000	40500000	nan	nan	nan	nan	nan	nan	0.0000	0
chr16:40500000-41000000	chr16	40500000	41000000	nan	nan	nan	nan	nan	nan	0.0000	0
chr16:41000000-41500000	chr16	41000000	41500000	nan	nan	nan	nan	nan	nan	0.0000	0
chr16:41500000-42000000	chr16	41500000	42000000	nan	nan	nan	nan	nan	nan	0.0000	0
chr16:42000000-42500000	chr16	42000000	42500000	nan	nan	nan	nan	nan	nan	0.0000	0
chr16:42500000-43000000	chr16	42500000	43000000	nan	nan	nan	nan	nan	nan	0.0000	0
chr16:43000000-43500000	chr16	43000000	43500000	nan	nan	nan	nan	nan	nan	0.0000	0
chr16:43500000-44000000	chr16	43500000	44000000	nan	nan	nan	nan	nan	nan	0.0000	0
chr16:44000000-44500000	chr16	44000000	44500000	nan	nan	nan	nan	nan	nan	0.0000	0
chr16:44500000-45000000	chr16	44500000	45000000	nan	nan	nan	nan	nan	nan	0.0000	0
chr16:45000000-45500000	chr16	45000000	45500000	nan	nan	nan	nan	nan	nan	0.0000	0
chr16:45500000-46000000	chr16	45500000	46000000	nan	nan	nan	nan	nan	nan	0.0000	0
chr16:46000000-46500000	chr16	46000000	46500000	nan	nan	nan	nan	nan	nan	0.1000	0
chr16:46500000-47000000	chr16	46500000	47000000	-0.0846908	-0.106605	-0.0219144	0.0555105	0.0402558	-0.0152547	1.0000	7
chr16:47000000-47500000	chr16	47000000	47500000	0.273409	-0.169713	-0.443122	0.227085	-0.0302143	-0.257299	1.0000	3
chr16:47500000-48000000	chr16	47500000	48000000	0.348009	0.143451	-0.204558	0.402783	0.0561912	-0.346591	1.0000	0
chr16:48000000-48500000	chr16	48000000	48500000	0.0623454	-0.128264	-0.190609	-0.221315	-0.242998	-0.0216827	1.0000	4
chr16:48500000-49000000	chr16	48500000	49000000	0.614474	0.692157	0.0776823	0.450833	0.459133	0.00829963	1.0000	1
chr16:49000000-49500000	chr16	49000000	49500000	1.31127	1.13407	-0.177199	0.966581	0.974106	0.00752489	1.0000	2
chr16:49500000-50000000	chr16	49500000	50000000	1.01573	0.563263	-0.452466	0.507185	0.614609	0.107423	1.0000	1
chr16:50000000-50500000	chr16	50000000	50500000	0.109168	-0.0503664	-0.159534	0.0389444	-0.0523207	-0.0912651	1.0000	5
chr16:50500000-51000000	chr16	50500000	51000000	0.937904	0.708683	-0.22922	0.549152	0.572034	0.0228815	1.0000	4
chr16:51000000-51500000	chr16	51000000	51500000	0.837628	0.769979	-0.067649	0.643634	0.538867	-0.104767	1.0000	1
chr16:51500000-52000000	chr16	51500000	52000000	0.776294	0.843143	0.0668491	0.735527	0.609015	-0.126512	1.0000	1
chr16:52000000-52500000	chr16	52000000	52500000	0.820651	1.27223	0.451579	0.556547	1.09192	0.535376	1.0000	0
chr16:52500000-53000000	chr16	52500000	53000000	1.03527	1.20652	0.17125	0.682785	1.01453	0.331743	1.0000	1
chr16:53000000-53500000	chr16	53000000	53500000	-0.514404	-0.364498	0.149906	-0.34937	-0.340866	0.00850402	1.0000	3
chr16:53500000-54000000	chr16	53500000	54000000	-0.252685	-0.362832	-0.110147	-0.196971	-0.273791	-0.0768204	1.0000	3
chr16:54000000-54500000	chr16	54000000	54500000	0.352028	0.101519	-0.25051	0.201477	-0.121814	-0.323291	1.0000	1
chr16:54500000-55000000	chr16	54500000	55000000	0.678051	0.682882	0.00483077	0.315619	0.52475	0.209131	1.0000	1
chr16:55000000-55500000	chr16	55000000	55500000	0.953612	1.07205	0.118438	0.735563	0.854062	0.118499	1.0000	2
chr16:55500000-56000000	chr16	55500000	56000000	0.759267	0.702171	-0.057096	0.533902	0.670452	0.13655	1.0000	5
chr16:56000000-56500000	chr16	56000000	56500000	0.259735	0.550239	0.290504	0.102573	0.417824	0.315251	1.0000	4
chr16:56500000-57000000	chr16	56500000	57000000	-0.470633	-0.681104	-0.210471	-0.817512	-0.837555	-0.0200438	1.0000	17
chr16:57000000-57500000	chr16	57000000	57500000	-0.854836	-0.677101	0.177735	-0.947086	-0.984827	-0.0377413	1.0000	12
chr16:57500000-58000000	chr16	57500000	58000000	-0.410756	-0.60523	-0.194474	-0.7726	-0.783636	-0.0110365	1.0000	9
chr16:58000000-58500000	chr16	58000000	58500000	-0.55647	-0.44768	0.10879	-0.539084	-0.854332	-0.315249	1.0000	8
chr16:58500000-59000000	chr16	58500000	59000000	0.129514	-0.0283357	-0.15785	-0.269345	-0.170914	0.0984309	1.0000	5
chr16:59000000-59500000	chr16	59000000	59500000	0.17258	0.285673	0.113094	0.185031	0.265061	0.0800301	1.0000	0
chr16:59500000-60000000	chr16	59500000	60000000	-0.230131	-0.265367	-0.035236	0.0110485	0.0869563	0.0759078	1.0000	0
chr16:60000000-60500000	chr16	60000000	60500000	0.52984	0.634134	0.104294	0.508971	0.647559	0.138588	1.0000	0
chr16:60500000-61000000	chr16	60500000	61000000	0.530642	0.780723	0.250081	0.821997	1.05752	0.235525	1.0000	0
chr16:61000000-61500000	chr16	61000000	61500000	0.674197	0.869511	0.195314	0.560633	1.11759	0.556961	1.0000	0
chr16:61500000-62000000	chr16	61500000	62000000	0.752482	0.768714	0.016232	0.730635	1.23833	0.5077	1.0000	0
chr16:62000000-62500000	chr16	62000000	62500000	0.760231	1.18226	0.422031	0.709197	1.19745	0.488254	1.0000	1
chr16:62500000-63000000	chr16	62500000	63000000	0.823713	1.10914	0.285423	0.968589	1.17836	0.209767	1.0000	0
chr16:63000000-63500000	chr16	63000000	63500000	0.548662	0.626461	0.0777998	0.757684	1.18319	0.425503	1.0000	0
chr16:63500000-64000000	chr16	63500000	64000000	0.247008	0.275153	0.028145	-0.0160608	0.402985	0.419046	1.0000	0
chr16:64000000-64500000	chr16	64000000	64500000	-0.614927	-0.564365	0.0505627	-0.522404	-0.604031	-0.0816269	1.0000	0
chr16:64500000-65000000	chr16	64500000	65000000	-0.584275	-0.704233	-0.119958	-0.632469	-0.605724	0.0267455	1.0000	0
chr16:65000000-65500000	chr16	65000000	65500000	-0.714837	-0.853868	-0.13903	-0.874922	-0.873916	0.00100589	1.0000	1
chr16:65500000-66000000	chr16	65500000	66000000	-0.35351	-0.441898	-0.0883877	-0.680578	-0.799802	-0.119224	1.0000	0
chr16:66000000-66500000	chr16	66000000	66500000	-0.504707	-0.632611	-0.127904	-0.709525	-0.797588	-0.0880629	1.0000	2
chr16:66500000-67000000	chr16	66500000	67000000	-0.956059	-1.04204	-0.085984	-1.12059	-1.09148	0.0291131	1.0000	17
chr16:67000000-67500000	chr16	67000000	67500000	-0.808238	-0.981469	-0.173231	-1.21227	-1.06097	0.151301	1.0000	22
chr16:67500000-68000000	chr16	67500000	68000000	-1.0294	-0.97657	0.0528324	-1.11764	-1.14373	-0.0260894	1.0000	22
chr16:68000000-68500000	chr16	68000000	68500000	-0.976606	-0.894058	0.0825481	-1.15354	-1.13289	0.0206443	1.0000	10
chr16:68500000-69000000	chr16	68500000	69000000	-0.741942	-0.900397	-0.158454	-1.03185	-1.27416	-0.242306	1.0000	4
chr16:69000000-69500000	chr16	69000000	69500000	-1.09171	-1.10204	-0.0103209	-1.31606	-1.22809	0.0879647	1.0000	12
chr16:69500000-70000000	chr16	69500000	70000000	-1.09704	-1.09077	0.00626416	-1.26246	-1.12635	0.136112	1.0000	5
chr16:70000000-70500000	chr16	70000000	70500000	-0.847626	-0.763584	0.0840413	-1.20753	-1.05979	0.147747	1.0000	8
chr16:70500000-71000000	chr16	70500000	71000000	-0.157008	-0.418916	-0.261908	-0.467606	-0.620234	-0.152628	1.0000	5
chr16:71000000-71500000	chr16	71000000	71500000	0.211486	-0.0364988	-0.247985	0.000443268	-0.109018	-0.109461	1.0000	6
chr16:71500000-72000000	chr16	71500000	72000000	-0.60573	-0.608925	-0.00319548	-0.475227	-0.515618	-0.0403911	1.0000	8
chr16:72000000-72500000	chr16	72000000	72500000	0.37974	0.219088	-0.160652	0.439791	0.229131	-0.21066	1.0000	7
chr16:72500000-73000000	chr16	72500000	73000000	0.0674537	-0.00592918	-0.0733828	0.0502957	-0.148615	-0.198911	1.0000	0
chr16:73000000-73500000	chr16	73000000	73500000	0.453515	0.443423	-0.0100927	0.240181	0.109074	-0.131106	1.0000	1
chr16:73500000-74000000	chr16	73500000	74000000	0.88566	0.790893	-0.0947662	0.651994	0.641203	-0.0107914	1.0000	0
chr16:74000000-74500000	chr16	74000000	74500000	0.27644	0.468029	0.191589	0.100105	0.149466	0.049361	1.0000	3
chr16:74500000-75000000	chr16	74500000	75000000	-0.354756	-0.6328	-0.278044	-0.805748	-0.844277	-0.0385292	1.0000	6
chr16:75000000-75500000	chr16	75000000	75500000	-0.531385	-0.663787	-0.132402	-0.659491	-0.744068	-0.0845772	1.0000	8
chr16:75500000-76000000	chr16	75500000	76000000	0.528797	0.438224	-0.0905728	0.405048	0.444175	0.0391276	1.0000	9
chr16:76000000-76500000	chr16	76000000	76500000	0.830388	1.19803	0.367644	0.742067	1.26171	0.519642	1.0000	1
chr16:76500000-77000000	chr16	76500000	77000000	0.823466	1.13318	0.309715	0.977766	1.31172	0.333954	1.0000	0
chr16:77000000-77500000	chr16	77000000	77500000	0.86839	0.785073	-0.0833175	0.677768	0.670252	-0.00751602	1.0000	3
chr16:77500000-78000000	chr16	77500000	78000000	0.84772	0.528547	-0.319173	0.601409	0.430067	-0.171341	1.0000	2
chr16:78000000-78500000	chr16	78000000	78500000	0.836282	0.682257	-0.154025	0.625393	0.584572	-0.0408207	1.0000	2
chr16:78500000-79000000	chr16	78500000	79000000	1.0372	1.01792	-0.0192851	0.593128	0.751682	0.158554	1.0000	0
chr16:79000000-79500000	chr16	79000000	79500000	1.13896	1.21042	0.0714603	0.77216	0.777878	0.00571813	1.0000	0
chr16:79500000-80000000	chr16	79500000	80000000	0.507662	0.611458	0.103796	0.277531	0.411836	0.134306	1.0000	1
chr16:80000000-80500000	chr16	80000000	80500000	0.517244	0.469357	-0.0478862	0.191502	0.257885	0.0663827	1.0000	0
chr16:80500000-81000000	chr16	80500000	81000000	0.635849	0.627786	-0.00806383	0.544335	0.591687	0.0473516	1.0000	2
chr16:81000000-81500000	chr16	81000000	81500000	0.123786	-0.291812	-0.415598	-0.247843	-0.524736	-0.276894	1.0000	8
chr16:81500000-82000000	chr16	81500000	82000000	0.327054	0.0388424	-0.288212	0.126666	-0.255415	-0.382081	1.0000	1
chr16:82000000-82500000	chr16	82000000	82500000	0.463231	0.294698	-0.168534	0.205491	0.00659841	-0.198893	1.0000	3
chr16:82500000-83000000	chr16	82500000	83000000	0.206141	-0.111944	-0.318085	-0.0946001	-0.25995	-0.16535	1.0000	1
chr16:83000000-83500000	chr16	83000000	83500000	0.166691	-0.0530295	-0.219721	-0.109546	-0.420083	-0.310537	1.0000	0
chr16:83500000-84000000	chr16	83500000	84000000	-0.0844848	-0.352201	-0.267716	-0.414915	-0.570804	-0.155889	1.0000	4
chr16:84000000-84500000	chr16	84000000	84500000	-0.593218	-0.647685	-0.0544673	-0.809346	-0.898677	-0.0893303	1.0000	9
chr16:84500000-85000000	chr16	84500000	85000000	-0.898569	-0.957651	-0.0590821	-1.04166	-0.982175	0.0594843	1.0000	5
chr16:85000000-85500000	chr16	85000000	85500000	-0.5042	-0.742422	-0.238222	-0.999764	-0.772388	0.227376	1.0000	3
chr16:85500000-86000000	chr16	85500000	86000000	-0.698005	-0.792872	-0.094867	-0.89936	-0.938484	-0.0391236	1.0000	6
chr16:86000000-86500000	chr16	86000000	86500000	-0.732668	-0.786518	-0.0538508	-0.835454	-0.947835	-0.112381	1.0000	0
chr16:86500000-87000000	chr16	86500000	87000000	-0.761971	-0.829941	-0.0679699	-1.06144	-0.973954	0.0874873	1.0000	4
chr16:87000000-87500000	chr16	87000000	87500000	-0.767966	-0.803679	-0.0357133	-1.10342	-1.13835	-0.0349269	1.0000	4
chr16:87500000-88000000	chr16	87500000	88000000	-0.64246	-0.91246	-0.27	-1.17371	-0.887874	0.285839	1.0000	5
chr16:88000000-88500000	chr16	88000000	88500000	-0.602988	-0.75675	-0.153761	-0.971247	-0.858843	0.112404	1.0000	2
chr16:88500000-89000000	chr16	88500000	89000000	-0.694231	-0.860002	-0.165771	-1.06109	-0.633613	0.427472	1.0000	14
chr16:89000000-89500000	chr16	89000000	89500000	-0.694771	-0.923026	-0.228255	-1.18553	-0.846705	0.338822	1.0000	6
chr16:89500000-90000000	chr16	89500000	90000000	-0.737619	-0.77516	-0.0375405	-0.943981	-0.936404	0.00757621	1.0000	16
chr16:90000000-90338345	chr16	90000000	90338345	nan	nan	nan	nan	nan	nan	0.1478	3
chr17:0-500000	chr17	0	500000	nan	nan	nan	nan	nan	nan	0.0000	5
chr17:500000-1000000	chr17	500000	1000000	nan	nan	nan	nan	nan	nan	0.0000	7
chr17:1000000-1500000	chr17	1000000	1500000	nan	nan	nan	nan	nan	nan	0.0000	6
chr17:1500000-2000000	chr17	1500000	2000000	nan	nan	nan	nan	nan	nan	0.0000	12
chr17:2000000-2500000	chr17	2000000	2500000	nan	nan	nan	nan	nan	nan	0.0000	9
chr17:2500000-3000000	chr17	2500000	3000000	nan	nan	nan	nan	nan	nan	0.0000	5
chr17:3000000-3500000	chr17	3000000	3500000	0.363999	0.343026	-0.0209731	0.0206793	0.0629841	0.0423048	0.9200	13
chr17:3500000-4000000	chr17	3500000	4000000	-0.424532	-0.431257	-0.00672481	-0.719544	-0.553588	0.165956	1.0000	13
chr17:4000000-4500000	chr17	4000000	4500000	-1.13436	-0.924681	0.209678	-1.20677	-1.27616	-0.0693884	1.0000	6
chr17:4500000-5000000	chr17	4500000	5000000	-0.755699	-0.758551	-0.00285216	-1.07476	-0.912962	0.161794	1.0000	27
chr17:5000000-5500000	chr17	5000000	5500000	-0.741665	-0.61376	0.127905	-0.783486	-0.985742	-0.202256	1.0000	13
chr17:5500000-6000000	chr17	5500000	6000000	0.609122	0.45719	-0.151932	0.336937	0.172213	-0.164724	1.0000	2
chr17:6000000-6500000	chr17	6000000	6500000	0.676104	0.484268	-0.191836	0.284263	0.126176	-0.158087	1.0000	3
chr17:6500000-7000000	chr17	6500000	7000000	0.00347047	-0.197461	-0.200932	-0.0708558	-0.275146	-0.20429	1.0000	11
chr17:7000000-7500000	chr17	7000000	7500000	-1.04902	-0.815983	0.233042	-1.01072	-0.920126	0.0905977	1.0000	37
chr17:7500000-8000000	chr17	7500000	8000000	-1.17628	-0.927239	0.249046	-1.00273	-1.07825	-0.0755216	1.0000	24
chr17:8000000-8500000	chr17	8000000	8500000	-1.40743	-1.34554	0.0618876	-1.24844	-1.06185	0.186595	1.0000	21
chr17:8500000-9000000	chr17	8500000	9000000	-0.151035	-0.256604	-0.105569	-0.512219	-0.512193	2.5455e-05	1.0000	6
chr17:9000000-9500000	chr17	9000000	9500000	0.329198	0.139407	-0.189791	-0.0321725	-0.131748	-0.0995752	1.0000	1
chr17:9500000-10000000	chr17	9500000	10000000	0.246121	0.109208	-0.136913	0.124678	-0.0873295	-0.212007	1.0000	7
chr17:10000000-10500000	chr17	10000000	10500000	0.50762	0.315682	-0.191938	0.329594	0.229266	-0.100327	1.0000	4
chr17:10500000-11000000	chr17	10500000	11000000	0.926809	0.709308	-0.217501	0.61408	0.703865	0.0897845	1.0000	8
chr17:11000000-11500000	chr17	11000000	11500000	1.09492	1.29832	0.203402	0.763293	0.912041	0.148749	1.0000	1
chr17:11500000-12000000	chr17	11500000	12000000	0.937506	1.06934	0.131832	0.673047	0.841036	0.167989	1.0000	2
chr17:12000000-12500000	chr17	12000000	12500000	-0.290125	-0.378648	-0.0885231	-0.414955	-0.352511	0.0624444	1.0000	1
chr17:12500000-13000000	chr17	12500000	13000000	-0.249579	-0.266353	-0.0167743	-0.0724509	-0.122561	-0.0501097	1.0000	2
chr17:13000000-13500000	chr17	13000000	13500000	-0.0845301	-0.3805	-0.29597	-0.0361724	-0.410624	-0.374451	1.0000	1
chr17:13500000-14000000	chr17	13500000	14000000	-0.240426	-0.522903	-0.282476	-0.273929	-0.303738	-0.0298085	1.0000	1
chr17:14000000-14500000	chr17	14000000	14500000	0.125345	-0.275016	-0.400361	0.0114228	-0.291218	-0.302641	1.0000	3
chr17:14500000-15000000	chr17	14500000	15000000	0.141875	-0.0814196	-0.223294	-0.162023	-0.330206	-0.168183	1.0000	0
chr17:15000000-15500000	chr17	15000000	15500000	-0.390901	-0.582594	-0.191693	-0.578201	-0.680422	-0.10222	1.0000	3
chr17:15500000-16000000	chr17	15500000	16000000	-0.784208	-0.785498	-0.00128961	-0.939976	-1.01864	-0.0786594	1.0000	8
chr17:16000000-16500000	chr17	16000000	16500000	-0.996093	-1.01626	-0.0201635	-1.163	-1.13964	0.0233541	1.0000	6
chr17:16500000-17000000	chr17	16500000	17000000	-0.483812	-0.828544	-0.344732	-0.911926	-0.829027	0.0828995	1.0000	4
chr17:17000000-17500000	chr17	17000000	17500000	-0.606512	-0.70267	-0.0961583	-0.971989	-0.967239	0.00474993	1.0000	7
chr17:17500000-18000000	chr17	17500000	18000000	-0.699258	-0.665194	0.0340643	-0.977187	-0.904437	0.0727504	1.0000	5
chr17:18000000-18500000	chr17	18000000	18500000	-0.481854	-0.706838	-0.224985	-0.798644	-0.758168	0.0404766	1.0000	13
chr17:18500000-19000000	chr17	18500000	19000000	-0.691874	-0.877638	-0.185764	-0.84511	-1.09158	-0.24647	1.0000	6
chr17:19000000-19500000	chr17	19000000	19500000	-0.393446	-0.693664	-0.300218	-0.927457	-0.770206	0.157251	0.5600	8
chr17:19500000-20000000	chr17	19500000	20000000	-0.640056	-0.837694	-0.197638	-0.788239	-1.07557	-0.287327	1.0000	6
chr17:20000000-20500000	chr17	20000000	20500000	-0.557555	-0.743495	-0.18594	-0.678948	-0.588535	0.0904135	1.0000	2
chr17:20500000-21000000	chr17	20500000	21000000	-0.189957	-0.420254	-0.230297	-0.0911289	-0.30597	-0.214841	1.0000	1
chr17:21000000-21500000	chr17	21000000	21500000	0.312546	0.254547	-0.057999	0.0718873	0.0822165	0.0103292	1.0000	6
chr17:21500000-22000000	chr17	21500000	22000000	1.25432	0.993471	-0.260847	0.789848	1.06362	0.273774	0.5600	1
chr17:22000000-22500000	chr17	22000000	22500000	1.14393	1.1996	0.0556663	0.966877	1.3697	0.402824	0.8800	0
chr17:22500000-23000000	chr17	22500000	23000000	nan	nan	nan	nan	nan	nan	0.4600	0
chr17:23000000-23500000	chr17	23000000	23500000	nan	nan	nan	nan	nan	nan	0.0000	0
chr17:23500000-24000000	chr17	23500000	24000000	nan	nan	nan	nan	nan	nan	0.0000	0
chr17:24000000-24500000	chr17	24000000	24500000	nan	nan	nan	nan	nan	nan	0.0000	0
chr17:24500000-25000000	chr17	24500000	25000000	nan	nan	nan	nan	nan	nan	0.0000	0
chr17:25000000-25500000	chr17	25000000	25500000	nan	nan	nan	nan	nan	nan	0.0000	0
chr17:25500000-26000000	chr17	25500000	26000000	nan	nan	nan	nan	nan	nan	0.0000	0
chr17:26000000-26500000	chr17	26000000	26500000	nan	nan	nan	nan	nan	nan	0.0000	0
chr17:26500000-27000000	chr17	26500000	27000000	nan	nan	nan	nan	nan	nan	0.2800	0
chr17:27000000-27500000	chr17	27000000	27500000	0.342538	0.371229	0.0286918	0.172304	0.359088	0.186784	1.0000	2
chr17:27500000-28000000	chr17	27500000	28000000	0.335729	0.106952	-0.228776	-0.0439104	-0.23411	-0.190199	1.0000	3
chr17:28000000-28500000	chr17	28000000	28500000	-0.613609	-0.711214	-0.0976051	-0.860186	-0.966015	-0.105829	1.0000	11
chr17:28500000-29000000	chr17	28500000	29000000	-0.968008	-0.948472	0.0195362	-1.09728	-1.01465	0.0826371	1.0000	20
chr17:29000000-29500000	chr17	29000000	29500000	-1.14024	-1.22076	-0.0805182	-1.30481	-1.10107	0.203743	1.0000	6
chr17:29500000-30000000	chr17	29500000	30000000	-1.29427	-1.2418	0.0524778	-1.41742	-1.35922	0.0582019	1.0000	7
chr17:30000000-30500000	chr17	30000000	30500000	-1.42591	-1.2627	0.163212	-1.4106	-1.53312	-0.122517	1.0000	6
chr17:30500000-31000000	chr17	30500000	31000000	-1.12714	-1.13286	-0.00572404	-1.38808	-1.29846	0.0896232	1.0000	5
chr17:31000000-31500000	chr17	31000000	31500000	-1.30006	-1.32496	-0.0248984	-1.56423	-1.38132	0.182904	1.0000	5
chr17:31500000-32000000	chr17	31500000	32000000	-0.951723	-1.10063	-0.148908	-1.11287	-1.16982	-0.0569556	1.0000	3
chr17:32000000-32500000	chr17	32000000	32500000	-0.938595	-0.972827	-0.0342326	-0.862973	-1.09273	-0.229758	1.0000	7
chr17:32500000-33000000	chr17	32500000	33000000	0.494806	0.557335	0.062529	0.367408	0.424299	0.0568911	1.0000	4
chr17:33000000-33500000	chr17	33000000	33500000	1.26486	1.12586	-0.138998	0.848768	0.889232	0.040464	1.0000	1
chr17:33500000-34000000	chr17	33500000	34000000	1.32396	1.38589	0.0619207	0.93398	1.01581	0.0818267	1.0000	0
chr17:34000000-34500000	chr17	34000000	34500000	1.12098	1.4165	0.295515	0.881153	0.926203	0.0450506	1.0000	6
chr17:34500000-35000000	chr17	34500000	35000000	1.42854	1.19688	-0.231661	0.926694	0.963655	0.036961	1.0000	4
chr17:35000000-35500000	chr17	35000000	35500000	0.387382	0.274173	-0.113209	0.454157	0.144248	-0.309909	1.0000	10
chr17:35500000-36000000	chr17	35500000	36000000	-0.128073	-0.354779	-0.226706	-0.301931	-0.422858	-0.120927	1.0000	15
chr17:36000000-36500000	chr17	36000000	36500000	0.521465	0.0875049	-0.43396	0.0878639	0.184904	0.0970402	1.0000	13
chr17:36500000-37000000	chr17	36500000	37000000	-0.235002	-0.598463	-0.363462	-0.692024	-0.767796	-0.0757711	1.0000	7
chr17:37000000-37500000	chr17	37000000	37500000	-0.841758	-0.896505	-0.0547464	-0.985254	-1.01291	-0.0276568	1.0000	4
chr17:37500000-38000000	chr17	37500000	38000000	-0.651825	-0.673505	-0.0216793	-0.78149	-1.03878	-0.25729	1.0000	5
chr17:38000000-38500000	chr17	38000000	38500000	-0.62541	-0.633516	-0.00810653	-0.931931	-0.803195	0.128736	1.0000	8
chr17:38500000-39000000	chr17	38500000	39000000	-1.11764	-1.02237	0.0952745	-1.21615	-1.10672	0.10943	1.0000	13
chr17:39000000-39500000	chr17	39000000	39500000	-1.05367	-0.993484	0.0601874	-1.32264	-1.19157	0.13107	1.0000	8
chr17:39500000-40000000	chr17	39500000	40000000	-1.00968	-1.02468	-0.0150064	-1.22803	-1.09546	0.132576	1.0000	16
chr17:40000000-40500000	chr17	40000000	40500000	-1.04373	-1.01724	0.0264938	-1.19702	-1.17419	0.0228375	1.0000	13
chr17:40500000-41000000	chr17	40500000	41000000	-1.04789	-1.02956	0.0183253	-1.30353	-1.2633	0.0402295	1.0000	17
chr17:41000000-41500000	chr17	41000000	41500000	-1.01854	-0.947966	0.0705775	-1.10481	-1.17011	-0.0652989	1.0000	41
chr17:41500000-42000000	chr17	41500000	42000000	-0.922426	-0.910376	0.0120496	-1.03389	-1.0957	-0.0618182	1.0000	19
chr17:42000000-42500000	chr17	42000000	42500000	-1.1249	-0.927706	0.197192	-1.41388	-1.17914	0.234737	1.0000	16
chr17:42500000-43000000	chr17	42500000	43000000	-0.957735	-1.19943	-0.241697	-1.12776	-1.36309	-0.235329	1.0000	26
chr17:43000000-43500000	chr17	43000000	43500000	-1.19947	-1.07464	0.12483	-1.32164	-1.38673	-0.0650959	0.7800	10
chr17:43500000-44000000	chr17	43500000	44000000	-0.942694	-0.884882	0.057812	-1.11299	-1.26788	-0.15489	1.0000	10
chr17:44000000-44500000	chr17	44000000	44500000	-1.24827	-1.16693	0.0813313	-1.14492	-1.08096	0.0639571	1.0000	16
chr17:44500000-45000000	chr17	44500000	45000000	-1.02381	-1.04992	-0.0261177	-1.19206	-1.26965	-0.0775934	1.0000	14
chr17:45000000-45500000	chr17	45000000	45500000	-1.05443	-0.960498	0.0939348	-1.16961	-1.02813	0.141481	1.0000	11
chr17:45500000-46000000	chr17	45500000	46000000	-0.563846	-0.700786	-0.13694	-1.01177	-1.01307	-0.00129829	0.7200	4
chr17:46000000-46500000	chr17	46000000	46500000	-1.69402	-1.61775	0.0762625	-1.56177	-1.67782	-0.116055	1.0000	3
chr17:46500000-47000000	chr17	46500000	47000000	-1.09941	-0.892227	0.207182	-1.55129	-1.42575	0.125535	1.0000	7
chr17:47000000-47500000	chr17	47000000	47500000	-1.37699	-1.14196	0.235031	-1.38269	-1.34066	0.0420331	1.0000	4
chr17:47500000-48000000	chr17	47500000	48000000	-1.1937	-1.05153	0.14217	-1.22407	-1.16076	0.0633024	1.0000	13
chr17:48000000-48500000	chr17	48000000	48500000	-1.26162	-1.24556	0.0160585	-1.29321	-1.34338	-0.0501614	1.0000	5
chr17:48500000-49000000	chr17	48500000	49000000	-1.17923	-1.25663	-0.0774004	-1.23726	-1.1647	0.0725577	1.0000	19
chr17:49000000-49500000	chr17	49000000	49500000	-0.938117	-0.961857	-0.02374	-1.32526	-1.27793	0.0473309	1.0000	7
chr17:49500000-50000000	chr17	49500000	50000000	-0.965419	-0.955292	0.0101265	-1.21566	-1.29558	-0.0799169	1.0000	8
chr17:50000000-50500000	chr17	50000000	50500000	-0.923722	-0.870591	0.0531313	-1.00299	-1.01043	-0.00744546	1.0000	14
chr17:50500000-51000000	chr17	50500000	51000000	-0.752218	-0.813769	-0.0615504	-0.840605	-0.847768	-0.00716313	1.0000	10
chr17:51000000-51500000	chr17	51000000	51500000	-0.0749492	0.00218534	0.0771345	-0.107876	-0.227675	-0.119799	1.0000	5
chr17:51500000-52000000	chr17	51500000	52000000	1.33932	1.43272	0.093408	1.04314	1.09049	0.0473495	1.0000	0
chr17:52000000-52500000	chr17	52000000	52500000	0.988198	1.10693	0.118736	0.99818	1.1518	0.153616	1.0000	1
chr17:52500000-53000000	chr17	52500000	53000000	0.912801	1.0712	0.158397	0.881024	1.11966	0.238639	1.0000	0
chr17:53000000-53500000	chr17	53000000	53500000	0.386501	0.636696	0.250195	0.638223	1.06154	0.423321	0.9800	0
chr17:53500000-54000000	chr17	53500000	54000000	0.357534	0.513717	0.156183	0.243044	0.761377	0.518333	1.0000	1
chr17:54000000-54500000	chr17	54000000	54500000	0.776639	1.13729	0.360648	0.953218	1.20171	0.248489	1.0000	0
chr17:54500000-55000000	chr17	54500000	55000000	0.886967	1.06683	0.179867	0.942555	0.888909	-0.0536462	1.0000	3
chr17:55000000-55500000	chr17	55000000	55500000	0.977433	0.666436	-0.310997	0.982204	0.728496	-0.253708	1.0000	2
chr17:55500000-56000000	chr17	55500000	56000000	0.994976	1.12691	0.131938	0.982643	0.829102	-0.153541	1.0000	3
chr17:56000000-56500000	chr17	56000000	56500000	1.00138	0.864588	-0.136796	0.947762	0.809199	-0.138563	1.0000	1
chr17:56500000-57000000	chr17	56500000	57000000	0.240277	0.0579747	-0.182302	-0.00815602	-0.0389641	-0.0308081	1.0000	6
chr17:57000000-57500000	chr17	57000000	57500000	-0.224883	-0.498486	-0.273603	-0.449102	-0.741288	-0.292186	1.0000	2
chr17:57500000-58000000	chr17	57500000	58000000	-0.297777	-0.578391	-0.280614	-0.420356	-0.783208	-0.362852	1.0000	4
chr17:58000000-58500000	chr17	58000000	58500000	-0.320055	-0.625386	-0.305332	-0.521338	-0.71626	-0.194922	1.0000	12
chr17:58500000-59000000	chr17	58500000	59000000	-0.478334	-0.712783	-0.23445	-0.629836	-0.85564	-0.225804	1.0000	6
chr17:59000000-59500000	chr17	59000000	59500000	-1.08922	-1.0081	0.0811215	-1.1587	-1.13658	0.0221209	1.0000	6
chr17:59500000-60000000	chr17	59500000	60000000	-1.76467	-1.61151	0.153155	-1.40713	-1.35319	0.0539428	1.0000	7
chr17:60000000-60500000	chr17	60000000	60500000	-1.14912	-1.09197	0.057144	-1.21096	-1.21596	-0.00500175	1.0000	4
chr17:60500000-61000000	chr17	60500000	61000000	-1.09582	-1.05796	0.0378535	-0.919847	-0.943761	-0.0239142	1.0000	3
chr17:61000000-61500000	chr17	61000000	61500000	-0.681967	-0.744179	-0.0622126	-0.680074	-0.937194	-0.25712	1.0000	2
chr17:61500000-62000000	chr17	61500000	62000000	-1.00118	-1.23039	-0.229209	-0.704376	-1.10124	-0.39686	1.0000	3
chr17:62000000-62500000	chr17	62000000	62500000	-0.741295	-0.893212	-0.151916	-0.850656	-1.01637	-0.165713	1.0000	4
chr17:62500000-63000000	chr17	62500000	63000000	-0.995764	-1.09527	-0.0995018	-1.30174	-1.12578	0.175962	1.0000	3
chr17:63000000-63500000	chr17	63000000	63500000	-1.39957	-1.34176	0.0578162	-1.34596	-1.11333	0.232634	1.0000	2
chr17:63500000-64000000	chr17	63500000	64000000	-0.975768	-0.906873	0.0688955	-0.998756	-1.20624	-0.207484	1.0000	19
chr17:64000000-64500000	chr17	64000000	64500000	-1.05382	-0.971991	0.0818341	-1.15484	-1.39669	-0.241853	1.0000	6
chr17:64500000-65000000	chr17	64500000	65000000	-1.27715	-1.22983	0.047315	-1.15044	-1.19727	-0.0468322	1.0000	4
chr17:65000000-65500000	chr17	65000000	65500000	-0.643524	-0.804325	-0.160801	-0.880364	-0.958518	-0.078154	1.0000	2
chr17:65500000-66000000	chr17	65500000	66000000	-0.597199	-0.744095	-0.146897	-0.531818	-0.867388	-0.335569	1.0000	1
chr17:66000000-66500000	chr17	66000000	66500000	-0.834633	-0.93144	-0.0968061	-0.565688	-1.00626	-0.440569	1.0000	3
chr17:66500000-67000000	chr17	66500000	67000000	-0.363924	-0.616325	-0.252401	-0.53947	-0.899663	-0.360193	1.0000	2
chr17:67000000-67500000	chr17	67000000	67500000	-0.970732	-0.957485	0.0132466	-0.867793	-1.06448	-0.196691	1.0000	4
chr17:67500000-68000000	chr17	67500000	68000000	-0.908306	-0.961149	-0.0528436	-0.960653	-1.24669	-0.286037	1.0000	3
chr17:68000000-68500000	chr17	68000000	68500000	-0.379562	-0.757136	-0.377574	-0.485778	-0.660119	-0.174341	1.0000	5
chr17:68500000-69000000	chr17	68500000	69000000	0.0733505	0.167294	0.0939434	0.0552932	0.018013	-0.0372802	1.0000	3
chr17:69000000-69500000	chr17	69000000	69500000	-0.105579	-0.118139	-0.0125605	0.0658586	0.048281	-0.0175775	1.0000	5
chr17:69500000-70000000	chr17	69500000	70000000	-0.272208	-0.470398	-0.19819	-0.258877	-0.568559	-0.309682	1.0000	0
chr17:70000000-70500000	chr17	70000000	70500000	-0.328133	-0.190927	0.137206	-0.019367	-0.121496	-0.102129	1.0000	2
chr17:70500000-71000000	chr17	70500000	71000000	-0.286938	0.0408101	0.327748	0.0625303	0.0828003	0.02027	1.0000	0
chr17:71000000-71500000	chr17	71000000	71500000	-0.526115	-0.529108	-0.00299312	-0.267362	-0.513441	-0.24608	1.0000	0
chr17:71500000-72000000	chr17	71500000	72000000	-0.482626	-0.609652	-0.127027	-0.398173	-0.842308	-0.444135	1.0000	0
chr17:72000000-72500000	chr17	72000000	72500000	-0.0565254	-0.225103	-0.168577	-0.16903	-0.57654	-0.40751	1.0000	1
chr17:72500000-73000000	chr17	72500000	73000000	0.24999	-0.0413896	-0.291379	-0.0925042	-0.453327	-0.360823	1.0000	0
chr17:73000000-73500000	chr17	73000000	73500000	0.214517	-0.0294433	-0.243961	-0.0364694	-0.175281	-0.138812	1.0000	7
chr17:73500000-74000000	chr17	73500000	74000000	0.951796	0.807681	-0.144115	0.49496	0.51042	0.0154601	1.0000	1
chr17:74000000-74500000	chr17	74000000	74500000	0.467958	0.377063	-0.0908953	0.130697	0.00120878	-0.129488	1.0000	8
chr17:74500000-75000000	chr17	74500000	75000000	-0.139146	-0.0672312	0.071915	-0.385967	-0.467886	-0.081919	1.0000	18
chr17:75000000-75500000	chr17	75000000	75500000	-1.1015	-1.07331	0.0281888	-1.24448	-1.23519	0.00928603	1.0000	15
chr17:75500000-76000000	chr17	75500000	76000000	-0.753638	-0.912655	-0.159017	-1.00384	-0.952131	0.0517117	1.0000	20
chr17:76000000-76500000	chr17	76000000	76500000	-0.858813	-1.01777	-0.15896	-1.31054	-1.09853	0.212006	1.0000	14
chr17:76500000-77000000	chr17	76500000	77000000	-0.88791	-1.01557	-0.127664	-1.16286	-1.04036	0.122498	1.0000	12
chr17:77000000-77500000	chr17	77000000	77500000	-0.845137	-0.954246	-0.109109	-1.07505	-1.01249	0.0625601	1.0000	2
chr17:77500000-78000000	chr17	77500000	78000000	-0.758055	-0.852366	-0.0943103	-1.27301	-1.14338	0.129636	1.0000	1
chr17:78000000-78500000	chr17	78000000	78500000	-0.643022	-0.858997	-0.215974	-0.904632	-0.951814	-0.0471819	1.0000	10
chr17:78500000-79000000	chr17	78500000	79000000	-0.615551	-0.65027	-0.034719	-1.07701	-1.13688	-0.0598766	1.0000	6
chr17:79000000-79500000	chr17	79000000	79500000	0.12533	-0.176709	-0.30204	-0.305324	-0.236158	0.0691653	1.0000	3
chr17:79500000-80000000	chr17	79500000	80000000	-0.171574	-0.480061	-0.308487	-0.614725	-0.63132	-0.0165956	1.0000	5
chr17:80000000-80500000	chr17	80000000	80500000	-0.640536	-0.835371	-0.194834	-0.916201	-0.872857	0.0433444	1.0000	10
chr17:80500000-81000000	chr17	80500000	81000000	-0.730822	-0.760496	-0.029674	-0.969782	-0.953673	0.0161084	1.0000	2
chr17:81000000-81500000	chr17	81000000	81500000	-0.719933	-0.909374	-0.189442	-0.99075	-0.560511	0.430239	1.0000	8
chr17:81500000-82000000	chr17	81500000	82000000	-1.11028	-1.14167	-0.0313918	-1.25807	-0.931625	0.326442	0.9000	27
chr17:82000000-82500000	chr17	82000000	82500000	-0.82197	-0.839631	-0.0176607	-1.09926	-0.909938	0.189322	1.0000	19
chr17:82500000-83000000	chr17	82500000	83000000	-0.74391	-0.837153	-0.093243	-0.965358	-0.934928	0.0304295	1.0000	7
chr17:83000000-83257441	chr17	83000000	83257441	-0.703346	-0.510144	0.193202	-0.734663	-0.719994	0.0146694	0.7769	2
chr18:0-500000	chr18	0	500000	nan	nan	nan	nan	nan	nan	0.0000	3
chr18:500000-1000000	chr18	500000	1000000	nan	nan	nan	nan	nan	nan	0.0000	7
chr18:1000000-1500000	chr18	1000000	1500000	nan	nan	nan	nan	nan	nan	0.0000	0
chr18:1500000-2000000	chr18	1500000	2000000	nan	nan	nan	nan	nan	nan	0.0000	0
chr18:2000000-2500000	chr18	2000000	2500000	nan	nan	nan	nan	nan	nan	0.0000	0
chr18:2500000-3000000	chr18	2500000	3000000	nan	nan	nan	nan	nan	nan	0.0000	4
chr18:3000000-3500000	chr18	3000000	3500000	-0.654008	-0.52892	0.125088	-0.513788	-0.609303	-0.0955149	0.9200	5
chr18:3500000-4000000	chr18	3500000	4000000	-0.145863	-0.283406	-0.137543	0.0249603	-0.317293	-0.342253	1.0000	0
chr18:4000000-4500000	chr18	4000000	4500000	0.986839	1.28711	0.30027	0.820888	1.23514	0.414251	1.0000	1
chr18:4500000-5000000	chr18	4500000	5000000	1.09853	1.3002	0.201668	1.05199	1.32339	0.271402	1.0000	0
chr18:5000000-5500000	chr18	5000000	5500000	0.992897	1.02661	0.0337168	0.796771	0.952169	0.155398	1.0000	2
chr18:5500000-6000000	chr18	5500000	6000000	0.55791	0.715869	0.157959	0.54492	0.623609	0.0786888	1.0000	2
chr18:6000000-6500000	chr18	6000000	6500000	0.52597	0.624905	0.0989354	0.486543	0.657088	0.170546	1.0000	1
chr18:6500000-7000000	chr18	6500000	7000000	0.337538	0.310394	-0.0271441	0.420776	0.203821	-0.216955	1.0000	1
chr18:7000000-7500000	chr18	7000000	7500000	0.242482	-0.00292834	-0.245411	0.0240572	-0.231355	-0.255412	1.0000	2
chr18:7500000-8000000	chr18	7500000	8000000	-0.452585	-0.567518	-0.114934	-0.426698	-0.769601	-0.342903	1.0000	1
chr18:8000000-8500000	chr18	8000000	8500000	-0.0755651	-0.443628	-0.368063	-0.439625	-0.623842	-0.184217	1.0000	0
chr18:8500000-9000000	chr18	8500000	9000000	-0.70698	-0.660904	0.0460763	-0.6711	-0.950875	-0.279775	1.0000	2
chr18:9000000-9500000	chr18	9000000	9500000	-1.26414	-1.06328	0.200864	-1.02516	-1.23113	-0.205964	1.0000	4
chr18:9500000-10000000	chr18	9500000	10000000	-1.07724	-1.12278	-0.0455411	-1.01184	-1.01889	-0.00704751	1.0000	4
chr18:10000000-10500000	chr18	10000000	10500000	-0.339668	-0.361619	-0.0219512	-0.713956	-0.701303	0.0126524	1.0000	1
chr18:10500000-11000000	chr18	10500000	11000000	-0.280716	-0.455933	-0.175217	-0.424212	-0.529081	-0.104869	1.0000	1
chr18:11000000-11500000	chr18	11000000	11500000	-0.410801	-0.518329	-0.107528	-0.337946	-0.665422	-0.327476	1.0000	1
chr18:11500000-12000000	chr18	11500000	12000000	-0.36835	-0.478569	-0.110219	-0.373828	-0.602803	-0.228975	1.0000	5
chr18:12000000-12500000	chr18	12000000	12500000	-0.600568	-0.817648	-0.21708	-0.799303	-0.738827	0.0604757	1.0000	5
chr18:12500000-13000000	chr18	12500000	13000000	-1.08059	-0.906897	0.173698	-0.899216	-0.991478	-0.0922621	1.0000	6
chr18:13000000-13500000	chr18	13000000	13500000	0.089345	-0.00176046	-0.0911054	-0.0534123	-0.27816	-0.224747	1.0000	1
chr18:13500000-14000000	chr18	13500000	14000000	0.536026	0.546292	0.0102664	0.387581	0.232481	-0.1551	1.0000	4
chr18:14000000-14500000	chr18	14000000	14500000	0.968742	0.863817	-0.104926	0.621618	0.923081	0.301464	1.0000	1
chr18:14500000-15000000	chr18	14500000	15000000	0.836399	0.848332	0.0119324	0.748537	1.17416	0.42562	1.0000	2
chr18:15000000-15500000	chr18	15000000	15500000	0.711654	1.09325	0.3816	0.687462	1.2963	0.608834	0.7200	0
chr18:15500000-16000000	chr18	15500000	16000000	nan	nan	nan	nan	nan	nan	0.0000	0
chr18:16000000-16500000	chr18	16000000	16500000	nan	nan	nan	nan	nan	nan	0.0000	0
chr18:16500000-17000000	chr18	16500000	17000000	nan	nan	nan	nan	nan	nan	0.0000	0
chr18:17000000-17500000	chr18	17000000	17500000	nan	nan	nan	nan	nan	nan	0.0000	0
chr18:17500000-18000000	chr18	17500000	18000000	nan	nan	nan	nan	nan	nan	0.0000	0
chr18:18000000-18500000	chr18	18000000	18500000	nan	nan	nan	nan	nan	nan	0.0000	0
chr18:18500000-19000000	chr18	18500000	19000000	nan	nan	nan	nan	nan	nan	0.0000	0
chr18:19000000-19500000	chr18	19000000	19500000	nan	nan	nan	nan	nan	nan	0.0000	0
chr18:19500000-20000000	chr18	19500000	20000000	nan	nan	nan	nan	nan	nan	0.0000	0
chr18:20000000-20500000	chr18	20000000	20500000	nan	nan	nan	nan	nan	nan	0.0000	0
chr18:20500000-21000000	chr18	20500000	21000000	nan	nan	nan	nan	nan	nan	0.1200	0
chr18:21000000-21500000	chr18	21000000	21500000	-0.414893	-0.270048	0.144845	-0.287941	-0.307308	-0.0193678	1.0000	2
chr18:21500000-22000000	chr18	21500000	22000000	-0.838569	-0.833341	0.00522821	-0.660408	-0.86194	-0.201531	1.0000	4
chr18:22000000-22500000	chr18	22000000	22500000	-0.719728	-0.78825	-0.0685222	-0.743266	-1.04416	-0.300889	1.0000	2
chr18:22500000-23000000	chr18	22500000	23000000	-1.01651	-1.04159	-0.0250831	-0.981252	-1.21503	-0.233774	1.0000	1
chr18:23000000-23500000	chr18	23000000	23500000	-0.564976	-0.793827	-0.228851	-0.670847	-0.962983	-0.292136	1.0000	3
chr18:23500000-24000000	chr18	23500000	24000000	-0.81148	-1.00297	-0.191485	-0.956515	-1.22378	-0.267267	1.0000	4
chr18:24000000-24500000	chr18	24000000	24500000	-0.630401	-0.690677	-0.0602751	-0.655833	-0.797845	-0.142012	1.0000	5
chr18:24500000-25000000	chr18	24500000	25000000	-0.0632805	-0.190276	-0.126995	-0.115276	-0.515143	-0.399867	1.0000	0
chr18:25000000-25500000	chr18	25000000	25500000	-0.387916	-0.835311	-0.447395	-0.411493	-0.678927	-0.267435	1.0000	1
chr18:25500000-26000000	chr18	25500000	26000000	-0.257877	-0.539789	-0.281911	-0.383048	-0.681939	-0.29889	1.0000	0
chr18:26000000-26500000	chr18	26000000	26500000	-0.0623302	-0.0721705	-0.00984029	0.1714	-0.351608	-0.523008	1.0000	3
chr18:26500000-27000000	chr18	26500000	27000000	0.407769	0.582767	0.174999	0.414598	0.337107	-0.0774912	1.0000	2
chr18:27000000-27500000	chr18	27000000	27500000	0.533554	0.691002	0.157448	0.615836	0.533886	-0.08195	1.0000	1
chr18:27500000-28000000	chr18	27500000	28000000	-0.660791	-0.546157	0.114634	-0.331097	-0.565242	-0.234145	1.0000	0
chr18:28000000-28500000	chr18	28000000	28500000	-0.806194	-0.833845	-0.0276512	-0.521105	-0.496028	0.025077	1.0000	1
chr18:28500000-29000000	chr18	28500000	29000000	-0.60638	-0.693046	-0.0866663	-0.407267	-0.430463	-0.023196	1.0000	0
chr18:29000000-29500000	chr18	29000000	29500000	-0.550108	-0.580788	-0.03068	-0.409237	-0.206622	0.202615	1.0000	0
chr18:29500000-30000000	chr18	29500000	30000000	-0.313391	-0.384741	-0.07135	-0.167741	-0.0667369	0.101004	1.0000	0
chr18:30000000-30500000	chr18	30000000	30500000	-0.101577	-0.147443	-0.0458662	0.085549	0.221538	0.135989	1.0000	0
chr18:30500000-31000000	chr18	30500000	31000000	0.179992	0.371428	0.191436	0.611228	0.410389	-0.20084	1.0000	0
chr18:31000000-31500000	chr18	31000000	31500000	-0.226318	-0.433748	-0.20743	-0.237276	-0.262903	-0.025627	1.0000	7
chr18:31500000-32000000	chr18	31500000	32000000	0.064111	-0.255572	-0.319683	-0.040672	-0.138139	-0.0974671	1.0000	4
chr18:32000000-32500000	chr18	32000000	32500000	0.45441	0.4319	-0.0225099	0.612827	0.379016	-0.233811	1.0000	4
chr18:32500000-33000000	chr18	32500000	33000000	0.903087	1.07991	0.176823	0.83224	1.11108	0.278842	1.0000	1
chr18:33000000-33500000	chr18	33000000	33500000	0.589472	0.989073	0.399601	0.795996	1.20161	0.405615	1.0000	1
chr18:33500000-34000000	chr18	33500000	34000000	0.402997	0.821824	0.418827	0.901456	0.759689	-0.141767	1.0000	1
chr18:34000000-34500000	chr18	34000000	34500000	0.369138	0.615178	0.24604	0.724516	0.966276	0.24176	1.0000	1
chr18:34500000-35000000	chr18	34500000	35000000	-0.0597039	-0.0203465	0.0393574	0.216963	0.121676	-0.0952869	1.0000	1
chr18:35000000-35500000	chr18	35000000	35500000	-0.282442	-0.262111	0.0203305	-0.340789	-0.270167	0.0706223	1.0000	6
chr18:35500000-36000000	chr18	35500000	36000000	-0.133636	-0.0215722	0.112064	-0.082809	-0.372118	-0.289309	1.0000	2
chr18:36000000-36500000	chr18	36000000	36500000	-0.669551	-0.703464	-0.0339123	-0.721271	-0.719431	0.00184002	1.0000	5
chr18:36500000-37000000	chr18	36500000	37000000	-0.348776	-0.271829	0.0769472	-0.387725	-0.467248	-0.0795237	1.0000	2
chr18:37000000-37500000	chr18	37000000	37500000	1.29403	1.05583	-0.238194	0.88781	0.810621	-0.0771894	1.0000	0
chr18:37500000-38000000	chr18	37500000	38000000	1.21398	1.38613	0.17215	0.806367	0.804804	-0.00156357	1.0000	1
chr18:38000000-38500000	chr18	38000000	38500000	0.554987	0.992471	0.437484	0.665072	0.733777	0.0687049	1.0000	0
chr18:38500000-39000000	chr18	38500000	39000000	0.798721	0.956241	0.15752	0.704683	1.00849	0.303805	1.0000	0
chr18:39000000-39500000	chr18	39000000	39500000	0.419817	0.602979	0.183161	0.551718	0.500428	-0.0512901	1.0000	0
chr18:39500000-40000000	chr18	39500000	40000000	0.176049	0.104913	-0.0711354	0.342009	-0.0156887	-0.357697	1.0000	0
chr18:40000000-40500000	chr18	40000000	40500000	-0.262027	-0.153083	0.108943	-0.000340643	-0.0928457	-0.092505	1.0000	0
chr18:40500000-41000000	chr18	40500000	41000000	-0.509634	-0.538734	-0.0291006	-0.52274	-0.590964	-0.0682243	1.0000	0
chr18:41000000-41500000	chr18	41000000	41500000	-0.489688	-0.483751	0.00593647	-0.280539	-0.571159	-0.29062	1.0000	0
chr18:41500000-42000000	chr18	41500000	42000000	-0.376305	-0.416368	-0.040063	-0.434579	-0.595109	-0.16053	1.0000	1
chr18:42000000-42500000	chr18	42000000	42500000	-0.00408889	0.154692	0.158781	0.211049	0.140008	-0.0710413	1.0000	0
chr18:42500000-43000000	chr18	42500000	43000000	0.373919	0.433845	0.0599258	0.535767	0.397948	-0.137819	1.0000	0
chr18:43000000-43500000	chr18	43000000	43500000	0.380592	0.608882	0.22829	0.745347	0.77493	0.0295827	1.0000	2
chr18:43500000-44000000	chr18	43500000	44000000	-0.322785	-0.266793	0.0559915	0.0190793	-0.0231253	-0.0422046	1.0000	0
chr18:44000000-44500000	chr18	44000000	44500000	-0.180698	0.180501	0.361199	0.222034	-0.157925	-0.379959	1.0000	0
chr18:44500000-45000000	chr18	44500000	45000000	0.108734	-0.0725931	-0.181327	0.194077	-0.253695	-0.447771	1.0000	1
chr18:45000000-45500000	chr18	45000000	45500000	0.452275	0.436364	-0.0159105	0.382274	0.111393	-0.270881	1.0000	0
chr18:45500000-46000000	chr18	45500000	46000000	-0.192136	-0.289573	-0.0974372	-0.24787	-0.644823	-0.396953	1.0000	4
chr18:46000000-46500000	chr18	46000000	46500000	-0.0679716	-0.0951622	-0.0271905	-0.294652	-0.306124	-0.0114716	1.0000	5
chr18:46500000-47000000	chr18	46500000	47000000	0.416787	0.567278	0.150491	0.206049	0.234888	0.0288393	0.9200	4
chr18:47000000-47500000	chr18	47000000	47500000	0.603642	0.546872	-0.0567702	0.443594	0.316512	-0.127082	0.9200	4
chr18:47500000-48000000	chr18	47500000	48000000	0.41555	0.167387	-0.248162	-0.0189297	-0.0962806	-0.0773509	0.9800	1
chr18:48000000-48500000	chr18	48000000	48500000	-0.0349118	-0.0715288	-0.036617	-0.235867	-0.581652	-0.345785	1.0000	1
chr18:48500000-49000000	chr18	48500000	49000000	-0.49467	-0.482156	0.012514	-0.63321	-0.784435	-0.151225	1.0000	2
chr18:49000000-49500000	chr18	49000000	49500000	-1.15069	-0.939903	0.210791	-1.04768	-1.10447	-0.0567857	1.0000	3
chr18:49500000-50000000	chr18	49500000	50000000	-0.164858	-0.295096	-0.130238	-0.356583	-0.667868	-0.311286	1.0000	2
chr18:50000000-50500000	chr18	50000000	50500000	0.380297	0.511901	0.131605	0.544067	0.196724	-0.347342	1.0000	5
chr18:50500000-51000000	chr18	50500000	51000000	0.429727	0.19351	-0.236217	0.272699	0.168374	-0.104325	1.0000	4
chr18:51000000-51500000	chr18	51000000	51500000	0.133485	0.199054	0.0655684	0.148829	0.142695	-0.00613449	1.0000	2
chr18:51500000-52000000	chr18	51500000	52000000	0.914076	1.07904	0.164965	0.723271	0.829475	0.106204	1.0000	0
chr18:52000000-52500000	chr18	52000000	52500000	0.640949	0.900614	0.259664	0.573271	0.630226	0.0569545	1.0000	1
chr18:52500000-53000000	chr18	52500000	53000000	0.68414	0.601503	-0.0826371	0.567055	0.751284	0.184229	0.9800	0
chr18:53000000-53500000	chr18	53000000	53500000	0.601938	1.09049	0.488556	0.702403	1.03943	0.337027	1.0000	0
chr18:53500000-54000000	chr18	53500000	54000000	0.763376	1.00662	0.243242	0.732208	0.932541	0.200333	1.0000	0
chr18:54000000-54500000	chr18	54000000	54500000	0.0297777	0.0768885	0.0471108	0.23617	0.23268	-0.00349022	1.0000	4
chr18:54500000-55000000	chr18	54500000	55000000	-0.256443	-0.288257	-0.0318143	-0.00924445	-0.33719	-0.327945	1.0000	3
chr18:55000000-55500000	chr18	55000000	55500000	-0.549957	-0.576965	-0.0270075	-0.158437	-0.643051	-0.484615	1.0000	0
chr18:55500000-56000000	chr18	55500000	56000000	-0.620453	-0.696335	-0.0758825	-0.531961	-0.570506	-0.0385453	1.0000	1
chr18:56000000-56500000	chr18	56000000	56500000	-0.179361	-0.351703	-0.172342	-0.322959	-0.429317	-0.106358	1.0000	0
chr18:56500000-57000000	chr18	56500000	57000000	-0.0755643	-0.156651	-0.0810862	0.19868	0.151314	-0.0473659	1.0000	2
chr18:57000000-57500000	chr18	57000000	57500000	0.993061	0.991182	-0.00187861	0.785327	0.732168	-0.0531589	1.0000	3
chr18:57500000-58000000	chr18	57500000	58000000	-0.373156	-0.339404	0.0337527	-0.407856	-0.623477	-0.215621	1.0000	3
chr18:58000000-58500000	chr18	58000000	58500000	-0.649556	-0.657781	-0.00822567	-0.608548	-0.948168	-0.33962	1.0000	1
chr18:58500000-59000000	chr18	58500000	59000000	-0.882513	-0.726348	0.156165	-0.671256	-0.972467	-0.301211	1.0000	3
chr18:59000000-59500000	chr18	59000000	59500000	-0.514938	-0.605519	-0.0905804	-0.679131	-0.99727	-0.318139	1.0000	5
chr18:59500000-60000000	chr18	59500000	60000000	-0.570699	-0.516177	0.054522	-0.490728	-0.858031	-0.367302	1.0000	2
chr18:60000000-60500000	chr18	60000000	60500000	0.0825061	-0.131679	-0.214185	0.115202	0.135462	0.0202599	1.0000	1
chr18:60500000-61000000	chr18	60500000	61000000	0.525768	0.642303	0.116535	0.873294	0.931158	0.0578645	1.0000	0
chr18:61000000-61500000	chr18	61000000	61500000	1.08157	1.13113	0.0495565	1.29614	1.26872	-0.0274211	1.0000	1
chr18:61500000-62000000	chr18	61500000	62000000	0.307069	-0.03515	-0.342219	0.350029	-0.107783	-0.457813	1.0000	1
chr18:62000000-62500000	chr18	62000000	62500000	-0.220449	-0.672511	-0.452062	-0.0558047	-0.139342	-0.083537	1.0000	3
chr18:62500000-63000000	chr18	62500000	63000000	-0.172806	-0.3774	-0.204593	0.044467	-0.549509	-0.593976	1.0000	2
chr18:63000000-63500000	chr18	63000000	63500000	-0.154616	-0.237341	-0.0827248	-0.0858912	-0.527225	-0.441334	1.0000	4
chr18:63500000-64000000	chr18	63500000	64000000	-0.175347	-0.116706	0.0586411	-0.073356	-0.30525	-0.231894	1.0000	10
chr18:64000000-64500000	chr18	64000000	64500000	0.947427	0.965026	0.0175989	0.72753	0.888824	0.161294	1.0000	1
chr18:64500000-65000000	chr18	64500000	65000000	0.422524	0.730082	0.307558	0.596126	0.995779	0.399653	1.0000	0
chr18:65000000-65500000	chr18	65000000	65500000	0.344608	0.592384	0.247776	0.387589	1.12183	0.734237	1.0000	0
chr18:65500000-66000000	chr18	65500000	66000000	0.455235	0.654973	0.199738	0.691296	1.19347	0.502177	1.0000	1
chr18:66000000-66500000	chr18	66000000	66500000	0.612321	0.830646	0.218325	0.568161	1.37548	0.807315	1.0000	0
chr18:66500000-67000000	chr18	66500000	67000000	0.32808	0.491448	0.163367	0.535036	1.14296	0.607921	1.0000	1
chr18:67000000-67500000	chr18	67000000	67500000	-0.270781	-0.377066	-0.106285	0.264397	0.20899	-0.0554067	1.0000	0
chr18:67500000-68000000	chr18	67500000	68000000	-0.518617	-0.770852	-0.252235	-0.246603	-0.393106	-0.146504	1.0000	1
chr18:68000000-68500000	chr18	68000000	68500000	-0.659922	-0.770783	-0.110861	-0.410799	-0.302985	0.107814	1.0000	0
chr18:68500000-69000000	chr18	68500000	69000000	-0.289034	-0.417	-0.127965	-0.0281559	-0.0405721	-0.0124163	1.0000	2
chr18:69000000-69500000	chr18	69000000	69500000	0.558219	0.680809	0.12259	0.859099	1.02453	0.165433	1.0000	1
chr18:69500000-70000000	chr18	69500000	70000000	0.772993	0.620464	-0.152529	0.670081	0.84921	0.179129	1.0000	1
chr18:70000000-70500000	chr18	70000000	70500000	0.0899712	-0.160694	-0.250665	0.120465	0.119215	-0.00125027	1.0000	2
chr18:70500000-71000000	chr18	70500000	71000000	1.04787	1.27187	0.224007	1.08351	1.28238	0.198865	1.0000	0
chr18:71000000-71500000	chr18	71000000	71500000	0.578553	0.808859	0.230306	0.900759	1.31242	0.411658	1.0000	0
chr18:71500000-72000000	chr18	71500000	72000000	0.530823	0.823391	0.292567	0.816581	1.21802	0.401441	1.0000	0
chr18:72000000-72500000	chr18	72000000	72500000	0.542302	0.800852	0.25855	0.665865	0.975742	0.309877	1.0000	0
chr18:72500000-73000000	chr18	72500000	73000000	0.560555	0.628826	0.0682704	0.709678	0.787112	0.0774335	1.0000	2
chr18:73000000-73500000	chr18	73000000	73500000	-0.0748029	-0.0644708	0.0103321	0.0215584	0.243456	0.221898	1.0000	0
chr18:73500000-74000000	chr18	73500000	74000000	0.0606796	-0.115938	-0.176618	-0.107827	-0.041292	0.0665346	1.0000	0
chr18:74000000-74500000	chr18	74000000	74500000	0.730695	0.486594	-0.244101	0.703378	0.380863	-0.322515	1.0000	6
chr18:74500000-75000000	chr18	74500000	75000000	-0.22592	-0.350888	-0.124968	0.209743	0.0192836	-0.19046	0.9800	2
chr18:75000000-75500000	chr18	75000000	75500000	0.648374	0.55713	-0.091244	0.619163	0.329272	-0.289891	1.0000	3
chr18:75500000-76000000	chr18	75500000	76000000	0.788556	0.946514	0.157958	1.0187	0.854483	-0.164217	1.0000	0
chr18:76000000-76500000	chr18	76000000	76500000	0.942125	0.918235	-0.0238897	0.68818	0.726908	0.0387279	1.0000	1
chr18:76500000-77000000	chr18	76500000	77000000	0.686922	0.318531	-0.368391	0.479892	0.330121	-0.149772	0.9800	1
chr18:77000000-77500000	chr18	77000000	77500000	1.08746	0.895861	-0.191603	0.748841	0.752843	0.00400182	1.0000	2
chr18:77500000-78000000	chr18	77500000	78000000	1.21339	1.36156	0.148168	0.959067	1.38604	0.426974	1.0000	0
chr18:78000000-78500000	chr18	78000000	78500000	1.44973	1.28957	-0.160157	1.1974	1.24069	0.0432933	0.9800	0
chr18:78500000-79000000	chr18	78500000	79000000	1.34111	1.1996	-0.141514	0.873958	0.980769	0.106811	1.0000	1
chr18:79000000-79500000	chr18	79000000	79500000	0.839907	0.53651	-0.303397	0.876088	0.511025	-0.365064	0.9400	2
chr18:79500000-80000000	chr18	79500000	80000000	0.484442	0.190304	-0.294138	0.226212	0.257548	0.0313361	0.9600	5
chr18:80000000-80373285	chr18	80000000	80373285	0.0736699	-0.030762	-0.104432	-0.261722	-0.308091	-0.0463684	0.5358	3
chr19:0-500000	chr19	0	500000	nan	nan	nan	nan	nan	nan	0.0000	8
chr19:500000-1000000	chr19	500000	1000000	nan	nan	nan	nan	nan	nan	0.0000	24
chr19:1000000-1500000	chr19	1000000	1500000	nan	nan	nan	nan	nan	nan	0.0000	25
chr19:1500000-2000000	chr19	1500000	2000000	nan	nan	nan	nan	nan	nan	0.0000	14
chr19:2000000-2500000	chr19	2000000	2500000	nan	nan	nan	nan	nan	nan	0.0000	19
chr19:2500000-3000000	chr19	2500000	3000000	nan	nan	nan	nan	nan	nan	0.0000	11
chr19:3000000-3500000	chr19	3000000	3500000	-0.960653	-0.979646	-0.0189926	-1.1199	-1.03807	0.081828	0.9200	10
chr19:3500000-4000000	chr19	3500000	4000000	-0.883384	-0.910112	-0.0267286	-1.22639	-0.988349	0.238038	1.0000	19
chr19:4000000-4500000	chr19	4000000	4500000	-0.973097	-1.04772	-0.0746239	-1.36104	-1.05582	0.305225	1.0000	17
chr19:4500000-5000000	chr19	4500000	5000000	-0.846603	-0.88644	-0.0398371	-1.22051	-1.1278	0.0927157	1.0000	13
chr19:5000000-5500000	chr19	5000000	5500000	-0.590937	-0.747948	-0.157011	-1.05634	-0.876287	0.180049	1.0000	2
chr19:5500000-6000000	chr19	5500000	6000000	-0.675179	-0.821998	-0.146818	-0.827813	-0.939306	-0.111493	1.0000	18
chr19:6000000-6500000	chr19	6000000	6500000	-0.697865	-0.525127	0.172739	-0.872358	-0.672306	0.200053	1.0000	13
chr19:6500000-7000000	chr19	6500000	7000000	0.176163	0.00772511	-0.168438	-0.224968	-0.188699	0.0362694	1.0000	10
chr19:7000000-7500000	chr19	7000000	7500000	-0.393323	-0.230531	0.162791	-0.687797	-0.665703	0.0220935	0.8600	10
chr19:7500000-8000000	chr19	7500000	8000000	-0.440321	-0.618387	-0.178066	-0.59905	-0.681863	-0.0828134	1.0000	23
chr19:8000000-8500000	chr19	8000000	8500000	-0.243515	-0.566382	-0.322866	-0.507068	-0.567143	-0.0600743	1.0000	12
chr19:8500000-9000000	chr19	8500000	9000000	0.548432	0.264873	-0.283559	0.272403	0.103352	-0.169051	0.8800	9
chr19:9000000-9500000	chr19	9000000	9500000	0.41748	0.213811	-0.20367	0.25039	0.124869	-0.125522	1.0000	14
chr19:9500000-10000000	chr19	9500000	10000000	-0.0970608	-0.239427	-0.142366	-0.473277	-0.504111	-0.0308345	1.0000	9
chr19:10000000-10500000	chr19	10000000	10500000	-0.680368	-0.851653	-0.171285	-1.0015	-0.872573	0.128923	1.0000	20
chr19:10500000-11000000	chr19	10500000	11000000	-0.99583	-0.98464	0.0111895	-1.1646	-1.23301	-0.0684115	1.0000	16
chr19:11000000-11500000	chr19	11000000	11500000	-0.843132	-0.967676	-0.124543	-1.0663	-1.03708	0.0292208	1.0000	16
chr19:11500000-12000000	chr19	11500000	12000000	-0.87398	-0.961714	-0.087734	-0.996067	-0.966713	0.0293539	1.0000	14
chr19:12000000-12500000	chr19	12000000	12500000	-0.843839	-0.786632	0.0572078	-0.980462	-1.15894	-0.178474	1.0000	12
chr19:12500000-13000000	chr19	12500000	13000000	-0.925645	-0.90786	0.0177846	-1.03772	-1.07197	-0.0342546	1.0000	30
chr19:13000000-13500000	chr19	13000000	13500000	-0.36379	-0.448442	-0.0846518	-0.505055	-0.622737	-0.117681	1.0000	5
chr19:13500000-14000000	chr19	13500000	14000000	-0.387259	-0.48557	-0.0983119	-0.830969	-0.75479	0.0761786	1.0000	10
chr19:14000000-14500000	chr19	14000000	14500000	-0.56485	-0.71532	-0.15047	-0.674855	-0.866037	-0.191181	1.0000	16
chr19:14500000-15000000	chr19	14500000	15000000	0.651118	0.452864	-0.198253	0.194588	0.347962	0.153374	1.0000	13
chr19:15000000-15500000	chr19	15000000	15500000	-0.0254076	-0.0916795	-0.0662719	-0.217954	-0.245627	-0.0276728	1.0000	13
chr19:15500000-16000000	chr19	15500000	16000000	1.00157	0.593612	-0.407961	0.529597	0.532112	0.00251501	1.0000	11
chr19:16000000-16500000	chr19	16000000	16500000	-0.249521	-0.301075	-0.0515535	-0.485422	-0.438095	0.047328	1.0000	10
chr19:16500000-17000000	chr19	16500000	17000000	-0.561501	-0.646631	-0.0851305	-0.88033	-1.03669	-0.156365	1.0000	8
chr19:17000000-17500000	chr19	17000000	17500000	-0.952708	-0.954842	-0.00213377	-0.987291	-0.872414	0.114877	1.0000	21
chr19:17500000-18000000	chr19	17500000	18000000	-0.662194	-0.902383	-0.240189	-1.01834	-1.09699	-0.0786473	1.0000	13
chr19:18000000-18500000	chr19	18000000	18500000	-0.95069	-1.05973	-0.109044	-0.999655	-0.954668	0.0449872	1.0000	17
chr19:18500000-19000000	chr19	18500000	19000000	-0.817013	-0.79822	0.0187932	-1.00091	-1.03781	-0.0369021	1.0000	16
chr19:19000000-19500000	chr19	19000000	19500000	-0.495998	-0.875859	-0.379861	-0.762436	-0.80635	-0.0439146	1.0000	14
chr19:19500000-20000000	chr19	19500000	20000000	0.100951	-0.0259618	-0.126913	-0.234519	-0.00936973	0.225149	1.0000	13
chr19:20000000-20500000	chr19	20000000	20500000	0.364148	0.521919	0.157771	0.380315	0.429517	0.0492019	1.0000	3
chr19:20500000-21000000	chr19	20500000	21000000	0.530566	0.474027	-0.0565389	0.66848	0.661706	-0.00677377	1.0000	4
chr19:21000000-21500000	chr19	21000000	21500000	0.22487	0.132565	-0.0923046	0.240158	0.399623	0.159465	1.0000	6
chr19:21500000-22000000	chr19	21500000	22000000	0.745808	0.739704	-0.00610437	0.487159	0.599175	0.112016	1.0000	3
chr19:22000000-22500000	chr19	22000000	22500000	0.745765	0.903441	0.157676	0.754791	0.759363	0.00457239	1.0000	5
chr19:22500000-23000000	chr19	22500000	23000000	0.78777	0.824592	0.036822	0.465094	0.760133	0.295039	1.0000	3
chr19:23000000-23500000	chr19	23000000	23500000	0.635529	0.517239	-0.11829	0.283755	0.491396	0.207641	1.0000	4
chr19:23500000-24000000	chr19	23500000	24000000	0.54696	0.728125	0.181165	0.358007	0.723506	0.365498	1.0000	4
chr19:24000000-24500000	chr19	24000000	24500000	0.493246	0.486682	-0.00656456	0.259007	0.65926	0.400253	0.6600	1
chr19:24500000-25000000	chr19	24500000	25000000	nan	nan	nan	nan	nan	nan	0.0000	0
chr19:25000000-25500000	chr19	25000000	25500000	nan	nan	nan	nan	nan	nan	0.0000	0
chr19:25500000-26000000	chr19	25500000	26000000	nan	nan	nan	nan	nan	nan	0.0000	0
chr19:26000000-26500000	chr19	26000000	26500000	nan	nan	nan	nan	nan	nan	0.0000	0
chr19:26500000-27000000	chr19	26500000	27000000	nan	nan	nan	nan	nan	nan	0.0000	0
chr19:27000000-27500000	chr19	27000000	27500000	nan	nan	nan	nan	nan	nan	0.2400	0
chr19:27500000-28000000	chr19	27500000	28000000	0.734112	1.04967	0.315554	0.853965	0.90854	0.0545756	1.0000	0
chr19:28000000-28500000	chr19	28000000	28500000	1.00339	1.16405	0.16066	0.516826	0.77044	0.253613	1.0000	0
chr19:28500000-29000000	chr19	28500000	29000000	1.17454	1.01796	-0.156585	0.794308	0.990512	0.196204	1.0000	0
chr19:29000000-29500000	chr19	29000000	29500000	1.2856	1.35402	0.0684231	0.878586	1.04507	0.166481	1.0000	1
chr19:29500000-30000000	chr19	29500000	30000000	0.57921	0.503292	-0.075919	0.233368	0.472132	0.238764	1.0000	6
chr19:30000000-30500000	chr19	30000000	30500000	1.16807	1.06747	-0.100607	0.869496	0.810959	-0.0585368	1.0000	1
chr19:30500000-31000000	chr19	30500000	31000000	1.2106	1.18657	-0.0240233	0.7715	0.880243	0.108743	1.0000	0
chr19:31000000-31500000	chr19	31000000	31500000	0.947014	0.7843	-0.162715	0.503505	0.476933	-0.0265718	1.0000	1
chr19:31500000-32000000	chr19	31500000	32000000	1.38568	1.16709	-0.218585	0.777275	0.891717	0.114441	1.0000	0
chr19:32000000-32500000	chr19	32000000	32500000	0.951142	0.616471	-0.334671	0.614846	0.747169	0.132323	1.0000	2
chr19:32500000-33000000	chr19	32500000	33000000	0.714454	0.269329	-0.445125	0.484961	0.26502	-0.219941	1.0000	8
chr19:33000000-33500000	chr19	33000000	33500000	0.77276	0.262007	-0.510753	0.177511	0.277628	0.100118	1.0000	7
chr19:33500000-34000000	chr19	33500000	34000000	0.641549	0.614191	-0.0273577	0.440346	0.399783	-0.0405629	1.0000	3
chr19:34000000-34500000	chr19	34000000	34500000	-0.305929	-0.252623	0.0533057	-0.629148	-0.37417	0.254978	0.9600	6
chr19:34500000-35000000	chr19	34500000	35000000	0.543503	0.505559	-0.0379443	0.231429	0.237493	0.00606461	0.9800	6
chr19:35000000-35500000	chr19	35000000	35500000	0.168005	0.0191654	-0.14884	-0.237302	-0.100951	0.136351	1.0000	19
chr19:35500000-36000000	chr19	35500000	36000000	-0.405564	-0.622018	-0.216454	-0.707829	-0.550426	0.157403	1.0000	29
chr19:36000000-36500000	chr19	36000000	36500000	-0.450143	-0.520974	-0.0708309	-0.821945	-0.656388	0.165557	0.8800	15
chr19:36500000-37000000	chr19	36500000	37000000	-0.487346	-0.415754	0.0715922	-0.286905	-0.479468	-0.192563	1.0000	10
chr19:37000000-37500000	chr19	37000000	37500000	-0.196594	-0.186301	0.010293	-0.270257	-0.362502	-0.0922456	0.9000	8
chr19:37500000-38000000	chr19	37500000	38000000	-0.414077	-0.356351	0.0577262	-0.470612	-0.484609	-0.0139969	1.0000	8
chr19:38000000-38500000	chr19	38000000	38500000	-0.596633	-0.448745	0.147888	-0.766811	-0.774673	-0.00786139	1.0000	13
chr19:38500000-39000000	chr19	38500000	39000000	-0.890486	-0.730463	0.160024	-0.989639	-0.910216	0.0794223	1.0000	16
chr19:39000000-39500000	chr19	39000000	39500000	-0.798231	-0.740279	0.057952	-0.901964	-0.961569	-0.0596048	1.0000	19
chr19:39500000-40000000	chr19	39500000	40000000	0.058599	-0.113817	-0.172416	0.0684675	-0.240305	-0.308773	1.0000	13
chr19:40000000-40500000	chr19	40000000	40500000	-0.436048	-0.64003	-0.203983	-0.566518	-0.551508	0.0150095	1.0000	14
chr19:40500000-41000000	chr19	40500000	41000000	-0.337035	-0.435889	-0.0988542	-0.352657	-0.537991	-0.185334	1.0000	13
chr19:41000000-41500000	chr19	41000000	41500000	0.0312818	-0.288398	-0.31968	-0.26097	-0.510269	-0.249299	1.0000	14
chr19:41500000-42000000	chr19	41500000	42000000	0.408636	0.284354	-0.124282	0.0115427	0.0660813	0.0545386	1.0000	14
chr19:42000000-42500000	chr19	42000000	42500000	0.0733262	-0.177131	-0.250457	-0.388656	-0.38972	-0.00106426	1.0000	15
chr19:42500000-43000000	chr19	42500000	43000000	1.06594	1.16169	0.0957474	0.801121	1.156	0.354877	1.0000	7
chr19:43000000-43500000	chr19	43000000	43500000	1.20798	1.1729	-0.0350847	0.917222	1.00704	0.0898133	1.0000	8
chr19:43500000-44000000	chr19	43500000	44000000	-0.0189329	-0.149077	-0.130144	-0.131784	-0.0447921	0.0869921	1.0000	20
chr19:44000000-44500000	chr19	44000000	44500000	-0.105902	-0.204019	-0.0981164	-0.0740642	-0.253426	-0.179361	0.9400	14
chr19:44500000-45000000	chr19	44500000	45000000	-0.67318	-0.713545	-0.0403647	-1.0795	-0.974192	0.105311	1.0000	16
chr19:45000000-45500000	chr19	45000000	45500000	-1.01837	-1.05593	-0.0375638	-1.36592	-1.0535	0.312417	1.0000	19
chr19:45500000-46000000	chr19	45500000	46000000	-1.06606	-0.976927	0.0891297	-1.27819	-1.18638	0.0918099	1.0000	20
chr19:46000000-46500000	chr19	46000000	46500000	-1.13225	-1.13625	-0.0039918	-1.31313	-1.26684	0.0462888	1.0000	11
chr19:46500000-47000000	chr19	46500000	47000000	-1.05609	-1.24261	-0.186522	-1.37193	-1.19333	0.178605	1.0000	10
chr19:47000000-47500000	chr19	47000000	47500000	-1.03314	-1.18766	-0.154513	-1.17423	-1.10523	0.0690001	1.0000	13
chr19:47500000-48000000	chr19	47500000	48000000	-0.96659	-1.00707	-0.0404808	-1.15585	-1.26702	-0.111174	0.8800	12
chr19:48000000-48500000	chr19	48000000	48500000	-0.848262	-0.9742	-0.125938	-1.13758	-1.11899	0.0185935	1.0000	15
chr19:48500000-49000000	chr19	48500000	49000000	-1.08301	-0.968835	0.114175	-1.19397	-1.23515	-0.041185	1.0000	26
chr19:49000000-49500000	chr19	49000000	49500000	-0.972489	-0.898512	0.073977	-1.13228	-1.06355	0.0687309	1.0000	29
chr19:49500000-50000000	chr19	49500000	50000000	-0.698777	-0.722134	-0.0233571	-1.03285	-0.74874	0.284105	1.0000	25
chr19:50000000-50500000	chr19	50000000	50500000	0.143853	0.372133	0.22828	-0.0269245	0.209637	0.236561	0.9000	12
chr19:50500000-51000000	chr19	50500000	51000000	0.568383	0.450071	-0.118312	0.167805	0.340629	0.172824	1.0000	18
chr19:51000000-51500000	chr19	51000000	51500000	1.01969	0.944722	-0.0749726	0.554202	0.675762	0.12156	1.0000	22
chr19:51500000-52000000	chr19	51500000	52000000	0.708548	0.553045	-0.155503	0.417704	0.451583	0.0338793	1.0000	14
chr19:52000000-52500000	chr19	52000000	52500000	0.0423476	0.0163026	-0.026045	0.0380936	-0.0625246	-0.100618	1.0000	14
chr19:52500000-53000000	chr19	52500000	53000000	-0.034109	-0.231014	-0.196905	-0.139398	-0.268898	-0.1295	1.0000	11
chr19:53000000-53500000	chr19	53000000	53500000	0.158356	0.241668	0.0833115	0.0267708	0.08277	0.0559992	1.0000	14
chr19:53500000-54000000	chr19	53500000	54000000	0.365225	0.28818	-0.0770449	-0.0314025	0.303512	0.334915	1.0000	8
chr19:54000000-54500000	chr19	54000000	54500000	0.247714	0.247994	0.000279254	-0.0723912	0.0903402	0.162731	1.0000	23
chr19:54500000-55000000	chr19	54500000	55000000	0.883606	0.983968	0.100362	0.420772	0.731498	0.310727	1.0000	15
chr19:55000000-55500000	chr19	55000000	55500000	-0.321154	-0.534165	-0.213011	-0.67064	-0.533293	0.137347	1.0000	28
chr19:55500000-56000000	chr19	55500000	56000000	0.4584	0.398356	-0.0600437	0.187163	0.233399	0.0462361	1.0000	20
chr19:56000000-56500000	chr19	56000000	56500000	0.62565	0.551646	-0.0740042	0.48322	0.488916	0.00569631	1.0000	10
chr19:56500000-57000000	chr19	56500000	57000000	0.844854	1.00442	0.159565	0.800208	0.830122	0.0299143	1.0000	8
chr19:57000000-57500000	chr19	57000000	57500000	0.201547	0.10055	-0.100997	-0.144428	-0.205758	-0.0613295	1.0000	18
chr19:57500000-58000000	chr19	57500000	58000000	-0.426057	-0.350048	0.0760094	-0.745664	-0.656224	0.089441	1.0000	21
chr19:58000000-58500000	chr19	58000000	58500000	-0.438635	-0.296981	0.141655	-0.771055	-0.596936	0.17412	0.9600	20
chr19:58500000-58617616	chr19	58500000	58617616	nan	nan	nan	nan	nan	nan	0.0000	6
chr20:0-500000	chr20	0	500000	nan	nan	nan	nan	nan	nan	0.0000	13
chr20:500000-1000000	chr20	500000	1000000	nan	nan	nan	nan	nan	nan	0.0000	7
chr20:1000000-1500000	chr20	1000000	1500000	nan	nan	nan	nan	nan	nan	0.0000	10
chr20:1500000-2000000	chr20	1500000	2000000	nan	nan	nan	nan	nan	nan	0.0000	5
chr20:2000000-2500000	chr20	2000000	2500000	nan	nan	nan	nan	nan	nan	0.0000	4
chr20:2500000-3000000	chr20	2500000	3000000	nan	nan	nan	nan	nan	nan	0.0000	11
chr20:3000000-3500000	chr20	3000000	3500000	-0.50728	-0.614704	-0.107424	-0.899565	-1.0418	-0.142234	0.9200	12
chr20:3500000-4000000	chr20	3500000	4000000	-0.62367	-0.709167	-0.0854969	-0.8759	-0.959147	-0.0832469	1.0000	11
chr20:4000000-4500000	chr20	4000000	4500000	-0.240355	-0.359744	-0.119389	-0.530932	-0.607037	-0.0761049	1.0000	3
chr20:4500000-5000000	chr20	4500000	5000000	0.0278769	-0.403119	-0.430996	-0.0943352	-0.481712	-0.387377	1.0000	3
chr20:5000000-5500000	chr20	5000000	5500000	0.27509	0.250519	-0.0245709	0.123161	-0.280912	-0.404072	1.0000	5
chr20:5500000-6000000	chr20	5500000	6000000	-0.0351314	-0.451614	-0.416482	-0.0118461	-0.394984	-0.383138	1.0000	5
chr20:6000000-6500000	chr20	6000000	6500000	0.255255	0.183713	-0.0715419	0.386305	-0.0332605	-0.419565	1.0000	3
chr20:6500000-7000000	chr20	6500000	7000000	0.0378505	-0.0512509	-0.0891014	-0.0546644	-0.236113	-0.181448	1.0000	1
chr20:7000000-7500000	chr20	7000000	7500000	0.321206	0.0198455	-0.30136	0.343752	0.235385	-0.108368	1.0000	0
chr20:7500000-8000000	chr20	7500000	8000000	0.117578	-0.111268	-0.228846	0.227632	-0.206848	-0.43448	1.0000	1
chr20:8000000-8500000	chr20	8000000	8500000	-0.0865685	-0.389354	-0.302786	0.116542	-0.0816711	-0.198213	1.0000	2
chr20:8500000-9000000	chr20	8500000	9000000	-0.120187	-0.169011	-0.0488241	-0.246939	-0.382267	-0.135328	1.0000	0
chr20:9000000-9500000	chr20	9000000	9500000	-0.353765	-0.292558	0.0612069	-0.258633	-0.320098	-0.0614647	1.0000	1
chr20:9500000-10000000	chr20	9500000	10000000	0.752199	0.921695	0.169497	0.61331	0.834328	0.221018	1.0000	2
chr20:10000000-10500000	chr20	10000000	10500000	0.248917	-0.0443763	-0.293293	0.246607	-0.0615481	-0.308155	1.0000	6
chr20:10500000-11000000	chr20	10500000	11000000	-0.444753	-0.495685	-0.0509321	-0.300319	-0.475456	-0.175137	1.0000	1
chr20:11000000-11500000	chr20	11000000	11500000	-0.55874	-0.701265	-0.142524	-0.419114	-0.592187	-0.173073	1.0000	0
chr20:11500000-12000000	chr20	11500000	12000000	0.646482	0.548578	-0.0979044	0.542852	0.480826	-0.0620258	1.0000	1
chr20:12000000-12500000	chr20	12000000	12500000	0.993705	1.3668	0.373099	1.06828	1.28394	0.215655	1.0000	0
chr20:12500000-13000000	chr20	12500000	13000000	1.13181	1.37861	0.2468	1.09709	1.34568	0.248583	1.0000	0
chr20:13000000-13500000	chr20	13000000	13500000	0.957436	0.966716	0.00928059	0.906448	0.767575	-0.138873	1.0000	2
chr20:13500000-14000000	chr20	13500000	14000000	0.664495	0.478909	-0.185586	0.527804	0.66297	0.135165	1.0000	5
chr20:14000000-14500000	chr20	14000000	14500000	0.18505	0.324566	0.139516	0.600579	0.538318	-0.0622613	1.0000	1
chr20:14500000-15000000	chr20	14500000	15000000	-0.053828	-0.134082	-0.0802542	0.0659093	-0.0569007	-0.12281	1.0000	0
chr20:15000000-15500000	chr20	15000000	15500000	0.0818574	0.0177723	-0.0640851	0.114547	0.162801	0.0482543	1.0000	0
chr20:15500000-16000000	chr20	15500000	16000000	0.279718	0.295645	0.0159274	0.291339	0.17255	-0.118789	1.0000	0
chr20:16000000-16500000	chr20	16000000	16500000	1.06275	0.881855	-0.180894	0.832087	0.735505	-0.0965822	1.0000	0
chr20:16500000-17000000	chr20	16500000	17000000	0.883084	1.02421	0.141128	0.793921	0.892285	0.098364	1.0000	3
chr20:17000000-17500000	chr20	17000000	17500000	1.10245	1.46123	0.358773	0.981111	1.40376	0.422651	1.0000	1
chr20:17500000-18000000	chr20	17500000	18000000	-0.0327104	-0.0635286	-0.0308182	-0.258549	-0.370869	-0.112321	1.0000	6
chr20:18000000-18500000	chr20	18000000	18500000	1.03575	0.803938	-0.231811	0.942677	0.56059	-0.382088	1.0000	7
chr20:18500000-19000000	chr20	18500000	19000000	1.175	1.24619	0.0711918	1.18781	0.972492	-0.215317	1.0000	4
chr20:19000000-19500000	chr20	19000000	19500000	1.31251	1.39862	0.0861052	1.19178	1.3072	0.115419	1.0000	1
chr20:19500000-20000000	chr20	19500000	20000000	0.53161	0.295565	-0.236046	0.275708	0.183586	-0.0921225	1.0000	1
chr20:20000000-20500000	chr20	20000000	20500000	1.13614	1.17497	0.0388318	1.01992	1.02846	0.00854562	1.0000	4
chr20:20500000-21000000	chr20	20500000	21000000	1.46406	1.36895	-0.0951115	1.26963	1.10157	-0.168062	1.0000	1
chr20:21000000-21500000	chr20	21000000	21500000	0.494107	0.52396	0.0298526	0.294078	0.515506	0.221428	1.0000	4
chr20:21500000-22000000	chr20	21500000	22000000	1.29221	1.54283	0.25062	1.15984	1.20642	0.0465833	1.0000	2
chr20:22000000-22500000	chr20	22000000	22500000	1.1743	1.42715	0.252848	1.02887	1.14582	0.11695	1.0000	0
chr20:22500000-23000000	chr20	22500000	23000000	0.592714	0.679247	0.0865333	0.552609	0.514528	-0.0380816	1.0000	1
chr20:23000000-23500000	chr20	23000000	23500000	0.815854	0.638009	-0.177845	0.489999	0.305832	-0.184167	1.0000	9
chr20:23500000-24000000	chr20	23500000	24000000	1.38867	1.46804	0.0793678	1.07363	1.05901	-0.0146146	1.0000	8
chr20:24000000-24500000	chr20	24000000	24500000	1.06902	1.27674	0.207714	0.777324	0.692927	-0.084397	1.0000	1
chr20:24500000-25000000	chr20	24500000	25000000	0.979134	1.04245	0.0633172	0.635099	0.726422	0.091323	1.0000	2
chr20:25000000-25500000	chr20	25000000	25500000	0.435698	0.353118	-0.0825792	0.233909	0.280364	0.0464548	1.0000	6
chr20:25500000-26000000	chr20	25500000	26000000	0.81919	0.733259	-0.085931	0.713516	0.858261	0.144745	1.0000	3
chr20:26000000-26500000	chr20	26000000	26500000	0.822109	0.736602	-0.085507	0.666139	0.849399	0.18326	0.7200	0
chr20:26500000-27000000	chr20	26500000	27000000	nan	nan	nan	nan	nan	nan	0.0000	0
chr20:27000000-27500000	chr20	27000000	27500000	nan	nan	nan	nan	nan	nan	0.0000	0
chr20:27500000-28000000	chr20	27500000	28000000	nan	nan	nan	nan	nan	nan	0.0000	0
chr20:28000000-28500000	chr20	28000000	28500000	nan	nan	nan	nan	nan	nan	0.0000	0
chr20:28500000-29000000	chr20	28500000	29000000	nan	nan	nan	nan	nan	nan	0.0400	0
chr20:29000000-29500000	chr20	29000000	29500000	nan	nan	nan	nan	nan	nan	0.4600	0
chr20:29500000-30000000	chr20	29500000	30000000	1.15222	1.44672	0.294499	1.20353	1.31474	0.111211	1.0000	0
chr20:30000000-30500000	chr20	30000000	30500000	1.12785	1.02083	-0.107018	0.966477	1.36195	0.395472	0.8400	0
chr20:30500000-31000000	chr20	30500000	31000000	1.27641	1.51413	0.237726	1.16984	1.31616	0.146322	0.8800	0
chr20:31000000-31500000	chr20	31000000	31500000	0.806971	1.18857	0.381597	0.601152	0.878143	0.27699	0.5000	8
chr20:31500000-32000000	chr20	31500000	32000000	-0.476507	-0.391824	0.084683	-1.0109	-0.792541	0.218363	1.0000	12
chr20:32000000-32500000	chr20	32000000	32500000	-0.662376	-0.727853	-0.0654777	-1.03539	-0.946539	0.0888548	1.0000	7
chr20:32500000-33000000	chr20	32500000	33000000	-0.262632	-0.53518	-0.272547	-0.468728	-0.772982	-0.304255	1.0000	6
chr20:33000000-33500000	chr20	33000000	33500000	0.0224029	-0.245326	-0.267729	-0.314398	-0.735369	-0.420971	1.0000	12
chr20:33500000-34000000	chr20	33500000	34000000	-0.784844	-0.860459	-0.075615	-1.08887	-1.06913	0.0197429	1.0000	8
chr20:34000000-34500000	chr20	34000000	34500000	-1.17834	-1.04675	0.131598	-1.36053	-1.24357	0.116964	1.0000	4
chr20:34500000-35000000	chr20	34500000	35000000	-1.15034	-1.05901	0.091328	-1.34821	-1.28214	0.0660636	1.0000	9
chr20:35000000-35500000	chr20	35000000	35500000	-1.17328	-0.971096	0.202189	-1.26409	-1.20495	0.0591416	1.0000	10
chr20:35500000-36000000	chr20	35500000	36000000	-1.2332	-1.00992	0.223276	-1.22266	-1.39883	-0.176177	1.0000	11
chr20:36000000-36500000	chr20	36000000	36500000	-0.553042	-0.702736	-0.149693	-1.00712	-1.08168	-0.0745668	1.0000	3
chr20:36500000-37000000	chr20	36500000	37000000	-0.643136	-0.748789	-0.105653	-1.07982	-1.14161	-0.0617906	1.0000	9
chr20:37000000-37500000	chr20	37000000	37500000	-0.551142	-0.842593	-0.291451	-1.01327	-1.00642	0.0068503	1.0000	6
chr20:37500000-38000000	chr20	37500000	38000000	-0.575015	-0.956976	-0.381961	-0.749019	-1.16009	-0.411074	1.0000	4
chr20:38000000-38500000	chr20	38000000	38500000	-0.846307	-0.837332	0.00897541	-0.9378	-1.17605	-0.23825	1.0000	8
chr20:38500000-39000000	chr20	38500000	39000000	0.0592826	-0.209766	-0.269048	-0.310469	-0.403813	-0.0933437	1.0000	7
chr20:39000000-39500000	chr20	39000000	39500000	1.18648	1.33935	0.152867	0.931026	0.971678	0.0406519	1.0000	0
chr20:39500000-40000000	chr20	39500000	40000000	0.76589	1.02028	0.254387	0.767692	0.861062	0.0933695	1.0000	0
chr20:40000000-40500000	chr20	40000000	40500000	1.03614	1.14404	0.107895	0.870924	1.04247	0.171543	1.0000	0
chr20:40500000-41000000	chr20	40500000	41000000	1.1898	1.25888	0.0690741	0.743639	0.684165	-0.0594739	1.0000	1
chr20:41000000-41500000	chr20	41000000	41500000	-0.00762804	-0.0346198	-0.0269918	-0.100115	-0.34984	-0.249726	1.0000	5
chr20:41500000-42000000	chr20	41500000	42000000	1.1048	0.911832	-0.192971	0.621062	0.844762	0.2237	1.0000	1
chr20:42000000-42500000	chr20	42000000	42500000	1.42838	1.41566	-0.0127209	0.966903	1.27734	0.310434	1.0000	0
chr20:42500000-43000000	chr20	42500000	43000000	1.10198	1.42356	0.321571	0.879455	1.17466	0.295202	1.0000	0
chr20:43000000-43500000	chr20	43000000	43500000	1.00523	1.03948	0.034252	0.771701	0.631403	-0.140298	1.0000	2
chr20:43500000-44000000	chr20	43500000	44000000	0.023167	-0.210499	-0.233666	-0.250411	-0.401787	-0.151376	1.0000	6
chr20:44000000-44500000	chr20	44000000	44500000	-0.188833	-0.118865	0.0699685	-0.549554	-0.658023	-0.108469	1.0000	7
chr20:44500000-45000000	chr20	44500000	45000000	-0.558715	-0.492085	0.0666291	-0.570873	-0.608772	-0.0378988	1.0000	10
chr20:45000000-45500000	chr20	45000000	45500000	0.0171476	-0.0838125	-0.10096	-0.127685	-0.350699	-0.223014	1.0000	15
chr20:45500000-46000000	chr20	45500000	46000000	0.0503228	0.0336	-0.0167229	-0.310431	-0.428847	-0.118416	1.0000	24
chr20:46000000-46500000	chr20	46000000	46500000	-0.152853	-0.436854	-0.284001	-0.502603	-0.676264	-0.173661	1.0000	7
chr20:46500000-47000000	chr20	46500000	47000000	-0.273565	-0.620579	-0.347013	-0.691644	-0.939299	-0.247655	1.0000	6
chr20:47000000-47500000	chr20	47000000	47500000	-0.839315	-0.832708	0.00660748	-0.906101	-1.08068	-0.174578	1.0000	1
chr20:47500000-48000000	chr20	47500000	48000000	-0.715238	-0.806114	-0.0908759	-0.698094	-1.05458	-0.356484	0.9800	2
chr20:48000000-48500000	chr20	48000000	48500000	-0.408978	-0.779056	-0.370078	-0.636525	-1.07907	-0.442547	1.0000	0
chr20:48500000-49000000	chr20	48500000	49000000	-0.396468	-0.710272	-0.313804	-0.804683	-1.11165	-0.306966	1.0000	2
chr20:49000000-49500000	chr20	49000000	49500000	-0.718212	-0.949153	-0.230941	-0.990798	-1.41358	-0.422782	1.0000	5
chr20:49500000-50000000	chr20	49500000	50000000	-0.801859	-1.01158	-0.209725	-1.07851	-1.23238	-0.153865	1.0000	6
chr20:50000000-50500000	chr20	50000000	50500000	-0.87036	-0.929871	-0.0595111	-1.18172	-1.10134	0.0803761	1.0000	3
chr20:50500000-51000000	chr20	50500000	51000000	-0.932349	-0.895671	0.0366782	-1.08274	-1.1296	-0.046861	1.0000	7
chr20:51000000-51500000	chr20	51000000	51500000	-0.545969	-0.593766	-0.0477968	-0.654276	-0.807679	-0.153404	1.0000	1
chr20:51500000-52000000	chr20	51500000	52000000	-0.402735	-0.518289	-0.115554	-0.78335	-0.921654	-0.138304	1.0000	3
chr20:52000000-52500000	chr20	52000000	52500000	0.0182025	-0.11105	-0.129252	-0.162306	-0.259196	-0.0968893	1.0000	1
chr20:52500000-53000000	chr20	52500000	53000000	0.567019	0.535753	-0.0312662	0.358824	0.411358	0.052534	1.0000	1
chr20:53000000-53500000	chr20	53000000	53500000	1.03459	0.92602	-0.108574	0.572371	0.716142	0.143771	1.0000	0
chr20:53500000-54000000	chr20	53500000	54000000	-0.678749	-0.768669	-0.0899193	-0.449623	-0.609507	-0.159885	1.0000	1
chr20:54000000-54500000	chr20	54000000	54500000	0.279089	0.326117	0.0470286	0.123798	0.183739	0.059941	1.0000	4
chr20:54500000-55000000	chr20	54500000	55000000	0.709867	1.13115	0.421279	0.751118	0.899872	0.148754	1.0000	0
chr20:55000000-55500000	chr20	55000000	55500000	0.649605	1.05902	0.409418	0.51427	1.16387	0.6496	1.0000	0
chr20:55500000-56000000	chr20	55500000	56000000	0.986891	1.30224	0.315348	0.841223	1.25858	0.417359	1.0000	0
chr20:56000000-56500000	chr20	56000000	56500000	0.90762	0.844374	-0.0632469	0.525111	0.706486	0.181375	1.0000	7
chr20:56500000-57000000	chr20	56500000	57000000	0.565079	0.154465	-0.410614	0.251877	-0.0519036	-0.303781	1.0000	3
chr20:57000000-57500000	chr20	57000000	57500000	0.414626	0.246618	-0.168008	0.0897169	-0.0880459	-0.177763	1.0000	4
chr20:57500000-58000000	chr20	57500000	58000000	0.347884	0.12011	-0.227774	0.00052744	-0.0873423	-0.0878697	1.0000	4
chr20:58000000-58500000	chr20	58000000	58500000	-0.0192062	-0.279687	-0.260481	-0.353244	-0.405907	-0.0526633	1.0000	4
chr20:58500000-59000000	chr20	58500000	59000000	0.184715	-0.0555031	-0.240218	-0.18005	-0.213701	-0.0336512	1.0000	6
chr20:59000000-59500000	chr20	59000000	59500000	0.627454	0.51142	-0.116034	0.43162	0.332452	-0.0991672	1.0000	6
chr20:59500000-60000000	chr20	59500000	60000000	0.662478	0.732544	0.0700664	0.428688	0.790657	0.361969	1.0000	5
chr20:60000000-60500000	chr20	60000000	60500000	0.656917	0.796615	0.139698	0.349079	0.484059	0.13498	1.0000	0
chr20:60500000-61000000	chr20	60500000	61000000	0.793164	0.880349	0.0871849	0.668006	0.462189	-0.205817	1.0000	0
chr20:61000000-61500000	chr20	61000000	61500000	0.643758	0.538352	-0.105406	0.237296	0.207178	-0.0301182	1.0000	1
chr20:61500000-62000000	chr20	61500000	62000000	0.474048	0.403804	-0.0702443	0.194681	0.252854	0.0581732	1.0000	0
chr20:62000000-62500000	chr20	62000000	62500000	-0.304073	-0.472986	-0.168914	-0.586831	-0.589558	-0.00272772	1.0000	13
chr20:62500000-63000000	chr20	62500000	63000000	-0.728062	-0.762289	-0.0342266	-0.88914	-0.796836	0.0923039	1.0000	9
chr20:63000000-63500000	chr20	63000000	63500000	-0.635987	-0.717927	-0.0819406	-0.832283	-0.550802	0.28148	1.0000	9
chr20:63500000-64000000	chr20	63500000	64000000	-0.754632	-0.872606	-0.117974	-1.04798	-0.781689	0.266292	1.0000	21
chr20:64000000-64444167	chr20	64000000	64444167	-0.55895	-0.883918	-0.324967	-0.697584	-0.69726	0.000324188	0.6304	9
chr21:0-500000	chr21	0	500000	nan	nan	nan	nan	nan	nan	0.0000	0
chr21:500000-1000000	chr21	500000	1000000	nan	nan	nan	nan	nan	nan	0.0000	0
chr21:1000000-1500000	chr21	1000000	1500000	nan	nan	nan	nan	nan	nan	0.0000	0
chr21:1500000-2000000	chr21	1500000	2000000	nan	nan	nan	nan	nan	nan	0.0000	0
chr21:2000000-2500000	chr21	2000000	2500000	nan	nan	nan	nan	nan	nan	0.0000	0
chr21:2500000-3000000	chr21	2500000	3000000	nan	nan	nan	nan	nan	nan	0.0000	0
chr21:3000000-3500000	chr21	3000000	3500000	nan	nan	nan	nan	nan	nan	0.0000	0
chr21:3500000-4000000	chr21	3500000	4000000	nan	nan	nan	nan	nan	nan	0.0000	0
chr21:4000000-4500000	chr21	4000000	4500000	nan	nan	nan	nan	nan	nan	0.0000	0
chr21:4500000-5000000	chr21	4500000	5000000	nan	nan	nan	nan	nan	nan	0.0000	0
chr21:5000000-5500000	chr21	5000000	5500000	nan	nan	nan	nan	nan	nan	0.0000	3
chr21:5500000-6000000	chr21	5500000	6000000	nan	nan	nan	nan	nan	nan	0.0000	0
chr21:6000000-6500000	chr21	6000000	6500000	nan	nan	nan	nan	nan	nan	0.0000	4
chr21:6500000-7000000	chr21	6500000	7000000	nan	nan	nan	nan	nan	nan	0.0000	0
chr21:7000000-7500000	chr21	7000000	7500000	nan	nan	nan	nan	nan	nan	0.0000	0
chr21:7500000-8000000	chr21	7500000	8000000	nan	nan	nan	nan	nan	nan	0.0000	4
chr21:8000000-8500000	chr21	8000000	8500000	nan	nan	nan	nan	nan	nan	0.0000	0
chr21:8500000-9000000	chr21	8500000	9000000	nan	nan	nan	nan	nan	nan	0.2200	0
chr21:9000000-9500000	chr21	9000000	9500000	nan	nan	nan	nan	nan	nan	0.3200	0
chr21:9500000-10000000	chr21	9500000	10000000	1.58501	1.48471	-0.100301	1.2789	1.6706	0.391707	0.5200	0
chr21:10000000-10500000	chr21	10000000	10500000	nan	nan	nan	nan	nan	nan	0.0600	0
chr21:10500000-11000000	chr21	10500000	11000000	nan	nan	nan	nan	nan	nan	0.2800	1
chr21:11000000-11500000	chr21	11000000	11500000	nan	nan	nan	nan	nan	nan	0.0000	0
chr21:11500000-12000000	chr21	11500000	12000000	nan	nan	nan	nan	nan	nan	0.0000	0
chr21:12000000-12500000	chr21	12000000	12500000	nan	nan	nan	nan	nan	nan	0.0000	0
chr21:12500000-13000000	chr21	12500000	13000000	nan	nan	nan	nan	nan	nan	0.0600	0
chr21:13000000-13500000	chr21	13000000	13500000	0.8266	0.841877	0.0152764	0.82723	1.01027	0.183037	1.0000	0
chr21:13500000-14000000	chr21	13500000	14000000	0.723235	0.816915	0.0936802	0.682856	0.879342	0.196486	1.0000	1
chr21:14000000-14500000	chr21	14000000	14500000	0.725682	0.863466	0.137784	0.646064	1.17519	0.529128	1.0000	3
chr21:14500000-15000000	chr21	14500000	15000000	0.56987	0.548708	-0.0211625	0.4735	0.732014	0.258514	1.0000	1
chr21:15000000-15500000	chr21	15000000	15500000	0.140138	0.113705	-0.0264328	0.369184	0.431945	0.0627605	1.0000	1
chr21:15500000-16000000	chr21	15500000	16000000	-0.0393609	-0.22109	-0.181729	0.227999	0.243485	0.0154864	1.0000	1
chr21:16000000-16500000	chr21	16000000	16500000	0.302725	0.399009	0.0962833	0.676193	0.981882	0.305689	1.0000	0
chr21:16500000-17000000	chr21	16500000	17000000	0.315646	0.467798	0.152152	0.496356	0.902615	0.406259	1.0000	0
chr21:17000000-17500000	chr21	17000000	17500000	0.754201	0.841185	0.0869834	0.625029	0.721926	0.0968976	1.0000	0
chr21:17500000-18000000	chr21	17500000	18000000	0.458133	0.512398	0.0542642	0.648134	0.613786	-0.0343481	1.0000	3
chr21:18000000-18500000	chr21	18000000	18500000	0.472758	0.462805	-0.00995256	0.49855	0.926029	0.427478	1.0000	2
chr21:18500000-19000000	chr21	18500000	19000000	0.309382	0.477156	0.167775	0.404302	0.630823	0.22652	1.0000	0
chr21:19000000-19500000	chr21	19000000	19500000	0.124401	0.397846	0.273445	0.324487	0.690414	0.365927	1.0000	0
chr21:19500000-20000000	chr21	19500000	20000000	0.39253	0.489984	0.0974538	0.600674	1.06207	0.461401	1.0000	0
chr21:20000000-20500000	chr21	20000000	20500000	0.299826	0.282467	-0.017359	0.405509	0.699834	0.294326	1.0000	0
chr21:20500000-21000000	chr21	20500000	21000000	0.31787	0.340997	0.0231276	0.477403	0.824153	0.34675	1.0000	1
chr21:21000000-21500000	chr21	21000000	21500000	0.122712	0.201228	0.0785167	0.292814	0.527082	0.234268	1.0000	0
chr21:21500000-22000000	chr21	21500000	22000000	0.204327	0.00221115	-0.202115	0.17812	0.543305	0.365185	1.0000	0
chr21:22000000-22500000	chr21	22000000	22500000	0.354724	0.438908	0.0841848	0.501792	0.765899	0.264107	1.0000	0
chr21:22500000-23000000	chr21	22500000	23000000	0.160948	0.50091	0.339962	0.281912	0.762089	0.480177	1.0000	0
chr21:23000000-23500000	chr21	23000000	23500000	0.146508	0.2985	0.151991	0.417736	0.767884	0.350148	1.0000	0
chr21:23500000-24000000	chr21	23500000	24000000	0.496727	0.315237	-0.18149	0.370495	0.707287	0.336793	1.0000	0
chr21:24000000-24500000	chr21	24000000	24500000	0.379823	0.324001	-0.0558228	0.410927	0.847077	0.43615	1.0000	0
chr21:24500000-25000000	chr21	24500000	25000000	0.552471	0.605328	0.0528578	0.558037	0.984003	0.425966	1.0000	0
chr21:25000000-25500000	chr21	25000000	25500000	0.329068	0.438367	0.109298	0.496986	0.523362	0.0263758	1.0000	0
chr21:25500000-26000000	chr21	25500000	26000000	0.0321549	-0.169487	-0.201642	0.137831	-0.0686558	-0.206486	1.0000	4
chr21:26000000-26500000	chr21	26000000	26500000	-0.259544	-0.263465	-0.00392116	-0.00642498	0.0279928	0.0344178	1.0000	1
chr21:26500000-27000000	chr21	26500000	27000000	-0.421214	-0.496942	-0.0757281	-0.220614	-0.422129	-0.201516	1.0000	3
chr21:27000000-27500000	chr21	27000000	27500000	-0.953552	-1.05104	-0.0974862	-0.709371	-0.679216	0.0301555	1.0000	0
chr21:27500000-28000000	chr21	27500000	28000000	-0.720478	-0.979398	-0.25892	-0.779753	-0.609033	0.17072	1.0000	0
chr21:28000000-28500000	chr21	28000000	28500000	-0.805792	-0.814991	-0.00919899	-0.621639	-0.678979	-0.0573396	1.0000	0
chr21:28500000-29000000	chr21	28500000	29000000	-0.391149	-0.557741	-0.166591	-0.392736	-0.466617	-0.0738805	1.0000	2
chr21:29000000-29500000	chr21	29000000	29500000	-0.360734	-0.501251	-0.140517	-0.186032	-0.353542	-0.16751	1.0000	5
chr21:29500000-30000000	chr21	29500000	30000000	0.704462	0.619095	-0.0853675	0.671687	0.83914	0.167453	1.0000	1
chr21:30000000-30500000	chr21	30000000	30500000	0.627383	0.936758	0.309375	0.750839	0.935173	0.184335	1.0000	16
chr21:30500000-31000000	chr21	30500000	31000000	0.588138	0.864053	0.275915	0.778973	0.869918	0.0909452	1.0000	18
chr21:31000000-31500000	chr21	31000000	31500000	0.545174	0.065489	-0.479686	0.364508	-0.115598	-0.480106	1.0000	2
chr21:31500000-32000000	chr21	31500000	32000000	0.225	0.15283	-0.0721695	0.279026	-0.156988	-0.436014	1.0000	3
chr21:32000000-32500000	chr21	32000000	32500000	0.481977	0.123494	-0.358483	0.165069	0.179566	0.0144969	1.0000	4
chr21:32500000-33000000	chr21	32500000	33000000	-0.0478464	-0.570166	-0.522319	-0.248414	-0.367091	-0.118677	1.0000	5
chr21:33000000-33500000	chr21	33000000	33500000	-0.33292	-0.627367	-0.294447	-0.528368	-0.770806	-0.242438	1.0000	8
chr21:33500000-34000000	chr21	33500000	34000000	-1.07906	-1.09245	-0.0133872	-1.19857	-1.26936	-0.0707954	1.0000	6
chr21:34000000-34500000	chr21	34000000	34500000	-0.672068	-0.81828	-0.146212	-0.909296	-0.884283	0.0250131	1.0000	6
chr21:34500000-35000000	chr21	34500000	35000000	-0.96442	-1.15129	-0.186865	-0.976196	-0.98399	-0.00779436	1.0000	3
chr21:35000000-35500000	chr21	35000000	35500000	-1.05704	-0.989746	0.0672961	-1.24459	-1.33513	-0.0905449	1.0000	1
chr21:35500000-36000000	chr21	35500000	36000000	-0.758761	-0.871311	-0.11255	-0.883406	-1.34113	-0.457724	1.0000	0
chr21:36000000-36500000	chr21	36000000	36500000	-1.04034	-0.912249	0.128088	-1.07703	-1.0808	-0.00377468	1.0000	7
chr21:36500000-37000000	chr21	36500000	37000000	-0.76415	-0.84358	-0.0794294	-1.16302	-1.18523	-0.0222153	1.0000	2
chr21:37000000-37500000	chr21	37000000	37500000	-1.20456	-1.32742	-0.122864	-1.21504	-1.24377	-0.0287288	1.0000	5
chr21:37500000-38000000	chr21	37500000	38000000	-0.653461	-0.916544	-0.263082	-1.09455	-1.31917	-0.224621	1.0000	1
chr21:38000000-38500000	chr21	38000000	38500000	-0.948098	-1.00829	-0.0601957	-1.23244	-1.29258	-0.0601371	1.0000	2
chr21:38500000-39000000	chr21	38500000	39000000	-0.984641	-0.988993	-0.00435236	-1.21398	-1.23038	-0.0164057	1.0000	1
chr21:39000000-39500000	chr21	39000000	39500000	-0.92222	-0.987463	-0.0652428	-0.957942	-1.13745	-0.179511	1.0000	6
chr21:39500000-40000000	chr21	39500000	40000000	0.353275	0.278167	-0.0751085	-0.0887631	0.185672	0.274435	1.0000	3
chr21:40000000-40500000	chr21	40000000	40500000	0.507674	0.559421	0.0517473	-0.0107157	0.319927	0.330643	1.0000	0
chr21:40500000-41000000	chr21	40500000	41000000	0.414885	0.677976	0.263091	0.268591	0.168984	-0.0996063	1.0000	1
chr21:41000000-41500000	chr21	41000000	41500000	0.356136	0.138591	-0.217545	-0.0769336	-0.0306953	0.0462383	1.0000	4
chr21:41500000-42000000	chr21	41500000	42000000	0.0252193	-0.507234	-0.532454	-0.801916	-0.589575	0.212341	1.0000	4
chr21:42000000-42500000	chr21	42000000	42500000	-0.315246	-0.68992	-0.374674	-0.804855	-0.604375	0.200481	1.0000	9
chr21:42500000-43000000	chr21	42500000	43000000	-0.518609	-0.780645	-0.262036	-0.897281	-0.965988	-0.0687068	1.0000	6
chr21:43000000-43500000	chr21	43000000	43500000	-0.580435	-0.70094	-0.120505	-0.832847	-0.801235	0.0316116	0.8600	4
chr21:43500000-44000000	chr21	43500000	44000000	-0.810048	-0.809601	0.000447015	-1.13491	-1.15878	-0.0238756	1.0000	7
chr21:44000000-44500000	chr21	44000000	44500000	-0.522883	-0.662177	-0.139293	-0.823653	-0.80922	0.0144332	1.0000	10
chr21:44500000-45000000	chr21	44500000	45000000	-0.648816	-0.899281	-0.250465	-0.989886	-0.84339	0.146496	1.0000	22
chr21:45000000-45500000	chr21	45000000	45500000	-0.785403	-0.894483	-0.109081	-1.11819	-0.999379	0.118813	1.0000	3
chr21:45500000-46000000	chr21	45500000	46000000	-0.745543	-1.06839	-0.322842	-1.09801	-0.927147	0.170863	1.0000	3
chr21:46000000-46500000	chr21	46000000	46500000	-0.616267	-0.912621	-0.296354	-1.0149	-0.913124	0.101773	1.0000	10
chr21:46500000-46709983	chr21	46500000	46709983	-0.797294	-0.488222	0.309072	-0.9995	-0.991371	0.00812864	0.6191	2
chr22:0-500000	chr22	0	500000	nan	nan	nan	nan	nan	nan	0.0000	0
chr22:500000-1000000	chr22	500000	1000000	nan	nan	nan	nan	nan	nan	0.0000	0
chr22:1000000-1500000	chr22	1000000	1500000	nan	nan	nan	nan	nan	nan	0.0000	0
chr22:1500000-2000000	chr22	1500000	2000000	nan	nan	nan	nan	nan	nan	0.0000	0
chr22:2000000-2500000	chr22	2000000	2500000	nan	nan	nan	nan	nan	nan	0.0000	0
chr22:2500000-3000000	chr22	2500000	3000000	nan	nan	nan	nan	nan	nan	0.0000	0
chr22:3000000-3500000	chr22	3000000	3500000	nan	nan	nan	nan	nan	nan	0.0000	0
chr22:3500000-4000000	chr22	3500000	4000000	nan	nan	nan	nan	nan	nan	0.0000	0
chr22:4000000-4500000	chr22	4000000	4500000	nan	nan	nan	nan	nan	nan	0.0000	0
chr22:4500000-5000000	chr22	4500000	5000000	nan	nan	nan	nan	nan	nan	0.0000	0
chr22:5000000-5500000	chr22	5000000	5500000	nan	nan	nan	nan	nan	nan	0.0000	0
chr22:5500000-6000000	chr22	5500000	6000000	nan	nan	nan	nan	nan	nan	0.0000	0
chr22:6000000-6500000	chr22	6000000	6500000	nan	nan	nan	nan	nan	nan	0.0000	0
chr22:6500000-7000000	chr22	6500000	7000000	nan	nan	nan	nan	nan	nan	0.0000	0
chr22:7000000-7500000	chr22	7000000	7500000	nan	nan	nan	nan	nan	nan	0.0000	0
chr22:7500000-8000000	chr22	7500000	8000000	nan	nan	nan	nan	nan	nan	0.0000	0
chr22:8000000-8500000	chr22	8000000	8500000	nan	nan	nan	nan	nan	nan	0.0000	0
chr22:8500000-9000000	chr22	8500000	9000000	nan	nan	nan	nan	nan	nan	0.0000	0
chr22:9000000-9500000	chr22	9000000	9500000	nan	nan	nan	nan	nan	nan	0.0000	0
chr22:9500000-10000000	chr22	9500000	10000000	nan	nan	nan	nan	nan	nan	0.0000	0
chr22:10000000-10500000	chr22	10000000	10500000	nan	nan	nan	nan	nan	nan	0.0000	0
chr22:10500000-11000000	chr22	10500000	11000000	nan	nan	nan	nan	nan	nan	0.2400	0
chr22:11000000-11500000	chr22	11000000	11500000	nan	nan	nan	nan	nan	nan	0.1200	0
chr22:11500000-12000000	chr22	11500000	12000000	nan	nan	nan	nan	nan	nan	0.1800	0
chr22:12000000-12500000	chr22	12000000	12500000	nan	nan	nan	nan	nan	nan	0.0000	0
chr22:12500000-13000000	chr22	12500000	13000000	nan	nan	nan	nan	nan	nan	0.0000	0
chr22:13000000-13500000	chr22	13000000	13500000	nan	nan	nan	nan	nan	nan	0.0000	0
chr22:13500000-14000000	chr22	13500000	14000000	nan	nan	nan	nan	nan	nan	0.0000	0
chr22:14000000-14500000	chr22	14000000	14500000	nan	nan	nan	nan	nan	nan	0.0000	0
chr22:14500000-15000000	chr22	14500000	15000000	nan	nan	nan	nan	nan	nan	0.0000	0
chr22:15000000-15500000	chr22	15000000	15500000	1.11944	0.97147	-0.147969	0.840621	0.738195	-0.102427	0.6800	0
chr22:15500000-16000000	chr22	15500000	16000000	1.27415	1.57479	0.300644	0.985359	1.29084	0.305481	1.0000	2
chr22:16000000-16500000	chr22	16000000	16500000	0.811151	0.822379	0.0112276	0.975267	1.11809	0.14282	0.7200	0
chr22:16500000-17000000	chr22	16500000	17000000	0.848225	0.928057	0.0798317	0.744685	1.05365	0.308961	1.0000	2
chr22:17000000-17500000	chr22	17000000	17500000	0.467584	0.115368	-0.352216	0.0407906	-0.125712	-0.166502	1.0000	6
chr22:17500000-18000000	chr22	17500000	18000000	-0.514157	-0.777934	-0.263777	-0.666971	-0.814553	-0.147582	1.0000	4
chr22:18000000-18500000	chr22	18000000	18500000	nan	nan	nan	nan	nan	nan	0.3400	4
chr22:18500000-19000000	chr22	18500000	19000000	nan	nan	nan	nan	nan	nan	0.1000	6
chr22:19000000-19500000	chr22	19000000	19500000	-0.714289	-0.700196	0.0140924	-0.994036	-1.01966	-0.0256216	1.0000	12
chr22:19500000-20000000	chr22	19500000	20000000	-0.612648	-0.756885	-0.144237	-1.28276	-0.881085	0.401677	1.0000	8
chr22:20000000-20500000	chr22	20000000	20500000	-0.622554	-0.788682	-0.166129	-1.11864	-0.846746	0.271898	0.9600	12
chr22:20500000-21000000	chr22	20500000	21000000	-0.796972	-0.987116	-0.190144	-1.04158	-1.02619	0.0153916	1.0000	7
chr22:21000000-21500000	chr22	21000000	21500000	nan	nan	nan	nan	nan	nan	0.2200	8
chr22:21500000-22000000	chr22	21500000	22000000	-0.7543	-0.825913	-0.0716124	-1.0669	-1.05611	0.0107846	0.8800	10
chr22:22000000-22500000	chr22	22000000	22500000	0.0062723	-0.0840032	-0.0902755	-0.170895	-0.364222	-0.193327	1.0000	1
chr22:22500000-23000000	chr22	22500000	23000000	0.332	0.202287	-0.129713	0.0337526	-0.0133022	-0.0470548	1.0000	5
chr22:23000000-23500000	chr22	23000000	23500000	0.0597772	-0.2032	-0.262978	-0.326838	-0.388298	-0.0614605	1.0000	4
chr22:23500000-24000000	chr22	23500000	24000000	-0.154117	-0.552877	-0.39876	-0.463954	-0.674818	-0.210863	1.0000	15
chr22:24000000-24500000	chr22	24000000	24500000	-0.512204	-0.877104	-0.3649	-0.800824	-0.892166	-0.0913413	1.0000	7
chr22:24500000-25000000	chr22	24500000	25000000	-0.446233	-0.311922	0.134311	-0.321838	-0.79744	-0.475602	1.0000	8
chr22:25000000-25500000	chr22	25000000	25500000	0.173511	0.130531	-0.0429803	-0.0208162	-0.4717	-0.450884	1.0000	2
chr22:25500000-26000000	chr22	25500000	26000000	0.0475247	0.0429372	-0.00458753	-0.248652	-0.432908	-0.184256	1.0000	2
chr22:26000000-26500000	chr22	26000000	26500000	0.0723845	-0.0327644	-0.105149	-0.112545	-0.369707	-0.257161	1.0000	4
chr22:26500000-27000000	chr22	26500000	27000000	-0.72101	-0.860573	-0.139563	-0.970939	-1.30509	-0.334146	1.0000	5
chr22:27000000-27500000	chr22	27000000	27500000	-0.79424	-0.881201	-0.0869607	-1.0205	-1.32874	-0.308242	1.0000	0
chr22:27500000-28000000	chr22	27500000	28000000	-0.780749	-0.940816	-0.160067	-1.1539	-1.20605	-0.0521414	1.0000	2
chr22:28000000-28500000	chr22	28000000	28500000	-1.03216	-1.1158	-0.0836496	-1.12209	-1.0795	0.0425804	1.0000	0
chr22:28500000-29000000	chr22	28500000	29000000	-0.96239	-0.941703	0.0206867	-1.17759	-1.16038	0.0172129	1.0000	6
chr22:29000000-29500000	chr22	29000000	29500000	-0.814464	-0.879995	-0.0655309	-1.14096	-0.989618	0.151337	1.0000	10
chr22:29500000-30000000	chr22	29500000	30000000	-1.01505	-0.971654	0.0433994	-1.21529	-1.25401	-0.0387193	1.0000	8
chr22:30000000-30500000	chr22	30000000	30500000	-1.04366	-1.19385	-0.150187	-1.3108	-1.17639	0.134407	1.0000	11
chr22:30500000-31000000	chr22	30500000	31000000	-0.831947	-0.870715	-0.0387672	-1.14384	-1.06724	0.0765995	1.0000	10
chr22:31000000-31500000	chr22	31000000	31500000	-0.893748	-0.92629	-0.0325418	-0.947561	-1.0885	-0.140941	1.0000	11
chr22:31500000-32000000	chr22	31500000	32000000	-0.584733	-0.777699	-0.192966	-0.7805	-1.01096	-0.23046	1.0000	4
chr22:32000000-32500000	chr22	32000000	32500000	0.09673	-0.0317901	-0.12852	-0.0676645	-0.18346	-0.115795	1.0000	8
chr22:32500000-33000000	chr22	32500000	33000000	0.053031	-0.171224	-0.224255	-0.196378	-0.693478	-0.4971	1.0000	1
chr22:33000000-33500000	chr22	33000000	33500000	0.170356	0.18894	0.0185843	0.0204576	-7.5435e-05	-0.020533	1.0000	1
chr22:33500000-34000000	chr22	33500000	34000000	0.229254	0.35909	0.129835	0.0686314	-0.164847	-0.233479	1.0000	1
chr22:34000000-34500000	chr22	34000000	34500000	0.498667	0.796361	0.297695	0.178497	0.298278	0.119781	1.0000	0
chr22:34500000-35000000	chr22	34500000	35000000	0.358223	0.606485	0.248262	0.150345	0.0946227	-0.0557222	1.0000	0
chr22:35000000-35500000	chr22	35000000	35500000	-0.0603909	-0.202166	-0.141775	-0.54231	-0.503053	0.0392571	1.0000	5
chr22:35500000-36000000	chr22	35500000	36000000	-1.15176	-1.19503	-0.0432696	-1.10987	-1.14634	-0.0364696	1.0000	4
chr22:36000000-36500000	chr22	36000000	36500000	-1.16432	-0.988888	0.175435	-1.36167	-1.15122	0.210447	1.0000	7
chr22:36500000-37000000	chr22	36500000	37000000	-0.837085	-0.874013	-0.0369282	-1.2955	-1.27891	0.0165821	1.0000	7
chr22:37000000-37500000	chr22	37000000	37500000	-0.635525	-0.799073	-0.163548	-0.986043	-0.955932	0.0301107	1.0000	12
chr22:37500000-38000000	chr22	37500000	38000000	-0.909395	-1.08322	-0.173827	-1.21508	-1.0671	0.147982	1.0000	18
chr22:38000000-38500000	chr22	38000000	38500000	-1.00057	-1.09016	-0.08959	-1.21477	-1.05203	0.162734	1.0000	9
chr22:38500000-39000000	chr22	38500000	39000000	-1.04428	-1.03037	0.0139119	-1.36673	-1.31471	0.0520243	1.0000	13
chr22:39000000-39500000	chr22	39000000	39500000	-0.843329	-0.920568	-0.0772389	-1.09715	-1.06802	0.0291303	1.0000	11
chr22:39500000-40000000	chr22	39500000	40000000	-0.788202	-0.844345	-0.0561432	-1.19816	-1.1079	0.0902669	1.0000	9
chr22:40000000-40500000	chr22	40000000	40500000	-0.907319	-1.21792	-0.310604	-1.24446	-1.38236	-0.137902	1.0000	3
chr22:40500000-41000000	chr22	40500000	41000000	-1.46523	-1.44854	0.0166895	-1.44582	-1.41945	0.0263725	1.0000	7
chr22:41000000-41500000	chr22	41000000	41500000	-0.924495	-1.08662	-0.162126	-1.30682	-1.291	0.0158144	1.0000	9
chr22:41500000-42000000	chr22	41500000	42000000	-0.91137	-0.951667	-0.040297	-1.36043	-1.20684	0.153583	1.0000	15
chr22:42000000-42500000	chr22	42000000	42500000	-0.739731	-0.741723	-0.00199232	-1.01275	-1.09982	-0.0870655	1.0000	7
chr22:42500000-43000000	chr22	42500000	43000000	-0.883429	-1.04134	-0.157911	-1.1051	-0.885554	0.21955	1.0000	8
chr22:43000000-43500000	chr22	43000000	43500000	-0.433941	-0.646263	-0.212323	-0.699732	-0.555715	0.144018	1.0000	8
chr22:43500000-44000000	chr22	43500000	44000000	-0.125406	-0.370833	-0.245427	-0.338318	-0.696229	-0.357911	1.0000	5
chr22:44000000-44500000	chr22	44000000	44500000	-0.18154	-0.492535	-0.310995	-0.790022	-0.773929	0.0160929	1.0000	4
chr22:44500000-45000000	chr22	44500000	45000000	-0.455044	-0.625116	-0.170072	-0.75668	-0.65788	0.0988005	1.0000	2
chr22:45000000-45500000	chr22	45000000	45500000	-0.72281	-0.819214	-0.096404	-0.912343	-0.914152	-0.00180848	1.0000	7
chr22:45500000-46000000	chr22	45500000	46000000	-0.777389	-0.765939	0.0114505	-1.02036	-0.89099	0.12937	1.0000	3
chr22:46000000-46500000	chr22	46000000	46500000	-0.331049	-0.527521	-0.196472	-0.81121	-0.532281	0.278929	1.0000	6
chr22:46500000-47000000	chr22	46500000	47000000	0.305338	-0.185061	-0.490399	-0.271686	-0.127532	0.144154	1.0000	4
chr22:47000000-47500000	chr22	47000000	47500000	0.69391	0.555289	-0.138621	0.182756	0.512366	0.32961	1.0000	0
chr22:47500000-48000000	chr22	47500000	48000000	0.84644	0.720489	-0.125951	0.414743	0.72879	0.314047	1.0000	0
chr22:48000000-48500000	chr22	48000000	48500000	1.00607	0.815182	-0.190891	0.392012	0.616795	0.224783	1.0000	1
chr22:48500000-49000000	chr22	48500000	49000000	0.936109	0.756143	-0.179966	0.380595	0.517635	0.13704	1.0000	0
chr22:49000000-49500000	chr22	49000000	49500000	0.893226	0.746051	-0.147174	0.30982	0.496802	0.186982	1.0000	0
chr22:49500000-50000000	chr22	49500000	50000000	0.23509	-0.0216545	-0.256745	-0.0713608	-0.0876346	-0.0162737	0.9800	5
chr22:50000000-50500000	chr22	50000000	50500000	-0.512539	-0.680616	-0.168078	-0.719179	-0.577078	0.142101	1.0000	17
chr22:50500000-50818468	chr22	50500000	50818468	-0.527532	-0.711294	-0.183762	-0.866659	-0.768086	0.0985727	0.6908	14
