tile_id	chrom	start	siScr_mCh	dlam_mCh	siScr_DNK	dlam_DNK	tss_count	pc1_cm_base	dpc1_cm_r225x	pc1_lcl_base	dpc1_lcl_ko	lfc_ipsc_silmna	n_genes_ipsc	lfc_cm_h222p	n_genes_cm	cpg_n	gap_frac	giemsa	arm_pos	gc
chr1:0-500000	chr1	0	nan	nan	nan	nan	2	nan	nan	nan	nan	nan	0	nan	0	6	0.22	0	0.997946	0.430986
chr1:500000-1000000	chr1	500000	nan	nan	nan	nan	6	1.03618	0.117255	-0.104986	-0.165178	0.0448827	4	-0.15842	3	21	0.1	0	0.993837	0.476616
chr1:1000000-1500000	chr1	1000000	nan	nan	nan	nan	28	1.44676	-0.113821	1.23921	-0.157614	0.121766	24	0.108768	22	80	0	0	0.989729	0.609577
chr1:1500000-2000000	chr1	1500000	nan	nan	nan	nan	13	1.41046	-0.18272	1.35558	-0.066445	0.0212868	13	0.108869	12	45	0	0	0.98562	0.541805
chr1:2000000-2500000	chr1	2000000	nan	nan	nan	nan	9	0.80768	0.0320619	1.13398	-0.0776629	0.0613025	8	0.0971574	7	56	0	0	0.981512	0.580742
chr1:2500000-3000000	chr1	2500000	nan	nan	nan	nan	6	-0.728143	0.386682	0.699709	-0.0154588	-0.15441	5	0.0797952	3	29	0.087018	0.25	0.977403	0.585901
chr1:3000000-3500000	chr1	3000000	0.642596	-0.283185	0.298738	0.161706	3	-0.109989	0.198873	0.535381	0.0923726	-0.19557	2	-0.0607213	2	39	0	0.25	0.973295	0.571802
chr1:3500000-4000000	chr1	3500000	0.765649	-0.331182	0.284993	0.0564213	10	-0.0631238	0.252254	1.12124	-0.0355453	-0.107818	9	0.0638436	8	30	0	0.25	0.969187	0.556851
chr1:4000000-4500000	chr1	4000000	1.05925	0.162243	0.855956	0.0973291	0	-1.26622	0.113609	0.234033	0.103373	nan	0	nan	0	2	0	0.25	0.965078	0.480102
chr1:4500000-5000000	chr1	4500000	1.16085	0.169131	0.735945	0.19055	1	-1.27249	0.130156	0.191445	0.0951272	nan	1	nan	0	4	0	0.25	0.96097	0.477818
chr1:5000000-5500000	chr1	5000000	1.22285	0.215215	0.871343	0.323434	0	-1.40003	0.168067	0.0616088	0.121379	nan	0	nan	0	0	0	0.25	0.956861	0.4521
chr1:5500000-6000000	chr1	5500000	1.03878	0.149292	0.877512	0.0934553	1	-0.937249	0.21501	0.306172	0.0547758	nan	1	nan	1	5	0	0	0.952753	0.495073
chr1:6000000-6500000	chr1	6000000	-0.0959762	-0.279137	-0.362766	0.0491759	12	0.850699	-0.0693613	1.12843	-0.0446579	-0.134313	11	-0.0450601	9	35	0	0	0.948644	0.550953
chr1:6500000-7000000	chr1	6500000	-0.595566	-0.114648	-0.895534	0.0731998	8	1.04998	0.0277748	1.26666	-0.00352826	-0.0102393	7	0.126886	7	10	0	0	0.944536	0.480721
chr1:7000000-7500000	chr1	7000000	-0.311613	-0.120746	-0.596694	-0.143894	0	0.914329	-0.0880043	0.645172	-0.0978807	nan	0	nan	0	1	0	0.25	0.940427	0.476089
chr1:7500000-8000000	chr1	7500000	-0.760146	-0.0300972	-1.04287	0.100078	5	1.0141	-0.037833	0.957831	-0.142395	0.0513422	4	0.100905	4	9	0	0.25	0.936319	0.478455
chr1:8000000-8500000	chr1	8000000	-1.04336	0.0494923	-0.863408	-0.157725	2	1.00172	-0.016534	0.980761	-0.0470266	-0.182916	2	0.148083	2	11	0	0.25	0.93221	0.45897
chr1:8500000-9000000	chr1	8500000	-1.40931	0.16254	-1.18423	0.0947633	3	1.05469	-0.00833701	1.23395	-0.127617	-0.0607498	2	-0.0565958	2	3	0	0.25	0.928102	0.433273
chr1:9000000-9500000	chr1	9000000	-0.689301	-0.198354	-1.09445	0.0807523	5	1.26509	0.012516	1.21665	0.0526938	-0.00181173	5	0.0978887	3	12	0	0	0.923993	0.506915
chr1:9500000-10000000	chr1	9500000	-0.845986	-0.142162	-1.31589	0.209708	8	1.23394	0.00913519	1.18005	-0.0139743	0.131342	8	0.00957753	8	14	0	0	0.919885	0.494273
chr1:10000000-10500000	chr1	10000000	-1.2092	0.114989	-1.35747	0.0118021	7	1.29155	-0.088071	1.22573	-0.0582022	0.0877319	7	0.0494307	6	7	0	0	0.915776	0.44418
chr1:10500000-11000000	chr1	10500000	-0.641459	-0.171679	-0.948288	0.124789	2	1.22098	-0.0479475	1.13386	-0.151951	nan	1	nan	1	13	0	0	0.911668	0.517271
chr1:11000000-11500000	chr1	11000000	-0.179119	-0.375761	-0.545121	-0.238471	8	1.15999	0.0700716	1.32265	-0.0446772	0.049705	8	0.146235	6	6	0	0	0.90756	0.481606
chr1:11500000-12000000	chr1	11500000	-0.406972	-0.312915	-0.723865	-0.0450391	15	1.16902	-0.100679	1.26098	-0.103633	-0.0335774	13	-0.0721899	14	18	0	0	0.903451	0.520024
chr1:12000000-12500000	chr1	12000000	-0.475068	0.0544348	-0.403143	-0.239046	4	0.0460963	0.147225	1.26887	-0.0728179	-0.0587938	4	-0.0448273	3	6	0	0	0.899343	0.465913
chr1:12500000-13000000	chr1	12500000	0.557833	0.0659306	0.394897	0.00537602	13	-1.15655	0.20791	0.45086	-0.0123253	0.140818	2	nan	1	3	0.091232	0.5	0.895234	0.46511
chr1:13000000-13500000	chr1	13000000	1.03336	0.0991824	0.797487	0.152493	17	-1.60254	0.285802	0.170788	-0.185262	0.107955	2	nan	0	0	0.008768	0.5	0.891126	0.462498
chr1:13500000-14000000	chr1	13500000	0.938749	-0.101648	0.781993	-0.153531	3	-1.27277	0.447298	0.522966	-0.00801055	0.0020632	3	-0.0419166	2	7	0	0.5	0.887017	0.441063
chr1:14000000-14500000	chr1	14000000	0.824798	0.16663	0.666512	0.0396161	0	-1.4442	0.239225	0.318711	-0.117917	nan	0	nan	0	0	0	0.5	0.882909	0.425014
chr1:14500000-15000000	chr1	14500000	0.579451	-0.353869	0.339662	-0.273714	1	-0.685749	0.213813	0.645215	0.060743	nan	1	nan	1	3	0	0.5	0.8788	0.473831
chr1:15000000-15500000	chr1	15000000	-0.213628	-0.05694	-0.317819	-0.127048	6	0.0148138	0.306816	1.16133	-0.0131137	-0.116757	4	-0.045596	3	6	0	0.5	0.874692	0.490215
chr1:15500000-16000000	chr1	15500000	-1.02445	-0.0334069	-1.19628	0.146143	12	1.08575	0.00600013	1.24703	-0.0507252	0.0314529	11	0.016258	10	19	0	0.5	0.870583	0.478471
chr1:16000000-16500000	chr1	16000000	-0.941549	0.0164496	-1.08632	0.0740518	12	1.30688	0.00885312	0.857965	-0.013198	-0.0289978	10	-0.0201205	10	13	0	0	0.866475	0.50736
chr1:16500000-17000000	chr1	16500000	-0.64714	-0.150019	-1.05177	-0.181039	8	1.39078	-0.240217	0.575963	-0.0280691	-0.214918	3	0.225841	4	29	0.1	0	0.862366	0.492481
chr1:17000000-17500000	chr1	17000000	-0.296289	-0.440835	-0.777469	-0.0467481	8	1.19316	0.142961	0.838818	-0.0484519	0.177163	5	-0.0162541	5	8	0	0	0.858258	0.498286
chr1:17500000-18000000	chr1	17500000	0.524844	-0.197334	0.0507257	-0.149431	2	1.10421	0.0754265	0.371092	-0.0614412	nan	1	nan	1	4	0	0	0.85415	0.508558
chr1:18000000-18500000	chr1	18000000	0.729354	0.0201564	0.491618	-0.0739272	2	1.07714	0.0572505	0.343709	0.0346509	nan	1	nan	1	6	0	0	0.850041	0.489131
chr1:18500000-19000000	chr1	18500000	0.27539	-0.15542	-0.0664701	0.0120278	4	1.08091	0.0887762	0.991364	-0.0413008	0.0385723	3	0.0880721	2	13	0	0	0.845933	0.505419
chr1:19000000-19500000	chr1	19000000	-0.675444	-0.0600938	-0.884128	-0.209363	7	1.19251	-0.0598822	1.21518	-0.00677676	0.0699675	7	0.114044	5	7	0	0	0.841824	0.477805
chr1:19500000-20000000	chr1	19500000	-0.324472	-0.309068	-0.918764	-0.143805	8	1.08636	-0.0161861	1.02566	-0.0887107	0.15088	5	0.138702	4	6	0	0	0.837716	0.465985
chr1:20000000-20500000	chr1	20000000	-0.0471828	-0.145869	-0.273812	-0.262725	7	1.03562	0.0086032	1.00498	-0.0548643	0.100401	3	-0.0952166	2	5	0	0.25	0.833607	0.476924
chr1:20500000-21000000	chr1	20500000	-1.06943	0.112104	-1.39446	0.216861	8	1.02807	0.0311137	1.34632	-0.050943	0.0015186	8	0.146762	7	9	0	0.25	0.829499	0.44791
chr1:21000000-21500000	chr1	21000000	-1.00073	-0.169188	-1.29003	0.0609344	3	1.12142	-0.00743419	1.15209	0.0652543	-0.321679	3	-0.023704	3	8	0	0.25	0.82539	0.456448
chr1:21500000-22000000	chr1	21500000	-0.928393	0.0256443	-1.08297	0.0630878	6	1.26776	-0.113666	1.34706	-0.0619322	-0.173423	5	-0.0798917	5	15	0	0.25	0.821282	0.50828
chr1:22000000-22500000	chr1	22000000	-0.882665	0.0955092	-1.17638	-0.00873751	4	0.971891	0.184319	1.00931	-0.0973554	-0.0227851	3	0.0632627	3	8	0	0.25	0.817173	0.484908
chr1:22500000-23000000	chr1	22500000	-0.848562	-0.000754839	-0.923286	-0.127685	6	1.09254	0.0373955	1.24778	-0.0185721	0.160516	2	-0.295309	2	9	0	0.25	0.813065	0.504374
chr1:23000000-23500000	chr1	23000000	-1.33032	0.109216	-1.11548	-0.0413868	8	0.987423	0.0698168	1.27966	-0.00680154	-0.0385992	7	0.0666513	6	9	0	0.25	0.808956	0.449462
chr1:23500000-24000000	chr1	23500000	-1.15633	0.0846527	-1.11838	-0.144743	12	1.06265	-0.032121	1.34904	-0.0874758	0.175217	11	-0.000799904	11	14	0	0	0.804848	0.473985
chr1:24000000-24500000	chr1	24000000	-0.990325	0.0970021	-1.21885	0.0899532	6	1.04782	0.0268861	1.16995	-0.205243	-0.0558355	5	-0.0499256	4	4	0	0	0.80074	0.47023
chr1:24500000-25000000	chr1	24500000	-1.24297	0.0136775	-1.26783	-0.042332	5	0.913628	0.160059	1.16051	-0.0545589	0.0218959	4	-0.0245344	4	9	0	0	0.796631	0.466889
chr1:25000000-25500000	chr1	25000000	-1.04779	-0.0391329	-1.23886	-0.0764112	6	0.922218	0.0951017	1.24683	-0.0533194	0.196361	6	0.00703707	5	8	0	0	0.792523	0.467123
chr1:25500000-26000000	chr1	25500000	-0.94522	-0.00511445	-1.29241	0.204461	8	1.05291	-0.00311077	1.26909	-0.0323346	0.0812376	8	-0.00561009	8	11	0	0	0.788414	0.489321
chr1:26000000-26500000	chr1	26000000	-0.977814	-0.0809356	-1.32204	0.0209995	19	1.14559	0.0399295	1.27577	-0.0118861	0.00944996	16	0.124565	12	16	0	0	0.784306	0.489035
chr1:26500000-27000000	chr1	26500000	-1.24118	0.1836	-1.21166	0.0581984	11	1.0916	0.174051	1.25647	-0.0113204	0.0253923	9	0.0497869	10	14	0	0	0.780197	0.482744
chr1:27000000-27500000	chr1	27000000	-0.989696	0.109852	-1.0976	-0.0473614	10	1.09475	0.14549	1.17836	0.0303711	0.0644328	8	0.00540333	9	13	0	0	0.776089	0.493082
chr1:27500000-28000000	chr1	27500000	-1.03288	0.00778669	-1.08104	-0.185004	10	1.13247	0.00022291	1.2934	-0.0216773	0.0833808	9	0.0416509	8	18	0	0.25	0.77198	0.477065
chr1:28000000-28500000	chr1	28000000	-1.35383	0.138373	-1.41614	0.204278	7	1.03592	0.0393439	1.28623	0.074381	0.0696246	7	0.185916	6	7	0	0.25	0.767872	0.444612
chr1:28500000-29000000	chr1	28500000	-0.984707	0.171623	-1.05555	-0.0988415	9	0.887877	0.209372	1.28713	-0.00170679	0.102342	8	0.0655761	7	13	0	0.25	0.763763	0.465349
chr1:29000000-29500000	chr1	29000000	-0.0991246	-0.171498	-0.451678	-0.152173	4	1.04611	-0.0475241	0.792435	-0.00718245	0.0308439	4	-0.0711181	4	8	0	0.25	0.759655	0.470327
chr1:29500000-30000000	chr1	29500000	0.498988	-0.263254	0.0803309	-0.0699058	0	0.873347	-0.0582087	0.483087	-0.0229004	nan	0	nan	0	0	0.003204	0.25	0.755546	0.475711
chr1:30000000-30500000	chr1	30000000	0.645421	-0.183726	0.251878	-0.0769383	0	0.821639	0.02308	0.543558	-0.0877366	nan	0	nan	0	0	0	0	0.751438	0.480175
chr1:30500000-31000000	chr1	30500000	-0.22392	-0.0820537	-0.497994	-0.0884828	3	1.03392	0.0730173	1.1885	0.10023	0.183657	3	0.097181	3	6	0	0	0.747329	0.483895
chr1:31000000-31500000	chr1	31000000	-0.936134	0.110839	-1.02563	-0.288583	6	1.04414	0.0807775	1.27479	-0.0537654	0.207346	6	0.0621606	6	6	0	0	0.743221	0.458853
chr1:31500000-32000000	chr1	31500000	-0.97835	0.131456	-1.2582	0.146056	8	1.30593	-0.130409	1.38986	-0.0323435	-0.111412	6	0.172122	6	13	0	0	0.739113	0.487007
chr1:32000000-32500000	chr1	32000000	-0.713432	-0.108827	-1.1124	-0.121864	17	1.21488	0.0851868	1.30639	0.0353098	0.0884437	16	0.0418022	15	16	0	0	0.735004	0.476458
chr1:32500000-33000000	chr1	32500000	-0.886374	0.0323708	-0.979302	-0.00950197	11	1.09179	-0.042442	1.3978	-0.0694155	-0.140518	10	0.0698793	8	14	0	0.25	0.730896	0.469867
chr1:33000000-33500000	chr1	33000000	-0.319609	-0.185564	-0.695505	-0.111405	7	1.02852	-0.0219957	1.21665	-0.0244375	-0.159605	6	0.0660251	6	13	0	0.25	0.726787	0.464945
chr1:33500000-34000000	chr1	33500000	0.541349	-0.282972	0.331828	-0.398475	1	0.59488	-0.0382626	0.284659	0.021029	nan	0	nan	0	2	0	0.25	0.722679	0.452738
chr1:34000000-34500000	chr1	34000000	0.69999	-0.367915	0.342538	-0.290719	2	0.348298	0.101007	0.390335	-0.031227	nan	1	nan	1	2	0	0.25	0.71857	0.440504
chr1:34500000-35000000	chr1	34500000	0.425159	-0.219445	0.0503255	-0.0770366	7	0.618833	0.0405003	0.835498	0.0201602	0.00886661	4	0.162904	3	11	0	0	0.714462	0.454782
chr1:35000000-35500000	chr1	35000000	-0.828326	-0.0246556	-0.793822	-0.193549	4	0.96014	0.0753223	1.28577	-0.0100551	-0.0211958	4	0.0812778	4	6	0	0	0.710353	0.413978
chr1:35500000-36000000	chr1	35500000	-0.695287	-0.11142	-1.01336	-0.0527818	9	1.16995	0.056457	1.31672	0.119477	0.02268	9	0.0608786	9	11	0	0	0.706245	0.43632
chr1:36000000-36500000	chr1	36000000	-0.726981	0.128963	-0.938728	0.0405804	13	1.29283	0.0327912	1.41356	-0.10157	0.154889	11	0.0451312	12	15	0	0	0.702136	0.47647
chr1:36500000-37000000	chr1	36500000	1.38873	-0.203186	0.814793	0.0715591	0	0.763659	0.0520494	0.554686	0.0526069	nan	0	nan	0	0	0	0	0.698028	0.489808
chr1:37000000-37500000	chr1	37000000	1.12626	0.0205816	0.757883	0.0495282	2	0.680764	0.135447	0.745905	0.139578	0.0451491	2	nan	1	3	0	0	0.693919	0.473907
chr1:37500000-38000000	chr1	37500000	0.0510288	-0.150176	-0.274556	-0.0511572	14	1.10339	0.0536952	1.39046	-0.0544711	0.00420856	14	0.125154	11	17	0	0	0.689811	0.471641
chr1:38000000-38500000	chr1	38000000	0.827133	0.142486	0.73885	-0.121855	3	0.779662	0.0451862	0.775641	-0.0802801	0.215882	3	0.0932803	2	3	0	0	0.685703	0.461922
chr1:38500000-39000000	chr1	38500000	0.296751	0.078273	0.169559	-0.0722611	5	0.958512	-0.0824446	1.02026	-0.0525851	0.169076	5	0.0223903	3	7	0	0	0.681594	0.446787
chr1:39000000-39500000	chr1	39000000	-1.1323	0.186531	-1.17925	-0.0535206	3	1.14611	0.00703344	1.31373	-0.0203213	0.0531399	3	0.065278	3	4	0	0	0.677486	0.437885
chr1:39500000-40000000	chr1	39500000	-0.882876	0.032354	-1.14371	-0.0299631	10	1.23873	0.0756226	1.34294	0.0501386	0.083797	9	0.143868	6	12	0	0.25	0.673377	0.47502
chr1:40000000-40500000	chr1	40000000	-1.18713	0.0256588	-1.35944	0.11265	9	1.10566	0.0550717	1.25586	-0.0169975	-0.0564709	8	0.0625236	8	13	0	0.25	0.669269	0.426882
chr1:40500000-41000000	chr1	40500000	-0.93238	-0.0545864	-1.00784	-0.044035	7	1.22405	-0.0487475	1.18989	0.0106694	-0.0448288	7	0.106244	7	13	0	0.25	0.66516	0.464234
chr1:41000000-41500000	chr1	41000000	-0.734489	-0.159535	-0.994407	-0.0229001	4	1.0912	0.00283573	1.00176	-0.0346967	0.0746601	4	-0.03966	4	7	0	0.25	0.661052	0.454102
chr1:41500000-42000000	chr1	41500000	-0.617271	-0.0203377	-0.842917	-0.154566	2	0.99028	0.0135262	1.00528	0.11809	nan	1	nan	1	3	0	0.25	0.656943	0.472081
chr1:42000000-42500000	chr1	42000000	-0.841773	0.0988108	-1.01125	-0.0538113	7	0.896343	0.14187	1.08535	-0.13404	-0.16268	5	-0.0495948	5	6	0	0.25	0.652835	0.40924
chr1:42500000-43000000	chr1	42500000	-0.854301	0.0884322	-0.901549	-0.206134	10	1.17166	-0.0868537	1.21859	-0.0333769	0.11836	8	0.100048	10	12	0	0.25	0.648726	0.437709
chr1:43000000-43500000	chr1	43000000	-0.722818	-0.0716624	-1.22923	0.0886154	12	1.2711	0.0186689	1.25712	0.0223609	0.155054	9	0.043382	9	12	0	0.25	0.644618	0.465902
chr1:43500000-44000000	chr1	43500000	-0.764716	-0.119639	-1.13242	-0.00911325	9	1.39321	-0.0848606	1.27552	-0.023572	-0.0563708	9	0.00431412	9	14	0	0	0.640509	0.483599
chr1:44000000-44500000	chr1	44000000	-0.554307	-0.119503	-0.758527	-0.326168	6	1.25753	0.0292596	1.03335	-0.0353548	0.0530099	4	0.0973505	4	6	0	0	0.636401	0.458032
chr1:44500000-45000000	chr1	44500000	-0.404145	-0.275381	-0.620167	-0.307029	12	1.22815	0.122651	1.32925	-0.0138847	0.208625	10	0.0530802	9	14	0	0	0.632293	0.473821
chr1:45000000-45500000	chr1	45000000	-0.390833	-0.170176	-0.405896	-0.438309	7	0.904681	-0.101854	1.17871	-0.0702411	-0.0815711	7	0.148764	7	7	0	0	0.628184	0.426077
chr1:45500000-46000000	chr1	45500000	-1.06952	-0.136524	-1.1448	-0.0307317	10	1.12752	-0.0939272	1.26022	-0.0578687	0.0490772	10	-0.0194343	10	7	0	0	0.624076	0.426081
chr1:46000000-46500000	chr1	46000000	-0.531732	0.0238346	-0.716108	-0.163629	11	0.933665	0.0743021	1.26714	0.0057307	0.137875	10	0.00655817	8	13	0	0	0.619967	0.472252
chr1:46500000-47000000	chr1	46500000	0.795435	0.0516694	0.63011	-0.0296978	9	-0.577195	0.427651	0.399433	-0.00872628	-0.10466	4	-0.0206355	4	7	0	0.75	0.615859	0.441297
chr1:47000000-47500000	chr1	47000000	0.697604	0.013083	0.514425	-0.0114607	9	-0.654356	0.49708	0.345389	0.111157	0.0950366	6	-0.0529651	3	11	0	0.75	0.61175	0.441205
chr1:47500000-48000000	chr1	47500000	1.4144	0.0866837	1.00314	0.0714195	1	-0.13062	0.243785	-0.311377	-0.102123	nan	1	nan	1	8	0	0.75	0.607642	0.479622
chr1:48000000-48500000	chr1	48000000	1.27199	0.239812	1.37581	-0.0175468	2	-1.27229	0.14941	-0.897896	-0.0857832	nan	1	nan	1	1	0	0.75	0.603533	0.410235
chr1:48500000-49000000	chr1	48500000	1.43138	0.417026	1.32927	-0.0376425	1	-1.36217	0.230651	-1.03681	-0.0587935	nan	1	nan	1	2	0	0.75	0.599425	0.421772
chr1:49000000-49500000	chr1	49000000	1.25324	0.228115	1.14279	0.379848	0	-1.80713	0.0876655	-1.22585	0.0359395	nan	0	nan	0	0	0	0.75	0.595316	0.381559
chr1:49500000-50000000	chr1	49500000	0.992712	0.497266	1.15132	0.191205	0	-1.85295	0.119386	-1.25388	-0.0168939	nan	0	nan	0	0	0	0.75	0.591208	0.369461
chr1:50000000-50500000	chr1	50000000	1.09147	0.277965	0.93255	0.114515	3	-1.62355	0.235048	-0.998212	0.0821525	nan	1	nan	0	10	0	0	0.587099	0.417644
chr1:50500000-51000000	chr1	50500000	0.176741	-0.126403	0.46908	-0.0310779	2	-1.45527	0.20827	-0.00833089	0.140604	-0.0153866	2	0.10434	2	3	0	0	0.582991	0.381881
chr1:51000000-51500000	chr1	51000000	-0.365048	-0.109712	-0.299922	-0.148586	3	-1.08872	0.397182	0.577935	0.065922	-0.177445	2	-0.0524992	2	3	0	0	0.578882	0.412314
chr1:51500000-52000000	chr1	51500000	-1.14792	0.185149	-1.00593	-0.09214	4	0.35263	0.151048	0.989895	0.0271382	0.0117706	4	-0.0381203	4	5	0	0	0.574774	0.409605
chr1:52000000-52500000	chr1	52000000	-1.09363	0.0709183	-1.13856	-0.0950803	7	0.84136	0.0804143	0.985116	0.0216505	0.0631942	7	0.0812715	7	7	0	0	0.570666	0.418383
chr1:52500000-53000000	chr1	52500000	-0.923808	0.0717589	-1.08588	-0.20897	8	1.17987	-0.166225	1.11621	0.00434777	-0.00984106	7	0.095588	6	8	0	0	0.566557	0.429899
chr1:53000000-53500000	chr1	53000000	-0.730789	-0.0117123	-0.951868	-0.0322627	7	1.26277	-0.0306723	0.903857	-0.00152109	0.092714	6	0.0311798	5	11	0	0	0.562449	0.480431
chr1:53500000-54000000	chr1	53500000	-0.933576	0.0574281	-1.04603	-0.138591	6	1.27965	0.0562249	0.987551	-0.0571789	0.116683	5	-0.0174002	3	4	0	0	0.55834	0.46388
chr1:54000000-54500000	chr1	54000000	-0.49878	-0.0196522	-0.829731	-0.144571	7	1.1684	-0.104055	0.793402	-0.0203029	0.0741937	5	-0.0392293	5	10	0	0	0.554232	0.486782
chr1:54500000-55000000	chr1	54500000	-0.565949	-0.00842364	-0.493933	-0.362885	10	1.31505	-0.0578989	0.707558	-0.206405	0.0117978	9	0.0336241	4	9	0	0	0.550123	0.483107
chr1:55000000-55500000	chr1	55000000	-0.460666	0.0286368	-0.51151	-0.354206	2	1.07791	-0.147178	-0.22994	-0.00193035	-0.14952	2	0.095939	2	2	0	0	0.546015	0.425427
chr1:55500000-56000000	chr1	55500000	-0.189462	0.339929	-0.114588	-0.040425	0	0.771544	-0.0577926	-0.924367	0.077903	nan	0	nan	0	0	0	0.5	0.541906	0.40215
chr1:56000000-56500000	chr1	56000000	0.148341	-0.0893191	-0.0351098	-0.160581	0	0.829412	-0.116774	-0.488018	0.092793	nan	0	nan	0	1	0	0.5	0.537798	0.405256
chr1:56500000-57000000	chr1	56500000	-0.191026	0.265457	-0.191337	0.139869	5	0.90914	-0.280349	-0.888509	-0.0380872	0.107995	2	-0.0569523	3	2	0	0.5	0.533689	0.404175
chr1:57000000-57500000	chr1	57000000	0.57071	0.395073	0.50383	0.033992	1	0.715366	-0.301937	-0.973004	-0.0139201	nan	1	nan	1	1	0	0.5	0.529581	0.408463
chr1:57500000-58000000	chr1	57500000	0.714809	0.229167	0.654832	0.0418767	0	0.496339	-0.535508	-1.0531	0.0372475	nan	0	nan	0	0	0	0.5	0.525472	0.403177
chr1:58000000-58500000	chr1	58000000	0.601838	0.326811	0.68769	-0.0098122	0	0.430379	-0.281153	-0.439568	0.114759	nan	0	nan	0	1	0	0.5	0.521364	0.417726
chr1:58500000-59000000	chr1	58500000	-0.647451	0.081375	-0.437393	-0.403922	4	0.483245	-0.0433001	0.211965	0.192672	-0.151943	3	0.03475	3	7	0	0	0.517256	0.416714
chr1:59000000-59500000	chr1	59000000	-0.699945	0.145092	-0.510873	-0.27496	1	0.428107	-0.0488437	-0.296776	0.245359	nan	1	nan	1	2	0	0	0.513147	0.40962
chr1:59500000-60000000	chr1	59500000	-0.0854557	-0.00417859	-0.253944	0.0658443	2	-0.028074	-0.0453394	-0.930224	0.0497783	0.0771032	2	-0.161162	2	2	0	0	0.509039	0.396181
chr1:60000000-60500000	chr1	60000000	0.380336	0.462378	0.433991	0.265576	1	-1.25592	-0.0316355	-1.39732	-0.0949971	nan	0	nan	0	1	0	0	0.50493	0.376733
chr1:60500000-61000000	chr1	60500000	0.736598	0.278226	0.628104	0.208832	0	-1.1216	0.0276435	-1.34894	-0.00158315	nan	0	nan	0	0	0	0	0.500822	0.395193
chr1:61000000-61500000	chr1	61000000	0.0554386	0.255691	0.168195	0.291251	1	-0.106673	-0.0521286	-1.298	0.00731174	nan	1	nan	1	5	0	0.5	0.496713	0.396923
chr1:61500000-62000000	chr1	61500000	0.357774	0.0169438	0.467438	-0.138845	2	-0.257078	0.0553046	-0.998865	0.0553177	-0.0924459	2	0.0367374	2	3	0	0.5	0.492605	0.404387
chr1:62000000-62500000	chr1	62000000	0.112915	0.0160176	0.228246	-0.225005	3	0.422588	-0.0778482	-0.551115	0.0458733	-0.0845136	2	-0.0587448	2	3	0	0.5	0.488496	0.431961
chr1:62500000-63000000	chr1	62500000	-0.170979	-0.121978	-0.0400374	0.15288	3	0.415941	-0.198374	0.150619	0.0575573	-0.17305	2	-0.118715	2	1	0	0.5	0.484388	0.380901
chr1:63000000-63500000	chr1	63000000	0.384529	0.065442	0.326545	0.0458418	2	0.165151	-0.57281	-0.566785	0.00638776	0.104123	2	nan	1	3	0	0.5	0.480279	0.397256
chr1:63500000-64000000	chr1	63500000	-0.786196	0.143352	-0.594137	-0.250645	4	0.403674	-0.263866	-0.566472	0.124584	-0.194402	4	-0.00265922	4	2	0	0.5	0.476171	0.409929
chr1:64000000-64500000	chr1	64000000	-0.513792	-0.0341895	-0.267001	-0.542714	2	0.583254	-0.141133	-1.01369	0.127693	nan	1	nan	1	1	0	0.5	0.472062	0.407837
chr1:64500000-65000000	chr1	64500000	-0.569356	0.181149	-0.33372	-0.149492	2	0.556284	-0.158698	-0.896119	-0.00428273	0.028478	2	-0.0537011	2	3	0	0.5	0.467954	0.405222
chr1:65000000-65500000	chr1	65000000	-0.121103	0.197929	0.0102897	-0.112169	4	0.130028	-0.0925144	-0.87783	-0.0911631	-0.144008	4	-0.167756	4	7	0	0.5	0.463846	0.412272
chr1:65500000-66000000	chr1	65500000	0.112768	0.0752748	0.16494	0.143056	1	-1.07215	-0.150641	-1.51014	0.148327	nan	1	nan	1	2	0	0.5	0.459737	0.373631
chr1:66000000-66500000	chr1	66000000	-0.307143	0.141809	-0.134821	0.126521	0	-1.14039	-0.0471533	-0.629973	-0.0045682	nan	0	nan	0	0	0	0.5	0.455629	0.382708
chr1:66500000-67000000	chr1	66500000	-0.905255	0.0975197	-0.597963	0.103667	5	-0.530373	-0.167165	-0.908807	0.0220211	0.0867149	4	-0.315736	2	4	0	0.5	0.45152	0.373551
chr1:67000000-67500000	chr1	67000000	-0.650066	0.087687	-0.683351	-0.208615	5	0.151511	-0.149634	-0.00206738	-0.000665784	0.205215	2	-0.0458806	2	3	0	0.5	0.447412	0.402495
chr1:67500000-68000000	chr1	67500000	-0.793537	0.0527133	-0.686396	-0.159002	2	-0.036276	-0.0546135	-0.917038	-0.152915	-0.11695	2	-0.096977	2	2	0	0.5	0.443303	0.415638
chr1:68000000-68500000	chr1	68000000	-0.774268	0.130768	-0.711194	0.101356	4	-0.708414	0.0440844	-1.41287	0.0179091	-0.0787712	4	0.0526711	4	6	0	0.5	0.439195	0.399135
chr1:68500000-69000000	chr1	68500000	0.419965	0.114179	0.591088	-0.0214719	0	-1.70444	0.158165	-1.54241	0.0125684	nan	0	nan	0	0	0	0	0.435086	0.372829
chr1:69000000-69500000	chr1	69000000	0.283753	0.109949	0.449482	0.23393	0	-1.6379	0.135932	-1.55141	0.00789786	nan	0	nan	0	0	0	0	0.430978	0.369223
chr1:69500000-70000000	chr1	69500000	-0.147662	0.0918412	0.270895	0.0534715	1	-1.71349	0.0750874	-1.54163	0.0833203	nan	1	nan	1	2	0	1	0.426869	0.354257
chr1:70000000-70500000	chr1	70000000	-0.687589	0.161044	-0.21409	0.00962243	4	-1.02478	0.201778	-0.235433	-0.0722841	-0.00901771	4	-0.0387244	4	3	0	1	0.422761	0.373672
chr1:70500000-71000000	chr1	70500000	0.828366	0.447383	1.01094	0.170376	0	-1.52689	0.173994	-1.47569	-0.048428	nan	0	nan	0	0	0	1	0.418652	0.379955
chr1:71000000-71500000	chr1	71000000	0.864245	0.257625	1.07	0.177993	2	-1.76404	0.107741	-1.49235	0.0133862	-0.0260074	2	-0.0850223	2	2	0	1	0.414544	0.3683
chr1:71500000-72000000	chr1	71500000	0.30737	0.220689	0.586772	0.499897	0	-1.59536	-0.0280083	-1.54941	-0.00373499	nan	0	nan	0	0	0	1	0.410435	0.355256
chr1:72000000-72500000	chr1	72000000	-0.134235	0.17743	0.137546	0.373879	1	-1.66637	0.140251	-1.38914	-0.0190593	nan	1	nan	1	1	0	1	0.406327	0.344142
chr1:72500000-73000000	chr1	72500000	0.33946	0.108874	0.448126	0.457759	0	-1.57109	0.0751865	-0.975359	-0.563637	nan	0	nan	0	0	0	1	0.402219	0.350268
chr1:73000000-73500000	chr1	73000000	0.382355	0.45834	0.80199	0.57903	0	-1.56868	0.0460386	-1.46587	-0.0394339	nan	0	nan	0	0	0	1	0.39811	0.349013
chr1:73500000-74000000	chr1	73500000	0.441917	0.29303	0.65157	0.347791	0	-1.38107	-0.107853	-1.53954	-0.00425904	nan	0	nan	0	0	0	1	0.394002	0.355673
chr1:74000000-74500000	chr1	74000000	0.364101	0.344767	0.486363	0.54573	3	-0.591954	-0.310201	-1.40357	0.0132101	0.145508	2	0.0599914	3	1	0	1	0.389893	0.355345
chr1:74500000-75000000	chr1	74500000	1.07886	-0.0757296	0.97605	0.193536	4	-1.51302	0.188774	-1.29841	0.0318025	0.0644297	2	0.262446	3	0	0	1	0.385785	0.372796
chr1:75000000-75500000	chr1	75000000	0.873304	0.264522	1.10288	0.349259	1	-1.58784	-0.00447872	-1.45075	-0.0600808	nan	0	nan	1	5	0	1	0.381676	0.373399
chr1:75500000-76000000	chr1	75500000	0.674881	0.0128506	0.824148	0.0993332	5	-1.6024	0.13514	-0.775859	-0.00196657	0.0187645	3	-0.187298	3	4	0	1	0.377568	0.37998
chr1:76000000-76500000	chr1	76000000	0.853072	0.224569	0.873794	0.0260674	1	-1.15713	-0.0651797	-1.385	-0.0679608	nan	1	nan	1	0	0	1	0.373459	0.390035
chr1:76500000-77000000	chr1	76500000	0.879706	0.35191	1.06649	0.112422	1	-1.44865	-0.0486524	-1.40628	-0.0807556	nan	1	nan	1	1	0	1	0.369351	0.383197
chr1:77000000-77500000	chr1	77000000	0.103636	-0.102654	0.370929	-0.1902	2	-1.23538	-0.0477375	-1.12222	-0.0554275	-0.0694617	2	nan	1	2	0	1	0.365242	0.382665
chr1:77500000-78000000	chr1	77500000	-1.02496	0.0815137	-0.724875	0.0884129	5	-0.357458	0.0543812	0.247859	0.0272812	-0.177366	5	0.00982864	4	6	0	1	0.361134	0.391578
chr1:78000000-78500000	chr1	78000000	-0.181206	0.0223266	-0.204207	0.123981	3	-1.44289	0.0321064	-1.3073	-0.00697887	0.169665	3	nan	1	2	0	1	0.357025	0.383979
chr1:78500000-79000000	chr1	78500000	0.136681	-0.359813	0.157981	0.0195426	2	-1.51951	-0.0138559	-1.50636	0.00418525	nan	1	nan	0	0	0	1	0.352917	0.362662
chr1:79000000-79500000	chr1	79000000	0.122706	-0.20567	0.169351	0.178389	1	-1.47644	0.014572	-1.42374	0.0226178	nan	1	nan	1	1	0	1	0.348809	0.355479
chr1:79500000-80000000	chr1	79500000	0.124958	0.163546	0.520493	0.0967353	0	-1.31216	0.102592	-1.48195	-0.021083	nan	0	nan	0	0	0	1	0.3447	0.357252
chr1:80000000-80500000	chr1	80000000	-0.0434213	0.31885	0.601978	-0.0794268	0	-1.40024	0.012416	-1.43952	-0.0376035	nan	0	nan	0	1	0	1	0.340592	0.351087
chr1:80500000-81000000	chr1	80500000	-0.0741019	0.349611	0.381267	0.0325705	0	-1.47638	-0.0114344	-1.53641	0.00121003	nan	0	nan	0	0	0	1	0.336483	0.34991
chr1:81000000-81500000	chr1	81000000	-0.330245	0.0625169	-0.13496	-0.0533292	0	-0.865927	-0.226452	-1.53875	0.000705063	nan	0	nan	0	0	0	1	0.332375	0.366921
chr1:81500000-82000000	chr1	81500000	-0.576656	-0.398224	-0.302922	-0.202023	1	-0.382488	-0.120839	-1.37531	0.0277883	nan	1	nan	1	1	0	1	0.328266	0.367555
chr1:82000000-82500000	chr1	82000000	-0.172315	0.225799	-0.04063	0.153495	0	-0.648483	-0.129442	-1.36161	0.176179	nan	0	nan	0	0	0	1	0.324158	0.370523
chr1:82500000-83000000	chr1	82500000	-0.0514666	0.201309	0.20712	0.0674494	0	-0.669741	0.0100141	-1.5285	0.144559	nan	0	nan	0	0	0	1	0.320049	0.359956
chr1:83000000-83500000	chr1	83000000	0.0982733	0.0555004	0.271766	-0.0202218	0	-0.72727	0.16045	-0.613193	0.0950294	nan	0	nan	0	0	0	1	0.315941	0.367816
chr1:83500000-84000000	chr1	83500000	0.1968	-0.0169846	0.0909765	-0.0297042	1	-0.613397	-0.0577733	-1.04256	-0.275227	nan	1	nan	1	2	0	1	0.311832	0.379724
chr1:84000000-84500000	chr1	84000000	-0.892433	-0.214102	-0.527017	-0.125881	4	-0.911102	0.0739672	-1.071	-0.0537142	-0.0433557	3	-0.00382739	3	3	0	1	0.307724	0.375615
chr1:84500000-85000000	chr1	84500000	-0.662742	0.049325	-0.750285	0.0420994	6	-0.418224	0.109239	-0.109092	-0.165734	0.115797	6	-0.0308362	5	8	0	0	0.303615	0.401458
chr1:85000000-85500000	chr1	85000000	-0.825796	-0.128051	-0.489681	-0.0749417	6	-0.60107	0.095929	-0.646603	-0.179075	-0.0323538	6	-0.00472249	5	5	0	0	0.299507	0.396021
chr1:85500000-86000000	chr1	85500000	-0.576376	-0.117742	-0.428205	0.163401	2	-1.49435	0.17363	-0.273286	-0.13926	-0.0714735	2	0.184782	2	4	0	0	0.295399	0.379718
chr1:86000000-86500000	chr1	86000000	-0.100754	0.0572785	0.108247	0.125179	4	-1.57238	0.13861	-0.9885	0.0976959	0.164817	3	-0.1679	2	3	0	0	0.29129	0.375392
chr1:86500000-87000000	chr1	86500000	-0.445476	0.0359835	-0.0912601	-0.0300322	4	-0.81902	0.146282	-0.21046	-0.0660937	0.217679	3	-0.063268	3	3	0	0	0.287182	0.386437
chr1:87000000-87500000	chr1	87000000	0.0432241	0.161372	0.181112	-0.0938319	1	0.0791873	-0.0577723	-0.454683	0.0497422	nan	1	nan	1	6	0	0	0.283073	0.403043
chr1:87500000-88000000	chr1	87500000	0.0395006	0.134577	0.0518127	0.232375	0	0.361372	-0.120996	-1.35391	0.133771	nan	0	nan	0	0	0	0	0.278965	0.382232
chr1:88000000-88500000	chr1	88000000	0.418635	0.169681	0.443541	0.157559	0	-0.066345	-0.0790717	-1.52495	-0.0237031	nan	0	nan	0	1	0	0.75	0.274856	0.374174
chr1:88500000-89000000	chr1	88500000	-0.311277	0.0122418	0.0349361	0.0786103	4	0.152844	0.0382266	-0.138979	-0.048191	0.0380155	4	0.0752315	4	3	0	0.75	0.270748	0.380861
chr1:89000000-89500000	chr1	89000000	0.558645	0.123507	0.577493	0.261101	7	0.153394	-0.285799	0.2579	0.0691967	0.000932172	6	-0.0227572	4	0	0	0.75	0.266639	0.390102
chr1:89500000-90000000	chr1	89500000	-0.248382	-0.166917	-0.123653	-0.10866	5	0.0108984	0.0665596	0.599206	-0.120695	0.0264978	4	-0.108546	4	6	0	0.75	0.262531	0.402232
chr1:90000000-90500000	chr1	90000000	0.662878	0.212453	0.765588	0.265472	0	-1.34976	0.0528919	0.174226	0.183875	nan	0	nan	0	0	0	0.75	0.258422	0.384381
chr1:90500000-91000000	chr1	90500000	0.332802	0.34673	0.600588	0.0813066	1	-1.06662	0.0123506	-0.340816	0.204659	nan	0	nan	0	9	0	0.75	0.254314	0.389575
chr1:91000000-91500000	chr1	91000000	0.88801	0.0497222	0.784231	-0.0287627	2	-1.27784	0.0975477	-0.780507	-0.0215914	-0.025597	2	0.073082	2	2	0	0.75	0.250205	0.393887
chr1:91500000-92000000	chr1	91500000	-0.0869223	0.110334	-0.0119962	-0.227495	3	-0.493301	0.126449	-0.835357	-0.162261	-0.0213473	2	-0.0142414	2	6	0	0	0.246097	0.419714
chr1:92000000-92500000	chr1	92000000	-0.101812	-0.233582	0.0429559	-0.274432	7	-1.04568	0.242699	-0.5798	-0.0238107	0.034895	6	0.0363532	5	5	0	0	0.241988	0.392017
chr1:92500000-93000000	chr1	92500000	-0.845401	-0.00551916	-0.686497	-0.243435	3	-0.413511	0.236764	0.247403	0.107536	0.218817	3	-0.0316764	3	3	0	0	0.23788	0.395189
chr1:93000000-93500000	chr1	93000000	-1.1741	-0.00147781	-1.16686	0.0837183	5	0.187156	0.339644	0.436378	-0.040212	-0.0938793	5	-0.115472	5	4	0	0	0.233772	0.387319
chr1:93500000-94000000	chr1	93500000	-0.871799	0.147352	-0.815779	0.0149895	3	0.412457	0.202727	-0.334118	-0.0481373	0.0106549	3	0.0606493	3	5	0	0	0.229663	0.427027
chr1:94000000-94500000	chr1	94000000	-1.15076	0.24707	-1.14617	0.197703	3	0.424085	0.151609	-1.17923	-0.100436	-0.134661	3	-0.0642897	2	3	0	0	0.225555	0.409553
chr1:94500000-95000000	chr1	94500000	-0.739488	-0.138502	-0.866549	-0.158115	3	0.338941	0.173862	-1.28597	0.106045	-0.222879	3	0.0893066	3	3	0	0.75	0.221446	0.423167
chr1:95000000-95500000	chr1	95000000	0.207063	0.0449649	0.268487	0.0173744	3	-0.680725	0.00188456	-1.49789	-0.0181602	0.0252327	3	0.0123132	2	3	0	0.75	0.217338	0.393428
chr1:95500000-96000000	chr1	95500000	0.647794	0.2485	0.806996	0.162741	0	-1.30772	-0.0666004	-1.57316	-0.0162596	nan	0	nan	0	0	0	0.75	0.213229	0.372792
chr1:96000000-96500000	chr1	96000000	-0.0484731	0.176108	0.136363	-0.128162	0	-1.23428	-0.107228	-1.59957	0.0266708	nan	0	nan	0	0	0	0.75	0.209121	0.370985
chr1:96500000-97000000	chr1	96500000	-0.386235	-0.129077	-0.207139	-0.0584549	1	-1.007	-0.0786535	-1.33844	-0.0225835	nan	1	nan	1	1	0	0.75	0.205012	0.374416
chr1:97000000-97500000	chr1	97000000	-0.346819	-0.11808	-0.200171	0.0277176	0	-1.59276	0.0986574	-0.941108	-0.333006	nan	0	nan	0	0	0	0.75	0.200904	0.362249
chr1:97500000-98000000	chr1	97500000	-0.8512	-0.0919939	-0.162795	-0.205554	1	-1.63191	0.0624066	-0.949907	-0.306713	nan	1	nan	0	1	0	0.75	0.196795	0.343815
chr1:98000000-98500000	chr1	98000000	-0.732682	0.0367837	-0.231717	-0.236717	0	-1.60507	0.0453525	-1.5062	0.00301194	nan	0	nan	0	2	0	0.75	0.192687	0.359645
chr1:98500000-99000000	chr1	98500000	0.447089	0.19109	0.659246	0.046621	1	-1.76195	0.148022	-1.47946	0.0798242	nan	1	nan	1	1	0	0.75	0.188578	0.366759
chr1:99000000-99500000	chr1	99000000	0.497403	0.0676074	0.585618	-0.030184	2	-1.52618	0.206451	-1.50054	0.0491116	nan	1	nan	1	2	0	0.75	0.18447	0.370813
chr1:99500000-100000000	chr1	99500000	-0.185333	-0.143955	1.39479e-05	-0.240114	4	-0.682573	0.0714955	-0.132114	0.132384	-0.0893061	4	-0.000737743	4	2	0	0	0.180362	0.383193
chr1:100000000-100500000	chr1	100000000	-0.267334	-0.287237	-0.129932	-0.176672	7	0.270826	0.0337072	0.642425	0.0584156	-0.00682827	6	-0.10892	6	5	0	0	0.176253	0.385586
chr1:100500000-101000000	chr1	100500000	-0.359041	-0.212708	-0.335369	-0.00754892	4	0.00477561	-0.0280429	0.177515	0.0135843	-0.102635	4	-0.153506	3	3	0	0	0.172145	0.377646
chr1:101000000-101500000	chr1	101000000	-0.401377	-0.006132	-0.104549	-0.174384	2	-0.25672	0.0317172	0.20217	0.00320869	0.100902	2	0.0759771	2	3	0	0	0.168036	0.388799
chr1:101500000-102000000	chr1	101500000	0.537172	0.253141	0.82874	0.29437	1	-1.61715	0.080278	-1.5416	0.0231525	nan	0	nan	0	0	0	0	0.163928	0.35676
chr1:102000000-102500000	chr1	102000000	0.468569	0.229333	0.719855	0.554477	0	-1.79428	0.149498	-1.56358	-0.0138082	nan	0	nan	0	0	0	1	0.159819	0.347038
chr1:102500000-103000000	chr1	102500000	-0.101878	-0.0527171	0.138116	0.156243	0	-1.70748	0.15467	-1.57088	-0.0149882	nan	0	nan	0	0	0	1	0.155711	0.348762
chr1:103000000-103500000	chr1	103000000	-0.329075	0.208996	0.130329	0.321237	1	-1.64952	0.0980201	-1.41465	-0.00767427	nan	1	nan	1	0	0	1	0.151602	0.345009
chr1:103500000-104000000	chr1	103500000	0.183285	0.526967	0.793488	0.53668	6	-1.28457	0.0306884	-1.218	0.0162588	0.0876387	3	-0.0553723	2	1	0	1	0.147494	0.350186
chr1:104000000-104500000	chr1	104000000	0.636972	0.0853198	0.819738	0.451785	0	-1.50456	0.0760623	-1.53081	-0.0186104	nan	0	nan	0	0	0	1	0.143385	0.353192
chr1:104500000-105000000	chr1	104500000	0.278685	0.38557	0.784924	0.346313	0	-1.59483	0.055738	-1.16237	0.0736356	nan	0	nan	0	0	0	1	0.139277	0.349982
chr1:105000000-105500000	chr1	105000000	0.298807	0.189505	0.535051	0.801178	0	-1.83524	0.0846329	-1.44651	0.0946445	nan	0	nan	0	0	0	1	0.135168	0.340739
chr1:105500000-106000000	chr1	105500000	0.381642	0.0350655	0.401503	0.826563	0	-1.63711	0.0934486	-1.53658	-0.00952819	nan	0	nan	0	0	0	1	0.13106	0.34617
chr1:106000000-106500000	chr1	106000000	0.638673	0.231384	0.784437	0.549755	0	-1.62402	0.0534884	-1.52977	-0.0182625	nan	0	nan	0	1	0	1	0.126952	0.349963
chr1:106500000-107000000	chr1	106500000	0.719124	0.100781	0.69579	0.236191	0	-1.49791	-0.0488135	-1.53489	0.0151643	nan	0	nan	0	0	0	0	0.122843	0.359195
chr1:107000000-107500000	chr1	107000000	0.800053	0.106459	0.822095	0.202259	2	-1.45688	0.0350587	-1.25932	0.00834061	-0.349525	2	nan	1	4	0	0	0.118735	0.375389
chr1:107500000-108000000	chr1	107500000	0.77722	-0.0148645	0.725766	0.0887815	1	-1.40306	0.00673293	-0.3584	0.0417369	nan	1	nan	1	1	0	0	0.114626	0.383248
chr1:108000000-108500000	chr1	108000000	0.751753	-0.174652	0.485	-0.0187144	3	-1.32637	0.0809889	-0.224068	-0.057841	nan	1	nan	1	4	0	0	0.110518	0.397301
chr1:108500000-109000000	chr1	108500000	-0.344607	-0.0965543	-0.470763	0.0610658	8	-0.550849	0.201351	0.630189	-0.087878	0.0734027	6	0.0383136	5	6	0	0	0.106409	0.404959
chr1:109000000-109500000	chr1	109000000	-0.604618	-0.321163	-0.747528	-0.0853583	14	0.846172	0.0677326	1.20847	0.00855215	0.129834	13	-0.0442718	11	15	0	0	0.102301	0.454143
chr1:109500000-110000000	chr1	109500000	-0.68692	-0.0432308	-0.818371	-0.157347	13	1.14069	-0.118731	1.32288	-0.029021	-0.162078	12	0.0215886	9	10	0	0	0.0981923	0.469176
chr1:110000000-110500000	chr1	110000000	0.055737	-0.222135	-0.50259	0.10048	9	0.7445	0.114569	1.30933	0.0236683	0.0738697	7	0.0776778	6	10	0	0	0.0940838	0.474277
chr1:110500000-111000000	chr1	110500000	0.8827	0.246125	0.841761	0.00625173	5	-0.85102	0.447967	1.07506	0.0847951	0.0980188	3	nan	1	5	0	0	0.0899753	0.415286
chr1:111000000-111500000	chr1	111000000	0.53213	-0.0764829	0.570518	-0.0904655	10	-0.535431	0.593447	1.27705	-0.107607	0.27025	8	-0.0447921	7	5	0	0.5	0.0858669	0.404237
chr1:111500000-112000000	chr1	111500000	0.217198	-0.0368766	0.205207	-0.0461234	6	0.723372	0.179188	1.17593	-0.0903878	-0.013344	4	0.0878832	4	6	0	0.5	0.0817584	0.438906
chr1:112000000-112500000	chr1	112000000	0.328592	0.149048	0.186949	-0.190998	1	0.736539	0.000506412	0.387773	-0.134824	nan	1	nan	1	2	0	0.5	0.07765	0.430307
chr1:112500000-113000000	chr1	112500000	-0.79018	0.0509645	-0.836125	-0.160452	8	1.11318	0.0113413	1.03887	0.032356	0.127267	7	0.0972168	7	11	0	0.5	0.0735415	0.439538
chr1:113000000-113500000	chr1	113000000	-0.404096	0.0892208	-0.408707	-0.0347314	2	0.716766	0.0173183	0.0992804	-0.0462766	-0.116953	2	-0.0991266	2	3	0	0.5	0.069433	0.408992
chr1:113500000-114000000	chr1	113500000	-0.708153	-0.0515732	-0.0797487	-0.552497	8	0.733311	0.0505783	0.76485	-0.0103854	-0.0113824	6	0.0259224	6	4	0	0.5	0.0653246	0.389254
chr1:114000000-114500000	chr1	114000000	0.450814	-0.425582	0.218019	-0.272008	1	0.796881	0.110152	0.268781	0.227673	nan	0	nan	0	2	0	0.5	0.0612161	0.42835
chr1:114500000-115000000	chr1	114500000	-0.158349	-0.138855	-0.0214034	-0.0926067	8	0.440587	0.187008	0.591882	-0.0775847	0.0100682	6	0.0654874	6	4	0	0.5	0.0571076	0.385082
chr1:115000000-115500000	chr1	115000000	-0.258157	-0.263856	-0.304899	-0.248326	3	0.731694	-0.0631455	-0.67357	0.00994417	0.0304611	2	-0.0227175	2	2	0	0.5	0.0529992	0.420194
chr1:115500000-116000000	chr1	115500000	0.265782	-0.198762	0.0104203	-0.196042	4	0.823698	-0.0679347	-0.433452	-0.122326	-0.256897	3	-0.240782	3	4	0	0	0.0488907	0.413737
chr1:116000000-116500000	chr1	116000000	0.0940811	-0.114974	0.12247	-0.175777	2	0.99938	-0.00230182	0.276639	0.133539	nan	1	-0.412606	2	5	0	0	0.0447823	0.419671
chr1:116500000-117000000	chr1	116500000	-0.163786	-0.058136	-0.387931	-0.120439	4	0.724489	0.116998	0.92277	-0.0592448	-0.10677	3	-0.0864214	3	5	0	0	0.0406738	0.440498
chr1:117000000-117500000	chr1	117000000	-0.350745	-0.0467244	-0.489484	0.0261262	5	0.536906	0.0376593	0.374028	-0.0515025	-0.0662334	4	-0.0655081	4	3	0	0.5	0.0365653	0.405862
chr1:117500000-118000000	chr1	117500000	0.261965	-0.368357	0.0135197	-0.0300249	3	-0.202627	0.225362	-0.280376	0.0866859	-0.10185	3	0.0126937	3	2	0	0.5	0.0324569	0.406642
chr1:118000000-118500000	chr1	118000000	0.647908	0.266701	0.552174	0.478129	1	-1.03574	0.366686	-1.30539	0.0471906	nan	0	nan	0	1	0	0.5	0.0283484	0.377466
chr1:118500000-119000000	chr1	118500000	0.830806	0.233407	0.621993	0.269184	1	-1.0962	0.394372	-1.38509	0.108188	nan	1	nan	0	5	0	0.5	0.0242399	0.382191
chr1:119000000-119500000	chr1	119000000	0.741637	-0.0808151	0.662775	-0.137767	3	-0.557525	0.45233	-0.861497	-0.0110224	-0.88249	2	nan	1	5	0	0.5	0.0201315	0.409666
chr1:119500000-120000000	chr1	119500000	-0.359906	-0.0258582	-0.32534	-0.0759582	6	0.374899	0.0895985	-0.684396	0.0778247	-0.355865	2	0.00519306	2	6	0	0.5	0.016023	0.424589
chr1:120000000-120500000	chr1	120000000	-1.07843	0.249436	-0.904783	-0.118818	3	nan	nan	0.0821801	-0.00262021	-0.159679	3	-0.0596466	3	7	0	0.5	0.0119145	0.406365
chr1:120500000-121000000	chr1	120500000	-0.917229	0.25722	-0.711995	-0.0464023	3	nan	nan	0.0821801	-0.00262021	0.137158	2	nan	1	10	0	0	0.00780608	0.406892
chr1:121000000-121500000	chr1	121000000	-0.580814	0.267629	-0.181421	0.0811788	2	-1.46373	0.407101	nan	nan	0.0458523	2	-0.10716	2	7	0	0	0.00369762	0.410715
chr1:121500000-122000000	chr1	121500000	nan	nan	nan	nan	0	-1.70486	0.466951	nan	nan	nan	0	nan	0	1	0.047082	nan	0	0.411165
chr1:122000000-122500000	chr1	122000000	nan	nan	nan	nan	0	nan	nan	nan	nan	nan	0	nan	0	0	0.053118	nan	0	0.418092
chr1:122500000-123000000	chr1	122500000	nan	nan	nan	nan	0	nan	nan	nan	nan	nan	0	nan	0	0	0.0002	nan	0	0.392501
chr1:123000000-123500000	chr1	123000000	nan	nan	nan	nan	0	nan	nan	nan	nan	nan	0	nan	0	0	0	nan	0	0.392024
chr1:123500000-124000000	chr1	123500000	nan	nan	nan	nan	0	nan	nan	nan	nan	nan	0	nan	0	0	0	nan	0	0.392105
chr1:124000000-124500000	chr1	124000000	nan	nan	nan	nan	0	nan	nan	nan	nan	nan	0	nan	0	0	0	nan	0	0.392447
chr1:124500000-125000000	chr1	124500000	nan	nan	nan	nan	0	nan	nan	nan	nan	nan	0	nan	0	0	0.001364	nan	0	0.399075
chr1:125000000-125500000	chr1	125000000	nan	nan	nan	nan	0	-0.687265	0.100599	nan	nan	nan	0	nan	0	2	0.639042	nan	0.00121108	nan
chr1:125500000-126000000	chr1	125500000	nan	nan	nan	nan	0	nan	nan	nan	nan	nan	0	nan	0	0	1	nan	0.00524801	nan
chr1:126000000-126500000	chr1	126000000	nan	nan	nan	nan	0	nan	nan	nan	nan	nan	0	nan	0	0	1	nan	0.00928494	nan
chr1:126500000-127000000	chr1	126500000	nan	nan	nan	nan	0	nan	nan	nan	nan	nan	0	nan	0	0	1	nan	0.0133219	nan
chr1:127000000-127500000	chr1	127000000	nan	nan	nan	nan	0	nan	nan	nan	nan	nan	0	nan	0	0	1	nan	0.0173588	nan
chr1:127500000-128000000	chr1	127500000	nan	nan	nan	nan	0	nan	nan	nan	nan	nan	0	nan	0	0	1	nan	0.0213957	nan
chr1:128000000-128500000	chr1	128000000	nan	nan	nan	nan	0	nan	nan	nan	nan	nan	0	nan	0	0	1	nan	0.0254327	nan
chr1:128500000-129000000	chr1	128500000	nan	nan	nan	nan	0	nan	nan	nan	nan	nan	0	nan	0	0	1	nan	0.0294696	nan
chr1:129000000-129500000	chr1	129000000	nan	nan	nan	nan	0	nan	nan	nan	nan	nan	0	nan	0	0	1	nan	0.0335065	nan
chr1:129500000-130000000	chr1	129500000	nan	nan	nan	nan	0	nan	nan	nan	nan	nan	0	nan	0	0	1	nan	0.0375435	nan
chr1:130000000-130500000	chr1	130000000	nan	nan	nan	nan	0	nan	nan	nan	nan	nan	0	nan	0	0	1	nan	0.0415804	nan
chr1:130500000-131000000	chr1	130500000	nan	nan	nan	nan	0	nan	nan	nan	nan	nan	0	nan	0	0	1	nan	0.0456173	nan
chr1:131000000-131500000	chr1	131000000	nan	nan	nan	nan	0	nan	nan	nan	nan	nan	0	nan	0	0	1	nan	0.0496543	nan
chr1:131500000-132000000	chr1	131500000	nan	nan	nan	nan	0	nan	nan	nan	nan	nan	0	nan	0	0	1	nan	0.0536912	nan
chr1:132000000-132500000	chr1	132000000	nan	nan	nan	nan	0	nan	nan	nan	nan	nan	0	nan	0	0	1	nan	0.0577281	nan
chr1:132500000-133000000	chr1	132500000	nan	nan	nan	nan	0	nan	nan	nan	nan	nan	0	nan	0	0	1	nan	0.0617651	nan
chr1:133000000-133500000	chr1	133000000	nan	nan	nan	nan	0	nan	nan	nan	nan	nan	0	nan	0	0	1	nan	0.065802	nan
chr1:133500000-134000000	chr1	133500000	nan	nan	nan	nan	0	nan	nan	nan	nan	nan	0	nan	0	0	1	nan	0.0698389	nan
chr1:134000000-134500000	chr1	134000000	nan	nan	nan	nan	0	nan	nan	nan	nan	nan	0	nan	0	0	1	nan	0.0738759	nan
chr1:134500000-135000000	chr1	134500000	nan	nan	nan	nan	0	nan	nan	nan	nan	nan	0	nan	0	0	1	nan	0.0779128	nan
chr1:135000000-135500000	chr1	135000000	nan	nan	nan	nan	0	nan	nan	nan	nan	nan	0	nan	0	0	1	nan	0.0819497	nan
chr1:135500000-136000000	chr1	135500000	nan	nan	nan	nan	0	nan	nan	nan	nan	nan	0	nan	0	0	1	nan	0.0859867	nan
chr1:136000000-136500000	chr1	136000000	nan	nan	nan	nan	0	nan	nan	nan	nan	nan	0	nan	0	0	1	nan	0.0900236	nan
chr1:136500000-137000000	chr1	136500000	nan	nan	nan	nan	0	nan	nan	nan	nan	nan	0	nan	0	0	1	nan	0.0940605	nan
chr1:137000000-137500000	chr1	137000000	nan	nan	nan	nan	0	nan	nan	nan	nan	nan	0	nan	0	0	1	nan	0.0980975	nan
chr1:137500000-138000000	chr1	137500000	nan	nan	nan	nan	0	nan	nan	nan	nan	nan	0	nan	0	0	1	nan	0.102134	nan
chr1:138000000-138500000	chr1	138000000	nan	nan	nan	nan	0	nan	nan	nan	nan	nan	0	nan	0	0	1	nan	0.106171	nan
chr1:138500000-139000000	chr1	138500000	nan	nan	nan	nan	0	nan	nan	nan	nan	nan	0	nan	0	0	1	nan	0.110208	nan
chr1:139000000-139500000	chr1	139000000	nan	nan	nan	nan	0	nan	nan	nan	nan	nan	0	nan	0	0	1	nan	0.114245	nan
chr1:139500000-140000000	chr1	139500000	nan	nan	nan	nan	0	nan	nan	nan	nan	nan	0	nan	0	0	1	nan	0.118282	nan
chr1:140000000-140500000	chr1	140000000	nan	nan	nan	nan	0	nan	nan	nan	nan	nan	0	nan	0	0	1	nan	0.122319	nan
chr1:140500000-141000000	chr1	140500000	nan	nan	nan	nan	0	nan	nan	nan	nan	nan	0	nan	0	0	1	nan	0.126356	nan
chr1:141000000-141500000	chr1	141000000	nan	nan	nan	nan	0	nan	nan	nan	nan	nan	0	nan	0	0	1	nan	0.130393	nan
chr1:141500000-142000000	chr1	141500000	nan	nan	nan	nan	0	nan	nan	nan	nan	nan	0	nan	0	0	1	nan	0.13443	nan
chr1:142000000-142500000	chr1	142000000	nan	nan	nan	nan	0	nan	nan	nan	nan	nan	0	nan	0	0	1	nan	0.138467	nan
chr1:142500000-143000000	chr1	142500000	nan	nan	nan	nan	0	nan	nan	nan	nan	nan	0	nan	0	0	1	nan	0.142504	nan
chr1:143000000-143500000	chr1	143000000	nan	nan	nan	nan	0	nan	nan	nan	nan	nan	0	nan	0	8	0.369174	0	0.146541	0.408357
chr1:143500000-144000000	chr1	143500000	0.441718	-0.111131	0.305094	-0.0142963	2	-1.25649	0.301882	-0.570582	0.00694288	0.0972585	2	nan	1	15	0	0	0.150578	0.425291
chr1:144000000-144500000	chr1	144000000	0.0858937	-0.181235	0.208698	0.00752757	2	nan	nan	-0.266988	0.012402	-0.0141338	2	nan	1	12	0	0	0.154615	0.421544
chr1:144500000-145000000	chr1	144500000	-0.0580073	-0.0866014	-0.177561	0.209062	1	nan	nan	nan	nan	nan	0	nan	0	14	0	0	0.158651	0.424192
chr1:145000000-145500000	chr1	145000000	-0.457794	-0.17993	-0.528683	-0.165898	4	nan	nan	0.149835	-0.0119664	0.00971493	3	-0.103577	3	18	0	0	0.162688	0.425928
chr1:145500000-146000000	chr1	145500000	-0.752573	-0.033546	-0.743175	-0.353681	15	1.26364	-0.00112826	1.07567	0.0195447	0.0207447	14	-0.0700078	12	12	0	0	0.166725	0.435389
chr1:146000000-146500000	chr1	146000000	-0.836889	-0.0991436	-1.06599	0.141452	4	nan	nan	0.0821801	-0.00262021	0.226024	4	-0.0681394	2	13	0	0	0.170762	0.418586
chr1:146500000-147000000	chr1	146500000	0.32704	-0.347219	0.0849671	-0.0554516	1	nan	nan	nan	nan	nan	1	nan	1	2	0	0	0.174799	0.41647
chr1:147000000-147500000	chr1	147000000	0.460262	-0.0252776	0.462765	-0.119216	3	0.344636	0.249686	0.349696	0.125522	-0.0531696	3	-0.143752	2	10	0	0	0.178836	0.402301
chr1:147500000-148000000	chr1	147500000	0.432739	-0.235814	0.144434	-0.170251	6	0.848297	0.139031	0.345734	0.113557	-0.105283	4	0.239299	5	4	0	0.5	0.182873	0.421025
chr1:148000000-148500000	chr1	148000000	-0.381746	-0.329581	-0.555408	-0.139134	2	1.25523	-0.0927039	0.215759	-0.0279341	nan	1	nan	1	24	0	0.5	0.18691	0.42565
chr1:148500000-149000000	chr1	148500000	-1.1578	0.0894008	-0.766586	-0.254941	4	nan	nan	0.0821801	-0.00262021	0.0463098	4	-0.0613894	2	8	0	0.5	0.190947	0.407386
chr1:149000000-149500000	chr1	149000000	-0.876273	0.0556372	-1.17113	0.257789	3	nan	nan	0.0821801	-0.00262021	0.0108268	3	nan	1	6	0	0.5	0.194984	0.409132
chr1:149500000-150000000	chr1	149500000	-0.623362	-0.10286	-0.687276	0.0591665	17	1.34301	-0.0377172	0.781928	-0.0768212	0.0421212	14	-0.0726943	4	18	0	0.5	0.199021	0.431006
chr1:150000000-150500000	chr1	150000000	-1.26026	0.0533275	-1.20763	0.0963093	12	1.39993	-0.166668	1.40766	0.0766964	0.0880083	12	0.0509758	12	9	0	0.5	0.203058	0.434591
chr1:150500000-151000000	chr1	150500000	-0.973577	-0.154047	-1.21666	-0.0416888	14	1.44424	-0.0674288	1.44003	-0.00317889	0.0873345	11	-0.034059	9	8	0	0	0.207095	0.437806
chr1:151000000-151500000	chr1	151000000	-0.848232	-0.047003	-1.08011	-0.0475977	21	1.23162	-0.00395669	1.46228	0.0678165	0.0358494	19	0.0179606	19	13	0	0	0.211132	0.467514
chr1:151500000-152000000	chr1	151500000	-0.500414	-0.305839	-0.689474	-0.0411834	14	0.345303	0.0890796	1.12104	0.176391	0.119825	10	0.102577	7	10	0	0	0.215168	0.448984
chr1:152000000-152500000	chr1	152000000	0.928123	-0.044404	0.664783	0.315238	8	-1.32905	0.063913	0.0581691	0.136301	-0.111266	3	nan	1	5	0	0	0.219205	0.415733
chr1:152500000-153000000	chr1	152500000	1.4352	-0.10918	1.04293	0.210061	27	-1.45761	0.118143	0.213457	-0.0466525	nan	0	nan	0	1	0	0	0.223242	0.414646
chr1:153000000-153500000	chr1	153000000	0.998037	-0.0220068	0.734727	0.169491	18	-0.825982	0.0822433	0.830061	0.0127119	nan	0	nan	1	1	0	0	0.227279	0.425838
chr1:153500000-154000000	chr1	153500000	-0.533637	0.169949	-0.636892	-0.00123451	23	0.80921	0.0488382	1.43189	-0.139674	0.142361	22	-0.0600037	20	18	0	0	0.231316	0.479161
chr1:154000000-154500000	chr1	154000000	-0.713695	-0.149793	-1.07301	0.0804294	9	1.15961	-0.217251	1.22868	0.268401	-0.351756	6	-0.0153337	6	6	0	0	0.235353	0.459086
chr1:154500000-155000000	chr1	154500000	-0.636651	-0.201534	-0.769807	-0.163587	13	1.37301	-0.0579126	1.40238	-0.0691416	0.0346293	11	0.00889174	10	13	0	0	0.23939	0.479652
chr1:155000000-155500000	chr1	155000000	-1.25082	0.150839	-1.15634	-0.0349264	22	1.37901	0.00340263	1.37178	-0.035591	-0.0538838	19	0.00730163	18	26	0	0.5	0.243427	0.492702
chr1:155500000-156000000	chr1	155500000	-1.03163	0.0829928	-1.12701	-0.040136	10	1.47498	-0.0727349	1.42734	-0.152091	-0.0708402	9	0.0679151	9	9	0	0.5	0.247464	0.451692
chr1:156000000-156500000	chr1	156000000	-0.765153	-0.124629	-0.985698	-0.0731208	18	1.42739	-0.0274789	1.4232	0.018408	-0.167062	15	0.0695002	13	23	0	0.5	0.251501	0.503167
chr1:156500000-157000000	chr1	156500000	-0.469418	-0.118605	-0.761901	-0.0257961	18	1.20444	-0.0330487	1.41557	0.0244468	0.111003	16	0.103832	11	22	0	0	0.255538	0.508434
chr1:157000000-157500000	chr1	157000000	1.01855	-0.206827	0.735466	-0.166154	3	-0.299015	0.153636	0.445245	0.0697973	-0.400281	2	0.0305623	2	3	0	0	0.259575	0.438348
chr1:157500000-158000000	chr1	157500000	1.14234	0.304188	1.22494	0.0284554	7	-1.08676	0.0458402	-0.553671	0.0876038	nan	1	nan	1	2	0	0	0.263612	0.405629
chr1:158000000-158500000	chr1	158000000	0.948761	0.121967	0.864543	0.119885	10	-1.01427	-0.000939841	-0.919575	0.151145	nan	1	nan	1	4	0	0	0.267649	0.411362
chr1:158500000-159000000	chr1	158500000	0.989831	0.311282	1.13871	0.215462	12	-1.38476	0.0405256	-0.822052	0.0720075	nan	0	nan	1	0	0	0	0.271686	0.371526
chr1:159000000-159500000	chr1	159000000	0.965076	0.0353852	0.842387	0.254659	7	-0.948613	0.169328	-0.95937	0.0152793	0.15307	2	nan	1	2	0	0.5	0.275722	0.390802
chr1:159500000-160000000	chr1	159500000	0.813527	-0.0526709	0.561969	0.106632	11	-0.563424	0.0990492	-0.506691	0.0828051	0.149335	6	0.100921	3	6	0	0.5	0.279759	0.429776
chr1:160000000-160500000	chr1	160000000	0.0966316	0.0357002	-0.275254	-0.0346854	14	0.872134	0.0629671	0.983797	0.0859873	-0.0222867	12	-0.0813184	10	10	0	0.5	0.283796	0.4517
chr1:160500000-161000000	chr1	160500000	0.760422	0.00807181	0.775249	-0.16713	9	0.648509	0.126661	0.842172	0.0698348	-0.152593	3	nan	1	1	0	0	0.287833	0.426235
chr1:161000000-161500000	chr1	161000000	-0.677397	0.02022	-0.540186	-0.0275521	23	0.958739	0.0624919	1.27006	0.0588527	-0.0181839	19	-0.0473041	18	15	0	0	0.29187	0.476222
chr1:161500000-162000000	chr1	161500000	-0.792186	-0.05489	-0.564711	-0.190165	9	0.403068	0.119805	0.56693	-0.0338996	0.263926	5	0.073229	5	7	0	0	0.295907	0.41708
chr1:162000000-162500000	chr1	162000000	0.138024	-0.15626	0.0129844	-0.467937	6	0.412527	0.144866	-0.589855	0.024594	-0.434396	4	0.154415	4	4	0	0	0.299944	0.423967
chr1:162500000-163000000	chr1	162500000	-0.420256	-0.234856	-0.422894	-0.150137	4	0.166769	0.0678373	-0.137645	-0.0374761	-0.0453435	4	-0.0705377	4	3	0	0	0.303981	0.400689
chr1:163000000-163500000	chr1	163000000	-0.0234607	0.137815	0.150178	-0.00292506	3	0.10615	-0.183942	-1.13983	-0.103207	0.177354	3	0.0215866	3	2	0	0	0.308018	0.379281
chr1:163500000-164000000	chr1	163500000	0.686718	0.565723	0.728248	0.403864	0	-0.233686	-0.26463	-1.32772	-0.0731932	nan	0	nan	0	0	0	0	0.312055	0.373795
chr1:164000000-164500000	chr1	164000000	0.55966	0.380098	0.574406	0.44608	0	0.00946671	-0.173628	-1.30331	-0.0449904	nan	0	nan	0	1	0	0	0.316092	0.373603
chr1:164500000-165000000	chr1	164500000	0.314197	-0.200664	0.0934154	0.0276682	1	0.406771	-0.0139834	-1.27624	-0.0263495	nan	1	nan	1	1	0	0	0.320129	0.41448
chr1:165000000-165500000	chr1	165000000	1.01461	0.209644	0.999063	0.0302798	2	0.27821	-0.185562	-1.13007	-0.0492217	nan	1	nan	1	5	0	0	0.324166	0.42391
chr1:165500000-166000000	chr1	165500000	0.519163	-0.0809466	0.593862	-0.290364	5	-0.208053	0.0134805	-0.264368	-0.122669	0.241377	5	-0.019275	4	6	0	0.5	0.328203	0.418439
chr1:166000000-166500000	chr1	166000000	1.28219	0.392115	1.14209	0.290339	1	-1.05024	-0.0985692	-1.1636	0.0186614	nan	0	nan	1	1	0	0.5	0.33224	0.41286
chr1:166500000-167000000	chr1	166500000	0.710711	0.208553	0.802148	0.0887173	4	-0.695649	-0.0780448	-1.06949	-0.0170398	-0.150625	3	-0.021512	4	7	0	0.5	0.336276	0.391344
chr1:167000000-167500000	chr1	167000000	0.207413	-0.353889	0.0683376	-0.0968262	3	0.383935	0.0171191	0.378697	0.0301205	0.378705	2	0.0361028	2	4	0	0	0.340313	0.414799
chr1:167500000-168000000	chr1	167500000	-0.425671	0.00711594	-0.40497	-0.225644	7	0.773246	-0.110693	0.757904	-0.0170637	0.0455218	6	0.00316367	6	8	0	0	0.34435	0.424356
chr1:168000000-168500000	chr1	168000000	-0.164702	0.108965	-0.153292	-0.255838	4	0.703365	-0.219728	0.556317	-0.0869086	-0.116166	4	-0.027921	4	4	0	0	0.348387	0.413768
chr1:168500000-169000000	chr1	168500000	0.262863	0.324333	0.334004	-0.070497	3	0.294463	-0.557858	-0.442297	-0.153301	nan	0	nan	0	0	0	0	0.352424	0.393514
chr1:169000000-169500000	chr1	169000000	-0.0974506	0.04242	0.114873	-0.00606908	5	-0.0499456	-0.322517	-0.217006	-0.166405	-0.105144	5	-0.0765354	5	3	0	0	0.356461	0.381306
chr1:169500000-170000000	chr1	169500000	0.214672	-0.0587309	0.584753	-0.00207474	7	-0.712417	-0.393119	-0.0290861	-0.0595025	0.132625	6	0.0253248	3	2	0	0	0.360498	0.384062
chr1:170000000-170500000	chr1	170000000	0.128156	0.168643	0.217024	0.129372	2	-0.753649	-0.345092	-1.02549	-0.145636	0.253582	2	nan	1	1	0	0	0.364535	0.374224
chr1:170500000-171000000	chr1	170500000	0.102119	0.0701905	0.370774	-0.031697	3	-0.884248	-0.435548	-1.18218	-0.137844	-0.446962	2	-0.374621	2	2	0	0	0.368572	0.380454
chr1:171000000-171500000	chr1	171000000	0.701269	0.134916	0.771084	-0.0206554	5	-0.758576	-0.327328	-0.936291	-0.0167846	-0.219057	2	-0.0719204	2	1	0	0.75	0.372609	0.395632
chr1:171500000-172000000	chr1	171500000	-0.102781	-0.147861	-0.0294617	-0.212852	5	-0.411109	-0.301216	-0.273838	0.122916	-0.0342063	3	0.0764636	2	5	0	0.75	0.376646	0.400211
chr1:172000000-172500000	chr1	172000000	-0.54308	-0.0244102	-0.294918	-0.0229038	2	-0.850206	-0.234642	0.121859	-0.0354341	-0.0851886	2	0.146348	2	1	0	0.75	0.380683	0.375876
chr1:172500000-173000000	chr1	172500000	-0.566888	-0.0114656	-0.188832	-0.118698	2	-0.633446	-0.467703	-0.12598	-0.0496028	nan	1	nan	1	1	0	0.75	0.38472	0.38601
chr1:173000000-173500000	chr1	173000000	0.133011	-0.352133	0.147675	-0.334247	3	-0.90507	-0.412918	0.266433	0.16482	0.162893	3	0.0533878	2	1	0	0	0.388757	0.393757
chr1:173500000-174000000	chr1	173500000	-0.0262024	-0.0786881	0.00969636	-0.186327	9	-0.160149	-0.353897	0.709447	-0.0373394	-0.0890202	6	-0.0457514	5	3	0	0	0.392794	0.395882
chr1:174000000-174500000	chr1	174000000	-0.0268662	-0.104377	0.32681	-0.283918	3	-0.563736	-0.431766	0.193597	0.328886	0.0572199	2	-0.000770474	2	2	0	0	0.39683	0.381231
chr1:174500000-175000000	chr1	174500000	0.527309	-0.289768	0.631863	-0.361857	1	-0.853505	-0.495608	0.433269	0.247783	nan	1	nan	1	1	0	0	0.400867	0.386076
chr1:175000000-175500000	chr1	175000000	1.44098	-0.0923905	1.20652	-0.0254465	3	-0.380852	-0.308424	-0.247722	0.293692	-0.0463778	2	-0.0228183	2	3	0	0	0.404904	0.429434
chr1:175500000-176000000	chr1	175500000	1.26033	-0.053454	1.05244	-0.093947	1	0.1035	-0.437176	-0.74643	0.0426055	nan	1	nan	0	1	0	0	0.408941	0.429729
chr1:176000000-176500000	chr1	176000000	0.464508	0.285026	0.659558	0.276966	2	-0.44596	-0.478909	-0.752775	0.0728834	-0.132736	2	-0.112662	2	1	0	0.5	0.412978	0.379458
chr1:176500000-177000000	chr1	176500000	1.00228	0.482723	0.898789	-0.0244335	0	-0.143241	-0.251216	-1.16971	-0.0235773	nan	0	nan	0	0	0	0.5	0.417015	0.401853
chr1:177000000-177500000	chr1	177000000	1.02106	0.149299	0.80074	0.155639	2	0.349848	-0.300053	-1.27697	0.0815699	nan	1	0.350657	2	3	0	0.5	0.421052	0.4094
chr1:177500000-178000000	chr1	177500000	1.06067	-0.03296	0.846712	0.00324955	1	0.164582	-0.472601	-1.28363	0.0639555	nan	1	nan	0	0	0	0.5	0.425089	0.406317
chr1:178000000-178500000	chr1	178000000	-1.15598	0.037339	-0.961596	0.042402	2	0.500684	-0.0340432	-1.05547	0.238598	nan	1	nan	1	3	0	0.5	0.429126	0.386164
chr1:178500000-179000000	chr1	178500000	-0.271696	-0.181508	-0.399534	-0.171932	3	0.302416	-0.0734436	-0.909569	0.240512	-0.208604	2	nan	1	2	0	0.5	0.433163	0.407516
chr1:179000000-179500000	chr1	179000000	-0.361031	-0.0948531	-0.51557	0.00229566	5	0.296802	-0.251947	0.0498945	0.152313	0.104413	4	0.0792354	5	5	0	0.5	0.4372	0.415385
chr1:179500000-180000000	chr1	179500000	0.0155087	0.214581	0.195755	0.0153095	6	-0.00631844	-0.0482476	-0.147615	0.15333	-0.187542	3	0.0127121	3	7	0	0.5	0.441237	0.405353
chr1:180000000-180500000	chr1	180000000	-0.492585	-0.139413	-0.446307	-0.131489	2	0.307424	0.209482	0.396606	-0.0391745	-0.0294675	2	nan	1	2	0	0.5	0.445274	0.413895
chr1:180500000-181000000	chr1	180500000	-0.222207	-0.0754395	-0.238785	0.0123979	4	0.806072	-0.0608169	0.51554	0.0524307	-0.066197	3	-0.0427504	4	5	0	0	0.449311	0.407842
chr1:181000000-181500000	chr1	181000000	0.745592	0.0105486	0.583158	-0.0724417	4	0.615351	0.0668107	0.444177	-0.131142	0.150302	4	0.052633	3	9	0	0	0.453348	0.445893
chr1:181500000-182000000	chr1	181500000	1.55476	0.0954614	1.13591	0.147148	0	-0.159752	-0.0949069	-0.346914	-0.208104	nan	0	nan	0	1	0	0	0.457384	0.420732
chr1:182000000-182500000	chr1	182000000	0.859784	0.212651	0.730443	0.287408	4	0.559513	-0.0384781	-0.29838	-0.0240466	nan	1	nan	1	3	0	0	0.461421	0.424788
chr1:182500000-183000000	chr1	182500000	0.0489205	-0.022533	-0.200798	-0.0133974	6	0.728809	0.0592582	0.872035	-0.118781	0.123753	5	-0.075657	4	5	0	0	0.465458	0.413372
chr1:183000000-183500000	chr1	183000000	-1.09021	0.0307292	-0.857312	-0.299188	4	1.05852	0.0525194	0.992015	-0.226735	-0.15215	4	0.220558	4	3	0	0	0.469495	0.418515
chr1:183500000-184000000	chr1	183500000	-1.0125	0.0760964	-0.962063	-0.0505824	4	0.794655	0.0466247	0.871973	-0.111161	0.0121573	3	0.0657083	2	1	0	0	0.473532	0.405731
chr1:184000000-184500000	chr1	184000000	-0.708641	-0.098213	-0.724657	-0.289757	3	0.673736	-0.154478	-0.0952056	-0.272784	0.165683	3	-0.0226937	3	3	0	0	0.477569	0.399407
chr1:184500000-185000000	chr1	184500000	-0.945435	0.155071	-0.874153	-0.0202282	2	0.335282	-0.128848	-0.02606	-0.00416047	-0.271257	2	nan	1	3	0	0	0.481606	0.397026
chr1:185000000-185500000	chr1	185000000	-0.874256	-0.0160227	-0.73304	-0.127881	4	-0.070377	0.118399	-0.632089	0.261331	-0.0416849	4	0.00109866	4	3	0	0	0.485643	0.386502
chr1:185500000-186000000	chr1	185500000	-0.76231	-0.0230905	-0.512988	-0.0872755	1	-0.886216	0.123555	-1.37159	-0.11752	nan	1	nan	1	0	0	0	0.48968	0.37141
chr1:186000000-186500000	chr1	186000000	-0.663483	0.101085	-0.291361	-0.0773899	4	-1.16661	-0.00451871	-0.920544	-0.148652	-0.201372	2	-0.042694	2	1	0	1	0.493717	0.362708
chr1:186500000-187000000	chr1	186500000	0.344255	0.210263	0.506796	0.159607	2	-1.49844	-0.111216	-1.27803	-0.122021	-0.0627994	2	nan	1	1	0	1	0.497754	0.370537
chr1:187000000-187500000	chr1	187000000	0.350505	0.2752	0.56066	0.315771	0	-0.971684	-0.0809619	-1.40581	-0.0638006	nan	0	nan	0	0	0	1	0.501791	0.35713
chr1:187500000-188000000	chr1	187500000	0.135654	0.0217151	0.501018	-0.0410823	0	-1.20011	-0.0333957	-1.22726	-0.073607	nan	0	nan	0	0	0	1	0.505828	0.358273
chr1:188000000-188500000	chr1	188000000	-0.110791	0.00398371	-0.0720739	0.566722	0	-1.36102	-0.124329	-1.49078	-0.058519	nan	0	nan	0	0	0	1	0.509865	0.342759
chr1:188500000-189000000	chr1	188500000	-0.0103011	-0.0515321	0.319269	0.406609	0	-1.37379	-0.0733047	-1.5233	-0.0775893	nan	0	nan	0	0	0	1	0.513901	0.341671
chr1:189000000-189500000	chr1	189000000	0.40733	0.256369	0.802822	0.418539	0	-1.47945	-0.029997	-1.49048	0.00512195	nan	0	nan	0	0	0	1	0.517938	0.340365
chr1:189500000-190000000	chr1	189500000	0.124594	0.197105	0.505863	0.674879	0	-1.23628	-0.219643	-1.48733	0.0191603	nan	0	nan	0	0	0	1	0.521975	0.339409
chr1:190000000-190500000	chr1	190000000	0.239792	0.113003	0.638318	0.372025	1	-1.11491	-0.333047	-1.5098	-0.00156008	nan	1	nan	1	0	0	1	0.526012	0.333937
chr1:190500000-191000000	chr1	190500000	0.178331	0.391589	0.684284	0.691693	0	-1.16044	-0.301405	-1.48991	-0.0682179	nan	0	nan	0	0	0	1	0.530049	0.338799
chr1:191000000-191500000	chr1	191000000	0.254886	0.592857	0.64624	0.681014	0	-1.36777	-0.186766	-1.34186	-0.155836	nan	0	nan	0	0	0	0	0.534086	0.342625
chr1:191500000-192000000	chr1	191500000	0.237717	0.362184	0.623107	0.46107	0	-1.22029	-0.227745	-1.47629	-0.0191004	nan	0	nan	0	0	0	0	0.538123	0.344635
chr1:192000000-192500000	chr1	192000000	-0.233092	0.0979427	0.360307	-0.0992538	2	-1.08415	-0.251918	-1.30565	-0.0626963	nan	0	nan	0	0	0	0	0.54216	0.348262
chr1:192500000-193000000	chr1	192500000	-0.208281	-0.0128283	0.197787	-0.155826	3	-1.1177	0.0841522	-0.836579	0.0527333	nan	1	nan	1	1	0	0	0.546197	0.373752
chr1:193000000-193500000	chr1	193000000	-0.706007	0.0778069	-0.28502	0.00855988	5	-0.563021	0.129217	-0.622178	0.00845822	-0.141942	5	-0.0143133	5	3	0	0	0.550234	0.371273
chr1:193500000-194000000	chr1	193500000	-0.10711	0.231287	0.0320786	0.160562	0	-0.244719	-0.0262928	-1.4952	-0.0111959	nan	0	nan	0	0	0	0	0.554271	0.360948
chr1:194000000-194500000	chr1	194000000	-0.292717	0.228389	0.458419	-0.143731	0	-0.869518	-0.0509141	-1.47138	-0.0416209	nan	0	nan	0	0	0	1	0.558308	0.348737
chr1:194500000-195000000	chr1	194500000	0.0408601	0.266132	0.557472	0.393445	0	-1.4408	-0.170278	-1.37663	0.0028476	nan	0	nan	0	0	0	1	0.562345	0.339458
chr1:195000000-195500000	chr1	195000000	0.2421	0.245594	0.579636	0.470803	0	-1.477	-0.0425116	-1.46747	-0.0607174	nan	0	nan	0	0	0	1	0.566382	0.339583
chr1:195500000-196000000	chr1	195500000	0.101627	0.0957319	0.522133	0.223939	0	-1.43863	-0.0331832	-1.55845	0.064221	nan	0	nan	0	0	0	1	0.570419	0.344437
chr1:196000000-196500000	chr1	196000000	0.363365	0.105143	0.913196	-0.059094	0	-1.43096	-0.0130899	-1.53157	-0.0230269	nan	0	nan	0	0	0	1	0.574455	0.345766
chr1:196500000-197000000	chr1	196500000	0.490843	0.116514	0.943185	0.18284	7	-1.38961	-0.0440723	-1.51003	-0.0158442	0.0517587	3	-0.0519691	2	2	0	1	0.578492	0.352265
chr1:197000000-197500000	chr1	197000000	0.279531	-0.104087	0.643464	-0.137926	4	-1.37104	-0.0293809	-1.33073	-0.0807632	0.2379	2	0.00653755	3	2	0	1	0.582529	0.358278
chr1:197500000-198000000	chr1	197500000	-0.778889	0.105848	-0.308051	-0.229141	3	-0.742363	-0.149617	-1.42579	0.00370446	-0.0294607	2	0.0163145	2	6	0	1	0.586566	0.366856
chr1:198000000-198500000	chr1	198000000	-1.16264	-0.0908516	-0.697266	-0.0746513	1	-0.697274	-0.101561	-0.769168	-0.0695907	nan	1	nan	1	2	0	1	0.590603	0.36474
chr1:198500000-199000000	chr1	198500000	-1.15655	-0.0649393	-0.763936	0.106632	2	-1.29642	-0.149901	0.0594259	-0.0899303	nan	0	nan	0	0	0	0	0.59464	0.354796
chr1:199000000-199500000	chr1	199000000	-0.797655	-0.193175	-0.57251	-0.1557	0	-1.42985	-0.123827	-0.152238	-0.0408918	nan	0	nan	0	0	0	0	0.598677	0.358008
chr1:199500000-200000000	chr1	199500000	-0.57274	-0.325926	-0.664438	-0.099708	0	-1.25572	0.0934804	-0.71285	-0.307406	nan	0	nan	0	0	0	0	0.602714	0.382452
chr1:200000000-200500000	chr1	200000000	-0.777027	-0.293479	-0.860547	-0.360283	2	-0.579194	0.0436966	0.364878	-0.0841462	0.0450506	2	-0.0247451	2	8	0	0	0.606751	0.413268
chr1:200500000-201000000	chr1	200500000	-1.03338	-0.0955205	-1.22702	-0.0575498	5	0.456737	0.0443895	0.965904	-0.073807	-0.256472	4	0.0181917	4	6	0	0	0.610788	0.424464
chr1:201000000-201500000	chr1	201000000	-0.681007	0.00240274	-0.799306	-0.160059	10	1.2198	-0.0590341	0.875377	-0.21996	0.0905037	10	-0.0467117	7	10	0	0	0.614825	0.504078
chr1:201500000-202000000	chr1	201500000	-0.83953	0.0740065	-1.08041	0.217596	7	1.24503	-0.0169799	1.12614	-0.0864482	-0.0745621	7	0.00664672	7	8	0	0	0.618862	0.474159
chr1:202000000-202500000	chr1	202000000	-1.18524	0.085007	-1.05993	-0.186937	7	1.31304	0.029025	1.36291	-0.0643167	0.0306773	6	-0.0450566	4	5	0	0	0.622899	0.466893
chr1:202500000-203000000	chr1	202500000	-1.07308	0.118469	-1.29767	0.0440534	7	1.24014	0.121697	1.4088	0.0372331	0.00730692	6	-0.238018	6	9	0	0	0.626936	0.447873
chr1:203000000-203500000	chr1	203000000	-0.73442	-0.139779	-1.16581	-0.124711	11	1.27704	-0.0146248	1.39468	0.0246997	0.0566159	7	-0.280099	7	9	0	0	0.630973	0.474891
chr1:203500000-204000000	chr1	203500000	-0.879201	-0.0668315	-1.1819	-0.11379	6	1.17764	0.183308	1.13556	0.0252137	-0.017653	3	-0.291664	3	3	0	0	0.635009	0.45103
chr1:204000000-204500000	chr1	204000000	-0.785066	-0.00785526	-1.00524	-0.11896	8	1.21766	0.076791	1.13724	0.0182907	0.0515855	7	-0.222105	7	7	0	0	0.639046	0.483358
chr1:204500000-205000000	chr1	204500000	-0.318108	-0.228882	-0.7141	-0.34465	3	1.24434	0.0208489	1.08504	-0.104854	-0.0503397	3	-0.716094	3	3	0	0	0.643083	0.468213
chr1:205000000-205500000	chr1	205000000	-0.670496	-0.00217272	-0.945853	-0.0755484	9	1.21795	0.129602	1.31426	-0.0553194	0.0415465	6	-0.275966	5	10	0	0	0.64712	0.479398
chr1:205500000-206000000	chr1	205500000	-0.697392	-0.123415	-1.08619	0.0800665	9	1.16557	0.172224	0.889084	0.162696	-0.0679268	7	-0.28092	7	11	0	0	0.651157	0.463054
chr1:206000000-206500000	chr1	206000000	-0.92779	0.185078	-0.968268	0.0524962	7	1.10302	0.0611478	0.241296	-0.0239295	0.148685	4	0.0105236	4	2	0	0	0.655194	0.438202
chr1:206500000-207000000	chr1	206500000	-0.396836	-0.234942	-0.755724	-0.190913	11	1.05484	0.040595	0.460713	-0.0360712	0.165728	7	0.211179	5	6	0	0	0.659231	0.460386
chr1:207000000-207500000	chr1	207000000	-0.371494	0.231776	-0.0918043	-0.0310081	8	0.288732	0.0976827	0.721426	0.21451	-0.131962	4	-0.0541277	4	5	0	0.25	0.663268	0.391519
chr1:207500000-208000000	chr1	207500000	-0.170008	-0.111697	-0.11676	-0.474333	3	0.457547	0.324886	0.864639	-0.108938	-0.416397	2	-0.105704	2	7	0	0.25	0.667305	0.416693
chr1:208000000-208500000	chr1	208000000	0.107342	-0.0666734	0.0763321	-0.59201	1	0.87408	-0.109765	0.156822	0.115187	nan	1	nan	1	1	0	0.25	0.671342	0.446676
chr1:208500000-209000000	chr1	208500000	0.197219	-0.175129	0.0449189	-0.425857	0	0.526952	0.0314363	-0.773554	0.0150386	nan	0	nan	0	0	0	0.25	0.675379	0.40125
chr1:209000000-209500000	chr1	209000000	-0.0141639	-0.364749	-0.316969	-0.303046	0	0.586209	0.117791	-0.923231	0.139869	nan	0	nan	0	1	0	0.25	0.679416	0.413259
chr1:209500000-210000000	chr1	209500000	-0.603494	-0.0130303	-0.531385	-0.27046	9	0.305148	0.333806	-0.379459	0.205536	0.141858	7	-0.151742	6	7	0	0.25	0.683453	0.429008
chr1:210000000-210500000	chr1	210000000	-0.455022	-0.167803	-0.629682	-0.139328	2	-0.285642	0.377686	-0.658187	0.149879	-0.206959	2	0.0506251	2	4	0	0.25	0.68749	0.404579
chr1:210500000-211000000	chr1	210500000	0.0717191	-0.183542	-0.0067339	-0.416401	0	-0.349357	0.254149	-0.286305	0.0721356	nan	0	nan	0	1	0	0.25	0.691527	0.417618
chr1:211000000-211500000	chr1	211000000	-0.434596	-0.0541033	-0.501167	-0.145281	4	0.00839336	0.311949	-0.31866	0.102008	-0.28362	4	0.0416517	2	7	0	0.25	0.695563	0.410059
chr1:211500000-212000000	chr1	211500000	-0.530171	-0.0896418	-0.753597	0.178252	3	0.597319	0.324801	1.02119	-0.0119607	0.256749	3	-0.0892496	3	4	0	0	0.6996	0.432814
chr1:212000000-212500000	chr1	212000000	-0.72096	-0.146774	-0.780999	-0.0934186	5	0.899214	-0.0933243	1.20083	-0.0731432	0.143262	5	0.0387651	4	4	0	0	0.703637	0.42706
chr1:212500000-213000000	chr1	212500000	-0.437165	-0.178896	-0.467139	-0.317081	8	0.814881	-0.0106538	1.13857	-0.0302217	0.165706	6	0.00281434	5	7	0	0	0.707674	0.43338
chr1:213000000-213500000	chr1	213000000	0.517322	-0.181368	0.426818	-0.298538	2	0.168388	-0.212916	0.52412	-0.0587761	0.0754972	2	-0.0104578	2	4	0	0	0.711711	0.403489
chr1:213500000-214000000	chr1	213500000	1.01915	0.34889	0.960769	0.23173	1	-0.272267	-0.0731467	-1.13624	0.017896	nan	1	nan	1	5	0	0	0.715748	0.413732
chr1:214000000-214500000	chr1	214000000	0.121064	-0.0283175	0.106424	-0.0734327	1	-0.00186331	-0.0877122	-1.17052	0.0448833	nan	1	nan	1	3	0	0	0.719785	0.411749
chr1:214500000-215000000	chr1	214500000	-0.0377273	0.108486	0.0432619	-0.0378596	2	-1.01053	-0.103556	-1.22523	-0.0538111	0.264099	2	0.0218732	2	5	0	1	0.723822	0.390675
chr1:215000000-215500000	chr1	215000000	0.231649	-0.13944	0.574811	-0.110384	1	-1.2037	-0.234088	-1.43179	-0.0232157	nan	1	nan	0	1	0	1	0.727859	0.369287
chr1:215500000-216000000	chr1	215500000	0.33072	-0.00757511	0.663764	-0.0193478	1	-0.757085	-0.402087	-1.44155	0.0128086	nan	1	nan	1	1	0	1	0.731896	0.368251
chr1:216000000-216500000	chr1	216000000	0.406647	0.15159	0.651291	0.239345	1	-0.791375	-0.258707	-1.51393	0.0205447	nan	1	nan	1	0	0	1	0.735933	0.36035
chr1:216500000-217000000	chr1	216500000	0.726008	0.114599	0.978794	0.109809	1	-0.42668	-0.251234	-1.50762	-0.0200133	nan	1	nan	1	1	0	1	0.73997	0.374507
chr1:217000000-217500000	chr1	217000000	0.746397	0.219448	0.915903	0.110345	0	-0.229454	-0.340844	-1.43269	-0.0544132	nan	0	nan	0	4	0	1	0.744007	0.386619
chr1:217500000-218000000	chr1	217500000	0.391494	0.0393448	0.675436	0.175305	2	-0.640027	-0.285066	-1.36943	-0.0116533	nan	1	-0.00548577	2	1	0	1	0.748044	0.367018
chr1:218000000-218500000	chr1	218000000	-0.307447	0.12925	-0.0858854	0.10747	2	-0.0226086	-0.671778	-1.48318	-0.0406808	0.0343119	2	-0.101788	2	4	0	1	0.752081	0.386315
chr1:218500000-219000000	chr1	218500000	-0.925692	-0.0944711	-0.826056	-0.109357	0	0.498156	-0.214618	-1.41305	0.0108625	nan	0	nan	0	0	0	1	0.756117	0.381232
chr1:219000000-219500000	chr1	219000000	-0.831188	-0.240295	-0.659985	-0.163088	1	0.434359	-0.284785	-1.13944	0.106759	nan	1	nan	1	1	0	1	0.760154	0.370476
chr1:219500000-220000000	chr1	219500000	-0.284441	-0.339443	-0.517773	-0.158065	2	0.385721	0.0204022	-1.39366	-0.000576522	-0.0555796	2	-0.0428466	2	2	0	1	0.764191	0.393363
chr1:220000000-220500000	chr1	220000000	-0.427058	-0.123443	-0.25591	-0.502327	4	0.683759	0.165391	-0.086134	0.0315123	0.0026842	4	-0.0538357	3	3	0	1	0.768228	0.399301
chr1:220500000-221000000	chr1	220500000	0.00478211	-0.344751	-0.0840817	-0.247977	5	0.63308	0.0458362	-0.660298	0.147595	0.109025	5	0.0847887	3	13	0	1	0.772265	0.406271
chr1:221000000-221500000	chr1	221000000	-0.311889	-0.250019	-0.208847	-0.127756	0	0.567266	-0.152168	-0.73684	0.419462	nan	0	nan	0	0	0	1	0.776302	0.383552
chr1:221500000-222000000	chr1	221500000	-0.169575	-0.237607	-0.283956	-0.371405	1	0.469548	-0.022144	-0.236852	0.0921424	nan	1	nan	1	1	0	1	0.780339	0.396537
chr1:222000000-222500000	chr1	222000000	0.113675	-0.0748527	-0.0848729	-0.201922	0	0.394607	-0.0198518	-0.242864	-0.0801514	nan	0	nan	0	1	0	1	0.784376	0.409498
chr1:222500000-223000000	chr1	222500000	-0.237526	-0.146167	-0.0344295	-0.235384	7	0.675134	0.0209442	-0.238402	0.0244237	-0.0913381	6	-0.0866416	5	6	0	1	0.788413	0.394677
chr1:223000000-223500000	chr1	223000000	0.690584	-0.404563	0.391585	-0.26606	3	0.85456	0.178823	-0.91604	-0.122641	nan	1	0.0577782	2	5	0	1	0.79245	0.442835
chr1:223500000-224000000	chr1	223500000	-0.38055	-0.0102534	-0.27086	-0.28455	3	0.798972	0.116886	-0.302911	-0.133944	-0.165276	2	-0.0503934	2	4	0.1	1	0.796487	0.443721
chr1:224000000-224500000	chr1	224000000	-0.948748	0.0617031	-0.74946	-0.22575	5	0.886566	0.163742	0.501404	0.123303	-0.0662812	5	0.0226968	5	4	0	0	0.800524	0.42037
chr1:224500000-225000000	chr1	224500000	0.297053	-0.361952	0.0956366	-0.368843	2	0.296165	0.0898347	0.287287	0.0756329	0.149922	2	-0.0627506	2	3	0	0.25	0.804561	0.426598
chr1:225000000-225500000	chr1	225000000	-0.0985354	-0.143867	-0.0493401	-0.0571504	1	0.175493	0.0398025	-1.17942	0.0417269	nan	1	nan	1	2	0	0.25	0.808598	0.387499
chr1:225500000-226000000	chr1	225500000	-1.06247	-0.0190697	-0.966835	-0.189891	8	0.98063	0.19134	-0.380156	0.0473944	-0.116138	8	0.136927	7	9	0	0.25	0.812634	0.44827
chr1:226000000-226500000	chr1	226000000	-0.786804	-0.112745	-0.968886	-0.0779446	5	1.1752	-0.0172361	0.998541	-0.027776	-0.0846476	5	-0.175989	4	8	0	0.25	0.816671	0.452612
chr1:226500000-227000000	chr1	226500000	-0.305734	-0.239241	-0.490087	-0.250761	4	1.09697	0.0477375	0.792839	0.0749058	-0.327508	4	0.165436	4	7	0	0.25	0.820708	0.47073
chr1:227000000-227500000	chr1	227000000	-1.01678	0.0518444	-1.06051	0.10416	1	0.759934	0.155236	-0.0341433	0.0136173	nan	1	nan	1	2	0	0	0.824745	0.396805
chr1:227500000-228000000	chr1	227500000	0.0763767	-0.440191	-0.215537	-0.103834	5	0.751213	0.248066	-0.212505	0.0821661	-0.0201743	4	0.0790479	4	13	0	0	0.828782	0.464887
chr1:228000000-228500000	chr1	228000000	-0.439024	0.00815238	-0.445699	-0.323885	14	1.21965	0.0624678	0.245872	0.152936	0.0324285	12	0.109257	10	34	0	0	0.832819	0.522171
chr1:228500000-229000000	chr1	228500000	-0.803755	-0.148271	-0.905094	-0.159951	1	1.04188	0.18911	0.216219	0.0609963	nan	1	nan	1	41	0.1	0	0.836856	0.465675
chr1:229000000-229500000	chr1	229000000	-0.680575	-0.0265152	-0.687023	-0.250578	3	0.939865	0.218483	-0.134316	0.0188286	-0.0390654	3	-0.106506	3	4	0	0	0.840893	0.444154
chr1:229500000-230000000	chr1	229500000	-0.41806	0.0378261	-0.596553	-0.114927	4	0.866237	0.0530991	0.680344	-0.0356754	-0.283058	4	0.130243	4	4	0	0	0.84493	0.427866
chr1:230000000-230500000	chr1	230000000	-0.199405	-0.143046	-0.404959	-0.236184	2	0.986201	0.185063	0.6243	-0.0321333	0.105709	2	-0.0692225	2	5	0	0	0.848967	0.456668
chr1:230500000-231000000	chr1	230500000	-0.153611	-0.125005	-0.431205	-0.111208	6	0.796903	0.157621	-0.099131	-0.0638597	-0.00578177	6	-0.0111488	6	3	0	0.5	0.853004	0.435993
chr1:231000000-231500000	chr1	231000000	-0.583054	-0.064375	-0.674118	0.0614218	7	1.05365	0.146388	0.386367	-0.0800167	0.0229385	6	-0.0339292	5	6	0	0.5	0.857041	0.428058
chr1:231500000-232000000	chr1	231500000	-0.587396	0.00720127	-0.641023	-0.264581	2	0.80229	0.09145	0.060364	0.047281	-0.07642	2	0.142381	2	2	0	0.5	0.861078	0.417542
chr1:232000000-232500000	chr1	232000000	-0.455771	0.0302573	-0.607169	-0.175875	0	0.72526	-0.00596385	-0.881156	-0.057802	nan	0	nan	0	0	0	0.5	0.865115	0.41894
chr1:232500000-233000000	chr1	232500000	-0.506329	-0.0397532	-0.570829	-0.244458	3	0.794369	0.0171027	-0.691237	-0.0628766	-0.0967581	3	-0.0288893	3	4	0	0.5	0.869152	0.416975
chr1:233000000-233500000	chr1	233000000	-0.110161	-0.165693	0.118243	-0.272382	2	0.641679	0.0351064	-0.422545	0.0609337	-0.0898812	2	0.00556488	2	3	0	0.5	0.873188	0.404122
chr1:233500000-234000000	chr1	233500000	0.909759	0.468638	0.852368	0.232267	2	0.591038	0.0605112	0.629376	-0.203162	-0.694022	2	-0.0809267	2	2	0	0.5	0.877225	0.402248
chr1:234000000-234500000	chr1	234000000	0.499231	0.00649495	0.369593	-0.0398255	2	0.783275	0.030396	0.425514	-0.165279	0.311922	2	0.0859723	2	5	0	0.5	0.881262	0.421441
chr1:234500000-235000000	chr1	234500000	-0.629037	0.090023	-0.532602	-0.289479	1	0.995825	-0.043871	0.738458	-0.0268684	nan	1	nan	1	2	0	0	0.885299	0.4533
chr1:235000000-235500000	chr1	235000000	-1.15007	0.0429649	-1.03474	-0.204785	5	0.864738	0.232341	1.29408	-0.000843799	-0.00410606	5	0.0823728	5	4	0	0	0.889336	0.429168
chr1:235500000-236000000	chr1	235500000	-0.568947	-0.221605	-0.684256	-0.277392	3	0.915974	0.0470721	1.05926	-0.149441	0.0216414	3	-0.0102752	3	6	0	0	0.893373	0.419695
chr1:236000000-236500000	chr1	236000000	0.27639	0.028282	0.0882075	-0.205245	4	0.707735	-0.0942798	0.842986	-0.121485	-0.0262803	4	-0.0591387	3	6	0	0	0.89741	0.436908
chr1:236500000-237000000	chr1	236500000	0.125703	0.28322	0.204926	0.0639213	4	0.749169	-0.266318	0.0765103	-0.121636	-0.225664	4	0.0165132	4	4	0	0.75	0.901447	0.419636
chr1:237000000-237500000	chr1	237000000	0.471461	0.684435	0.600788	0.386904	2	0.122504	-0.267074	-1.12105	-0.141916	nan	1	nan	1	1	0	0.75	0.905484	0.39421
chr1:237500000-238000000	chr1	237500000	0.733047	0.122952	0.716217	0.375808	1	-0.158446	-0.306412	-1.39892	-0.0541506	nan	0	nan	0	1	0	0.75	0.909521	0.386101
chr1:238000000-238500000	chr1	238000000	0.693656	0.00560104	0.790014	-0.159054	0	-0.911183	-0.117426	-1.10356	-0.219033	nan	0	nan	0	0	0	0.75	0.913558	0.379204
chr1:238500000-239000000	chr1	238500000	0.164322	0.176377	0.506437	0.220055	0	-0.984854	-0.157403	-1.15942	-0.145001	nan	0	nan	0	0	0	0.75	0.917595	0.357784
chr1:239000000-239500000	chr1	239000000	0.866927	0.270816	0.960051	0.296948	1	-0.900469	-0.133565	-1.41853	-0.0668379	nan	1	nan	1	1	0	0.75	0.921632	0.373366
chr1:239500000-240000000	chr1	239500000	1.09114	0.153038	1.06379	0.311462	0	-0.681385	-0.360378	-1.32757	-0.130766	nan	0	nan	0	1	0	0.75	0.925669	0.390029
chr1:240000000-240500000	chr1	240000000	0.00672679	-0.027234	-0.024534	-0.141753	1	-0.0688381	-0.0663702	-1.41059	-0.0102968	nan	1	nan	1	4	0	0.75	0.929706	0.396722
chr1:240500000-241000000	chr1	240500000	0.627081	-0.166616	0.666909	-0.0641323	1	-0.298904	-0.277517	-1.40788	0.00151076	nan	1	nan	1	1	0	0.75	0.933742	0.399737
chr1:241000000-241500000	chr1	241000000	1.16283	0.129529	1.19623	0.0406686	1	-0.627563	-0.229165	-1.31287	-0.0263772	nan	1	nan	0	2	0	0.75	0.937779	0.397062
chr1:241500000-242000000	chr1	241500000	0.393577	-0.260668	0.454788	-0.140857	8	-0.194565	-0.469176	-1.09224	-0.0498431	0.0720902	5	0.126432	5	4	0	0.75	0.941816	0.40031
chr1:242000000-242500000	chr1	242000000	0.969591	0.488993	1.02241	0.167575	0	-0.446551	0.0223203	-1.04415	0.0213948	nan	0	nan	0	2	0	0.75	0.945853	0.409145
chr1:242500000-243000000	chr1	242500000	0.844636	0.307029	0.818076	0.0423821	1	-0.390511	-0.0582712	-1.15877	0.118528	nan	1	nan	1	2	0	0.75	0.94989	0.406928
chr1:243000000-243500000	chr1	243000000	-0.468829	0.0174756	-0.283526	-0.00308309	2	0.265722	-0.193509	-0.109372	0.0378811	-0.406565	2	-0.0803586	2	6	0	0.75	0.953927	0.395047
chr1:243500000-244000000	chr1	243500000	-0.542879	-0.22719	-0.709558	0.19208	1	0.126823	-0.105696	-0.603275	0.0828744	nan	1	nan	1	4	0	0	0.957964	0.385362
chr1:244000000-244500000	chr1	244000000	-0.130518	-0.321154	-0.256705	-0.33507	4	0.544783	-0.0993495	-0.426274	0.167459	-0.0590535	3	nan	1	5	0	0	0.962001	0.427204
chr1:244500000-245000000	chr1	244500000	-0.423251	-0.122649	-0.419656	-0.281196	5	0.778846	-0.126873	0.571358	0.0588787	0.0175124	3	0.0272706	3	6	0	0	0.966038	0.423058
chr1:245000000-245500000	chr1	245000000	-0.513881	-0.0521154	-0.537762	-0.437372	1	0.346458	-0.308319	0.620321	-0.196769	nan	1	nan	1	2	0	0	0.970075	0.442508
chr1:245500000-246000000	chr1	245500000	-0.441106	-0.0619865	-0.469948	-0.178343	0	0.185341	-0.0915772	-0.0751478	-0.194618	nan	0	nan	0	6	0	0	0.974112	0.433947
chr1:246000000-246500000	chr1	246000000	-0.736227	-0.0982381	-0.696356	-0.226307	0	0.133391	-0.292613	0.327788	0.00193186	nan	0	nan	0	1	0	0	0.978149	0.397861
chr1:246500000-247000000	chr1	246500000	-0.365446	-0.176981	-0.301149	-0.326554	5	-0.284722	0.14097	0.880749	-0.0297526	-0.0905563	5	0.0120146	5	6	0	0	0.982186	0.430444
chr1:247000000-247500000	chr1	247000000	0.510728	0.0733701	0.476343	-0.0278658	7	-0.96505	0.165222	0.61061	0.0134133	0.0827067	5	0.0929783	5	12	0	0	0.986223	0.438047
chr1:247500000-248000000	chr1	247500000	0.790714	0.398878	0.989502	0.275743	18	-1.56688	0.0596461	-0.719528	0.20404	0.387941	2	-0.0583792	2	5	0	0	0.99026	0.386392
chr1:248000000-248500000	chr1	248000000	1.04224	0.491042	1.25905	0.273362	18	-1.58152	0.018183	-0.662268	0.372018	nan	0	nan	0	0	0	0	0.994296	0.373794
chr1:248500000-249000000	chr1	248500000	1.0282	0.0140528	1.03711	0.0427524	13	nan	nan	nan	nan	-0.131463	4	0.0980642	4	9	0.02	0	0.998333	0.418006
chr2:0-500000	chr2	0	nan	nan	nan	nan	4	0.744697	0.0151618	0.258604	-0.180143	-0.0100687	4	0.155039	4	15	0.02	0	0.997277	0.430711
chr2:500000-1000000	chr2	500000	nan	nan	nan	nan	2	0.896261	-0.0452471	-0.0519071	-0.19486	nan	1	nan	1	13	0	0	0.99183	0.450442
chr2:1000000-1500000	chr2	1000000	nan	nan	nan	nan	1	0.722509	-0.0397076	-0.587216	-0.160341	nan	0	nan	1	6	0	0	0.986383	0.44227
chr2:1500000-2000000	chr2	1500000	nan	nan	nan	nan	1	1.01252	-0.0146532	-0.553363	-0.0582431	nan	1	nan	1	11	0	0	0.980937	0.489334
chr2:2000000-2500000	chr2	2000000	nan	nan	nan	nan	1	0.590245	-0.171424	-0.823837	-0.089559	nan	0	nan	0	2	0	0	0.97549	0.418709
chr2:2500000-3000000	chr2	2500000	nan	nan	nan	nan	0	0.746602	-0.136057	-0.229314	-0.0977713	nan	0	nan	0	3	0	0	0.970044	0.471069
chr2:3000000-3500000	chr2	3000000	1.33344	-0.359178	0.909803	0.0301686	2	0.920554	0.018987	0.723294	-0.0379254	0.126876	2	0.12597	2	13	0	0	0.964597	0.474291
chr2:3500000-4000000	chr2	3500000	1.01854	0.11931	0.854831	-0.0119616	6	0.957957	-0.248331	0.0956464	-0.134029	0.217917	4	-0.0343428	4	14	0	0	0.95915	0.453534
chr2:4000000-4500000	chr2	4000000	0.968183	0.0966338	0.976417	0.216749	0	0.305658	-0.343395	-0.986667	-0.274788	nan	0	nan	0	2	0	0	0.953704	0.390169
chr2:4500000-5000000	chr2	4500000	0.638119	0.12838	0.659232	0.472659	0	0.350297	-0.52661	-1.06332	-0.303273	nan	0	nan	0	0	0	0.5	0.948257	0.381002
chr2:5000000-5500000	chr2	5000000	0.0567837	0.232511	0.412909	-0.235635	0	0.556454	-0.159381	-1.16852	-0.0340364	nan	0	nan	0	0	0	0.5	0.94281	0.390819
chr2:5500000-6000000	chr2	5500000	0.0439523	0.0330541	-0.0291108	-0.212961	1	0.63323	-0.205879	-1.07094	-0.0825122	nan	1	nan	1	4	0	0.5	0.937364	0.415162
chr2:6000000-6500000	chr2	6000000	0.145447	0.156002	0.261745	-0.236258	0	0.402091	-0.267905	-0.243107	0.166184	nan	0	nan	0	2	0	0.5	0.931917	0.393674
chr2:6500000-7000000	chr2	6500000	0.387048	-0.000853098	0.355684	-0.0950888	3	0.699686	-0.422297	-0.595644	0.0651206	-0.325288	2	0.132671	3	2	0	0.5	0.926471	0.412753
chr2:7000000-7500000	chr2	7000000	0.58555	0.258002	0.547085	0.0903976	0	0.885388	0.0234693	-0.152288	0.0989562	nan	0	nan	0	2	0	0	0.921024	0.413139
chr2:7500000-8000000	chr2	7500000	0.668381	0.0469482	0.462543	0.139734	0	0.766892	-0.0872959	-0.362226	0.149583	nan	0	nan	0	1	0	0	0.915577	0.404908
chr2:8000000-8500000	chr2	8000000	0.380638	0.122886	0.409678	-0.273559	0	1.01991	-0.119425	0.784694	-0.0437984	nan	0	nan	0	2	0	0	0.910131	0.435352
chr2:8500000-9000000	chr2	8500000	-0.0855243	-0.427252	-0.152976	-0.233502	2	1.1105	-0.00226171	0.951547	-0.0659242	-0.154545	2	-0.455757	2	8	0	0	0.904684	0.438334
chr2:9000000-9500000	chr2	9000000	-0.712662	0.0791036	-0.840258	-0.17472	5	1.18223	0.0486075	0.0383665	-0.124114	-0.016089	5	0.017827	5	7	0	0	0.899237	0.450989
chr2:9500000-10000000	chr2	9500000	-0.853371	0.0789048	-0.925736	-0.063146	4	1.25279	0.223022	1.39645	0.0352903	0.167865	4	-0.0256585	4	4	0	0	0.893791	0.452305
chr2:10000000-10500000	chr2	10000000	-0.505703	-0.0837434	-0.915967	0.0251858	5	1.22985	0.0718773	1.2497	-0.100974	0.176563	5	0.130934	5	10	0	0	0.888344	0.509129
chr2:10500000-11000000	chr2	10500000	-0.447201	-0.282901	-0.60554	-0.330356	4	1.19456	0.14577	1.20997	-0.0665783	0.0515554	4	0.150793	4	7	0	0	0.882898	0.466857
chr2:11000000-11500000	chr2	11000000	-0.74357	-0.149725	-0.904903	-0.109594	4	1.09926	0.0291864	0.848767	-0.169813	-0.0375308	3	-0.0202934	2	4	0	0	0.877451	0.429312
chr2:11500000-12000000	chr2	11500000	0.0470486	-0.321562	-0.418356	-0.139944	3	0.719104	-0.141206	0.739401	-0.00164176	-0.0908286	2	-0.0042621	2	8	0	0	0.872004	0.458863
chr2:12000000-12500000	chr2	12000000	-0.237948	-0.248268	-0.329628	-0.243262	0	0.0784518	-0.137694	0.747298	-0.136347	nan	0	nan	0	0	0	0.75	0.866558	0.403911
chr2:12500000-13000000	chr2	12500000	-0.107046	-0.372183	-0.171173	-0.48717	1	0.00756322	-0.156762	-0.324088	-0.073325	nan	1	nan	1	1	0	0.75	0.861111	0.403027
chr2:13000000-13500000	chr2	13000000	0.690094	0.206275	0.864781	0.303441	0	-1.25938	-0.116863	-1.21267	-0.0279899	nan	0	nan	0	0	0	0.75	0.855664	0.35543
chr2:13500000-14000000	chr2	13500000	0.449363	0.226755	0.646848	0.429063	0	-1.37766	-0.0947932	-1.00553	0.0599209	nan	0	nan	0	0	0	0.75	0.850218	0.354573
chr2:14000000-14500000	chr2	14000000	0.849377	0.2718	0.961061	0.278248	0	-1.37524	-0.0313082	-0.752241	0.0762797	nan	0	nan	0	0	0	0.75	0.844771	0.366122
chr2:14500000-15000000	chr2	14500000	1.31402	0.0137945	1.11643	-0.0586088	1	-1.14833	-0.243577	-1.14528	-0.0655808	nan	1	nan	1	1	0	0.75	0.839325	0.396589
chr2:15000000-15500000	chr2	15000000	0.744374	-0.0381659	0.428135	0.117521	0	-0.649327	-0.274646	-0.557133	-0.128706	nan	0	nan	0	0	0	0.75	0.833878	0.394589
chr2:15500000-16000000	chr2	15500000	0.677926	-0.169105	0.535299	0.00488427	3	0.280488	-0.249969	-0.0436373	-0.00144693	-0.0208756	3	-0.0279626	3	3	0	0.75	0.828431	0.446238
chr2:16000000-16500000	chr2	16000000	0.99271	0.0920108	0.655701	0.076046	0	0.506096	-0.0204488	-0.680732	0.00136848	nan	0	nan	0	1	0.002	0.75	0.822985	0.43308
chr2:16500000-17000000	chr2	16500000	0.879258	0.216286	0.800829	0.120593	1	0.0217732	-0.0785865	-0.730159	-0.0655507	nan	1	nan	0	1	0	0	0.817538	0.406581
chr2:17000000-17500000	chr2	17000000	0.476033	0.478994	0.63806	0.274979	0	-0.336326	0.0665612	-1.2026	-0.11076	nan	0	nan	0	0	0	0	0.812092	0.376419
chr2:17500000-18000000	chr2	17500000	0.268583	0.0260686	0.393816	0.00883321	6	0.273962	-0.140121	-0.31903	-0.0972603	-0.126681	4	-0.333716	4	5	0	0	0.806645	0.400101
chr2:18000000-18500000	chr2	18000000	0.29611	0.0446631	0.320356	-0.162917	0	0.201061	-0.0620284	-0.957806	-0.0867673	nan	0	nan	0	0	0	0	0.801198	0.39253
chr2:18500000-19000000	chr2	18500000	-0.23925	0.235322	0.101726	-0.0614316	2	0.330198	-0.133331	-0.955384	0.00738408	-0.11517	2	nan	1	2	0	0	0.795752	0.385505
chr2:19000000-19500000	chr2	19000000	-0.172026	0.151228	-0.0997708	-0.0880372	1	0.20468	-0.194992	-0.430781	0.0430369	nan	1	nan	1	6	0	0.75	0.790305	0.398444
chr2:19500000-20000000	chr2	19500000	-0.302688	-0.0921788	-0.428708	-0.103683	2	0.487925	-0.0816332	-0.884438	-0.0189069	0.0574172	2	0.112773	2	3	0	0.75	0.784858	0.423935
chr2:20000000-20500000	chr2	20000000	-0.602292	0.115413	-0.667998	0.0346774	5	1.10707	0.0232045	1.13389	0.0790449	-0.096586	5	0.0522784	5	5	0	0.75	0.779412	0.451827
chr2:20500000-21000000	chr2	20500000	0.665284	-0.195279	0.548295	-0.0972304	3	0.561063	0.12756	0.786384	-0.0788699	-0.0728346	3	0.151295	3	4	0	0.75	0.773965	0.448885
chr2:21000000-21500000	chr2	21000000	1.00515	0.245274	1.00226	0.206777	2	0.389583	0.128602	-0.801211	0.0254806	nan	1	nan	1	1	0	0.75	0.768519	0.396664
chr2:21500000-22000000	chr2	21500000	0.860655	0.295472	0.69118	0.432282	0	0.184707	-0.111665	-1.20782	-0.145223	nan	0	nan	0	0	0	0.75	0.763072	0.37806
chr2:22000000-22500000	chr2	22000000	0.659135	0.506758	0.717362	0.419823	0	0.0894983	-0.0829947	-1.36282	0.0317899	nan	0	nan	0	0	0	0.75	0.757625	0.365118
chr2:22500000-23000000	chr2	22500000	0.757533	0.486157	0.874816	0.405766	0	0.128353	-0.0199684	-1.28219	-0.151075	nan	0	nan	0	0	0	0.75	0.752179	0.384645
chr2:23000000-23500000	chr2	23000000	0.898117	0.0549129	0.359607	0.00967887	1	0.663064	0.0581713	-0.779785	-0.150942	nan	1	nan	1	1	0	0.75	0.746732	0.442275
chr2:23500000-24000000	chr2	23500000	-0.320051	-0.117771	-0.485515	-0.0990882	2	1.05564	0.173574	0.646916	-0.211144	-0.147006	2	-0.00123225	2	7	0	0.75	0.741285	0.44987
chr2:24000000-24500000	chr2	24000000	-0.686272	-0.179036	-0.903092	-0.0954464	10	1.00716	0.158288	1.45871	0.0288435	0.128491	8	0.0281702	8	9	0	0	0.735839	0.423403
chr2:24500000-25000000	chr2	24500000	-0.943164	0.00466098	-0.918786	-0.0711796	4	1.08155	0.132662	1.3661	0.111744	-0.0242576	4	0.140628	4	3	0	0	0.730392	0.417892
chr2:25000000-25500000	chr2	25000000	-0.633038	0.113824	-0.74501	-0.25501	3	1.1661	0.169236	1.32968	-0.0724891	-0.00568949	2	-0.0131058	2	11	0	0	0.724946	0.482074
chr2:25500000-26000000	chr2	25500000	-1.12686	0.0218329	-1.15742	-0.125958	3	1.08385	0.164256	1.43449	0.000538441	-0.0974469	3	0.0684732	3	3	0	0	0.719499	0.425289
chr2:26000000-26500000	chr2	26000000	-1.08904	0.0601638	-1.4037	-0.0395674	7	1.21567	0.0723373	1.43323	0.000119554	0.0602204	6	0.0326718	5	8	0	0	0.714052	0.443435
chr2:26500000-27000000	chr2	26500000	-0.666961	-0.234944	-1.01847	-0.261421	8	1.15308	0.111164	1.03017	-0.0856829	0.185973	5	-0.00667178	5	9	0	0	0.708606	0.486498
chr2:27000000-27500000	chr2	27000000	-0.981598	0.137427	-1.31139	0.0201891	28	1.23131	0.0640438	1.16044	-0.0124522	-0.0188282	24	0.0367654	24	23	0	0	0.703159	0.487476
chr2:27500000-28000000	chr2	27500000	-1.41828	0.148692	-1.31308	-0.0103166	9	1.10741	0.107391	1.32935	-0.00523532	0.118005	9	0.0309485	8	6	0	0.25	0.697712	0.414978
chr2:28000000-28500000	chr2	28000000	-1.18939	0.172704	-0.983956	-0.0375256	2	0.944689	0.246136	1.0827	-0.0262657	0.0553661	2	-0.190028	2	1	0	0.25	0.692266	0.432032
chr2:28500000-29000000	chr2	28500000	-1.10302	0.103561	-1.20633	0.0456753	5	1.11206	0.160415	1.1171	-0.0813379	-0.101475	4	0.0426052	3	5	0	0.25	0.686819	0.439586
chr2:29000000-29500000	chr2	29000000	-0.0519126	0.0152732	-0.274782	0.00549417	2	0.947026	0.0955186	1.20018	-0.0886706	0.12244	2	0.133535	2	1	0	0.25	0.681373	0.444218
chr2:29500000-30000000	chr2	29500000	0.332333	-0.132074	-0.0859688	0.0362591	1	0.900684	0.0764887	-0.0880169	-0.119985	nan	1	nan	0	1	0	0.25	0.675926	0.42411
chr2:30000000-30500000	chr2	30000000	-0.0748814	-0.0848576	-0.212599	0.023642	3	0.921677	0.184913	0.369283	-0.168947	-0.0391743	3	-0.0591596	3	3	0	0	0.670479	0.43662
chr2:30500000-31000000	chr2	30500000	0.53736	0.126152	0.531283	-0.140571	1	0.765599	0.0444226	1.07497	0.0117698	nan	0	nan	0	0	0	0	0.665033	0.429643
chr2:31000000-31500000	chr2	31000000	0.487336	0.100639	0.461603	-0.142832	4	0.595526	0.126272	0.242392	-0.106566	0.0507268	4	0.160575	4	2	0	0	0.659586	0.440332
chr2:31500000-32000000	chr2	31500000	0.0481101	0.164064	-0.0176296	0.173399	1	0.32552	-0.0937344	0.0782466	-0.22127	nan	0	nan	0	2	0	0	0.654139	0.389339
chr2:32000000-32500000	chr2	32000000	-1.13779	0.0547678	-1.10095	0.174193	7	0.844043	0.103576	1.39635	-0.0833841	0.0299498	7	-0.0176185	6	6	0	0.75	0.648693	0.405865
chr2:32500000-33000000	chr2	32500000	-1.05959	0.16807	-0.95329	-0.1049	2	nan	nan	1.39829	-0.0642507	-0.167068	2	-0.140799	2	2	0	0.75	0.643246	0.400437
chr2:33000000-33500000	chr2	33000000	-0.743659	-0.112761	-0.735392	-0.0960881	1	0.29304	0.132467	0.587838	0.014213	nan	1	nan	1	0	0	0.75	0.6378	0.402544
chr2:33500000-34000000	chr2	33500000	0.416181	0.218371	0.419061	0.0997247	1	-0.528616	0.108814	0.890005	0.00420286	nan	1	nan	1	2	0	0.75	0.632353	0.401021
chr2:34000000-34500000	chr2	34000000	0.513522	0.336001	0.519197	0.353908	0	-0.738436	0.0275764	0.3783	-0.0459516	nan	0	nan	0	0	0	0.75	0.626906	0.376465
chr2:34500000-35000000	chr2	34500000	0.586889	0.434708	0.710003	0.336563	0	-0.875381	0.109671	-0.270471	0.195239	nan	0	nan	0	0	0	0.75	0.62146	0.364376
chr2:35000000-35500000	chr2	35000000	0.371	0.235493	0.41043	0.460991	0	-1.05704	0.333411	-1.1975	0.0230041	nan	0	nan	0	0	0	0.75	0.616013	0.352705
chr2:35500000-36000000	chr2	35500000	0.53548	0.261588	0.724808	0.0687572	0	-0.995768	0.151496	-1.27684	0.000288025	nan	0	nan	0	0	0	0.75	0.610566	0.363386
chr2:36000000-36500000	chr2	36000000	-0.0756493	0.190424	0.108484	0.0599989	1	-0.452873	-0.0471589	-1.1605	-0.0651003	nan	1	nan	1	2	0	0.75	0.60512	0.388203
chr2:36500000-37000000	chr2	36500000	-0.78065	0.0811548	-0.817902	0.110604	3	0.217013	0.1288	-0.572653	-0.106448	-0.00886668	3	0.0107324	2	3	0	0	0.599673	0.401101
chr2:37000000-37500000	chr2	37000000	-1.34758	0.0890484	-1.36579	0.0133248	9	0.868653	0.0999933	1.1434	-0.0141782	-0.0319491	8	0.0767129	8	6	0	0	0.594227	0.39425
chr2:37500000-38000000	chr2	37500000	-1.42631	0.282344	-1.21444	0.183772	2	0.90426	0.185898	1.20769	-0.107386	-0.266859	2	-0.035269	2	2	0	0	0.58878	0.405763
chr2:38000000-38500000	chr2	38000000	-0.872117	0.0200093	-0.94777	-0.311725	2	1.02945	0.00160126	1.28857	-0.147977	-0.176874	2	0.232627	2	2	0	0	0.583333	0.422808
chr2:38500000-39000000	chr2	38500000	-1.17551	0.0966488	-1.09434	-0.011036	7	1.07882	0.234318	1.38112	-0.0320977	0.152446	7	0.01697	7	5	0	0.5	0.577887	0.419807
chr2:39000000-39500000	chr2	39000000	-1.69195	0.356472	-1.15141	-0.0826471	3	0.990407	-0.0661186	1.15666	-0.116427	-0.301445	2	-0.0427716	2	4	0	0.5	0.57244	0.390055
chr2:39500000-40000000	chr2	39500000	-0.860809	-0.0370131	-0.874769	-0.286962	2	0.484828	-0.108845	0.508528	-0.103859	0.186616	2	-0.00178639	2	2	0	0.5	0.566993	0.398304
chr2:40000000-40500000	chr2	40000000	-0.977026	-0.0121601	-0.716113	-0.26148	1	0.0640995	-0.375944	-1.19725	-0.00888235	nan	1	nan	1	2	0	0.5	0.561547	0.381386
chr2:40500000-41000000	chr2	40500000	-0.959018	0.263129	-0.515113	0.066512	0	-0.0209522	-0.252359	-1.33404	-0.0103196	nan	0	nan	0	0	0	0.5	0.5561	0.348319
chr2:41000000-41500000	chr2	41000000	-0.101486	0.230991	-0.0249195	0.124462	0	-0.0286428	-0.258371	-1.38915	-0.0844167	nan	0	nan	0	0	0	0.5	0.550654	0.35907
chr2:41500000-42000000	chr2	41500000	0.205695	-0.0921561	0.0466374	-0.162421	0	0.528573	-0.318675	-1.19422	0.0124894	nan	0	nan	0	3	0	0	0.545207	0.408164
chr2:42000000-42500000	chr2	42000000	-0.813992	0.0587147	-0.677368	-0.40144	4	0.970039	0.091774	0.514566	-0.0954489	-0.193537	3	-0.0659555	3	6	0	0	0.53976	0.426517
chr2:42500000-43000000	chr2	42500000	-0.566871	-0.182902	-0.795343	-0.245315	3	1.10104	0.104042	1.2908	0.022741	0.237464	2	nan	1	4	0	0	0.534314	0.453656
chr2:43000000-43500000	chr2	43000000	-0.762875	-0.00727454	-0.724932	-0.254371	1	1.13289	0.165833	1.34434	0.0169073	nan	1	nan	1	4	0	0	0.528867	0.46006
chr2:43500000-44000000	chr2	43500000	-0.867686	-0.0715917	-0.735385	-0.542288	7	1.14417	-0.0397726	1.38006	-0.00200305	0.0266901	5	-0.0369581	3	4	0	0	0.52342	0.397982
chr2:44000000-44500000	chr2	44000000	-0.634862	-0.378949	-0.512547	-0.44233	4	1.05362	0.103633	1.33507	-0.0442604	0.0876455	3	-0.126902	3	3	0	0	0.517974	0.400738
chr2:44500000-45000000	chr2	44500000	-0.0633366	-0.31634	-0.111676	-0.239573	1	0.917037	0.0162544	1.38814	-0.0949502	nan	0	nan	0	12	0	0	0.512527	0.420315
chr2:45000000-45500000	chr2	45000000	-0.0932137	-0.435304	-0.23877	-0.330664	1	1.07145	-0.00232526	0.757051	-0.101719	nan	1	nan	0	6	0	0	0.507081	0.424924
chr2:45500000-46000000	chr2	45500000	-0.582468	0.133734	-0.59407	-0.241169	2	1.09259	-0.133376	1.27821	-0.0403534	-0.272302	2	0.00529798	2	3	0	0	0.501634	0.428025
chr2:46000000-46500000	chr2	46000000	-0.65771	0.0850397	-0.879775	-0.133078	2	1.10176	0.0304905	1.16987	0.0320311	nan	1	nan	1	2	0	0	0.496187	0.440752
chr2:46500000-47000000	chr2	46500000	-1.03994	0.149235	-0.887634	-0.220609	7	1.12896	0.106367	1.26404	0.0307874	0.0485756	7	-0.0216732	7	5	0	0	0.490741	0.436077
chr2:47000000-47500000	chr2	47000000	-0.565355	-0.17567	-0.785816	-0.174788	4	1.2055	-0.0478356	1.29953	0.0117944	0.0751086	3	0.0995004	3	4	0	0	0.485294	0.459834
chr2:47500000-48000000	chr2	47500000	-0.281957	-0.0698855	-0.481645	-0.10329	3	0.626488	0.0110181	1.41698	0.0205769	-0.074163	3	-0.0649365	2	6	0	1	0.479847	0.432863
chr2:48000000-48500000	chr2	48000000	-0.212072	-0.10288	-0.287943	0.058804	2	0.30464	0.015956	1.11506	-0.147891	-0.0208774	2	0.0647514	2	2	0	1	0.474401	0.400234
chr2:48500000-49000000	chr2	48500000	1.18769	-0.191022	0.824584	0.0219285	3	-0.582835	-0.209983	0.404365	-0.0740779	0.351355	2	nan	1	3	0	1	0.468954	0.408782
chr2:49000000-49500000	chr2	49000000	0.914278	0.133075	0.784943	0.19436	1	-1.08258	-0.140117	-1.16373	-0.094059	nan	0	nan	0	0	0	1	0.463508	0.379634
chr2:49500000-50000000	chr2	49500000	0.804093	0.210182	0.751304	0.381223	0	-0.6962	-0.212163	-1.30685	-0.0232422	nan	0	nan	0	0	0	1	0.458061	0.36717
chr2:50000000-50500000	chr2	50000000	0.677817	0.25847	0.688521	0.463981	0	-0.698142	-0.188377	-1.30151	-0.111808	nan	0	nan	0	1	0	1	0.452614	0.35794
chr2:50500000-51000000	chr2	50500000	0.615008	0.16211	0.71115	0.384648	0	-1.16723	-0.0986276	-1.22958	-0.0352465	nan	0	nan	0	0	0	1	0.447168	0.356338
chr2:51000000-51500000	chr2	51000000	0.473256	0.441659	0.626562	0.556017	1	-1.37693	-0.0352861	-1.279	-0.071729	nan	1	nan	1	1	0	1	0.441721	0.358377
chr2:51500000-52000000	chr2	51500000	0.0999603	0.356996	0.538263	0.296062	0	-1.311	-0.0829134	-1.20869	-0.0935332	nan	0	nan	0	0	0	1	0.436275	0.349455
chr2:52000000-52500000	chr2	52000000	0.25359	0.144214	0.387613	0.450634	0	-1.02839	-0.188799	0.103916	-1.26065	nan	0	nan	0	0	0	1	0.430828	0.354303
chr2:52500000-53000000	chr2	52500000	0.646065	0.103711	0.621275	0.408669	0	-1.20929	-0.186279	-0.95108	-0.370715	nan	0	nan	0	2	0	0	0.425381	0.364516
chr2:53000000-53500000	chr2	53000000	0.260221	-0.00680071	0.225449	0.144897	0	-0.946949	-0.014386	-1.20125	-0.0563358	nan	0	nan	0	0	0	0	0.419935	0.372397
chr2:53500000-54000000	chr2	53500000	-0.296061	-0.132809	-0.351786	-0.0416064	5	-0.129368	0.160609	-0.845219	-0.0993797	-0.167812	5	-0.00277954	5	4	0	0	0.414488	0.395922
chr2:54000000-54500000	chr2	54000000	-1.02133	0.00320968	-0.966951	-0.190809	4	0.544174	0.0151777	0.814372	-0.00466684	nan	1	-0.032074	2	4	0	0	0.409041	0.402415
chr2:54500000-55000000	chr2	54500000	-1.09692	0.132433	-1.08208	-0.0251864	1	0.795728	-0.0816719	0.605804	0.0248984	nan	1	nan	1	3	0	1	0.403595	0.414584
chr2:55000000-55500000	chr2	55000000	-1.22386	-0.00490039	-0.949359	0.00766759	5	0.635106	0.0467292	1.12519	-0.0438998	0.0373103	5	0.000199802	5	5	0	1	0.398148	0.395809
chr2:55500000-56000000	chr2	55500000	-0.646888	-0.163705	-0.328212	-0.308741	4	-0.647161	0.304486	0.957641	-0.069041	0.00871805	4	0.24023	4	4	0	1	0.392702	0.392679
chr2:56000000-56500000	chr2	56000000	0.0732363	-0.175264	0.129463	-0.131291	1	-1.07673	0.143345	-0.896816	-0.00160801	nan	1	nan	1	1	0	1	0.387255	0.387108
chr2:56500000-57000000	chr2	56500000	0.123075	-0.206411	0.22325	-0.0669317	0	-1.32105	-0.141717	-0.881408	0.468756	nan	0	nan	0	0	0	1	0.381808	0.360112
chr2:57000000-57500000	chr2	57000000	0.13707	-0.000771809	0.387621	0.285121	0	-1.27354	0.05145	-1.27858	0.0813915	nan	0	nan	0	0	0	1	0.376362	0.355025
chr2:57500000-58000000	chr2	57500000	0.394679	-0.0179462	0.704396	-0.00744643	0	-1.18759	-0.00884605	-0.757493	0.290543	nan	0	nan	0	0	0	1	0.370915	0.355296
chr2:58000000-58500000	chr2	58000000	-0.00481841	-0.055083	0.311466	0.06934	2	-1.19662	0.0701733	0.663867	0.0621394	-0.277771	2	-0.0441804	2	3	0	1	0.365468	0.362041
chr2:58500000-59000000	chr2	58500000	0.216383	-0.209738	0.467338	-0.199779	0	-1.20821	0.0397533	-1.01866	-0.0603074	nan	0	nan	0	0	0	1	0.360022	0.374335
chr2:59000000-59500000	chr2	59000000	0.665723	-0.0448945	0.612962	0.0969224	0	-1.05919	0.0775469	-1.15712	-0.0979838	nan	0	nan	0	0	0	1	0.354575	0.376157
chr2:59500000-60000000	chr2	59500000	0.899719	0.106309	0.792971	0.168005	0	-0.767616	0.0344041	-1.17853	-0.106117	nan	0	nan	0	0	0	1	0.349129	0.388018
chr2:60000000-60500000	chr2	60000000	0.78591	0.004216	0.393219	0.0923638	0	-0.396278	-0.192092	-0.957364	0.185677	nan	0	nan	0	1	0	1	0.343682	0.424442
chr2:60500000-61000000	chr2	60500000	-0.166502	-0.180466	-0.101603	-0.279076	3	-0.0137214	-0.00144631	0.342988	-0.0819964	-0.130144	3	0.0757023	3	7	0	1	0.338235	0.424879
chr2:61000000-61500000	chr2	61000000	-1.30981	0.270011	-1.30103	0.113242	5	1.04098	-0.0633642	1.43038	-0.0163635	0.0314101	5	0.0730537	4	3	0	0	0.332789	0.399016
chr2:61500000-62000000	chr2	61500000	-0.8924	-0.1083	-1.01313	-0.149826	4	0.920278	0.0636334	1.40616	-0.00308718	0.061808	4	-0.0823703	4	5	0	0	0.327342	0.42652
chr2:62000000-62500000	chr2	62000000	-0.307909	-0.149458	-0.533726	-0.313956	1	0.560833	0.027794	1.3688	-0.0297193	nan	1	nan	1	2	0	0	0.321895	0.432792
chr2:62500000-63000000	chr2	62500000	-0.568573	-0.0169717	-0.404975	-0.0753325	2	-0.312944	0.148858	1.28513	-0.0474988	-0.165937	2	0.0445696	2	2	0	0	0.316449	0.381
chr2:63000000-63500000	chr2	63000000	-0.0135816	-0.00324491	0.106317	0.0925368	1	-0.956548	0.0738732	1.07846	-0.187158	nan	0	nan	0	6	0	0	0.311002	0.372799
chr2:63500000-64000000	chr2	63500000	-0.969629	0.0849894	-0.703462	-0.0390045	3	0.219855	-0.0246751	1.16861	-0.0497014	-0.0884749	3	0.01708	3	3	0	0	0.305556	0.382331
chr2:64000000-64500000	chr2	64000000	-0.93539	-0.00673932	-0.9306	-0.272683	3	1.0365	-0.00537327	1.39836	0.013803	0.0158366	3	-0.135885	3	3	0	0.5	0.300109	0.416853
chr2:64500000-65000000	chr2	64500000	-0.949497	-0.269677	-1.15701	0.122611	3	1.14648	-0.0625776	1.34106	-0.0178346	-0.27287	3	0.0664089	3	8	0	0.5	0.294662	0.42937
chr2:65000000-65500000	chr2	65000000	-0.709176	-0.314727	-0.904816	-0.281007	4	1.07316	0.0710762	1.38946	-0.0157784	-0.139778	4	-0.101052	4	6	0	0.5	0.289216	0.436048
chr2:65500000-66000000	chr2	65500000	0.0305027	0.138592	-0.100371	-0.226769	0	0.852966	-0.31345	0.933542	-0.0671004	nan	0	nan	0	0	0	0.5	0.283769	0.419528
chr2:66000000-66500000	chr2	66000000	0.144221	-0.0610597	-0.000665217	-0.0682804	1	0.740787	-0.313601	-0.769165	0.034751	nan	1	nan	1	6	0	0.5	0.278322	0.397531
chr2:66500000-67000000	chr2	66500000	-0.912883	0.116784	-0.568308	-0.241085	0	0.593839	-0.141934	-0.904452	-0.126734	nan	0	nan	0	2	0	0.5	0.272876	0.383081
chr2:67000000-67500000	chr2	67000000	-0.927453	-0.00531613	-0.971378	-0.139922	1	0.462742	-0.174077	-0.826584	-0.333012	nan	1	nan	1	1	0	0.5	0.267429	0.372446
chr2:67500000-68000000	chr2	67500000	-0.420819	0.0160879	-0.776454	-0.0623531	0	0.691124	-0.0998866	-0.317016	-0.61735	nan	0	nan	0	0	0	0.5	0.261983	0.403965
chr2:68000000-68500000	chr2	68000000	-1.14457	0.132699	-1.13877	0.133115	8	1.06946	-0.109759	0.445161	-0.0430497	0.0011392	7	-0.0311486	6	4	0	0.5	0.256536	0.39134
chr2:68500000-69000000	chr2	68500000	-0.839238	-0.0605642	-0.976099	0.0506367	5	0.970808	0.0154498	0.719159	-0.114866	0.0463807	3	0.134487	2	2	0	0	0.251089	0.402245
chr2:69000000-69500000	chr2	69000000	-0.945649	0.0240224	-1.19367	0.00702554	3	1.03966	0.0189213	-0.0945824	-0.106427	-0.0357272	3	-0.0435995	3	4	0	0	0.245643	0.416618
chr2:69500000-70000000	chr2	69500000	-1.06329	0.0558959	-1.16368	0.0491247	6	1.28534	0.0312356	1.38478	-0.0213628	-0.107095	6	0.00424509	6	5	0	0	0.240196	0.421388
chr2:70000000-70500000	chr2	70000000	-0.509196	-0.222415	-0.825197	0.0313703	6	1.31923	0.0203545	1.44499	-0.017644	-0.0403027	6	0.0854333	6	9	0	0	0.234749	0.445275
chr2:70500000-71000000	chr2	70500000	0.137148	-0.196853	0.0352966	-0.539204	9	1.31104	0.0609644	0.359287	-0.164638	-0.035941	5	0.0352163	4	13	0	0	0.229303	0.449802
chr2:71000000-71500000	chr2	71000000	-0.633896	-0.0798997	-0.659964	-0.230236	6	1.26117	0.0557833	0.647204	-0.0158042	-0.0124618	6	-0.0413258	6	7	0	0	0.223856	0.426932
chr2:71500000-72000000	chr2	71500000	-0.324992	-0.185859	-0.572573	-0.180194	0	1.18892	-0.0579481	0.166894	0.126134	nan	0	nan	0	3	0	0.5	0.21841	0.471382
chr2:72000000-72500000	chr2	72000000	-0.652087	-0.210528	-0.881887	-0.0480106	1	0.801474	-0.0998998	-0.693245	0.0172218	nan	1	nan	1	2	0	0.5	0.212963	0.408659
chr2:72500000-73000000	chr2	72500000	-1.09107	-0.0612865	-1.0324	-0.0439216	3	1.13938	0.0057677	-0.887591	0.149657	0.0760415	2	-0.0621451	2	5	0	0.5	0.207516	0.404409
chr2:73000000-73500000	chr2	73000000	-0.292764	-0.339754	-0.709555	0.0708173	9	1.16137	0.0664039	0.432128	0.114715	-0.043486	7	0.0487816	7	10	0	0.5	0.20207	0.453326
chr2:73500000-74000000	chr2	73500000	-0.350924	-0.207437	-0.551695	-0.274797	8	1.04831	0.0907499	1.23642	-0.0676181	-0.0996945	6	0.266268	6	5	0	0	0.196623	0.423959
chr2:74000000-74500000	chr2	74000000	-0.572064	-0.0227707	-0.90919	-0.082502	15	1.36934	-0.0606644	1.45151	0.0494683	-0.00522637	14	0.0331626	14	18	0	0	0.191176	0.467784
chr2:74500000-75000000	chr2	74500000	-0.501591	-0.117707	-0.411212	-0.445462	11	1.07564	-0.136868	1.41075	-0.0125488	-0.0497728	8	-0.021966	8	13	0	0	0.18573	0.443104
chr2:75000000-75500000	chr2	75000000	-0.139091	-0.0492625	-0.185851	-0.138529	1	0.275347	-0.384212	0.852599	0.0296552	nan	1	nan	0	1	0	1	0.180283	0.396862
chr2:75500000-76000000	chr2	75500000	0.321781	-0.165313	0.403556	0.0295089	3	-0.724792	0.121489	0.639161	-0.052724	-0.00253644	3	0.244007	3	4	0	1	0.174837	0.389122
chr2:76000000-76500000	chr2	76000000	0.792526	0.176925	0.685596	0.455505	0	-1.16186	-0.0892527	-0.939347	0.144381	nan	0	nan	0	0	0	1	0.16939	0.363297
chr2:76500000-77000000	chr2	76500000	0.376325	0.128435	0.58497	0.303689	0	-0.942563	-0.0814822	-0.589594	-0.0176675	nan	0	nan	0	0	0	1	0.163943	0.356111
chr2:77000000-77500000	chr2	77000000	0.404593	0.0639917	0.446135	0.340775	0	-1.07756	-0.079592	-0.845251	-0.344545	nan	0	nan	0	0	0	1	0.158497	0.348029
chr2:77500000-78000000	chr2	77500000	0.45066	0.204988	0.633457	0.343185	1	-1.10601	-0.0892566	-0.949821	-0.334837	nan	1	nan	1	0	0	1	0.15305	0.35176
chr2:78000000-78500000	chr2	78000000	0.472223	0.120135	0.680645	0.457227	0	-1.28022	0.0479941	-0.221684	-0.645292	nan	0	nan	0	0	0	1	0.147603	0.346763
chr2:78500000-79000000	chr2	78500000	0.436646	0.227147	0.711572	0.110005	0	-1.12637	0.0308877	-0.778641	-0.194276	nan	0	nan	0	1	0	1	0.142157	0.362831
chr2:79000000-79500000	chr2	79000000	1.13006	0.145534	0.97195	0.153222	4	-0.396902	-0.161627	-0.96498	-0.14909	nan	0	nan	0	0	0	1	0.13671	0.390443
chr2:79500000-80000000	chr2	79500000	0.742139	0.0869271	0.745326	0.163385	1	-0.407878	-0.0785897	-1.29515	-0.0141729	nan	1	nan	1	1	0	1	0.131264	0.376017
chr2:80000000-80500000	chr2	80000000	0.919247	-0.10878	0.711879	-0.0210954	1	-0.349505	-0.165385	-1.03824	-0.139116	nan	1	nan	1	3	0	1	0.125817	0.398845
chr2:80500000-81000000	chr2	80500000	0.949375	0.0545954	0.859149	0.220012	0	-0.714639	-0.11909	0.157255	0.0730728	nan	0	nan	0	0	0	1	0.12037	0.370967
chr2:81000000-81500000	chr2	81000000	0.597421	0.28374	0.798386	0.248141	0	-0.992398	-0.0232229	-1.12499	-0.0117243	nan	0	nan	0	2	0	1	0.114924	0.355174
chr2:81500000-82000000	chr2	81500000	0.482788	0.160406	0.78495	-0.0258756	0	-1.05704	-0.0879053	-1.24421	-0.084589	nan	0	nan	0	0	0	1	0.109477	0.359784
chr2:82000000-82500000	chr2	82000000	0.476207	0.0378539	0.50416	0.402161	0	-1.09973	-0.198107	-1.33043	-0.069772	nan	0	nan	0	0	0	1	0.104031	0.350516
chr2:82500000-83000000	chr2	82500000	0.0559766	0.120711	0.135966	0.322366	0	-1.21057	-0.174352	-1.31455	-0.0877758	nan	0	nan	0	0	0	1	0.0985839	0.349968
chr2:83000000-83500000	chr2	83000000	-0.0790165	0.333926	0.321683	0.0138754	0	-1.01859	-0.24676	-1.31386	-0.140613	nan	0	nan	0	0	0	0	0.0931373	0.354398
chr2:83500000-84000000	chr2	83500000	0.579107	0.22111	0.619759	0.419859	0	-0.969687	-0.137364	-1.38103	-0.0534344	nan	0	nan	0	0	0	0	0.0876906	0.360682
chr2:84000000-84500000	chr2	84000000	0.897037	-0.0741731	0.82837	0.0644107	1	-0.537073	-0.164479	-1.00466	-0.12735	nan	1	nan	1	2	0	0	0.082244	0.391883
chr2:84500000-85000000	chr2	84500000	0.332097	-0.139399	0.284118	-0.0980939	4	-0.351559	-0.0729631	-0.624342	-0.033764	0.168218	4	-0.0412647	3	4	0	0	0.0767974	0.409436
chr2:85000000-85500000	chr2	85000000	-0.489284	-0.234936	-0.654245	-0.285474	6	1.11484	-0.0609326	0.83825	-0.0200306	-0.0820342	5	0.126384	5	6	0	0	0.0713508	0.462125
chr2:85500000-86000000	chr2	85500000	-0.662582	-0.0801592	-0.908287	-0.11471	12	1.51869	-0.129086	1.42125	0.0122602	0.201598	10	-0.0746897	10	10	0	0	0.0659041	0.474421
chr2:86000000-86500000	chr2	86000000	-0.611689	0.023518	-0.854506	-0.129704	6	1.34195	-0.0459457	1.51595	-0.00694679	-0.104169	6	0.0396558	6	4	0	0	0.0604575	0.432104
chr2:86500000-87000000	chr2	86500000	-0.331732	-0.13176	-0.479624	-0.0867306	6	0.874843	0.173347	1.41474	0.0286772	-0.0808675	4	0.0832158	3	10	0	0	0.0550109	0.411942
chr2:87000000-87500000	chr2	87000000	nan	nan	nan	nan	1	nan	nan	0.33209	0.0101669	nan	1	nan	1	2	0	0	0.0495643	0.434227
chr2:87500000-88000000	chr2	87500000	nan	nan	nan	nan	2	nan	nan	0.0454336	0.10788	-0.0616473	2	nan	1	1	0	0	0.0441176	0.407267
chr2:88000000-88500000	chr2	88000000	0.716015	-0.0250105	0.612886	-0.149274	6	-0.368028	0.278213	0.261632	-0.0541936	-0.0226597	4	0.0360514	3	6	0	0	0.038671	0.436063
chr2:88500000-89000000	chr2	88500000	0.776151	-0.30542	0.574368	-0.07762	3	-1.17233	0.321652	-0.404369	0.0102581	-0.335061	2	-0.0485134	2	4	0	0	0.0332244	0.407771
chr2:89000000-89500000	chr2	89000000	nan	nan	nan	nan	0	nan	nan	-0.649709	0.00975374	nan	0	nan	0	0	0.338642	0	0.0277778	0.405099
chr2:89500000-90000000	chr2	89500000	nan	nan	nan	nan	0	-1.02167	0.0840323	nan	nan	nan	0	nan	0	3	0.197358	0	0.0223312	0.410463
chr2:90000000-90500000	chr2	90000000	nan	nan	nan	nan	0	-1.11532	0.311755	-0.773388	-0.131941	nan	0	nan	0	3	0.194978	0	0.0168845	0.41048
chr2:90500000-91000000	chr2	90500000	nan	nan	nan	nan	0	nan	nan	nan	nan	nan	0	nan	0	0	1	0	0.0114379	nan
chr2:91000000-91500000	chr2	91000000	nan	nan	nan	nan	0	nan	nan	nan	nan	nan	0	nan	0	2	0.805022	0	0.00599129	nan
chr2:91500000-92000000	chr2	91500000	nan	nan	nan	nan	0	nan	nan	-0.699362	-0.039811	nan	0	nan	0	8	0	0	0.000544662	0.436732
chr2:92000000-92500000	chr2	92000000	nan	nan	nan	nan	0	nan	nan	nan	nan	nan	0	nan	0	2	0.1	nan	0	0.386048
chr2:92500000-93000000	chr2	92500000	nan	nan	nan	nan	0	nan	nan	nan	nan	nan	0	nan	0	0	0	nan	0	0.383431
chr2:93000000-93500000	chr2	93000000	nan	nan	nan	nan	0	nan	nan	nan	nan	nan	0	nan	0	0	0	nan	0	0.383124
chr2:93500000-94000000	chr2	93500000	nan	nan	nan	nan	0	nan	nan	nan	nan	nan	0	nan	0	0	0	nan	0	0.383112
chr2:94000000-94500000	chr2	94000000	nan	nan	nan	nan	0	nan	nan	nan	nan	nan	0	nan	0	1	0.506	nan	0	nan
chr2:94500000-95000000	chr2	94500000	0.965225	0.189087	1.10666	0.300907	2	-1.39878	0.06329	-0.742999	-0.101327	nan	0	nan	0	6	0	nan	0	0.403186
chr2:95000000-95500000	chr2	95000000	0.948576	-0.317209	0.648739	-0.0401739	9	-0.574983	0.196487	0.391185	-0.0534534	-0.00443995	7	0.0570298	7	11	0	nan	0	0.468731
chr2:95500000-96000000	chr2	95500000	0.742973	-0.461128	0.3732	0.0126132	3	-1.02997	0.0537827	0.373946	0.029875	nan	1	nan	1	7	0	nan	0	0.413402
chr2:96000000-96500000	chr2	96000000	-0.148314	-0.139874	-0.442891	-0.17626	10	0.859927	-0.00954027	1.38797	-0.0252446	0.0197145	8	0.00219881	9	10	0	0	0.00171006	0.478181
chr2:96500000-97000000	chr2	96500000	-0.0183271	-0.408047	-0.388488	-0.192157	11	1.35799	-0.118318	1.32596	0.0841538	-0.0482612	9	0.0989305	10	15	0	0	0.00513019	0.491394
chr2:97000000-97500000	chr2	97000000	nan	nan	nan	nan	2	nan	nan	1.15179	-0.000468902	0.293002	2	0.0449892	2	2	0.1	0	0.00855031	0.40333
chr2:97500000-98000000	chr2	97500000	-0.171558	-0.254969	-0.279744	-0.0687882	6	0.933271	0.0770148	1.19405	-0.146376	0.137936	6	0.00389666	5	8	0	0	0.0119704	0.420822
chr2:98000000-98500000	chr2	98000000	0.250645	-0.224745	0.105231	-0.239437	3	0.93919	-0.0207543	1.15818	0.0406279	-0.336446	2	nan	1	3	0	0	0.0153906	0.429736
chr2:98500000-99000000	chr2	98500000	0.20791	-0.117766	0.134262	-0.208447	4	0.655129	0.0476706	1.1564	0.0886221	0.224365	4	-0.0285346	3	4	0	0	0.0188107	0.437327
chr2:99000000-99500000	chr2	99000000	-0.531634	-0.00559257	-0.380583	0.0200645	10	0.646702	0.000830226	1.21776	-0.0949783	0.143898	9	0.0511238	9	5	0	0	0.0222308	0.396339
chr2:99500000-100000000	chr2	99500000	-0.52283	0.125281	-0.512146	-0.25103	0	0.673555	-0.0543501	0.277109	-0.100527	nan	0	nan	0	1	0	0	0.0256509	0.418936
chr2:100000000-100500000	chr2	100000000	-0.432994	-0.0527783	-0.543131	-0.158573	4	0.754265	-0.0807071	-0.00857559	-0.203059	-0.0379574	3	0.239115	3	3	0	0	0.0290711	0.427353
chr2:100500000-101000000	chr2	100500000	-0.286269	-0.143339	-0.513972	-0.212494	2	0.637741	0.0459576	0.425916	-0.131847	-0.232514	2	0.0705943	2	2	0	0	0.0324912	0.447337
chr2:101000000-101500000	chr2	101000000	-0.764324	0.123072	-0.839556	-0.048306	6	0.921113	-0.146864	0.492309	0.115999	0.129216	5	0.0879642	5	6	0	0	0.0359113	0.440963
chr2:101500000-102000000	chr2	101500000	-0.737407	0.161661	-0.720217	-0.207447	2	0.616612	-0.147753	0.0484459	0.243708	0.094917	2	nan	1	1	0	0	0.0393314	0.42385
chr2:102000000-102500000	chr2	102000000	-0.474623	-0.032241	-0.509563	0.0486732	6	-0.150759	0.0170606	-0.394484	0.102029	0.0549121	4	nan	1	4	0	0.5	0.0427516	0.411137
chr2:102500000-103000000	chr2	102500000	0.967149	-0.0642828	0.708753	0.0483483	3	-1.01343	-0.0287078	-0.947391	-0.0246215	0.0713817	2	-0.0320973	2	2	0	0.5	0.0461717	0.395232
chr2:103000000-103500000	chr2	103000000	0.792827	0.310388	0.947966	0.246841	0	-1.40052	-0.0746871	-1.45263	-0.0615214	nan	0	nan	0	0	0	0.5	0.0495918	0.368175
chr2:103500000-104000000	chr2	103500000	0.550592	0.328514	0.654595	0.50188	0	-1.6298	0.0168511	-1.51521	0.0188342	nan	0	nan	0	0	0	0.5	0.0530119	0.35584
chr2:104000000-104500000	chr2	104000000	0.952724	0.178295	0.943147	0.200599	0	-1.45647	0.0686078	-1.48026	-0.0471941	nan	0	nan	0	0	0	0.5	0.056432	0.372936
chr2:104500000-105000000	chr2	104500000	1.02597	-0.000679711	0.920187	0.0686742	1	-1.20439	-0.0935814	-1.29734	-0.0602194	nan	1	nan	0	7	0	0.5	0.0598522	0.416765
chr2:105000000-105500000	chr2	105000000	0.116762	-0.00644332	0.197396	-0.16032	5	-0.202637	0.0433139	-0.147917	-0.115508	-0.113043	5	-0.0171558	4	9	0	0.5	0.0632723	0.427804
chr2:105500000-106000000	chr2	105500000	0.507735	0.0219593	0.286147	-0.159618	1	0.703647	-0.195844	0.382422	-0.153104	nan	1	nan	1	3	0	0	0.0666924	0.438519
chr2:106000000-106500000	chr2	106000000	0.771449	-0.085932	0.48965	-0.0786298	4	0.67134	-0.174305	0.10697	0.0683674	0.162757	3	0.00806698	2	6	0	0	0.0701125	0.428586
chr2:106500000-107000000	chr2	106500000	0.497143	-0.0310216	0.443255	0.0176725	1	0.24554	-0.129219	-0.942571	-0.0107975	nan	1	nan	1	2	0	0.25	0.0735327	0.409809
chr2:107000000-107500000	chr2	107000000	0.254657	0.339482	0.402464	0.0491221	0	0.110719	-0.101087	-1.39754	0.053239	nan	0	nan	0	0	0	0.25	0.0769528	0.383572
chr2:107500000-108000000	chr2	107500000	0.377907	-0.0218697	0.360997	0.122626	2	-0.107759	-0.162154	-1.35852	0.0124286	nan	1	nan	0	3	0	0.25	0.0803729	0.384414
chr2:108000000-108500000	chr2	108000000	0.175774	-0.13033	0.16106	-0.0502692	4	0.0788468	-0.214082	-1.07099	0.00560565	0.0526929	2	-0.00601127	3	1	0	0.25	0.083793	0.395309
chr2:108500000-109000000	chr2	108500000	-0.805354	-0.149901	-0.776058	0.0700668	4	0.966005	-0.043987	1.14777	0.030501	-0.0198767	3	0.0634383	3	4	0	0	0.0872132	0.418709
chr2:109000000-109500000	chr2	109000000	-0.290943	-0.368383	-0.614309	-0.226779	1	1.35599	-0.0393604	-0.0517314	-0.0712824	nan	1	nan	1	2	0	0	0.0906333	0.478283
chr2:109500000-110000000	chr2	109500000	nan	nan	nan	nan	4	1.50798	-0.21707	0.204005	-0.195827	-0.188571	4	nan	1	5	0	0	0.0940534	0.436404
chr2:110000000-110500000	chr2	110000000	nan	nan	nan	nan	4	1.5759	-0.0852057	0.842672	0.10059	0.3311	4	-0.0319693	2	8	0	0	0.0974735	0.444251
chr2:110500000-111000000	chr2	110500000	-0.677976	0.104411	-0.873749	0.0282127	3	1.33932	0.0184257	0.852267	0.0084256	0.0922035	3	-0.0734713	2	5	0	0	0.100894	0.4208
chr2:111000000-111500000	chr2	111000000	-0.673039	0.0393103	-0.850827	-0.0901961	1	1.4456	-0.0502869	0.173674	-0.0124731	nan	1	nan	1	4	0	0	0.104314	0.440424
chr2:111500000-112000000	chr2	111500000	-0.582972	-0.0480926	-0.731805	-0.157504	2	1.0993	0.22991	0.935333	0.033359	-0.265017	2	0.108575	2	2	0	0	0.107734	0.431465
chr2:112000000-112500000	chr2	112000000	-0.823174	-0.0117595	-0.554348	-0.21412	6	0.677112	0.28659	1.43891	-0.0146342	-0.0727853	6	-0.00467648	6	9	0	0.5	0.111154	0.413357
chr2:112500000-113000000	chr2	112500000	-0.395722	-0.269974	-0.423066	-0.310232	9	-0.0199725	0.341682	1.23379	-0.0306505	0.0676612	6	0.110552	4	4	0	0.5	0.114574	0.43608
chr2:113000000-113500000	chr2	113000000	0.0682601	-0.118311	0.115262	-0.490835	9	-0.0940724	0.397708	1.05209	-0.107701	0.0503648	4	-0.111084	2	10	0	0.5	0.117994	0.447664
chr2:113500000-114000000	chr2	113500000	-0.523805	0.0207802	-0.481825	-0.0739804	3	-0.497014	0.015354	0.354526	-0.105059	-0.220467	3	0.00280757	3	8	0	0.5	0.121414	0.416114
chr2:114000000-114500000	chr2	114000000	0.958349	0.100867	0.843679	0.129884	1	-1.46967	-0.0180198	-1.37545	-0.00416489	nan	1	nan	1	0	0	0.5	0.124835	0.390385
chr2:114500000-115000000	chr2	114500000	0.958003	0.404316	1.07647	-0.000928122	0	-1.15591	-0.12428	-1.42016	-0.107112	nan	0	nan	0	1	0	0.5	0.128255	0.376217
chr2:115000000-115500000	chr2	115000000	0.841779	0.0977848	0.622978	0.664101	0	-1.47423	-0.0692965	-1.46853	-0.0428156	nan	0	nan	0	1	0	0.5	0.131675	0.365864
chr2:115500000-116000000	chr2	115500000	0.573393	0.436994	0.616732	0.688188	0	-1.47459	-0.0299181	-1.49423	0.0218257	nan	0	nan	0	0	0	0.5	0.135095	0.355346
chr2:116000000-116500000	chr2	116000000	0.67649	0.430954	0.79531	0.434446	0	-1.64742	0.127835	-1.47012	-0.0621396	nan	0	nan	0	0	0	0.5	0.138515	0.364888
chr2:116500000-117000000	chr2	116500000	0.664953	0.289903	0.841839	0.283132	0	-1.67279	0.103169	-1.49353	0.00294944	nan	0	nan	0	0	0	0.5	0.141935	0.361653
chr2:117000000-117500000	chr2	117000000	0.757946	0.218127	0.747126	0.405697	0	-1.57668	0.0835847	-1.25462	0.0270276	nan	0	nan	0	0	0	0.5	0.145355	0.375311
chr2:117500000-118000000	chr2	117500000	0.969353	-0.118711	0.73857	-0.0380559	1	-1.19866	0.175581	0.0684117	0.126612	nan	1	nan	1	3	0	0.5	0.148775	0.408342
chr2:118000000-118500000	chr2	118000000	0.66733	-0.00145316	0.53644	0.0505156	2	0.065958	-0.0343832	-0.962048	0.0128751	-0.334884	2	-0.172154	2	4	0	0	0.152196	0.408057
chr2:118500000-119000000	chr2	118500000	1.0651	0.00964332	0.766178	0.171243	2	0.285578	-0.0637531	-0.236116	0.0149505	nan	1	nan	0	11	0	0	0.155616	0.433758
chr2:119000000-119500000	chr2	119000000	0.792789	-0.180796	0.596657	-0.152337	5	0.728575	0.0130161	0.774739	-0.0581706	0.0836926	5	0.0682081	4	8	0	0	0.159036	0.459853
chr2:119500000-120000000	chr2	119500000	-0.229067	-0.182917	-0.351834	0.158803	4	0.91442	-0.0250374	1.4041	0.0406394	0.176429	3	-0.0178472	4	4	0	0	0.162456	0.40775
chr2:120000000-120500000	chr2	120000000	-0.273093	-0.111431	-0.434623	-0.213651	4	1.23944	-0.202709	0.32474	-0.0553322	-0.0790991	4	0.0200589	3	9	0	0	0.165876	0.45926
chr2:120500000-121000000	chr2	120500000	-0.117229	-0.167404	-0.401541	-0.234901	1	1.29307	-0.07463	-0.0672202	-0.148245	nan	1	nan	1	9	0	0	0.169296	0.509119
chr2:121000000-121500000	chr2	121000000	-0.0958319	-0.40714	-0.406181	-0.348469	1	1.17094	-0.0410675	1.21457	0.011639	nan	0	nan	1	2	0	0	0.172716	0.460745
chr2:121500000-122000000	chr2	121500000	-0.0767708	0.123085	-0.350317	-0.00529068	4	0.726671	-0.11731	-0.390407	-0.155326	0.00127872	3	0.090964	3	4	0	0.5	0.176136	0.436604
chr2:122000000-122500000	chr2	122000000	0.976405	0.117477	0.898036	-0.0640613	0	-0.355245	-0.0272615	0.436437	0.145571	nan	0	nan	0	0	0	0.5	0.179557	0.411217
chr2:122500000-123000000	chr2	122500000	0.480407	0.136192	0.417975	0.188726	0	-0.781886	0.211121	-0.688834	0.019595	nan	0	nan	0	0	0	0.5	0.182977	0.371165
chr2:123000000-123500000	chr2	123000000	0.136432	-0.0710102	0.21096	0.275246	0	-0.765694	0.0659323	-1.43767	-0.0445089	nan	0	nan	0	0	0	0.5	0.186397	0.352477
chr2:123500000-124000000	chr2	123500000	0.44761	0.362391	0.63828	0.204153	0	-0.652616	0.0182989	-1.36313	-0.0507573	nan	0	nan	0	0	0	0.5	0.189817	0.3652
chr2:124000000-124500000	chr2	124000000	0.603757	0.147046	0.657299	0.249333	1	-0.467032	0.0215838	-1.36227	-0.0288975	nan	1	nan	0	1	0	0.5	0.193237	0.386126
chr2:124500000-125000000	chr2	124500000	0.637766	0.156992	0.615523	0.108302	0	-0.521959	0.166095	-0.571978	-0.0948713	nan	0	nan	0	0	0	0.5	0.196657	0.390366
chr2:125000000-125500000	chr2	125000000	0.371958	0.362064	0.545609	0.467345	0	-0.739732	-0.0198529	0.425546	-0.164861	nan	0	nan	0	0	0	0.5	0.200077	0.361457
chr2:125500000-126000000	chr2	125500000	0.697206	0.270981	0.597201	0.408226	0	-0.7153	0.192182	-1.35532	0.00902728	nan	0	nan	0	0	0	0.5	0.203497	0.369048
chr2:126000000-126500000	chr2	126000000	0.69981	0.235221	0.615404	0.362276	0	-0.67746	-0.0102712	-1.05957	-0.0577114	nan	0	nan	0	0	0	0.5	0.206918	0.381903
chr2:126500000-127000000	chr2	126500000	0.891243	-0.166958	0.335534	0.182005	2	-0.100774	0.215714	-0.347707	-0.0593446	nan	1	nan	1	5	0	0.5	0.210338	0.442017
chr2:127000000-127500000	chr2	127000000	-0.308882	-0.288926	-0.618582	0.0976058	5	1.07414	0.131735	1.33963	0.0102304	0.00778499	4	0.451031	3	12	0	0.5	0.213758	0.46012
chr2:127500000-128000000	chr2	127500000	-0.620058	-0.0523233	-0.846273	0.057044	8	1.54237	-0.0577626	1.42708	0.0111021	-0.177298	7	0.0883752	6	13	0	0.5	0.217178	0.461617
chr2:128000000-128500000	chr2	128000000	0.0543451	-0.13096	-0.236477	0.02247	3	1.50214	-0.0898522	0.195178	-0.0135431	-0.00991836	3	0.0461567	3	11	0	0.5	0.220598	0.471721
chr2:128500000-129000000	chr2	128500000	0.515287	0.103329	0.183555	0.377763	0	1.21008	-0.0459481	0.737605	-0.173674	nan	0	nan	0	3	0	0.5	0.224018	0.44748
chr2:129000000-129500000	chr2	129000000	0.783878	0.211975	0.449273	0.293268	0	0.983237	-0.0124123	0.39997	0.11331	nan	0	nan	0	0	0	0	0.227438	0.411142
chr2:129500000-130000000	chr2	129500000	0.924811	0.0283886	0.58604	0.115631	1	0.990929	0.106439	0.178647	-0.0477526	nan	1	nan	0	5	0	0	0.230858	0.43689
chr2:130000000-130500000	chr2	130000000	0.710424	-0.274321	0.440756	0.0352791	8	1.47902	-0.00788873	0.442522	0.111624	0.0417548	6	0.0699119	5	19	0	0	0.234278	0.454534
chr2:130500000-131000000	chr2	130500000	0.869627	-0.218474	0.364285	0.105372	7	1.18619	-0.241239	0.514207	-0.173656	-0.576148	5	0.374268	2	12	0	0	0.237699	0.4651
chr2:131000000-131500000	chr2	131000000	0.720322	-0.166209	0.516399	-0.116802	7	0.593685	-0.0326959	0.973045	-0.126618	0.10004	6	-0.03045	5	17	0	0	0.241119	0.439539
chr2:131500000-132000000	chr2	131500000	0.374219	-0.0352679	0.666978	0.144763	1	-1.03404	0.239461	-0.461469	0.16254	nan	1	nan	1	8	0	0.25	0.244539	0.413067
chr2:132000000-132500000	chr2	132000000	0.451458	0.187652	0.440984	0.167057	2	-0.641751	-0.0770088	-0.89389	0.0601724	nan	1	nan	1	7	0	0.25	0.247959	0.401235
chr2:132500000-133000000	chr2	132500000	0.508859	-0.394002	0.272582	-0.216449	1	-1.14145	-0.0275624	-1.14404	0.0196187	nan	1	nan	1	3	0	0.25	0.251379	0.411066
chr2:133000000-133500000	chr2	133000000	0.0344102	-0.146442	0.241486	-0.402065	0	-1.3674	0.164302	-0.824182	0.17673	nan	0	nan	0	1	0	0.25	0.254799	0.389017
chr2:133500000-134000000	chr2	133500000	0.00717259	-0.134036	0.0475389	-0.187539	1	-0.789778	0.183984	-0.156297	0.0168422	nan	1	nan	1	0	0	0.25	0.258219	0.407404
chr2:134000000-134500000	chr2	134000000	0.326587	-0.192968	0.373633	-0.664546	1	0.00244324	0.0467777	1.07054	0.0917933	nan	1	nan	1	3	0	0.25	0.261639	0.430483
chr2:134500000-135000000	chr2	134500000	0.492026	-0.0695184	0.451635	-0.158334	3	-0.173392	0.0194361	1.19702	0.0850069	0.0974423	3	-0.174823	2	2	0	0	0.26506	0.420638
chr2:135000000-135500000	chr2	135000000	0.126651	-0.148425	0.045706	-0.0730771	2	-1.16755	0.323171	1.25784	0.00800126	nan	1	nan	1	1	0	0	0.26848	0.390723
chr2:135500000-136000000	chr2	135500000	-0.0197213	-0.250062	0.0997358	-0.297025	6	-0.421272	0.0944545	1.43452	0.0157901	-0.0453172	6	-0.0396629	4	4	0	0	0.2719	0.397845
chr2:136000000-136500000	chr2	136000000	1.12492	-0.0837775	0.997822	-0.172606	1	-0.641697	0.0475394	0.214781	-0.102752	nan	1	nan	1	3	0	1	0.27532	0.424737
chr2:136500000-137000000	chr2	136500000	1.18542	0.348285	1.13736	0.0929554	1	-1.64017	0.104591	-1.38061	-0.00130617	nan	0	nan	0	1	0	1	0.27874	0.391871
chr2:137000000-137500000	chr2	137000000	0.598571	0.217908	0.774774	0.00648963	0	-1.58727	0.0447522	-1.43968	-0.0355745	nan	0	nan	0	0	0	1	0.28216	0.375172
chr2:137500000-138000000	chr2	137500000	0.723573	0.113546	0.684925	0.489985	1	-1.39533	0.0597968	-0.700935	0.0209151	nan	1	nan	1	0	0	1	0.28558	0.374609
chr2:138000000-138500000	chr2	138000000	0.155566	0.0730921	0.318232	0.145564	0	-0.306412	-0.194434	0.474018	0.0651435	nan	0	nan	0	0	0	1	0.289	0.375616
chr2:138500000-139000000	chr2	138500000	0.447069	0.100658	0.406648	0.0394968	2	-0.544172	-0.113368	-1.02416	-0.159321	0.0992947	2	0.125389	2	2	0	1	0.292421	0.381066
chr2:139000000-139500000	chr2	139000000	0.553591	0.328119	0.694753	0.511942	0	-1.38145	-0.0886542	-1.44715	-0.0333948	nan	0	nan	0	0	0	1	0.295841	0.357893
chr2:139500000-140000000	chr2	139500000	0.657205	0.408255	0.759633	0.495921	0	-1.36487	-0.00417905	-1.43325	-0.0222664	nan	0	nan	0	0	0	1	0.299261	0.359547
chr2:140000000-140500000	chr2	140000000	0.413103	0.223869	0.652438	0.357599	0	-1.34095	-0.0417646	-1.43093	-0.0309984	nan	0	nan	0	0	0	1	0.302681	0.350908
chr2:140500000-141000000	chr2	140500000	-0.108143	0.124832	0.168857	0.286956	0	-1.23004	-0.0250569	-1.45592	0.014144	nan	0	nan	0	0	0	1	0.306101	0.344826
chr2:141000000-141500000	chr2	141000000	-0.252512	-0.15934	0.051693	-0.0688913	0	-1.1272	-0.133112	-1.4531	-0.00377083	nan	0	nan	0	0	0	1	0.309521	0.351932
chr2:141500000-142000000	chr2	141500000	-0.0546461	0.144581	0.355082	0.165323	0	-1.09443	-0.108053	-1.43036	-0.00329172	nan	0	nan	0	0	0	0	0.312941	0.350379
chr2:142000000-142500000	chr2	142000000	0.101495	0.254981	0.45069	0.185766	1	-1.46826	0.0435271	-1.43112	0.0667567	nan	1	nan	1	1	0	0	0.316361	0.353864
chr2:142500000-143000000	chr2	142500000	0.0544065	-0.0673104	0.356687	0.0316061	1	-1.51288	0.0264691	0.33957	0.015509	nan	1	nan	0	0	0	0	0.319782	0.364971
chr2:143000000-143500000	chr2	143000000	-0.142695	0.103941	0.209513	-0.206433	1	-1.11153	0.00229295	-0.0114156	-0.0296033	nan	0	nan	0	0	0	0	0.323202	0.360805
chr2:143500000-144000000	chr2	143500000	-0.436461	-0.0640319	-0.32858	-0.273652	0	-0.548636	-0.0728835	0.354635	-0.0881949	nan	0	nan	0	1	0	1	0.326622	0.379719
chr2:144000000-144500000	chr2	144000000	-0.704532	-0.0611359	-0.464575	-0.19231	1	-0.396308	-0.0986742	0.504666	-0.0127335	nan	0	nan	0	2	0	1	0.330042	0.373996
chr2:144500000-145000000	chr2	144500000	-0.704825	-0.0264588	-0.432275	-0.387917	1	-0.725459	0.0236401	-1.2455	-0.0122293	nan	1	nan	1	2	0	1	0.333462	0.371684
chr2:145000000-145500000	chr2	145000000	-0.754364	0.0329669	-0.701691	-0.124457	0	-1.04665	0.0359313	-0.936001	0.203915	nan	0	nan	0	0	0	1	0.336882	0.360444
chr2:145500000-146000000	chr2	145500000	-0.372578	-0.211104	-0.478904	-0.0224831	0	-1.15041	0.128348	-1.30927	0.368941	nan	0	nan	0	0	0	1	0.340302	0.354119
chr2:146000000-146500000	chr2	146000000	-0.20097	0.0146096	-0.136958	0.185065	0	-1.33683	0.0683042	-1.04164	0.378576	nan	0	nan	0	0	0	1	0.343722	0.350038
chr2:146500000-147000000	chr2	146500000	-0.3609	0.0793827	-0.227416	0.163936	0	-1.03015	0.00921762	-0.0957026	0.00986181	nan	0	nan	0	1	0	1	0.347143	0.360345
chr2:147000000-147500000	chr2	147000000	0.473248	0.157978	0.344133	0.273337	0	-0.914251	-0.0792095	0.321248	-0.0620555	nan	0	nan	0	0	0	1	0.350563	0.37693
chr2:147500000-148000000	chr2	147500000	-0.0332062	0.110178	0.102869	-0.0379996	1	-0.518367	-0.101389	0.867773	-0.0196274	nan	1	nan	1	1	0	1	0.353983	0.379325
chr2:148000000-148500000	chr2	148000000	-0.452107	-0.0744061	-0.278679	-0.0062134	2	-0.597353	-0.087533	0.885161	-0.0162541	-0.159126	2	0.0124738	2	1	0	0	0.357403	0.367185
chr2:148500000-149000000	chr2	148500000	-0.251143	-0.11687	-0.306897	-0.188041	2	0.147953	-0.0919827	0.358062	0.116014	0.52755	2	0.338851	2	3	0	0	0.360823	0.404429
chr2:149000000-149500000	chr2	149000000	-0.0936262	-0.301321	0.0156851	-0.61044	2	0.497307	-0.158305	-0.791339	0.0435816	0.429784	2	0.154564	2	4	0	0.25	0.364243	0.402412
chr2:149500000-150000000	chr2	149500000	-0.623402	-0.104941	-0.410487	-0.356293	1	-0.3807	-0.0049566	-1.42042	-0.000257981	nan	1	nan	1	0	0	0	0.367663	0.377823
chr2:150000000-150500000	chr2	150000000	-0.800081	-0.15223	-0.834897	-0.0136857	1	-0.535478	-0.00802719	-1.39618	-0.0595102	nan	1	nan	1	1	0	0	0.371083	0.378508
chr2:150500000-151000000	chr2	150500000	-0.667276	-0.0262899	-0.571634	-0.105275	0	-0.897967	0.0950961	-1.39867	-0.0231354	nan	0	nan	0	0	0	0	0.374504	0.384826
chr2:151000000-151500000	chr2	151000000	-0.390424	-0.0779004	-0.394507	-0.227069	4	-0.735997	0.203583	0.192958	-0.0272624	-0.0977343	4	0.107675	3	3	0	0	0.377924	0.393762
chr2:151500000-152000000	chr2	151500000	0.024604	0.0419897	0.382774	-0.442119	2	-0.407003	0.392324	0.863916	0.0209544	0.0828137	2	0.142976	2	1	0	0	0.381344	0.394417
chr2:152000000-152500000	chr2	152000000	-0.242335	-0.133444	-0.332851	-0.136363	3	-0.577443	0.0194555	1.10228	0.0293608	-0.250534	3	-0.00801543	2	3	0	0	0.384764	0.407079
chr2:152500000-153000000	chr2	152500000	0.149031	0.042528	0.311453	-0.196831	2	-1.14164	0.00534036	-0.835075	-0.0835716	-0.214558	2	-0.0406422	2	1	0	0	0.388184	0.387069
chr2:153000000-153500000	chr2	153000000	0.935098	0.267279	1.07269	0.172422	1	-1.61438	0.0346367	-1.49113	0.0466037	nan	1	nan	1	1	0	0	0.391604	0.373609
chr2:153500000-154000000	chr2	153500000	0.783522	0.379768	0.871266	0.572961	1	-1.70793	0.0931132	-1.51836	-0.00407631	nan	1	nan	1	3	0	0	0.395024	0.364253
chr2:154000000-154500000	chr2	154000000	0.420994	0.458589	0.748824	0.679981	0	-1.51562	0.00715378	-1.143	-0.017564	nan	0	nan	0	0	0	0.75	0.398444	0.35234
chr2:154500000-155000000	chr2	154500000	0.766232	0.414091	1.01108	0.546718	1	-1.5317	0.0538267	-0.726233	-0.029887	nan	1	nan	1	1	0	0.75	0.401865	0.353394
chr2:155000000-155500000	chr2	155000000	0.754804	0.337243	1.01664	0.489028	0	-1.56418	0.026546	-1.0079	0.0729758	nan	0	nan	0	0	0	0.75	0.405285	0.342762
chr2:155500000-156000000	chr2	155500000	0.769274	0.226262	1.00439	0.477017	0	-1.70606	0.105387	-1.25712	-0.083547	nan	0	nan	0	0	0	0.75	0.408705	0.346714
chr2:156000000-156500000	chr2	156000000	0.534897	-0.192656	0.831115	-0.214525	2	-1.23531	-0.105692	0.163284	-0.0830373	-0.296694	2	-0.11116	2	7	0	0.75	0.412125	0.379204
chr2:156500000-157000000	chr2	156500000	0.631607	-0.079977	0.796462	0.282463	0	-1.59722	0.0660442	-1.34662	0.00177323	nan	0	nan	0	0	0	0.75	0.415545	0.364235
chr2:157000000-157500000	chr2	157000000	0.678528	-0.192832	0.500962	0.227085	3	-1.57415	-0.0101899	-0.114292	0.0534022	0.110871	2	nan	1	0	0	0.75	0.418965	0.374193
chr2:157500000-158000000	chr2	157500000	-0.0194984	-0.0179276	-0.0395991	0.0518755	2	-1.32621	0.0592057	-1.19602	0.109873	-0.15112	2	nan	1	3	0	0.75	0.422385	0.391439
chr2:158000000-158500000	chr2	158000000	0.119702	-0.087732	0.415517	-0.238437	3	-1.34532	-0.0117268	-0.662675	0.00797894	0.224239	2	-0.0917936	2	1	0	0.75	0.425805	0.385692
chr2:158500000-159000000	chr2	158500000	-0.32716	-0.110904	-0.35326	-0.0424278	2	-0.668718	0.0105188	0.183311	-0.161347	nan	1	nan	1	1	0	0.75	0.429226	0.414164
chr2:159000000-159500000	chr2	159000000	-1.10901	0.0698741	-0.843308	-0.135305	1	0.57457	-0.0206243	1.34981	-0.0377232	nan	1	nan	1	1	0	0	0.432646	0.399692
chr2:159500000-160000000	chr2	159500000	-1.53184	0.34777	-1.06303	-0.0922133	4	0.599599	-0.161018	1.11693	0.149472	-0.0808536	3	0.0156588	2	4	0	0	0.436066	0.378822
chr2:160000000-160500000	chr2	160000000	-1.13103	0.206197	-0.84486	0.0114404	3	0.245372	-0.240797	-1.0641	0.269064	-0.000802357	3	0.0142644	2	4	0	0	0.439486	0.39894
chr2:160500000-161000000	chr2	160500000	-0.807969	-0.241049	-0.982999	-0.128251	0	0.245644	-0.187605	-0.828638	0.152001	nan	0	nan	0	0	0	0	0.442906	0.384559
chr2:161000000-161500000	chr2	161000000	-0.663563	-0.111941	-0.338709	-0.100132	3	-1.37794	0.155508	0.165544	0.0201381	0.104438	2	0.0293067	2	10	0	0	0.446326	0.37425
chr2:161500000-162000000	chr2	161500000	0.651479	0.00901521	0.795564	0.300132	1	-1.90156	0.143664	-1.31255	0.0355782	nan	0	nan	0	1	0	0	0.449746	0.358318
chr2:162000000-162500000	chr2	162000000	-0.0309779	-0.0303675	0.463893	-0.151364	5	-1.68411	0.175656	-1.01173	-0.0132644	-0.0162899	4	0.179317	3	2	0	0	0.453166	0.370231
chr2:162500000-163000000	chr2	162500000	0.555601	0.266127	1.17602	0.101406	1	-1.18552	-0.0336422	-1.18062	-0.0104637	nan	1	nan	1	0	0	0	0.456587	0.351625
chr2:163000000-163500000	chr2	163000000	0.0697334	-0.00167201	0.37008	0.0307307	0	-0.866601	0.0984963	-1.4513	-0.00968688	nan	0	nan	0	1	0	0.75	0.460007	0.357447
chr2:163500000-164000000	chr2	163500000	-0.26096	-0.165752	-0.0915345	-0.123512	1	-0.868174	0.119995	-1.31933	-0.0598109	nan	1	nan	1	1	0	0.75	0.463427	0.362626
chr2:164000000-164500000	chr2	164000000	0.124244	0.117662	0.54409	0.0359513	0	-1.24402	-0.0113044	-1.44148	-0.0358151	nan	0	nan	0	0	0	0.75	0.466847	0.361987
chr2:164500000-165000000	chr2	164500000	-0.401015	0.0242974	0.303639	-0.130909	3	-0.803461	0.133995	-0.675661	-0.092009	-0.165048	3	-0.226424	2	2	0	0.75	0.470267	0.367698
chr2:165000000-165500000	chr2	165000000	0.460895	0.0557325	0.804354	0.0100322	3	-1.43678	0.0955267	-0.140432	0.23204	0.00849097	3	0.12776	3	0	0	0.75	0.473687	0.360937
chr2:165500000-166000000	chr2	165500000	0.730451	-0.271139	1.06249	-0.143229	2	-1.29772	-0.109089	-0.652421	0.114336	-0.249807	2	0.0161042	2	2	0	0.75	0.477107	0.36937
chr2:166000000-166500000	chr2	166000000	0.382426	0.31849	0.914125	0.322686	3	-1.70716	0.0682513	-1.48676	-0.0907846	-0.170627	2	-0.423627	3	1	0	0.75	0.480527	0.351165
chr2:166500000-167000000	chr2	166500000	0.537963	0.24273	0.982073	0.473516	1	-1.46853	0.000645822	-1.17631	0.106816	nan	1	nan	1	0	0	0.75	0.483948	0.360767
chr2:167000000-167500000	chr2	167000000	0.267096	0.104268	0.497457	0.102394	1	-1.32381	-0.020349	-1.43488	-0.022558	nan	1	nan	1	1	0	0.75	0.487368	0.364377
chr2:167500000-168000000	chr2	167500000	0.862367	0.0859181	0.835899	0.0702199	0	-1.22372	-0.169803	-1.40451	-0.0110728	nan	0	nan	0	1	0	0.75	0.490788	0.381544
chr2:168000000-168500000	chr2	168000000	-0.28875	-0.117283	-0.138496	-0.151939	2	-0.204228	-0.295673	-0.952688	0.00703631	-0.0633769	2	-0.126134	2	2	0	0.75	0.494208	0.399105
chr2:168500000-169000000	chr2	168500000	-0.208096	0.119661	0.0496786	-0.289219	3	0.19856	-0.220298	-0.767472	-0.0887307	0.537252	2	-0.155182	2	1	0	0.75	0.497628	0.392405
chr2:169000000-169500000	chr2	169000000	-0.00636923	0.190417	0.211233	-0.313303	4	0.817007	-0.177296	0.429556	-0.137313	-0.0771164	4	-0.143245	4	3	0	0	0.501048	0.393065
chr2:169500000-170000000	chr2	169500000	-1.10468	-0.00516918	-0.859763	0.00259706	9	1.10862	0.0196668	1.45676	-0.0210521	0.0630404	8	-0.0122402	8	6	0	0	0.504468	0.391581
chr2:170000000-170500000	chr2	170000000	-0.46655	-0.0338033	-0.363748	-0.314441	1	1.18835	-0.143697	1.28269	-0.0757436	nan	0	nan	0	0	0	0	0.507888	0.394384
chr2:170500000-171000000	chr2	170500000	-0.269962	-0.00566643	-0.408467	-0.170487	4	1.27672	-0.101453	1.33107	-0.0277666	-0.129633	3	-0.21885	3	10	0	0	0.511309	0.420446
chr2:171000000-171500000	chr2	171000000	-1.11705	-0.0770111	-1.22354	0.0529219	3	1.17338	-0.0121313	1.51283	-0.00160231	0.0606652	3	-0.00918254	3	2	0	0	0.514729	0.390231
chr2:171500000-172000000	chr2	171500000	-1.08418	-0.167507	-1.00628	-0.169761	5	1.34212	0.0682537	1.44873	-0.021774	0.085121	5	0.0637479	5	5	0	0	0.518149	0.401094
chr2:172000000-172500000	chr2	172000000	-0.895197	-0.0542016	-0.873025	-0.292762	3	1.26155	0.0883969	0.818121	0.0439434	-0.267096	3	nan	1	13	0	0	0.521569	0.428589
chr2:172500000-173000000	chr2	172500000	-1.10914	0.0396138	-0.964398	-0.111898	2	1.25131	0.0312946	-0.0396806	-0.114828	-0.574365	2	-0.079475	2	2	0	0	0.524989	0.407905
chr2:173000000-173500000	chr2	173000000	-1.09875	-0.0537301	-0.943227	-0.195297	2	1.23006	0.0398894	0.487263	-0.228173	0.0629824	2	-0.186793	2	2	0	0	0.528409	0.405509
chr2:173500000-174000000	chr2	173500000	-0.940073	0.244294	-0.782163	-0.122919	1	1.21022	0.0944244	1.14409	-0.0950018	nan	1	nan	1	2	0	0	0.531829	0.408573
chr2:174000000-174500000	chr2	174000000	-1.21896	0.0314961	-1.08608	-0.0925035	5	1.35973	-0.0853283	1.4154	0.00238382	0.131223	3	-0.101128	3	9	0	0	0.535249	0.395615
chr2:174500000-175000000	chr2	174500000	-0.631838	-0.0151486	-0.625732	-0.030779	2	1.071	0.172214	0.505483	-0.140665	-0.245413	2	-0.106384	2	2	0	0	0.53867	0.406508
chr2:175000000-175500000	chr2	175000000	-0.410335	0.381834	-0.181289	-0.045755	3	1.10881	-0.0258668	-0.0263133	-0.167296	0.00289193	3	-0.0605765	3	3	0	0	0.54209	0.385556
chr2:175500000-176000000	chr2	175500000	0.309284	0.243428	0.302913	0.00809493	0	1.02352	-0.0476977	0.0478516	-0.196924	nan	0	nan	0	0	0	0	0.54551	0.388783
chr2:176000000-176500000	chr2	176000000	-0.0981513	0.063639	0.0705852	-0.0417559	12	1.1497	0.00254468	0.9122	-0.285866	0.0386847	6	-0.0912498	2	37	0	0	0.54893	0.413221
chr2:176500000-177000000	chr2	176500000	0.551537	0.329545	0.859188	-0.151024	0	1.10519	-0.0902481	1.41576	-0.0444953	nan	0	nan	0	1	0	0	0.55235	0.394987
chr2:177000000-177500000	chr2	177000000	-0.60487	0.179147	-0.214674	-0.0128643	3	1.2853	-0.237635	1.31038	-0.00957191	-0.0480585	3	-0.118924	3	3	0	0.5	0.55577	0.392904
chr2:177500000-178000000	chr2	177500000	0.287197	0.158573	0.443701	0.116089	2	1.24948	-0.155818	-0.0550141	-0.10717	-0.0450323	2	nan	0	2	0	0.5	0.55919	0.392862
chr2:178000000-178500000	chr2	178000000	-0.486641	0.356837	-0.0206405	-0.0728643	7	1.3005	0.0232621	0.960099	-0.173003	0.0200623	7	0.003572	7	7	0	0.5	0.56261	0.392153
chr2:178500000-179000000	chr2	178500000	-0.0142019	0.444244	0.421147	0.162906	1	0.872302	0.0563663	1.09527	-0.0100421	nan	1	nan	1	0	0	0.5	0.566031	0.378191
chr2:179000000-179500000	chr2	179000000	0.137681	0.167449	0.337069	0.0195161	2	0.42978	-0.186492	-0.627418	0.172517	-0.229228	2	-0.23531	2	1	0	0.5	0.569451	0.37742
chr2:179500000-180000000	chr2	179500000	0.192172	0.181585	0.539075	0.112274	1	0.136912	-0.159388	-1.10812	-0.0553011	nan	1	nan	1	1	0	0	0.572871	0.368328
chr2:180000000-180500000	chr2	180000000	-0.155343	0.183592	0.0773215	0.233296	1	-0.983522	-0.160154	-1.22376	0.305128	nan	1	nan	1	1	0	0	0.576291	0.364025
chr2:180500000-181000000	chr2	180500000	-0.307993	-0.0314653	-0.115055	-0.000316781	1	-1.00276	-0.215403	-1.11878	-0.0694187	nan	1	nan	1	1	0	0	0.579711	0.36214
chr2:181000000-181500000	chr2	181000000	-0.320039	-0.0790937	-0.125823	0.0516661	1	-1.09632	-0.0981017	0.778363	0.0180184	nan	1	nan	1	1	0	0	0.583131	0.3604
chr2:181500000-182000000	chr2	181500000	-0.488022	-0.0899652	0.054084	-0.274821	4	-0.400385	-0.230052	-0.839802	0.00958575	0.224393	2	-0.0585942	2	4	0	0	0.586551	0.37383
chr2:182000000-182500000	chr2	182000000	-0.28485	0.118875	0.0860302	-0.0697634	1	-0.56883	-0.128687	-1.38182	-0.0746934	nan	1	nan	1	0	0	0.75	0.589971	0.365707
chr2:182500000-183000000	chr2	182500000	-0.564736	-0.0559114	-0.543132	0.17679	2	0.145862	-0.0467651	-0.862852	0.0870589	-0.0904389	2	-0.196704	2	3	0	0.75	0.593392	0.373999
chr2:183000000-183500000	chr2	183000000	0.0470068	0.120669	0.3896	0.0101512	3	-1.03874	-0.0346871	-1.07858	-0.0117437	-0.0166206	3	0.00777045	3	2	0	0.75	0.596812	0.3778
chr2:183500000-184000000	chr2	183500000	0.739976	0.209931	1.11933	0.175286	0	-1.46576	0.0259022	-1.14752	-0.12533	nan	0	nan	0	0	0	0.75	0.600232	0.361134
chr2:184000000-184500000	chr2	184000000	0.124493	0.193837	0.780011	0.381584	0	-1.43395	-0.0700089	-0.329582	-0.282862	nan	0	nan	0	0	0	0.75	0.603652	0.341152
chr2:184500000-185000000	chr2	184500000	-0.000708893	0.0435539	0.507477	0.345706	1	-1.57825	0.105455	-0.785027	-0.0684047	nan	1	nan	1	1	0	0.75	0.607072	0.341671
chr2:185000000-185500000	chr2	185000000	0.379256	0.0491564	0.657794	0.41404	0	-1.57386	0.0901644	-1.30714	-0.00987019	nan	0	nan	0	0	0	0.75	0.610492	0.344742
chr2:185500000-186000000	chr2	185500000	0.42273	0.266879	0.932563	0.260741	1	-1.65632	0.10022	-1.05714	0.129049	nan	1	nan	1	1	0	0.75	0.613912	0.345292
chr2:186000000-186500000	chr2	186000000	0.697754	0.0450181	1.11781	-0.0539128	1	-1.59125	0.057097	0.280352	0.0630717	nan	1	nan	1	1	0	0.75	0.617332	0.360329
chr2:186500000-187000000	chr2	186500000	-0.571326	0.0633759	-0.175814	0.0212856	3	-0.985432	-0.0233932	-0.843052	0.417949	-0.430437	2	-0.127252	2	3	0	0.75	0.620753	0.372253
chr2:187000000-187500000	chr2	187000000	-0.0743456	-0.154047	0.359418	-0.0217441	1	-1.6514	0.176558	-0.606703	0.266195	nan	1	nan	1	0	0	0.75	0.624173	0.353377
chr2:187500000-188000000	chr2	187500000	-0.706164	-0.0929646	-0.459721	0.0200111	1	-1.24442	0.110126	-1.36053	0.0173658	nan	1	nan	1	0	0	0.75	0.627593	0.357214
chr2:188000000-188500000	chr2	188000000	-0.860209	0.050445	-0.428562	0.0068461	1	-1.01262	0.203518	-1.39187	-0.00674851	nan	1	nan	1	1	0	0.75	0.631013	0.36138
chr2:188500000-189000000	chr2	188500000	-1.01719	-0.0851843	-0.470361	0.153672	1	-1.48999	0.183849	-1.34897	-0.06572	nan	1	nan	1	0	0	0	0.634433	0.348967
chr2:189000000-189500000	chr2	189000000	-1.39232	-0.0188339	-0.776307	-0.0016233	2	-0.905409	0.105172	-0.599216	-0.158349	-0.0442573	2	-0.15936	2	1	0	0	0.637853	0.359656
chr2:189500000-190000000	chr2	189500000	-0.628295	-0.0756691	-0.562493	-0.143082	7	-0.733332	0.246159	1.04803	0.0159108	0.0692809	6	0.0257235	6	5	0	0	0.641273	0.374655
chr2:190000000-190500000	chr2	190000000	-0.177467	-0.316332	-0.261697	-0.265566	5	-0.525662	0.177619	1.23701	0.013738	0.209091	3	-0.229109	3	4	0	0	0.644693	0.389452
chr2:190500000-191000000	chr2	190500000	-1.05992	-0.248114	-0.855137	-0.0157772	3	0.360274	0.0435832	1.31182	0.00321693	-0.206827	3	-0.18352	3	3	0	0	0.648114	0.39006
chr2:191000000-191500000	chr2	191000000	-0.918065	-0.146717	-0.659407	-0.206437	3	0.0299155	0.00113774	0.102637	-0.0263105	-0.0715046	3	-0.310043	3	3	0	0.75	0.651534	0.394089
chr2:191500000-192000000	chr2	191500000	-0.557583	-0.0203377	-0.302986	-0.116849	2	-0.67938	-0.24773	0.285291	0.224733	0.141546	2	-0.0754662	2	2	0	0.75	0.654954	0.38952
chr2:192000000-192500000	chr2	192000000	-0.186823	-0.0205742	0.273329	-0.105583	1	-1.46716	0.0260204	-1.31763	0.159922	nan	1	nan	0	1	0	0.75	0.658374	0.353925
chr2:192500000-193000000	chr2	192500000	0.281435	0.211321	0.941854	0.328425	0	-1.76008	0.0717666	-1.36458	0.000252416	nan	0	nan	0	0	0	0.75	0.661794	0.345966
chr2:193000000-193500000	chr2	193000000	0.193418	0.202306	0.664178	0.487373	0	-1.73394	0.0805722	-1.32171	0.101353	nan	0	nan	0	0	0	0.75	0.665214	0.337417
chr2:193500000-194000000	chr2	193500000	-0.0730153	-0.0394271	0.550844	0.196924	0	-1.68053	-0.00183199	-1.05425	0.194354	nan	0	nan	0	0	0	0.75	0.668634	0.340835
chr2:194000000-194500000	chr2	194000000	0.460592	0.385891	0.940008	0.495943	0	-1.66263	0.00691272	-1.02068	0.223747	nan	0	nan	0	0	0	0.75	0.672054	0.340697
chr2:194500000-195000000	chr2	194500000	0.567411	0.391416	1.10908	0.386511	0	-1.69504	0.0383058	-1.21084	0.291998	nan	0	nan	0	0	0	0.75	0.675474	0.34124
chr2:195000000-195500000	chr2	195000000	0.436892	0.0394073	0.543442	0.167726	0	-1.38728	-0.128339	-0.70736	0.27074	nan	0	nan	0	0	0	0.75	0.678895	0.365862
chr2:195500000-196000000	chr2	195500000	-0.0278615	-0.0806211	0.358782	-0.0537754	1	-1.14167	0.119353	0.0101566	0.021297	nan	1	nan	1	1	0	0.75	0.682315	0.380306
chr2:196000000-196500000	chr2	196000000	-0.457295	0.0103005	0.065228	-0.189723	2	-0.983629	0.0343798	0.960276	0.0425481	-0.063226	2	-0.00321072	2	2	0	0.75	0.685735	0.387991
chr2:196500000-197000000	chr2	196500000	0.0696274	-0.372703	0.363203	-0.359408	5	-0.724878	-0.110985	1.11483	-0.0166856	-0.0384396	5	-0.132028	4	4	0	0	0.689155	0.38263
chr2:197000000-197500000	chr2	197000000	0.16592	-0.229593	0.230497	-0.299733	4	-0.244324	-0.0737692	1.35667	0.031611	-0.143005	4	-0.0595652	4	5	0	0	0.692575	0.41121
chr2:197500000-198000000	chr2	197500000	0.140594	0.0263018	0.458704	0.121146	6	-0.494794	0.0534999	0.911013	0.0802387	-0.0312049	5	-0.02524	4	4	0	0	0.695995	0.391473
chr2:198000000-198500000	chr2	198000000	0.676905	0.624096	1.09118	0.215048	0	-1.13912	0.0202103	-0.860088	0.0693973	nan	0	nan	0	0	0	0	0.699415	0.373726
chr2:198500000-199000000	chr2	198500000	0.666684	0.285762	0.959444	0.373423	0	-1.7714	0.139791	-0.904966	0.341357	nan	0	nan	0	0	0	0	0.702835	0.356908
chr2:199000000-199500000	chr2	199000000	0.628516	-0.0118448	0.9205	-0.251989	1	-1.56609	0.078243	-0.806085	0.155585	nan	1	nan	1	4	0	0	0.706256	0.379962
chr2:199500000-200000000	chr2	199500000	0.68951	-0.0247087	0.743182	-0.164336	4	-1.24183	0.117365	-0.474652	-0.0204348	0.139293	4	-0.00155111	4	5	0	0	0.709676	0.39556
chr2:200000000-200500000	chr2	200000000	-0.214042	-0.292968	-0.166144	-0.0965715	1	-1.006	0.161882	-0.0506265	0.0290331	nan	1	nan	1	1	0	0	0.713096	0.399563
chr2:200500000-201000000	chr2	200500000	-0.802241	-0.0235117	-0.576463	-0.201832	8	-0.0641858	0.208358	1.31568	-0.0380384	-0.0177211	8	-0.0186098	7	5	0	0	0.716516	0.410923
chr2:201000000-201500000	chr2	201000000	-0.860379	0.178352	-0.917679	-0.0281104	8	0.339508	0.338035	1.33163	-0.0318108	0.152889	8	0.0654216	7	4	0	0	0.719936	0.412577
chr2:201500000-202000000	chr2	201500000	-0.972016	0.0746736	-0.738108	-0.17276	5	0.77912	-0.0387588	1.29643	-0.140453	-0.00549851	4	0.005958	2	3	0	0	0.723356	0.406749
chr2:202000000-202500000	chr2	202000000	-0.945209	-0.0392448	-1.15527	-0.123855	5	1.14147	0.092136	1.46213	-0.0576212	0.0200961	5	-0.143418	4	6	0	0	0.726776	0.433403
chr2:202500000-203000000	chr2	202500000	-0.868369	-0.208675	-1.04794	0.142677	4	1.05154	-0.136904	1.39282	-0.0216825	-0.0246971	4	0.036698	4	4	0	0.5	0.730196	0.400321
chr2:203000000-203500000	chr2	203000000	-1.12001	0.121342	-0.938139	-0.068691	3	1.02651	0.0408911	1.22361	-0.117895	0.111152	3	-0.0138082	3	3	0	0.5	0.733617	0.393815
chr2:203500000-204000000	chr2	203500000	-0.739585	-0.00127395	-0.822683	-0.233058	4	1.072	-0.167044	0.00416193	-0.223937	nan	1	nan	1	1	0	0.5	0.737037	0.41019
chr2:204000000-204500000	chr2	204000000	-0.238454	-0.0812426	-0.192739	-0.635751	0	0.71499	-0.286523	-1.10394	-0.0650976	nan	0	nan	0	0	0	0	0.740457	0.401948
chr2:204500000-205000000	chr2	204500000	-0.491752	-0.310635	-0.318227	-0.341856	1	0.4712	-0.148495	-1.26099	-0.0361399	nan	1	nan	1	1	0	0	0.743877	0.372485
chr2:205000000-205500000	chr2	205000000	-0.333563	-0.252041	-0.171875	-0.4572	0	0.546876	-0.241921	-1.15195	-0.0241567	nan	0	nan	0	0	0	0	0.747297	0.375585
chr2:205500000-206000000	chr2	205500000	-0.213047	-0.333906	-0.445581	-0.513162	1	0.866061	-0.118631	0.586235	-0.166332	nan	1	nan	1	3	0	0	0.750717	0.432158
chr2:206000000-206500000	chr2	206000000	-0.737689	-0.156516	-0.807353	-0.285814	6	0.890543	0.0282926	1.24527	-0.00577786	-0.0217036	6	-0.0278584	5	4	0	0	0.754137	0.413079
chr2:206500000-207000000	chr2	206500000	-0.602648	-0.103561	-0.383186	-0.594626	5	0.560498	0.103835	0.432121	-0.0663083	0.0870154	2	0.103681	2	2	0	0	0.757557	0.389973
chr2:207000000-207500000	chr2	207000000	-1.00248	0.128529	-0.859632	-0.158414	1	0.742957	0.0353236	1.20897	-0.174813	nan	1	nan	1	1	0	0	0.760978	0.407143
chr2:207500000-208000000	chr2	207500000	-0.704568	-0.102724	-0.520486	-0.34465	4	0.769597	-0.00318004	0.929135	-0.129166	-0.293991	4	-0.04945	4	6	0	0	0.764398	0.420649
chr2:208000000-208500000	chr2	208000000	-0.150443	-0.0367944	-0.150536	-0.112212	9	0.0745923	0.00994015	-0.277356	0.00576542	0.182074	3	0.5767	6	8	0	1	0.767818	0.402889
chr2:208500000-209000000	chr2	208500000	0.864802	0.307583	0.935128	0.447028	0	-1.07282	0.0334957	-1.37515	-0.048461	nan	0	nan	0	0	0	1	0.771238	0.370275
chr2:209000000-209500000	chr2	209000000	0.438835	0.0671818	0.596046	0.329032	1	-0.697881	-0.216905	-1.30228	-0.0101907	nan	1	nan	1	3	0	1	0.774658	0.363694
chr2:209500000-210000000	chr2	209500000	0.424649	0.42233	0.653554	0.366084	1	-0.627076	-0.229989	-0.963589	-0.0457089	nan	1	nan	1	3	0	1	0.778078	0.368989
chr2:210000000-210500000	chr2	210000000	0.503732	0.0399631	0.879414	0.139897	5	-0.278232	-0.29181	-0.777937	0.119497	0.00425277	5	-0.114092	5	4	0	1	0.781498	0.375234
chr2:210500000-211000000	chr2	210500000	0.450598	0.471144	0.717867	0.349995	1	-0.181143	-0.327073	-1.35336	-0.0119373	nan	1	nan	1	0	0	1	0.784918	0.359994
chr2:211000000-211500000	chr2	211000000	0.497541	0.426338	0.876427	0.365207	0	-0.411891	-0.146669	-1.38912	-0.0699371	nan	0	nan	0	0	0	1	0.788339	0.357842
chr2:211500000-212000000	chr2	211500000	-0.0829255	0.649946	0.486539	0.431718	0	-0.47688	-0.1655	-0.649663	-0.348111	nan	0	nan	0	0	0	1	0.791759	0.349436
chr2:212000000-212500000	chr2	212000000	-0.86599	0.482544	-0.185491	0.445953	0	-0.323768	-0.0908419	-1.14553	-0.0601471	nan	0	nan	0	0	0	1	0.795179	0.342076
chr2:212500000-213000000	chr2	212500000	-0.0223469	-0.198128	0.188124	-0.0897824	1	-0.280672	-0.036689	0.41468	0.0201239	nan	1	nan	1	2	0	1	0.798599	0.36804
chr2:213000000-213500000	chr2	213000000	-0.383638	-0.191734	-0.0145904	-0.00208365	2	-0.200129	0.121907	0.611242	0.0170226	0.193925	2	-0.139815	2	2	0	1	0.802019	0.359846
chr2:213500000-214000000	chr2	213500000	-0.141736	0.00457944	0.129494	0.146588	0	-0.400141	0.184224	0.33566	-0.390997	nan	0	nan	0	0	0	1	0.805439	0.358144
chr2:214000000-214500000	chr2	214000000	-0.46357	-0.0955174	-0.093017	-0.218541	1	-0.50557	0.0857681	0.195111	-0.482509	nan	0	nan	0	0	0	1	0.808859	0.358187
chr2:214500000-215000000	chr2	214500000	-0.174512	-0.194991	-0.166339	-0.316776	1	-0.238111	0.00780152	0.429675	-0.151965	nan	1	nan	1	1	0	0	0.812279	0.377848
chr2:215000000-215500000	chr2	215000000	-0.898566	0.105545	-0.614177	-0.0299282	3	-0.0556203	0.0718532	0.430684	0.338001	0.0901248	3	0.565477	2	2	0	0	0.8157	0.392252
chr2:215500000-216000000	chr2	215500000	-0.989246	0.0241787	-0.818858	-0.293146	0	0.511595	-0.0104472	1.04341	0.16706	nan	0	nan	0	0	0	0	0.81912	0.400105
chr2:216000000-216500000	chr2	216000000	-0.790768	-0.0369751	-0.96691	-0.189791	7	1.09946	0.111856	1.00138	-0.153177	0.00208788	7	0.0140637	5	6	0	0	0.82254	0.4279
chr2:216500000-217000000	chr2	216500000	-0.529618	-0.18499	-0.949241	-0.240416	3	1.09936	0.0679448	-0.188582	-0.0573595	-0.0182855	2	-0.0726086	2	4	0	0	0.82596	0.454193
chr2:217000000-217500000	chr2	217000000	-0.950665	0.181154	-0.96497	-0.222577	0	1.02689	0.143302	-0.174203	-0.242456	nan	0	nan	0	0	0	0	0.82938	0.412203
chr2:217500000-218000000	chr2	217500000	-0.643441	-0.0242731	-0.892463	-0.211021	0	1.20136	0.10683	0.222078	-0.0786662	nan	0	nan	0	2	0	0	0.8328	0.467053
chr2:218000000-218500000	chr2	218000000	-0.690581	-0.167232	-0.91101	-0.197132	13	1.38373	0.111796	1.44675	0.013448	0.000602537	9	0.0305899	9	11	0	0	0.83622	0.479615
chr2:218500000-219000000	chr2	218500000	-0.843951	-0.149069	-1.01613	-0.0894135	15	1.27674	0.0631597	1.31764	-0.0491171	-0.0676918	11	0.332196	10	20	0	0	0.83964	0.463533
chr2:219000000-219500000	chr2	219000000	-0.774059	-0.133406	-1.13764	0.037348	22	1.28945	0.097473	1.20055	-0.0289755	0.0827242	19	0.0726562	15	26	0	0	0.843061	0.498198
chr2:219500000-220000000	chr2	219500000	-0.22459	-0.105733	-0.424885	0.0612806	7	1.15089	0.197308	-0.762159	0.0275036	-0.0136635	7	0.0347128	7	13	0	0	0.846481	0.462465
chr2:220000000-220500000	chr2	220000000	-0.0579619	-0.200299	-0.312449	-0.0192499	0	0.996157	-0.0668296	-1.22393	0.0439934	nan	0	nan	0	0	0	0	0.849901	0.397236
chr2:220500000-221000000	chr2	220500000	-0.37899	0.149395	-0.413484	0.060624	0	0.842569	0.174936	-1.02834	0.0698545	nan	0	nan	0	0	0	0.75	0.853321	0.38287
chr2:221000000-221500000	chr2	221000000	-0.0769531	-0.00997781	-0.207588	-0.0969943	0	0.955706	0.11464	-1.08584	0.0516786	nan	0	nan	0	0	0	0.75	0.856741	0.386595
chr2:221500000-222000000	chr2	221500000	0.168319	0.075157	0.116079	0.19929	1	1.02115	-0.0253152	-1.28757	-0.0585042	nan	1	nan	1	1	0	0.75	0.860161	0.388072
chr2:222000000-222500000	chr2	222000000	0.408278	0.181226	0.415835	0.0916997	3	1.08524	-0.0587567	-0.0870058	0.000292462	-0.121278	2	nan	1	10	0	0.75	0.863581	0.400387
chr2:222500000-223000000	chr2	222500000	-0.799594	0.132891	-0.518014	-0.147539	3	0.961144	0.20093	-0.10022	-0.043815	-0.108242	2	0.0323097	2	3	0	0.75	0.867001	0.407323
chr2:223000000-223500000	chr2	223000000	-0.417263	-0.328098	-0.568621	-0.241491	1	0.280898	0.219709	-1.33925	-0.0287847	nan	1	nan	1	1	0	0.75	0.870422	0.389781
chr2:223500000-224000000	chr2	223500000	-0.807086	0.0494321	-0.965745	-0.0390997	4	0.670443	0.0133888	-0.653241	0.11501	0.0488056	4	0.414126	4	3	0	0.75	0.873842	0.413202
chr2:224000000-224500000	chr2	224000000	-0.201746	-0.0133449	-0.153954	-0.251133	2	0.114668	0.29752	0.330808	-0.279761	nan	1	0.649008	2	2	0	0.75	0.877262	0.412331
chr2:224500000-225000000	chr2	224500000	-0.181974	-0.285202	-0.165922	-0.301084	2	-0.203264	-0.162362	0.500953	0.0318242	nan	1	nan	1	1	0	0	0.880682	0.398539
chr2:225000000-225500000	chr2	225000000	0.209535	-0.241984	0.125951	0.0588911	2	-0.760347	0.0287736	-1.12478	-0.130562	-0.104051	2	nan	0	1	0	1	0.884102	0.372657
chr2:225500000-226000000	chr2	225500000	0.0191355	-0.0881136	0.0346479	-0.134532	0	-0.5744	-0.14382	-1.31658	0.106212	nan	0	nan	0	1	0	1	0.887522	0.370944
chr2:226000000-226500000	chr2	226000000	-0.675351	-0.100992	-0.571038	-0.0401431	0	-0.112128	-0.0562595	-1.34353	0.0214423	nan	0	nan	0	0	0	1	0.890942	0.373278
chr2:226500000-227000000	chr2	226500000	-0.503957	-0.1242	-0.434426	-0.0773052	2	0.0228919	0.00234563	-0.34319	0.0440765	-0.352514	2	-0.170287	2	3	0	1	0.894362	0.398232
chr2:227000000-227500000	chr2	227000000	0.353728	-0.307132	0.154928	-0.234058	6	-0.143661	0.0758658	0.626461	-0.0573891	-0.118393	4	0.169832	3	3	0	1	0.897783	0.406296
chr2:227500000-228000000	chr2	227500000	0.0907386	0.0880289	0.0643479	-0.0656722	10	-0.199641	0.126942	-0.253153	-0.0542241	-0.0141262	2	nan	0	2	0	1	0.901203	0.408813
chr2:228000000-228500000	chr2	228000000	0.711055	0.348527	0.933334	0.270053	1	-0.444085	0.0669996	-1.31741	0.013535	nan	1	nan	1	1	0	1	0.904623	0.376557
chr2:228500000-229000000	chr2	228500000	0.399553	0.0363432	0.432672	0.117591	0	-0.797103	0.00576405	-1.29582	-0.00165276	nan	0	nan	0	0	0	1	0.908043	0.37664
chr2:229000000-229500000	chr2	229000000	0.742376	0.0187205	0.723381	-0.00635379	1	-0.91567	0.231885	-0.970246	0.0320231	nan	1	nan	1	1	0	1	0.911463	0.396923
chr2:229500000-230000000	chr2	229500000	-0.00557928	-0.219347	-0.352792	0.211288	3	-0.325059	0.15348	1.11386	-0.0234417	0.0384431	3	-0.0810202	2	2	0	1	0.914883	0.408801
chr2:230000000-230500000	chr2	230000000	-0.0527824	-0.21414	-0.324006	-0.152343	5	-0.929483	0.216987	1.20978	-0.0184936	0.317192	5	0.00695544	4	1	0	0	0.918303	0.412714
chr2:230500000-231000000	chr2	230500000	-0.445746	-0.136695	-0.607555	-0.0918063	4	0.142173	0.180114	1.38343	0.0316788	0.0749124	2	-0.01151	2	6	0	0	0.921723	0.448825
chr2:231000000-231500000	chr2	231000000	-0.786656	-0.0845935	-1.0889	-0.151159	6	0.983695	0.123249	1.39295	0.038316	0.0916379	6	0.0135228	5	11	0	0	0.925144	0.451658
chr2:231500000-232000000	chr2	231500000	-0.871621	0.0028437	-1.14652	0.119073	7	1.33363	-0.0181687	1.32422	-0.0135665	0.18813	5	0.0421358	4	13	0	0	0.928564	0.478566
chr2:232000000-232500000	chr2	232000000	-0.419651	-0.295595	-0.846897	-0.036565	4	1.24316	-0.105041	0.987028	-0.0571248	nan	1	nan	1	9	0	0	0.931984	0.462875
chr2:232500000-233000000	chr2	232500000	-0.79291	-0.106629	-0.974239	-0.184689	9	1.29053	0.139718	1.27087	-0.0368911	0.168153	5	0.018125	6	9	0	0	0.935404	0.461567
chr2:233000000-233500000	chr2	233000000	-0.380677	-0.285914	-0.701918	-0.221311	6	1.05484	0.151547	1.17994	0.0260614	0.0767096	4	-0.0656267	4	7	0	0	0.938824	0.470808
chr2:233500000-234000000	chr2	233500000	-0.583582	-0.103295	-0.610978	-0.318061	14	0.718745	0.137813	0.583283	-0.0587185	0.204716	3	0.00732619	2	6	0	0	0.942244	0.425061
chr2:234000000-234500000	chr2	234000000	-0.749817	0.0451224	-0.621791	-0.436605	2	0.926499	0.110663	0.261679	-0.177177	nan	1	nan	1	2	0	0	0.945664	0.433765
chr2:234500000-235000000	chr2	234500000	-0.605706	-0.189864	-0.848706	-0.0783475	1	1.01886	0.088791	-0.373289	-0.0636133	nan	1	nan	1	1	0	0.5	0.949084	0.447652
chr2:235000000-235500000	chr2	235000000	-0.588835	-0.271437	-0.978591	0.0684754	1	0.934496	0.00715196	-0.446778	0.00653247	nan	1	nan	1	3	0	0.5	0.952505	0.454027
chr2:235500000-236000000	chr2	235500000	-0.069253	-0.462374	-0.35849	-0.409705	0	1.08109	0.0239917	-0.246146	-0.0574302	nan	0	nan	0	6	0	0.5	0.955925	0.470968
chr2:236000000-236500000	chr2	236000000	-0.175068	-0.367842	-0.362515	-0.334091	2	1.00158	0.0680215	0.283524	-0.00584305	nan	1	nan	0	12	0	0.5	0.959345	0.457603
chr2:236500000-237000000	chr2	236500000	-0.397625	-0.215974	-0.456503	-0.395268	2	0.920733	0.112831	0.356006	0.0210636	nan	1	nan	1	2	0	0	0.962765	0.457875
chr2:237000000-237500000	chr2	237000000	-0.789935	-0.0971223	-0.636866	-0.427772	3	1.08515	0.0439933	0.214591	0.027951	0.0656319	3	-0.0935506	3	4	0	0	0.966185	0.443888
chr2:237500000-238000000	chr2	237500000	-0.734466	-0.141219	-0.923112	-0.057748	6	1.00461	0.262648	1.10448	0.0260935	-0.0296103	5	-0.122164	5	7	0	0	0.969605	0.471856
chr2:238000000-238500000	chr2	238000000	-0.109376	-0.497595	-0.384445	-0.19288	9	0.961151	0.26268	0.916612	-0.140834	0.0289318	9	0.0465094	9	17	0	0	0.973025	0.490997
chr2:238500000-239000000	chr2	238500000	0.3143	-0.383201	-0.0787502	-0.0845695	1	0.433766	0.752395	0.146825	-0.0155199	nan	1	nan	0	4	0.000776	0	0.976445	0.470305
chr2:239000000-239500000	chr2	239000000	0.573519	-0.379269	0.28182	-0.133917	1	1.05082	0.161519	0.728682	0.0100054	nan	1	nan	1	17	0	0	0.979866	0.506445
chr2:239500000-240000000	chr2	239500000	0.691159	-0.223908	0.44939	0.0283685	0	0.931114	0.293908	0.356987	-0.0336636	nan	0	nan	0	9	0	0	0.983286	0.49769
chr2:240000000-240500000	chr2	240000000	0.159879	-0.576339	-0.21715	-0.0893964	6	1.24739	0.0931373	0.549535	-0.0840221	0.211539	3	0.0415562	3	13	0	0	0.986706	0.501857
chr2:240500000-241000000	chr2	240500000	0.0405234	-0.540899	-0.4077	0.0271774	12	1.39478	-0.103634	0.997013	-0.151277	-0.0379915	8	0.164283	6	26	0	0	0.990126	0.553104
chr2:241000000-241500000	chr2	241000000	-0.649946	-0.059494	-0.775245	-0.237845	7	1.22364	0.02463	1.2415	-0.00203736	-0.0462577	7	0.0544368	6	13	0	0	0.993546	0.487311
chr2:241500000-242000000	chr2	241500000	-0.577425	-0.0437696	-0.673994	-0.118497	12	nan	nan	1.19003	-0.0481081	0.00460672	8	0.0818195	8	36	0	0	0.996966	0.530647
chr2:242000000-242500000	chr2	242000000	nan	nan	nan	nan	0	nan	nan	nan	nan	nan	0	nan	0	5	0.02	nan	1.00039	0.44799
chr3:0-500000	chr3	0	nan	nan	nan	nan	1	-1.37344	-0.076257	-0.301171	-0.582913	nan	0	nan	0	2	0.02	0.5	0.997153	0.375112
chr3:500000-1000000	chr3	500000	nan	nan	nan	nan	0	-1.36935	0.0473051	-1.20398	-0.106657	nan	0	nan	0	0	0	0.5	0.991458	0.364593
chr3:1000000-1500000	chr3	1000000	nan	nan	nan	nan	1	-0.863385	0.0132268	-1.34836	-0.0586229	nan	1	nan	1	0	0	0.5	0.985763	0.363318
chr3:1500000-2000000	chr3	1500000	nan	nan	nan	nan	0	-1.13228	-0.0860686	-1.39595	-0.0106704	nan	0	nan	0	0	0	0.5	0.980068	0.368505
chr3:2000000-2500000	chr3	2000000	nan	nan	nan	nan	1	-1.03821	-0.118323	-0.819685	-0.053644	nan	1	nan	1	1	0	0.5	0.974374	0.371291
chr3:2500000-3000000	chr3	2500000	nan	nan	nan	nan	0	-0.791553	-0.181689	0.254488	-0.161861	nan	0	nan	0	0	0	0.5	0.968679	0.385179
chr3:3000000-3500000	chr3	3000000	0.934401	0.258157	0.908029	0.288391	3	-0.610787	0.0290361	-0.692267	0.0160056	0.172121	2	-0.0241061	2	2	0	0	0.962984	0.394184
chr3:3500000-4000000	chr3	3500000	1.21178	0.0892175	1.09543	-0.025797	1	-0.988199	0.0869826	-1.13922	0.0153257	nan	1	nan	1	1	0	0	0.957289	0.393622
chr3:4000000-4500000	chr3	4000000	1.01296	0.168184	1.24701	-0.0686822	3	-0.647798	-0.0920295	-0.75551	0.000531309	0.0538024	3	0.128178	3	3	0	0.5	0.951595	0.398074
chr3:4500000-5000000	chr3	4500000	0.248066	-0.223933	0.239029	-0.285923	1	0.264118	-0.0845034	0.820986	-0.048716	nan	1	nan	1	4	0	0.5	0.9459	0.425502
chr3:5000000-5500000	chr3	5000000	0.578653	-0.0994024	0.467066	-0.00289599	2	-0.31068	-0.120244	0.872253	-0.0456772	-0.192068	2	-0.0339323	2	4	0	0.5	0.940205	0.422679
chr3:5500000-6000000	chr3	5500000	0.993048	0.277038	1.04659	0.166477	0	-1.24496	0.000502312	0.298706	-0.123155	nan	0	nan	0	0	0	0.5	0.93451	0.386069
chr3:6000000-6500000	chr3	6000000	0.759093	0.277795	0.793397	0.300993	0	-1.11285	0.0495265	0.68568	-0.191566	nan	0	nan	0	0	0	0.5	0.928815	0.373637
chr3:6500000-7000000	chr3	6500000	0.647702	0.477883	0.858202	0.255223	1	-1.10487	-0.0200436	0.735251	-0.152394	nan	0	nan	0	2	0	0.5	0.923121	0.37182
chr3:7000000-7500000	chr3	7000000	0.6414	0.260586	0.74233	0.43889	0	-1.02103	-0.145199	-0.201787	-0.22932	nan	0	nan	0	0	0	0.5	0.917426	0.37271
chr3:7500000-8000000	chr3	7500000	1.07014	0.106948	1.00486	0.102832	0	-1.17829	0.0323954	-0.927933	-0.125901	nan	0	nan	0	0	0	0.5	0.911731	0.391285
chr3:8000000-8500000	chr3	8000000	0.762752	-0.169426	0.818959	-0.16331	0	-0.520377	-0.0160647	-0.789476	0.00570995	nan	0	nan	0	0	0	0	0.906036	0.402242
chr3:8500000-9000000	chr3	8500000	-0.0851453	-0.322164	-0.0945752	-0.319881	5	0.788637	-0.257077	0.475647	0.0502275	0.0282195	4	0.108643	5	5	0	0	0.900342	0.439892
chr3:9000000-9500000	chr3	9000000	0.0216525	-0.336193	-0.121428	-0.266142	3	1.24082	-0.126733	1.16664	0.128939	0.0201611	3	0.0145638	3	3	0	0	0.894647	0.43992
chr3:9500000-10000000	chr3	9500000	-0.375517	-0.00823911	-0.773539	-0.0378219	17	1.43774	0.177391	1.3964	0.0532113	0.116373	15	0.103421	14	14	0	0	0.888952	0.478674
chr3:10000000-10500000	chr3	10000000	-0.157363	-0.171433	-0.451685	-0.266274	8	1.66444	-0.0251238	1.37678	0.0410945	0.183857	6	0.0992524	6	12	0	0	0.883257	0.482759
chr3:10500000-11000000	chr3	10500000	0.72713	-0.418472	0.574033	-0.58702	3	1.51415	-0.108546	0.621086	0.0544962	0.102414	2	nan	1	4	0	0	0.877563	0.476108
chr3:11000000-11500000	chr3	11000000	-0.1966	-0.241673	-0.244945	-0.42586	2	1.12041	0.0834849	0.835327	0.0372146	0.0745748	2	0.205821	2	4	0	0	0.871868	0.446473
chr3:11500000-12000000	chr3	11500000	-0.036451	-0.155703	-0.15989	-0.206904	2	1.17605	0.0144593	0.876218	-0.0192318	-0.276348	2	0.0746148	2	6	0	0.25	0.866173	0.443938
chr3:12000000-12500000	chr3	12000000	-0.374329	-0.16093	-0.466667	-0.280488	4	0.851857	0.0787716	0.451222	0.0597481	0.188247	3	0.103252	3	4	0	0.25	0.860478	0.410034
chr3:12500000-13000000	chr3	12500000	-0.355938	-0.275445	-0.601342	-0.262129	6	1.56823	0.0786385	1.35178	0.0156806	0.0222061	5	0.0501495	5	14	0	0.25	0.854784	0.482423
chr3:13000000-13500000	chr3	13000000	0.458727	-0.53837	-0.108781	-0.147538	3	1.58569	0.0266581	1.31901	-0.0223413	-0.157421	3	-0.0330547	3	5	0	0	0.849089	0.521636
chr3:13500000-14000000	chr3	13500000	0.515587	-0.128508	0.247947	-0.0542004	2	1.40809	0.0169202	0.810716	0.0151029	nan	1	nan	1	10	0	0	0.843394	0.487641
chr3:14000000-14500000	chr3	14000000	-0.10554	-0.174567	-0.417808	0.136471	5	1.35398	0.134746	1.13005	0.0799005	0.0034541	5	-0.0595421	5	4	0	0	0.837699	0.471467
chr3:14500000-15000000	chr3	14500000	0.0205645	-0.178113	-0.300611	-0.120893	5	1.49059	0.0282643	1.35874	0.0193526	-0.11271	5	-0.0321278	4	6	0	0	0.832005	0.472026
chr3:15000000-15500000	chr3	15000000	-0.294525	-0.305043	-0.711562	-0.264246	6	1.28708	-0.0808428	1.46216	0.0255866	0.0039265	6	-0.045582	6	6	0	0	0.82631	0.436257
chr3:15500000-16000000	chr3	15500000	-0.831921	-0.0441713	-0.759861	-0.105544	4	0.336938	0.324157	1.38037	-0.0308189	0.232317	4	-0.186435	4	2	0	0	0.820615	0.401351
chr3:16000000-16500000	chr3	16000000	-0.526922	-0.176801	-0.653239	-0.177646	3	0.13397	0.365724	0.966672	0.0995447	0.219059	3	0.00607329	3	1	0	0	0.81492	0.428683
chr3:16500000-17000000	chr3	16500000	0.203461	-0.263313	-0.0599342	-0.163564	3	-0.0392026	0.0646941	0.866145	0.031739	-0.363529	2	0.0483969	2	3	0	1	0.809226	0.398678
chr3:17000000-17500000	chr3	17000000	-0.0161773	-0.123022	0.109205	-0.0669275	0	-0.548324	0.254107	0.719272	-0.042309	nan	0	nan	0	0	0	1	0.803531	0.381079
chr3:17500000-18000000	chr3	17500000	-0.0184444	0.0619558	-0.0287941	0.189458	1	-0.788766	0.364486	0.294022	-0.168668	nan	1	nan	1	1	0	1	0.797836	0.385417
chr3:18000000-18500000	chr3	18000000	0.297683	0.152345	0.439787	0.11418	1	-0.897337	0.0663644	-1.11794	-0.0901727	nan	1	nan	1	2	0	1	0.792141	0.372728
chr3:18500000-19000000	chr3	18500000	1.00498	0.3139	1.15969	0.319405	0	-1.4466	0.136272	-1.24261	-0.0193485	nan	0	nan	0	0	0	1	0.786446	0.372058
chr3:19000000-19500000	chr3	19000000	1.12462	0.38089	1.25875	0.499978	1	-1.41496	0.0367784	-1.2258	0.195804	nan	0	nan	0	2	0	1	0.780752	0.36337
chr3:19500000-20000000	chr3	19500000	0.889848	0.325507	1.06137	0.249457	2	-1.38154	-0.0348696	-1.05272	0.143168	nan	1	-0.00319515	2	1	0	1	0.775057	0.387217
chr3:20000000-20500000	chr3	20000000	0.607806	0.172305	0.828179	-0.119049	3	-1.06613	-0.0559234	-0.261405	-0.090223	-0.322654	2	-0.118769	2	2	0	1	0.769362	0.387346
chr3:20500000-21000000	chr3	20500000	0.349286	0.381032	0.87907	-0.0216439	0	-1.27287	0.0419793	-1.3458	-0.0586493	nan	0	nan	0	0	0	1	0.763667	0.366458
chr3:21000000-21500000	chr3	21000000	0.452164	0.420793	0.832209	0.180686	0	-1.30858	0.110565	-1.19443	-0.126742	nan	0	nan	0	0	0	1	0.757973	0.365112
chr3:21500000-22000000	chr3	21500000	0.358481	0.204682	0.492425	0.463518	1	-1.13382	0.0821453	-1.28266	-0.0530947	nan	1	nan	1	0	0	1	0.752278	0.365388
chr3:22000000-22500000	chr3	22000000	0.28411	0.0598902	0.490957	0.178509	0	-1.42472	0.0544287	-1.33128	0.0450242	nan	0	nan	0	1	0	1	0.746583	0.361315
chr3:22500000-23000000	chr3	22500000	0.331873	0.107657	0.497677	-0.178835	0	-1.02068	-0.109362	-1.24942	-0.0497458	nan	0	nan	0	0	0	1	0.740888	0.375633
chr3:23000000-23500000	chr3	23000000	-0.505386	-0.203787	-0.417049	-0.228776	1	-0.199951	0.0975964	0.434246	-0.171135	nan	1	nan	1	1	0	1	0.735194	0.383736
chr3:23500000-24000000	chr3	23500000	-0.675859	0.125162	-0.461409	-0.164249	4	0.237419	-0.175696	0.880566	0.0400054	-0.0529518	4	-0.0138758	4	4	0	1	0.729499	0.416709
chr3:24000000-24500000	chr3	24000000	-0.153067	-0.090467	-0.0151025	-0.290929	1	-0.312645	-0.221697	-1.0639	0.0934959	nan	1	nan	1	1	0	0	0.723804	0.391651
chr3:24500000-25000000	chr3	24500000	-0.0806313	0.224696	0.0796501	0.00278786	0	0.013976	-0.373377	-1.26897	-0.00535697	nan	0	nan	0	2	0	0	0.718109	0.376267
chr3:25000000-25500000	chr3	25000000	0.1646	0.164967	0.462924	-0.220516	1	0.406124	-0.321668	-1.19982	-0.13482	nan	1	nan	1	0	0	0	0.712415	0.388054
chr3:25500000-26000000	chr3	25500000	0.310802	-0.105875	0.308527	0.188744	3	-0.504016	-0.0325039	0.346143	-0.0379169	-0.248922	3	0.150619	3	4	0	0	0.70672	0.387553
chr3:26000000-26500000	chr3	26000000	1.03247	0.287959	1.16441	0.212508	0	-1.10362	0.0193751	-0.569032	-0.0164295	nan	0	nan	0	0	0	0	0.701025	0.38042
chr3:26500000-27000000	chr3	26500000	1.16258	0.439675	1.17382	0.262047	1	-1.17522	-0.0760685	-0.806248	-0.19676	nan	0	nan	1	2	0	0.75	0.69533	0.382069
chr3:27000000-27500000	chr3	27000000	0.498465	-0.143727	0.613491	-0.153555	2	-1.24904	0.0463882	-0.169116	-0.120874	-0.0439741	2	-0.000761901	2	2	0	0.75	0.689636	0.384176
chr3:27500000-28000000	chr3	27500000	0.54267	0.0109331	0.562812	0.0508208	1	-1.12887	0.00618113	0.456407	-0.10187	nan	0	nan	0	7	0	0.75	0.683941	0.403202
chr3:28000000-28500000	chr3	28000000	0.560442	0.389943	1.19712	0.127707	3	-1.26116	0.122774	0.665107	-0.188114	-0.124249	3	0.0373819	3	2	0	0.75	0.678246	0.368519
chr3:28500000-29000000	chr3	28500000	0.195479	0.021283	0.494928	-0.207638	0	-1.13845	0.131008	-1.29807	0.0291041	nan	0	nan	0	1	0	0.75	0.672551	0.378235
chr3:29000000-29500000	chr3	29000000	-1.12314	0.1585	-0.629908	-0.175641	1	-0.517165	0.00339535	-1.22253	0.195154	nan	1	nan	1	0	0	0.75	0.666856	0.366818
chr3:29500000-30000000	chr3	29500000	-1.06497	-0.028985	-0.751916	-0.136779	0	-0.624989	0.0131224	-1.3661	0.0486631	nan	0	nan	0	0	0	0.75	0.661162	0.361903
chr3:30000000-30500000	chr3	30000000	-1.02155	-0.0819115	-0.760798	-0.357059	0	-0.246143	0.0250819	-1.22788	-0.0259309	nan	0	nan	0	0	0	0.75	0.655467	0.37407
chr3:30500000-31000000	chr3	30500000	-0.753974	-0.113213	-0.80816	-0.180099	2	0.175507	-0.0818308	-0.849933	-0.000910908	nan	1	nan	1	2	0	0.75	0.649772	0.388105
chr3:31000000-31500000	chr3	31000000	-0.59618	-0.285723	-0.665986	-0.347225	0	0.536863	-0.046894	0.880166	-0.116131	nan	0	nan	0	0	0	0	0.644077	0.396988
chr3:31500000-32000000	chr3	31500000	-0.739511	-0.0692027	-0.808975	-0.226238	3	0.837323	-0.0524996	0.567076	0.0100093	-0.229121	3	-0.025903	2	2	0	0	0.638383	0.408323
chr3:32000000-32500000	chr3	32000000	-0.815875	0.022497	-0.942053	-0.0751497	3	1.23706	-0.0283741	0.265676	-0.0210437	-0.0367791	3	0.0291025	3	5	0	0.5	0.632688	0.433651
chr3:32500000-33000000	chr3	32500000	-0.961747	0.0228389	-0.94751	-0.255833	5	1.34611	0.0320369	0.842652	-0.078378	0.0545649	4	-0.0692775	4	7	0	0.5	0.626993	0.432804
chr3:33000000-33500000	chr3	33000000	-1.03581	0.152615	-1.08541	0.0189584	6	1.29072	0.00911837	0.336441	-0.0779421	-0.313894	6	0.00198887	6	6	0	0.5	0.621298	0.414964
chr3:33500000-34000000	chr3	33500000	-0.879614	0.067872	-0.830055	0.122198	2	0.824988	0.2701	0.4397	0.0615389	0.0171334	2	-0.0313711	2	2	0	0.5	0.615604	0.387006
chr3:34000000-34500000	chr3	34000000	0.397023	0.242935	0.377315	0.161939	0	0.258332	0.217681	-1.15269	0.120397	nan	0	nan	0	0	0	0.5	0.609909	0.394405
chr3:34500000-35000000	chr3	34500000	0.27952	0.133909	0.095726	0.396619	0	0.338779	0.100724	-1.291	-0.0452422	nan	0	nan	0	0	0	0.5	0.604214	0.36858
chr3:35000000-35500000	chr3	35000000	-0.0576194	0.161934	0.111281	0.237272	0	0.133703	0.207433	-1.32833	-0.0138441	nan	0	nan	0	0	0	0.5	0.598519	0.357552
chr3:35500000-36000000	chr3	35500000	0.104289	0.222835	0.318756	-0.0824918	1	0.328607	0.0580737	-1.18677	0.159681	nan	0	nan	1	1	0	0.5	0.592825	0.363884
chr3:36000000-36500000	chr3	36000000	-0.0671175	0.111247	0.179266	-0.270134	1	0.235126	0.134939	-1.32844	0.0672621	nan	1	nan	1	1	0	0.5	0.58713	0.378786
chr3:36500000-37000000	chr3	36500000	-0.0536746	-0.113721	-0.0209267	-0.340347	4	0.899043	0.094302	-0.627062	0.233795	-0.0800108	4	0.077982	4	3	0	0	0.581435	0.414446
chr3:37000000-37500000	chr3	37000000	-0.864698	0.191311	-0.703705	-0.0762002	3	1.18328	0.273814	0.971873	0.068214	-0.277647	3	-0.13813	3	3	0	0	0.57574	0.408847
chr3:37500000-38000000	chr3	37500000	0.35085	-0.257313	0.130373	-0.162706	2	1.29815	0.0843817	0.348508	-0.0531601	0.0779669	2	-0.0339923	2	3	0	0	0.570046	0.442586
chr3:38000000-38500000	chr3	38000000	0.134729	-0.265321	0.0321118	-0.168517	10	1.07067	0.183556	1.1926	0.0769749	0.200446	9	0.0445898	8	9	0	0	0.564351	0.451104
chr3:38500000-39000000	chr3	38500000	0.723666	-0.267594	0.684623	-0.0878529	2	0.425757	0.424351	0.219837	0.0777055	-0.200822	2	-0.0760716	2	1	0	0	0.558656	0.436995
chr3:39000000-39500000	chr3	39000000	0.331605	0.144051	0.371852	-0.281453	11	0.537984	0.0702615	1.18342	-0.0239218	0.0435191	8	0.032726	9	7	0	0	0.552961	0.438539
chr3:39500000-40000000	chr3	39500000	1.01289	0.112994	0.849898	0.331008	1	-0.668933	0.174311	-0.372768	0.0603619	nan	0	nan	1	2	0	0.75	0.547267	0.393088
chr3:40000000-40500000	chr3	40000000	0.924894	-0.00189757	0.780803	0.086849	4	-0.18608	0.10742	-0.00719735	0.0425627	0.01755	4	0.00177996	3	5	0	0.75	0.541572	0.413287
chr3:40500000-41000000	chr3	40500000	0.5719	0.0827586	0.800776	-0.483777	2	0.146342	0.449926	0.30374	0.19989	-0.05766	2	0.0839064	2	3	0	0.75	0.535877	0.416948
chr3:41000000-41500000	chr3	41000000	0.34149	0.0543926	0.241702	-0.122308	1	0.136698	0.430881	0.342146	0.0427476	nan	1	nan	1	1	0	0.75	0.530182	0.409807
chr3:41500000-42000000	chr3	41500000	0.329065	-0.213522	0.339404	-0.202359	1	-0.0324988	0.238996	0.307747	-0.08554	nan	1	nan	1	2	0	0.75	0.524487	0.394108
chr3:42000000-42500000	chr3	42000000	0.167636	0.0148719	0.0600801	-0.159915	3	0.874559	0.146662	1.14581	0.0582571	-0.0642704	2	-0.0200027	2	4	0	0.75	0.518793	0.442066
chr3:42500000-43000000	chr3	42500000	-0.00463834	-0.095425	-0.0434808	-0.294241	14	1.31086	0.073179	1.2062	0.0500694	-0.0452617	9	0.102129	9	15	0	0.75	0.513098	0.45417
chr3:43000000-43500000	chr3	43000000	-0.12877	-0.00197621	-0.264662	0.011903	2	0.98059	0.252091	0.615276	-0.00436835	-0.276827	2	0.1033	2	4	0	0.75	0.507403	0.425882
chr3:43500000-44000000	chr3	43500000	-0.279363	-0.212278	-0.390821	-0.112857	2	1.07337	0.167241	0.691044	-0.104414	-0.160194	2	-0.039132	2	3	0	0	0.501708	0.419306
chr3:44000000-44500000	chr3	44000000	-0.370052	-0.078431	-0.355152	-0.326292	3	1.13019	0.190865	1.0333	0.0545255	0.0102605	2	-0.0545651	2	4	0	0	0.496014	0.41935
chr3:44500000-45000000	chr3	44500000	-0.344563	-0.160462	-0.656566	-0.174794	13	1.31209	0.108878	1.33829	-0.0937758	0.122766	11	0.0457896	12	14	0	0	0.490319	0.434817
chr3:45000000-45500000	chr3	45000000	-0.533062	-0.101818	-0.78604	-0.341916	4	1.35518	0.025149	1.07075	-0.0935812	-0.130112	4	0.0853255	3	4	0	0	0.484624	0.444311
chr3:45500000-46000000	chr3	45500000	-0.749442	-0.0697847	-0.960332	-0.0720769	7	1.45835	-0.122733	1.37155	0.0159083	-0.142621	5	0.0787115	6	6	0	0	0.478929	0.44378
chr3:46000000-46500000	chr3	46000000	-0.686622	0.0184922	-0.8083	-0.12297	9	1.2106	0.118384	1.09311	0.0956493	nan	1	nan	1	1	0	0	0.473235	0.431325
chr3:46500000-47000000	chr3	46500000	-0.739801	0.0856332	-0.731047	-0.20835	10	1.3865	-0.0174592	1.13325	-0.0407581	-0.052953	9	0.0586721	8	15	0	0	0.46754	0.482975
chr3:47000000-47500000	chr3	47000000	-0.980874	-0.0437048	-1.21495	-0.235017	5	1.33774	0.0408193	1.39363	-0.00615133	-0.134486	5	0.0806753	5	7	0	0	0.461845	0.451359
chr3:47500000-48000000	chr3	47500000	-1.26252	0.167838	-1.37735	0.000582634	4	1.27344	0.0723799	1.27492	0.00314267	-0.154031	4	0.114969	4	7	0	0	0.45615	0.44379
chr3:48000000-48500000	chr3	48000000	-1.15247	-0.0547181	-1.07277	-0.0876152	12	1.31031	0.0336102	1.27356	-0.0220899	0.0237385	8	0.0476938	8	8	0	0	0.450456	0.46695
chr3:48500000-49000000	chr3	48500000	-0.889633	-0.0809671	-1.1378	-0.129504	14	1.36085	-0.0184355	1.21594	0.0385112	-0.0642428	13	-0.049484	13	14	0	0	0.444761	0.49433
chr3:49000000-49500000	chr3	49000000	-1.16641	0.252737	-1.21983	-0.0312391	20	1.37729	0.174163	1.25339	-0.00392674	0.00133766	18	0.116443	15	16	0	0	0.439066	0.490878
chr3:49500000-50000000	chr3	49500000	-0.722988	0.0391147	-1.1362	0.0284578	15	1.41385	-0.034735	1.2912	-0.0728914	-0.04114	13	0.0856924	11	16	0	0	0.433371	0.497672
chr3:50000000-50500000	chr3	50000000	-0.396456	-0.135145	-0.7592	0.113156	18	1.43565	-0.0560071	1.31932	0.00247855	-0.0662032	17	0.0539776	17	23	0	0	0.427677	0.536621
chr3:50500000-51000000	chr3	50500000	0.464308	0.102381	0.383445	0.0878093	6	0.363086	0.254389	0.639579	0.105246	-0.0721704	6	0.0262088	6	6	0	0.25	0.421982	0.443033
chr3:51000000-51500000	chr3	51000000	0.619267	0.0846888	0.590971	-0.140992	2	0.157127	0.202039	0.593883	0.0901661	0.0265965	2	0.101496	2	4	0	0.25	0.416287	0.420581
chr3:51500000-52000000	chr3	51500000	0.0253219	-0.158814	-0.143514	-0.016952	17	1.0239	0.368047	1.21694	-0.356371	0.0866766	12	0.0701266	11	11	0	0.25	0.410592	0.463143
chr3:52000000-52500000	chr3	52000000	-0.452622	-0.11419	-0.676912	-0.019261	15	1.47662	-0.0845361	1.37416	0.0208025	-0.0188362	15	0.117526	14	14	0	0.25	0.404897	0.535152
chr3:52500000-53000000	chr3	52500000	-0.605229	0.0734896	-0.657427	-0.0817618	12	1.53855	-0.0533103	1.38488	0.0574463	-0.0346401	11	0.0751756	6	8	0	0	0.399203	0.453339
chr3:53000000-53500000	chr3	53000000	-0.0120702	0.0725852	-0.325312	-0.139152	6	1.47469	0.141086	1.42524	-0.0304247	0.0395256	6	0.118972	6	9	0	0	0.393508	0.457265
chr3:53500000-54000000	chr3	53500000	0.782178	-0.101852	0.621948	-0.190649	4	1.38921	0.064733	0.894676	0.0709532	-0.0693058	4	0.104149	4	4	0	0	0.387813	0.44054
chr3:54000000-54500000	chr3	54000000	1.01122	0.0967367	0.794789	0.0274274	1	1.09754	0.125633	-0.0682332	0.101415	nan	1	nan	1	3	0	0	0.382118	0.42354
chr3:54500000-55000000	chr3	54500000	0.510785	0.00682664	0.384848	-0.164678	1	1.25636	-0.11612	-0.227122	0.09787	nan	0	nan	0	1	0	0.5	0.376424	0.4266
chr3:55000000-55500000	chr3	55000000	-0.246247	-0.287104	-0.296381	-0.232868	1	1.16531	0.0319849	-0.213218	0.111497	nan	1	nan	1	7	0	0.5	0.370729	0.410614
chr3:55500000-56000000	chr3	55500000	-0.0441137	-0.19131	0.0336847	-0.251397	0	1.12281	0.0443472	0.654965	-0.00350361	nan	0	nan	0	0	0	0.5	0.365034	0.416184
chr3:56000000-56500000	chr3	56000000	0.296791	-0.0944902	0.250377	-0.259957	1	1.09406	-0.103967	-0.0778535	0.0880927	nan	1	nan	1	1	0	0.5	0.359339	0.397327
chr3:56500000-57000000	chr3	56500000	-0.517175	-0.20678	-0.679487	-0.260691	3	1.34373	0.0825854	1.44007	-0.0915784	-0.282208	3	0.0378083	3	3	0	0.5	0.353645	0.417983
chr3:57000000-57500000	chr3	57000000	-0.973446	0.0886517	-0.996277	-0.178428	5	1.37839	0.0475148	1.40965	-0.0405099	0.0330823	3	0.0368898	3	5	0	0.5	0.34795	0.412655
chr3:57500000-58000000	chr3	57500000	-1.20656	-0.0555684	-1.28129	-0.0115012	5	1.36696	0.163548	1.47414	-0.0291506	-0.0469056	5	0.116154	4	4	0	0.5	0.342255	0.411886
chr3:58000000-58500000	chr3	58000000	-0.906938	0.0284348	-0.923734	-0.127236	8	1.46919	0.0883193	1.48226	-0.0123673	-0.121733	7	0.0630411	6	9	0	0.5	0.33656	0.456612
chr3:58500000-59000000	chr3	58500000	0.0983304	-0.0534454	-0.11131	-0.30749	3	1.14782	-0.152765	0.779828	-0.0538423	nan	1	-0.214212	2	1	0	0	0.330866	0.423847
chr3:59000000-59500000	chr3	59000000	-0.107507	-0.203825	-0.382587	-0.127076	1	1.04535	-0.231203	1.05996	-0.0321061	nan	1	nan	0	1	0	0	0.325171	0.393629
chr3:59500000-60000000	chr3	59500000	0.023646	0.20928	0.011067	-0.0788249	0	0.876049	-0.30162	0.58482	-0.105153	nan	0	nan	0	0	0	0	0.319476	0.406626
chr3:60000000-60500000	chr3	60000000	0.279136	0.121619	0.307119	-0.000296247	0	0.688157	-0.315052	0.611226	0.0679362	nan	0	nan	0	0	0	0	0.313781	0.385122
chr3:60500000-61000000	chr3	60500000	0.376043	-0.0607864	0.274434	-0.0271024	0	0.52894	-0.434532	0.386871	0.00396547	nan	0	nan	0	0	0	0	0.308087	0.385314
chr3:61000000-61500000	chr3	61000000	0.614623	0.133525	0.590488	0.137695	1	0.719435	-0.409858	0.649621	0.0479492	nan	1	nan	1	1	0	0	0.302392	0.394098
chr3:61500000-62000000	chr3	61500000	-0.0292025	-0.11835	-0.178762	-0.0754074	1	0.937334	-0.116549	-0.14888	0.835413	nan	1	nan	1	2	0	0	0.296697	0.409581
chr3:62000000-62500000	chr3	62000000	0.362605	0.0642245	0.490157	-0.273748	2	1.01252	-0.305971	-0.325333	0.374589	0.167312	2	nan	0	8	0	0	0.291002	0.404668
chr3:62500000-63000000	chr3	62500000	0.717022	0.0357829	0.748286	-0.0467174	1	0.672226	-0.1802	0.112452	0.288731	nan	1	nan	1	1	0	0	0.285308	0.397687
chr3:63000000-63500000	chr3	63000000	0.55479	0.194952	0.57515	0.0720882	1	0.950011	-0.179304	-0.616024	0.333993	nan	0	nan	1	1	0	0	0.279613	0.388232
chr3:63500000-64000000	chr3	63500000	-0.16688	0.208654	-0.0519073	-0.147081	5	0.953311	-0.122332	0.0180608	-0.0647262	0.0707846	2	-0.0177479	2	2	0	0	0.273918	0.397259
chr3:64000000-64500000	chr3	64000000	-0.898658	0.0993689	-0.92735	-0.266117	2	1.12534	0.0761481	0.850295	-0.174754	-0.0415882	2	0.19532	2	3	0	0.5	0.268223	0.41454
chr3:64500000-65000000	chr3	64500000	-0.476693	0.0389074	-0.47305	-0.351829	1	0.931908	-0.19248	-1.02227	-0.0296488	nan	1	nan	1	1	0	0.5	0.262528	0.399828
chr3:65000000-65500000	chr3	65000000	-0.458336	-0.112977	-0.606306	-0.258508	0	0.933893	-0.315266	-1.12288	-0.0147598	nan	0	nan	0	2	0	0.5	0.256834	0.397804
chr3:65500000-66000000	chr3	65500000	-0.68957	-0.120111	-0.808862	-0.280385	0	1.03909	-0.279944	-0.982898	0.140644	nan	0	nan	0	1	0	0.5	0.251139	0.402628
chr3:66000000-66500000	chr3	66000000	-0.659451	-0.0323767	-0.640241	-0.162877	2	0.771824	-0.0131569	-0.215902	0.0329714	0.0148682	2	0.0500815	2	3	0	0.5	0.245444	0.419812
chr3:66500000-67000000	chr3	66500000	-0.347277	0.0227466	-0.37043	-0.176588	2	0.617179	-0.264148	-0.498875	0.167698	0.251299	2	0.0152708	2	1	0	0.5	0.239749	0.405851
chr3:67000000-67500000	chr3	67000000	0.265068	0.156876	0.195777	-0.0711945	0	-0.229544	-0.153092	-0.675613	0.306041	nan	0	nan	0	0	0	0.5	0.234055	0.388426
chr3:67500000-68000000	chr3	67500000	0.111076	-0.0741774	0.30202	-0.106199	1	-0.543784	0.0664339	-0.408695	0.0417494	nan	1	nan	1	1	0	0.5	0.22836	0.385232
chr3:68000000-68500000	chr3	68000000	0.738342	0.143124	0.46621	0.309878	1	-0.592297	-0.226088	-1.25122	0.122535	nan	0	nan	0	1	0	0.5	0.222665	0.38116
chr3:68500000-69000000	chr3	68500000	0.556567	0.0987256	0.594643	-0.186604	1	0.00727286	-0.35734	-1.11942	-0.0290268	nan	0	nan	1	1	0	0.5	0.21697	0.393304
chr3:69000000-69500000	chr3	69000000	-0.529109	0.0747268	-0.322381	-0.209588	6	1.09556	-0.0803219	0.905801	0.057797	-0.0265983	6	-0.103983	6	5	0	0.5	0.211276	0.40816
chr3:69500000-70000000	chr3	69500000	-0.282339	-0.0329544	-0.284806	-0.148602	2	0.769934	-0.0632117	-0.807601	-0.080037	nan	1	nan	1	2	0	0	0.205581	0.392834
chr3:70000000-70500000	chr3	70000000	-0.0142951	0.442466	0.202406	0.070911	1	-0.0732114	-0.0600192	-1.18215	0.372622	nan	0	nan	0	0	0	0	0.199886	0.372763
chr3:70500000-71000000	chr3	70500000	-0.630565	0.0499377	-0.696193	0.0307674	0	-0.0045161	-0.211903	-1.27399	0.0172958	nan	0	nan	0	0	0	0	0.194191	0.381526
chr3:71000000-71500000	chr3	71000000	-0.957847	-0.0209555	-0.735132	-0.245934	0	0.581097	0.0420758	-0.853139	0.215946	nan	0	nan	0	1	0	0	0.188497	0.41116
chr3:71500000-72000000	chr3	71500000	-0.248768	-0.0898422	-0.319611	-0.368247	4	1.09692	-0.232921	-0.24722	0.0415156	0.141091	3	0.0824527	3	5	0	0	0.182802	0.424686
chr3:72000000-72500000	chr3	72000000	0.201373	-0.217156	0.0429634	-0.492153	1	1.10517	-0.0150769	1.2366	0.0151517	nan	0	nan	1	1	0	0	0.177107	0.448382
chr3:72500000-73000000	chr3	72500000	-0.266395	-0.0444909	-0.30665	-0.233698	3	1.0766	-0.0764835	0.967624	0.0911009	0.0663361	3	-0.0367912	3	6	0	0	0.171412	0.434056
chr3:73000000-73500000	chr3	73000000	0.465346	0.14758	0.296564	-0.0373257	1	-0.155652	-0.0269113	0.136859	-0.041424	nan	1	nan	1	2	0	0	0.165718	0.418034
chr3:73500000-74000000	chr3	73500000	0.326769	0.219545	0.420784	-0.0754514	1	-0.714779	0.0397782	-0.81645	-0.050603	nan	1	nan	1	1	0	0	0.160023	0.395256
chr3:74000000-74500000	chr3	74000000	0.825813	0.461255	0.95045	0.377739	0	-1.26966	-0.0373579	-1.33132	-0.011774	nan	0	nan	0	0	0	0.75	0.154328	0.372154
chr3:74500000-75000000	chr3	74500000	0.725275	0.441884	0.657355	0.503041	1	-1.26927	-0.00511446	-1.32976	-0.00726255	nan	1	nan	1	1	0	0.75	0.148633	0.366955
chr3:75000000-75500000	chr3	75000000	1.22673	-0.138744	0.933155	0.064858	0	-0.87162	0.0179597	-0.847223	-0.0413389	nan	0	nan	0	2	0	0.75	0.142938	0.412327
chr3:75500000-76000000	chr3	75500000	1.06504	0.0138544	0.921492	0.0520386	2	-0.939597	-0.0230398	-0.957952	0.0414655	nan	1	nan	1	8	0	0.75	0.137244	0.403228
chr3:76000000-76500000	chr3	76000000	0.0406528	-0.00711245	0.330312	-0.173417	0	-0.9746	0.0774003	-1.20802	0.0379352	nan	0	nan	0	0	0	0.75	0.131549	0.358446
chr3:76500000-77000000	chr3	76500000	0.330087	0.0430232	0.374594	0.260222	0	-0.622519	0.105703	-1.14967	0.0178239	nan	0	nan	0	0	0	0.75	0.125854	0.355491
chr3:77000000-77500000	chr3	77000000	0.37581	-0.111576	0.70335	0.0440068	1	-0.098977	-0.276709	-0.953408	-0.170647	nan	1	nan	1	2	0	0.75	0.120159	0.36152
chr3:77500000-78000000	chr3	77500000	0.490482	0.0156232	0.508686	0.252779	0	-0.0787152	-0.456131	-1.13916	0.0841301	nan	0	nan	0	0	0	0.75	0.114465	0.359963
chr3:78000000-78500000	chr3	78000000	0.0339395	0.0980814	0.221301	0.0747424	0	-0.298249	-0.0762377	-1.25469	0.242742	nan	0	nan	0	0	0	0.75	0.10877	0.364388
chr3:78500000-79000000	chr3	78500000	-0.600206	-0.0529781	-0.381822	-0.00786843	0	-0.27082	-0.199616	-1.09632	0.370075	nan	0	nan	0	0	0	0.75	0.103075	0.360238
chr3:79000000-79500000	chr3	79000000	-0.78177	0.146985	-0.207867	-0.125756	0	-0.129005	-0.423404	-1.09238	-0.136481	nan	0	nan	0	1	0	0.75	0.0973804	0.35031
chr3:79500000-80000000	chr3	79500000	0.122338	0.169145	0.495026	0.217665	1	-1.07879	-0.154714	-1.24476	0.137287	nan	1	nan	1	1	0	0.75	0.0916856	0.349412
chr3:80000000-80500000	chr3	80000000	0.254671	-0.118019	0.424508	0.339564	0	-1.2239	0.0285206	-1.37394	0.0602384	nan	0	nan	0	0	0	0	0.0859909	0.345991
chr3:80500000-81000000	chr3	80500000	0.522171	0.302761	0.957743	0.282066	0	-1.00378	-0.095745	-1.33099	0.153896	nan	0	nan	0	0	0	0	0.0802961	0.349811
chr3:81000000-81500000	chr3	81000000	0.203806	0.0629137	0.436239	0.32239	0	-0.716442	-0.19467	-1.18289	0.147176	nan	0	nan	0	0	0	0	0.0746014	0.35937
chr3:81500000-82000000	chr3	81500000	-0.639027	-0.0863171	-0.251878	-0.0443901	1	0.100748	-0.142514	0.784344	-0.00273541	nan	1	nan	1	1	0	0	0.0689066	0.361504
chr3:82000000-82500000	chr3	82000000	0.251532	0.221084	0.321057	0.295485	0	-0.334297	-0.18236	0.731639	-0.0833482	nan	0	nan	0	0	0	0	0.0632118	0.356267
chr3:82500000-83000000	chr3	82500000	0.287585	0.363891	0.223671	0.707278	0	-0.730131	-0.222238	-0.969518	0.0429271	nan	0	nan	0	1	0	0	0.0575171	0.347902
chr3:83000000-83500000	chr3	83000000	0.05132	0.244782	0.352837	0.476229	0	-0.687236	-0.117185	-1.27368	0.329359	nan	0	nan	0	0	0	0	0.0518223	0.338622
chr3:83500000-84000000	chr3	83500000	0.301721	0.314365	0.378762	0.68304	0	-0.68258	-0.153619	-1.21441	0.15008	nan	0	nan	0	0	0	0.75	0.0461276	0.340727
chr3:84000000-84500000	chr3	84000000	0.456956	0.1891	0.662345	0.622725	0	-0.886014	-0.190228	-1.27441	0.0498225	nan	0	nan	0	0	0	0.75	0.0404328	0.340614
chr3:84500000-85000000	chr3	84500000	0.557751	0.412212	0.698185	0.389845	1	-0.826536	-0.134572	-1.35599	-0.00204427	nan	0	nan	0	1	0	0.75	0.034738	0.354357
chr3:85000000-85500000	chr3	85000000	0.38252	0.421815	0.848829	0.341578	0	-0.724457	-0.117851	-1.3027	0.02648	nan	0	nan	0	0	0	0.75	0.0290433	0.338169
chr3:85500000-86000000	chr3	85500000	0.371716	0.302676	0.739274	0.38499	0	-0.770057	-0.14139	-1.30243	0.0122651	nan	0	nan	0	0	0	0.75	0.0233485	0.341441
chr3:86000000-86500000	chr3	86000000	0.62894	0.239569	1.0175	0.229754	0	-0.848495	-0.0897111	-1.3776	-0.0321975	nan	0	nan	0	0	0	0.75	0.0176538	0.350217
chr3:86500000-87000000	chr3	86500000	0.295581	0.062602	0.892461	-0.00534773	1	-0.957379	0.0415901	-1.34114	-0.0287179	nan	1	nan	1	1	0	0.75	0.011959	0.35723
chr3:87000000-87500000	chr3	87000000	0.193254	-0.15249	0.538525	-0.155493	2	-0.777934	-0.0617357	-1.19299	0.0186065	nan	1	nan	1	3	0	0	0.00626424	0.36
chr3:87500000-88000000	chr3	87500000	0.457397	0.345333	0.732824	0.40009	1	-0.928818	-0.0227963	-1.26732	0.103165	nan	0	nan	0	1	0	0	0.000569476	0.362816
chr3:88000000-88500000	chr3	88000000	0.0438946	0.0984889	0.248869	0.167475	5	-0.399272	0.0121181	-0.133523	-0.142782	-0.1631	3	-0.00709737	3	2	0	nan	0	0.364402
chr3:88500000-89000000	chr3	88500000	-0.0954172	0.176696	0.200613	0.369559	0	-0.567938	-0.143395	-0.984349	-0.351277	nan	0	nan	0	0	0	nan	0	0.35285
chr3:89000000-89500000	chr3	89000000	-0.124442	0.32198	0.466287	0.326509	1	-0.164662	0.0459213	0.387602	-0.255769	nan	1	nan	1	1	0	nan	0	0.347558
chr3:89500000-90000000	chr3	89500000	0.582118	0.234941	0.622045	0.241944	0	-0.369257	0.140887	0.69154	-0.264768	nan	0	nan	0	0	0	nan	0	0.359626
chr3:90000000-90500000	chr3	90000000	0.933995	0.164077	1.2545	0.0556645	0	-0.793859	0.24682	-0.141686	-0.0650655	nan	0	nan	0	0	0	nan	0	0.366248
chr3:90500000-91000000	chr3	90500000	nan	nan	nan	nan	0	-0.739466	0.129035	nan	nan	nan	0	nan	0	0	0.107306	nan	0	0.366766
chr3:91000000-91500000	chr3	91000000	nan	nan	nan	nan	0	nan	nan	nan	nan	nan	0	nan	0	0	0.042924	nan	0	0.375274
chr3:91500000-92000000	chr3	91500000	nan	nan	nan	nan	0	nan	nan	nan	nan	nan	0	nan	0	0	0.0002	nan	0	0.380778
chr3:92000000-92500000	chr3	92000000	nan	nan	nan	nan	0	nan	nan	nan	nan	nan	0	nan	0	0	0	nan	0	0.383151
chr3:92500000-93000000	chr3	92500000	nan	nan	nan	nan	0	nan	nan	nan	nan	nan	0	nan	0	0	0	nan	0	0.383007
chr3:93000000-93500000	chr3	93000000	nan	nan	nan	nan	0	nan	nan	nan	nan	nan	0	nan	0	0	0	nan	0	0.383166
chr3:93500000-94000000	chr3	93500000	0.646087	0.300945	0.850188	0.500024	2	-0.836226	0.18857	nan	nan	-0.188624	2	-0.137572	2	2	0.1	nan	0	0.383862
chr3:94000000-94500000	chr3	94000000	0.118402	0.0578203	0.427049	-0.123921	3	-0.687923	-0.0214184	-0.585893	-0.0814247	0.0913013	2	0.113427	2	1	0	nan	0.00239703	0.371709
chr3:94500000-95000000	chr3	94500000	0.391487	0.186422	0.551916	0.195068	0	-0.769996	-0.102807	-1.26786	-0.0555113	nan	0	nan	0	1	0	nan	0.0071911	0.354742
chr3:95000000-95500000	chr3	95000000	-0.244499	0.341971	0.251743	0.252827	0	-0.577501	-0.269057	-1.31005	-0.0281278	nan	0	nan	0	0	0	nan	0.0119852	0.341629
chr3:95500000-96000000	chr3	95500000	0.323258	0.272634	0.501415	0.43827	0	-1.03265	-0.0717015	-1.22073	0.0353007	nan	0	nan	0	0	0	nan	0.0167792	0.34719
chr3:96000000-96500000	chr3	96000000	0.225814	0.504601	0.763537	0.295534	0	-1.11173	-0.0419556	-1.29957	-0.0174871	nan	0	nan	0	0	0	nan	0.0215733	0.346489
chr3:96500000-97000000	chr3	96500000	0.634619	0.242606	0.833977	0.380372	1	-0.980144	-0.0743637	-1.31286	0.043452	nan	1	nan	1	2	0	nan	0.0263674	0.356015
chr3:97000000-97500000	chr3	97000000	0.82276	0.159996	0.85795	0.658616	0	-1.27141	0.127148	-1.37435	-0.0436372	nan	0	nan	0	0	0	nan	0.0311614	0.352099
chr3:97500000-98000000	chr3	97500000	0.547196	0.0491674	0.67003	0.204952	3	-0.572577	-0.100676	-1.34089	-0.0339188	-0.277693	3	-0.00523733	3	3	0	nan	0.0359555	0.367179
chr3:98000000-98500000	chr3	98000000	0.850327	-0.0442377	0.715144	0.337731	11	-0.893279	0.0302703	-0.0329809	-0.0474567	nan	0	nan	0	0	0	nan	0.0407496	0.370034
chr3:98500000-99000000	chr3	98500000	-0.87509	0.0167516	-0.432757	-0.059568	5	-0.10915	0.138772	0.865027	-0.020248	0.014668	4	-0.130147	4	5	0	0	0.0455436	0.385219
chr3:99000000-99500000	chr3	99000000	-0.591279	-0.245229	-0.306151	-0.461736	0	-0.928656	0.00716078	-0.744379	-0.0671029	nan	0	nan	0	0	0	0	0.0503377	0.370644
chr3:99500000-100000000	chr3	99500000	-0.933651	0.0107659	-0.687259	0.0134036	2	-0.503107	0.147228	-0.875104	-0.129058	0.137465	2	0.532226	2	2	0	0	0.0551318	0.385357
chr3:100000000-100500000	chr3	100000000	-0.691716	0.00837356	-0.448501	-0.263162	6	0.0297629	0.0614827	0.673822	-0.176801	0.00177861	6	0.110375	6	5	0	0	0.0599258	0.394385
chr3:100500000-101000000	chr3	100500000	-0.664633	0.0961121	-0.469746	-0.0522385	3	-0.927946	0.118293	0.572433	0.00352569	0.033204	2	nan	1	1	0	0.25	0.0647199	0.37956
chr3:101000000-101500000	chr3	101000000	-0.344119	-0.168877	-0.0273664	-0.302454	1	-0.900903	-0.028027	-1.07846	-0.0426034	nan	1	nan	1	0	0	0	0.069514	0.378284
chr3:101500000-102000000	chr3	101500000	-0.713759	0.188538	-0.198204	-0.32288	8	-0.188897	0.0366786	0.564921	0.176207	-0.00688665	8	-0.0795742	8	8	0	0	0.0743081	0.407423
chr3:102000000-102500000	chr3	102000000	-0.059461	-0.287387	-0.0981436	-0.0744257	1	-0.967257	0.0505748	0.611465	0.111704	nan	1	nan	0	0	0	0	0.0791021	0.371435
chr3:102500000-103000000	chr3	102500000	0.735167	-0.0305678	0.864968	0.0898243	0	-1.15477	-0.0322807	-1.26533	-0.0226124	nan	0	nan	0	0	0	0	0.0838962	0.361533
chr3:103000000-103500000	chr3	103000000	0.421875	0.2487	0.824663	0.227233	0	-1.30016	0.0330414	-1.38917	-0.0478728	nan	0	nan	0	0	0	0.75	0.0886903	0.348991
chr3:103500000-104000000	chr3	103500000	0.379512	0.12368	0.636054	0.300231	0	-1.05438	-0.18995	-1.41021	-0.0606055	nan	0	nan	0	0	0	0.75	0.0934843	0.343136
chr3:104000000-104500000	chr3	104000000	-0.220093	0.130467	0.121581	0.124465	0	-0.744966	-0.129044	-1.29905	-0.0808043	nan	0	nan	0	0	0	0.75	0.0982784	0.351165
chr3:104500000-105000000	chr3	104500000	-0.423623	0.000792383	-0.196015	0.000499209	0	-1.07467	-0.0810804	-0.639586	-0.288755	nan	0	nan	0	0	0	0.75	0.103072	0.353472
chr3:105000000-105500000	chr3	105000000	-0.63956	0.0624867	-0.332135	0.123488	1	-1.03802	-0.0184607	-1.27172	-0.0892113	nan	1	nan	1	4	0	0.75	0.107867	0.355031
chr3:105500000-106000000	chr3	105500000	-0.882489	-0.0471904	-0.594299	-0.141226	1	-0.576391	-0.0535704	0.084411	-0.124375	nan	1	nan	1	1	0	0.75	0.112661	0.362844
chr3:106000000-106500000	chr3	106000000	-0.795953	0.0634532	-0.51614	-0.0888404	0	-0.779693	-0.0457994	0.905292	0.036324	nan	0	nan	0	0	0	0.75	0.117455	0.36777
chr3:106500000-107000000	chr3	106500000	-0.508538	-0.265103	-0.129951	-0.385946	0	-1.07222	0.0439697	0.338567	-0.136372	nan	0	nan	0	0	0	0	0.122249	0.365503
chr3:107000000-107500000	chr3	107000000	-0.44405	-0.0524823	-0.358259	-0.163769	1	-0.610828	0.0974035	-1.20314	-0.112399	nan	0	nan	0	2	0	0	0.127043	0.385121
chr3:107500000-108000000	chr3	107500000	-0.51905	-0.142577	-0.429772	-0.232489	1	0.136528	-0.140042	-0.0402714	-0.0756944	nan	1	nan	1	3	0	0	0.131837	0.384771
chr3:108000000-108500000	chr3	108000000	0.00482662	-0.256764	0.131964	-0.454601	3	-0.111791	0.0287136	0.608078	-0.0060787	0.293363	2	-0.0605721	2	2	0	0.5	0.136631	0.389947
chr3:108500000-109000000	chr3	108500000	0.574682	-0.0337737	0.803578	0.0140159	6	-1.28918	0.0815561	0.179761	0.103008	0.142608	3	-0.0246074	3	1	0	0.5	0.141425	0.374126
chr3:109000000-109500000	chr3	109000000	0.834261	-0.116453	0.639285	0.023576	4	-1.17127	0.0221058	-0.735345	0.197851	nan	1	nan	0	1	0	0.5	0.146219	0.399865
chr3:109500000-110000000	chr3	109500000	0.198057	-0.25346	0.102666	-0.113442	0	-1.27692	0.0975371	-0.590433	-0.0781168	nan	0	nan	0	0	0	0.5	0.151013	0.369348
chr3:110000000-110500000	chr3	110000000	-0.496167	-0.0304546	-0.156228	-0.135031	0	-1.13023	0.0326139	-1.35293	-0.0446997	nan	0	nan	0	0	0	0.5	0.155807	0.353866
chr3:110500000-111000000	chr3	110500000	-0.387934	-0.00835414	-0.128215	-0.144453	0	-1.05256	-0.0546631	-1.43016	-0.00773509	nan	0	nan	0	0	0	0.5	0.160601	0.367321
chr3:111000000-111500000	chr3	111000000	-0.173466	-0.238005	0.0791719	-0.217567	1	-1.12653	-0.0357554	-1.45064	-0.0179955	nan	1	nan	1	1	0	0.5	0.165395	0.372176
chr3:111500000-112000000	chr3	111500000	-1.00194	0.143371	-0.570239	-0.16295	6	-0.253693	-0.0128427	-1.27131	-0.0828658	-0.138811	5	-0.0303419	3	3	0	0	0.170189	0.392219
chr3:112000000-112500000	chr3	112000000	-0.17932	-0.156242	0.103	-0.211983	6	-0.29563	0.0384384	0.0053455	-0.0240506	-0.0137472	3	-0.0897675	2	4	0	0	0.174983	0.385944
chr3:112500000-113000000	chr3	112500000	-0.450503	0.0436369	-0.0346367	-0.26132	6	-0.130683	0.281877	1.01201	-0.101672	0.141551	4	0.00817133	4	2	0	0	0.179778	0.387053
chr3:113000000-113500000	chr3	113000000	0.437839	-0.354902	0.582361	-0.688265	3	0.172912	-0.043825	0.509201	-0.0813324	-0.20107	2	-0.154245	2	3	0	0	0.184572	0.407322
chr3:113500000-114000000	chr3	113500000	0.294271	-0.447593	0.40275	-0.421068	7	0.0848896	-0.246306	1.12466	-0.0857293	-0.111434	6	0.0470451	6	7	0	0.75	0.189366	0.39749
chr3:114000000-114500000	chr3	114000000	0.59108	-0.563678	0.383256	-0.424257	5	-0.0776127	-0.300881	0.906919	-0.0409337	0.168999	2	0.172346	2	4	0	0.75	0.19416	0.397371
chr3:114500000-115000000	chr3	114500000	-0.115841	-0.272482	0.177887	-0.245404	0	-0.589495	-0.396887	0.42769	0.236855	nan	0	nan	0	0	0	0.75	0.198954	0.357878
chr3:115000000-115500000	chr3	115000000	-0.440459	-0.0985356	-0.0921	-0.233067	1	0.0483616	-0.249641	0.599603	0.131562	nan	1	nan	1	1	0	0.75	0.203748	0.367662
chr3:115500000-116000000	chr3	115500000	-0.139485	0.121697	0.189804	-0.4425	1	0.113148	-0.23165	-0.948211	-0.142403	nan	1	nan	1	2	0	0.75	0.208542	0.384912
chr3:116000000-116500000	chr3	116000000	0.515384	-0.101798	0.509032	-0.123173	1	-0.273033	-0.398063	0.914877	-0.259623	nan	1	nan	1	0	0	0.75	0.213336	0.373223
chr3:116500000-117000000	chr3	116500000	0.737383	0.174019	0.982962	0.112535	1	-0.0260913	-0.378011	0.373206	-0.25373	nan	0	nan	0	0	0	0.75	0.21813	0.368879
chr3:117000000-117500000	chr3	117000000	0.751083	0.346082	0.850576	0.183686	0	0.0215614	-0.230681	-1.31312	0.004206	nan	0	nan	0	0	0	0.75	0.222924	0.369651
chr3:117500000-118000000	chr3	117500000	0.368427	0.138531	0.490662	0.210847	0	0.308043	-0.20926	-1.23897	-0.132661	nan	0	nan	0	1	0	0	0.227718	0.368495
chr3:118000000-118500000	chr3	118000000	0.533633	0.50458	0.705283	0.522776	0	-0.265462	-0.256973	-1.31734	-0.163043	nan	0	nan	0	0	0	0	0.232512	0.361367
chr3:118500000-119000000	chr3	118500000	0.984437	0.425599	0.948959	0.242075	0	0.00882053	-0.21074	-0.233976	-0.974195	nan	0	nan	0	0	0	0	0.237306	0.389714
chr3:119000000-119500000	chr3	119000000	0.0776578	0.0173505	0.142062	-0.0812233	8	0.345306	0.0707988	-0.263485	-0.330926	-0.233336	6	-0.0643141	7	7	0	0	0.2421	0.408131
chr3:119500000-120000000	chr3	119500000	-0.789378	0.137369	-0.982168	0.247002	7	0.430637	0.0886943	1.2897	-0.0980422	0.0521522	4	-0.0016697	3	4	0	0.75	0.246895	0.401128
chr3:120000000-120500000	chr3	120000000	-0.415607	-0.194748	-0.373455	-0.274007	4	-0.0236453	0.208579	1.01105	-0.136853	0.102387	4	0.132976	4	5	0	0.75	0.251689	0.410573
chr3:120500000-121000000	chr3	120500000	0.183674	0.0910534	0.289079	-0.14504	5	-0.836029	0.088161	0.281357	-0.0733228	-0.0625571	5	0.0310807	4	2	0	0.75	0.256483	0.388354
chr3:121000000-121500000	chr3	121000000	0.715491	-0.0711056	0.745329	0.0570254	0	-1.28862	0.0372408	-1.04434	-0.152341	nan	0	nan	0	0	0	0.75	0.261277	0.369723
chr3:121500000-122000000	chr3	121500000	0.49297	-0.313196	0.394559	0.0290457	8	-0.704124	0.358607	0.788621	-0.0287908	-0.0770932	7	-0.0923109	7	4	0	0.75	0.266071	0.392948
chr3:122000000-122500000	chr3	122000000	0.362713	0.029632	0.187807	0.100574	7	-0.736572	0.208599	1.22441	-0.0315088	0.153901	4	0.113642	2	5	0	0	0.270865	0.403214
chr3:122500000-123000000	chr3	122500000	-0.442264	0.107157	-0.338606	-0.320487	7	0.370164	0.182723	1.43569	-0.0286727	-0.0796769	6	0.119579	6	8	0	0	0.275659	0.419458
chr3:123000000-123500000	chr3	123000000	-0.229097	-0.331398	-0.371102	-0.437373	4	0.988384	0.0888028	1.31038	-0.0750429	-0.0669676	4	-0.0283457	4	4	0	0	0.280453	0.468992
chr3:123500000-124000000	chr3	123500000	-0.821745	-0.00457715	-0.993292	0.172499	4	1.23363	0.0575056	0.994987	0.0392665	-0.382985	3	-0.163115	3	4	0	0	0.285247	0.429327
chr3:124000000-124500000	chr3	124000000	-0.83875	0.301905	-0.739262	-0.245799	1	1.36025	-0.0282485	0.781193	-0.101111	nan	1	nan	1	2	0	0.25	0.290041	0.424754
chr3:124500000-125000000	chr3	124500000	-0.782229	0.072143	-0.973134	-0.107459	3	1.51727	0.0631383	0.996695	-0.0518256	0.00795344	2	0.045937	2	3	0	0.25	0.294835	0.443202
chr3:125000000-125500000	chr3	125000000	-1.26914	0.0783291	-1.08122	-0.21346	3	1.52495	-0.108749	1.41406	-0.0527216	0.116746	3	-0.0499267	3	5	0	0.25	0.299629	0.419427
chr3:125500000-126000000	chr3	125500000	-0.452776	-0.191255	-0.750347	-0.0508394	3	1.55128	0.0732146	1.44912	0.0134328	-0.378345	2	0.0183372	2	8	0	0.25	0.304423	0.4436
chr3:126000000-126500000	chr3	126000000	-0.186019	-0.219706	-0.604737	0.0971986	5	1.58346	0.0889986	1.02621	0.0308848	0.00910463	4	0.022486	4	12	0	0	0.309217	0.472015
chr3:126500000-127000000	chr3	126500000	-0.0845758	-0.340382	-0.34098	-0.316143	6	1.61542	-0.0118516	0.988808	0.00862429	0.0905594	4	0.100502	4	8	0	0	0.314011	0.471245
chr3:127000000-127500000	chr3	127000000	0.0394123	-0.10935	-0.393598	-0.0952198	2	1.52775	0.02338	1.15748	-0.00277988	nan	0	nan	0	7	0	0	0.318806	0.49478
chr3:127500000-128000000	chr3	127500000	-0.58	-0.094684	-1.01917	-0.0153795	6	1.68486	-0.0198322	1.24378	0.0457977	0.0246837	5	0.047439	6	8	0	0	0.3236	0.469199
chr3:128000000-128500000	chr3	128000000	-0.701544	-0.102842	-0.8389	-0.0959886	5	1.6173	-0.0123	1.32033	0.0501329	0.174868	4	0.0639854	4	8	0	0	0.328394	0.480425
chr3:128500000-129000000	chr3	128500000	-0.735786	-0.00879582	-0.932318	-0.260621	4	1.64644	-0.0125109	1.32751	-0.0392676	-0.01756	4	0.0191831	3	8	0	0	0.333188	0.477957
chr3:129000000-129500000	chr3	129000000	-0.765261	-0.130171	-1.04543	-0.00187284	11	1.68779	-0.0442651	1.37305	0.00857451	0.0276934	9	0.0765057	8	13	0	0	0.337982	0.48552
chr3:129500000-130000000	chr3	129500000	-0.46467	-0.116778	-0.711872	-0.185925	5	1.45786	0.0574592	1.41645	-0.0218942	-0.222459	2	0.128019	3	4	0	0.25	0.342776	0.451356
chr3:130000000-130500000	chr3	130000000	0.438051	0.0847128	0.403848	-0.130203	2	0.744265	-0.112513	1.19746	-0.111165	0.296784	2	nan	0	4	0	0.25	0.34757	0.42199
chr3:130500000-131000000	chr3	130500000	0.147031	0.130526	0.421852	0.027142	3	0.874034	-0.189864	0.426088	0.140963	-0.0662869	2	-0.166604	3	3	0	0.25	0.352364	0.384748
chr3:131000000-131500000	chr3	131000000	0.350823	0.0770538	0.363932	0.117979	3	0.347272	-0.0155176	0.879526	0.0230598	0.25251	3	0.141377	3	3	0	0.25	0.357158	0.389604
chr3:131500000-132000000	chr3	131500000	1.01329	-0.0193945	1.06837	-0.0713198	1	0.392201	-0.0647256	0.248197	0.00764529	nan	1	nan	1	2	0	0.25	0.361952	0.389097
chr3:132000000-132500000	chr3	132000000	0.372973	-0.122172	0.552343	0.00379776	3	0.739101	0.0616833	-0.387444	0.0673845	-0.0730502	3	0.0165939	2	2	0	0.25	0.366746	0.390873
chr3:132500000-133000000	chr3	132500000	0.377024	-0.166581	0.216217	0.181891	4	-0.181267	-0.0328595	1.10667	-0.115293	0.049708	3	-0.029126	3	3	0	0.25	0.37154	0.384947
chr3:133000000-133500000	chr3	133000000	0.823796	0.0433983	0.82582	-0.105774	2	-0.497909	0.263443	-0.442844	0.0893771	nan	1	nan	1	1	0	0.25	0.376334	0.411046
chr3:133500000-134000000	chr3	133500000	0.626768	-0.278245	0.663371	-0.258767	5	0.0869698	0.435641	1.12705	0.0272226	0.0654161	5	-0.295822	5	8	0	0.25	0.381128	0.439583
chr3:134000000-134500000	chr3	134000000	-0.111972	-0.035484	-0.166857	0.0176084	5	0.740855	0.299003	0.507341	-0.0123298	-0.106552	5	0.0249811	5	9	0	0	0.385922	0.433474
chr3:134500000-135000000	chr3	134500000	1.20432	0.154166	1.09954	-0.0623449	2	0.302639	-0.0751694	0.326499	-0.0606913	-0.0551106	2	0.112132	2	2	0	0	0.390717	0.444002
chr3:135000000-135500000	chr3	135000000	1.54514	0.0300423	1.21137	0.0153196	0	0.0739989	-0.123664	0.834955	0.108223	nan	0	nan	0	0	0	0	0.395511	0.423814
chr3:135500000-136000000	chr3	135500000	0.964848	0.0118002	0.989203	0.080143	1	0.0991538	-0.157153	-0.409354	0.0414285	nan	1	nan	1	1	0	0	0.400305	0.408285
chr3:136000000-136500000	chr3	136000000	-0.526526	-0.135708	-0.348316	-0.059688	2	0.704854	0.151937	0.451717	0.155826	0.00447585	2	0.0283768	2	2	0	0.25	0.405099	0.402954
chr3:136500000-137000000	chr3	136500000	-0.562025	-0.0930125	-0.289484	-0.153136	4	0.692523	0.00372027	1.2724	-0.0153125	-0.0700705	4	0.0486485	4	3	0	0.25	0.409893	0.4041
chr3:137000000-137500000	chr3	137000000	1.02759	0.384004	0.893691	0.236169	0	-0.0754664	0.200589	0.861175	-0.0885706	nan	0	nan	0	1	0	0.25	0.414687	0.397989
chr3:137500000-138000000	chr3	137500000	1.15351	-0.00911742	0.837157	0.191123	1	0.0160139	0.216763	-0.577843	0.182744	nan	0	nan	0	6	0	0.25	0.419481	0.398338
chr3:138000000-138500000	chr3	138000000	-0.111826	-0.266217	-0.267033	-0.166619	8	1.13996	-0.0107601	0.193859	-0.0858631	-0.160333	5	0.0222344	6	8	0	0.25	0.424275	0.42999
chr3:138500000-139000000	chr3	138500000	-0.402501	-0.143187	-0.408206	-0.257327	5	1.14273	0.0617506	0.505092	0.0310658	0.111285	5	0.0510986	3	10	0	0.25	0.429069	0.426376
chr3:139000000-139500000	chr3	139000000	0.242147	-0.280083	0.20489	-0.30837	6	0.898653	0.0709242	0.241433	0.250971	0.260309	2	0.0472731	2	5	0	0	0.433863	0.425087
chr3:139500000-140000000	chr3	139500000	0.288052	-0.131157	0.476361	-0.769215	3	0.945398	0.0690785	-0.108412	0.129746	-0.0211838	3	-0.0726618	3	4	0	0	0.438657	0.419013
chr3:140000000-140500000	chr3	140000000	0.469438	-0.174877	0.135899	-0.254354	0	1.12495	-0.112323	-0.410606	0.227933	nan	0	nan	0	0	0	0	0.443451	0.424928
chr3:140500000-141000000	chr3	140500000	0.0750623	-0.0640498	0.0435082	-0.300024	2	0.838302	0.123192	-0.458352	0.301814	nan	1	nan	1	2	0	0	0.448245	0.405334
chr3:141000000-141500000	chr3	141000000	-0.373459	-0.0676068	-0.129923	-0.40509	4	1.2104	-0.0530107	0.647511	0.10809	-0.454036	4	-0.0243378	4	8	0	0	0.453039	0.435432
chr3:141500000-142000000	chr3	141500000	-0.528673	-0.248156	-0.493738	-0.434219	3	1.04734	-0.0919367	1.22652	0.0587681	0.192494	2	0.0489694	2	5	0	0	0.457833	0.416218
chr3:142000000-142500000	chr3	142000000	-0.429356	-0.391787	-0.16849	-0.30395	3	0.507871	0.319834	1.25801	-0.0552904	0.0191697	3	-0.126067	3	3	0	0	0.462628	0.388485
chr3:142500000-143000000	chr3	142500000	0.0352191	-0.465894	0.204171	-0.463502	5	0.0945221	0.240206	0.832259	-0.00327394	0.134474	5	-0.100575	5	6	0	0	0.467422	0.387659
chr3:143000000-143500000	chr3	143000000	0.798148	-0.111205	0.861482	-0.187253	2	-0.375282	-0.082799	1.01365	-0.139791	-0.236253	2	0.588393	2	2	0	1	0.472216	0.408051
chr3:143500000-144000000	chr3	143500000	0.695377	0.109812	0.96	0.13098	2	-0.69053	0.131771	0.874169	-0.0576187	-0.101872	2	-0.0170497	2	1	0	1	0.47701	0.386723
chr3:144000000-144500000	chr3	144000000	0.142797	0.220157	0.516094	0.00282747	0	-1.20018	0.212715	-0.621847	-0.0266658	nan	0	nan	0	0	0	1	0.481804	0.364897
chr3:144500000-145000000	chr3	144500000	0.248754	0.381787	0.611453	0.552564	0	-1.26361	0.318531	-1.42175	0.0185808	nan	0	nan	0	0	0	1	0.486598	0.352444
chr3:145000000-145500000	chr3	145000000	0.0549922	0.569095	0.722221	0.426815	0	-1.32777	0.21003	-1.41728	-0.0347042	nan	0	nan	0	0	0	1	0.491392	0.345857
chr3:145500000-146000000	chr3	145500000	0.325066	0.118319	0.615971	0.309572	0	-1.17001	0.137749	-1.41146	-0.0314229	nan	0	nan	0	0	0	1	0.496186	0.352972
chr3:146000000-146500000	chr3	146000000	-0.286123	-0.0197717	-0.183004	0.482317	3	-1.11385	0.186861	-1.38451	-0.04494	-0.284463	2	-0.16411	2	3	0	1	0.50098	0.368164
chr3:146500000-147000000	chr3	146500000	-0.0551306	0.173729	0.544256	0.0952053	2	-1.66246	0.253899	-1.31268	-0.0255037	nan	1	nan	1	1	0	1	0.505774	0.352791
chr3:147000000-147500000	chr3	147000000	0.290096	0.303406	0.610941	0.454271	2	-1.65588	0.193009	-1.36126	-0.0271754	nan	1	nan	0	10	0	1	0.510568	0.366641
chr3:147500000-148000000	chr3	147500000	0.770639	0.0260971	0.876678	0.285966	0	-1.48106	0.209645	-1.34723	-0.00648305	nan	0	nan	0	0	0	1	0.515362	0.357294
chr3:148000000-148500000	chr3	148000000	0.536382	0.304148	1.06076	-0.00530356	0	-1.71078	0.252187	-0.899257	-0.396624	nan	0	nan	0	0	0	1	0.520156	0.355206
chr3:148500000-149000000	chr3	148500000	0.407927	-0.152314	0.475919	-0.0860239	4	-1.57597	0.168264	-1.24702	-0.0866504	-0.0417809	3	nan	1	2	0	1	0.52495	0.373868
chr3:149000000-149500000	chr3	149000000	-0.775586	0.0894044	-0.640013	-0.144238	6	-0.428911	0.359906	-0.219585	-0.146326	-0.0837728	5	-0.159396	6	2	0	0	0.529745	0.394525
chr3:149500000-150000000	chr3	149500000	-1.10779	-0.0394119	-0.800947	-0.174471	5	0.370969	0.200601	0.664764	0.188554	0.0644508	4	0.0630616	4	5	0	0	0.534539	0.392202
chr3:150000000-150500000	chr3	150000000	-1.38616	0.129966	-1.02897	0.0168451	1	0.553002	0.23303	0.390518	-0.0582914	nan	1	nan	1	3	0	0	0.539333	0.39206
chr3:150500000-151000000	chr3	150500000	-0.801437	-0.0136807	-0.60587	-0.218257	7	0.584984	0.241107	1.06136	0.0219681	0.0322728	5	-0.0692958	4	6	0	0	0.544127	0.408663
chr3:151000000-151500000	chr3	151000000	-0.6821	-0.28882	-0.412327	-0.446439	7	0.189978	-0.0404376	-0.708724	-0.0565805	-0.0718097	4	-0.0495425	3	1	0	0	0.548921	0.39101
chr3:151500000-152000000	chr3	151500000	-0.83991	0.0710894	-0.488316	-0.0663314	3	-0.410916	-0.0615008	-0.619128	-0.107844	0.463881	2	nan	1	0	0	0	0.553715	0.371415
chr3:152000000-152500000	chr3	152000000	-1.72072	0.194408	-0.963341	-0.0340956	1	-0.0308165	-0.0779589	0.509	0.229974	nan	1	nan	1	1	0	0	0.558509	0.359372
chr3:152500000-153000000	chr3	152500000	-0.00862195	0.541874	0.45544	-0.0281243	1	-0.649146	-0.00552013	0.373923	0.0248287	nan	1	nan	1	1	0	0.5	0.563303	0.37347
chr3:153000000-153500000	chr3	153000000	-0.290667	0.0190113	-0.0178838	-0.184491	1	-0.888502	-0.0961757	-0.890325	-0.139601	nan	1	nan	1	1	0	0.5	0.568097	0.389795
chr3:153500000-154000000	chr3	153500000	0.571051	0.112104	0.588006	0.215746	0	-0.947962	-0.127103	-1.21803	-0.0150254	nan	0	nan	0	0	0	0.5	0.572891	0.370561
chr3:154000000-154500000	chr3	154000000	0.680183	-0.219401	1.00677	-0.232806	3	-0.942445	-0.0486849	-1.41411	0.0172418	0.164749	2	0.0663727	2	2	0	0.5	0.577685	0.374606
chr3:154500000-155000000	chr3	154500000	0.693804	-0.029904	0.88768	-0.040076	0	-1.49691	0.135478	-1.26667	-0.064646	nan	0	nan	0	0	0	0.5	0.582479	0.367118
chr3:155000000-155500000	chr3	155000000	0.4139	-0.101833	0.666251	-0.338154	2	-1.30329	0.100542	-1.47432	0.0810308	nan	1	nan	1	1	0	0.5	0.587273	0.386676
chr3:155500000-156000000	chr3	155500000	0.539393	-0.0812338	0.606512	-0.0464101	4	-0.86605	0.127475	-1.25892	0.0734387	0.113646	4	-0.00218172	4	4	0	0	0.592067	0.399839
chr3:156000000-156500000	chr3	156000000	0.222574	-0.0749967	0.20793	-0.274126	1	0.160042	0.0190068	0.0882644	-0.000130862	nan	1	nan	0	1	0	0	0.596861	0.403588
chr3:156500000-157000000	chr3	156500000	-1.03978	0.158	-0.451922	-0.0823923	3	0.252165	-0.0194127	0.74707	-0.101431	-0.0304562	2	0.0107445	3	4	0	0	0.601656	0.384748
chr3:157000000-157500000	chr3	157000000	-0.395202	-0.0306056	-0.110541	0.0592665	2	-0.70838	0.0168261	1.03111	-0.0104234	0.0783625	2	0.17789	2	5	0	0	0.60645	0.396147
chr3:157500000-158000000	chr3	157500000	0.802028	-0.0569181	0.999125	-0.0249648	1	-1.19662	-0.134448	-1.36845	0.0636309	nan	1	nan	1	1	0	0.5	0.611244	0.387176
chr3:158000000-158500000	chr3	158000000	0.269652	-0.01942	0.652869	-0.0324904	2	-1.30207	0.085117	-0.309478	0.221394	nan	1	-0.858091	2	5	0	0.5	0.616038	0.361383
chr3:158500000-159000000	chr3	158500000	0.387707	-0.362144	0.47073	-0.122447	5	-1.18432	0.110672	-0.00632327	0.0190836	0.0471757	5	0.0253974	4	4	0	0.5	0.620832	0.394442
chr3:159000000-159500000	chr3	159000000	0.339449	-0.126553	0.252178	-0.207368	2	-1.64217	0.196044	-1.30675	-0.000595123	nan	1	nan	1	0	0	0.5	0.625626	0.385038
chr3:159500000-160000000	chr3	159500000	-0.558116	-0.0129763	-0.249182	-0.0282693	1	-1.08337	0.202418	-1.39676	-0.0387084	nan	1	nan	0	2	0	0	0.63042	0.401531
chr3:160000000-160500000	chr3	160000000	-0.0849421	-0.307138	-0.193011	-0.111807	4	-0.726605	0.0791235	0.62676	-0.0669211	0.0237311	4	-0.10989	3	4	0	0	0.635214	0.401347
chr3:160500000-161000000	chr3	160500000	0.283743	-0.160511	0.466001	-0.138746	3	-1.11715	0.203233	0.916458	0.00361155	0.0327485	2	0.131489	2	2	0	0	0.640008	0.38414
chr3:161000000-161500000	chr3	161000000	0.367513	-0.132799	0.575459	-0.181736	4	-1.29214	0.0919451	0.115845	-0.0564645	-0.190256	2	0.212678	2	4	0	1	0.644802	0.383909
chr3:161500000-162000000	chr3	161500000	0.519119	0.270496	0.802632	-0.0419581	0	-0.922227	0.0138485	-0.499808	-0.0750523	nan	0	nan	0	0	0	1	0.649596	0.367098
chr3:162000000-162500000	chr3	162000000	-0.33781	0.0672504	0.0685657	-0.0117524	0	-0.899927	-0.0844901	-1.0545	-0.0591432	nan	0	nan	0	0	0	1	0.65439	0.348667
chr3:162500000-163000000	chr3	162500000	-0.181452	0.17904	0.100074	0.240744	0	-0.890997	0.0185052	-1.37764	-0.0473027	nan	0	nan	0	0	0	1	0.659184	0.349851
chr3:163000000-163500000	chr3	163000000	0.165419	0.542673	0.76935	0.412142	0	-1.42847	0.0203357	-1.3452	-0.0223753	nan	0	nan	0	0	0	1	0.663978	0.343871
chr3:163500000-164000000	chr3	163500000	0.290845	0.52236	0.775446	0.41478	0	-1.33439	0.214418	-1.2636	0.383491	nan	0	nan	0	0	0	1	0.668772	0.346341
chr3:164000000-164500000	chr3	164000000	0.386206	0.436846	0.554344	0.699218	0	-1.43401	0.346705	-1.0847	-0.120875	nan	0	nan	0	1	0	1	0.673567	0.35276
chr3:164500000-165000000	chr3	164500000	0.396696	0.418139	0.818212	0.432906	0	-1.39394	0.135024	-1.20148	-0.143562	nan	0	nan	0	0	0	1	0.678361	0.342944
chr3:165000000-165500000	chr3	165000000	0.419858	0.188904	0.685893	0.464062	2	-1.27828	0.0533016	-1.33762	0.0071213	nan	0	nan	1	0	0	1	0.683155	0.343238
chr3:165500000-166000000	chr3	165500000	0.0462091	0.290356	0.454673	0.40604	1	-1.46394	0.0372302	0.477552	-0.484425	nan	1	nan	1	0	0	1	0.687949	0.350758
chr3:166000000-166500000	chr3	166000000	-0.0233665	0.0904359	0.534859	0.224065	0	-1.58633	0.0290503	-0.658609	-0.127778	nan	0	nan	0	0	0	1	0.692743	0.343948
chr3:166500000-167000000	chr3	166500000	0.350311	0.230847	0.783507	0.344481	0	-1.69152	0.156483	-1.20535	-0.186302	nan	0	nan	0	0	0	1	0.697537	0.351904
chr3:167000000-167500000	chr3	167000000	0.658361	0.272719	1.05331	0.213254	2	-1.41229	0.173824	-1.43257	0.0818629	nan	1	nan	1	1	0	1	0.702331	0.364474
chr3:167500000-168000000	chr3	167500000	0.557304	0.454095	0.963431	0.171305	3	-1.27585	0.098436	-1.02623	0.0599559	0.198948	2	0.0138995	2	1	0	1	0.707125	0.364199
chr3:168000000-168500000	chr3	168000000	0.0607354	0.299172	0.63236	0.0487807	1	-0.453415	-0.0816858	-0.758264	-0.00951449	nan	1	nan	1	2	0	0	0.711919	0.369446
chr3:168500000-169000000	chr3	168500000	0.0782552	0.236196	0.584666	0.026832	0	-0.661378	-0.0357712	-1.43301	-0.0290203	nan	0	nan	0	0	0	0	0.716713	0.359858
chr3:169000000-169500000	chr3	169000000	-0.132137	-0.196404	0.202335	-0.0630956	0	0.0729197	-0.0914604	-1.34834	-0.039044	nan	0	nan	0	2	0	0	0.721507	0.3668
chr3:169500000-170000000	chr3	169500000	-0.253209	0.0553282	-0.0399012	-0.0774261	9	0.601914	-0.0602353	-1.15321	-0.0324626	0.0225883	5	0.066672	5	7	0	0	0.726301	0.397972
chr3:170000000-170500000	chr3	170000000	-1.11239	0.00432025	-1.06026	-0.168571	5	1.17656	0.0692125	1.21152	-0.107024	0.0403973	5	0.136259	5	5	0	0	0.731095	0.410169
chr3:170500000-171000000	chr3	170500000	-0.871134	0.138167	-0.89889	-0.280911	3	1.05042	-0.0352603	0.164685	-0.114299	0.396144	3	-0.0284217	2	4	0	0	0.735889	0.4053
chr3:171000000-171500000	chr3	171000000	-1.39784	0.258651	-1.21971	0.1151	2	0.81881	-0.167968	0.680542	-0.0175616	-0.14843	2	-0.131629	2	2	0	0.75	0.740684	0.395483
chr3:171500000-172000000	chr3	171500000	-1.26182	0.0801127	-1.28969	0.0542868	2	0.975484	-0.0937011	1.04384	0.0238388	nan	1	nan	1	1	0	0.75	0.745478	0.396065
chr3:172000000-172500000	chr3	172000000	-1.23654	0.162242	-1.04655	-0.054239	2	0.670419	-0.0689531	1.18027	0.0491427	nan	1	nan	1	3	0	0.75	0.750272	0.398298
chr3:172500000-173000000	chr3	172500000	-0.592741	0.155239	-0.300806	-0.275771	3	0.0588592	-0.383404	0.451471	0.00797054	0.345115	3	-0.131349	3	2	0	0.75	0.755066	0.390593
chr3:173000000-173500000	chr3	173000000	0.570402	0.409132	1.07224	0.169272	2	-0.764057	-0.343844	-1.17115	0.184115	nan	1	nan	1	2	0	0.75	0.75986	0.366408
chr3:173500000-174000000	chr3	173500000	-0.0848272	0.529562	0.559963	0.282696	0	-0.821407	0.0229165	-1.30745	-0.12635	nan	0	nan	0	0	0	0.75	0.764654	0.352532
chr3:174000000-174500000	chr3	174000000	0.172643	0.255683	0.513979	0.339291	0	-0.752351	-0.206747	-1.3497	-0.0877725	nan	0	nan	0	2	0	0.75	0.769448	0.359125
chr3:174500000-175000000	chr3	174500000	0.159586	-0.180017	0.264014	0.219597	1	-1.27436	-0.0412871	-1.40418	0.000409034	nan	1	nan	1	0	0	0.75	0.774242	0.354966
chr3:175000000-175500000	chr3	175000000	-0.293215	0.0709784	0.232823	-0.054648	0	-1.22859	-0.203205	-1.01158	0.125261	nan	0	nan	0	0	0	0.75	0.779036	0.349914
chr3:175500000-176000000	chr3	175500000	0.0830165	0.552571	0.576283	0.279086	0	-1.14587	-0.262114	-1.12641	-0.00136998	nan	0	nan	0	0	0	0.75	0.78383	0.35583
chr3:176000000-176500000	chr3	176000000	0.510836	0.41627	0.852876	0.383854	0	-1.07344	-0.286848	-1.44	-0.00647894	nan	0	nan	0	0	0	0	0.788624	0.354463
chr3:176500000-177000000	chr3	176500000	0.532692	0.33399	0.756918	-0.0722498	0	-0.586499	-0.103297	-1.42469	-0.00205556	nan	0	nan	0	0	0	0	0.793418	0.381001
chr3:177000000-177500000	chr3	177000000	-0.89329	-0.058127	-0.739629	-0.112402	1	0.779631	-0.180807	-0.0670535	-0.0847108	nan	1	nan	1	1	0	0	0.798212	0.411875
chr3:177500000-178000000	chr3	177500000	-0.973762	0.181809	-0.681019	-0.0357231	0	0.723928	-0.33445	-0.788813	-0.0768196	nan	0	nan	0	0	0	0	0.803006	0.391807
chr3:178000000-178500000	chr3	178000000	-0.89385	0.160327	-0.456713	-0.0299237	0	0.229758	-0.232251	-1.33369	-0.0388247	nan	0	nan	0	0	0	0	0.8078	0.363604
chr3:178500000-179000000	chr3	178500000	0.299432	0.168299	0.469062	0.0319574	1	-0.45969	-0.00741646	0.738268	-0.0337109	nan	0	nan	0	0	0	0	0.812595	0.38241
chr3:179000000-179500000	chr3	179000000	-0.842089	0.0158698	-0.360973	-0.169425	6	0.191861	-0.0174232	0.998831	-0.0141	-0.128226	6	-0.014863	6	6	0	0	0.817389	0.392367
chr3:179500000-180000000	chr3	179500000	0.274257	0.102091	0.61601	-0.0953338	4	-0.821549	0.0233482	0.795241	-0.0350869	0.128652	4	0.0310387	4	3	0	0.75	0.822183	0.403448
chr3:180000000-180500000	chr3	180000000	1.05211	0.488814	1.34163	0.210368	1	-1.62095	0.118206	0.141124	-0.375164	nan	1	nan	1	1	0	0.75	0.826977	0.372836
chr3:180500000-181000000	chr3	180500000	0.586478	0.242667	1.01392	0.0939616	4	-1.29625	0.0808826	-0.952525	-0.0736369	-0.0604295	4	0.0183351	3	5	0	0.75	0.831771	0.378605
chr3:181000000-181500000	chr3	181000000	1.11597	0.137732	1.4019	0.271107	0	-1.42784	0.199866	-0.959232	-0.000498058	nan	0	nan	0	0	0	0.75	0.836565	0.371003
chr3:181500000-182000000	chr3	181500000	0.434485	0.493522	0.665458	0.13345	1	-0.85727	-0.0643853	-1.32141	0.133167	nan	1	nan	0	4	0	0.75	0.841359	0.394699
chr3:182000000-182500000	chr3	182000000	0.827427	0.0794416	0.91121	0.0250857	0	-0.689021	-0.262712	-0.655126	0.464834	nan	0	nan	0	0	0	0.75	0.846153	0.379953
chr3:182500000-183000000	chr3	182500000	-0.184223	0.0280673	0.317485	-0.241896	2	-0.212638	0.139222	-0.62529	0.0834297	-0.137432	2	-0.0357944	2	3	0	0.75	0.850947	0.384374
chr3:183000000-183500000	chr3	183000000	-0.498794	-0.236068	-0.604387	-0.333219	4	0.996678	0.101537	1.27483	0.0390452	-0.117293	4	-0.0927424	3	8	0	0	0.855741	0.427392
chr3:183500000-184000000	chr3	183500000	-0.775642	-0.0236716	-0.845883	-0.283852	5	1.46751	0.0971651	1.41351	-0.0950342	0.0260129	4	-0.0805691	5	4	0	0	0.860535	0.441276
chr3:184000000-184500000	chr3	184000000	-0.836612	0.00251621	-0.90908	-0.125151	20	1.71116	-0.0593092	1.38799	-0.0103103	0.0431886	16	0.00308398	14	21	0	0	0.865329	0.485457
chr3:184500000-185000000	chr3	184500000	-0.861545	0.104308	-0.865057	-0.175181	3	1.66187	-0.0448463	1.01804	0.129115	-0.0480029	3	-0.124406	3	11	0	0	0.870123	0.451126
chr3:185000000-185500000	chr3	185000000	-0.556706	-0.196942	-0.69678	-0.198904	4	1.47737	0.0654305	1.19251	-0.0306059	0.129822	4	0.198568	4	4	0	0.25	0.874917	0.407821
chr3:185500000-186000000	chr3	185500000	-1.16776	-0.0104427	-1.31686	0.150147	4	1.66217	-0.00563182	1.38062	-0.073436	0.0437588	4	0.053563	4	3	0	0.25	0.879711	0.430127
chr3:186000000-186500000	chr3	186000000	-0.616423	-0.192116	-0.933945	-0.229197	2	1.489	0.0922598	1.00864	-0.145421	0.279896	2	-0.342939	2	3	0	0.25	0.884506	0.437524
chr3:186500000-187000000	chr3	186500000	-0.770485	-0.10241	-0.772736	-0.294356	11	1.38808	0.0292527	0.955562	-0.0138671	0.0662647	6	0.169254	7	7	0	0	0.8893	0.436515
chr3:187000000-187500000	chr3	187000000	-0.466847	-0.0146474	-0.484895	-0.240847	4	0.997766	-0.0334877	1.06914	-0.000289831	0.303934	2	-0.0954779	2	2	0	0	0.894094	0.419906
chr3:187500000-188000000	chr3	187500000	-0.775542	-0.0551739	-0.798562	-0.328083	3	0.781214	-0.0803071	-0.079603	-0.0663368	nan	1	nan	1	6	0	0	0.898888	0.413768
chr3:188000000-188500000	chr3	188000000	-1.16349	0.0352761	-0.951748	-0.211327	1	0.726198	0.0649654	0.267293	-0.0482535	nan	1	nan	1	2	0	0.75	0.903682	0.408347
chr3:188500000-189000000	chr3	188500000	-0.988146	0.0250459	-1.12583	-0.034457	0	0.524422	-0.109595	-0.264947	0.304109	nan	0	nan	0	1	0	0.75	0.908476	0.387396
chr3:189000000-189500000	chr3	189000000	-0.540606	-0.176604	-0.637946	-0.0285749	1	-0.371653	-0.340073	-0.530237	0.18932	nan	1	nan	0	0	0	0.75	0.91327	0.385496
chr3:189500000-190000000	chr3	189500000	-0.669024	0.0518771	-0.466557	-0.283751	1	-0.658522	-0.212198	1.06443	-0.0653329	nan	0	nan	0	0	0	0.75	0.918064	0.374998
chr3:190000000-190500000	chr3	190000000	-1.20176	0.1159	-0.89045	-0.0155224	4	-0.23971	0.189228	0.975634	-0.0656187	0.182668	2	0.304589	2	2	0	0.75	0.922858	0.377667
chr3:190500000-191000000	chr3	190500000	-0.220536	0.0393332	0.0601694	0.0044487	2	-0.742925	0.0301358	-0.188843	0.106028	nan	1	nan	1	3	0	0.75	0.927652	0.3694
chr3:191000000-191500000	chr3	191000000	-0.284031	0.103577	-0.0539807	0.0558097	4	-0.590207	-0.016275	-0.87369	-0.0801455	nan	1	0.0111227	2	1	0	0.75	0.932446	0.37048
chr3:191500000-192000000	chr3	191500000	0.271574	0.296185	0.56195	0.330486	0	-0.69116	0.0442635	-0.604109	0.0261154	nan	0	nan	0	1	0	0.75	0.93724	0.367381
chr3:192000000-192500000	chr3	192000000	0.447152	0.44931	0.637936	0.412509	0	-0.545928	-0.120196	-1.21726	-0.000183802	nan	0	nan	0	1	0	0.75	0.942034	0.369868
chr3:192500000-193000000	chr3	192500000	-0.0967565	0.242038	0.213949	0.0847082	2	0.29817	0.0156829	-1.06388	0.101624	-0.303551	2	0.281695	2	2	0	0	0.946828	0.394788
chr3:193000000-193500000	chr3	193000000	0.594815	0.206107	0.466412	0.175978	2	0.358479	0.146541	-0.265245	-0.0697493	nan	1	nan	1	1	0	0	0.951622	0.389786
chr3:193500000-194000000	chr3	193500000	-0.577921	-0.106906	-0.480314	-0.286076	2	1.09784	0.193671	-0.256689	-0.0240131	nan	1	0.00598512	2	2	0	0	0.956417	0.419833
chr3:194000000-194500000	chr3	194000000	-0.975098	0.0112719	-0.979019	-0.0554432	5	1.42877	0.0935264	0.304993	-0.113323	-0.258169	4	-0.0453191	3	13	0	0	0.961211	0.461661
chr3:194500000-195000000	chr3	194500000	-0.837444	-0.0730034	-0.977347	-0.037554	3	1.51646	0.142114	1.34072	-0.0470615	0.0295872	3	0.109901	3	5	0	0	0.966005	0.4645
chr3:195000000-195500000	chr3	195000000	-0.824892	-0.212584	-1.09478	0.0104383	2	1.47192	0.177337	1.22089	0.0348583	-0.125821	2	-0.0863396	2	4	0	0	0.970799	0.446383
chr3:195500000-196000000	chr3	195500000	nan	nan	nan	nan	5	1.82002	-0.0572804	1.397	-0.0472962	0.107868	4	-0.116158	3	19	0	0	0.975593	0.495618
chr3:196000000-196500000	chr3	196000000	-1.10339	0.0433179	-1.27756	0.106237	7	1.63274	-0.0381612	1.31434	-0.036782	0.0487128	6	-0.0661446	3	7	0	0	0.980387	0.458846
chr3:196500000-197000000	chr3	196500000	-1.2137	0.0535632	-1.33895	0.0130435	12	1.50842	0.079926	1.36384	-0.0205533	0.0602291	12	0.0418623	12	12	0	0	0.985181	0.448066
chr3:197000000-197500000	chr3	197000000	-1.45518	0.022556	-1.25738	0.107036	2	1.53952	-0.157229	1.29608	0.00678283	0.239515	2	-0.122507	2	7	0	0	0.989975	0.418203
chr3:197500000-198000000	chr3	197500000	-1.18168	0.0923638	-1.19342	-0.0711484	7	1.61771	nan	1.37548	0.00188035	0.19346	6	-0.0265543	6	9	0	0	0.994769	0.447513
chr3:198000000-198500000	chr3	198000000	nan	nan	nan	nan	0	nan	nan	nan	nan	nan	0	nan	0	5	0.12	0	0.999563	0.429997
chr4:0-500000	chr4	0	nan	nan	nan	nan	6	0.477187	0.541369	0.609795	0.0721647	-0.123735	6	0.0139504	6	9	0.02	0	0.994813	0.411047
chr4:500000-1000000	chr4	500000	nan	nan	nan	nan	12	1.03693	0.148807	0.961815	0.0731353	0.00831716	12	0.100538	10	60	0	0	0.98444	0.549318
chr4:1000000-1500000	chr4	1000000	nan	nan	nan	nan	7	1.05328	0.091209	0.776821	-0.0256718	-0.0779597	6	0.145697	6	50	0.021212	0	0.974066	0.538196
chr4:1500000-2000000	chr4	1500000	nan	nan	nan	nan	7	0.983484	0.232461	1.12349	-0.148282	0.0896364	7	0.0831228	7	44	0	0	0.963693	0.549676
chr4:2000000-2500000	chr4	2000000	nan	nan	nan	nan	9	0.729139	0.400498	0.962243	0.0653237	-0.00321214	9	0.0602977	7	17	0	0	0.95332	0.500155
chr4:2500000-3000000	chr4	2500000	nan	nan	nan	nan	7	0.730208	0.616875	1.25761	0.0385457	-0.0264253	6	0.154659	6	13	0	0	0.942946	0.484065
chr4:3000000-3500000	chr4	3000000	-0.475428	-0.201623	-0.675738	-0.00612747	6	0.825292	0.516199	1.21707	-0.113246	-0.00180529	5	0.0179481	5	17	0	0	0.932573	0.496909
chr4:3500000-4000000	chr4	3500000	0.322756	-0.556823	-0.328898	0.136911	2	0.920133	0.60817	0.661693	0.276536	0.305462	2	0.150673	2	20	0	0	0.922199	0.535691
chr4:4000000-4500000	chr4	4000000	0.051784	-0.244666	-0.0507668	-0.430956	5	1.21381	0.0979567	1.02454	-0.0652802	0.0639187	4	0.0590949	4	7	0	0	0.911826	0.457829
chr4:4500000-5000000	chr4	4500000	0.142595	-0.272773	-0.243614	-0.0972086	2	1.0235	0.249967	0.572201	0.00618502	0.270373	2	0.046986	2	11	0	0.25	0.901452	0.457969
chr4:5000000-5500000	chr4	5000000	0.112875	-0.185036	-0.0567559	-0.410624	2	0.490268	-0.298267	-0.149279	0.0186853	0.3271	2	0.307185	2	2	0	0.25	0.891079	0.427355
chr4:5500000-6000000	chr4	5500000	0.395182	-0.493876	-0.108649	-0.0700174	3	0.888845	0.124534	0.532838	-0.00182041	-0.102583	3	-0.0418047	3	6	0	0.25	0.880705	0.470755
chr4:6000000-6500000	chr4	6000000	0.617356	-0.357322	0.174312	-0.144062	5	1.32632	0.0860298	1.01767	-0.149813	-0.104648	2	nan	1	10	0	0	0.870332	0.508786
chr4:6500000-7000000	chr4	6500000	-0.432296	-0.160481	-0.706158	-0.128554	8	1.38851	0.406868	1.38107	-0.0671834	-0.0678389	7	0.0709087	6	13	0	0	0.859959	0.489244
chr4:7000000-7500000	chr4	7000000	-0.313513	-0.0581727	-0.483304	-0.120931	5	1.37537	0.358401	0.809596	-0.112166	-0.0185807	4	0.177636	4	7	0	0	0.849585	0.524035
chr4:7500000-8000000	chr4	7500000	-0.311872	-0.339362	-0.63909	-0.204181	1	1.41954	0.441389	0.50301	0.0196665	nan	1	nan	1	6	0	0	0.839212	0.507076
chr4:8000000-8500000	chr4	8000000	-0.0820058	-0.327168	-0.373934	-0.166632	5	1.67437	0.0749999	1.01417	-0.316321	0.187488	5	0.0898172	5	12	0	0	0.828838	0.535894
chr4:8500000-9000000	chr4	8500000	0.792403	-0.0996286	0.453694	0.178688	3	1.30692	-0.297672	0.401881	0.00159522	-0.160338	2	nan	0	17	0.038	0	0.818465	0.523597
chr4:9000000-9500000	chr4	9000000	0.72714	0.148667	0.735337	-0.195876	21	nan	nan	-0.218143	-0.0018982	nan	0	nan	0	6	0.1	0	0.808091	0.455094
chr4:9500000-10000000	chr4	9500000	1.22523	0.0666757	1.02636	-0.141345	1	0.980989	-0.309816	0.826421	0.286958	nan	0	nan	0	3	0	0	0.797718	0.457129
chr4:10000000-10500000	chr4	10000000	0.983825	0.00328852	0.869222	-0.287944	3	1.54143	-0.19169	0.26531	-0.0700629	-0.0882126	3	-0.0843933	3	6	0	0	0.787344	0.446666
chr4:10500000-11000000	chr4	10500000	0.331122	-0.134563	0.36008	-0.264739	1	1.09724	-0.622227	0.934218	-0.296032	nan	0	nan	0	0	0	0	0.776971	0.403607
chr4:11000000-11500000	chr4	11000000	0.716248	0.0418525	0.63459	-0.059789	1	1.05728	-0.572253	0.071794	-0.382859	nan	1	nan	1	4	0	0	0.766598	0.399625
chr4:11500000-12000000	chr4	11500000	0.35144	0.127112	0.117525	0.286817	0	1.06117	-0.571589	-1.02852	-0.12955	nan	0	nan	0	0	0	0.5	0.756224	0.379098
chr4:12000000-12500000	chr4	12000000	0.505402	0.650854	0.493247	0.602718	0	0.657625	-0.679266	-1.28215	0.101242	nan	0	nan	0	0	0	0.5	0.745851	0.368383
chr4:12500000-13000000	chr4	12500000	0.793608	0.353435	0.868123	0.23001	0	0.690362	-0.538881	-0.696367	-0.0534718	nan	0	nan	0	0	0	0.5	0.735477	0.37806
chr4:13000000-13500000	chr4	13000000	0.772318	-0.0017561	0.647504	0.00444082	1	0.468147	-0.590795	-0.0897901	0.0864947	nan	1	nan	1	1	0	0.5	0.725104	0.389335
chr4:13500000-14000000	chr4	13500000	0.130379	0.0599214	-0.0346485	-0.0629842	2	1.22021	-0.214787	-0.218787	-0.132386	-0.154223	2	nan	1	9	0	0.5	0.71473	0.406204
chr4:14000000-14500000	chr4	14000000	0.509747	0.109141	0.350906	0.0835725	0	1.25468	-0.0963562	-0.802157	-0.1079	nan	0	nan	0	0	0	0.5	0.704357	0.38464
chr4:14500000-15000000	chr4	14500000	0.503392	0.185504	0.102591	0.418739	0	1.40388	-0.242732	-0.244539	0.0701049	nan	0	nan	0	1	0	0.5	0.693983	0.392779
chr4:15000000-15500000	chr4	15000000	-0.303744	-0.105907	-0.133477	-0.219804	3	1.48273	-0.0782841	0.118791	-0.127326	0.158871	2	-0.0316813	2	1	0	0	0.68361	0.393375
chr4:15500000-16000000	chr4	15500000	-0.129869	-0.108798	-0.158095	-0.0719266	6	1.56235	-0.0420976	0.582397	0.0758557	0.121943	4	0.0398336	3	4	0	0	0.673237	0.410308
chr4:16000000-16500000	chr4	16000000	0.888508	-0.206613	0.721657	-0.13732	2	1.48333	-0.29001	-0.119267	-0.124625	0.0895232	2	0.0135365	2	4	0	0	0.662863	0.408768
chr4:16500000-17000000	chr4	16500000	0.891575	-0.045479	0.515409	0.232225	1	1.01064	-0.224635	-0.859728	-0.0159701	nan	1	nan	1	0	0	0	0.65249	0.402305
chr4:17000000-17500000	chr4	17000000	0.668041	0.0492709	0.565436	0.184424	0	1.35709	-0.60615	-0.604128	-0.0665273	nan	0	nan	0	0	0	0	0.642116	0.409086
chr4:17500000-18000000	chr4	17500000	0.480126	-0.0698635	0.733539	-0.0175486	7	1.05069	-0.645465	0.826689	0.0378477	0.196956	6	0.0835051	5	6	0	0.75	0.631743	0.408507
chr4:18000000-18500000	chr4	18000000	1.12738	0.169477	1.15495	0.1881	1	0.426475	-0.743054	0.109857	-0.0214963	nan	1	nan	1	1	0	0.75	0.621369	0.380967
chr4:18500000-19000000	chr4	18500000	0.989219	-0.0851048	1.1204	0.0130026	0	0.883568	-0.751902	0.507608	-0.0117757	nan	0	nan	0	0	0	0.75	0.610996	0.370996
chr4:19000000-19500000	chr4	19000000	-0.00953469	-0.0742744	0.191879	0.147804	0	0.7436	-0.612062	0.111756	-0.220457	nan	0	nan	0	0	0	0.75	0.600622	0.361832
chr4:19500000-20000000	chr4	19500000	-0.242072	-0.258877	0.0413258	-0.242632	0	0.833667	-0.586405	-0.217935	-0.16274	nan	0	nan	0	0	0	0.75	0.590249	0.367046
chr4:20000000-20500000	chr4	20000000	-0.264842	-0.164581	0.121539	-0.223608	1	0.93437	-0.520731	-0.54516	0.0649191	nan	1	nan	1	1	0	0.75	0.579876	0.363202
chr4:20500000-21000000	chr4	20500000	0.693951	-0.117666	0.766782	-0.110901	1	0.910882	-0.702177	-0.865255	0.0489508	nan	1	nan	1	1	0	0.75	0.569502	0.381288
chr4:21000000-21500000	chr4	21000000	0.978267	0.0714165	1.19012	-0.051792	0	0.837336	-0.923245	-1.09113	-0.0549018	nan	0	nan	0	0	0	0.75	0.559129	0.37737
chr4:21500000-22000000	chr4	21500000	0.362602	-0.28511	0.536234	-0.198184	1	1.04738	-0.355893	-0.912178	-0.101249	nan	0	nan	1	1	0	0	0.548755	0.374819
chr4:22000000-22500000	chr4	22000000	0.710428	-0.277246	0.766555	-0.338537	0	0.855636	-0.460847	-0.500618	0.0299092	nan	0	nan	0	0	0	0	0.538382	0.38513
chr4:22500000-23000000	chr4	22500000	0.778049	0.113782	0.72015	0.128431	1	1.12815	-0.423762	0.0199686	-0.144901	nan	1	nan	1	1	0	0	0.528008	0.387788
chr4:23000000-23500000	chr4	23000000	0.160567	0.136336	0.341958	-0.0212105	0	1.13492	-0.167348	-0.52997	-0.187947	nan	0	nan	0	0	0	0	0.517635	0.3654
chr4:23500000-24000000	chr4	23500000	-0.0239344	0.068512	-0.0305833	-0.00418584	1	1.17617	0.0593198	-0.998282	-0.055375	nan	1	nan	1	0	0	0	0.507261	0.38196
chr4:24000000-24500000	chr4	24000000	0.0857887	-0.00186716	-0.0284499	-0.150638	0	1.27525	0.28793	-0.649569	-0.0798565	nan	0	nan	0	1	0	0	0.496888	0.410113
chr4:24500000-25000000	chr4	24500000	0.0599545	-0.250765	-0.150008	-0.422204	3	1.48094	0.226016	0.291323	-0.0818347	0.09478	3	-0.242632	3	3	0	0	0.486515	0.423286
chr4:25000000-25500000	chr4	25000000	-0.0557378	-0.21657	-0.095592	-0.155184	5	1.73844	-0.136972	0.923563	-0.0626869	0.0357687	5	-0.107843	5	7	0	0	0.476141	0.418271
chr4:25500000-26000000	chr4	25500000	0.351087	-0.101712	0.102497	-0.411944	3	1.75969	-0.200912	0.387901	0.277184	-0.342169	3	0.0520385	3	6	0	0	0.465768	0.447735
chr4:26000000-26500000	chr4	26000000	-0.420364	0.0266545	-0.445706	-0.284555	2	1.66231	-0.5597	1.19914	-0.054556	nan	1	-0.118602	2	4	0	0	0.455394	0.423327
chr4:26500000-27000000	chr4	26500000	-0.0742378	-0.35907	0.049372	-0.111231	2	1.37884	-0.836607	0.968763	0.00770585	-0.000906472	2	-0.0464371	2	3	0	0	0.445021	0.384569
chr4:27000000-27500000	chr4	27000000	1.0607	-0.0364349	0.949014	-0.0959497	0	0.959005	-1.2686	-0.738879	0.067055	nan	0	nan	0	0	0	0	0.434647	0.394499
chr4:27500000-28000000	chr4	27500000	0.500599	0.31517	0.819456	0.122166	0	0.733454	-1.20581	-1.0196	-0.104421	nan	0	nan	0	0	0	1	0.424274	0.353776
chr4:28000000-28500000	chr4	28000000	0.00178739	0.159994	0.309398	0.019676	0	0.496275	-1.10997	-0.82015	0.512168	nan	0	nan	0	0	0	1	0.4139	0.356715
chr4:28500000-29000000	chr4	28500000	-0.0481467	0.0928815	0.145612	-0.002956	0	0.730761	-1.1661	-0.903933	-0.0386563	nan	0	nan	0	0	0	1	0.403527	0.354346
chr4:29000000-29500000	chr4	29000000	-0.360006	0.393186	0.0896589	0.340603	0	0.657965	-1.18231	-0.303302	-0.586272	nan	0	nan	0	0	0	1	0.393154	0.343067
chr4:29500000-30000000	chr4	29500000	0.405606	0.0240572	0.595189	0.312069	0	0.543125	-1.25379	-0.496565	-0.274563	nan	0	nan	0	0	0	1	0.38278	0.343383
chr4:30000000-30500000	chr4	30000000	0.151363	-0.0303481	0.269332	0.0395892	0	0.578834	-1.27693	-0.660041	-0.353803	nan	0	nan	0	1	0	1	0.372407	0.348481
chr4:30500000-31000000	chr4	30500000	-0.751389	-0.151576	-0.362576	-0.242182	1	1.17585	-1.00944	-0.61111	-0.176852	nan	1	nan	1	2	0	1	0.362033	0.359239
chr4:31000000-31500000	chr4	31000000	-0.59204	-0.0607659	-0.266911	-0.0741675	0	1.28048	-0.933567	0.643859	0.214131	nan	0	nan	0	0	0	1	0.35166	0.355431
chr4:31500000-32000000	chr4	31500000	-0.279591	-0.0475612	-0.0468605	0.027686	0	0.84469	-0.964831	-0.707835	-0.088414	nan	0	nan	0	0	0.026588	1	0.341286	0.345654
chr4:32000000-32500000	chr4	32000000	-0.0073169	-0.148663	0.127036	0.181659	0	0.530386	-1.14206	-1.05945	0.117765	nan	0	nan	0	0	0	1	0.330913	0.350527
chr4:32500000-33000000	chr4	32500000	0.103645	-0.0422568	0.267852	0.38602	0	0.443112	-1.17253	-0.798228	-0.0300008	nan	0	nan	0	0	0.012	1	0.320539	0.344794
chr4:33000000-33500000	chr4	33000000	-0.00223561	-0.0089159	0.103482	0.23589	0	0.691718	-1.23534	-0.92533	0.00573061	nan	0	nan	0	0	0	1	0.310166	0.349784
chr4:33500000-34000000	chr4	33500000	-0.210399	-0.177127	-0.102192	0.0572204	0	0.592664	-1.24326	-0.576961	0.0302565	nan	0	nan	0	0	0	1	0.299793	0.347594
chr4:34000000-34500000	chr4	34000000	-0.431567	0.071871	-0.0612996	0.0566375	0	0.609169	-1.14271	-1.15273	0.0109725	nan	0	nan	0	0	0	1	0.289419	0.345662
chr4:34500000-35000000	chr4	34500000	0.108989	-0.0849461	0.504787	0.203147	0	0.586134	-1.19797	-1.02627	0.10131	nan	0	nan	0	0	0	1	0.279046	0.340585
chr4:35000000-35500000	chr4	35000000	0.407185	0.359213	0.599596	0.472021	0	0.49013	-1.19394	-0.538383	-0.255062	nan	0	nan	0	0	0	1	0.268672	0.34882
chr4:35500000-36000000	chr4	35500000	0.622492	-0.0560347	0.552058	0.517157	0	0.6747	-1.13556	-0.159516	-0.140562	nan	0	nan	0	0	0	1	0.258299	0.35037
chr4:36000000-36500000	chr4	36000000	0.717464	0.06348	0.998794	0.245868	2	1.08035	-1.21376	0.809191	0.108745	nan	1	nan	1	1	0	0	0.247925	0.363569
chr4:36500000-37000000	chr4	36500000	1.05494	0.0339	1.09096	0.288439	0	0.744797	-0.73572	-0.297092	0.166691	nan	0	nan	0	0	0	0	0.237552	0.368806
chr4:37000000-37500000	chr4	37000000	1.18024	-0.0143851	0.968749	0.184371	2	0.938082	-0.769747	-0.763362	-0.0736524	nan	0	nan	0	2	0	0	0.227178	0.384342
chr4:37500000-38000000	chr4	37500000	0.0758996	-0.108906	0.0509973	-0.36357	4	1.77215	-0.639305	1.01848	-0.0730045	0.507458	3	-0.124498	3	4	0	0	0.216805	0.420349
chr4:38000000-38500000	chr4	38000000	-0.197873	-0.113648	-0.261512	-0.346538	0	1.85356	-0.45406	1.17365	0.133175	nan	0	nan	0	1	0	0	0.206432	0.42233
chr4:38500000-39000000	chr4	38500000	-0.420857	-0.101298	-0.576732	-0.1458	5	1.78533	-0.380199	1.43909	-0.0104214	-0.103313	3	-0.0283944	3	3	0	0	0.196058	0.418322
chr4:39000000-39500000	chr4	39000000	-0.737521	-0.205164	-0.560938	-0.314943	7	1.73934	-0.115031	1.49172	-0.0416673	0.0209777	6	-0.0796876	5	7	0	0	0.185685	0.396848
chr4:39500000-40000000	chr4	39500000	-1.10354	0.0279407	-0.960981	-0.169444	4	1.75834	0.0422934	1.50066	0.0575259	-0.15936	4	-0.0576803	4	6	0	0	0.175311	0.421301
chr4:40000000-40500000	chr4	40000000	-0.41167	-0.172551	-0.864672	-0.203344	3	1.81584	-0.0370548	1.43392	0.0168119	nan	1	nan	1	3	0	0	0.164938	0.429427
chr4:40500000-41000000	chr4	40500000	-0.563353	0.0107148	-0.667323	-0.378669	2	1.89799	-0.318524	1.39757	0.0300626	0.103078	2	nan	1	4	0	0	0.154564	0.430469
chr4:41000000-41500000	chr4	41000000	-0.34314	-0.102474	-0.391889	-0.169285	2	1.78838	-0.150698	0.947939	-0.0913569	0.0247562	2	0.35927	2	4	0	0.5	0.144191	0.410913
chr4:41500000-42000000	chr4	41500000	-0.11301	-0.24727	-0.246324	-0.106808	5	1.75613	-0.354969	0.238006	-0.492118	-0.0583357	4	-0.0719325	4	15	0	0.5	0.133817	0.403453
chr4:42000000-42500000	chr4	42000000	0.823509	-0.0976571	0.856354	-0.192572	2	1.19051	-0.632621	0.426407	0.0558488	0.0608909	2	nan	1	2	0	0.5	0.123444	0.407652
chr4:42500000-43000000	chr4	42500000	1.11806	-0.090618	1.14656	0.254608	2	0.61416	-0.874859	0.448866	-0.0022197	nan	1	nan	1	1	0	0.5	0.113071	0.378955
chr4:43000000-43500000	chr4	43000000	0.528557	-0.0509202	0.615434	0.145149	0	0.130129	-0.91835	0.460423	-0.225596	nan	0	nan	0	0	0	0.5	0.102697	0.362105
chr4:43500000-44000000	chr4	43500000	0.570379	0.0752468	0.72631	0.27867	0	0.0114772	-0.861479	0.220917	-0.632632	nan	0	nan	0	0	0	0.5	0.0923237	0.3544
chr4:44000000-44500000	chr4	44000000	0.462254	0.066711	0.536268	0.466652	1	0.0834595	-0.728313	-1.2572	0.131225	nan	1	nan	0	1	0	0.5	0.0819502	0.359121
chr4:44500000-45000000	chr4	44500000	0.522571	0.199212	0.70908	0.377491	3	0.919505	-0.917951	-0.70183	-0.0820268	-0.0754709	2	-0.0360482	3	2	0	0	0.0715768	0.3626
chr4:45000000-45500000	chr4	45000000	0.339621	0.44761	0.46275	0.662562	0	1.12829	-0.46333	-1.03646	-0.110156	nan	0	nan	0	0	0	0	0.0612033	0.354127
chr4:45500000-46000000	chr4	45500000	0.406616	0.575568	0.714051	0.533082	0	0.821011	-1.00758	-1.1847	0.0245132	nan	0	nan	0	0	0	0	0.0508299	0.352381
chr4:46000000-46500000	chr4	46000000	0.376264	0.283855	0.557974	0.369657	2	0.336905	-1.03772	-1.15875	-0.068964	nan	1	nan	1	1	0	0	0.0404564	0.350019
chr4:46500000-47000000	chr4	46500000	0.685955	-0.242072	0.328451	0.356396	2	0.244326	-1.01947	-0.971046	-0.135966	nan	1	nan	1	1	0	0	0.030083	0.365007
chr4:47000000-47500000	chr4	47000000	-0.403392	-0.151379	-0.254043	0.102154	3	0.561355	-1.04446	-0.42614	-0.152446	0.256565	3	-0.0881276	3	3	0	0	0.0197095	0.368169
chr4:47500000-48000000	chr4	47500000	-0.176661	-0.130963	-0.0581556	0.0481302	2	1.64031	-0.717628	0.897361	0.0438226	-0.200417	2	-0.254436	2	3	0	0	0.0093361	0.380713
chr4:48000000-48500000	chr4	48000000	-0.383827	-0.18498	-0.225098	-0.176041	7	1.58753	-0.407124	1.57646	0.0188516	-0.0719714	6	-0.0820541	5	6	0	nan	0	0.396113
chr4:48500000-49000000	chr4	48500000	-0.57879	-0.0125107	-0.373708	-0.149323	4	1.4567	-0.350649	1.51707	0.0109735	0.0613557	3	0.00288843	3	4	0	nan	0	0.388994
chr4:49000000-49500000	chr4	49000000	nan	nan	nan	nan	0	0.408607	-0.578067	-0.0433858	-0.131435	nan	0	nan	0	1	0.3	nan	0	0.431285
chr4:49500000-50000000	chr4	49500000	nan	nan	nan	nan	0	nan	nan	nan	nan	nan	0	nan	0	2	0.1002	nan	0	0.390204
chr4:50000000-50500000	chr4	50000000	nan	nan	nan	nan	0	nan	nan	nan	nan	nan	0	nan	0	0	0	nan	0	0.37497
chr4:50500000-51000000	chr4	50500000	nan	nan	nan	nan	0	nan	nan	nan	nan	nan	0	nan	0	0	0	nan	0	0.375443
chr4:51000000-51500000	chr4	51000000	nan	nan	nan	nan	0	nan	nan	nan	nan	nan	0	nan	0	0	0	nan	0	0.375081
chr4:51500000-52000000	chr4	51500000	nan	nan	nan	nan	1	-0.914563	0.463763	nan	nan	nan	1	nan	1	1	0.1	nan	0	0.390503
chr4:52000000-52500000	chr4	52000000	0.642083	0.117201	0.607902	-0.136338	3	-0.738259	0.658802	-0.511184	0.0809281	-0.23618	3	-0.429328	3	3	0	0	0.0032511	0.400659
chr4:52500000-53000000	chr4	52500000	-0.0759084	-0.0248627	0.0127294	-0.00733573	3	0.454776	0.553458	0.949877	-0.0961459	-0.0818826	3	-0.192417	3	5	0	0	0.00686344	0.420827
chr4:53000000-53500000	chr4	53000000	-0.342721	-0.135035	-0.30101	-0.15359	2	0.107615	0.494567	1.4381	0.0530376	-0.25342	2	0.0144541	2	2	0	0	0.0104758	0.388298
chr4:53500000-54000000	chr4	53500000	-0.403377	-0.179442	-0.367543	-0.312809	1	0.815717	0.480284	1.26283	-0.148157	nan	1	nan	1	0	0	0	0.0140881	0.412188
chr4:54000000-54500000	chr4	54000000	-0.213263	-0.274354	-0.313782	-0.135452	3	0.64487	0.573762	-0.434459	0.0291711	0.0323597	2	-0.0815127	2	7	0	0	0.0177005	0.41672
chr4:54500000-55000000	chr4	54500000	0.0970955	0.0829451	0.158263	-0.191017	1	0.767453	0.453024	-1.027	0.350488	nan	1	nan	1	1	0	0	0.0213128	0.406465
chr4:55000000-55500000	chr4	55000000	-0.112436	-0.135017	-0.183081	-0.0199808	3	1.11735	0.166021	0.436016	0.0232471	-0.014973	3	-0.0848259	3	4	0	0	0.0249251	0.396735
chr4:55500000-56000000	chr4	55500000	-0.217448	-0.254552	-0.157036	0.0192964	6	0.578569	0.422653	0.525173	0.0775922	0.0202745	3	-0.0270765	4	5	0	0	0.0285375	0.385677
chr4:56000000-56500000	chr4	56000000	-0.263151	-0.153592	-0.0106972	-0.488036	5	0.730428	0.275603	0.948834	0.144273	-0.112657	5	-0.0113068	4	5	0	0	0.0321498	0.401955
chr4:56500000-57000000	chr4	56500000	-0.562848	-0.20591	-0.685886	-0.33362	7	0.891206	0.593622	1.08125	0.232207	-0.0162753	6	-0.0177822	5	9	0	0	0.0357621	0.432998
chr4:57000000-57500000	chr4	57000000	-0.14916	-0.0120166	-0.0381281	-0.127359	1	-0.344059	0.268935	-1.14335	-0.0498247	nan	1	nan	1	3	0	0	0.0393745	0.410995
chr4:57500000-58000000	chr4	57500000	0.302709	0.265176	0.568076	0.172183	0	-0.926605	-0.031161	-1.50652	0.211912	nan	0	nan	0	0	0	0	0.0429868	0.372613
chr4:58000000-58500000	chr4	58000000	0.129231	0.422574	0.486823	0.116456	0	-0.908105	0.192103	-1.60976	0.0726374	nan	0	nan	0	0	0	0	0.0465991	0.363668
chr4:58500000-59000000	chr4	58500000	-0.356183	0.0280563	-0.0707781	0.332115	0	-0.93596	0.0798252	-1.51143	0.0932381	nan	0	nan	0	0	0.085176	1	0.0502115	0.341132
chr4:59000000-59500000	chr4	59000000	-0.0134054	0.115514	0.171015	0.422052	0	-1.14825	0.163826	-1.49667	0.0494067	nan	0	nan	0	0	0	1	0.0538238	0.345876
chr4:59500000-60000000	chr4	59500000	0.238805	0.089281	0.382375	0.15188	0	-1.51478	0.112843	-1.49021	0.0990555	nan	0	nan	0	0	0	1	0.0574362	0.34926
chr4:60000000-60500000	chr4	60000000	-0.0972421	0.412321	0.415455	0.351638	0	-1.01397	0.0509306	-1.36405	-0.00193057	nan	0	nan	0	0	0	1	0.0610485	0.346014
chr4:60500000-61000000	chr4	60500000	-0.0690926	-0.00888596	0.14144	0.258261	0	-1.25071	0.0453833	-1.25906	0.0469921	nan	0	nan	0	0	0	1	0.0646608	0.351275
chr4:61000000-61500000	chr4	61000000	-0.192831	0.25149	-0.00236046	0.202995	1	-0.726462	0.358974	-1.28775	0.111121	nan	1	nan	1	1	0	1	0.0682732	0.35488
chr4:61500000-62000000	chr4	61500000	0.0572431	-0.0236458	0.289181	0.0939453	0	-0.6915	0.428046	0.310131	0.571174	nan	0	nan	0	0	0	1	0.0718855	0.35714
chr4:62000000-62500000	chr4	62000000	0.27707	0.2869	0.632734	0.175111	0	-0.853052	0.149548	0.791972	0.0459885	nan	0	nan	0	0	0	1	0.0754978	0.355204
chr4:62500000-63000000	chr4	62500000	0.19048	0.156033	0.486023	0.23834	0	-0.913069	0.0467462	-1.53612	0.125729	nan	0	nan	0	0	0	1	0.0791102	0.348141
chr4:63000000-63500000	chr4	63000000	0.280274	0.236774	0.387073	0.574901	0	-1.43329	0.0218088	0.0744236	-0.333729	nan	0	nan	0	1	0	1	0.0827225	0.346633
chr4:63500000-64000000	chr4	63500000	0.365759	0.256947	0.803709	0.450782	0	-1.5381	0.165909	-0.329853	-0.597713	nan	0	nan	0	0	0	1	0.0863349	0.339831
chr4:64000000-64500000	chr4	64000000	0.162812	0.359361	0.422993	0.858281	1	-0.716952	0.435869	-0.416721	-0.350379	nan	1	nan	1	0	0	1	0.0899472	0.345586
chr4:64500000-65000000	chr4	64500000	0.491438	0.243408	1.01777	0.301711	0	-1.15458	-0.0318957	-1.45202	0.18019	nan	0	nan	0	0	0	1	0.0935595	0.34966
chr4:65000000-65500000	chr4	65000000	0.0834077	0.0675829	0.395669	0.24727	0	-1.06275	-0.169932	-1.53739	0.112159	nan	0	nan	0	0	0	1	0.0971719	0.344524
chr4:65500000-66000000	chr4	65500000	-0.365966	0.116801	0.221209	-0.199649	1	-1.22832	0.00488859	-1.33985	0.20111	nan	1	nan	1	2	0	0	0.100784	0.34534
chr4:66000000-66500000	chr4	66000000	-0.112713	-0.305177	0.0438742	0.114015	0	-1.1899	0.110139	-1.45714	-0.0332262	nan	0	nan	0	0	0	0	0.104397	0.346878
chr4:66500000-67000000	chr4	66500000	-0.140824	-0.0547109	0.213815	0.12675	0	-1.02454	0.143428	-1.52915	0.0638566	nan	0	nan	0	0	0	0	0.108009	0.353515
chr4:67000000-67500000	chr4	67000000	0.620814	0.236772	0.981656	-0.246468	0	-0.731625	0.271949	0.0675097	0.0320748	nan	0	nan	0	0	0	0	0.111621	0.37736
chr4:67500000-68000000	chr4	67500000	0.285504	-0.0365921	0.530961	0.0930694	6	-0.882754	0.358636	-0.458607	0.113203	-0.230132	2	-0.0829164	2	2	0	0	0.115234	0.369751
chr4:68000000-68500000	chr4	68000000	0.245524	0.264366	0.582247	0.224323	4	-0.996826	0.365138	-0.454591	-0.0871252	-0.131714	3	nan	1	2	0	0	0.118846	0.370402
chr4:68500000-69000000	chr4	68500000	0.457487	0.196901	0.896052	0.011008	4	-0.854581	0.348172	0.0866632	-0.040645	nan	0	nan	0	0	0	0	0.122458	0.362762
chr4:69000000-69500000	chr4	69000000	0.507547	-0.0451311	0.787921	0.271292	4	-1.0893	0.0798071	-1.39026	0.040303	nan	0	nan	0	0	0	0	0.126071	0.352005
chr4:69500000-70000000	chr4	69500000	0.417132	0.144725	0.701371	0.313689	7	-1.3094	-0.0137526	-1.57306	-0.00537674	0.257072	2	nan	1	0	0	0.75	0.129683	0.357176
chr4:70000000-70500000	chr4	70000000	0.705842	0.521445	1.13726	0.274781	11	-1.41354	0.222723	-1.23447	0.364511	-0.0162338	2	nan	1	0	0	0.75	0.133295	0.355298
chr4:70500000-71000000	chr4	70500000	-0.572423	0.0490029	-0.283415	-0.0470904	9	0.391222	0.491638	1.25858	0.166086	-0.0436164	6	-0.0334558	6	5	0	0.75	0.136908	0.398088
chr4:71000000-71500000	chr4	71000000	-0.21308	-0.126833	-0.138845	-0.228694	1	0.233446	0.444258	-1.07667	-0.167976	nan	1	nan	1	1	0	0.75	0.14052	0.384683
chr4:71500000-72000000	chr4	71500000	0.205026	-0.143577	0.336238	-0.0288189	1	-0.29533	0.463174	-1.40945	0.0775492	nan	0	nan	0	0	0	0.75	0.144132	0.368636
chr4:72000000-72500000	chr4	72000000	0.428393	-0.0531042	0.559581	0.0429156	1	-0.807265	0.185232	-1.45151	-0.0793334	nan	0	nan	1	1	0	0.75	0.147745	0.362514
chr4:72500000-73000000	chr4	72500000	0.0642977	0.140038	0.0884283	-0.0179294	1	-0.436446	0.564763	-0.784145	0.199305	nan	1	nan	1	2	0	0.75	0.151357	0.378312
chr4:73000000-73500000	chr4	73000000	-0.615668	-0.197243	-0.292846	-0.0241865	5	-0.375832	0.45389	1.17187	0.0478775	0.141736	3	-1.10857	4	2	0	0.75	0.154969	0.374157
chr4:73500000-74000000	chr4	73500000	-0.282646	-0.0610016	-0.319769	-0.0097845	8	-1.10482	0.353267	-0.73746	0.136495	-0.00941592	4	nan	1	7	0	0.75	0.158582	0.375376
chr4:74000000-74500000	chr4	74000000	-0.693906	-0.141993	-0.451134	0.0320003	6	-0.306738	0.108634	-0.444379	0.0550621	0.195568	6	-0.359768	3	4	0	0.75	0.162194	0.369488
chr4:74500000-75000000	chr4	74500000	0.363696	-0.297134	0.275685	0.0113582	2	-0.520346	0.197207	-1.10675	-0.00247165	nan	1	nan	1	2	0	0.75	0.165806	0.377721
chr4:75000000-75500000	chr4	75000000	0.877821	0.181177	0.971852	-0.0637715	0	-0.355884	-0.118413	-0.418154	0.210576	nan	0	nan	0	0	0	0.75	0.169419	0.393757
chr4:75500000-76000000	chr4	75500000	-0.646444	-0.00951586	-0.537448	-0.340122	9	1.01537	0.27745	nan	nan	-0.12935	8	0.0274087	7	6	0	0	0.173031	0.404799
chr4:76000000-76500000	chr4	76000000	-0.52667	-0.0522969	-0.719556	-0.0208566	10	1.25482	0.311773	0.479483	0.00513527	-0.00710849	7	0.0230607	6	5	0	0	0.176643	0.401824
chr4:76500000-77000000	chr4	76500000	-0.842575	-0.077979	-1.02068	0.0849867	2	1.27963	0.122928	0.741711	-0.150349	-0.0772578	2	nan	1	6	0	0	0.180256	0.413573
chr4:77000000-77500000	chr4	77000000	0.136813	-0.0578052	-0.110322	-0.16784	2	0.925388	0.464944	0.225565	0.0734083	-0.148792	2	-0.114054	2	3	0	0	0.183868	0.420856
chr4:77500000-78000000	chr4	77500000	-0.071439	-0.185343	0.0129398	-0.203052	3	0.651196	0.573875	0.494084	0.152023	0.174136	2	0.153715	2	2	0	0	0.18748	0.389065
chr4:78000000-78500000	chr4	78000000	0.277936	0.277101	0.373475	0.0517291	1	1.08749	0.275759	-0.615487	0.515486	nan	1	nan	1	3	0	0.5	0.191093	0.395755
chr4:78500000-79000000	chr4	78500000	-0.675789	0.0305883	-0.28422	-0.254374	3	1.00059	0.391347	1.15928	0.242708	-0.27935	3	-0.0100815	3	3	0	0.5	0.194705	0.384205
chr4:79000000-79500000	chr4	79000000	0.381895	0.352482	0.775335	0.261417	2	0.220149	0.0632813	0.227161	0.339182	nan	0	nan	0	0	0	0.5	0.198317	0.364321
chr4:79500000-80000000	chr4	79500000	0.214192	0.0535973	0.223791	0.217723	0	-0.300972	0.349031	-1.15835	0.189777	nan	0	nan	0	1	0	0.5	0.20193	0.356376
chr4:80000000-80500000	chr4	80000000	-0.70813	0.188458	-0.254543	0.0394826	4	-0.27038	0.389777	0.168751	-0.949904	0.00313445	4	0.231449	4	11	0	0.5	0.205542	0.375545
chr4:80500000-81000000	chr4	80500000	0.682365	0.33327	1.01172	0.309955	0	-1.48713	0.115115	0.6894	-2.08753	nan	0	nan	0	0	0	0.5	0.209154	0.353648
chr4:81000000-81500000	chr4	81000000	0.900144	0.283851	1.16074	-0.0439334	3	-0.49692	0.0361142	-1.37137	-0.000535886	-0.0172421	2	-0.228253	3	3	0	0.5	0.212767	0.382766
chr4:81500000-82000000	chr4	81500000	1.30223	0.168671	1.09573	0.0352422	0	-0.0782938	0.0731126	-1.383	0.0803225	nan	0	nan	0	0	0	0	0.216379	0.390167
chr4:82000000-82500000	chr4	82000000	0.383483	0.14246	0.33279	0.117166	3	0.160115	0.200716	0.267274	-0.0662558	-0.0495817	3	0.0885646	3	4	0	0	0.219991	0.401746
chr4:82500000-83000000	chr4	82500000	-0.552855	0.0373421	-0.422602	-0.133283	4	1.02677	0.454387	1.31638	-0.0312594	-0.192654	4	-0.0291406	4	4	0	0	0.223604	0.414482
chr4:83000000-83500000	chr4	83000000	-0.219556	-0.118632	-0.155356	-0.0434968	8	0.0719468	0.598906	1.24945	0.0443079	0.087337	8	0.0567254	7	7	0	0.25	0.227216	0.414004
chr4:83500000-84000000	chr4	83500000	0.177963	-0.18202	0.176818	0.0593544	1	-0.375237	-0.0724326	-1.43208	-0.0418278	nan	1	nan	1	1	0	0.25	0.230828	0.38707
chr4:84000000-84500000	chr4	84000000	1.16218	0.0605284	1.06169	0.109823	1	-0.587016	-0.0374441	-1.55976	-0.000126292	nan	1	nan	0	5	0	0.25	0.234441	0.380865
chr4:84500000-85000000	chr4	84500000	-0.525713	-0.26368	-0.635036	0.105088	2	0.322344	0.454541	-1.67824	-0.0412398	-0.227601	2	-0.0134961	2	3	0	0.25	0.238053	0.379609
chr4:85000000-85500000	chr4	85000000	0.417523	0.420581	0.631836	0.0857791	1	-1.09888	-0.0883553	-1.52719	0.00625119	nan	1	nan	1	1	0	0.25	0.241665	0.374391
chr4:85500000-86000000	chr4	85500000	-0.18124	-0.0960818	0.185754	0.115823	0	-1.22503	0.119775	-1.23685	0.073959	nan	0	nan	0	0	0	0.25	0.245278	0.368843
chr4:86000000-86500000	chr4	86000000	0.0135715	-0.096204	0.294823	-0.347829	1	-0.919204	0.438008	-0.320797	0.122451	nan	1	nan	1	0	0	0	0.24889	0.371744
chr4:86500000-87000000	chr4	86500000	-0.548005	-0.0731862	-0.144012	-0.221031	4	0.416121	0.582088	1.49806	0.0467875	-0.0591532	3	-0.188628	2	3	0	0	0.252502	0.387852
chr4:87000000-87500000	chr4	87000000	-0.409679	-0.448183	-0.374372	-0.103155	5	0.511954	0.625396	0.999795	0.0981397	0.116491	3	-0.0455236	3	3	0	0.75	0.256115	0.397919
chr4:87500000-88000000	chr4	87500000	-0.186668	-0.262368	-0.25605	-0.223743	6	-0.430604	0.51416	-0.657699	-0.00573926	nan	1	0.458521	2	0	0	0.75	0.259727	0.38961
chr4:88000000-88500000	chr4	88000000	-0.197538	-0.31244	-0.147097	-0.345221	5	0.518952	0.536321	0.962325	0.0072441	0.122143	5	-0.0523148	5	5	0	0.75	0.263339	0.407913
chr4:88500000-89000000	chr4	88500000	-0.51164	-0.0101791	-0.0181925	-0.349609	4	0.362943	0.135134	-0.325056	0.565269	-1.03021	2	0.0691987	3	3	0	0.75	0.266952	0.386869
chr4:89000000-89500000	chr4	89000000	-0.172949	-0.115573	0.0614666	-0.0870842	3	0.250154	0.137259	-0.769959	0.440316	-0.387759	3	-0.122451	3	2	0	0.75	0.270564	0.384255
chr4:89500000-90000000	chr4	89500000	-0.160487	-0.12194	0.159403	-0.109411	2	-0.49779	0.306831	-1.56798	-0.060948	0.183676	2	-0.363665	2	1	0	0.75	0.274176	0.362913
chr4:90000000-90500000	chr4	90000000	0.594321	-0.0451451	0.72041	0.39729	1	-0.760914	-0.0364382	-1.42933	0.0826292	nan	1	nan	1	1	0	0.75	0.277789	0.356201
chr4:90500000-91000000	chr4	90500000	0.230414	0.310589	0.737327	0.279034	0	-1.05812	0.0552974	-1.42129	-0.157189	nan	0	nan	0	1	0	0.75	0.281401	0.349794
chr4:91000000-91500000	chr4	91000000	0.207141	0.517008	0.67125	0.478109	0	-1.06397	-0.0651809	-1.40572	-0.0802099	nan	0	nan	0	0	0	0.75	0.285013	0.352357
chr4:91500000-92000000	chr4	91500000	0.395342	0.122333	0.582187	0.481831	0	-1.41004	0.141913	-1.53759	0.0295145	nan	0	nan	0	0	0	0.75	0.288626	0.35429
chr4:92000000-92500000	chr4	92000000	0.194622	0.439379	0.716309	0.14993	1	-0.884657	-2.56503e-06	-1.66208	-0.00269449	nan	0	nan	0	2	0	0.75	0.292238	0.355058
chr4:92500000-93000000	chr4	92500000	0.146489	0.367152	0.787531	0.206356	0	-0.923929	0.0754141	-1.57405	0.0352759	nan	0	nan	0	0	0	0.75	0.29585	0.341404
chr4:93000000-93500000	chr4	93000000	0.118924	0.26257	0.561063	0.16938	0	-1.06534	-0.0343715	-0.979129	0.793666	nan	0	nan	0	0	0	0	0.299463	0.345425
chr4:93500000-94000000	chr4	93500000	0.477152	0.397228	0.855362	0.0690618	1	-0.692014	-0.0349336	-0.593838	0.600543	nan	0	nan	0	2	0	0	0.303075	0.367833
chr4:94000000-94500000	chr4	94000000	-0.695668	0.460378	-0.0177437	-0.0857415	3	0.1938	0.244893	0.507998	0.0658257	-0.276317	2	-0.0677865	2	2	0	0.75	0.306687	0.377326
chr4:94500000-95000000	chr4	94500000	-0.823712	0.165759	-0.491856	-0.104105	1	0.732598	0.368574	-1.37855	0.180743	nan	1	nan	1	1	0	0.75	0.3103	0.373901
chr4:95000000-95500000	chr4	95000000	-0.206007	-0.0118226	0.0874866	-0.187292	0	-0.0710269	0.271861	-1.18567	0.222072	nan	0	nan	0	0	0	0.75	0.313912	0.373831
chr4:95500000-96000000	chr4	95500000	-0.141146	0.00170929	0.0249686	-0.00160773	2	-0.397522	-0.0333413	-1.50602	0.031259	nan	1	nan	1	2	0	0.75	0.317524	0.362485
chr4:96000000-96500000	chr4	96000000	-0.0341497	0.153663	0.195733	-0.120512	0	-0.981194	-0.0632729	-1.54806	0.0144598	nan	0	nan	0	0	0	0.75	0.321137	0.353104
chr4:96500000-97000000	chr4	96500000	0.348229	-0.23298	0.404311	0.0510769	0	-1.14591	0.101347	-1.57116	-0.0304128	nan	0	nan	0	0	0	0.75	0.324749	0.35383
chr4:97000000-97500000	chr4	97000000	0.680581	0.141634	0.97918	0.264558	0	-1.20743	-0.198593	-1.57656	0.0365101	nan	0	nan	0	0	0	0.75	0.328361	0.359155
chr4:97500000-98000000	chr4	97500000	0.460405	0.234403	0.858643	0.174812	0	-1.07107	-0.155456	-1.33828	0.0693855	nan	0	nan	0	0	0	0.75	0.331974	0.354829
chr4:98000000-98500000	chr4	98000000	-0.148859	-0.100983	0.17753	-0.0637127	2	-0.804093	0.437917	-0.158704	0.418369	nan	1	nan	1	2	0	0	0.335586	0.373512
chr4:98500000-99000000	chr4	98500000	-0.35535	-0.113063	-0.295335	-0.284706	3	0.297288	0.458449	0.255748	0.0815573	-0.0486433	3	-0.0475566	3	3	0	0	0.339198	0.402747
chr4:99000000-99500000	chr4	99000000	0.504775	-0.120561	0.7326	-0.112201	7	-1.05009	0.182704	-1.0446	0.0989165	0.0223391	2	nan	1	1	0	0	0.342811	0.38583
chr4:99500000-100000000	chr4	99500000	-0.00524134	0.217159	0.343961	0.0195659	8	-0.483718	0.465261	0.727325	0.0829354	0.0996306	5	0.0118859	5	5	0	0	0.346423	0.38511
chr4:100000000-100500000	chr4	100000000	-0.265131	-0.243325	-0.246475	-0.251003	1	-0.254889	0.100636	-1.07745	-0.120851	nan	1	nan	1	1	0	0.5	0.350035	0.375058
chr4:100500000-101000000	chr4	100500000	-0.462705	-0.141961	-0.125352	-0.304562	1	-0.455052	0.0842204	-1.16235	-0.179657	nan	1	nan	1	0	0	0.5	0.353648	0.365016
chr4:101000000-101500000	chr4	101000000	-0.876468	-0.0681426	-0.634789	0.0936592	1	0.258555	-0.243342	-1.09755	0.0837326	nan	1	nan	1	1	0	0.5	0.35726	0.364532
chr4:101500000-102000000	chr4	101500000	-0.505731	-0.164731	-0.429871	-0.211379	1	-0.524904	0.199419	-1.31799	0.0016565	nan	1	nan	0	1	0	0.5	0.360872	0.362511
chr4:102000000-102500000	chr4	102000000	-0.478567	-0.0453408	-0.385881	-0.0766509	1	-0.195179	0.430266	0.256126	0.260899	nan	1	nan	1	1	0	0.5	0.364485	0.377662
chr4:102500000-103000000	chr4	102500000	-0.644198	-0.253734	-0.348687	-0.225893	4	0.718121	0.277023	1.45357	0.227581	-0.0371271	4	-0.0581025	4	4	0	0.5	0.368097	0.386696
chr4:103000000-103500000	chr4	103000000	0.543352	-0.136048	0.668551	-0.0767085	4	-0.984995	0.361661	-0.921583	-0.0135609	0.157227	4	0.0042284	4	3	0	0.5	0.371709	0.370418
chr4:103500000-104000000	chr4	103500000	0.800183	0.213028	1.19685	0.211382	1	-1.38898	0.0439503	-1.52852	-0.0996654	nan	0	nan	0	1	0	0.5	0.375322	0.359584
chr4:104000000-104500000	chr4	104000000	0.388207	0.37558	0.818018	0.305617	1	-1.04469	-0.189686	0.723191	-0.674411	nan	1	nan	1	0	0	0.5	0.378934	0.346974
chr4:104500000-105000000	chr4	104500000	0.36022	0.147208	0.804331	-0.0960051	0	-1.05526	-0.0807929	0.632112	-0.727248	nan	0	nan	0	0	0	0.5	0.382546	0.364325
chr4:105000000-105500000	chr4	105000000	-0.321871	-0.0326581	0.106735	-0.0815061	2	-0.897673	0.324769	1.30515	0.0919864	-0.0308924	2	0.0113291	2	2	0	0.5	0.386159	0.372242
chr4:105500000-106000000	chr4	105500000	0.0180722	-0.102442	0.312766	-0.0726599	4	-0.894543	0.543368	0.868822	0.00266079	-0.307372	3	-0.0856747	3	2	0	0.5	0.389771	0.368124
chr4:106000000-106500000	chr4	106000000	-0.063952	-0.385241	0.217859	-0.269783	3	-0.829846	0.285243	-0.390003	0.0383133	0.0573487	2	-0.0161135	2	0	0	0.5	0.393383	0.365636
chr4:106500000-107000000	chr4	106500000	-0.0426131	0.0142922	0.214185	-0.0416785	0	-1.61225	0.140373	-1.74422	0.0774766	nan	0	nan	0	0	0	0	0.396996	0.361653
chr4:107000000-107500000	chr4	107000000	0.0358815	0.12438	0.258898	0.00441059	1	-1.36164	0.0777991	-1.66779	0.0326561	nan	1	nan	1	1	0	0	0.400608	0.365338
chr4:107500000-108000000	chr4	107500000	-0.304908	-0.0960648	0.0290007	-0.40262	4	-0.90638	0.264432	-0.519366	0.115469	-0.142911	4	0.0360813	4	4	0	0	0.40422	0.386574
chr4:108000000-108500000	chr4	108000000	-0.332848	-0.421951	-0.444662	-0.396013	1	1.14237	0.172827	-0.620626	0.263712	nan	1	nan	1	3	0	0	0.407833	0.404806
chr4:108500000-109000000	chr4	108500000	-0.644106	-0.109456	-0.697447	-0.213239	3	1.00806	0.394652	-0.987896	0.0104515	-0.0185866	3	-0.00134144	3	2	0	0	0.411445	0.390961
chr4:109000000-109500000	chr4	109000000	-0.648076	-0.315723	-0.777915	-0.0039798	2	0.981056	0.222087	-0.111108	0.10111	-0.298909	2	-0.0363558	2	2	0	0	0.415058	0.381064
chr4:109500000-110000000	chr4	109500000	-0.475823	-0.236776	-0.352093	-0.4165	8	0.933121	0.268597	0.823627	-0.112408	0.0712052	6	0.0472974	5	3	0	0	0.41867	0.395668
chr4:110000000-110500000	chr4	110000000	-0.466617	-0.342048	-0.655364	-0.302482	2	1.12473	0.174681	0.64016	0.000139771	-0.103131	2	-0.478591	2	3	0	0	0.422282	0.401784
chr4:110500000-111000000	chr4	110500000	-0.65551	-0.296414	-0.526437	-0.0666487	1	0.089666	0.309522	-1.68853	-0.0125138	nan	1	nan	1	10	0	0	0.425895	0.376233
chr4:111000000-111500000	chr4	111000000	-0.600688	-0.0669924	-0.229673	-0.0881113	0	-0.892687	0.0838756	-1.70683	-0.036233	nan	0	nan	0	0	0	0	0.429507	0.357753
chr4:111500000-112000000	chr4	111500000	-0.613825	-0.128188	-0.511108	0.129268	0	0.344671	0.226015	-1.48143	0.180657	nan	0	nan	0	0	0	0	0.433119	0.355286
chr4:112000000-112500000	chr4	112000000	0.0124193	-0.44285	0.185725	-0.192054	4	0.591339	0.318099	1.21145	0.0264544	0.0681694	4	0.0778748	4	5	0	0	0.436732	0.388926
chr4:112500000-113000000	chr4	112500000	-0.0971323	-0.0487575	0.0165002	0.0593214	3	0.648239	0.36648	1.28189	0.107482	-0.015691	2	-0.0500794	2	6	0	0	0.440344	0.396642
chr4:113000000-113500000	chr4	113000000	-0.480481	0.0183645	-0.125975	-0.16382	1	-0.0679905	0.279233	0.5347	0.299169	nan	1	nan	1	0	0	0.75	0.443956	0.370675
chr4:113500000-114000000	chr4	113500000	-1.44183	-0.105008	-0.947457	0.0143427	2	-0.0434433	0.197456	0.425351	0.192691	-0.398673	2	0.00381577	2	2	0	0.75	0.447569	0.363825
chr4:114000000-114500000	chr4	114000000	-0.59278	-0.109031	-0.535669	0.301631	0	-0.946543	-0.0246885	-1.55968	0.144929	nan	0	nan	0	0	0	0.75	0.451181	0.363322
chr4:114500000-115000000	chr4	114500000	0.740597	0.108342	0.962253	0.117577	1	-1.36428	-0.0818442	-1.53087	0.156886	nan	1	nan	1	1	0	0.75	0.454793	0.356755
chr4:115000000-115500000	chr4	115000000	0.393629	0.472175	0.760631	0.705258	1	-1.58426	0.038475	-1.28055	0.100408	nan	0	nan	0	0	0	0.75	0.458406	0.342238
chr4:115500000-116000000	chr4	115500000	0.344005	0.547703	1.02604	0.462179	0	-1.56466	-0.0440298	-0.301219	-0.308712	nan	0	nan	0	0	0	0.75	0.462018	0.340851
chr4:116000000-116500000	chr4	116000000	0.308577	0.456586	0.888311	0.307641	0	-1.39978	-0.0974233	-1.2629	-0.0775694	nan	0	nan	0	0	0	0.75	0.46563	0.34395
chr4:116500000-117000000	chr4	116500000	0.453565	0.314047	1.11974	0.241992	0	-1.58052	-0.110423	-1.52151	0.178807	nan	0	nan	0	3	0	0.75	0.469243	0.343261
chr4:117000000-117500000	chr4	117000000	0.209379	-0.0375313	0.417208	0.248183	1	-1.39716	-0.0674956	-0.729106	-0.581317	nan	1	nan	1	1	0	0.75	0.472855	0.342755
chr4:117500000-118000000	chr4	117500000	0.687929	0.297029	0.855912	0.275318	0	-1.2182	-0.222367	-1.61601	0.0285213	nan	0	nan	0	0	0	0.75	0.476467	0.356976
chr4:118000000-118500000	chr4	118000000	0.220548	0.0628408	0.521911	-0.0275365	2	-0.622619	0.0178614	-0.699912	-0.0563386	nan	1	nan	1	3	0	0.75	0.48008	0.372515
chr4:118500000-119000000	chr4	118500000	-0.718596	-0.12428	-0.409469	-0.176234	3	0.644008	0.505432	0.459301	0.179105	-0.431374	3	0.0705017	3	2	0	0.75	0.483692	0.393193
chr4:119000000-119500000	chr4	119000000	-0.615685	-0.112833	-0.2307	-0.22635	4	0.884216	0.526836	-0.00422043	-0.0624103	-0.0985745	2	-0.000789096	3	3	0	0.75	0.487304	0.384737
chr4:119500000-120000000	chr4	119500000	-0.43744	0.0861426	-0.0184436	-0.0778936	1	-1.38686	0.831364	-1.19622	0.117244	nan	1	nan	1	1	0	0.75	0.490917	0.369542
chr4:120000000-120500000	chr4	120000000	0.365269	0.0191603	0.597711	0.144814	1	-1.27961	0.475007	-1.35703	0.0156504	nan	1	nan	1	1	0	0	0.494529	0.362768
chr4:120500000-121000000	chr4	120500000	0.198134	0.212206	0.492074	-0.108804	1	-0.664231	0.298488	-0.489972	-0.132077	nan	1	nan	1	1	0	0	0.498141	0.371398
chr4:121000000-121500000	chr4	121000000	-0.0478468	0.148218	0.202188	-0.175707	3	-0.269526	0.765413	-0.83007	0.235694	0.229792	2	-0.115928	2	2	0	0	0.501754	0.379815
chr4:121500000-122000000	chr4	121500000	-0.295203	-0.378104	-0.120307	-0.314358	6	0.234168	0.806407	0.546267	0.0321879	0.0947503	6	-0.0558191	5	7	0	0	0.505366	0.382633
chr4:122000000-122500000	chr4	122000000	-0.302939	-0.248279	-0.0125004	-0.388557	3	0.556261	0.542439	0.201583	-0.0957396	nan	1	nan	0	2	0	0	0.508978	0.365516
chr4:122500000-123000000	chr4	122500000	-0.729277	-0.159349	-0.457814	-0.361802	5	0.300095	0.508435	0.587307	0.0530808	0.17285	4	-0.190509	3	4	0	0	0.512591	0.391232
chr4:123000000-123500000	chr4	123000000	-0.508013	-0.296332	-0.426166	-0.424348	1	0.066114	0.626331	0.513131	-0.197125	nan	1	nan	1	1	0	0.5	0.516203	0.383235
chr4:123500000-124000000	chr4	123500000	-0.783402	-0.20272	-0.637841	-0.314301	0	0.592326	0.49026	-1.38212	0.060674	nan	0	nan	0	1	0	0.5	0.519815	0.377677
chr4:124000000-124500000	chr4	124000000	-0.715064	-0.0746321	-0.310328	-0.243852	0	-0.220994	0.0922372	-1.59551	0.0601252	nan	0	nan	0	0	0	0.5	0.523428	0.360861
chr4:124500000-125000000	chr4	124500000	-0.667396	-0.0249302	-0.395377	-0.0488844	1	-0.477424	-0.0219704	-1.08586	-0.0984876	nan	1	nan	1	1	0	0.5	0.52704	0.358874
chr4:125000000-125500000	chr4	125000000	-0.838373	-0.151208	-0.428646	-0.16063	1	-0.686171	0.0941951	-1.50985	0.0540405	nan	1	nan	1	1	0	0.5	0.530652	0.351299
chr4:125500000-126000000	chr4	125500000	-0.363219	-0.0328931	-0.0846121	-0.0429704	0	-1.13286	-0.0606972	-1.64532	0.135802	nan	0	nan	0	0	0	0.5	0.534265	0.355732
chr4:126000000-126500000	chr4	126000000	0.0544753	-0.257508	0.162942	0.0196535	0	-1.59944	0.0502746	-1.58871	-0.0236269	nan	0	nan	0	0	0	0.5	0.537877	0.348071
chr4:126500000-127000000	chr4	126500000	-0.527397	-0.0124805	0.00606553	-0.0968609	0	-1.0177	0.300139	-1.60481	0.159732	nan	0	nan	0	0	0	0.5	0.541489	0.354477
chr4:127000000-127500000	chr4	127000000	0.40558	-0.0726466	0.513475	-0.0696182	0	-1.25139	0.226216	-1.51563	0.0163255	nan	0	nan	0	0	0	0.5	0.545102	0.371028
chr4:127500000-128000000	chr4	127500000	-0.225447	-0.0483117	0.0627631	-0.0741651	6	-0.331525	0.560657	1.38802	0.133896	-0.0804201	5	-0.0899836	5	5	0	0.5	0.548714	0.379532
chr4:128000000-128500000	chr4	128000000	-0.507685	-0.170192	-0.116022	-0.424553	2	0.515237	0.648018	1.16643	0.218619	-0.154063	2	0.029155	2	2	0	0	0.552326	0.399525
chr4:128500000-129000000	chr4	128500000	-0.44506	0.0424358	-0.482718	0.112089	1	0.280418	0.291989	1.423	0.107956	nan	1	nan	1	2	0	0	0.555939	0.406075
chr4:129000000-129500000	chr4	129000000	0.407507	0.127477	0.670351	-0.0861574	2	-0.593712	-0.101703	-1.00107	0.0293206	0.149986	2	-0.0558551	2	1	0	0	0.559551	0.369951
chr4:129500000-130000000	chr4	129500000	0.580527	0.375211	0.927509	0.33826	0	-1.0114	0.048436	-1.53505	0.10822	nan	0	nan	0	0	0	0	0.563163	0.356429
chr4:130000000-130500000	chr4	130000000	0.424294	0.130531	0.601449	0.329333	0	-0.998161	-0.146951	-1.48411	0.209315	nan	0	nan	0	0	0	1	0.566776	0.350041
chr4:130500000-131000000	chr4	130500000	0.584176	0.275974	0.808017	0.609827	0	-0.972039	-0.177959	-1.55223	0.0940412	nan	0	nan	0	0	0	1	0.570388	0.345197
chr4:131000000-131500000	chr4	131000000	0.186893	0.206172	0.671225	0.288744	0	-1.20298	-0.113263	-1.22194	0.0170032	nan	0	nan	0	0	0	1	0.574	0.345412
chr4:131500000-132000000	chr4	131500000	0.0847904	-0.246046	0.200289	0.166371	0	-0.972034	-0.0976855	-0.914475	-0.228046	nan	0	nan	0	19	0	1	0.577613	0.365141
chr4:132000000-132500000	chr4	132000000	-0.0647074	0.106295	0.448811	0.1385	0	-1.17212	-0.176064	-1.35878	0.0412795	nan	0	nan	0	0	0	1	0.581225	0.345579
chr4:132500000-133000000	chr4	132500000	0.0604348	0.427066	0.715318	0.155067	0	-0.843975	-0.0533262	-1.26014	-0.251515	nan	0	nan	0	0	0	1	0.584837	0.344227
chr4:133000000-133500000	chr4	133000000	0.0162486	-0.0124361	0.561597	0.21551	1	-0.695621	-0.0107179	-0.745207	-0.440539	nan	1	nan	1	2	0	1	0.58845	0.345451
chr4:133500000-134000000	chr4	133500000	-0.21368	0.159344	0.343524	0.0439695	0	-0.923849	-0.111856	0.250383	0.512193	nan	0	nan	0	0	0	1	0.592062	0.347873
chr4:134000000-134500000	chr4	134000000	-0.24958	-0.0410803	0.307619	0.0342125	1	-0.846241	-0.0470268	-1.11952	-0.0236843	nan	1	nan	1	0	0	1	0.595674	0.345593
chr4:134500000-135000000	chr4	134500000	0.0948626	0.00510421	0.371029	0.284834	0	-0.64165	-0.296686	-1.43025	0.0653771	nan	0	nan	0	1	0	1	0.599287	0.345869
chr4:135000000-135500000	chr4	135000000	-0.124408	0.417814	0.387235	0.235225	0	-1.03509	-0.271538	-1.57193	0.0223057	nan	0	nan	0	0	0	1	0.602899	0.345549
chr4:135500000-136000000	chr4	135500000	-0.0398676	0.322495	0.546713	0.466695	0	-1.20535	-0.207003	-1.56835	0.0514812	nan	0	nan	0	0	0	1	0.606511	0.33966
chr4:136000000-136500000	chr4	136000000	-0.0962087	0.207034	0.353528	0.221327	0	-1.29394	-0.0220824	-1.47222	-0.0523676	nan	0	nan	0	1	0	1	0.610124	0.341268
chr4:136500000-137000000	chr4	136500000	-0.177183	0.086015	0.214676	0.0958162	0	-0.921199	-0.114369	-1.33117	-0.120129	nan	0	nan	0	1	0	1	0.613736	0.355699
chr4:137000000-137500000	chr4	137000000	-0.788316	0.00814192	-0.33828	0.0841797	0	-0.682304	-0.0193103	-1.31913	0.113696	nan	0	nan	0	0	0	1	0.617348	0.348483
chr4:137500000-138000000	chr4	137500000	-0.952239	0.0534753	-0.721244	0.0295355	1	-0.382503	-0.00819007	-1.19194	0.241043	nan	1	nan	1	0	0	1	0.620961	0.355939
chr4:138000000-138500000	chr4	138000000	-0.811762	-0.0683149	-0.638041	-0.197482	1	0.133513	0.125525	0.286457	0.709211	nan	1	nan	1	0	0	1	0.624573	0.368703
chr4:138500000-139000000	chr4	138500000	-0.542766	-0.158986	-0.591174	-0.467061	0	0.210304	0.144349	-0.0260988	0.0188417	nan	0	nan	0	2	0	0	0.628185	0.404234
chr4:139000000-139500000	chr4	139000000	-1.41854	0.132409	-1.12404	-0.162063	6	1.34347	0.293755	1.74588	0.0356719	0.114576	6	0.087926	6	10	0	0	0.631798	0.409867
chr4:139500000-140000000	chr4	139500000	-0.670699	-0.160636	-0.70901	-0.280481	2	1.46816	-0.0308651	0.860431	0.0117556	0.178455	2	-0.125141	2	4	0	0	0.63541	0.422275
chr4:140000000-140500000	chr4	140000000	-0.905967	-0.0976829	-0.764248	-0.246472	4	1.42994	-0.0186327	0.564399	-0.227337	0.0334978	3	-0.137846	3	8	0	0	0.639022	0.400159
chr4:140500000-141000000	chr4	140500000	-0.571705	-0.0646853	-0.434804	-0.295388	3	0.91895	0.33225	0.932288	-0.0225463	0.0209211	2	-0.262297	2	3	0	0.25	0.642635	0.398535
chr4:141000000-141500000	chr4	141000000	-0.599819	0.0116199	-0.508957	-0.0576443	2	-0.0613626	-0.282785	-0.181427	-0.0301646	0.019652	2	-0.0397797	2	2	0	0.25	0.646247	0.380979
chr4:141500000-142000000	chr4	141500000	-0.535911	-0.247975	-0.441887	-0.204983	1	-1.00009	-0.0474435	-0.661871	0.163478	nan	1	nan	1	1	0	0.25	0.649859	0.367756
chr4:142000000-142500000	chr4	142000000	-0.563275	-0.28847	-0.364691	-0.113707	0	-0.36506	-0.0686383	-1.48958	0.0366009	nan	0	nan	0	0	0	0.25	0.653472	0.364313
chr4:142500000-143000000	chr4	142500000	-0.446208	-0.00643252	-0.0344227	-0.200934	1	-0.27085	-0.394244	-1.48154	0.102365	nan	1	nan	1	1	0	0.25	0.657084	0.368869
chr4:143000000-143500000	chr4	143000000	-0.127963	0.0943523	0.187733	-0.23748	2	0.154064	-0.097742	0.8958	0.265017	-0.225702	2	-0.00232142	2	3	0	0.25	0.660696	0.384591
chr4:143500000-144000000	chr4	143500000	0.716386	0.117083	0.735588	0.039742	3	-0.387633	-0.185166	-1.05985	-0.111391	0.0581892	2	nan	1	3	0	0.25	0.664309	0.381213
chr4:144000000-144500000	chr4	144000000	0.41317	0.176546	0.525955	0.212006	2	-0.559038	0.228293	-0.918216	-0.0524877	nan	0	nan	0	0	0	0.25	0.667921	0.3715
chr4:144500000-145000000	chr4	144500000	0.315805	-0.0210641	0.378099	-0.107216	1	-1.04974	0.436239	0.793569	-0.296021	nan	1	nan	1	1	0	0.25	0.671533	0.375484
chr4:145000000-145500000	chr4	145000000	-0.0475031	-0.0753808	0.16541	-0.26349	4	-0.473291	0.502219	1.7053	-0.264012	-0.0123828	4	-0.0251899	4	3	0	0.25	0.675146	0.385852
chr4:145500000-146000000	chr4	145500000	-0.105659	-0.124546	-0.0315046	-0.243036	3	0.0273405	0.514786	1.40614	-0.0632847	0.39006	2	0.0822145	2	4	0	0.25	0.678758	0.40422
chr4:146000000-146500000	chr4	146000000	0.426193	-0.0955596	0.372657	-0.0736041	2	-0.699092	0.244458	1.27494	-0.102481	nan	1	nan	1	1	0	0	0.68237	0.388549
chr4:146500000-147000000	chr4	146500000	0.632473	-0.0525057	0.480363	0.179016	3	-1.01277	-0.194214	-0.275066	-0.442985	nan	1	nan	1	5	0	0	0.685983	0.375346
chr4:147000000-147500000	chr4	147000000	-0.336888	-0.293549	-0.462178	-0.0329465	1	0.329134	-0.0897575	0.786861	-0.447308	nan	1	nan	1	1	0	0	0.689595	0.379288
chr4:147500000-148000000	chr4	147500000	-0.822219	0.0985005	-0.51914	-0.428491	3	0.395499	0.340523	1.02087	0.0740348	-0.144012	3	0.026479	3	3	0	0.25	0.693207	0.404319
chr4:148000000-148500000	chr4	148000000	0.545781	-0.00291427	0.464126	0.0817904	1	-0.824233	0.293377	-1.40333	0.00998218	nan	1	nan	1	1	0	0.25	0.69682	0.39027
chr4:148500000-149000000	chr4	148500000	0.397889	0.392433	0.604633	-0.00256055	0	-1.30901	0.248431	-1.62262	0.122715	nan	0	nan	0	0	0	0.25	0.700432	0.375908
chr4:149000000-149500000	chr4	149000000	-0.115394	-0.0207885	0.0879642	-0.182383	0	-1.44236	0.0382569	-1.6022	0.0868606	nan	0	nan	0	0	0	0.25	0.704044	0.366362
chr4:149500000-150000000	chr4	149500000	-0.549518	0.249543	-0.370568	-0.0457008	1	-1.50874	0.0359438	-1.24695	-0.0365168	nan	0	nan	0	0	0	0.25	0.707657	0.362209
chr4:150000000-150500000	chr4	150000000	-1.19696	0.0162348	-1.08235	0.231729	1	0.168978	0.366909	1.00609	-0.088973	nan	1	nan	1	1	0	0	0.711269	0.382473
chr4:150500000-151000000	chr4	150500000	-1.23422	-0.118621	-0.952844	0.0974784	1	0.308034	0.332323	1.59293	0.114028	nan	1	nan	1	2	0	0	0.714881	0.363596
chr4:151000000-151500000	chr4	151000000	-1.09223	0.0613848	-1.12963	-0.0203176	5	1.44433	0.238857	1.02153	-0.114934	0.0401381	4	0.0114873	3	4	0	0	0.718494	0.409129
chr4:151500000-152000000	chr4	151500000	-0.743145	0.00570271	-0.954014	-0.197959	1	1.6459	0.0964967	1.36206	-0.215083	nan	1	nan	1	1	0	0	0.722106	0.417375
chr4:152000000-152500000	chr4	152000000	-1.06655	0.0208961	-1.09139	-0.0713443	0	1.69496	0.149195	1.6675	-0.0118861	nan	0	nan	0	0	0	0	0.725718	0.400628
chr4:152500000-153000000	chr4	152500000	-0.717773	-0.139045	-0.82603	-0.120109	5	1.57162	0.131188	1.4488	0.0935253	-0.089677	4	0.0280677	5	5	0	0	0.729331	0.408266
chr4:153000000-153500000	chr4	153000000	-0.604216	-0.141779	-0.691963	-0.137244	3	1.24903	0.354426	1.37747	-0.073435	0.321204	3	-0.019459	3	7	0	0	0.732943	0.423794
chr4:153500000-154000000	chr4	153500000	0.174521	0.165418	0.14624	-0.0576074	3	0.207343	0.447492	-0.20026	-0.0901709	0.0222704	2	0.671416	2	5	0	0	0.736555	0.407935
chr4:154000000-154500000	chr4	154000000	1.09466	0.2128	1.16372	0.186918	1	-0.523394	-0.0531886	-1.04977	0.122174	nan	1	nan	0	4	0	0	0.740168	0.386329
chr4:154500000-155000000	chr4	154500000	1.02007	0.253331	1.21784	0.0768408	6	-0.672373	0.00787876	-0.923542	-0.0237617	nan	1	-0.36279	5	6	0	1	0.74378	0.382274
chr4:155000000-155500000	chr4	155000000	0.584267	0.278402	0.850559	0.279997	2	-1.07913	-0.137266	-1.00479	0.147726	nan	1	nan	1	2	0	1	0.747392	0.369481
chr4:155500000-156000000	chr4	155500000	-0.228048	0.143181	-0.0452974	0.268047	5	0.197613	0.114329	-0.278536	0.311294	0.290298	4	0.0181785	3	3	0	1	0.751005	0.372055
chr4:156000000-156500000	chr4	156000000	-0.531556	0.0724306	0.0176945	-0.177721	0	-1.00592	-0.16034	-0.347722	0.0865197	nan	0	nan	0	0	0	1	0.754617	0.357745
chr4:156500000-157000000	chr4	156500000	-0.934229	-0.00146267	-0.461623	-0.0986238	1	-0.888626	0.156418	-1.11484	0.0747536	nan	1	nan	1	1	0	1	0.75823	0.362281
chr4:157000000-157500000	chr4	157000000	-0.051661	0.122875	0.205946	0.27217	2	-1.07777	-0.243538	-1.45061	0.0139024	nan	1	nan	1	3	0	1	0.761842	0.353799
chr4:157500000-158000000	chr4	157500000	0.577607	0.274182	0.885212	0.216112	0	-0.920576	-0.127636	-1.46527	0.0696492	nan	0	nan	0	0	0	1	0.765454	0.359812
chr4:158000000-158500000	chr4	158000000	-0.0498342	0.155598	0.401442	-0.0446892	2	-0.995049	0.185503	-1.3114	0.0889638	0.0711276	2	-0.253189	2	1	0	1	0.769067	0.372368
chr4:158500000-159000000	chr4	158500000	-0.495378	-0.00979111	-0.378247	-0.103186	5	0.143355	0.361476	0.538723	0.197619	-0.0839516	4	-0.0336023	4	3	0	1	0.772679	0.396414
chr4:159000000-159500000	chr4	159000000	-1.26568	0.194148	-0.704285	-0.127769	2	0.984846	0.308507	-0.230935	0.0420856	nan	1	nan	1	1	0	1	0.776291	0.389256
chr4:159500000-160000000	chr4	159500000	0.507383	-0.17688	0.586027	-0.163344	0	-0.515912	-0.174134	-1.52727	0.235565	nan	0	nan	0	0	0	1	0.779904	0.376288
chr4:160000000-160500000	chr4	160000000	0.352736	-0.0249694	0.621207	0.118064	0	-1.02474	-0.0926792	-1.35798	0.00812131	nan	0	nan	0	0	0	1	0.783516	0.358883
chr4:160500000-161000000	chr4	160500000	0.00768848	0.184177	0.631506	0.111546	0	-1.15885	-0.00847579	-1.50371	0.00312779	nan	0	nan	0	0	0	1	0.787128	0.344549
chr4:161000000-161500000	chr4	161000000	0.216719	0.00633831	0.911813	-0.399793	0	-0.813498	-0.31329	-0.834576	0.39444	nan	0	nan	0	0	0	0	0.790741	0.347566
chr4:161500000-162000000	chr4	161500000	-0.347956	-0.115041	0.143548	0.097929	0	-0.507174	-0.122049	-0.919242	0.489732	nan	0	nan	0	0	0	0	0.794353	0.338824
chr4:162000000-162500000	chr4	162000000	-0.0415433	-0.21305	0.443735	0.0324521	1	-0.403195	-0.170258	-1.33347	-0.00394689	nan	1	nan	1	0	0	0	0.797965	0.342943
chr4:162500000-163000000	chr4	162500000	0.697512	0.0114054	0.916194	0.120679	0	-0.858726	-0.0647988	-1.07861	0.0316838	nan	0	nan	0	0	0	0	0.801578	0.360313
chr4:163000000-163500000	chr4	163000000	0.746319	-0.0954232	0.969906	-0.0485213	5	-0.101682	-0.265646	-0.0260972	-0.0729595	-0.00373268	3	-0.0585878	3	5	0	0	0.80519	0.376325
chr4:163500000-164000000	chr4	163500000	0.654199	-0.157956	0.969947	0.00811647	0	-1.19698	-0.000824981	0.384363	0.199968	nan	0	nan	0	0	0	1	0.808802	0.359816
chr4:164000000-164500000	chr4	164000000	0.438332	-0.0646134	0.605538	0.0334607	1	-1.2957	0.0445141	-1.31437	-0.00536647	nan	1	nan	0	2	0	1	0.812415	0.354556
chr4:164500000-165000000	chr4	164500000	0.966236	0.0816359	0.905191	0.144263	3	-0.971051	0.140334	-0.144225	0.0183349	nan	1	0.642663	2	1	0	1	0.816027	0.393366
chr4:165000000-165500000	chr4	165000000	0.334338	-0.236946	0.324383	-0.293269	7	0.255397	0.1688	0.698614	-0.041615	-0.052351	4	-0.164168	4	4	0	1	0.819639	0.402783
chr4:165500000-166000000	chr4	165500000	0.0616849	-0.279743	0.282258	-0.121729	1	-1.3026	0.020738	-0.7201	-0.137639	nan	1	nan	1	1	0	1	0.823252	0.371924
chr4:166000000-166500000	chr4	166000000	-0.172472	-0.0847477	0.212695	0.0190481	0	-1.33164	-0.0754224	0.902058	0.120316	nan	0	nan	0	0	0	1	0.826864	0.350756
chr4:166500000-167000000	chr4	166500000	0.37003	0.0576883	0.622933	0.423624	0	-1.36093	-0.16739	1.39926	-0.00727895	nan	0	nan	0	0	0	1	0.830476	0.352026
chr4:167000000-167500000	chr4	167000000	0.27202	0.196288	0.650022	0.295052	1	-0.96646	-0.161693	-0.487852	0.0273835	nan	0	nan	1	0	0	1	0.834089	0.352179
chr4:167500000-168000000	chr4	167500000	0.106246	0.217822	0.60073	-0.0221003	0	-1.12582	-0.10199	-1.30962	0.0916407	nan	0	nan	0	0	0	1	0.837701	0.357359
chr4:168000000-168500000	chr4	168000000	-0.867471	-0.0544045	-0.656379	-0.116667	4	0.165489	-0.0545844	-1.23566	-0.035523	-0.0704599	4	0.05734	3	2	0	1	0.841313	0.369378
chr4:168500000-169000000	chr4	168500000	-1.27668	0.297394	-0.508304	-0.295956	0	0.25072	0.359659	-0.113663	0.0773058	nan	0	nan	0	3	0	1	0.844926	0.397852
chr4:169000000-169500000	chr4	169000000	-1.05367	-0.0169088	-0.666904	-0.215012	2	0.899074	0.259206	1.56785	0.0302221	0.15356	2	-0.062219	2	2	0	0	0.848538	0.397919
chr4:169500000-170000000	chr4	169500000	-0.136919	0.10054	0.185063	-0.1541	3	0.173256	0.297641	0.592955	-0.169222	-0.107019	3	-0.0289851	3	4	0	0	0.85215	0.393108
chr4:170000000-170500000	chr4	170000000	1.05382	0.18731	1.17647	0.0373807	2	-1.31761	0.229631	-1.23268	0.0078189	-0.530846	2	0.143251	2	3	0	0	0.855763	0.388786
chr4:170500000-171000000	chr4	170500000	0.669352	0.371639	0.792227	0.523819	0	-1.58084	0.125867	-1.27551	0.0429805	nan	0	nan	0	0	0	0	0.859375	0.353192
chr4:171000000-171500000	chr4	171000000	0.63389	0.444689	1.02962	0.546739	0	-1.46283	-0.0999013	-1.25412	0.0189512	nan	0	nan	0	0	0	0.75	0.862987	0.344359
chr4:171500000-172000000	chr4	171500000	0.794432	0.0260583	0.875494	0.196777	1	-1.3705	-0.145152	-1.08646	0.0900881	nan	0	nan	1	1	0	0.75	0.8666	0.357202
chr4:172000000-172500000	chr4	172000000	0.423883	0.341772	0.751604	0.253836	0	-1.36247	-0.0918549	-1.34202	0.0476419	nan	0	nan	0	0	0	0.75	0.870212	0.356976
chr4:172500000-173000000	chr4	172500000	0.591628	-0.2366	0.526108	0.0588072	0	-1.30728	-0.00400121	-0.654523	0.075669	nan	0	nan	0	0	0	0.75	0.873824	0.375627
chr4:173000000-173500000	chr4	173000000	-0.370126	-0.22311	-0.207325	-0.0214351	4	0.393841	0.472753	0.94047	-0.154415	0.0476861	4	-0.092832	4	3	0	0.75	0.877437	0.39268
chr4:173500000-174000000	chr4	173500000	-0.227913	0.0463025	0.0980768	-0.210936	1	0.970965	0.201339	-1.23476	-0.0338023	nan	1	nan	1	10	0	0.75	0.881049	0.383746
chr4:174000000-174500000	chr4	174000000	-0.381632	-0.0441819	0.133395	-0.0496244	2	-0.101313	0.0710601	-0.355871	0.0956791	-0.0364486	2	-0.0953403	2	2	0	0.75	0.884661	0.365199
chr4:174500000-175000000	chr4	174500000	0.41001	-0.130695	0.677566	-0.0237633	3	-1.42509	0.0816154	-0.444233	-0.45302	nan	0	nan	1	2	0	0.75	0.888274	0.360291
chr4:175000000-175500000	chr4	175000000	0.140954	-0.0685501	0.534268	-0.365046	0	-1.6166	0.0587977	-1.2578	0.0666145	nan	0	nan	0	0	0	0.75	0.891886	0.361344
chr4:175500000-176000000	chr4	175500000	0.556787	0.307473	0.919265	0.224439	1	-1.54377	-0.0235593	-0.793463	0.187979	nan	0	nan	1	0	0	0	0.895498	0.358093
chr4:176000000-176500000	chr4	176000000	-0.323489	-0.146005	-0.264582	0.0580873	4	-0.194141	-0.0359083	-0.259493	0.0937465	0.408697	4	-0.118049	3	5	0	0	0.899111	0.368749
chr4:176500000-177000000	chr4	176500000	-0.778616	-0.298603	-0.622998	0.129785	1	0.0140437	-0.0737397	-1.27296	0.29501	nan	1	nan	1	1	0	1	0.902723	0.365517
chr4:177000000-177500000	chr4	177000000	-0.356566	-0.0761187	-0.371342	0.0392177	2	-0.116433	-0.47455	-0.794237	0.115092	0.189944	2	-0.00363044	2	2	0	1	0.906335	0.377447
chr4:177500000-178000000	chr4	177500000	0.163706	0.0468732	0.455768	0.125408	0	-0.766719	-0.118539	-1.27013	-0.00269388	nan	0	nan	0	0	0	1	0.909948	0.364558
chr4:178000000-178500000	chr4	178000000	0.409058	0.179691	0.49322	0.469348	0	-0.768586	-0.00893323	-1.37339	0.102266	nan	0	nan	0	0	0	1	0.91356	0.350373
chr4:178500000-179000000	chr4	178500000	0.560585	0.264313	0.907071	0.426812	0	-1.15753	-0.106229	-1.29893	0.137225	nan	0	nan	0	0	0	1	0.917172	0.351168
chr4:179000000-179500000	chr4	179000000	0.344805	0.231246	0.513351	0.365486	0	-1.14162	-0.09819	-1.26644	0.100875	nan	0	nan	0	0	0	1	0.920785	0.355375
chr4:179500000-180000000	chr4	179500000	0.47859	0.199022	0.865172	0.249249	0	-1.3658	0.123793	-0.39785	-0.53227	nan	0	nan	0	0	0	1	0.924397	0.359088
chr4:180000000-180500000	chr4	180000000	0.624471	0.0896345	0.783333	0.572249	0	-1.13567	-0.0530864	-0.130244	-0.479001	nan	0	nan	0	1	0	1	0.928009	0.35488
chr4:180500000-181000000	chr4	180500000	0.609046	-0.126125	0.785068	0.0886294	0	-0.556716	0.217031	-0.404775	-0.144104	nan	0	nan	0	0	0	1	0.931622	0.370886
chr4:181000000-181500000	chr4	181000000	0.565463	0.0277856	0.790717	-0.211973	0	-0.131778	0.385911	-0.339404	-0.270731	nan	0	nan	0	0	0	1	0.935234	0.373448
chr4:181500000-182000000	chr4	181500000	-0.414735	-0.148237	-0.321705	-0.120645	0	0.726687	0.130365	-0.531997	-0.207084	nan	0	nan	0	0	0	1	0.938846	0.38545
chr4:182000000-182500000	chr4	182000000	-0.703659	-0.100904	-0.713143	0.00803552	1	0.706951	0.209327	-1.06363	0.105638	nan	1	nan	1	3	0	1	0.942459	0.393705
chr4:182500000-183000000	chr4	182500000	-0.528365	-0.173693	-0.515278	-0.151737	1	0.443765	0.292575	-0.245166	-0.133424	nan	1	nan	1	5	0	0	0.946071	0.413721
chr4:183000000-183500000	chr4	183000000	-0.764573	-0.161436	-0.920336	-0.0307176	4	1.13568	0.170614	0.332107	-0.120219	-0.106859	2	-0.0922597	2	4	0	0	0.949683	0.421813
chr4:183500000-184000000	chr4	183500000	-0.130938	-0.0467112	-0.0551799	-0.378902	4	1.51686	0.103815	0.959048	-0.124711	-0.17357	4	0.0749999	4	6	0	0	0.953296	0.429732
chr4:184000000-184500000	chr4	184000000	0.272755	-0.344415	0.0229217	-0.422251	2	1.60116	0.0777404	1.60231	-0.0352341	nan	1	-0.0215447	2	4	0	0	0.956908	0.435432
chr4:184500000-185000000	chr4	184500000	0.0388685	-0.082804	-0.0312037	-0.372165	4	1.63097	-0.00313393	1.56407	0.0720357	0.0110584	4	-0.0437032	4	5	0	0	0.96052	0.435975
chr4:185000000-185500000	chr4	185000000	-0.961561	0.0633446	-0.778881	-0.135695	9	1.42767	0.249933	1.48145	0.0491211	0.0148736	8	0.030743	7	10	0	0	0.964133	0.416314
chr4:185500000-186000000	chr4	185500000	-0.810899	-0.0735362	-0.745635	0.135117	2	0.982091	0.063659	0.31704	0.19774	-0.612649	2	-0.111601	2	3	0	0	0.967745	0.406102
chr4:186000000-186500000	chr4	186000000	0.283332	0.208353	0.341527	-0.0685974	5	0.594083	0.603568	-0.54256	0.0209967	-0.159959	3	0.153312	3	7	0	0.25	0.971357	0.421628
chr4:186500000-187000000	chr4	186500000	-0.621154	0.00365955	-0.308908	-0.0568387	2	0.434606	0.713176	-0.999642	0.00712429	nan	1	nan	1	5	0	0.25	0.97497	0.412948
chr4:187000000-187500000	chr4	187000000	0.0671111	-0.288205	0.190782	-0.484577	0	-0.0966642	0.893895	-1.2639	0.0534925	nan	0	nan	0	3	0	0.25	0.978582	0.390685
chr4:187500000-188000000	chr4	187500000	0.222426	-0.144239	0.266734	-0.161067	1	-0.183602	0.625579	-1.00887	-0.141404	nan	1	nan	0	2	0	0.25	0.982194	0.388101
chr4:188000000-188500000	chr4	188000000	0.103505	-0.151927	0.122943	-0.327196	2	-0.0130459	0.981893	-0.815084	-0.104202	nan	1	nan	0	3	0	0.25	0.985807	0.422428
chr4:188500000-189000000	chr4	188500000	0.462851	-0.287661	0.481795	-0.066136	0	-0.228429	0.832785	-0.634002	-0.387659	nan	0	nan	0	3	0	0.25	0.989419	0.380123
chr4:189000000-189500000	chr4	189000000	0.962882	-0.100534	0.843947	0.185764	0	-0.205433	0.781502	-0.330083	-0.0176804	nan	0	nan	0	3	0	0.25	0.993031	0.393371
chr4:189500000-190000000	chr4	189500000	1.28763	0.272771	1.28781	-0.0393428	1	nan	nan	0.235183	-0.145991	nan	1	nan	1	5	0	0.25	0.996644	0.418633
chr4:190000000-190500000	chr4	190000000	nan	nan	nan	nan	3	nan	nan	nan	nan	nan	0	nan	0	10	0.12	nan	1.00026	0.495937
chr5:0-500000	chr5	0	nan	nan	nan	nan	7	1.88135	-0.299062	1.16145	-0.0265276	-0.00757095	7	0.058248	7	36	0.02	0	0.994577	0.508712
chr5:500000-1000000	chr5	500000	nan	nan	nan	nan	7	1.97996	-0.180876	0.903093	-0.209066	0.00915584	7	0.0817645	6	34	0	0	0.983731	0.531758
chr5:1000000-1500000	chr5	1000000	nan	nan	nan	nan	7	1.82141	-0.0948473	1.12524	-0.113788	-0.00870532	4	-0.247429	3	62	0	0	0.972885	0.56059
chr5:1500000-2000000	chr5	1500000	nan	nan	nan	nan	4	1.77101	-0.128995	0.817685	-0.120865	0.0230642	4	0.134951	4	26	0	0	0.962039	0.508946
chr5:2000000-2500000	chr5	2000000	nan	nan	nan	nan	0	1.2087	-0.162329	-0.326651	-0.156953	nan	0	nan	0	6	0	0	0.951193	0.458247
chr5:2500000-3000000	chr5	2500000	nan	nan	nan	nan	1	1.14172	-0.31645	-0.767908	0.015624	nan	1	nan	1	6	0	0	0.940347	0.444044
chr5:3000000-3500000	chr5	3000000	1.05682	0.0528265	0.787496	0.118344	0	1.20511	-0.129147	-0.822935	0.166188	nan	0	nan	0	4	0	0	0.929501	0.447687
chr5:3500000-4000000	chr5	3500000	0.940942	0.239354	0.689434	0.191938	1	1.09231	-0.236945	-0.89916	0.026617	nan	1	nan	1	7	0	0	0.918655	0.433122
chr5:4000000-4500000	chr5	4000000	1.04643	0.207572	0.901206	0.138069	0	0.826386	-0.157554	-1.0368	0.0436152	nan	0	nan	0	0	0	0	0.907809	0.402862
chr5:4500000-5000000	chr5	4500000	0.953525	0.07211	0.89558	0.312504	0	0.559192	0.0439109	-0.768588	-0.131048	nan	0	nan	0	1	0	0.25	0.896963	0.396382
chr5:5000000-5500000	chr5	5000000	0.519575	0.157961	0.570452	-0.131554	2	-0.0782436	0.158227	0.303656	-0.522961	-0.254999	2	nan	1	4	0	0.25	0.886117	0.422726
chr5:5500000-6000000	chr5	5500000	1.40264	-0.0364476	0.911307	0.379012	0	-0.0909367	0.319489	0.0845869	0.00630474	nan	0	nan	0	1	0	0.25	0.875271	0.416283
chr5:6000000-6500000	chr5	6000000	1.26155	-0.033627	1.25187	-0.0293042	2	-0.0532279	-0.1322	0.70587	-0.0547594	-0.0414837	2	0.152775	2	2	0	0.25	0.864425	0.439424
chr5:6500000-7000000	chr5	6500000	0.937009	0.0398875	0.807648	-0.0754007	3	0.278781	-0.0636231	0.494814	-0.0871753	-0.179736	3	0.0756607	3	6	0	0	0.853579	0.442466
chr5:7000000-7500000	chr5	7000000	1.27438	-0.00710598	0.945279	0.181048	1	-0.152237	-0.287302	-0.927021	-0.0771382	nan	1	nan	1	3	0	0	0.842733	0.4028
chr5:7500000-8000000	chr5	7500000	1.17763	-0.102434	1.01423	-0.0167804	3	-0.274194	0.263961	-0.0428677	-0.0545909	-0.0737335	3	-0.000664283	2	2	0	0	0.831887	0.408461
chr5:8000000-8500000	chr5	8000000	1.08383	0.0772508	0.992991	0.231165	0	-0.83375	-0.233118	-0.994643	-0.027913	nan	0	nan	0	1	0	0	0.821041	0.390523
chr5:8500000-9000000	chr5	8500000	0.214756	0.0685569	0.295503	-0.121943	0	-0.67851	-0.294509	-1.11486	-0.0354822	nan	0	nan	0	0	0	0	0.810195	0.381384
chr5:9000000-9500000	chr5	9000000	-0.130886	-0.162896	-0.215406	-0.272889	0	-0.0625868	0.0425663	-0.502958	-0.0686789	nan	0	nan	0	0	0	0	0.799349	0.399207
chr5:9500000-10000000	chr5	9500000	-0.126839	-0.113945	0.0897724	-0.478883	2	0.224638	-0.164124	-0.870096	0.1546	nan	1	nan	1	2	0	0	0.788503	0.407557
chr5:10000000-10500000	chr5	10000000	-0.00826184	-0.131744	-0.075138	-0.380594	5	0.46089	-0.0277862	0.424794	-0.0802742	0.0211881	5	-0.00199701	3	5	0	0.5	0.777657	0.431835
chr5:10500000-11000000	chr5	10500000	0.0770644	-0.0462963	0.276809	-0.440363	2	0.852687	-0.0307467	1.07947	-0.0654599	0.0452564	2	-0.171685	2	4	0	0.5	0.766811	0.449315
chr5:11000000-11500000	chr5	11000000	0.949606	0.0573262	1.03018	-0.267192	0	0.0986146	-0.343876	-0.283365	-0.0223215	nan	0	nan	0	1	0	0.5	0.755965	0.405458
chr5:11500000-12000000	chr5	11500000	0.755538	0.172782	0.666394	0.584083	1	-0.638801	-0.145746	-1.21429	-0.0690258	nan	1	nan	1	1	0	0.5	0.745119	0.376839
chr5:12000000-12500000	chr5	12000000	0.560679	0.493192	0.936092	0.16708	0	-0.858238	-0.382817	-1.2842	-0.107358	nan	0	nan	0	0	0	0.5	0.734273	0.35845
chr5:12500000-13000000	chr5	12500000	0.673627	0.181558	0.773336	0.366493	0	-0.987866	-0.196934	-1.39098	0.00380346	nan	0	nan	0	1	0	0.5	0.723427	0.353127
chr5:13000000-13500000	chr5	13000000	0.300366	0.462447	0.656837	-0.189017	0	-0.921019	-0.168939	-1.37539	-0.0280268	nan	0	nan	0	0	0	0.5	0.712581	0.369385
chr5:13500000-14000000	chr5	13500000	0.442705	-0.242026	0.165881	0.0270924	1	-0.530363	-0.203515	-1.0539	-0.00324016	nan	1	nan	1	1	0	0.5	0.701735	0.39353
chr5:14000000-14500000	chr5	14000000	-0.916519	0.189781	-0.852684	-0.0172203	1	1.09214	-0.0595639	0.894118	0.06087	nan	1	nan	1	4	0	0.5	0.690889	0.430812
chr5:14500000-15000000	chr5	14500000	-0.494312	0.137047	-0.402141	-0.489664	3	1.07241	0.0630756	0.461206	0.039034	-0.112681	3	0.0210668	3	4	0	0.5	0.680043	0.431928
chr5:15000000-15500000	chr5	15000000	-0.110848	0.118693	-0.330883	0.00230396	0	0.658008	-0.14145	-0.731398	0.145813	nan	0	nan	0	1	0	0	0.669197	0.389465
chr5:15500000-16000000	chr5	15500000	-0.284268	-0.0818263	-0.135385	-0.30321	1	0.383902	0.00534463	-0.992733	0.103111	nan	1	nan	1	2	0	0	0.658351	0.397197
chr5:16000000-16500000	chr5	16000000	0.30647	0.345097	0.668019	-0.144107	2	0.641659	0.0411806	-0.94263	0.117563	-0.00787897	2	nan	1	2	0	0	0.647505	0.397781
chr5:16500000-17000000	chr5	16500000	-0.197503	-0.293122	-0.492664	0.152227	2	0.908155	-0.0315365	-0.61386	0.03723	-0.459233	2	0.0725897	2	4	0	0	0.636659	0.439961
chr5:17000000-17500000	chr5	17000000	-0.167644	-0.113577	-0.0835464	-0.102464	3	0.192686	-0.0566144	0.246307	0.124069	nan	1	nan	1	4	0	0	0.625813	0.425856
chr5:17500000-18000000	chr5	17500000	0.806958	0.273821	0.608685	0.363573	13	-0.866673	-0.095203	-1.05151	0.0878814	nan	0	nan	0	1	0.1	0	0.614967	0.387325
chr5:18000000-18500000	chr5	18000000	0.533841	0.3417	0.77994	0.182592	0	-0.567972	-0.199063	-1.12963	0.0448705	nan	0	nan	0	0	0	0	0.604121	0.360518
chr5:18500000-19000000	chr5	18500000	0.497957	0.218048	0.767559	0.182308	0	-0.331875	-0.342166	-0.7786	-0.0444881	nan	0	nan	0	0	0	1	0.593275	0.354705
chr5:19000000-19500000	chr5	19000000	0.256435	0.137623	0.589086	0.212831	0	-0.478464	0.0511438	-0.922078	-0.441524	nan	0	nan	0	0	0	1	0.58243	0.350386
chr5:19500000-20000000	chr5	19500000	-0.121003	-0.106501	0.361869	-0.101509	1	-0.698615	-0.061398	-1.21132	-0.000116817	nan	1	nan	0	0	0	1	0.571584	0.347922
chr5:20000000-20500000	chr5	20000000	0.205813	-0.107048	0.527774	-0.0530348	0	-0.77554	-0.287672	-1.43269	0.128574	nan	0	nan	0	1	0	1	0.560738	0.349803
chr5:20500000-21000000	chr5	20500000	0.317995	0.204929	0.688309	0.153937	0	-0.10419	-0.33849	-0.415479	0.0377861	nan	0	nan	0	0	0	1	0.549892	0.352902
chr5:21000000-21500000	chr5	21000000	0.441019	-0.0283706	0.580911	0.232363	0	-0.527604	-0.0724128	-0.440845	0.036511	nan	0	nan	0	1	0	1	0.539046	0.360483
chr5:21500000-22000000	chr5	21500000	0.271871	0.10088	0.582028	0.162384	0	-0.550933	-0.257292	-0.982026	0.176824	nan	0	nan	0	0	0	1	0.5282	0.353095
chr5:22000000-22500000	chr5	22000000	0.650107	0.186739	0.622344	0.332022	0	-0.637331	-0.34378	-0.988387	0.021217	nan	0	nan	0	0	0	1	0.517354	0.35504
chr5:22500000-23000000	chr5	22500000	0.442921	0.205542	0.347788	0.703911	1	-0.656345	-0.40587	-0.879742	-0.0870632	nan	0	nan	1	0	0	1	0.506508	0.35223
chr5:23000000-23500000	chr5	23000000	0.559351	0.372364	0.703175	0.444454	0	-0.704568	-0.292138	-0.96227	0.110347	nan	0	nan	0	0	0	1	0.495662	0.357015
chr5:23500000-24000000	chr5	23500000	0.432905	0.269607	0.639288	0.45606	1	-0.796547	-0.367882	-1.41604	0.0511258	nan	0	nan	0	0	0	0	0.484816	0.350496
chr5:24000000-24500000	chr5	24000000	-0.12452	0.155226	0.314126	0.19929	0	-0.658004	-0.331677	-1.34819	-0.0135488	nan	0	nan	0	0	0	0	0.47397	0.353958
chr5:24500000-25000000	chr5	24500000	-0.018671	0.135773	0.44918	-0.0497702	1	-0.536807	-0.335844	-1.33643	-0.0884427	nan	1	nan	1	0	0	1	0.463124	0.347562
chr5:25000000-25500000	chr5	25000000	0.453829	0.0831846	0.738765	0.338186	0	-0.809906	-0.0757783	-1.14797	0.0391618	nan	0	nan	0	1	0	1	0.452278	0.349424
chr5:25500000-26000000	chr5	25500000	0.471616	0.0874981	0.779382	0.486457	0	-0.854475	-0.0994164	-0.652175	-0.0788495	nan	0	nan	0	1	0	1	0.441432	0.348112
chr5:26000000-26500000	chr5	26000000	0.725862	0.16181	0.860683	0.268603	0	-0.768261	-0.488061	-1.29064	0.0424988	nan	0	nan	0	0	0	1	0.430586	0.356703
chr5:26500000-27000000	chr5	26500000	0.247426	-0.197487	0.415743	0.241361	0	-0.991475	-0.194948	-0.966097	0.0885452	nan	0	nan	0	1	0	1	0.41974	0.342618
chr5:27000000-27500000	chr5	27000000	-0.355438	-0.267931	-0.218401	0.118144	1	-0.885991	-0.141108	-0.971383	-0.0230264	nan	0	nan	0	0	0	1	0.408894	0.343947
chr5:27500000-28000000	chr5	27500000	-0.321231	0.00422479	-0.0184444	0.250708	0	-1.07291	-0.0881908	-1.23648	0.0768976	nan	0	nan	0	0	0	1	0.398048	0.34562
chr5:28000000-28500000	chr5	28000000	0.0817696	-0.098546	0.345594	0.151169	0	-0.890759	-0.149343	-1.24931	0.00571371	nan	0	nan	0	0	0	1	0.387202	0.347878
chr5:28500000-29000000	chr5	28500000	0.0729409	0.19175	0.235879	0.41169	0	-0.979199	-0.117425	-1.38684	-0.00144045	nan	0	nan	0	2	0	1	0.376356	0.348802
chr5:29000000-29500000	chr5	29000000	0.463305	0.246298	0.899144	0.335425	0	-1.08622	-0.170921	-1.44825	-0.0439756	nan	0	nan	0	0	0	0	0.36551	0.348748
chr5:29500000-30000000	chr5	29500000	0.298504	0.520659	0.680506	0.454451	0	-1.26312	-0.00614978	-1.46579	-0.0035387	nan	0	nan	0	0	0	0	0.354664	0.347097
chr5:30000000-30500000	chr5	30000000	0.565137	0.0678724	0.798566	0.34407	0	-1.14877	-0.0575312	-1.41093	-0.0497715	nan	0	nan	0	0	0	0	0.343818	0.352602
chr5:30500000-31000000	chr5	30500000	0.30124	0.444728	0.616713	0.266114	0	-1.0759	-0.150805	-1.48983	-0.0200347	nan	0	nan	0	0	0	0	0.332972	0.358303
chr5:31000000-31500000	chr5	31000000	0.531525	-0.0315024	0.645282	-0.039551	1	-0.630834	-0.00717297	-0.734525	-0.184183	nan	1	nan	1	1	0	0	0.322126	0.389737
chr5:31500000-32000000	chr5	31500000	0.32308	-0.1593	0.135406	-0.241133	3	0.948709	-0.0406903	0.04794	0.141046	-0.242	3	0.023121	3	3	0	0	0.31128	0.443601
chr5:32000000-32500000	chr5	32000000	-0.635764	-0.0875826	-0.413746	-0.290826	3	1.38298	-0.0998572	1.3089	-0.0255188	-0.0561315	3	0.0301705	3	3	0	0	0.300434	0.430036
chr5:32500000-33000000	chr5	32500000	0.0819672	-0.0525264	-0.0149421	-0.225161	2	-0.119231	-0.156638	0.0784713	0.0088667	-0.113342	2	0.570983	2	2	0	0	0.289588	0.413021
chr5:33000000-33500000	chr5	33000000	-0.431909	0.150703	-0.46583	-0.000286504	1	-0.230644	-0.287072	-0.242549	-0.430681	nan	1	nan	0	1	0	0	0.278742	0.383244
chr5:33500000-34000000	chr5	33500000	-0.0655349	-0.243469	-0.411169	-0.049201	3	0.675766	-0.33652	1.23284	-0.0815871	0.00648591	2	-0.258944	2	3	0	0	0.267896	0.408521
chr5:34000000-34500000	chr5	34000000	-0.275444	0.0148131	-0.098686	-0.0437359	2	0.294889	-0.0970955	0.206331	0.118898	-0.0100595	2	-0.0869166	2	1	0	0.25	0.25705	0.380723
chr5:34500000-35000000	chr5	34500000	-0.576692	-0.070432	-0.487339	-0.309282	5	1.14454	-0.246368	0.341118	0.20222	-0.00295993	5	-0.000848148	5	4	0	0.25	0.246204	0.41642
chr5:35000000-35500000	chr5	35000000	0.334843	0.0558099	0.287029	0.136653	2	-0.511641	0.0584615	1.10277	0.119122	nan	1	nan	0	0	0	0.25	0.235358	0.397484
chr5:35500000-36000000	chr5	35500000	0.591494	-0.183406	0.551918	-0.177634	4	-0.668055	-0.00570744	0.738584	-0.109175	0.211243	2	nan	1	1	0	0.25	0.224512	0.387502
chr5:36000000-36500000	chr5	36000000	0.200248	-0.177248	0.187538	-0.141832	5	0.511291	0.0712683	0.237642	-0.213895	0.00925635	3	-0.105608	4	2	0	0.25	0.213666	0.390224
chr5:36500000-37000000	chr5	36500000	-0.395958	-0.21792	-0.466812	-0.0935727	2	1.21191	-0.108384	0.884076	0.00491231	0.068523	2	-0.0039718	2	3	0	0.25	0.20282	0.388189
chr5:37000000-37500000	chr5	37000000	-0.442948	-0.305769	-0.450105	-0.197623	3	1.14233	0.108832	1.40561	0.0665287	0.0129323	3	0.0202408	3	4	0	0.25	0.191974	0.397518
chr5:37500000-38000000	chr5	37500000	-0.0425676	-0.258967	0.00467561	-0.316987	1	0.427535	0.100439	0.457095	-0.0875136	nan	1	nan	1	2	0	0.25	0.181128	0.404538
chr5:38000000-38500000	chr5	38000000	0.219198	-0.481523	-0.0965093	-0.224359	1	0.864007	-0.0603399	-0.764877	-0.151214	nan	1	nan	1	1	0	0.25	0.170282	0.413963
chr5:38500000-39000000	chr5	38500000	-0.664465	0.0482124	-0.555492	-0.158728	2	1.07091	-0.0301079	-0.512674	0.0323581	-0.712451	2	-0.00119996	2	2	0	0	0.159436	0.401938
chr5:39000000-39500000	chr5	39000000	-0.561408	0.177005	-0.557893	0.104832	4	-0.32116	-0.0092396	-0.390349	0.0285216	-0.136816	3	-0.0772524	2	2	0	0	0.14859	0.378551
chr5:39500000-40000000	chr5	39500000	-0.112868	-0.0697008	-0.0576001	-0.249834	0	-0.780682	-0.298328	-1.34855	0.0769529	nan	0	nan	0	1	0	0	0.137744	0.369139
chr5:40000000-40500000	chr5	40000000	0.14927	-0.226159	-0.1005	0.11861	0	-1.19739	-0.253795	-0.813039	-0.0974047	nan	0	nan	0	0	0	0	0.126898	0.372018
chr5:40500000-41000000	chr5	40500000	-0.139254	-0.0938153	-0.0475708	-0.201543	6	-0.382649	-0.314065	-0.181212	-0.135982	-0.0946296	6	-0.254358	5	4	0	0	0.116052	0.39359
chr5:41000000-41500000	chr5	41000000	0.219508	0.367772	0.275543	0.339931	2	-0.270348	-0.109788	-1.37978	-0.0678674	nan	1	nan	1	0	0	0	0.105206	0.376024
chr5:41500000-42000000	chr5	41500000	0.232078	0.210672	0.197769	0.226486	4	-0.46087	0.0819118	0.127831	-0.0400432	0.0657899	4	0.104326	3	5	0	0	0.0943601	0.375483
chr5:42000000-42500000	chr5	42000000	0.669835	0.567232	0.767404	0.332504	1	-1.36339	0.171009	0.140058	-0.220696	nan	1	nan	1	2	0	0	0.0835141	0.374426
chr5:42500000-43000000	chr5	42500000	0.24084	0.186564	0.478685	0.11567	2	-0.420528	0.117195	0.666707	-0.181863	0.164335	2	-0.0212148	2	6	0	0.5	0.0726681	0.390805
chr5:43000000-43500000	chr5	43000000	-0.277725	-0.0424993	-0.0386213	-0.179166	6	0.738427	0.125987	1.43861	0.0225736	-0.061969	5	0.186704	4	12	0	0.5	0.0618221	0.423653
chr5:43500000-44000000	chr5	43500000	0.14461	0.24186	0.570506	0.128607	3	0.0516447	0.329771	-0.299724	-0.0315423	0.0412044	3	0.0174412	3	3	0	0.5	0.0509761	0.382393
chr5:44000000-44500000	chr5	44000000	0.794041	0.215155	0.910387	0.296697	1	-0.552642	0.288481	-1.42627	-0.0512893	nan	1	nan	1	0	0	0.5	0.0401302	0.362291
chr5:44500000-45000000	chr5	44500000	0.412518	0.396139	0.722726	0.105047	1	-0.305725	0.003371	-0.923705	0.0879596	nan	1	nan	1	1	0	0.5	0.0292842	0.36382
chr5:45000000-45500000	chr5	45000000	0.326947	0.309472	0.579042	0.391206	0	0.110819	-0.0886448	-1.26681	-0.102502	nan	0	nan	0	0	0	0.5	0.0184382	0.354111
chr5:45500000-46000000	chr5	45500000	0.616804	0.239544	0.856579	0.185476	1	-0.704911	-0.0415454	-1.14916	0.145671	nan	1	nan	1	1	0	0.5	0.00759219	0.359591
chr5:46000000-46500000	chr5	46000000	0.867434	0.117714	1.19871	0.0381319	0	-0.967525	-0.126919	-0.752554	0.134974	nan	0	nan	0	0	0.1	nan	0	0.367551
chr5:46500000-47000000	chr5	46500000	nan	nan	nan	nan	0	nan	nan	nan	nan	nan	0	nan	0	0	0.0004	nan	0	0.384324
chr5:47000000-47500000	chr5	47000000	nan	nan	nan	nan	0	nan	nan	nan	nan	nan	0	nan	0	0	0.026066	nan	0	0.38677
chr5:47500000-48000000	chr5	47500000	nan	nan	nan	nan	0	nan	nan	nan	nan	nan	0	nan	0	0	0	nan	0	0.391764
chr5:48000000-48500000	chr5	48000000	nan	nan	nan	nan	0	nan	nan	nan	nan	nan	0	nan	0	0	0	nan	0	0.39206
chr5:48500000-49000000	chr5	48500000	nan	nan	nan	nan	0	nan	nan	nan	nan	nan	0	nan	0	0	0	nan	0	0.392254
chr5:49000000-49500000	chr5	49000000	nan	nan	nan	nan	0	nan	nan	nan	nan	nan	0	nan	0	0	0	nan	0	0.39249
chr5:49500000-50000000	chr5	49500000	nan	nan	nan	nan	0	0.685813	-0.424284	nan	nan	nan	0	nan	0	0	0.074096	nan	0	0.393279
chr5:50000000-50500000	chr5	50000000	1.06219	-0.0174256	1.04805	0.284874	1	-1.41843	0.141774	0.648899	-0.161958	nan	1	nan	1	1	0.1	nan	0	0.38254
chr5:50500000-51000000	chr5	50500000	0.418733	-0.0240311	0.506335	0.236337	1	-0.879456	0.0775614	-0.516987	0.109273	nan	1	nan	1	2	0	nan	0	0.369858
chr5:51000000-51500000	chr5	51000000	0.463077	-0.0947414	0.518556	0.352342	1	-0.701544	0.171308	-1.5137	0.00703791	nan	1	nan	1	4	0	nan	0	0.363679
chr5:51500000-52000000	chr5	51500000	-0.175243	0.0494479	0.289822	-0.0240886	0	-0.871687	0.287413	-1.21989	-0.283814	nan	0	nan	0	0	0	0	0.00268945	0.347742
chr5:52000000-52500000	chr5	52000000	0.533226	0.340943	0.766291	0.597082	0	-1.51818	0.14889	-1.52436	-0.0776111	nan	0	nan	0	0	0	0	0.00653152	0.34717
chr5:52500000-53000000	chr5	52500000	-0.306331	-0.105156	-0.0916447	-0.0816217	3	-1.06646	0.145472	-1.24866	0.0494479	-0.275125	3	0.146279	3	3	0	0	0.0103736	0.370643
chr5:53000000-53500000	chr5	53000000	-0.986446	-0.172567	-0.897536	0.0724363	2	-0.671098	0.324454	-0.448588	-0.0652748	0.0265703	2	-0.0614667	2	3	0	0	0.0142157	0.386027
chr5:53500000-54000000	chr5	53500000	-0.667508	0.0322725	-0.734698	-0.120372	1	-0.350165	0.283587	0.0361858	-0.0183205	nan	1	nan	1	1	0	0	0.0180577	0.38649
chr5:54000000-54500000	chr5	54000000	-0.903906	0.118086	-0.623475	-0.332884	2	0.217204	0.0765403	0.558539	0.0862163	0.134072	2	0.158151	2	1	0	0	0.0218998	0.392784
chr5:54500000-55000000	chr5	54500000	-0.646497	-0.0307775	-1.0952	0.091248	2	0.850726	0.0997812	-0.423275	-0.0163296	-0.0418556	2	0.0389767	2	2	0	0	0.0257419	0.414089
chr5:55000000-55500000	chr5	55000000	-1.16826	0.0377917	-1.22197	-0.0662518	8	1.20337	0.0320361	1.21076	0.0914895	-0.000873495	4	0.0204748	4	10	0	0	0.0295839	0.392119
chr5:55500000-56000000	chr5	55500000	-1.0786	-0.00676026	-1.14893	-0.0147059	5	1.29909	-0.161859	1.02407	0.117774	0.113838	4	-0.0393461	4	6	0	0	0.033426	0.404911
chr5:56000000-56500000	chr5	56000000	-0.969384	0.0976304	-0.957918	-0.307125	1	1.41869	-0.128409	0.545764	0.24247	nan	1	nan	0	1	0	0	0.0372681	0.42241
chr5:56500000-57000000	chr5	56500000	-1.00018	-0.139546	-0.979241	-0.241613	3	1.43876	-0.12295	0.977296	-0.134521	-0.0312599	3	0.0160986	3	4	0	0	0.0411101	0.40385
chr5:57000000-57500000	chr5	57000000	-0.975227	-0.0101666	-0.866286	-0.202128	2	1.14748	-0.0266313	-0.619785	-0.0221665	-0.275091	2	0.290226	2	1	0	0	0.0449522	0.410376
chr5:57500000-58000000	chr5	57500000	-0.991727	-0.0832473	-0.964677	-0.190081	0	0.662359	-0.235742	-1.15346	-0.0986254	nan	0	nan	0	0	0	0	0.0487943	0.384213
chr5:58000000-58500000	chr5	58000000	-1.0597	0.0309047	-0.887779	-0.0696518	2	0.376232	-0.207139	-1.15861	0.00582372	nan	1	nan	1	1	0	0	0.0526363	0.380187
chr5:58500000-59000000	chr5	58500000	-0.129976	-0.197004	-0.260361	-0.140717	1	-0.243029	-0.27601	0.00559873	-0.227189	nan	0	nan	1	1	0	0	0.0564784	0.389825
chr5:59000000-59500000	chr5	59000000	-1.0511	0.132403	-0.812344	0.0966944	0	-0.558928	0.379027	0.568594	0.0192611	nan	0	nan	0	1	0	0	0.0603205	0.373528
chr5:59500000-60000000	chr5	59500000	-0.776068	-0.0604512	-0.483414	-0.0644828	1	-1.37237	0.180319	0.718942	0.0848525	nan	1	nan	1	1	0	0.75	0.0641625	0.371795
chr5:60000000-60500000	chr5	60000000	-0.0828581	-0.149039	0.20777	-0.403115	0	-1.87355	0.140516	1.09702	0.00159163	nan	0	nan	0	0	0	0.75	0.0680046	0.375057
chr5:60500000-61000000	chr5	60500000	0.151978	-0.294092	0.230903	-0.163972	4	-1.4752	0.126596	1.05059	-0.220651	0.134388	4	-0.0481756	4	4	0	0.75	0.0718467	0.387247
chr5:61000000-61500000	chr5	61000000	-0.46722	-0.357886	-0.386262	-0.0421823	2	-0.879321	0.283463	0.238161	-0.0642015	-0.0392546	2	-0.0108081	2	2	0	0.75	0.0756887	0.388
chr5:61500000-62000000	chr5	61500000	0.315065	-0.0973767	0.151297	-0.0813374	0	-0.958847	0.0921428	-0.919946	-0.0517023	nan	0	nan	0	1	0	0.75	0.0795308	0.409107
chr5:62000000-62500000	chr5	62000000	0.447561	0.0639112	0.664947	-0.27218	3	-0.78693	0.147987	0.655714	0.15141	-0.12607	3	-0.0144579	3	3	0	0.75	0.0833729	0.400696
chr5:62500000-63000000	chr5	62500000	0.90178	0.29784	1.00771	-0.0220128	1	-0.920866	0.0471352	-1.41362	0.00254963	nan	1	nan	0	0	0	0.75	0.0872149	0.392011
chr5:63000000-63500000	chr5	63000000	0.60248	0.204611	0.862071	0.22521	0	-1.40966	0.0223081	-1.61541	0.037441	nan	0	nan	0	0	0	0.75	0.091057	0.365891
chr5:63500000-64000000	chr5	63500000	0.810931	0.472423	1.04397	0.397688	1	-1.63238	0.11682	-1.59271	0.00948096	nan	0	nan	0	2	0	0	0.0948991	0.364881
chr5:64000000-64500000	chr5	64000000	0.831169	0.0813202	0.908448	0.451028	1	-1.60139	0.102045	-1.43432	-0.0577515	nan	1	nan	1	1	0	0.75	0.0987411	0.372486
chr5:64500000-65000000	chr5	64500000	-0.196529	0.0791948	-0.0825299	0.275692	4	-1.16126	0.144286	0.990024	-0.115552	0.0583424	3	-0.078584	3	3	0	0.75	0.102583	0.37285
chr5:65000000-65500000	chr5	65000000	-0.640574	-0.20706	-0.723989	0.221304	1	-1.23772	0.29238	1.20868	-0.215991	nan	1	nan	1	2	0	0.75	0.106425	0.374187
chr5:65500000-66000000	chr5	65500000	-1.01812	0.165755	-0.911446	0.0336624	8	0.274236	0.149359	1.48198	0.0310753	-0.0465213	8	-0.013161	8	4	0	0.75	0.110267	0.389362
chr5:66000000-66500000	chr5	66000000	0.0816698	0.0343571	0.104373	-0.106545	1	0.850062	-0.101244	-0.458805	-0.327948	nan	1	nan	1	1	0	0.75	0.114109	0.394634
chr5:66500000-67000000	chr5	66500000	-0.0197678	0.194882	0.112397	0.105375	1	0.990621	-0.428238	-0.782598	-0.314418	nan	1	nan	1	1	0	0.75	0.117951	0.392863
chr5:67000000-67500000	chr5	67000000	-0.305232	0.195373	-0.183249	-0.158628	1	0.845805	-0.190657	-0.940478	-0.103302	nan	0	nan	0	2	0	0.75	0.121794	0.393373
chr5:67500000-68000000	chr5	67500000	0.179579	0.21944	0.0974993	0.270041	0	0.396403	-0.29508	-0.695315	-0.060644	nan	0	nan	0	0	0	0	0.125636	0.379622
chr5:68000000-68500000	chr5	68000000	-0.183792	-0.147788	-0.257229	-0.255959	1	0.774342	0.0785667	1.07824	-0.0574179	nan	1	nan	1	2	0	0	0.129478	0.404507
chr5:68500000-69000000	chr5	68500000	0.130438	0.0520555	-0.032307	-0.178364	0	0.866339	-0.18619	0.824875	-0.0483184	nan	0	nan	0	0	0	0	0.13332	0.399129
chr5:69000000-69500000	chr5	69000000	-0.425255	-0.0576959	-0.367172	-0.295412	11	1.38924	-0.120454	1.5099	0.016334	0.226559	11	0.125482	10	9	0	0.5	0.137162	0.423771
chr5:69500000-70000000	chr5	69500000	nan	nan	nan	nan	1	nan	nan	0.296233	-0.0985646	nan	1	nan	1	1	0	0.5	0.141004	0.388401
chr5:70000000-70500000	chr5	70000000	nan	nan	nan	nan	2	nan	nan	0.276329	-0.0331347	0.149611	2	0.10115	2	3	0	0.5	0.144846	0.384378
chr5:70500000-71000000	chr5	70500000	nan	nan	nan	nan	3	nan	nan	0.484958	-0.136452	0.0604586	2	nan	1	2	0	0.5	0.148688	0.37912
chr5:71000000-71500000	chr5	71000000	nan	nan	nan	nan	3	nan	nan	0.744558	-0.118521	-0.128275	3	0.0092057	3	2	0	0.5	0.15253	0.384495
chr5:71500000-72000000	chr5	71500000	-0.453168	-0.256666	-0.565775	-0.381027	2	1.3931	-0.256838	0.327527	0.0535387	nan	1	nan	1	2	0	0.5	0.156372	0.40884
chr5:72000000-72500000	chr5	72000000	-0.97893	0.0341831	-0.845664	-0.192768	3	1.41784	-0.0691621	1.21153	-0.0204978	0.129302	3	-0.0770292	3	5	0	0.5	0.160214	0.409314
chr5:72500000-73000000	chr5	72500000	-1.01679	-0.100562	-0.923375	-0.232518	3	1.43085	-0.0396755	0.0872226	0.0642466	-0.287851	2	-0.118524	2	4	0	0.5	0.164056	0.396356
chr5:73000000-73500000	chr5	73000000	-0.921063	0.0366592	-0.909357	-0.150963	5	1.50855	-0.0864931	0.100776	0.194822	-0.0380545	3	0.308615	2	14	0	0.5	0.167898	0.419975
chr5:73500000-74000000	chr5	73500000	-0.788248	-0.241926	-1.13863	-0.073857	3	1.38182	-0.100027	-0.0196143	0.0539378	0.00786812	3	0.105649	3	3	0	0.5	0.17174	0.40106
chr5:74000000-74500000	chr5	74000000	-0.704711	-0.0215252	-0.857951	-0.274983	0	1.25561	-0.0984161	0.539133	-0.0652455	nan	0	nan	0	0	0	0	0.175582	0.411313
chr5:74500000-75000000	chr5	74500000	-0.718495	-0.0358402	-0.697304	0.0976225	5	0.889607	0.29143	0.334993	0.161414	-0.017153	5	0.187421	5	4	0	0	0.179425	0.405239
chr5:75000000-75500000	chr5	75000000	-0.290971	0.0239375	-0.053901	-0.42964	3	0.446953	0.275237	1.4187	0.0918998	-0.183113	2	0.152967	2	5	0	0	0.183267	0.391016
chr5:75500000-76000000	chr5	75500000	0.293129	-0.186364	0.245258	0.0390687	4	0.306883	0.362934	1.0876	0.0546521	-0.156445	3	-0.0529136	2	3	0	0	0.187109	0.384078
chr5:76000000-76500000	chr5	76000000	0.71609	0.0124075	0.722384	-0.24249	2	0.414403	0.226267	1.41156	0.040532	0.0583089	2	-0.0743634	2	5	0	0	0.190951	0.41546
chr5:76500000-77000000	chr5	76500000	-0.341279	-0.112346	-0.434488	-0.0556935	5	0.953786	-0.0086073	1.39095	0.0337215	-0.240391	4	0.0860941	4	4	0	0	0.194793	0.419915
chr5:77000000-77500000	chr5	77000000	-0.324573	-0.154811	-0.190436	-0.574625	4	0.976296	-0.161646	1.3568	-0.0369977	-0.021708	4	-0.0764838	4	6	0	0	0.198635	0.408631
chr5:77500000-78000000	chr5	77500000	-0.671425	0.117047	-0.675276	0.0363255	2	1.02273	-0.0785427	1.53287	0.0216507	nan	1	nan	1	11	0	0.5	0.202477	0.395567
chr5:78000000-78500000	chr5	78000000	-0.958116	-0.0290574	-0.945846	-0.140206	2	0.923676	0.00208564	1.53583	0.070692	-0.232592	2	-0.157423	2	2	0	0.5	0.206319	0.37963
chr5:78500000-79000000	chr5	78500000	-0.886281	0.25777	-0.785212	-0.0514947	2	1.10871	-0.207536	1.41932	0.0633016	-0.252811	2	0.0343801	2	3	0	0.5	0.210161	0.419843
chr5:79000000-79500000	chr5	79000000	-1.01066	0.169552	-0.88257	-0.205951	4	1.33738	-0.0714053	1.41869	0.00538563	nan	1	1.66429	3	2	0	0.5	0.214003	0.404124
chr5:79500000-80000000	chr5	79500000	-0.792146	-0.0394014	-0.699206	-0.220606	4	1.17707	-0.0650064	0.62831	-0.0234834	-0.157243	4	-0.0613153	4	4	0	0.5	0.217845	0.404559
chr5:80000000-80500000	chr5	80000000	-0.604148	-0.03724	-0.475561	-0.40317	5	1.22471	0.169376	0.944617	-0.025316	0.023498	4	-0.457233	4	4	0	0.5	0.221687	0.42223
chr5:80500000-81000000	chr5	80500000	-0.389336	-0.172547	-0.456273	-0.245415	4	0.475249	0.0565306	0.74366	-0.145915	-0.0263905	3	0.286843	3	3	0	0.5	0.225529	0.396442
chr5:81000000-81500000	chr5	81000000	-0.447294	-0.181034	-0.579455	-0.191372	3	0.539331	-0.0741416	1.2091	-0.0295088	-0.041051	2	0.0720643	2	2	0	0.5	0.229371	0.400785
chr5:81500000-82000000	chr5	81500000	-0.713678	-0.105222	-0.41291	-0.427438	2	0.584814	0.0416954	1.31251	0.0384962	0.058022	2	-0.105774	2	2	0	0.5	0.233214	0.381817
chr5:82000000-82500000	chr5	82000000	-0.308863	-0.179164	-0.174567	-0.50472	1	0.369057	-0.000324941	-0.637839	-0.202089	nan	1	nan	1	1	0	0	0.237056	0.3904
chr5:82500000-83000000	chr5	82500000	-0.214503	0.0722227	-0.00808677	-0.20268	0	-0.178035	0.144151	0.667877	-0.00258919	nan	0	nan	0	0	0	0	0.240898	0.385379
chr5:83000000-83500000	chr5	83000000	-0.7571	-0.0317119	-0.478993	-0.119368	3	0.149735	-0.0602479	-0.210145	-0.135831	0.0172411	3	-0.308392	3	3	0	0	0.24474	0.36231
chr5:83500000-84000000	chr5	83500000	-0.401766	0.139119	0.0925093	-0.147431	1	-0.632467	0.0234534	-1.42821	-0.00708256	nan	1	nan	1	1	0	1	0.248582	0.368225
chr5:84000000-84500000	chr5	84000000	-0.563938	0.0513327	-0.0438192	-0.0809087	1	-1.20549	-0.0845836	-1.51484	-0.0346478	nan	1	nan	1	2	0	1	0.252424	0.355625
chr5:84500000-85000000	chr5	84500000	-0.0496032	0.00018099	0.145097	0.31711	0	-1.45542	0.0729343	-1.55178	-0.0750713	nan	0	nan	0	0	0	1	0.256266	0.347612
chr5:85000000-85500000	chr5	85000000	0.0435558	0.489515	0.530437	0.544047	0	-1.67249	0.124715	-1.59495	-0.00386514	nan	0	nan	0	0	0	1	0.260108	0.339115
chr5:85500000-86000000	chr5	85500000	0.461369	0.511699	0.699793	0.746255	0	-1.74514	0.0603462	-1.59185	0.0146055	nan	0	nan	0	0	0	1	0.26395	0.344728
chr5:86000000-86500000	chr5	86000000	0.298663	0.7173	0.823566	0.46267	0	-1.44094	0.0136557	-1.39501	-0.0919854	nan	0	nan	0	0	0	1	0.267792	0.347935
chr5:86500000-87000000	chr5	86500000	0.387083	0.0879267	0.627123	0.0778128	1	-0.805259	-0.0797885	-0.24685	-0.0468324	nan	1	nan	1	0	0	1	0.271634	0.362136
chr5:87000000-87500000	chr5	87000000	-0.429236	0.117654	-0.0680937	0.0287109	2	-1.1429	-0.00434061	-0.162236	-0.0374136	-0.0526682	2	-0.104372	2	2	0	1	0.275476	0.368729
chr5:87500000-88000000	chr5	87500000	0.985228	0.57467	1.34321	0.0993518	0	-1.59524	0.0477895	-1.50316	0.0727924	nan	0	nan	0	0	0	1	0.279318	0.358236
chr5:88000000-88500000	chr5	88000000	0.801974	0.351895	1.1197	0.204589	1	-1.55114	0.140838	-1.17966	-0.0213852	nan	1	nan	1	2	0	1	0.28316	0.371322
chr5:88500000-89000000	chr5	88500000	-0.065229	0.135492	0.18878	0.000383731	1	-0.88026	0.0747988	0.943453	0.0999069	nan	1	nan	1	11	0	1	0.287002	0.372777
chr5:89000000-89500000	chr5	89000000	-0.119669	-0.0355744	0.0440692	-0.0714017	0	-0.243944	0.0282571	1.37273	-0.0725635	nan	0	nan	0	0	0	1	0.290845	0.359504
chr5:89500000-90000000	chr5	89500000	-0.0703271	0.0532806	0.0648079	0.0257739	0	-0.520052	0.167947	0.857589	-0.214369	nan	0	nan	0	0	0	1	0.294687	0.357866
chr5:90000000-90500000	chr5	90000000	-0.298767	0.138995	0.327901	-0.304636	3	-0.191585	0.0871471	0.557457	0.101698	0.304348	3	-0.0317181	3	3	0	1	0.298529	0.369935
chr5:90500000-91000000	chr5	90500000	0.335885	0.27686	0.655067	0.162789	2	-0.441639	0.050259	-0.618049	0.145452	-0.221557	2	-0.166707	2	2	0	1	0.302371	0.367561
chr5:91000000-91500000	chr5	91000000	-0.0511411	-0.108714	0.0336151	-0.0576918	1	-0.0609908	0.0398614	-1.08828	0.0929882	nan	1	nan	1	2	0	1	0.306213	0.39058
chr5:91500000-92000000	chr5	91500000	0.443811	0.159364	0.900006	0.0944756	0	-1.55644	0.125379	-0.442675	0.0665232	nan	0	nan	0	0	0	1	0.310055	0.356158
chr5:92000000-92500000	chr5	92000000	0.174078	0.262205	0.737825	-0.0626365	0	-1.63456	0.0182517	-1.33336	0.0846517	nan	0	nan	0	0	0	1	0.313897	0.348147
chr5:92500000-93000000	chr5	92500000	-0.30415	0.042747	0.0766717	-0.110358	0	-0.71455	-0.173695	-1.5798	0.0373436	nan	0	nan	0	0	0	1	0.317739	0.35212
chr5:93000000-93500000	chr5	93000000	-0.380491	-0.223467	0.0110179	-0.389739	0	-0.133161	-0.0115832	-1.32943	-0.0483002	nan	0	nan	0	0	0	0	0.321581	0.373809
chr5:93500000-94000000	chr5	93500000	-0.154056	0.106827	0.359425	-0.335896	3	-0.928581	0.0935704	0.3058	-0.118249	nan	1	-0.832813	2	8	0	0	0.325423	0.374369
chr5:94000000-94500000	chr5	94000000	0.738801	0.107893	1.11356	0.00701653	1	-1.56499	0.149568	-0.589835	-0.0747554	nan	1	nan	0	1	0	0	0.329265	0.367085
chr5:94500000-95000000	chr5	94500000	0.312077	0.21108	0.911692	-0.262247	2	-1.08085	-0.0090099	0.52819	-0.0803298	0.0132052	2	-0.109413	2	1	0	0	0.333107	0.367569
chr5:95000000-95500000	chr5	95000000	0.237873	0.123526	0.595324	-0.213692	2	-1.50574	0.185398	0.60331	-0.308018	nan	1	nan	1	1	0	0	0.336949	0.375845
chr5:95500000-96000000	chr5	95500000	-1.08023	0.0451909	-0.537205	-0.219592	8	0.214905	0.0949839	1.25587	-0.0705111	0.0238311	8	-0.185871	5	6	0	0	0.340791	0.393154
chr5:96000000-96500000	chr5	96000000	-0.536184	-0.171592	-0.395582	-0.097063	1	-1.02654	0.280999	0.0776704	-0.369761	nan	0	nan	0	1	0	0	0.344633	0.383267
chr5:96500000-97000000	chr5	96500000	-0.766502	0.0292454	-0.696095	-0.118127	4	-0.130651	0.0712316	1.43731	0.0475392	0.0971905	4	0.0579744	4	4	0	0	0.348476	0.393671
chr5:97000000-97500000	chr5	97000000	0.29361	-0.0652407	0.329906	0.0145817	2	-0.808621	0.0656057	0.840759	0.000764917	0.117216	2	0.105946	2	1	0	0	0.352318	0.377707
chr5:97500000-98000000	chr5	97500000	0.303523	-0.00494016	0.606032	0.0768479	0	-1.43401	-0.0563885	0.192377	0.156092	nan	0	nan	0	0	0	0	0.35616	0.364951
chr5:98000000-98500000	chr5	98000000	-0.149568	-0.102904	0.044345	-0.0434484	0	-1.49079	0.0995293	-1.15554	0.0544729	nan	0	nan	0	0	0	0	0.360002	0.368203
chr5:98500000-99000000	chr5	98500000	-0.203417	-0.0517872	-0.0468577	-0.0543822	2	-0.934355	0.0464389	-0.21796	0.000951688	-0.262016	2	0.0365185	2	3	0	0	0.363844	0.375514
chr5:99000000-99500000	chr5	99000000	0.879181	-0.0475728	0.878085	0.302087	0	-1.34465	-0.0233465	-1.49366	-0.050866	nan	0	nan	0	0	0	1	0.367686	0.374186
chr5:99500000-100000000	chr5	99500000	0.519611	0.322603	0.924437	0.55339	0	-1.54135	0.0385018	-1.60059	-0.00486886	nan	0	nan	0	0	0	1	0.371528	0.350023
chr5:100000000-100500000	chr5	100000000	0.704863	0.273315	0.904175	0.351251	0	-1.52458	0.138965	-0.682848	-0.0473528	nan	0	nan	0	0	0	1	0.37537	0.359596
chr5:100500000-101000000	chr5	100500000	0.30802	0.0206362	0.544212	0.0599099	2	-1.33404	0.0580846	0.460252	0.0398049	0.0948982	2	-0.187128	2	3	0	1	0.379212	0.355018
chr5:101000000-101500000	chr5	101000000	0.462907	0.420422	0.823039	0.36667	0	-1.57779	0.122017	-1.2756	-0.27464	nan	0	nan	0	0	0	1	0.383054	0.34694
chr5:101500000-102000000	chr5	101500000	0.540694	0.450547	1.12938	0.0893037	0	-1.54414	0.0922147	-1.56443	-0.0498521	nan	0	nan	0	0	0	1	0.386896	0.356131
chr5:102000000-102500000	chr5	102000000	0.884997	0.160954	1.0633	0.210349	2	-1.75665	0.147302	-1.30066	0.100784	nan	0	nan	1	2	0	1	0.390738	0.362039
chr5:102500000-103000000	chr5	102500000	-0.626962	0.0766311	-0.294111	0.0598083	1	-0.669534	0.127062	0.6289	0.109003	nan	1	nan	1	3	0	1	0.39458	0.367286
chr5:103000000-103500000	chr5	103000000	-0.315424	-0.129854	-0.0501466	-0.109271	3	-0.327839	-0.0667818	-0.932655	-0.0858146	-0.250814	3	-0.0889304	2	2	0	1	0.398422	0.369242
chr5:103500000-104000000	chr5	103500000	0.0676277	-0.115883	0.262746	-0.0279807	1	-1.08014	-0.0256008	-1.19549	0.425562	nan	1	nan	1	0	0	0	0.402264	0.367447
chr5:104000000-104500000	chr5	104000000	0.155441	-0.179103	0.337364	0.196938	0	-1.40603	-0.00111822	-1.48796	-0.0646393	nan	0	nan	0	0	0	0	0.406107	0.348462
chr5:104500000-105000000	chr5	104500000	0.253412	0.0897678	0.544418	0.0578996	0	-1.59592	0.0528782	-1.52991	-0.0671729	nan	0	nan	0	0	0	0	0.409949	0.348533
chr5:105000000-105500000	chr5	105000000	0.160526	0.165798	0.452136	0.349602	0	-1.65826	0.00223043	-1.55921	0.00607064	nan	0	nan	0	0	0	1	0.413791	0.340473
chr5:105500000-106000000	chr5	105500000	-0.197566	0.0923937	0.198986	0.0816028	0	-1.75299	0.0458594	-1.47285	-0.00809854	nan	0	nan	0	0	0	1	0.417633	0.341741
chr5:106000000-106500000	chr5	106000000	-0.804873	-0.00438386	-0.256882	-0.191377	0	-1.46887	-0.00190271	-0.560597	0.576687	nan	0	nan	0	0	0	1	0.421475	0.342562
chr5:106500000-107000000	chr5	106500000	-0.522171	-0.208836	-0.452358	0.086013	0	-1.46068	0.138609	-1.26856	-0.0745908	nan	0	nan	0	0	0	1	0.425317	0.35033
chr5:107000000-107500000	chr5	107000000	-0.569777	-0.408063	-0.410446	-0.148703	0	-0.622651	-0.01706	-0.0660275	-0.35008	nan	0	nan	0	0	0	1	0.429159	0.368849
chr5:107500000-108000000	chr5	107500000	-0.286458	-0.338476	0.0052036	-0.31779	1	-0.728711	-0.0825902	1.00331	-0.108541	nan	1	nan	1	1	0	1	0.433001	0.380705
chr5:108000000-108500000	chr5	108000000	-0.271574	-0.128769	0.0728283	-0.11157	1	-0.755631	0.247786	0.761963	-0.429453	nan	1	nan	1	1	0	1	0.436843	0.362231
chr5:108500000-109000000	chr5	108500000	-0.409858	0.0765759	-0.1201	-0.0140002	1	0.0737205	0.153067	1.22868	-0.150279	nan	1	nan	1	2	0	1	0.440685	0.378533
chr5:109000000-109500000	chr5	109000000	-0.307936	-0.119614	-0.213376	0.0333839	1	0.00176497	-0.14751	0.339202	-0.20541	nan	1	nan	1	1	0	1	0.444527	0.37886
chr5:109500000-110000000	chr5	109500000	0.204207	-0.272127	-0.00254797	-0.0122212	1	-0.784199	0.38871	-0.63932	-0.304712	nan	1	nan	1	2	0	1	0.448369	0.378214
chr5:110000000-110500000	chr5	110000000	0.625942	0.0946125	0.581724	0.222235	0	-1.22786	0.390464	-1.13149	-0.170317	nan	0	nan	0	0	0	0	0.452211	0.372731
chr5:110500000-111000000	chr5	110500000	0.339499	0.197971	0.636912	0.108918	2	-1.61238	0.235072	0.733516	-0.0460728	nan	1	-0.0252665	2	1	0	0	0.456053	0.365322
chr5:111000000-111500000	chr5	111000000	0.128868	-0.00701504	0.223446	-0.0196979	3	-1.62869	0.318661	1.19295	-0.0803237	-0.1565	3	0.0149268	3	3	0	0	0.459896	0.370661
chr5:111500000-112000000	chr5	111500000	-0.584869	-0.070132	-0.390359	0.160031	2	-0.673957	0.517797	1.33605	-0.0175301	0.0547878	2	-0.0460493	2	2	0	0	0.463738	0.385922
chr5:112000000-112500000	chr5	112000000	0.133442	0.0601416	0.303175	-0.164511	1	-0.357538	0.338481	-0.0504705	-0.0271553	nan	1	nan	1	2	0	0.5	0.46758	0.391205
chr5:112500000-113000000	chr5	112500000	-0.348437	0.192141	0.0115407	-0.236538	4	0.729108	0.0522321	0.702905	-0.0635424	0.105587	4	-0.0119347	4	4	0	0.5	0.471422	0.402268
chr5:113000000-113500000	chr5	113000000	-0.39167	-0.0723762	-0.541634	-0.0935648	2	0.72759	-0.153722	-0.940135	-0.111674	nan	1	nan	1	2	0	0.5	0.475264	0.412272
chr5:113500000-114000000	chr5	113500000	0.454725	0.380024	0.638988	0.221664	1	0.193573	-0.358653	-1.45115	-0.0897066	nan	1	nan	1	1	0	0.5	0.479106	0.385682
chr5:114000000-114500000	chr5	114000000	0.671366	0.0932002	0.748948	0.0606002	1	-0.147695	-0.0512995	-1.18604	0.21313	nan	1	nan	1	2	0	0	0.482948	0.376087
chr5:114500000-115000000	chr5	114500000	1.25961	0.313155	1.4955	-0.00322865	0	-0.94055	-0.282343	-1.46248	0.0193274	nan	0	nan	0	0	0	0	0.48679	0.381132
chr5:115000000-115500000	chr5	115000000	-0.0171255	0.139812	0.125403	0.0743132	3	-0.110539	-0.259217	-0.164762	0.133831	-0.148217	3	0.00171013	3	4	0	0	0.490632	0.394223
chr5:115500000-116000000	chr5	115500000	0.0288765	0.0451843	0.227439	-0.000871871	7	-0.818713	0.0169185	-0.523194	-0.0353409	-0.0296202	7	-0.0255951	5	7	0	0	0.494474	0.384092
chr5:116000000-116500000	chr5	116000000	0.70773	-0.212603	0.853625	-0.302353	2	-0.466533	-0.278373	0.394709	0.237251	nan	1	nan	1	3	0	1	0.498316	0.382713
chr5:116500000-117000000	chr5	116500000	0.78777	0.0450826	0.658049	0.115859	1	-0.0193239	-0.0254382	0.229913	0.256958	nan	1	nan	1	2	0	1	0.502158	0.400244
chr5:117000000-117500000	chr5	117000000	0.577046	0.434495	1.13302	0.193759	0	-0.448294	-0.292819	-1.52303	-0.0114308	nan	0	nan	0	0	0	1	0.506	0.363498
chr5:117500000-118000000	chr5	117500000	0.456909	0.217672	0.670857	0.395918	0	-0.847701	-0.146079	-1.58897	0.0180132	nan	0	nan	0	0	0	1	0.509842	0.354361
chr5:118000000-118500000	chr5	118000000	0.581352	0.563721	0.806146	0.33199	0	-0.824267	-0.268602	-1.51017	-0.0429212	nan	0	nan	0	0	0	1	0.513684	0.360357
chr5:118500000-119000000	chr5	118500000	0.999798	0.132391	1.09743	0.0609295	1	-0.550637	-0.221145	0.184433	-0.214091	nan	1	nan	1	1	0	1	0.517527	0.383132
chr5:119000000-119500000	chr5	119000000	0.19969	-0.275849	0.38642	-0.194532	3	-0.041015	-0.175411	0.745974	0.022599	0.11538	3	-0.125917	3	4	0	1	0.521369	0.391732
chr5:119500000-120000000	chr5	119500000	0.88568	0.0180391	1.16021	-0.019869	1	-1.38715	0.0247044	-1.40988	-0.0432064	nan	0	nan	0	0	0	1	0.525211	0.371509
chr5:120000000-120500000	chr5	120000000	-0.0858331	-0.188032	0.168448	0.145984	1	-1.48332	-0.00509513	-1.4094	-0.0475021	nan	1	nan	1	1	0	1	0.529053	0.359168
chr5:120500000-121000000	chr5	120500000	0.0243322	0.158608	0.570816	-0.0183106	0	-1.19876	0.037165	-1.53992	0.0443182	nan	0	nan	0	0	0	1	0.532895	0.355893
chr5:121000000-121500000	chr5	121000000	0.264723	0.191731	0.730469	0.311532	0	-1.24358	0.208029	-1.49583	0.0719099	nan	0	nan	0	0	0	1	0.536737	0.348582
chr5:121500000-122000000	chr5	121500000	0.472275	0.173777	0.719606	0.293382	2	-0.945554	0.307371	-1.08542	-0.0905217	nan	1	nan	1	2	0	1	0.540579	0.360042
chr5:122000000-122500000	chr5	122000000	-0.352965	0.00724811	-0.0107054	-0.276506	4	0.0869406	0.0291219	0.206494	-0.0898954	-0.407257	2	0.511244	2	2	0	0	0.544421	0.382882
chr5:122500000-123000000	chr5	122500000	-0.537534	-0.0829425	-0.39175	-0.309082	2	0.800918	0.114237	-0.700118	-0.0959481	0.0674493	2	0.0799727	2	2	0	0	0.548263	0.393031
chr5:123000000-123500000	chr5	123000000	-0.517764	-0.0686763	-0.356756	-0.306411	3	1.04284	0.0115848	0.0756318	-0.034446	-0.0727353	3	-0.0105574	3	7	0	0	0.552105	0.391844
chr5:123500000-124000000	chr5	123500000	-1.25132	0.0622035	-0.832681	-0.180016	1	1.11774	0.119695	-0.68035	-0.0392033	nan	1	nan	1	2	0	0	0.555947	0.365615
chr5:124000000-124500000	chr5	124000000	-1.16704	0.0890562	-0.922206	-0.270984	0	1.0866	0.0439551	-0.4149	-0.0704159	nan	0	nan	0	0	0	0	0.559789	0.384161
chr5:124500000-125000000	chr5	124500000	-1.11512	-0.00428189	-1.05403	-0.135829	1	1.2679	-0.125786	0.841555	0.0318962	nan	1	nan	1	1	0	0	0.563631	0.4022
chr5:125000000-125500000	chr5	125000000	-1.43703	0.346949	-1.18925	-0.0429329	0	1.22907	-0.0922803	-1.01057	-0.051075	nan	0	nan	0	0	0	0	0.567473	0.377375
chr5:125500000-126000000	chr5	125500000	-1.1003	0.00941576	-1.07699	-0.0985136	0	1.00773	0.0750812	-1.38473	0.00282374	nan	0	nan	0	0	0	0	0.571315	0.361902
chr5:126000000-126500000	chr5	126000000	-0.988826	-0.0698389	-0.726791	-0.300285	1	1.09671	-0.0659327	-0.601059	-0.266621	nan	1	nan	1	1	0	0	0.575158	0.382294
chr5:126500000-127000000	chr5	126500000	-0.69753	0.0387099	-0.841528	-0.0188614	4	1.07101	0.0105231	1.07712	-0.0106769	0.352947	3	0.0459796	3	3	0	0	0.579	0.428623
chr5:127000000-127500000	chr5	127000000	-0.584586	0.202553	-0.387448	-0.336838	3	0.731149	-0.172992	-0.43822	0.149311	-0.0203391	3	0.328484	2	3	0	0	0.582842	0.392584
chr5:127500000-128000000	chr5	127500000	-0.577005	-0.0048458	-0.472466	-0.0938757	3	0.0463391	-0.199824	0.453435	-0.0166108	0.00240616	2	nan	1	1	0	0	0.586684	0.385101
chr5:128000000-128500000	chr5	128000000	-0.740323	-0.0832032	-0.391853	-0.156663	1	-0.0340752	0.0101618	-1.26576	0.216206	nan	1	nan	1	1	0	1	0.590526	0.372194
chr5:128500000-129000000	chr5	128500000	-0.237943	0.201951	0.184387	-0.0899583	2	-0.397014	-0.0178895	-1.47353	0.102925	-0.208536	2	-0.225426	2	3	0	1	0.594368	0.370873
chr5:129000000-129500000	chr5	129000000	0.236152	0.359918	0.549799	0.275121	2	-0.763824	-0.127764	-1.54531	-0.00787704	-0.300143	2	0.30057	2	2	0	1	0.59821	0.362549
chr5:129500000-130000000	chr5	129500000	0.101355	0.205361	0.616069	0.159252	2	-0.878525	-0.204091	-1.50471	-0.054894	nan	1	nan	1	1	0	1	0.602052	0.358917
chr5:130000000-130500000	chr5	130000000	-0.0636329	0.159984	0.204512	0.246249	0	-1.45258	0.00904798	-1.42825	-0.158781	nan	0	nan	0	0	0	1	0.605894	0.359165
chr5:130500000-131000000	chr5	130500000	0.49914	0.0231831	0.731712	-0.121823	0	-1.31429	-0.09244	-1.15719	0.0672698	nan	0	nan	0	1	0	1	0.609736	0.372141
chr5:131000000-131500000	chr5	131000000	-0.225142	-0.0974364	-0.0832908	-0.0174849	3	-0.688757	0.0816449	1.18432	0.0766617	0.120657	3	-0.022908	3	3	0	0	0.613578	0.393804
chr5:131500000-132000000	chr5	131500000	-0.544344	-0.090294	-0.463096	-0.116642	3	-0.00488257	-0.0159429	1.13553	-0.157013	-0.239308	2	-0.0607671	2	3	0	0	0.61742	0.39422
chr5:132000000-132500000	chr5	132000000	-0.400416	-0.0589002	-0.646963	-0.0441928	9	0.661467	0.0564854	1.39526	-0.00350569	0.00185207	6	-0.00985995	5	9	0	0	0.621262	0.462863
chr5:132500000-133000000	chr5	132500000	-0.994301	0.0619037	-1.03098	-0.254355	13	1.23464	0.197874	1.50868	-0.017324	-0.0381885	10	-0.058232	7	12	0	0	0.625104	0.426969
chr5:133000000-133500000	chr5	133000000	-0.0708591	-0.153035	-0.201114	-0.306258	2	1.38731	0.138347	0.818794	-0.129406	0.117876	2	-0.053995	2	2	0	0	0.628946	0.460691
chr5:133500000-134000000	chr5	133500000	0.125774	-0.0975027	-0.175377	-0.247912	2	1.30672	0.146492	1.20822	-0.0600559	nan	1	nan	1	2	0	0	0.632789	0.454381
chr5:134000000-134500000	chr5	134000000	-0.979436	0.0524511	-1.06424	-0.163292	7	1.509	0.131769	1.47521	0.0147871	0.261167	7	0.0298821	7	9	0	0	0.636631	0.456762
chr5:134500000-135000000	chr5	134500000	-1.11248	0.209275	-1.06891	-0.158464	9	1.45191	0.0542639	1.11484	-0.241164	0.0678525	9	-0.028786	8	8	0	0	0.640473	0.44946
chr5:135000000-135500000	chr5	135000000	-0.262047	-0.229425	-0.614706	-0.226808	4	1.40122	0.0245625	0.193835	6.38806e-05	0.275469	2	nan	0	13	0	0	0.644315	0.465819
chr5:135500000-136000000	chr5	135500000	0.117675	-0.130422	-0.139279	-0.000265657	5	1.24161	0.0628214	0.136312	-0.0203543	nan	1	nan	1	6	0	0	0.648157	0.44333
chr5:136000000-136500000	chr5	136000000	-0.00547838	0.0842745	0.0540382	-0.193309	4	1.03388	0.184213	-0.588624	-0.028442	-0.257391	2	0.291871	2	6	0	0	0.651999	0.422221
chr5:136500000-137000000	chr5	136500000	0.181946	-0.0471153	0.108141	-0.0665362	0	0.847066	-0.00377633	-0.783723	-0.0356564	nan	0	nan	0	0	0	0	0.655841	0.390741
chr5:137000000-137500000	chr5	137000000	0.508505	-0.281787	0.0451056	0.00727229	1	0.949878	0.121597	-0.130235	-0.0153371	nan	1	nan	1	1	0	0.25	0.659683	0.426631
chr5:137500000-138000000	chr5	137500000	-0.829188	0.231508	-0.682038	0.0879282	4	1.27101	-0.00753743	1.37404	0.0143839	-0.0943762	3	-0.0427551	3	2	0	0.25	0.663525	0.411343
chr5:138000000-138500000	chr5	138000000	-1.06275	0.0995843	-1.11144	-0.156534	12	1.41503	-0.0738946	1.41102	-0.0660766	-0.0190548	11	0.0778608	10	12	0	0.25	0.667367	0.446053
chr5:138500000-139000000	chr5	138500000	-1.02572	0.0353209	-1.00543	-0.294902	4	1.29917	-0.0297931	1.14523	0.0490548	-0.0739616	3	0.0634175	3	3	0	0.25	0.671209	0.452703
chr5:139000000-139500000	chr5	139000000	-0.955631	0.0635923	-1.1435	0.0500334	11	1.35747	0.0349639	1.4516	0.0190556	0.230532	9	-0.00577105	6	7	0.002	0.25	0.675051	0.45486
chr5:139500000-140000000	chr5	139500000	-0.637588	-0.151701	-0.802611	0.00118992	3	1.43737	0.0761169	1.36502	-0.00556582	0.0879319	2	-0.00307854	2	20	0	0.25	0.678893	0.500765
chr5:140000000-140500000	chr5	140000000	-1.00997	-0.0980556	-1.13856	0.115742	8	1.00171	0.24246	1.28556	0.0392559	0.206835	7	0.0106412	7	9	0	0	0.682735	0.424205
chr5:140500000-141000000	chr5	140500000	-0.667753	0.0318951	-0.578255	0.227211	29	-0.0514256	0.880344	-0.315864	0.0845953	-0.197181	27	0.114545	20	37	0	0	0.686577	0.416599
chr5:141000000-141500000	chr5	141000000	-0.133723	0.214687	-0.0126528	0.156645	40	-0.419726	0.681356	0.129033	0.123655	-0.187278	30	0.0572186	32	57	0	0	0.69042	0.417272
chr5:141500000-142000000	chr5	141500000	-0.552139	-0.0694599	-0.808037	-0.189366	9	0.868813	0.402548	0.745644	-0.179684	-0.131408	9	0.0581567	9	16	0	0	0.694262	0.473308
chr5:142000000-142500000	chr5	142000000	-0.886633	0.0551506	-0.97132	-0.25754	3	1.16446	0.0986486	-0.337408	-0.14131	-0.183202	3	-0.178822	3	5	0	0	0.698104	0.448634
chr5:142500000-143000000	chr5	142500000	-0.984598	0.11096	-0.992993	-0.115349	2	1.09665	-0.0556429	0.365334	0.0373596	0.136816	2	-0.153837	2	1	0	0	0.701946	0.433029
chr5:143000000-143500000	chr5	143000000	-1.08093	0.108169	-1.04876	-0.0265135	1	0.460302	0.179051	1.17481	-0.0689914	nan	1	nan	1	1	0	0	0.705788	0.401118
chr5:143500000-144000000	chr5	143500000	-0.973249	-0.0030181	-1.17954	0.0176642	1	0.493047	0.0679779	0.680706	-0.111881	nan	0	nan	0	0	0	0	0.70963	0.391827
chr5:144000000-144500000	chr5	144000000	-0.463629	0.159024	-0.106728	-0.103632	2	0.225712	0.0235126	-0.957886	-0.0202218	-0.0311958	2	-0.0018008	2	2	0	0	0.713472	0.378339
chr5:144500000-145000000	chr5	144500000	0.049927	0.500993	0.31127	0.218326	0	-0.240938	-0.312388	-1.44358	-0.0607936	nan	0	nan	0	1	0	0	0.717314	0.368278
chr5:145000000-145500000	chr5	145000000	-0.108796	0.249148	0.0528316	0.0726986	0	-0.213461	-0.116551	-1.40944	-0.0884921	nan	0	nan	0	0	0	0.75	0.721156	0.370981
chr5:145500000-146000000	chr5	145500000	-0.210894	-0.122554	-0.0983314	-0.310123	3	0.434759	-0.253145	-1.0511	0.000895337	-0.0890161	2	0.139919	2	2	0	0.75	0.724998	0.392425
chr5:146000000-146500000	chr5	146000000	-0.709718	-0.00283677	-0.709499	-0.121416	5	1.00134	-0.136043	0.354914	-0.0341153	0.0154283	5	0.0143533	2	8	0	0.75	0.72884	0.407332
chr5:146500000-147000000	chr5	146500000	0.149382	-0.0411895	0.0148786	0.00869456	2	0.883767	0.15747	-1.31124	0.112274	nan	1	nan	1	1	0	0.75	0.732682	0.399447
chr5:147000000-147500000	chr5	147000000	-0.0636041	0.364581	0.0622699	0.237478	1	0.730474	0.084912	-0.955376	0.000500775	nan	1	nan	1	2	0	0.75	0.736524	0.392566
chr5:147500000-148000000	chr5	147500000	0.023339	0.220161	0.0946902	0.12564	5	0.733809	0.0693943	-1.39128	0.185955	-0.0432367	3	-0.0514175	4	1	0	0.75	0.740366	0.388429
chr5:148000000-148500000	chr5	148000000	0.132846	0.0642315	0.27792	0.220663	8	0.635056	0.118852	-1.13499	-0.00419784	-0.0824887	2	0.124226	2	1	0	0.75	0.744209	0.368502
chr5:148500000-149000000	chr5	148500000	-0.154556	-0.00287009	-0.14894	-0.152984	2	0.755646	0.196259	-0.971165	0.220222	nan	1	-0.128389	2	2	0	0.75	0.748051	0.399211
chr5:149000000-149500000	chr5	149000000	-0.727598	-0.017123	-0.93246	0.0675156	6	1.3848	-0.00823147	0.716212	-0.0523786	0.103606	6	-0.0441816	6	4	0	0.75	0.751893	0.445767
chr5:149500000-150000000	chr5	149500000	-1.03687	0.12861	-1.02908	-0.00259796	5	1.4343	0.011215	1.38103	0.0299528	0.0768926	5	-0.00763536	5	4	0	0.75	0.755735	0.446405
chr5:150000000-150500000	chr5	150000000	-0.534934	-0.171002	-0.998468	0.150082	11	1.4205	0.122503	1.35303	-0.193265	-0.0490049	9	0.207405	8	9	0	0.75	0.759577	0.500095
chr5:150500000-151000000	chr5	150500000	-0.674463	0.12462	-0.738957	0.249444	8	0.238799	0.725501	1.2105	-0.0708872	-0.147575	7	0.045088	7	10	0	0	0.763419	0.440313
chr5:151000000-151500000	chr5	151000000	-0.145143	0.0696136	-0.110687	-0.0360797	8	0.93234	0.139822	1.05877	-0.0749069	0.0518395	6	-0.0291272	6	6	0	0	0.767261	0.45354
chr5:151500000-152000000	chr5	151500000	0.284082	0.00839716	0.275375	-0.0480688	5	0.708023	-0.0956537	0.33836	0.0602454	0.0781546	4	0.100716	3	4	0	0	0.771103	0.435305
chr5:152000000-152500000	chr5	152000000	1.29098	0.227176	1.02819	0.560928	1	0.121665	-0.133085	-0.95262	-0.0205162	nan	0	nan	0	0	0	0	0.774945	0.397405
chr5:152500000-153000000	chr5	152500000	0.952705	0.491448	1.13212	0.275264	0	-0.187891	-0.0268785	-1.47381	0.025607	nan	0	nan	0	0	0	0	0.778787	0.376155
chr5:153000000-153500000	chr5	153000000	0.91643	0.163148	0.897405	0.176368	1	0.143302	-0.347372	-1.27585	-0.0232783	nan	1	nan	1	0	0	0	0.782629	0.387338
chr5:153500000-154000000	chr5	153500000	0.60503	-0.00288638	0.559251	-0.253667	0	0.281175	-0.00837956	-0.897744	0.0374417	nan	0	nan	0	0	0	0.5	0.786471	0.410532
chr5:154000000-154500000	chr5	154000000	0.162993	-0.0971151	0.218578	-0.19241	5	0.894507	0.0728284	0.622814	0.0292286	-0.127524	5	0.0183021	5	9	0	0.5	0.790313	0.435847
chr5:154500000-155000000	chr5	154500000	-0.0743076	-0.0235729	0.0136437	-0.196568	5	1.24271	-0.176548	0.556013	0.183762	-0.0631856	5	0.0725242	5	7	0	0.5	0.794155	0.452189
chr5:155000000-155500000	chr5	155000000	1.0322	0.194074	1.02965	0.0917853	1	-0.0311407	-0.360947	-1.28408	0.061277	nan	0	nan	0	0	0	0.5	0.797997	0.403038
chr5:155500000-156000000	chr5	155500000	1.25061	0.0663573	1.23523	0.0858587	0	-0.334991	-0.283061	-1.08811	0.202573	nan	0	nan	0	1	0.002	0.5	0.80184	0.387523
chr5:156000000-156500000	chr5	156000000	0.87789	0.269018	0.862872	0.086837	1	0.0328141	-0.604704	0.218708	0.409679	nan	1	nan	1	0	0	0.5	0.805682	0.381149
chr5:156500000-157000000	chr5	156500000	1.15272	0.300018	1.08551	0.156045	2	0.18909	-0.234399	0.546106	0.185927	nan	1	nan	1	1	0	0	0.809524	0.395949
chr5:157000000-157500000	chr5	157000000	0.161744	-0.0997631	-0.0487861	0.154239	8	0.803119	0.0214894	1.26569	-0.107337	-0.17353	4	0.148933	3	3	0	0	0.813366	0.428519
chr5:157500000-158000000	chr5	157500000	-0.32534	0.265213	-0.303106	-0.182527	6	1.05744	0.0927694	1.23788	-0.0706381	-0.215271	4	-0.0383168	4	8	0	0	0.817208	0.426156
chr5:158000000-158500000	chr5	158000000	0.622259	0.332298	0.665675	0.172842	0	0.675306	-0.340878	0.731998	0.0815982	nan	0	nan	0	0	0	0	0.82105	0.40771
chr5:158500000-159000000	chr5	158500000	0.982498	-0.0733459	0.935711	-0.102571	0	0.792332	-0.413991	0.949174	0.157698	nan	0	nan	0	0	0	0	0.824892	0.399865
chr5:159000000-159500000	chr5	159000000	-0.162681	0.0509104	-0.0748691	-0.0906485	4	1.00252	-0.141462	0.474719	-0.0306622	0.0718057	3	-0.0485784	2	9	0	0	0.828734	0.408689
chr5:159500000-160000000	chr5	159500000	0.150979	0.192847	0.328033	-0.515021	1	0.682546	0.065312	-0.311655	-0.0208102	nan	1	nan	1	4	0	0	0.832576	0.419934
chr5:160000000-160500000	chr5	160000000	-0.173452	-0.134289	-0.15405	-0.31334	8	0.490292	0.155643	0.907324	-0.05956	0.141736	8	0.069575	7	6	0	0	0.836418	0.447389
chr5:160500000-161000000	chr5	160500000	1.1984	-0.106921	0.992681	0.0342166	1	-0.875673	-0.0933385	-1.1909	0.149443	nan	0	nan	0	0	0	1	0.84026	0.402957
chr5:161000000-161500000	chr5	161000000	0.601223	0.423178	0.722678	0.421889	0	-0.809847	0.0738011	-1.40625	0.228881	nan	0	nan	0	0	0	1	0.844102	0.374292
chr5:161500000-162000000	chr5	161500000	0.583455	0.494589	0.822733	0.436143	3	-1.48081	0.0177479	-1.43132	-0.113539	nan	1	nan	1	1	0	1	0.847944	0.352802
chr5:162000000-162500000	chr5	162000000	0.798703	0.420354	1.01267	0.271822	1	-1.64107	0.342834	-1.05172	0.0447149	nan	1	nan	0	0	0	1	0.851786	0.362313
chr5:162500000-163000000	chr5	162500000	0.831357	0.512792	0.985295	0.243113	0	-1.69562	0.285697	-1.13632	-0.07828	nan	0	nan	0	0	0	1	0.855628	0.363051
chr5:163000000-163500000	chr5	163000000	0.557819	0.164342	0.923212	0.133762	3	-1.26908	0.169678	-0.000737742	-0.0192037	0.355484	3	-0.0354984	3	2	0	1	0.859471	0.38042
chr5:163500000-164000000	chr5	163500000	0.375409	0.069107	0.480361	-0.0717663	1	-0.508081	-0.0522715	-1.10425	-0.112801	nan	1	nan	1	1	0	1	0.863313	0.377931
chr5:164000000-164500000	chr5	164000000	0.309142	0.254193	0.747862	0.0940048	0	-0.812296	0.109421	-0.147493	0.178023	nan	0	nan	0	0	0	1	0.867155	0.358898
chr5:164500000-165000000	chr5	164500000	0.465624	0.278509	0.863714	0.38646	0	-0.949072	-0.125266	-0.0846934	0.0976738	nan	0	nan	0	0	0	1	0.870997	0.354737
chr5:165000000-165500000	chr5	165000000	0.361789	0.103902	0.660827	0.131941	0	-1.02571	-0.0440575	-1.06552	-0.053511	nan	0	nan	0	0	0	1	0.874839	0.359127
chr5:165500000-166000000	chr5	165500000	0.333371	0.471376	0.745232	0.213261	0	-1.15105	0.0341783	-1.43001	-0.07211	nan	0	nan	0	0	0	1	0.878681	0.363553
chr5:166000000-166500000	chr5	166000000	0.355853	0.301048	0.436555	-0.0188145	0	-0.910288	-0.0185829	-1.49304	0.173117	nan	0	nan	0	0	0	1	0.882523	0.373461
chr5:166500000-167000000	chr5	166500000	0.027728	-0.0319508	0.208426	-0.379722	1	-0.762005	0.0684858	-1.34062	-0.0826427	nan	1	nan	1	1	0	1	0.886365	0.382489
chr5:167000000-167500000	chr5	167000000	-0.0118539	0.0392946	0.0877564	-0.067978	0	-0.593991	-0.0056155	-1.05491	-0.210697	nan	0	nan	0	0	0	1	0.890207	0.378541
chr5:167500000-168000000	chr5	167500000	-0.67053	0.0846668	-0.576429	-0.222966	0	0.130253	0.000227885	-0.848302	-0.0783483	nan	0	nan	0	1	0	1	0.894049	0.397931
chr5:168000000-168500000	chr5	168000000	-0.278512	-0.127216	-0.371845	-0.468392	2	0.604722	-0.0886919	1.01566	-0.0258172	0.349164	2	nan	1	3	0	1	0.897891	0.447184
chr5:168500000-169000000	chr5	168500000	0.161208	-0.108504	0.0294248	-0.383457	2	0.837785	0.0876809	0.0647478	-0.0292107	0.168337	2	0.0585415	2	3	0	1	0.901733	0.446166
chr5:169000000-169500000	chr5	169000000	0.00953657	0.1002	0.022523	-0.552259	1	0.794762	0.0320725	-0.331785	0.00403358	nan	1	nan	1	1	0	0	0.905575	0.427565
chr5:169500000-170000000	chr5	169500000	-0.334569	-0.102885	-0.378873	-0.373617	3	0.917614	0.0706759	0.738947	-0.0256229	0.0945672	3	-0.087853	3	2	0	0	0.909417	0.417415
chr5:170000000-170500000	chr5	170000000	0.0697929	-0.155722	-0.0715996	-0.341823	4	1.05086	0.187405	0.583846	-0.130445	nan	1	nan	1	2	0	0	0.913259	0.455379
chr5:170500000-171000000	chr5	170500000	-0.214933	-0.153219	-0.237389	-0.269474	3	0.938992	0.0117956	-0.517838	-0.0865214	0.0501664	3	-0.29815	2	3	0	0	0.917102	0.432525
chr5:171000000-171500000	chr5	171000000	-0.598594	-0.118244	-0.406158	-0.331204	3	0.588477	0.1152	0.116825	-0.0450656	0.0584463	3	-0.132802	2	7	0	0	0.920944	0.420635
chr5:171500000-172000000	chr5	171500000	-0.841457	0.00996191	-0.823302	-0.328595	1	1.36014	-0.0324277	0.967137	-0.0343881	nan	0	nan	0	1	0	0	0.924786	0.445486
chr5:172000000-172500000	chr5	172000000	-1.00477	0.153842	-0.962496	-0.261084	5	1.24065	0.158194	1.20408	-0.0622948	-0.567444	4	0.0114751	4	8	0	0	0.928628	0.460726
chr5:172500000-173000000	chr5	172500000	-0.815042	-0.0853828	-0.778174	-0.283332	5	1.35523	0.308302	1.13795	0.0319246	0.0799099	5	0.107351	5	12	0	0	0.93247	0.492557
chr5:173000000-173500000	chr5	173000000	-0.988219	0.0996386	-0.801037	-0.289994	4	1.39126	0.169379	0.835856	-0.00821749	-0.0501091	4	0.0324082	4	12	0	0	0.936312	0.454483
chr5:173500000-174000000	chr5	173500000	-0.940081	0.0987282	-0.828231	-0.208482	3	1.23828	0.128669	1.33712	-0.0417117	-0.23046	2	-0.0898841	2	4	0	0.25	0.940154	0.4495
chr5:174000000-174500000	chr5	174000000	-0.241207	-0.105041	-0.395993	-0.37493	1	1.2334	0.0911208	0.464591	-0.0161255	nan	1	nan	0	1	0	0.25	0.943996	0.439021
chr5:174500000-175000000	chr5	174500000	-0.581072	0.0038646	-0.508301	-0.291561	1	1.33479	0.0426747	-0.197363	-0.0621509	nan	1	nan	1	5	0	0.25	0.947838	0.434817
chr5:175000000-175500000	chr5	175000000	-0.193032	-0.148836	-0.498365	-0.28019	2	1.21867	0.122499	-0.0581665	0.0113659	-0.319198	2	-0.258054	2	2	0	0.25	0.95168	0.420437
chr5:175500000-176000000	chr5	175500000	0.235521	-0.234042	-0.126475	-0.25477	3	1.26636	0.0670486	0.3586	-0.152583	-0.315395	2	0.0333236	2	5	0	0.25	0.955522	0.46343
chr5:176000000-176500000	chr5	176000000	-0.255627	-0.237913	-0.56799	-0.0555204	7	1.2124	0.0582676	0.926459	0.0072583	0.0207462	7	0.046241	7	10	0	0.25	0.959364	0.45162
chr5:176500000-177000000	chr5	176500000	-0.503972	-0.227146	-0.799732	-0.138119	8	1.4386	0.0344049	1.10315	0.03396	-0.117622	5	0.0545355	6	14	0	0.25	0.963206	0.511619
chr5:177000000-177500000	chr5	177000000	-1.02308	0.134566	-1.25136	0.170212	16	1.35544	-0.0237102	1.29695	0.0084122	0.156907	14	0.0218609	14	27	0	0	0.967048	0.482985
chr5:177500000-178000000	chr5	177500000	-0.149508	-0.158094	-0.22818	-0.306221	7	1.09778	0.390016	0.688877	-0.0996278	-0.124209	5	0.145742	6	17	0	0	0.970891	0.463965
chr5:178000000-178500000	chr5	178000000	0.470386	-0.312439	0.244291	-0.148391	6	1.18185	0.288558	0.83754	-0.134175	0.176742	5	0.0541597	5	12	0	0	0.974733	0.503768
chr5:178500000-179000000	chr5	178500000	0.255788	0.0114064	0.0908053	0.00172111	8	1.0627	0.314818	0.893684	-0.108624	0.0229301	7	0.094277	6	12	0	0	0.978575	0.460271
chr5:179000000-179500000	chr5	179000000	0.693215	-0.331162	0.403575	-0.0135754	3	1.08873	0.111836	0.44465	-0.0616648	-0.108772	3	0.294569	3	11	0	0	0.982417	0.502114
chr5:179500000-180000000	chr5	179500000	-0.576651	0.0550129	-0.619093	-0.0571532	10	1.21299	0.117031	1.12584	-0.040973	0.0360034	9	0.056627	9	21	0	0	0.986259	0.48992
chr5:180000000-180500000	chr5	180000000	0.0349924	-0.206594	-0.0404172	-0.00208521	5	1.09604	0.2082	0.831612	0.00829505	-0.0733715	5	-0.12871	4	13	0	0	0.990101	0.480239
chr5:180500000-181000000	chr5	180500000	0.147339	-0.00212766	0.161319	-0.0442251	7	0.549592	0.59478	0.964186	0.238734	-0.0730324	4	0.164687	3	12	0	0	0.993943	0.453873
chr5:181000000-181500000	chr5	181000000	nan	nan	nan	nan	8	nan	nan	1.08489	0.0266506	0.13753	4	0.109756	4	27	0.043482	0	0.997785	0.455328
chr5:181500000-182000000	chr5	181500000	nan	nan	nan	nan	0	nan	nan	nan	nan	nan	0	nan	0	0	0.076518	nan	1.00163	nan
chr6:0-500000	chr6	0	nan	nan	nan	nan	2	0.0698676	0.0388467	1.21634	-0.0136787	nan	1	nan	1	3	0.12	0	0.995726	0.442799
chr6:500000-1000000	chr6	500000	nan	nan	nan	nan	2	0.224339	0.30667	1.08348	0.0141576	-0.0420179	2	nan	1	6	0	0	0.987179	0.42074
chr6:1000000-1500000	chr6	1000000	nan	nan	nan	nan	2	0.446793	0.307488	0.726223	0.0575085	0.189282	2	nan	0	7	0	0	0.978632	0.444981
chr6:1500000-2000000	chr6	1500000	nan	nan	nan	nan	1	0.300284	0.209403	0.909935	-0.0179069	nan	1	nan	1	9	0	0	0.970085	0.435131
chr6:2000000-2500000	chr6	2000000	nan	nan	nan	nan	1	-0.029001	0.343656	0.80825	-0.0157205	nan	1	nan	1	1	0	0	0.961538	0.405725
chr6:2500000-3000000	chr6	2500000	nan	nan	nan	nan	6	0.866174	0.0513601	1.0115	0.0141854	0.259127	6	0.154699	6	10	0	0.25	0.952991	0.437546
chr6:3000000-3500000	chr6	3000000	-0.560423	-0.0947939	-0.726088	-0.254929	6	1.33557	0.00738293	1.06888	0.0988533	0.007668	6	0.19254	6	15	0	0.25	0.944444	0.469409
chr6:3500000-4000000	chr6	3500000	-0.596475	-0.149962	-0.721422	-0.231372	2	1.33452	0.029377	0.416189	0.108514	0.0716216	2	0.322228	2	2	0	0.25	0.935897	0.444546
chr6:4000000-4500000	chr6	4000000	-0.582264	-0.305003	-0.52341	-0.424616	3	1.27853	-0.132284	0.577295	-0.0083275	nan	1	nan	1	7	0	0	0.92735	0.41845
chr6:4500000-5000000	chr6	4500000	-0.551929	-0.142222	-0.549553	-0.250418	1	1.1556	-0.00535845	0.921754	-0.0722252	nan	1	nan	1	2	0	0	0.918803	0.427882
chr6:5000000-5500000	chr6	5000000	0.160345	-0.198932	-0.0373678	-0.103578	4	0.682133	-0.00250184	0.983186	-0.028138	0.226571	4	-0.0137796	4	4	0	0	0.910256	0.420893
chr6:5500000-6000000	chr6	5500000	1.38349	-0.300547	0.965071	-0.121096	0	0.0713719	-0.189508	0.895384	-0.19905	nan	0	nan	0	5	0	0	0.901709	0.434806
chr6:6000000-6500000	chr6	6000000	1.40008	0.0820738	1.00441	0.205861	2	-0.228413	-0.169287	0.592614	-0.0694543	nan	0	nan	1	5	0	0	0.893162	0.408773
chr6:6500000-7000000	chr6	6500000	0.222119	-0.0489302	0.00176361	-0.0604237	1	0.778054	-0.0444871	1.05352	-0.0280445	nan	0	nan	0	1	0	0	0.884615	0.447622
chr6:7000000-7500000	chr6	7000000	-0.209842	-0.118693	-0.325753	-0.187695	4	0.958639	0.0182366	0.992945	-0.0339082	-0.0997547	3	-0.0101021	3	9	0	0.5	0.876068	0.443449
chr6:7500000-8000000	chr6	7500000	0.122991	-0.0308395	0.0479543	-0.11467	4	0.254688	0.0548809	0.422143	-0.166916	-0.268404	4	0.077097	4	6	0	0.5	0.867521	0.429362
chr6:8000000-8500000	chr6	8000000	0.645173	0.0115377	0.606305	0.0166566	3	-0.230848	-0.153019	-0.270907	-0.0395306	0.290635	3	0.0559429	3	3	0	0.5	0.858974	0.39829
chr6:8500000-9000000	chr6	8500000	0.831006	0.135154	0.715514	0.333148	1	-0.928937	-0.0254447	-0.883181	0.106407	nan	0	nan	1	0	0	0.5	0.850427	0.373531
chr6:9000000-9500000	chr6	9000000	0.274688	-0.0799588	0.241211	0.173568	0	-1.00544	-0.0264636	-0.850658	-0.297818	nan	0	nan	0	1	0	0.5	0.84188	0.368701
chr6:9500000-10000000	chr6	9500000	0.257978	-0.0202048	0.269216	-0.0119746	0	-1.2023	0.0318481	-0.536788	-0.59013	nan	0	nan	0	0	0	0.5	0.833333	0.37756
chr6:10000000-10500000	chr6	10000000	0.0718883	-0.238903	-0.165299	-0.0253754	1	-0.854014	0.0825593	-0.729837	-0.151765	nan	1	nan	0	16	0	0.5	0.824786	0.416178
chr6:10500000-11000000	chr6	10500000	-0.216916	-0.0960828	-0.177491	-0.437641	8	0.666865	-0.0156374	0.817868	-0.101923	0.174012	7	-0.0388963	7	7	0	0	0.816239	0.424788
chr6:11000000-11500000	chr6	11000000	-0.675838	-0.148804	-0.731233	0.010807	4	0.933845	-0.139027	1.01455	0.00956852	0.09872	3	-0.0557693	3	2	0	0	0.807692	0.418773
chr6:11500000-12000000	chr6	11500000	-0.737088	-0.0778389	-0.797185	-0.311281	2	0.93815	-0.0940525	1.13427	-0.0634321	0.203645	2	nan	1	1	0	0.25	0.799145	0.408381
chr6:12000000-12500000	chr6	12000000	-0.942732	0.204893	-0.744143	-0.256415	2	0.905231	-0.17767	1.09422	-0.0614641	0.0744693	2	0.156793	2	3	0	0.25	0.790598	0.394702
chr6:12500000-13000000	chr6	12500000	-0.23214	-0.027625	-0.171112	-0.342777	1	0.897349	0.0777051	0.636383	-0.0992654	nan	1	nan	1	1	0	0.25	0.782051	0.398698
chr6:13000000-13500000	chr6	13000000	-0.0711811	-0.0762382	-0.254333	-0.178005	2	1.05241	0.118645	1.11301	0.0393145	0.310967	2	-0.221663	2	5	0	0.25	0.773504	0.428909
chr6:13500000-14000000	chr6	13500000	-0.947479	-0.00414406	-1.05265	-0.0301121	5	1.26974	0.120797	1.21456	-0.0280994	0.129394	5	-0.0340952	4	7	0	0	0.764957	0.414541
chr6:14000000-14500000	chr6	14000000	-0.594988	-0.0434752	-0.893159	-0.31629	1	1.10882	0.216071	1.00761	-0.0923963	nan	1	nan	1	2	0	0	0.75641	0.431626
chr6:14500000-15000000	chr6	14500000	-0.877279	0.104325	-1.00434	-0.141438	0	1.24363	-0.138386	0.883127	-0.0646842	nan	0	nan	0	0	0	0	0.747863	0.437146
chr6:15000000-15500000	chr6	15000000	-0.799304	-0.17072	-0.857877	-0.327261	1	1.11994	0.151916	1.10928	0.0487138	nan	1	nan	1	3	0	0.75	0.739316	0.447124
chr6:15500000-16000000	chr6	15500000	-0.83712	0.0819739	-0.912541	-0.370049	1	1.20187	0.240592	1.18728	-0.0193001	nan	1	nan	1	2	0	0.75	0.730769	0.416378
chr6:16000000-16500000	chr6	16000000	-0.634686	-0.24267	-0.967834	-0.243597	3	1.16756	0.125724	1.06426	-0.0759819	0.161251	2	0.0214955	2	3	0	0.75	0.722222	0.43332
chr6:16500000-17000000	chr6	16500000	-1.41577	0.235997	-1.15832	-0.134405	1	1.11488	0.000141295	0.695415	-0.0337355	nan	1	nan	1	1	0	0.75	0.713675	0.40589
chr6:17000000-17500000	chr6	17000000	-1.09566	0.00956044	-1.19966	-0.145278	3	1.20636	0.131044	-0.306261	0.0215522	-0.174915	3	-0.0519164	3	2	0	0.75	0.705128	0.416953
chr6:17500000-18000000	chr6	17500000	-1.17646	0.160288	-1.16657	-0.0115247	3	1.20442	0.0304151	0.475526	-0.0154837	-0.278409	3	0.0278366	3	3	0	0.75	0.696581	0.415079
chr6:18000000-18500000	chr6	18000000	-0.549429	-0.0652209	-0.567406	-0.362676	5	1.13642	0.1407	0.387423	-0.0427534	-0.0365139	5	-0.0340581	5	5	0	0.75	0.688034	0.415966
chr6:18500000-19000000	chr6	18500000	0.741641	0.260651	0.720362	0.184425	0	0.690697	-0.14432	-0.955939	-0.0612734	nan	0	nan	0	0	0	0.75	0.679487	0.377913
chr6:19000000-19500000	chr6	19000000	0.450974	0.321231	0.659799	0.0171458	0	0.486807	-0.0580201	-1.11818	-0.0679559	nan	0	nan	0	0	0	0.75	0.67094	0.380191
chr6:19500000-20000000	chr6	19500000	0.398059	0.117548	0.493361	-0.00841054	1	0.66587	-0.0450577	-0.977264	-0.0605652	nan	1	nan	1	3	0	0.75	0.662393	0.393234
chr6:20000000-20500000	chr6	20000000	0.34069	-0.213707	0.332703	-0.287467	2	0.739531	0.228073	0.419199	-0.222441	0.218293	2	-0.137703	2	2	0	0.75	0.653846	0.422323
chr6:20500000-21000000	chr6	20500000	-0.552291	-0.0900074	-0.257884	-0.187644	1	0.710151	0.0326079	0.813718	-0.149665	nan	1	nan	1	0	0	0.75	0.645299	0.379761
chr6:21000000-21500000	chr6	21000000	-0.154969	-0.143244	-0.186381	-0.198144	0	0.718051	0.114086	0.631867	-0.0545957	nan	0	nan	0	0	0	0.75	0.636752	0.407079
chr6:21500000-22000000	chr6	21500000	-0.499218	-0.302285	-0.66017	-0.137037	1	0.793553	0.129153	0.742822	-0.267261	nan	1	nan	1	6	0	0.75	0.628205	0.424368
chr6:22000000-22500000	chr6	22000000	-0.676948	-0.0129893	-0.464666	-0.226599	1	0.513476	0.126556	0.806583	-0.0262678	nan	0	nan	0	0	0	0.75	0.619658	0.383915
chr6:22500000-23000000	chr6	22500000	-0.681189	0.0589196	-0.323014	-0.316625	1	0.507376	0.108313	0.204542	-0.221934	nan	0	nan	0	1	0	0.75	0.611111	0.370066
chr6:23000000-23500000	chr6	23000000	-0.072467	0.171432	-0.0753744	-0.150492	0	0.284195	0.0444085	-0.607302	-0.39707	nan	0	nan	0	0	0	0.75	0.602564	0.369378
chr6:23500000-24000000	chr6	23500000	0.707444	0.0627335	0.716858	0.106437	0	0.269097	0.203664	-0.955096	-0.146123	nan	0	nan	0	0	0	0.75	0.594017	0.372071
chr6:24000000-24500000	chr6	24000000	0.424569	-0.0396904	0.351649	-0.150954	5	0.75952	-0.0612085	-0.148207	-0.257928	0.245484	3	0.0145762	4	5	0	0.75	0.58547	0.398095
chr6:24500000-25000000	chr6	24500000	-0.449394	0.0126065	-0.315843	-0.287959	7	1.0179	0.13054	1.06283	-0.0419634	0.173212	6	0.0856674	6	5	0	0.75	0.576923	0.416786
chr6:25000000-25500000	chr6	25000000	-0.0435195	-0.0944066	-0.132126	-0.0845802	1	1.06555	0.306434	1.13955	-0.0423436	nan	1	nan	1	2	0	0	0.568376	0.400104
chr6:25500000-26000000	chr6	25500000	0.388194	-0.116763	0.382622	-0.236664	8	0.80157	0.201944	0.873882	-0.117664	nan	1	nan	1	5	0	0	0.559829	0.391102
chr6:26000000-26500000	chr6	26000000	-1.76487	0.0375303	-1.09002	0.168308	38	1.11479	0.309457	1.24203	0.0328424	-0.143857	22	-0.0910162	6	29	0	0	0.551282	0.426883
chr6:26500000-27000000	chr6	26500000	-0.852897	0.324427	-0.119179	-0.0944995	4	0.430376	0.0774298	0.803366	-0.00802703	-0.124396	3	0.0113607	3	13	0	0	0.542735	0.398374
chr6:27000000-27500000	chr6	27000000	-1.08872	0.00412856	-0.56143	0.0349865	9	0.286055	0.393989	0.952225	-0.0497708	-0.139784	7	-0.0878703	3	14	0	0.5	0.534188	0.407041
chr6:27500000-28000000	chr6	27500000	-1.48426	0.269164	-0.786594	0.0859749	18	0.517029	0.298985	1.10837	-0.0941233	-0.00446121	9	nan	0	19	0	0.5	0.525641	0.415859
chr6:28000000-28500000	chr6	28000000	0.132193	-0.0946921	0.297848	-0.276752	12	0.667799	0.20705	1.16982	-0.0240511	-0.135954	11	0.0281116	11	12	0	0.5	0.517094	0.400931
chr6:28500000-29000000	chr6	28500000	-1.01709	-0.000383784	-0.576712	0.0312071	4	0.588772	0.372601	0.888785	0.021843	-0.157294	2	0.0320552	2	10	0	0.5	0.508547	0.418582
chr6:29000000-29500000	chr6	29000000	0.874555	0.0128647	0.869101	0.27008	14	-0.250482	0.168804	-0.0895648	0.0139358	nan	1	nan	1	4	0	0.5	0.5	0.381393
chr6:29500000-30000000	chr6	29500000	0.400022	-0.155068	0.0138733	0.116013	9	0.787362	0.320804	0.983698	-0.0860797	0.0570549	6	-0.000824844	6	17	0	0.5	0.491453	0.451529
chr6:30000000-30500000	chr6	30000000	-0.284581	-0.340094	-0.575796	-0.166366	11	1.18765	0.205964	1.23899	-0.0229407	-0.0426663	7	0.100969	4	17	0	0.5	0.482906	0.434377
chr6:30500000-31000000	chr6	30500000	-0.873714	-0.271367	-0.969985	0.0221725	20	1.21063	0.0502236	1.18727	0.0120291	-0.0778724	17	0.0692229	16	15	0	0	0.474359	0.482175
chr6:31000000-31500000	chr6	31000000	-0.944902	0.0758399	-0.882921	-0.17857	12	1.17739	0.111012	1.15073	0.0154414	0.140313	8	-0.0403377	7	10	0	0	0.465812	0.45738
chr6:31500000-32000000	chr6	31500000	-0.877121	0.0213988	-0.869169	-0.0889669	44	1.12587	0.019784	1.15447	-0.086076	0.0664186	31	0.131266	26	27	0	0	0.457265	0.510873
chr6:32000000-32500000	chr6	32000000	-0.349861	-0.167423	-0.318108	-0.0997675	17	0.906525	0.114879	1.03165	-0.041263	0.0727026	14	0.0884589	13	8	0	0.25	0.448718	0.46004
chr6:32500000-33000000	chr6	32500000	-0.547387	-0.0236815	-0.569703	-0.0160688	14	1.00621	0.1458	1.01938	0.0342263	0.028051	8	0.106276	8	11	0	0.25	0.440171	0.411711
chr6:33000000-33500000	chr6	33000000	-0.937	0.161308	-1.04147	-0.0308269	23	1.09259	0.0406593	1.17772	0.0208279	0.0464275	21	0.066097	19	26	0	0.25	0.431624	0.476806
chr6:33500000-34000000	chr6	33500000	-0.36585	-0.415863	-0.817107	-0.145419	6	1.03367	0.291598	1.00269	-0.0463793	-0.0562911	5	-0.0952558	5	8	0	0	0.423077	0.519394
chr6:34000000-34500000	chr6	34000000	-0.714371	-0.125002	-1.13558	-0.0733892	6	1.13481	0.103927	1.16137	-0.0220751	0.125299	6	-0.0939116	5	11	0	0	0.41453	0.494372
chr6:34500000-35000000	chr6	34500000	-1.1773	0.135047	-1.14008	-0.299136	6	1.1516	0.0986066	1.13871	0.0356883	0.0983231	5	-0.000321859	5	8	0	0	0.405983	0.447619
chr6:35000000-35500000	chr6	35000000	-0.924618	0.0557938	-0.973398	-0.149611	8	1.11067	0.0782904	1.07866	0.0525582	-0.0115509	7	0.0868263	7	10	0	0	0.397436	0.477675
chr6:35500000-36000000	chr6	35500000	-1.19216	0.088467	-1.35561	0.11989	8	1.13652	0.170181	1.20117	0.0281495	0.0761588	4	-0.0321108	3	8	0	0	0.388889	0.442915
chr6:36000000-36500000	chr6	36000000	-1.11484	0.295286	-1.27042	-0.0603794	9	1.12938	0.181896	1.25604	-0.0396018	-0.082491	6	-0.0583075	5	6	0	0	0.380342	0.44325
chr6:36500000-37000000	chr6	36500000	-1.15125	0.197697	-1.19727	-0.00636355	9	1.13889	0.310493	1.22661	0.00412028	-0.0794952	9	-0.084184	7	11	0	0.25	0.371795	0.47681
chr6:37000000-37500000	chr6	37000000	-0.989099	-0.00433268	-1.10673	-0.37163	8	1.23673	0.183874	1.31619	0.000263355	-0.00212751	6	-0.0407332	6	5	0	0.25	0.363248	0.457941
chr6:37500000-38000000	chr6	37500000	-1.11616	0.0828979	-1.10425	-0.056274	2	1.12253	0.152786	1.15249	0.113117	-0.168059	2	0.0711077	2	9	0	0.25	0.354701	0.458052
chr6:38000000-38500000	chr6	38000000	-0.857243	0.110094	-1.16406	-0.0250648	0	1.05052	0.116756	1.01665	0.0703244	nan	0	nan	0	0	0	0.25	0.346154	0.411991
chr6:38500000-39000000	chr6	38500000	-0.459357	0.0871012	-0.635596	0.1777	3	0.920533	0.289291	0.806554	0.0211215	0.0924944	3	-0.0157604	2	3	0	0.25	0.337607	0.395477
chr6:39000000-39500000	chr6	39000000	0.809968	-0.205885	0.194884	0.10199	5	1.15663	0.139607	0.405115	0.0203193	nan	1	0.305039	2	5	0	0.25	0.32906	0.458988
chr6:39500000-40000000	chr6	39500000	0.00854035	-0.123438	-0.14293	0.110902	3	1.00127	0.125435	0.210278	0.18028	-0.101179	3	-0.0359372	3	4	0	0.25	0.320513	0.419903
chr6:40000000-40500000	chr6	40000000	1.02029	-0.0262824	0.597293	-0.121636	0	1.14507	0.0535228	0.697248	0.150402	nan	0	nan	0	1	0	0.25	0.311966	0.445788
chr6:40500000-41000000	chr6	40500000	0.615386	-0.180288	0.201249	-0.228307	1	1.11269	0.0666948	0.390004	0.0531043	nan	0	nan	0	2	0	0	0.303419	0.459933
chr6:41000000-41500000	chr6	41000000	-0.391969	0.0818922	-0.432491	0.059499	11	1.26639	0.198919	1.25532	-0.0612017	-0.276402	4	-0.0668713	4	9	0	0	0.294872	0.452708
chr6:41500000-42000000	chr6	41500000	-0.766343	0.0831734	-0.879097	-0.0806193	11	1.44605	0.112771	1.25135	0.0286182	0.0222465	10	0.0348329	8	13	0	0	0.286325	0.489962
chr6:42000000-42500000	chr6	42000000	-0.697667	-0.137437	-1.09345	-0.0368648	7	1.41806	-0.0477151	1.22473	-0.0348797	0.250926	6	0.0482406	5	8	0	0	0.277778	0.465407
chr6:42500000-43000000	chr6	42500000	-1.28206	0.256248	-1.27045	-0.0430353	11	1.3865	0.100357	1.27872	0.0156293	0.0755491	9	-0.0072445	8	11	0	0	0.269231	0.442804
chr6:43000000-43500000	chr6	43000000	-0.942492	0.0938105	-1.10901	-0.157649	17	1.31385	0.174014	1.29183	0.00137508	0.0314033	15	0.0995816	16	19	0	0	0.260684	0.491471
chr6:43500000-44000000	chr6	43500000	-0.878643	-0.0119869	-1.27311	0.221351	10	1.46251	0.0399598	1.24725	0.0222121	-0.0221578	10	0.00517244	10	8	0	0	0.252137	0.49092
chr6:44000000-44500000	chr6	44000000	-0.820258	-0.192001	-1.04756	0.163667	13	1.5116	-0.0186456	1.25565	0.0474935	-0.0617705	9	0.00524232	9	17	0	0	0.24359	0.48363
chr6:44500000-45000000	chr6	44500000	-0.308799	-0.210085	-0.572861	-0.172809	0	1.04603	-0.0883674	0.585594	-0.0962163	nan	0	nan	0	1	0	0	0.235043	0.420339
chr6:45000000-45500000	chr6	45000000	-0.900903	-0.232931	-0.811425	-0.146971	2	1.01032	-0.0786641	0.521678	-0.00114195	0.209925	2	0.291752	2	3	0	0	0.226496	0.367409
chr6:45500000-46000000	chr6	45500000	-0.263134	-0.2779	-0.516072	-0.323124	0	1.26271	-0.0553151	0.201964	-0.101882	nan	0	nan	0	1	0	0	0.217949	0.422663
chr6:46000000-46500000	chr6	46000000	0.268765	0.172611	0.395895	-0.226885	4	1.14005	-0.270134	-0.325145	-0.0125114	-0.106296	4	-0.218216	4	3	0	1	0.209402	0.39705
chr6:46500000-47000000	chr6	46500000	-0.00439962	0.0124285	0.00697218	-0.109981	7	1.02963	-0.180506	-0.759046	0.00642939	0.202343	4	-0.00593298	4	3	0	1	0.200855	0.390461
chr6:47000000-47500000	chr6	47000000	-0.234013	-0.107128	-0.164432	-0.0774032	3	0.667041	-0.0197595	0.558682	-0.016933	-0.162992	2	-0.17765	2	2	0	1	0.192308	0.401598
chr6:47500000-48000000	chr6	47500000	0.321165	-0.143619	0.387535	0.120179	2	-0.491151	-0.015082	-0.482184	0.0691198	nan	1	nan	0	0	0	1	0.183761	0.376108
chr6:48000000-48500000	chr6	48000000	0.363832	0.108344	0.404464	0.289166	1	-0.962397	-0.213818	-1.25356	-0.0351145	nan	1	nan	1	1	0	1	0.175214	0.359425
chr6:48500000-49000000	chr6	48500000	0.375585	-0.0812622	0.485807	0.143211	0	-1.00879	-0.201282	-1.25774	-0.0342411	nan	0	nan	0	0	0	1	0.166667	0.353312
chr6:49000000-49500000	chr6	49000000	0.820794	-0.199063	0.859277	0.29789	3	-1.18466	-0.022429	-1.16645	-0.0755497	-0.26637	2	-0.0605735	2	1	0	1	0.15812	0.359952
chr6:49500000-50000000	chr6	49500000	0.808225	0.0606335	0.990222	0.264883	8	-0.834261	-0.0122636	-1.28713	0.0853416	-0.367536	2	nan	0	1	0	1	0.149573	0.365601
chr6:50000000-50500000	chr6	50000000	0.583966	0.498285	0.712921	0.620609	2	-0.512229	-0.0603502	-1.25031	0.0669844	nan	0	nan	0	0	0	1	0.141026	0.357582
chr6:50500000-51000000	chr6	50500000	0.775219	0.223088	0.760233	0.454584	2	-0.501103	-0.126398	-1.13755	0.00613343	nan	0	nan	0	7	0	1	0.132479	0.374325
chr6:51000000-51500000	chr6	51000000	1.12227	0.0921102	0.732224	0.648314	0	-0.450519	-0.0443264	-0.573736	-0.0649037	nan	0	nan	0	0	0	1	0.123932	0.373456
chr6:51500000-52000000	chr6	51500000	1.28137	0.203897	1.1028	0.441527	0	-0.541845	0.0609514	-0.173916	-0.0408384	nan	0	nan	0	0	0	1	0.115385	0.378413
chr6:52000000-52500000	chr6	52000000	0.648353	-0.173868	0.457131	0.0161003	6	0.357534	0.15896	0.880842	-0.00278452	0.18153	4	-0.178442	3	5	0	0	0.106838	0.411129
chr6:52500000-53000000	chr6	52500000	0.0967384	-0.240416	-0.100732	-0.176413	7	0.799112	0.0851016	0.226609	-0.0304093	-0.0294863	3	0.0359512	3	4	0	0	0.0982906	0.42735
chr6:53000000-53500000	chr6	53000000	-0.318762	-0.218289	-0.323205	-0.0223386	6	1.26691	-0.145111	0.72061	0.113285	-0.157348	3	-0.108567	2	4	0	1	0.0897436	0.415025
chr6:53500000-54000000	chr6	53500000	-0.727166	0.0272293	-0.399521	-0.209704	3	0.745511	-0.0423225	-0.921925	-0.0563089	-0.0231852	3	-0.13978	3	4	0	1	0.0811966	0.396649
chr6:54000000-54500000	chr6	54000000	-0.488829	-0.181346	-0.287182	-0.206014	2	-0.653768	-0.0765741	-1.28917	-0.0548575	nan	1	nan	1	0	0	1	0.0726496	0.360282
chr6:54500000-55000000	chr6	54500000	-0.429131	-0.141541	-0.267289	-0.261182	1	-0.929371	0.00400302	-1.09958	-0.0405286	nan	1	nan	1	1	0	1	0.0641026	0.362175
chr6:55000000-55500000	chr6	55000000	-0.432535	0.256324	-0.11805	0.106091	2	-0.488783	-0.129105	-1.31714	-0.0407776	nan	1	nan	0	1	0	1	0.0555556	0.356066
chr6:55500000-56000000	chr6	55500000	-0.974335	0.146745	-0.676055	0.331113	2	0.235592	-0.0277417	-1.32027	0.00697763	0.0683796	2	-0.180255	2	1	0	1	0.0470085	0.350165
chr6:56000000-56500000	chr6	56000000	-0.952813	0.14754	-0.715259	0.103758	1	0.139422	-0.0586046	-0.531091	0.184607	nan	1	nan	1	3	0	1	0.0384615	0.370472
chr6:56500000-57000000	chr6	56500000	-1.42713	0.12118	-1.02042	0.379652	2	0.710884	0.0886046	0.886318	-0.0343171	-0.00793117	2	-0.106283	2	3	0	1	0.0299145	0.382943
chr6:57000000-57500000	chr6	57000000	-0.475365	-0.137991	-0.310059	0.16926	5	0.375258	0.00487776	-0.313049	0.0796259	-0.11635	5	-0.0631003	5	4	0	0	0.0213675	0.384403
chr6:57500000-58000000	chr6	57500000	0.648743	0.00640855	0.79003	0.237013	0	-0.514807	0.2465	nan	nan	nan	0	nan	0	2	0	0	0.0128205	0.377716
chr6:58000000-58500000	chr6	58000000	1.12554	0.17766	1.05268	0.517896	0	-0.573687	0.0186149	-1.08614	-0.00735365	nan	0	nan	0	0	0.092224	0	0.0042735	0.373751
chr6:58500000-59000000	chr6	58500000	nan	nan	nan	nan	0	nan	nan	nan	nan	nan	0	nan	0	0	0.107776	nan	0	0.398512
chr6:59000000-59500000	chr6	59000000	nan	nan	nan	nan	0	nan	nan	nan	nan	nan	0	nan	0	0	0	nan	0	0.399215
chr6:59500000-60000000	chr6	59500000	nan	nan	nan	nan	0	nan	nan	nan	nan	nan	0	nan	0	0	0.340132	nan	0	0.399141
chr6:60000000-60500000	chr6	60000000	1.02736	0.174488	0.586388	0.51746	0	nan	nan	nan	nan	nan	0	nan	0	0	0.459868	nan	0	0.371117
chr6:60500000-61000000	chr6	60500000	1.05109	0.241757	0.942872	0.133142	0	-1.01946	0.0329693	-1.00447	0.0276515	nan	0	nan	0	0	0	nan	0	0.375026
chr6:61000000-61500000	chr6	61000000	0.977432	0.472102	1.1514	0.0460591	0	-1.28174	0.0134304	-0.761651	0.0975737	nan	0	nan	0	0	0.01451	nan	0	0.36818
chr6:61500000-62000000	chr6	61500000	0.774281	0.323608	0.76703	0.513602	0	-1.13584	0.0752168	-1.02125	0.0831303	nan	0	nan	0	0	0	nan	0	0.35356
chr6:62000000-62500000	chr6	62000000	0.587994	0.382895	0.750682	0.501241	1	-0.754791	-0.0243634	-1.24785	0.0304011	nan	0	nan	1	1	0	nan	0	0.34739
chr6:62500000-63000000	chr6	62500000	0.718907	0.2154	0.848101	0.363046	0	-0.909	0.00245359	-1.3123	-0.0158627	nan	0	nan	0	0	0	1	0.00138625	0.355754
chr6:63000000-63500000	chr6	63000000	0.57121	0.203706	0.58732	0.204497	2	-0.949471	0.0816363	-1.38503	0.018286	nan	0	nan	1	0	0	1	0.00600706	0.384883
chr6:63500000-64000000	chr6	63500000	-0.254084	0.138934	-0.0198772	-0.0958859	3	-0.525665	0.00893732	-0.122866	0.139951	-0.299558	2	nan	1	2	0	1	0.0106279	0.376608
chr6:64000000-64500000	chr6	64000000	0.128709	0.0185789	0.308412	0.152419	0	-0.66469	-0.328654	-0.840969	-0.158931	nan	0	nan	0	0	0	1	0.0152487	0.356476
chr6:64500000-65000000	chr6	64500000	0.202694	0.0666269	0.28791	0.430855	0	-0.710786	-0.382683	-1.34614	-0.0136886	nan	0	nan	0	0	0	1	0.0198695	0.348276
chr6:65000000-65500000	chr6	65000000	0.200325	0.231326	0.28865	0.712809	1	-0.847295	-0.149212	-1.37386	-0.0627065	nan	1	nan	0	1	0	1	0.0244903	0.336787
chr6:65500000-66000000	chr6	65500000	0.146476	0.268937	0.373853	0.573323	1	-0.831708	-0.309194	-1.34235	-0.0322666	nan	0	nan	0	1	0	1	0.0291111	0.346312
chr6:66000000-66500000	chr6	66000000	0.395513	0.17723	0.595451	0.32912	0	-0.984609	-0.237959	-1.23027	-0.137646	nan	0	nan	0	1	0	1	0.033732	0.349192
chr6:66500000-67000000	chr6	66500000	0.267002	0.313739	0.639748	0.403422	0	-1.16255	-0.192936	-1.33421	-0.0247241	nan	0	nan	0	0	0	1	0.0383528	0.345962
chr6:67000000-67500000	chr6	67000000	0.127722	0.441158	0.354481	0.551583	0	-1.25663	-0.146551	-1.31872	-0.0100068	nan	0	nan	0	0	0	1	0.0429736	0.335458
chr6:67500000-68000000	chr6	67500000	0.21856	0.320397	0.549083	0.296356	0	-1.29621	-0.0384188	-0.984997	-0.0887038	nan	0	nan	0	0	0	1	0.0475944	0.348031
chr6:68000000-68500000	chr6	68000000	0.295738	0.604646	0.659908	0.322458	0	-1.08473	-0.224463	-0.0637825	0.213544	nan	0	nan	0	0	0	1	0.0522152	0.350824
chr6:68500000-69000000	chr6	68500000	0.287858	0.0474718	0.598571	0.219434	2	-0.967199	-0.219855	-1.39793	0.0267534	nan	1	nan	1	1	0	1	0.056836	0.349829
chr6:69000000-69500000	chr6	69000000	0.449081	0.111961	0.581818	0.0829919	0	-0.975324	0.0634587	-1.42075	-0.0430437	nan	0	nan	0	0	0	0	0.0614569	0.361111
chr6:69500000-70000000	chr6	69500000	0.186542	-0.0462142	0.365694	0.165381	2	-0.898591	-0.0188871	-0.578374	-0.167086	0.384103	2	-0.219857	2	2	0	0	0.0660777	0.364024
chr6:70000000-70500000	chr6	70000000	0.761113	-0.217473	0.779215	-0.11589	2	-1.10297	-0.0480551	0.329855	0.0391894	0.136991	2	-0.220655	2	2	0	0	0.0706985	0.374714
chr6:70500000-71000000	chr6	70500000	0.630407	-0.103138	0.85453	-0.145038	3	-0.751259	0.117558	0.398491	0.080229	0.0647337	3	-0.0851167	3	3	0	0	0.0753193	0.388683
chr6:71000000-71500000	chr6	71000000	-0.0240316	-0.287576	0.255144	-0.240243	1	-1.10641	0.176721	-1.13374	0.0831433	nan	1	nan	1	2	0	0	0.0799401	0.378628
chr6:71500000-72000000	chr6	71500000	0.849466	0.021517	0.975498	0.17569	1	-1.43773	0.148336	-1.3967	-0.0501283	nan	1	nan	1	3	0	0	0.0845609	0.369208
chr6:72000000-72500000	chr6	72000000	0.293241	-0.156554	0.348696	0.129411	0	-1.03067	0.109161	-1.41099	-0.0409223	nan	0	nan	0	1	0	0	0.0891818	0.356776
chr6:72500000-73000000	chr6	72500000	-0.162027	-0.390713	-0.179874	-0.144758	1	-0.122295	-0.100682	-0.459924	0.0612148	nan	1	nan	1	1	0	0	0.0938026	0.37076
chr6:73000000-73500000	chr6	73000000	0.00166013	-0.153657	-0.101387	-0.389736	8	-0.205774	-0.131748	-0.0873576	0.102727	0.186097	3	-0.0159044	2	11	0	0	0.0984234	0.415532
chr6:73500000-74000000	chr6	73500000	-0.241974	-0.139257	-0.299539	-0.0233127	3	-0.731262	-0.153805	0.623258	-0.0426917	-0.0834553	3	-0.178832	3	4	0	0	0.103044	0.40736
chr6:74000000-74500000	chr6	74000000	0.410316	-0.023701	0.284373	0.24289	0	-1.63563	-0.0111278	-1.38576	-0.0285837	nan	0	nan	0	0	0	0	0.107665	0.365639
chr6:74500000-75000000	chr6	74500000	0.261427	-0.250174	0.226016	0.224736	0	-1.68901	0.0658882	-1.38255	-0.0411977	nan	0	nan	0	0	0	0	0.112286	0.363813
chr6:75000000-75500000	chr6	75000000	-0.776012	-0.0735297	-0.534412	0.0554452	4	-0.944344	0.0823423	-1.19756	-0.0115976	0.0109929	4	-0.098234	4	4	0	0.5	0.116907	0.378342
chr6:75500000-76000000	chr6	75500000	-0.30065	-0.224358	-0.342017	0.0581908	2	0.0368809	-0.0465731	0.108155	0.0151857	-0.11241	2	-0.0323154	2	2	0	0.5	0.121527	0.383283
chr6:76000000-76500000	chr6	76000000	1.13329	0.161647	0.948775	0.281782	1	-0.967423	0.0548127	-1.25876	-0.0295123	nan	0	nan	0	0	0	0.5	0.126148	0.371684
chr6:76500000-77000000	chr6	76500000	0.506559	0.0318734	0.545166	0.364298	0	-0.686832	-0.122414	-1.41474	-0.0613719	nan	0	nan	0	0	0	0.5	0.130769	0.363079
chr6:77000000-77500000	chr6	77000000	-0.0454775	-0.0523	0.377549	-0.144837	1	-0.914896	-0.0592257	-1.13565	-0.0562396	nan	1	nan	1	1	0	0.5	0.13539	0.357752
chr6:77500000-78000000	chr6	77500000	0.915003	0.211115	1.06216	0.120139	1	-1.37684	-0.0931384	-0.272497	0.106195	nan	0	nan	0	1	0	0.5	0.140011	0.366832
chr6:78000000-78500000	chr6	78000000	0.917546	-0.00167266	0.737387	0.0599746	0	-1.56187	0.0191484	-1.2833	-0.0617026	nan	0	nan	0	0	0	0.5	0.144632	0.361392
chr6:78500000-79000000	chr6	78500000	0.604299	-0.110309	0.775951	-0.11731	1	-1.2585	0.046056	-1.38635	-0.0181477	nan	1	nan	1	2	0	0.5	0.149252	0.373328
chr6:79000000-79500000	chr6	79000000	0.62445	-0.0169295	0.923203	-0.18331	2	-0.772606	0.00107092	-0.247802	0.0917578	0.136918	2	0.0044337	2	2	0	0.5	0.153873	0.373199
chr6:79500000-80000000	chr6	79500000	0.642711	-0.226245	0.591518	0.0905951	3	-0.512407	-0.0179169	-1.15533	0.197918	-0.29048	3	-0.134156	3	2	0	0.5	0.158494	0.381159
chr6:80000000-80500000	chr6	80000000	0.0577699	-0.246237	0.153643	-0.0277854	2	-0.802695	0.165118	-0.776388	-0.0461025	0.0711577	2	-0.0618568	2	2	0	0.5	0.163115	0.373029
chr6:80500000-81000000	chr6	80500000	-0.0631751	0.207483	0.236946	-0.07068	0	-1.3157	0.11973	-1.24235	0.108659	nan	0	nan	0	0	0	0.5	0.167736	0.357507
chr6:81000000-81500000	chr6	81000000	0.224199	-0.104526	0.193982	0.182462	0	-1.32326	0.155615	-1.46334	-0.0404569	nan	0	nan	0	0	0	0.5	0.172356	0.353659
chr6:81500000-82000000	chr6	81500000	-0.406768	-0.208049	-0.272423	0.0310909	1	-0.632514	0.0169304	-1.30244	0.0269915	nan	1	nan	1	1	0	0.5	0.176977	0.369247
chr6:82000000-82500000	chr6	82000000	-0.0903045	-0.0656444	0.0562498	-0.164134	2	-0.786114	-0.0461994	-0.877573	0.0571692	-0.312538	2	-0.061966	2	3	0	0.5	0.181598	0.379819
chr6:82500000-83000000	chr6	82500000	0.505631	-0.125834	0.518117	-0.0587021	0	-1.43142	-0.0389035	-1.00472	0.104109	nan	0	nan	0	0	0	0.5	0.186219	0.382452
chr6:83000000-83500000	chr6	83000000	-0.0418087	-0.254894	0.208945	-0.222878	5	-0.445788	0.0889868	-0.17894	-0.134574	-0.0171411	5	-0.130103	5	4	0	0	0.19084	0.375666
chr6:83500000-84000000	chr6	83500000	0.792104	0.0479116	1.10606	-0.111529	4	-1.04616	-0.123883	-0.483366	0.199274	-0.196566	3	-0.326667	3	3	0	0	0.195461	0.373341
chr6:84000000-84500000	chr6	84000000	0.961871	-0.0602221	0.954348	0.171582	2	-1.07106	-0.0792804	-0.631449	0.362035	-0.124126	2	-0.00871599	2	2	0	0.5	0.200081	0.381928
chr6:84500000-85000000	chr6	84500000	0.499144	0.139556	0.600335	0.248883	1	-1.09176	0.121991	-1.31721	0.248787	nan	1	nan	1	2	0	0.5	0.204702	0.381794
chr6:85000000-85500000	chr6	85000000	0.859453	-0.0694387	0.741769	0.114026	1	-1.41705	-0.0725464	-1.42281	-0.0465087	nan	1	nan	1	2	0	0.5	0.209323	0.39451
chr6:85500000-86000000	chr6	85500000	0.578156	-0.0527842	0.443655	-0.00207647	2	-0.816478	0.0691806	0.0782121	0.231617	-0.00950899	2	0.000818258	2	3	0	0.5	0.213944	0.396407
chr6:86000000-86500000	chr6	86000000	1.19803	0.304849	1.10803	0.22206	0	-1.24533	0.0214793	-0.980425	0.342158	nan	0	nan	0	0	0	0.5	0.218565	0.381928
chr6:86500000-87000000	chr6	86500000	1.10155	0.232425	0.915823	0.358097	1	-1.19411	0.092788	-1.41543	0.0722217	nan	0	nan	0	1	0	0.5	0.223185	0.386592
chr6:87000000-87500000	chr6	87000000	-0.134336	0.01083	-0.283884	0.329149	7	0.0533184	-0.0362669	-0.14099	0.258866	0.0211209	6	-0.284147	5	5	0	0.5	0.227806	0.387221
chr6:87500000-88000000	chr6	87500000	0.225544	-0.126699	0.105885	-0.137398	3	-0.186314	0.113931	1.1718	0.0649149	-0.0461181	3	-0.0501203	3	2	0	0	0.232427	0.404012
chr6:88000000-88500000	chr6	88000000	0.850069	0.0782107	0.846463	-0.0108047	2	-1.11415	-0.0527754	1.19152	0.0621031	nan	1	nan	0	2	0	0	0.237048	0.387124
chr6:88500000-89000000	chr6	88500000	0.349365	-0.168809	0.284672	0.157348	1	-0.751854	0.0809305	1.1324	0.0404866	nan	1	nan	1	1	0	0	0.241669	0.385113
chr6:89000000-89500000	chr6	89000000	-0.0271607	-0.233451	-0.099756	-0.189931	8	0.923462	0.0173367	1.25125	0.0591521	-0.125762	7	-0.00501471	7	6	0	0	0.24629	0.425127
chr6:89500000-90000000	chr6	89500000	-0.129326	-0.185907	-0.170774	-0.318509	4	1.14128	-0.056563	1.17487	0.043308	-0.244534	3	0.00542357	3	5	0	0	0.25091	0.426958
chr6:90000000-90500000	chr6	90000000	-0.82836	0.284438	-0.548488	-0.322291	1	1.07055	-0.363297	0.358034	-0.070831	nan	1	nan	1	1	0	0	0.255531	0.402859
chr6:90500000-91000000	chr6	90500000	0.111544	0.219046	0.178454	0.00421585	1	0.153849	-0.187559	-0.391107	0.088223	nan	1	nan	1	2	0	0	0.260152	0.381532
chr6:91000000-91500000	chr6	91000000	0.345837	-0.155837	0.314394	0.0986418	0	-0.432511	-0.333717	-1.28785	-0.0393895	nan	0	nan	0	0	0	0	0.264773	0.368478
chr6:91500000-92000000	chr6	91500000	0.191232	0.169754	0.26724	0.423185	0	-0.703825	-0.425738	0.249638	-0.703498	nan	0	nan	0	0	0	0	0.269394	0.3524
chr6:92000000-92500000	chr6	92000000	0.138473	0.421857	0.446276	0.297649	0	-0.706477	-0.355419	-0.684416	-0.355248	nan	0	nan	0	0	0	0	0.274014	0.3488
chr6:92500000-93000000	chr6	92500000	0.210689	0.235641	0.417779	0.237184	0	-0.615912	-0.12965	-1.29806	-0.0173666	nan	0	nan	0	0	0	1	0.278635	0.355109
chr6:93000000-93500000	chr6	93000000	-0.0259542	0.291533	0.42655	0.462879	1	-0.318947	-0.173143	-1.1892	-0.118174	nan	1	nan	1	2	0	1	0.283256	0.345442
chr6:93500000-94000000	chr6	93500000	0.415792	0.38598	0.500543	0.336338	0	-1.32762	0.0631191	-1.39429	-0.0273217	nan	0	nan	0	0	0	1	0.287877	0.347555
chr6:94000000-94500000	chr6	94000000	0.582595	0.129372	0.581971	0.68594	0	-1.38118	-0.100518	-1.42698	-0.0434892	nan	0	nan	0	0	0	1	0.292498	0.343181
chr6:94500000-95000000	chr6	94500000	0.589374	0.34504	0.81604	0.569924	0	-1.44386	-0.0622734	-1.3982	0.0640159	nan	0	nan	0	0	0	1	0.297119	0.344127
chr6:95000000-95500000	chr6	95000000	0.569473	-0.0129288	0.841742	0.444791	0	-1.33226	-0.125956	nan	nan	nan	0	nan	0	0	0.1	1	0.301739	0.345649
chr6:95500000-96000000	chr6	95500000	0.727537	0.415272	0.952666	0.517959	1	-1.41704	-0.0625	-1.04562	0.0371447	nan	1	nan	1	1	0	1	0.30636	0.351777
chr6:96000000-96500000	chr6	96000000	0.908659	0.204724	0.799666	0.538834	1	-1.46814	0.0377515	0.242406	0.130789	nan	0	nan	0	1	0	1	0.310981	0.361234
chr6:96500000-97000000	chr6	96500000	0.870881	0.0370976	1.05158	-0.0851465	5	-1.22014	-0.0241811	-0.273189	0.0695419	0.0756996	3	-0.0596954	4	4	0	1	0.315602	0.377919
chr6:97000000-97500000	chr6	97000000	0.684842	-0.124651	0.681722	0.114148	1	-1.03394	-0.00993323	-0.937502	-0.00695537	nan	1	nan	1	1	0	1	0.320223	0.36733
chr6:97500000-98000000	chr6	97500000	0.253904	0.566717	0.847058	0.157217	0	-0.895042	0.0577519	-1.44557	-0.00963688	nan	0	nan	0	0	0	1	0.324843	0.350521
chr6:98000000-98500000	chr6	98000000	1.11481	0.303893	0.93134	0.278133	0	-1.19383	-0.13816	-1.45958	0.00717848	nan	0	nan	0	0	0	1	0.329464	0.358838
chr6:98500000-99000000	chr6	98500000	0.822273	-0.105015	0.636292	0.0565059	2	-0.896745	-0.196518	-1.13856	-0.0429656	0.082167	2	-0.102635	2	8	0	1	0.334085	0.380702
chr6:99000000-99500000	chr6	99000000	0.836819	-0.142454	0.661725	-0.0106954	3	-0.90107	-0.0530932	-0.595559	0.108833	-0.0360044	3	0.0544897	3	3	0	0	0.338706	0.398933
chr6:99500000-100000000	chr6	99500000	0.543787	-0.020239	0.789773	-0.275572	4	-1.30609	0.0637414	-1.21971	0.0330525	-0.052902	2	-0.0962138	2	11	0	0	0.343327	0.385276
chr6:100000000-100500000	chr6	100000000	-0.0573551	-0.0392277	-0.17108	0.0960333	1	-0.582806	-0.00388362	-0.101248	0.266916	nan	1	nan	0	13	0	1	0.347948	0.376375
chr6:100500000-101000000	chr6	100500000	-0.585871	0.105794	-0.300953	0.348311	1	-0.889127	-0.0501754	-0.12547	0.0499177	nan	1	nan	1	1	0	1	0.352568	0.352395
chr6:101000000-101500000	chr6	101000000	0.462496	0.144309	0.580489	0.0828104	1	-1.02412	-0.144169	-1.43783	-0.0344993	nan	1	nan	1	4	0	1	0.357189	0.363995
chr6:101500000-102000000	chr6	101500000	-0.430182	0.397147	0.0453175	0.474603	0	-1.21203	-0.0281611	-1.35735	-0.0578001	nan	0	nan	0	0	0	1	0.36181	0.337826
chr6:102000000-102500000	chr6	102000000	0.289878	0.461431	0.729682	0.552987	0	-1.45337	-0.0985123	-1.43872	-0.00186693	nan	0	nan	0	0	0	1	0.366431	0.342532
chr6:102500000-103000000	chr6	102500000	0.288396	0.239741	0.692672	0.381025	0	-1.31402	-0.1455	-1.42741	-0.0514757	nan	0	nan	0	0	0	1	0.371052	0.343391
chr6:103000000-103500000	chr6	103000000	0.590253	0.380977	0.844884	0.529389	0	-1.25796	-0.210455	-1.42313	-0.0317129	nan	0	nan	0	0	0	1	0.375672	0.343259
chr6:103500000-104000000	chr6	103500000	0.827287	0.080003	1.07791	0.289565	0	-1.52211	-0.076864	-1.46554	-0.0155076	nan	0	nan	0	0	0	1	0.380293	0.350976
chr6:104000000-104500000	chr6	104000000	1.03572	0.00588576	0.940027	0.101705	0	-1.49204	-0.0500746	-1.46346	-0.0265272	nan	0	nan	0	0	0	1	0.384914	0.36869
chr6:104500000-105000000	chr6	104500000	-0.298652	-0.0972347	-0.0272329	-0.176546	2	-0.578492	-0.179612	0.0341819	-0.237833	0.188041	2	-0.211718	2	3	0	1	0.389535	0.380255
chr6:105000000-105500000	chr6	105000000	-0.840372	0.175795	-0.500934	-0.309901	3	0.743993	-0.174272	0.557516	-0.0948433	0.0144307	2	-0.0691221	2	3	0	0	0.394156	0.399521
chr6:105500000-106000000	chr6	105500000	-0.64035	0.00152931	-0.789876	-0.0163899	0	0.733124	-0.193577	0.727594	-0.130671	nan	0	nan	0	3	0	0	0.398776	0.401044
chr6:106000000-106500000	chr6	106000000	-0.946958	-0.119167	-1.00787	0.0664704	3	1.07729	-0.214947	1.18631	-0.0132337	0.0523811	3	-0.0420769	2	3	0	0	0.403397	0.399069
chr6:106500000-107000000	chr6	106500000	-0.528954	-0.131176	-0.71231	-0.189795	3	1.29244	-0.244664	1.18532	-0.019807	0.033593	3	-7.41512e-07	3	3	0	0	0.408018	0.421237
chr6:107000000-107500000	chr6	107000000	-0.533053	-0.350688	-0.549803	-0.448356	4	1.3671	-0.316564	1.12587	0.0224469	-0.10451	4	0.113204	3	8	0	0	0.412639	0.41835
chr6:107500000-108000000	chr6	107500000	-0.445874	-0.208585	-0.734614	-0.295723	2	1.44652	-0.244103	1.1682	-0.0597749	nan	1	nan	1	3	0	0	0.41726	0.424486
chr6:108000000-108500000	chr6	108000000	-0.723091	-0.0528728	-0.814274	-0.0201232	4	1.39287	-0.0703549	1.26007	0.0381632	0.0193804	3	-0.0961654	3	12	0	0	0.421881	0.41804
chr6:108500000-109000000	chr6	108500000	-0.719008	-0.0248974	-0.520723	-0.400193	2	1.56727	-0.309645	1.07786	-0.0491916	0.0123386	2	-0.151181	2	3	0	0	0.426501	0.42189
chr6:109000000-109500000	chr6	109000000	-0.503635	-0.291645	-0.568768	-0.165291	7	1.54246	-0.369076	1.06599	-0.0853052	-0.135756	7	-0.0635297	7	8	0	0	0.431122	0.409192
chr6:109500000-110000000	chr6	109500000	0.0199718	-0.0810279	0.159107	-0.460584	3	1.30811	-0.607281	0.473823	0.167344	0.234832	2	-0.146117	2	3	0	0	0.435743	0.403452
chr6:110000000-110500000	chr6	110000000	-0.0769846	-0.341628	-0.0622696	-0.368678	5	1.34166	-0.0970246	0.964126	0.0226465	0.0282314	3	-0.0671252	3	5	0	0	0.440364	0.401552
chr6:110500000-111000000	chr6	110500000	-0.59869	-0.173469	-0.569076	-0.154234	4	1.73411	-0.318644	1.28091	0.0157912	-0.0950892	4	0.0939709	4	5	0	0	0.444985	0.416361
chr6:111000000-111500000	chr6	111000000	-0.995913	0.0764841	-0.928977	-0.295819	3	1.56088	-0.119839	1.19914	-0.0513673	-0.0141093	2	0.19501	2	3	0	0	0.449605	0.397422
chr6:111500000-112000000	chr6	111500000	-0.771753	-0.0261536	-0.716613	-0.326591	2	1.54003	-0.336596	0.578003	0.0224658	0.133431	2	0.0637206	2	1	0	0	0.454226	0.422448
chr6:112000000-112500000	chr6	112000000	-1.10563	0.0809732	-1.00538	0.0140522	5	1.22033	-0.272608	-1.39055	-0.0604982	0.110868	3	-0.0831266	3	4	0	0	0.458847	0.389731
chr6:112500000-113000000	chr6	112500000	-1.15676	-0.0217035	-1.10315	0.115744	0	0.758251	-0.269283	-1.37859	-0.0612385	nan	0	nan	0	0	0	0	0.463468	0.361253
chr6:113000000-113500000	chr6	113000000	-1.18228	-0.0720886	-1.05031	-0.0205986	0	0.720995	-0.214033	0.285025	0.108029	nan	0	nan	0	0	0	0	0.468089	0.365088
chr6:113500000-114000000	chr6	113500000	-1.11636	-0.144275	-1.07269	0.0091042	2	0.869961	-0.123093	-0.292786	0.0704128	0.0797125	2	0.0916018	2	2	0	0	0.47271	0.389395
chr6:114000000-114500000	chr6	114000000	0.351862	0.068796	0.471428	0.0992281	1	-0.86045	0.111588	-1.43084	-0.064863	nan	1	nan	1	1	0	0.75	0.47733	0.376492
chr6:114500000-115000000	chr6	114500000	0.435713	0.614389	0.72554	0.304128	0	-1.34798	0.0668822	-1.42082	0.0427347	nan	0	nan	0	0	0	0.75	0.481951	0.358038
chr6:115000000-115500000	chr6	115000000	0.572197	0.356338	0.76039	0.402323	0	-1.41163	0.0486317	-1.45639	-0.0141592	nan	0	nan	0	0	0	0.75	0.486572	0.358281
chr6:115500000-116000000	chr6	115500000	0.710031	0.164421	0.832664	0.115	0	-1.32373	0.0620088	-0.799083	-0.0282514	nan	0	nan	0	0	0	0.75	0.491193	0.367728
chr6:116000000-116500000	chr6	116000000	-0.640963	0.141572	-0.345066	0.0387503	7	-0.60482	0.257659	0.818823	0.000652273	0.0154437	7	-0.0136239	5	5	0	0.75	0.495814	0.376557
chr6:116500000-117000000	chr6	116500000	0.224383	0.0389284	0.228293	0.251435	10	-0.878365	-0.039176	-1.32654	-0.0366649	0.114077	6	-0.0286681	5	4	0	0.75	0.500434	0.369276
chr6:117000000-117500000	chr6	117000000	0.735011	-0.0867564	0.55006	0.154011	3	-1.25336	-0.0627481	-0.94557	0.167934	-0.078241	3	nan	1	4	0	0.75	0.505055	0.381337
chr6:117500000-118000000	chr6	117500000	0.581252	-0.00596748	0.70041	0.107761	3	-1.21052	-0.0719212	-1.31379	0.135155	-0.120366	3	0.273069	3	5	0	0.75	0.509676	0.387235
chr6:118000000-118500000	chr6	118000000	0.560204	0.0463958	0.542023	0.308485	0	-0.966802	-0.00492394	-0.779326	0.0199903	nan	0	nan	0	0	0	1	0.514297	0.384704
chr6:118500000-119000000	chr6	118500000	-0.274566	-0.00947876	0.030295	-0.128218	4	-0.196924	-0.109371	-0.00869771	0.110012	-0.0146714	4	-0.0202191	4	4	0	1	0.518918	0.393203
chr6:119000000-119500000	chr6	119000000	0.349628	0.00742416	0.418882	-0.169193	2	-0.534105	-0.212032	-0.851873	0.219217	0.0749716	2	-0.331705	2	2	0	1	0.523539	0.387779
chr6:119500000-120000000	chr6	119500000	0.0786313	0.0726863	0.144857	0.326363	0	-1.09522	-0.158473	-1.40752	0.0391664	nan	0	nan	0	0	0	1	0.528159	0.363852
chr6:120000000-120500000	chr6	120000000	0.371326	0.575875	0.715576	0.583635	0	-1.52319	-0.0683387	-1.44594	-0.00660697	nan	0	nan	0	0	0	1	0.53278	0.345007
chr6:120500000-121000000	chr6	120500000	0.888372	0.308723	0.962671	0.51982	0	-1.66073	0.00165252	-0.970706	-0.185717	nan	0	nan	0	0	0	1	0.537401	0.356393
chr6:121000000-121500000	chr6	121000000	0.216295	0.15268	0.807791	-0.106816	2	-1.49546	0.0129728	-1.02905	-0.0959331	-0.0729198	2	0.0752917	2	1	0	1	0.542022	0.367576
chr6:121500000-122000000	chr6	121500000	-0.559742	0.143834	-0.40711	0.207979	0	-1.13753	0.227299	-1.34735	0.0175323	nan	0	nan	0	0	0	1	0.546643	0.372253
chr6:122000000-122500000	chr6	122000000	0.0907317	0.290915	0.463309	0.158941	2	-1.26133	0.0328847	-1.00609	0.176907	-0.127719	2	-0.108896	2	2	0	1	0.551263	0.36109
chr6:122500000-123000000	chr6	122500000	0.420625	-0.0264306	0.45893	0.255989	4	-1.31438	0.0396815	-1.34008	-0.018309	0.0982443	2	-0.00828566	3	3	0	1	0.555884	0.379622
chr6:123000000-123500000	chr6	123000000	0.702536	0.247066	0.916074	0.40632	0	-1.3718	-0.136322	-1.41091	-0.0218224	nan	0	nan	0	0	0	1	0.560505	0.351761
chr6:123500000-124000000	chr6	123500000	0.320177	0.101668	0.654408	0.0469919	2	-0.807059	-0.206006	-1.37461	-0.00302884	nan	1	-0.0729209	2	1	0	1	0.565126	0.363273
chr6:124000000-124500000	chr6	124000000	0.350213	0.0499425	0.693599	0.0292482	0	-1.08414	-0.296599	-1.4406	0.0186804	nan	0	nan	0	0	0	1	0.569747	0.35637
chr6:124500000-125000000	chr6	124500000	0.173891	-0.0499685	0.24933	0.0700696	1	-0.935232	-0.346865	-1.36753	-0.048634	nan	1	nan	1	1	0	1	0.574368	0.370968
chr6:125000000-125500000	chr6	125000000	0.0830421	-0.0627336	-0.0524529	0.0173088	2	0.19982	-0.135459	-1.01233	-0.0189079	0.361926	2	-0.0772263	2	4	0	1	0.578988	0.389999
chr6:125500000-126000000	chr6	125500000	0.103416	-0.183539	0.108104	-0.226958	4	0.539244	-0.247602	0.420865	0.0600874	-0.186429	4	0.0477482	4	5	0	1	0.583609	0.390732
chr6:126000000-126500000	chr6	126000000	0.407557	-0.203991	0.673354	-0.690439	1	-0.535681	-0.22324	-1.22058	0.053785	nan	1	nan	1	1	0	0	0.58823	0.367675
chr6:126500000-127000000	chr6	126500000	0.137853	0.0416957	0.304034	-0.086219	0	-0.681538	-0.0151905	-1.39772	0.00228066	nan	0	nan	0	1	0	0	0.592851	0.36136
chr6:127000000-127500000	chr6	127000000	-0.38516	-0.224437	0.170714	-0.376472	4	-0.308151	-0.127743	-0.981919	0.134468	0.0231208	4	-0.014647	3	6	0	0.75	0.597472	0.372962
chr6:127500000-128000000	chr6	127500000	-0.421806	-0.0715507	-0.137544	-0.270352	3	-0.288206	-0.308711	-1.45245	-0.0223895	nan	1	nan	0	2	0	0.75	0.602092	0.358203
chr6:128000000-128500000	chr6	128000000	-1.16662	0.0441732	-0.666198	0.0195824	0	0.165526	-0.166016	-1.40145	-0.037294	nan	0	nan	0	0	0	0.75	0.606713	0.35537
chr6:128500000-129000000	chr6	128500000	-0.69595	-0.218996	-0.644104	-0.148684	2	0.00407846	-0.152957	-1.42933	-0.017138	-0.0348607	2	-0.0820573	2	3	0	0.75	0.611334	0.363154
chr6:129000000-129500000	chr6	129000000	-0.656755	-0.322172	-0.514837	-0.0578562	0	-0.361548	-0.239847	-0.582209	0.171609	nan	0	nan	0	0	0	0.75	0.615955	0.36021
chr6:129500000-130000000	chr6	129500000	-0.499293	-0.142585	-0.34429	-0.21746	2	-0.673539	0.0117399	0.739087	0.177263	nan	1	nan	1	0	0	0.75	0.620576	0.379887
chr6:130000000-130500000	chr6	130000000	-0.192575	-0.22395	-0.195616	-0.162748	3	-0.893556	0.226021	0.763183	0.179188	0.0429275	3	0.128181	2	2	0	0	0.625197	0.387869
chr6:130500000-131000000	chr6	130500000	-0.306149	-0.156757	-0.13532	-0.162346	1	-0.699521	0.167671	-0.06978	0.294066	nan	0	nan	0	0	0	0	0.629817	0.384264
chr6:131000000-131500000	chr6	131000000	0.123094	-0.272973	0.123086	-0.255835	2	0.0235256	-0.276931	-0.725571	0.103784	0.114453	2	0.00991372	2	2	0	0.5	0.634438	0.39436
chr6:131500000-132000000	chr6	131500000	-0.619179	-0.158773	-0.506949	-0.0856561	7	-0.408233	0.163529	-1.35568	-0.0416807	-0.1526	3	0.245905	3	4	0	0.5	0.639059	0.384446
chr6:132000000-132500000	chr6	132000000	-0.898541	-0.109983	-0.768161	-0.0257137	1	-0.291493	0.0256177	-0.885326	0.0620405	nan	1	nan	1	1	0	0.5	0.64368	0.37182
chr6:132500000-133000000	chr6	132500000	-0.231947	-0.234341	-0.356167	-0.152972	11	-0.611381	-0.0414575	-1.01631	0.085013	-0.0190387	3	0.00595072	3	3	0	0.5	0.648301	0.384009
chr6:133000000-133500000	chr6	133000000	-0.305958	-0.196328	-0.16704	-0.0429399	1	-0.525965	0.04334	-1.38126	-0.0444527	nan	1	nan	1	2	0	0.5	0.652921	0.371531
chr6:133500000-134000000	chr6	133500000	-0.870511	-0.159025	-0.564717	-0.489734	3	-0.267866	0.119634	-0.831535	-0.0615077	0.116733	2	-0.157933	2	7	0	0.5	0.657542	0.383857
chr6:134000000-134500000	chr6	134000000	-0.933991	-0.0349771	-0.780527	-0.369076	2	0.510955	0.00504026	0.524311	-0.277361	-0.114952	2	-0.0725554	2	3	0	0.5	0.662163	0.412165
chr6:134500000-135000000	chr6	134500000	-0.86754	-0.0239576	-1.05192	-0.0296296	1	0.396481	0.0992656	1.04891	-0.180098	nan	1	nan	1	0	0	0	0.666784	0.404479
chr6:135000000-135500000	chr6	135000000	-0.648381	-0.322949	-0.573444	-0.330678	3	-1.1572	0.566001	1.22808	-0.0108739	0.181112	3	0.0299159	3	3	0	0	0.671405	0.380329
chr6:135500000-136000000	chr6	135500000	-0.508727	-0.368306	-0.524906	-0.226314	1	-1.39158	0.141341	0.759304	-0.414195	nan	1	nan	1	0	0	0	0.676025	0.375627
chr6:136000000-136500000	chr6	136000000	-0.338127	-0.168497	-0.22244	-0.288383	2	-0.994098	0.326867	0.785045	-0.0696413	-0.0663211	2	0.0785604	2	3	0	0	0.680646	0.393445
chr6:136500000-137000000	chr6	136500000	-0.157941	-0.274913	-0.198528	-0.274282	4	-0.54674	0.247429	1.25583	-0.051691	0.0201246	4	-0.0126465	4	4	0	0	0.685267	0.401821
chr6:137000000-137500000	chr6	137000000	0.046639	-0.338014	0.0916579	-0.403409	4	-0.245919	0.152822	1.23416	0.00495827	0.225873	2	-0.198266	2	6	0	0	0.689888	0.398737
chr6:137500000-138000000	chr6	137500000	-0.396923	-0.0432279	-0.241	-0.58989	1	0.484846	-0.00596653	1.30762	0.00939262	nan	1	nan	1	1	0	0	0.694509	0.404337
chr6:138000000-138500000	chr6	138000000	-0.109808	-0.291039	-0.332776	-0.416702	6	0.891654	0.0482713	1.06407	-0.206507	0.117556	4	0.0782468	4	5	0	0	0.69913	0.409852
chr6:138500000-139000000	chr6	138500000	-0.61477	-0.338454	-0.726252	-0.321233	3	1.1469	-0.087597	1.05683	-0.0263682	0.192905	3	-0.039173	3	4	0	0.75	0.70375	0.406017
chr6:139000000-139500000	chr6	139000000	-0.862692	0.00214962	-0.990446	-0.105597	4	1.25724	-0.172894	0.515643	-0.380997	0.298916	4	-0.117197	4	5	0	0.75	0.708371	0.410188
chr6:139500000-140000000	chr6	139500000	-1.34792	0.0793161	-1.26231	0.10451	0	1.2433	-0.279953	-0.8651	-0.140067	nan	0	nan	0	0	0	0.75	0.712992	0.383386
chr6:140000000-140500000	chr6	140000000	-1.42333	0.0646743	-1.16703	0.150421	0	0.528921	0.0926403	-0.908487	-0.215075	nan	0	nan	0	0	0	0.75	0.717613	0.360428
chr6:140500000-141000000	chr6	140500000	-1.4424	-0.149007	-1.15221	-0.0878463	0	0.535799	0.0765128	-0.791409	0.117053	nan	0	nan	0	0	0	0.75	0.722234	0.348534
chr6:141000000-141500000	chr6	141000000	-1.30823	0.115286	-0.909467	-0.06992	0	-0.169339	0.126714	-0.735132	0.241901	nan	0	nan	0	0	0	0.75	0.726854	0.3513
chr6:141500000-142000000	chr6	141500000	-0.599181	-0.33775	-0.517575	-0.0301191	0	-0.0644862	0.244301	-1.43193	0.03474	nan	0	nan	0	0	0	0.75	0.731475	0.355876
chr6:142000000-142500000	chr6	142000000	-1.14289	-0.206496	-1.02073	-0.0817605	4	0.487994	-0.043659	-1.31151	-0.00655136	0.0570948	2	-0.183649	2	3	0	0	0.736096	0.366831
chr6:142500000-143000000	chr6	142500000	-1.1042	0.14347	-0.997947	0.0801436	1	0.597618	-0.152744	0.302597	0.146794	nan	1	nan	1	2	0	0	0.740717	0.390278
chr6:143000000-143500000	chr6	143000000	-0.804645	-0.10226	-0.813995	-0.0912487	3	0.306215	-0.0788414	-0.587712	-0.0207605	0.0442917	3	0.033252	3	2	0	0	0.745338	0.392602
chr6:143500000-144000000	chr6	143500000	-0.459591	-0.13143	-0.406007	-0.366876	4	0.934665	-0.221269	0.177305	-0.091581	0.0248442	3	0.0988072	3	4	0	0	0.749959	0.400779
chr6:144000000-144500000	chr6	144000000	-0.695908	-0.208784	-0.73657	-0.287985	4	0.981512	0.000294769	0.844549	6.72112e-05	-0.0461786	4	0.0507534	4	7	0	0	0.754579	0.403465
chr6:144500000-145000000	chr6	144500000	-0.62548	-0.1772	-0.67002	-0.300926	0	0.155628	0.0874941	-0.501575	-0.0157506	nan	0	nan	0	0	0	0	0.7592	0.375139
chr6:145000000-145500000	chr6	145000000	-0.246698	-0.300188	-0.0623936	-0.300439	0	-0.193333	0.389374	-0.417299	-0.237181	nan	0	nan	0	0	0	0.75	0.763821	0.378498
chr6:145500000-146000000	chr6	145500000	-0.186831	-0.0764017	0.0314821	-0.229949	3	-0.631539	0.213954	-0.685976	0.203648	-0.221675	3	-0.00435412	3	4	0	0.75	0.768442	0.370824
chr6:146000000-146500000	chr6	146000000	0.362152	0.225093	0.670334	0.0487223	1	-1.3383	0.288154	-1.40869	-0.0556893	nan	1	nan	1	2	0	0.75	0.773063	0.372905
chr6:146500000-147000000	chr6	146500000	-0.185108	-0.00631801	0.0543833	-0.0589055	2	-1.24557	0.172064	-1.42909	-0.0107444	nan	1	nan	1	2	0	0.75	0.777683	0.370645
chr6:147000000-147500000	chr6	147000000	-0.4521	-0.095119	-0.212242	-0.117998	1	-0.966365	-0.0205493	-1.22867	-0.0860015	nan	1	nan	1	2	0	0.75	0.782304	0.369034
chr6:147500000-148000000	chr6	147500000	-0.0202909	-0.0510398	-0.173956	-0.176838	1	-1.0464	0.040249	-1.38021	-0.0194974	nan	1	nan	1	1	0	0.75	0.786925	0.390425
chr6:148000000-148500000	chr6	148000000	-0.270839	-0.239074	-0.382529	-0.201561	1	-0.315328	-0.104013	-0.706774	0.0550055	nan	1	nan	1	1	0	0.75	0.791546	0.417741
chr6:148500000-149000000	chr6	148500000	-0.630584	-0.0530585	-0.59722	-0.223667	1	0.430161	-0.060461	0.930369	-0.00130315	nan	1	nan	1	3	0	0	0.796167	0.41165
chr6:149000000-149500000	chr6	149000000	-1.11061	-0.0372552	-0.965754	-0.114334	3	1.22179	-0.224557	1.30884	0.0159502	0.0741821	3	nan	1	3	0	0	0.800788	0.410193
chr6:149500000-150000000	chr6	149500000	-1.16014	0.0461994	-0.983764	-0.234801	11	1.60693	-0.141224	1.08854	0.0401549	0.0181184	10	0.0284048	7	14	0	0	0.805408	0.438305
chr6:150000000-150500000	chr6	150000000	-0.542057	-0.0846948	-0.65162	-0.208607	4	1.6244	-0.273226	0.277134	0.136402	-0.000569994	3	0.177322	2	6	0	0	0.810029	0.445851
chr6:150500000-151000000	chr6	150500000	-0.572211	0.0391433	-0.618679	-0.312699	2	1.25286	-0.325809	0.582068	-0.0451556	-0.0929223	2	0.0455735	2	2	0	0	0.81465	0.427371
chr6:151000000-151500000	chr6	151000000	-0.843739	0.124408	-0.787032	-0.192945	5	0.649607	-0.123455	0.0586469	0.0785519	-0.211427	3	-0.0274213	3	8	0	0	0.819271	0.433109
chr6:151500000-152000000	chr6	151500000	0.564536	0.159665	0.787942	-0.202447	1	-1.39264	0.188661	-0.736482	0.26077	nan	1	nan	1	1	0	0	0.823892	0.397608
chr6:152000000-152500000	chr6	152000000	0.19561	-0.287687	0.349961	-0.367573	0	-1.06243	0.165196	-1.06186	0.0486361	nan	0	nan	0	1	0	0.5	0.828512	0.391431
chr6:152500000-153000000	chr6	152500000	0.806939	0.141184	0.681945	0.327105	4	-1.50334	0.00682734	-1.25889	0.0184379	0.0342082	3	0.0185996	3	2	0	0.5	0.833133	0.374772
chr6:153000000-153500000	chr6	153000000	0.710803	-0.0100094	0.896824	0.255826	2	-1.41249	-0.0398	-1.38642	-0.0768052	-0.0644487	2	0.0136637	2	2	0	0.5	0.837754	0.369212
chr6:153500000-154000000	chr6	153500000	0.705097	0.347506	1.11006	0.0934078	0	-1.46912	-0.0600863	-1.40933	-0.0199121	nan	0	nan	0	0	0	0.5	0.842375	0.365141
chr6:154000000-154500000	chr6	154000000	0.180155	0.0755936	0.278731	-0.21546	2	-0.9392	-0.11767	-0.923139	0.226638	nan	1	nan	1	1	0	0.5	0.846996	0.401389
chr6:154500000-155000000	chr6	154500000	-0.498832	-0.150475	-0.763086	-0.130919	3	0.691747	-0.297272	0.683463	0.114565	-0.245704	3	0.0745651	3	4	0	0.5	0.851617	0.414762
chr6:155000000-155500000	chr6	155000000	-0.421128	0.0208532	-0.356355	-0.270967	3	0.480527	-0.245902	0.46517	0.299548	nan	1	nan	1	2	0	0	0.856237	0.414832
chr6:155500000-156000000	chr6	155500000	0.364842	0.293332	0.424555	0.339384	0	-0.658391	-0.400211	-1.03778	0.212489	nan	0	nan	0	0	0	0	0.860858	0.374028
chr6:156000000-156500000	chr6	156000000	0.907337	0.155006	0.724492	0.167987	0	-0.691388	-0.156104	0.246939	0.15835	nan	0	nan	0	1	0	0	0.865479	0.397245
chr6:156500000-157000000	chr6	156500000	-0.29353	-0.0980149	-0.445333	0.297669	1	0.55102	-0.339274	1.01512	0.085803	nan	1	nan	1	3	0	0	0.8701	0.414618
chr6:157000000-157500000	chr6	157000000	-0.715636	0.0908038	-0.737671	-0.173534	2	1.12147	-0.404161	1.1476	-0.0502063	0.111975	2	0.076288	2	5	0	0	0.874721	0.436238
chr6:157500000-158000000	chr6	157500000	-0.618853	0.0170665	-0.653382	-0.251126	2	1.53104	-0.302084	0.816876	0.00290246	-0.0123695	2	0.155345	2	4	0	0	0.879341	0.449063
chr6:158000000-158500000	chr6	158000000	-0.707214	0.0778111	-0.829533	-0.0872437	3	1.32564	-0.174	1.24548	-0.0633543	0.163149	3	-0.0432083	3	3	0	0	0.883962	0.438903
chr6:158500000-159000000	chr6	158500000	-0.50311	-0.0113363	-0.547968	-0.240492	4	1.25561	0.000103716	1.29164	0.0634917	0.184478	4	-0.00940052	4	8	0	0	0.888583	0.454401
chr6:159000000-159500000	chr6	159000000	0.820401	0.0887754	0.594645	0.200368	3	-0.756762	0.872037	0.355136	-0.156901	-0.0577552	3	nan	1	4	0	0	0.893204	0.429206
chr6:159500000-160000000	chr6	159500000	0.505176	-0.147664	0.588975	-0.189273	8	-0.521786	0.939672	0.92974	-0.0856454	0.0872495	6	0.0404484	6	6	0	0	0.897825	0.433357
chr6:160000000-160500000	chr6	160000000	1.11329	-0.072245	0.907462	0.106731	3	-0.940754	0.770603	-0.718105	-0.0482886	0.456549	2	nan	1	6	0	0	0.902446	0.431179
chr6:160500000-161000000	chr6	160500000	0.944557	0.0295003	0.738972	0.36765	3	-1.15988	0.576289	-0.640787	0.0631929	nan	1	nan	1	4	0	0.5	0.907066	0.407883
chr6:161000000-161500000	chr6	161000000	0.352322	-0.132953	0.327793	-0.104397	1	-0.286618	0.581251	-0.574972	-0.119019	nan	1	nan	1	0	0	0.5	0.911687	0.427391
chr6:161500000-162000000	chr6	161500000	1.08226	-0.0977111	0.652949	0.0760526	0	-0.395258	0.541959	-1.2846	0.0537979	nan	0	nan	0	1	0	0.5	0.916308	0.409758
chr6:162000000-162500000	chr6	162000000	0.785327	0.279827	0.874262	-0.0275969	0	0.188095	0.175169	-1.35026	0.0226021	nan	0	nan	0	0	0	0.5	0.920929	0.393684
chr6:162500000-163000000	chr6	162500000	0.445229	0.306333	0.77925	0.2005	2	0.40725	0.13208	-1.38774	0.0166248	nan	1	-0.0346025	2	1	0	0.5	0.92555	0.382692
chr6:163000000-163500000	chr6	163000000	0.0360235	0.159017	0.2227	-0.048834	1	1.00065	-0.262261	-0.635451	0.0561369	nan	1	nan	1	3	0	0.5	0.93017	0.414708
chr6:163500000-164000000	chr6	163500000	0.108809	0.00891068	0.143093	-0.0828718	0	0.849975	0.0779978	-0.833717	0.176152	nan	0	nan	0	4	0	0.5	0.934791	0.419166
chr6:164000000-164500000	chr6	164000000	0.566014	0.352925	0.430137	0.578629	0	0.201825	0.245122	-1.37055	0.0340723	nan	0	nan	0	1	0	0	0.939412	0.396038
chr6:164500000-165000000	chr6	164500000	0.651513	0.197115	0.383928	0.594142	0	-0.167899	0.356494	-1.38344	0.0467457	nan	0	nan	0	0	0	0	0.944033	0.373631
chr6:165000000-165500000	chr6	165000000	0.648884	0.470854	0.763694	0.228627	1	0.0818921	0.288391	-1.32812	0.0760432	nan	0	nan	0	1	0	0	0.948654	0.388722
chr6:165500000-166000000	chr6	165500000	0.523355	0.170683	0.474202	0.279464	1	0.793633	0.270987	-0.966688	0.120351	nan	1	nan	1	8	0	0	0.953274	0.424487
chr6:166000000-166500000	chr6	166000000	0.54895	-0.0707257	0.599679	0.00491261	4	1.10015	0.147712	0.231506	0.14821	0.125603	3	0.0677495	3	10	0	0	0.957895	0.44105
chr6:166500000-167000000	chr6	166500000	0.583195	-0.0113537	0.503466	-0.136522	4	1.56058	-0.22082	0.894845	-0.00317891	0.0613724	4	0.00174263	3	8	0	0	0.962516	0.455561
chr6:167000000-167500000	chr6	167000000	0.985791	0.0634814	0.730813	0.122877	4	1.636	-0.15295	0.634929	0.0724349	nan	0	nan	0	6	0	0	0.967137	0.462736
chr6:167500000-168000000	chr6	167500000	0.139197	0.151211	0.381164	-0.136666	2	1.75705	-0.342246	0.332454	0.01347	nan	1	nan	1	12	0.1	0	0.971758	0.451832
chr6:168000000-168500000	chr6	168000000	0.913047	-0.18924	0.652989	-0.0472902	3	1.47312	-0.111808	-0.369003	0.0787838	0.0486364	3	0.524732	2	23	0	0	0.976379	0.4942
chr6:168500000-169000000	chr6	168500000	0.918271	0.279021	0.844623	0.066835	0	1.14219	-0.124428	-0.601717	0.0867814	nan	0	nan	0	13	0	0	0.980999	0.455235
chr6:169000000-169500000	chr6	169000000	0.579608	-0.048634	0.593991	-0.12241	1	0.284744	0.310423	-0.622007	0.107375	nan	1	nan	1	8	0	0	0.98562	0.438241
chr6:169500000-170000000	chr6	169500000	0.703812	-0.165469	0.375831	0.13008	5	1.00917	0.0563222	0.370922	0.00434982	-0.0530803	5	-0.0739571	4	16	0	0	0.990241	0.454286
chr6:170000000-170500000	chr6	170000000	0.693185	-0.134166	0.517675	0.0459454	2	1.43737	-0.184209	0.688345	0.0860208	-0.247808	2	-0.0174512	2	31	0	0	0.994862	0.497584
chr6:170500000-171000000	chr6	170500000	-0.365233	0.531627	0.005251	0.0547479	3	nan	nan	nan	nan	0.230132	3	0.084829	3	7	0.12	0	0.999483	0.417921
chr7:0-500000	chr7	0	nan	nan	nan	nan	2	1.43939	-0.155144	0.76022	-0.00492524	nan	1	nan	1	50	0.024792	0	0.995697	0.547282
chr7:500000-1000000	chr7	500000	nan	nan	nan	nan	8	1.36587	-0.0942322	1.28353	-0.017245	0.0857762	7	0.0863643	7	63	0	0	0.987091	0.552079
chr7:1000000-1500000	chr7	1000000	nan	nan	nan	nan	6	1.58539	-0.138112	1.20502	0.0764667	-0.0745674	4	0.0363376	5	55	0	0	0.978485	0.568442
chr7:1500000-2000000	chr7	1500000	nan	nan	nan	nan	5	1.50953	-0.0190678	1.15158	-0.0821894	-0.0546084	5	-0.0579036	5	41	0	0	0.96988	0.556948
chr7:2000000-2500000	chr7	2000000	nan	nan	nan	nan	7	1.42048	-0.0455144	1.35347	-0.0201017	0.263458	6	0.0798266	4	22	0	0	0.961274	0.534567
chr7:2500000-3000000	chr7	2500000	nan	nan	nan	nan	6	0.918489	0.273243	1.35623	-0.0192701	-0.125642	6	0.0417749	6	24	0	0	0.952668	0.522682
chr7:3000000-3500000	chr7	3000000	-0.466261	-0.0520981	-0.530806	-0.172799	2	0.170393	0.316289	0.438729	0.0446612	-0.109577	2	nan	1	2	0	0.25	0.944062	0.431248
chr7:3500000-4000000	chr7	3500000	0.0225498	-0.315253	-0.142419	-0.325796	0	-0.349983	0.432187	-0.402919	0.181116	nan	0	nan	0	0	0	0.25	0.935456	0.416554
chr7:4000000-4500000	chr7	4000000	0.457313	-0.429196	0.0210146	-0.229307	0	-0.498739	0.174427	-0.204915	0.152204	nan	0	nan	0	4	0	0.25	0.92685	0.471305
chr7:4500000-5000000	chr7	4500000	-0.0614898	-0.377647	-0.527219	-0.133215	5	0.132234	0.195565	0.980453	-0.000815433	-0.00785689	3	0.228248	3	28	0	0	0.918244	0.493366
chr7:5000000-5500000	chr7	5000000	-0.454107	-0.210852	-0.910829	0.0805267	4	1.17142	-0.0200315	1.38062	0.0131456	-0.249957	4	0.0801334	4	31	0	0	0.909639	0.513699
chr7:5500000-6000000	chr7	5500000	-0.781843	0.024359	-1.04973	0.0495717	7	1.31298	0.2489	1.40824	-0.0494369	-0.00426846	5	0.0937476	5	19	0	0	0.901033	0.484954
chr7:6000000-6500000	chr7	6000000	-0.959816	0.0250224	-1.06762	-0.0525045	11	1.45828	-0.0124921	1.30772	-0.00295532	-0.120239	8	0.0762153	8	17	0	0	0.892427	0.468403
chr7:6500000-7000000	chr7	6500000	0.33051	-0.332783	-0.091484	-0.093124	8	1.21801	-0.0189301	1.26227	-0.0359084	-0.0883948	7	0.0461433	5	21	0	0	0.883821	0.488268
chr7:7000000-7500000	chr7	7000000	0.419522	-0.110813	0.463657	0.136255	1	-0.07356	0.0109163	-0.0351199	0.189113	nan	1	nan	1	1	0	1	0.875215	0.392251
chr7:7500000-8000000	chr7	7500000	0.257094	-0.342286	0.426306	-0.0448461	5	0.119551	0.152064	0.909887	-0.0494877	-0.0207233	4	-0.0441185	5	3	0	1	0.866609	0.37527
chr7:8000000-8500000	chr7	8000000	0.762036	0.239964	1.22634	-0.257761	2	-0.264929	0.0649184	0.231559	-0.0212219	0.268267	2	nan	1	3	0	1	0.858003	0.391478
chr7:8500000-9000000	chr7	8500000	0.812862	0.54404	1.05281	0.428475	0	-0.863536	-0.183719	-1.18136	0.144278	nan	0	nan	0	0	0	1	0.849398	0.358754
chr7:9000000-9500000	chr7	9000000	0.488006	0.107756	0.850276	0.16093	0	-1.03542	-0.158837	-1.36553	-0.00826363	nan	0	nan	0	0	0	1	0.840792	0.348511
chr7:9500000-10000000	chr7	9500000	0.44329	0.14211	0.692667	0.45823	0	-0.84581	-0.400641	-1.38506	0.0189303	nan	0	nan	0	1	0	1	0.832186	0.348642
chr7:10000000-10500000	chr7	10000000	0.582643	0.292103	1.00374	0.217764	0	-0.884662	-0.266624	-1.35869	-0.0184263	nan	0	nan	0	0	0	1	0.82358	0.355761
chr7:10500000-11000000	chr7	10500000	0.887567	0.0883472	0.990788	0.23072	2	-0.873516	-0.200581	-0.939216	-0.0894878	nan	1	nan	1	3	0	1	0.814974	0.374493
chr7:11000000-11500000	chr7	11000000	0.397531	0.130629	0.931199	0.0484266	0	-0.498374	-0.202753	-0.132951	-0.00363685	nan	0	nan	0	0	0	1	0.806368	0.362122
chr7:11500000-12000000	chr7	11500000	0.441197	-0.0125746	0.577207	0.395805	1	-0.832501	-0.0595723	-0.742764	0.15062	nan	1	nan	1	1	0	1	0.797762	0.351237
chr7:12000000-12500000	chr7	12000000	0.255021	-0.103898	0.629199	0.0235155	2	-0.360259	-0.223932	-1.04012	-0.0908728	-0.165946	2	-0.221646	2	3	0	1	0.789157	0.359658
chr7:12500000-13000000	chr7	12500000	0.0967447	-0.23285	0.150187	-0.0280628	3	-0.58517	-0.0795635	-1.18122	-0.0287157	0.0919948	2	0.437204	2	2	0	1	0.780551	0.37824
chr7:13000000-13500000	chr7	13000000	0.192396	-0.0759486	0.874931	-0.143768	0	-0.652335	-0.184365	-1.28786	0.0129606	nan	0	nan	0	0	0	1	0.771945	0.354103
chr7:13500000-14000000	chr7	13500000	-0.0417955	0.113261	0.253049	0.162365	1	-0.47607	-0.144837	-1.27546	-0.00772631	nan	1	nan	1	2	0	0	0.763339	0.359949
chr7:14000000-14500000	chr7	14000000	0.0965344	0.153058	0.343419	0.346636	0	-0.203247	0.0461738	-1.22145	0.00950548	nan	0	nan	0	0	0	0	0.754733	0.355082
chr7:14500000-15000000	chr7	14500000	-0.0383591	0.166072	0.302648	0.531928	1	-0.447028	-0.195215	-1.283	0.0245958	nan	1	nan	1	0	0	0	0.746127	0.350596
chr7:15000000-15500000	chr7	15000000	0.147766	-0.0460691	0.495306	-0.0849385	0	-0.843623	-0.184326	-1.34482	-0.0466426	nan	0	nan	0	0	0	0	0.737522	0.353673
chr7:15500000-16000000	chr7	15500000	0.0573225	0.183744	0.357598	0.28836	2	-0.802488	-0.186241	-1.36374	0.00882564	nan	0	nan	0	0	0	0	0.728916	0.357217
chr7:16000000-16500000	chr7	16000000	0.258998	-0.207309	0.544969	-0.242899	2	-0.597338	-0.149095	-1.3837	0.0301242	nan	1	0.162492	2	2	0	0	0.72031	0.366059
chr7:16500000-17000000	chr7	16500000	-0.549478	-0.24745	-0.38014	-0.365392	6	0.103252	-0.175176	-1.18242	-0.0690077	-0.209972	3	-0.0225868	3	5	0	1	0.711704	0.385921
chr7:17000000-17500000	chr7	17000000	-0.944871	-0.209905	-0.581658	-0.273279	1	-0.659522	-0.271025	0.668966	-0.19649	nan	1	nan	1	1	0	1	0.703098	0.368391
chr7:17500000-18000000	chr7	17500000	-0.901679	0.119335	-0.631047	-0.0803079	1	-0.296025	0.0933866	-0.164684	0.0357817	nan	1	nan	1	1	0	1	0.694492	0.374271
chr7:18000000-18500000	chr7	18000000	-0.691897	-0.110739	-0.473866	0.0298411	2	-0.122093	-0.166814	-1.21973	-0.0136933	-0.264744	2	nan	1	2	0	1	0.685886	0.365915
chr7:18500000-19000000	chr7	18500000	-0.617258	-0.0992588	-0.360133	0.0867762	0	-0.607345	-0.395759	-1.2779	-0.10424	nan	0	nan	0	0	0	1	0.677281	0.359433
chr7:19000000-19500000	chr7	19000000	-0.32633	-0.0046556	-0.149539	-0.0969494	2	-0.906902	-0.239262	-1.36337	-0.12048	nan	1	nan	1	6	0	1	0.668675	0.364483
chr7:19500000-20000000	chr7	19500000	0.00825835	0.569928	0.545235	0.197644	2	-0.9479	-0.2184	-1.1856	-0.0463388	nan	1	nan	0	1	0	1	0.660069	0.360637
chr7:20000000-20500000	chr7	20000000	0.100149	0.110361	0.493681	0.103353	2	-0.71967	-0.127296	0.612883	0.0231286	nan	1	nan	1	1	0	1	0.651463	0.37025
chr7:20500000-21000000	chr7	20500000	0.626223	0.184252	0.947246	0.016966	2	-0.597658	-0.102753	-1.26601	0.0639766	nan	1	nan	0	5	0	1	0.642857	0.38172
chr7:21000000-21500000	chr7	21000000	0.68874	0.167851	0.820047	0.159364	1	-0.398212	0.263009	-0.356143	0.0880869	nan	1	nan	1	1	0	0	0.634251	0.388251
chr7:21500000-22000000	chr7	21500000	0.615856	-0.0413303	0.765723	-0.0343018	2	-0.331213	0.144315	-0.522159	0.100164	-0.392154	2	-0.10565	2	2	0	0	0.625645	0.39294
chr7:22000000-22500000	chr7	22000000	0.43339	0.0675425	0.38011	0.0538214	1	0.512656	0.112146	-0.501714	-0.136558	nan	1	nan	1	3	0	0	0.61704	0.409073
chr7:22500000-23000000	chr7	22500000	-0.549763	-0.241559	-0.372384	-0.214273	3	0.516883	0.387275	0.489357	-0.179015	0.312187	3	nan	1	4	0	0	0.608434	0.41037
chr7:23000000-23500000	chr7	23000000	-1.00873	0.0745008	-0.770337	-0.14003	6	0.933774	0.278932	1.35617	-0.00597561	-0.256481	6	-0.00487823	4	10	0	0	0.599828	0.410058
chr7:23500000-24000000	chr7	23500000	-0.396181	-0.117708	-0.355787	-0.177038	4	0.459762	0.262679	1.24664	-0.189853	-0.00206587	4	0.0848984	3	6	0	0	0.591222	0.402602
chr7:24000000-24500000	chr7	24000000	0.0454056	-0.0578175	-0.0143003	-0.119295	1	0.266274	0.461249	1.19108	-0.448248	nan	0	nan	0	1	0	0	0.582616	0.400711
chr7:24500000-25000000	chr7	24500000	-0.295303	-0.190403	-0.249869	-0.19813	3	0.847211	0.0490234	1.32419	-0.0761404	-0.0168255	3	-0.124536	2	4	0	0	0.57401	0.399908
chr7:25000000-25500000	chr7	25000000	0.545393	-0.0636969	0.482091	-0.280623	3	0.996488	0.240163	0.616565	0.104411	0.105072	2	nan	1	2	0	0	0.565404	0.409856
chr7:25500000-26000000	chr7	25500000	0.687952	-0.108063	0.444715	-0.0895579	0	1.22554	0.132942	-0.0351854	0.122921	nan	0	nan	0	4	0	0.5	0.556799	0.411826
chr7:26000000-26500000	chr7	26000000	0.417529	-0.158744	0.289381	-0.0654192	4	1.2693	-0.183579	1.36618	-0.0854732	-0.153906	4	0.0981312	4	5	0	0.5	0.548193	0.428281
chr7:26500000-27000000	chr7	26500000	0.807839	-0.0677229	0.825742	0.0572423	1	0.715296	0.129691	0.646262	-0.151027	nan	1	nan	1	1	0	0.5	0.539587	0.390157
chr7:27000000-27500000	chr7	27000000	-0.0779769	-0.181775	-0.272409	-0.106819	12	0.949937	-0.00601563	0.0321284	0.162635	0.103436	5	-0.0311295	2	38	0	0.5	0.530981	0.446197
chr7:27500000-28000000	chr7	27500000	-0.958142	0.120833	-0.832737	0.0381639	2	0.973332	-0.0632203	0.855567	-0.0344317	0.119499	2	-0.0503165	2	2	0	0.5	0.522375	0.394071
chr7:28000000-28500000	chr7	28000000	-0.914929	-0.0298133	-0.932745	-0.272606	2	1.15813	0.0815677	0.353672	-0.0714252	0.038116	2	-0.0272593	2	2	0	0	0.513769	0.406017
chr7:28500000-29000000	chr7	28500000	-0.851836	0.00831986	-0.692373	-0.335641	1	1.15148	-0.0539417	0.130713	0.0115751	nan	1	nan	1	2	0	0	0.505164	0.408764
chr7:29000000-29500000	chr7	29000000	-0.564894	-0.0360491	-0.78247	-0.121288	2	1.09851	-0.256358	-0.645218	0.10763	-0.252078	2	0.0670936	2	1	0	0.75	0.496558	0.417376
chr7:29500000-30000000	chr7	29500000	-0.667289	-0.128162	-0.70653	-0.136306	3	1.20076	-0.113518	-0.391936	0.0181965	-0.0620355	3	-0.168492	3	8	0	0.75	0.487952	0.411289
chr7:30000000-30500000	chr7	30000000	-0.887548	-0.141463	-0.833604	-0.0207105	5	1.13759	-0.0317376	1.29672	-0.031181	-0.188816	5	-0.0937724	5	5	0	0.75	0.479346	0.411282
chr7:30500000-31000000	chr7	30500000	0.0838356	-0.259567	0.0397178	-0.292403	7	0.993871	0.00511901	0.621366	-0.0486458	-0.00145545	6	0.0329255	3	4	0	0.75	0.47074	0.475876
chr7:31000000-31500000	chr7	31000000	1.03504	-0.204468	0.754544	-0.0148649	2	-0.216265	0.0682047	-0.809191	0.0288465	nan	0	nan	0	3	0	0.75	0.462134	0.4189
chr7:31500000-32000000	chr7	31500000	0.95179	0.039307	0.862925	0.102678	2	-0.347454	-0.0997783	-0.972054	0.256049	nan	0	nan	0	0	0	0.75	0.453528	0.389968
chr7:32000000-32500000	chr7	32000000	0.772674	0.0301938	0.511351	0.0985764	3	-0.399675	-0.0161631	-0.900614	0.189205	0.0485919	3	0.108658	3	5	0	0.75	0.444923	0.414008
chr7:32500000-33000000	chr7	32500000	-0.125604	-0.207629	-0.0383697	-0.171594	2	0.569995	-0.112979	0.572385	0.0784548	-0.0325411	2	-0.0638436	2	5	0	0.75	0.436317	0.410211
chr7:33000000-33500000	chr7	33000000	0.144354	-0.239512	0.335832	-0.0345717	3	0.115082	-0.0286869	-0.0359823	0.242423	-0.0520079	3	0.0753211	3	3	0	0.75	0.427711	0.381333
chr7:33500000-34000000	chr7	33500000	0.312424	-0.242254	0.300489	-0.35177	1	0.441027	-0.0326006	-0.423098	0.0898512	nan	1	nan	1	1	0	0.75	0.419105	0.407996
chr7:34000000-34500000	chr7	34000000	0.490223	0.00321608	0.378123	0.0571885	0	-0.351076	0.102687	-1.11531	-0.0658836	nan	0	nan	0	1	0	0.75	0.410499	0.397941
chr7:34500000-35000000	chr7	34500000	0.636581	-0.261487	0.455882	0.170491	1	-0.441563	-0.0242394	-1.24423	0.0802598	nan	0	nan	0	0	0	0.75	0.401893	0.389341
chr7:35000000-35500000	chr7	35000000	0.104052	-0.0676577	0.0667755	0.124667	2	0.831488	-0.170926	-0.797985	0.0931856	-0.0645251	2	-0.159122	2	7	0	0	0.393287	0.39767
chr7:35500000-36000000	chr7	35500000	-0.493699	-0.120443	-0.434498	-0.0319109	2	0.871795	-0.00165646	0.816114	-0.00157124	-0.204702	2	nan	1	6	0	0	0.384682	0.40324
chr7:36000000-36500000	chr7	36000000	-0.18305	-0.200218	-0.0864152	-0.319764	3	1.2386	-0.0113812	0.714398	-0.13125	-0.107094	3	0.0637243	2	3	0	0	0.376076	0.431983
chr7:36500000-37000000	chr7	36500000	0.435206	-0.0437606	0.370825	-0.302732	1	0.970775	0.118628	0.0143856	-0.0615126	nan	0	nan	0	0	0	0	0.36747	0.415173
chr7:37000000-37500000	chr7	37000000	0.610326	0.353222	0.906755	-0.21899	1	0.911348	-0.0226435	0.644466	0.0192918	nan	1	nan	1	1	0	0.75	0.358864	0.413704
chr7:37500000-38000000	chr7	37500000	0.788828	0.218024	1.07328	-0.112879	4	0.557635	0.127042	0.707681	-0.190768	0.286233	2	-0.000259722	2	2	0	0.75	0.350258	0.3863
chr7:38000000-38500000	chr7	38000000	0.54979	0.0625859	0.53863	-0.0448881	2	0.437367	0.107958	0.675594	0.0643659	nan	1	nan	1	2	0	0.75	0.341652	0.387425
chr7:38500000-39000000	chr7	38500000	0.464844	-0.00752419	0.435012	0.0977385	3	0.503792	-0.239626	-0.308019	-0.154389	-0.366428	3	0.0664494	3	2	0	0.75	0.333046	0.390618
chr7:39000000-39500000	chr7	39000000	0.458779	0.202728	0.63146	-0.120479	0	0.589928	-0.138529	-0.948082	0.12903	nan	0	nan	0	1	0	0.75	0.324441	0.398019
chr7:39500000-40000000	chr7	39500000	-0.752136	-0.0372083	-0.602222	-0.109581	3	1.10602	0.0824446	0.822386	-0.131059	-0.0317469	3	0.0386484	3	7	0	0.75	0.315835	0.413213
chr7:40000000-40500000	chr7	40000000	-1.15168	0.194264	-1.07685	-0.0208845	2	0.967521	0.193663	-0.0806806	-0.147654	0.278713	2	0.0774981	2	1	0	0.75	0.307229	0.390687
chr7:40500000-41000000	chr7	40500000	-0.953121	0.0184996	-0.905158	-0.0454279	0	0.891104	0.141056	-1.11955	0.0671686	nan	0	nan	0	0	0	0.75	0.298623	0.38918
chr7:41000000-41500000	chr7	41000000	-1.21776	0.222849	-1.08375	-0.136227	0	0.858473	0.0848811	-0.499747	-0.130433	nan	0	nan	0	0	0	0.75	0.290017	0.393342
chr7:41500000-42000000	chr7	41500000	-0.739992	-0.282151	-0.847375	-0.121213	1	1.0091	0.166901	-0.248576	0.0309317	nan	1	nan	1	2	0	0.75	0.281411	0.404126
chr7:42000000-42500000	chr7	42000000	-0.432384	-0.432597	-0.760686	-0.198695	1	0.956697	0.325691	-0.860055	0.061764	nan	1	nan	1	2	0	0.75	0.272806	0.403255
chr7:42500000-43000000	chr7	42500000	-0.511102	-0.11232	-0.644652	-0.148644	3	1.11001	-0.0520017	-0.675171	0.0328822	0.165538	3	0.028351	3	2	0	0.75	0.2642	0.394782
chr7:43000000-43500000	chr7	43000000	-0.505211	-0.238768	-0.687849	-0.174706	1	1.133	-0.038606	0.690568	-0.162749	nan	1	nan	1	3	0	0.75	0.255594	0.414259
chr7:43500000-44000000	chr7	43500000	-0.76389	-0.225944	-1.05033	0.0232421	7	1.49954	-0.0688175	1.31085	0.0996736	0.114272	7	0.0783307	5	6	0	0	0.246988	0.437387
chr7:44000000-44500000	chr7	44000000	-0.574447	-0.106906	-0.902671	0.00203172	10	1.58903	0.000974831	1.35288	0.0919085	0.098936	9	0.0734111	10	18	0	0	0.238382	0.502625
chr7:44500000-45000000	chr7	44500000	-0.778549	-0.205032	-0.903959	-0.152843	9	1.5876	-0.0300263	1.45063	0.0930087	0.140131	9	0.0855916	6	11	0	0	0.229776	0.467456
chr7:45000000-45500000	chr7	45000000	0.187561	-0.376343	-0.203724	-0.0798666	4	1.30817	-0.0398277	0.959724	-0.0475465	0.105626	3	-0.0171935	3	3	0	0	0.22117	0.452491
chr7:45500000-46000000	chr7	45500000	0.0540633	-0.275553	-0.477272	0.0121367	4	1.1297	0.135746	0.257819	-0.134264	0.240263	3	0.157348	2	6	0	0.75	0.212565	0.447092
chr7:46000000-46500000	chr7	46000000	-0.92044	0.0128697	-0.910397	-0.0849322	0	1.05422	0.157378	0.550191	-0.510958	nan	0	nan	0	0	0	0.75	0.203959	0.39011
chr7:46500000-47000000	chr7	46500000	-0.972431	0.11756	-1.02657	0.0243518	0	1.20209	0.100995	-0.108185	-0.603563	nan	0	nan	0	0	0	0.75	0.195353	0.38631
chr7:47000000-47500000	chr7	47000000	-0.526563	-0.0926299	-0.648286	-0.122908	0	1.36345	0.110331	-0.393725	-0.237191	nan	0	nan	0	2	0	0.75	0.186747	0.443576
chr7:47500000-48000000	chr7	47500000	-0.363267	-0.14108	-0.601841	-0.237723	3	1.24171	0.185395	-0.329032	-0.0695502	0.0473346	3	0.0213391	3	3	0	0.75	0.178141	0.456712
chr7:48000000-48500000	chr7	48000000	0.268035	-0.134678	0.133577	-0.170317	4	0.222637	0.426017	-0.76886	0.0721584	0.333805	3	-0.128182	2	3	0	0.75	0.169535	0.403459
chr7:48500000-49000000	chr7	48500000	0.691703	0.28866	0.791027	0.0802984	1	0.0534762	0.188161	-1.33897	0.0537795	nan	1	nan	1	2	0	0.75	0.160929	0.378889
chr7:49000000-49500000	chr7	49000000	0.733508	0.122807	0.706609	0.297218	0	-0.597209	0.208894	0.344891	-0.658542	nan	0	nan	0	0	0	0	0.152324	0.363447
chr7:49500000-50000000	chr7	49500000	0.840524	0.106752	0.706946	0.179152	1	-0.487274	0.341966	-0.0993528	-0.514791	nan	1	nan	1	1	0	0	0.143718	0.3811
chr7:50000000-50500000	chr7	50000000	0.865657	0.0924305	0.82865	-0.0879856	4	0.145107	0.0496049	0.56735	0.12933	nan	1	nan	1	6	0	0	0.135112	0.406426
chr7:50500000-51000000	chr7	50500000	0.845926	-0.308905	0.424698	-0.236312	2	0.508342	0.0714663	-0.602909	0.0533978	nan	1	nan	1	3	0	0.75	0.126506	0.438374
chr7:51000000-51500000	chr7	51000000	0.817725	-0.222384	0.481498	0.00440401	1	0.301169	0.12199	-0.783594	-0.124875	nan	1	nan	1	3	0	0.75	0.1179	0.438395
chr7:51500000-52000000	chr7	51500000	1.00827	-0.0634986	0.82448	0.0133269	0	-0.511723	-0.132446	-1.30121	-0.0286366	nan	0	nan	0	0	0	0.75	0.109294	0.398204
chr7:52000000-52500000	chr7	52000000	0.371041	0.0401129	0.521176	0.109817	0	-0.345039	-0.383712	-0.958761	0.0744763	nan	0	nan	0	1	0	0.75	0.100688	0.377842
chr7:52500000-53000000	chr7	52500000	0.166825	0.274635	0.346378	0.0705012	0	-0.408398	-0.106406	-1.06114	0.398569	nan	0	nan	0	0	0	0.75	0.0920826	0.366555
chr7:53000000-53500000	chr7	53000000	0.410862	0.222074	0.512609	0.393341	1	-0.150966	-0.204832	-1.41598	0.0323019	nan	0	nan	0	3	0	0.75	0.0834768	0.363033
chr7:53500000-54000000	chr7	53500000	0.617965	0.283606	0.782841	0.232545	0	-0.633951	-0.12905	-1.47162	-0.00429168	nan	0	nan	0	0	0	0.75	0.0748709	0.362052
chr7:54000000-54500000	chr7	54000000	0.664	0.315593	0.958922	0.218914	0	-0.602712	-0.131104	-1.41149	-0.0312033	nan	0	nan	0	0	0	0	0.0662651	0.369565
chr7:54500000-55000000	chr7	54500000	0.392718	-0.156342	0.250724	0.0182864	2	-0.123508	-0.151831	-1.06244	0.00714409	nan	1	nan	1	9	0	0	0.0576592	0.394181
chr7:55000000-55500000	chr7	55000000	0.023358	-0.172386	0.0290646	-0.422434	2	0.412079	-0.0864279	0.417912	-0.194277	-0.11757	2	0.506826	2	7	0	0	0.0490534	0.447548
chr7:55500000-56000000	chr7	55500000	0.374543	-0.0712302	0.43133	-0.0467909	5	0.00738451	0.223481	0.514698	-0.0159991	0.145136	4	0.0812599	4	5	0	0	0.0404475	0.440385
chr7:56000000-56500000	chr7	56000000	0.502401	0.0770874	0.367647	0.206884	6	-0.227402	0.13662	0.194413	0.000306034	0.0659024	6	1.34948	4	10	0	0	0.0318417	0.44837
chr7:56500000-57000000	chr7	56500000	1.04525	-0.206772	0.744485	0.084644	0	-0.401119	-0.0791004	-0.452493	0.0583322	nan	0	nan	0	11	0	0	0.0232358	0.446751
chr7:57000000-57500000	chr7	57000000	0.892481	-0.171995	0.445688	0.329778	2	-0.396658	0.0882695	-0.404128	-0.0113087	nan	0	nan	0	9	0	0	0.0146299	0.445913
chr7:57500000-58000000	chr7	57500000	0.948788	0.139938	0.875735	0.31834	0	-0.511683	0.0364543	-0.82538	0.0349102	nan	0	nan	0	3	0	0	0.0060241	0.393481
chr7:58000000-58500000	chr7	58000000	nan	nan	nan	nan	0	-0.222184	0.0233765	nan	nan	nan	0	nan	0	1	0.1	nan	0	0.383261
chr7:58500000-59000000	chr7	58500000	nan	nan	nan	nan	0	nan	nan	nan	nan	nan	0	nan	0	0	0	nan	0	0.389598
chr7:59000000-59500000	chr7	59000000	nan	nan	nan	nan	0	nan	nan	nan	nan	nan	0	nan	0	0	0	nan	0	0.389361
chr7:59500000-60000000	chr7	59500000	nan	nan	nan	nan	0	nan	nan	nan	nan	nan	0	nan	0	0	0	nan	0	0.389532
chr7:60000000-60500000	chr7	60000000	nan	nan	nan	nan	0	nan	nan	nan	nan	nan	0	nan	0	0	0	nan	0	0.389018
chr7:60500000-61000000	chr7	60500000	nan	nan	nan	nan	0	nan	nan	nan	nan	nan	0	nan	0	2	0.1	nan	0	0.380933
chr7:61000000-61500000	chr7	61000000	nan	nan	nan	nan	0	-0.204741	0.116061	-0.41064	0.118507	nan	0	nan	0	0	0.100096	nan	0	0.37079
chr7:61500000-62000000	chr7	61500000	nan	nan	nan	nan	0	-0.340781	0.106081	nan	nan	nan	0	nan	0	0	0.15358	nan	0	0.367655
chr7:62000000-62500000	chr7	62000000	0.838615	-0.106529	0.869533	0.105589	0	-0.211617	0.0209055	-0.62776	0.123146	nan	0	nan	0	2	0.13865	0	0.00154248	0.365576
chr7:62500000-63000000	chr7	62500000	0.834127	-0.294381	0.647682	0.234252	0	-0.772199	0.0375432	-0.570226	-0.0420559	nan	0	nan	0	0	0.013558	0	0.00668408	0.37302
chr7:63000000-63500000	chr7	63000000	0.652361	0.155264	0.584678	0.259275	0	-0.82765	0.0885833	-0.795678	0.112817	nan	0	nan	0	8	0	0	0.0118257	0.408262
chr7:63500000-64000000	chr7	63500000	0.919664	-0.0328783	0.611229	0.0545671	1	-0.879356	0.0689445	-0.417037	0.0300509	nan	0	nan	0	20	0	0	0.0169673	0.457506
chr7:64000000-64500000	chr7	64000000	0.654981	-0.0297896	0.778369	-0.0475345	4	-1.02203	0.124547	-0.493388	0.0477549	nan	1	nan	0	7	0	0	0.0221089	0.406225
chr7:64500000-65000000	chr7	64500000	0.415422	-0.19319	0.475094	-0.254323	5	-0.797081	0.169939	0.547167	0.128112	-0.143922	5	-0.137826	4	7	0	0	0.0272505	0.41416
chr7:65000000-65500000	chr7	65000000	-0.209188	-0.133306	-0.184706	-0.0198618	2	-0.579594	0.210294	0.716336	0.197896	-0.0692762	2	-0.0327216	2	9	0	0	0.0323921	0.408965
chr7:65500000-66000000	chr7	65500000	-0.256622	-0.224965	-0.291692	-0.379533	2	0.181514	0.110843	1.11843	-0.00619618	0.189295	2	0.132067	2	9	0	0	0.0375337	0.419127
chr7:66000000-66500000	chr7	66000000	-0.584608	-0.254521	-0.781978	-0.0309494	3	0.682813	-0.0183627	1.29585	-7.15135e-05	-0.0766892	3	0.123977	3	8	0	0	0.0426753	0.444668
chr7:66500000-67000000	chr7	66500000	-0.732745	-0.0152119	-0.767899	-0.216692	5	1.20429	-0.101527	1.4534	0.0967375	-0.185328	5	0.0435905	5	13	0	0	0.0478169	0.461209
chr7:67000000-67500000	chr7	67000000	-0.23232	-0.108403	-0.575733	-0.200172	1	1.41655	-0.330127	0.784044	0.0394513	nan	1	nan	0	2	0	0	0.0529585	0.439184
chr7:67500000-68000000	chr7	67500000	0.53341	0.118855	0.290947	-0.144458	0	1.12591	-0.269994	0.0863875	0.00245373	nan	0	nan	0	0	0	0.5	0.0581001	0.443928
chr7:68000000-68500000	chr7	68000000	0.548862	-0.0398634	0.233201	-0.153148	0	1.16276	-0.292536	-0.0459573	0.145386	nan	0	nan	0	0	0	0.5	0.0632417	0.430907
chr7:68500000-69000000	chr7	68500000	0.208506	-0.0366532	-0.0544928	-0.137553	0	1.03805	-0.251535	0.080664	0.0496738	nan	0	nan	0	0	0	0.5	0.0683833	0.434105
chr7:69000000-69500000	chr7	69000000	0.365764	-0.0191708	0.00376768	-0.198892	0	1.13902	-0.337597	0.563747	-0.266012	nan	0	nan	0	0	0	0.5	0.0735249	0.438483
chr7:69500000-70000000	chr7	69500000	-0.183311	0.0600532	-0.0612845	-0.193423	1	1.17638	-0.277847	1.23442	0.0209054	nan	1	nan	1	1	0	0.5	0.0786665	0.40963
chr7:70000000-70500000	chr7	70000000	-0.142211	0.277533	-0.106343	-0.0360038	0	0.913536	-0.236921	0.810489	0.0637975	nan	0	nan	0	0	0	0.5	0.0838081	0.396383
chr7:70500000-71000000	chr7	70500000	0.231081	0.080539	-0.0216825	-0.0899162	0	1.03776	0.0214549	0.617591	0.0482819	nan	0	nan	0	3	0	0.5	0.0889497	0.44313
chr7:71000000-71500000	chr7	71000000	0.748337	0.138775	0.473068	0.0141225	1	0.985647	-0.0980495	0.128779	0.0294177	nan	1	nan	1	1	0	0.5	0.0940913	0.440553
chr7:71500000-72000000	chr7	71500000	0.707242	-0.0884714	0.243536	-0.08684	0	0.851717	-0.207488	0.912902	-0.0409478	nan	0	nan	0	0	0	0.5	0.0992329	0.442498
chr7:72000000-72500000	chr7	72000000	0.736004	0.0342246	0.464364	-0.0544955	1	0.341733	0.232926	1.26114	0.0113651	nan	1	nan	1	1	0	0.5	0.104375	0.433011
chr7:72500000-73000000	chr7	72500000	-0.55809	0.00980139	-0.564137	-0.0771172	3	1.08508	0.0723608	0.971369	0.0569213	-0.454509	3	0.0475953	3	8	0	0	0.109516	0.439187
chr7:73000000-73500000	chr7	73000000	-0.781949	-0.0237068	-1.02013	-0.0838244	8	1.6915	-0.130102	1.33565	0.0930621	0.0978742	5	0.136619	3	12	0	0	0.114658	0.486045
chr7:73500000-74000000	chr7	73500000	-0.828755	-0.13562	-0.96794	-0.140525	13	1.77147	-0.204356	1.24604	0.0313171	0.141601	11	0.078741	11	15	0	0	0.119799	0.506721
chr7:74000000-74500000	chr7	74000000	-0.786361	-0.0662296	-0.893561	-0.105099	7	1.59972	-0.0169119	1.39322	0.0475732	0.0370652	7	-0.0107548	6	9	0	0	0.124941	0.510642
chr7:74500000-75000000	chr7	74500000	-0.973403	-0.00192832	-1.28915	0.14295	5	1.54442	-0.0708258	1.36172	0.00959258	0.0379104	5	0.10953	3	7	0	0	0.130083	0.484549
chr7:75000000-75500000	chr7	75000000	-0.927372	0.0441365	-0.808879	-0.203798	8	nan	nan	0.737899	0.0342764	-0.0141101	6	0.109537	4	12	0	0	0.135224	0.485784
chr7:75500000-76000000	chr7	75500000	-0.641904	-0.184986	-1.02602	-0.141049	6	1.62979	-0.151523	1.40868	0.043143	-0.00889572	5	0.0418289	4	7	0	0	0.140366	0.487837
chr7:76000000-76500000	chr7	76000000	-0.66162	-0.124772	-0.992504	-0.176215	8	1.44352	-0.00686335	1.39843	0.0712751	0.153055	8	0.0193044	7	17	0	0	0.145507	0.500047
chr7:76500000-77000000	chr7	76500000	-0.0928114	-0.184971	-0.362839	0.109761	3	nan	nan	1.09843	-0.0805726	0.0304349	2	nan	1	6	0	0	0.150649	0.410091
chr7:77000000-77500000	chr7	77000000	-0.3228	-0.512005	-0.386566	-0.275477	5	0.496378	-0.291906	0.626421	-0.00717746	0.0691951	4	0.052505	3	2	0	0	0.155791	0.407889
chr7:77500000-78000000	chr7	77500000	-1.06	-0.227097	-0.945459	0.0240622	4	0.182472	-0.0159766	0.580028	-0.00844021	-0.0317805	4	-0.0516677	4	3	0	0	0.160932	0.397068
chr7:78000000-78500000	chr7	78000000	0.000628458	-0.263601	-0.017375	-0.180491	0	-0.937925	-0.296954	-0.950944	0.0282704	nan	0	nan	0	2	0	1	0.166074	0.386735
chr7:78500000-79000000	chr7	78500000	-0.267568	-0.0657557	0.0125611	-0.0696208	0	-1.17512	-0.0784031	-1.48255	-0.0432043	nan	0	nan	0	0	0	1	0.171215	0.363127
chr7:79000000-79500000	chr7	79000000	-0.483252	-0.279354	-0.304866	-0.0858136	1	-1.10181	-0.262752	-1.51592	-0.0596829	nan	1	nan	1	3	0	1	0.176357	0.35642
chr7:79500000-80000000	chr7	79500000	-0.887824	-0.147223	-0.673631	0.103466	0	-0.935168	0.00326753	-1.47662	-0.092063	nan	0	nan	0	0	0	1	0.181499	0.352646
chr7:80000000-80500000	chr7	80000000	-1.14659	-0.0711885	-0.888978	-0.0299437	1	-0.77105	-0.0435579	-1.4513	-0.0846385	nan	1	nan	1	1	0	1	0.18664	0.364694
chr7:80500000-81000000	chr7	80500000	-1.54365	0.137631	-1.13774	0.188874	3	-0.211866	-0.0418705	-1.43995	-0.0725684	0.0604515	2	-0.190601	2	1	0	1	0.191782	0.363579
chr7:81000000-81500000	chr7	81000000	-1.07622	-0.0827145	-0.933815	0.106817	0	-0.432156	-0.038982	-1.44492	-0.0750862	nan	0	nan	0	0	0	1	0.196923	0.364486
chr7:81500000-82000000	chr7	81500000	-0.84287	-0.244149	-0.557953	-0.00643073	1	-1.17172	-0.119287	-0.122484	-0.0195877	nan	1	nan	1	1	0	1	0.202065	0.34787
chr7:82000000-82500000	chr7	82000000	-1.03373	-0.0730188	-0.701387	0.0267027	1	-1.01626	0.0470207	0.608451	-0.0757148	nan	1	nan	1	1	0	1	0.207207	0.354975
chr7:82500000-83000000	chr7	82500000	-0.742153	-0.115088	-0.3586	0.0621452	0	-1.18878	-0.215016	-0.0890263	-6.08113e-05	nan	0	nan	0	0	0	1	0.212348	0.357656
chr7:83000000-83500000	chr7	83000000	-0.323625	-0.149955	0.164973	-0.0609391	1	-1.24928	-0.140291	-1.50299	-0.0502782	nan	1	nan	1	1	0	1	0.21749	0.348772
chr7:83500000-84000000	chr7	83500000	-0.228824	-0.19056	0.22175	-0.141648	1	-1.1348	-0.10377	-0.813833	-0.138216	nan	1	nan	1	1	0	1	0.222631	0.352445
chr7:84000000-84500000	chr7	84000000	-1.1162	-0.110871	-0.510291	0.0210859	1	-0.2252	-0.110993	-0.374591	-0.302358	nan	1	nan	1	0	0	1	0.227773	0.343387
chr7:84500000-85000000	chr7	84500000	-0.524297	-0.388401	-0.226476	-0.178421	0	-0.259317	-0.0786745	-1.20449	-0.0880233	nan	0	nan	0	1	0	1	0.232915	0.346372
chr7:85000000-85500000	chr7	85000000	-0.712609	-0.00475064	-0.14308	0.187808	1	-1.13396	-0.122256	-1.38963	-0.0625155	nan	1	nan	1	1	0	1	0.238056	0.343919
chr7:85500000-86000000	chr7	85500000	0.00844132	0.0375079	0.357223	0.252024	0	-1.2327	-0.166764	-1.47005	0.0570514	nan	0	nan	0	0	0	1	0.243198	0.345048
chr7:86000000-86500000	chr7	86000000	0.643287	0.374171	1.02624	0.60438	0	-1.56946	-0.0330742	-1.5266	-0.0428649	nan	0	nan	0	0	0	1	0.248339	0.349068
chr7:86500000-87000000	chr7	86500000	0.915384	0.232162	1.05726	0.335487	1	-1.38257	-0.0309556	-1.22604	-0.116798	nan	0	nan	0	1	0	0	0.253481	0.367846
chr7:87000000-87500000	chr7	87000000	0.667624	-0.0892901	0.663746	0.0977491	5	-0.750741	-0.0732414	-0.374188	0.0159536	0.0603992	5	-0.0334113	4	5	0	0	0.258623	0.385686
chr7:87500000-88000000	chr7	87500000	0.623738	-0.0891837	0.911228	-0.126918	5	-1.33142	0.0326873	-0.692317	0.0379715	0.241073	5	-0.0695117	4	5	0	0	0.263764	0.367515
chr7:88000000-88500000	chr7	88000000	0.92415	0.195463	0.924504	0.192907	2	-1.10896	-0.159817	0.358124	-0.0458627	0.330384	2	nan	1	1	0	0	0.268906	0.374444
chr7:88500000-89000000	chr7	88500000	0.810314	0.333321	0.924911	0.509726	2	-1.28771	-0.118387	-1.15125	-0.0628175	nan	0	nan	0	1	0	0.75	0.274047	0.353548
chr7:89000000-89500000	chr7	89000000	0.726887	0.154122	0.901365	0.403408	0	-1.56509	-0.0104025	-1.34941	-0.181342	nan	0	nan	0	0	0	0.75	0.279189	0.352817
chr7:89500000-90000000	chr7	89500000	0.814754	0.282503	1.15187	0.462452	0	-1.4563	-0.0859283	-1.56575	0.00727444	nan	0	nan	0	0	0	0.75	0.284331	0.35866
chr7:90000000-90500000	chr7	90000000	0.335584	-0.0672453	0.681266	-0.297836	7	-1.04708	-0.0714579	-0.696567	-0.0517581	0.0750725	5	-0.0516845	4	6	0	0.75	0.289472	0.377453
chr7:90500000-91000000	chr7	90500000	-0.0335564	-0.210531	0.12877	-0.115566	1	-0.424092	-0.0780521	0.563514	-0.0307675	nan	1	nan	1	1	0	0.75	0.294614	0.379447
chr7:91000000-91500000	chr7	91000000	0.565623	-0.225133	0.701602	-0.389628	1	-0.834705	0.1255	-0.601411	-0.016983	nan	1	nan	1	1	0	0.75	0.299755	0.391126
chr7:91500000-92000000	chr7	91500000	0.298984	-0.0317222	0.470066	-0.0606276	2	-0.500769	0.367084	-1.40025	0.0239681	-0.260421	2	-0.0338467	2	2	0	0	0.304897	0.386277
chr7:92000000-92500000	chr7	92000000	-0.708867	0.0949063	-0.5569	0.0686482	6	0.0588212	0.00931959	0.93146	-0.0268685	-0.114144	4	0.00814405	4	4	0	0	0.310039	0.381433
chr7:92500000-93000000	chr7	92500000	-0.967949	0.0389749	-0.305465	-0.232429	4	-0.941875	0.141173	0.709387	-0.16455	0.151478	4	-0.0128927	4	3	0	0	0.31518	0.385784
chr7:93000000-93500000	chr7	93000000	0.130474	-0.0500875	0.390284	0.122432	4	-1.5793	0.0410699	-0.235325	-0.260154	-0.2802	3	nan	1	1	0	0	0.320322	0.370195
chr7:93500000-94000000	chr7	93500000	0.218795	0.150792	0.644461	-0.0128871	4	-1.27436	-0.0516842	-1.42914	-0.0445896	-0.0268228	3	-0.340038	2	2	0	0.75	0.325463	0.360672
chr7:94000000-94500000	chr7	94000000	-0.382599	0.0966083	-0.0408159	-0.0706057	2	-0.311782	0.0337759	0.177996	-0.140466	-0.149544	2	0.031893	2	1	0	0.75	0.330605	0.373941
chr7:94500000-95000000	chr7	94500000	0.242255	-0.105528	0.390037	-0.0413334	4	-0.763956	-0.101552	-1.00108	-0.0167575	-0.247858	3	-0.00466359	4	4	0	0.75	0.335747	0.367692
chr7:95000000-95500000	chr7	95000000	0.54959	0.0192611	0.762348	-0.121987	4	-1.01953	-0.121401	-1.37549	0.0831948	nan	1	nan	1	3	0	0.75	0.340888	0.376251
chr7:95500000-96000000	chr7	95500000	0.959308	-0.0245569	0.927319	0.181774	2	-0.929797	0.0242211	-0.793851	0.0635229	-0.372308	2	-0.0540976	2	3	0	0.75	0.34603	0.381685
chr7:96000000-96500000	chr7	96000000	0.797557	-0.156957	1.05955	-0.114207	1	-1.04972	-0.00639697	-0.8574	-0.172611	nan	1	nan	1	1	0	0.75	0.351171	0.390332
chr7:96500000-97000000	chr7	96500000	0.977261	0.0951887	0.900054	0.13325	1	-1.43684	0.0430217	-1.18135	-0.0236203	nan	1	nan	1	1	0	0.75	0.356313	0.382739
chr7:97000000-97500000	chr7	97000000	1.13515	0.0897684	0.886107	0.251046	3	-1.18695	-0.0148313	-0.746125	-0.161178	-0.142741	2	nan	1	8	0	0.75	0.361455	0.396691
chr7:97500000-98000000	chr7	97500000	1.19118	-0.0270526	1.0993	-0.0831531	3	-1.21292	0.0738786	-0.97548	-0.0505986	0.172695	2	nan	0	5	0	0.75	0.366596	0.402376
chr7:98000000-98500000	chr7	98000000	0.467667	-0.442898	0.0625093	-0.00430054	5	0.0822315	0.326356	0.966548	-0.000463838	-0.00600782	5	0.000942914	4	9	0	0.75	0.371738	0.47604
chr7:98500000-99000000	chr7	98500000	0.566529	-0.117247	0.0824499	-0.160111	3	-0.18941	0.535377	0.800667	-0.0678367	-0.191295	3	nan	1	6	0	0	0.376879	0.474733
chr7:99000000-99500000	chr7	99000000	-0.646258	0.0439669	-0.726069	-0.113013	11	1.19886	0.0677141	1.45185	-0.0314903	-0.0010001	9	0.131676	9	13	0	0	0.382021	0.470055
chr7:99500000-100000000	chr7	99500000	-0.295761	-0.183206	-0.661523	-0.178174	14	1.12909	0.0498403	1.36179	0.0409454	-0.169229	6	0.0020437	6	9	0	0	0.387163	0.435279
chr7:100000000-100500000	chr7	100000000	-0.857217	-0.0675764	-0.933704	-0.00205935	24	1.6596	-0.125922	1.42216	0.0943975	-0.0184804	24	0.0522148	20	17	0	0	0.392304	0.49816
chr7:100500000-101000000	chr7	100500000	-0.675088	-0.263588	-0.851961	0.0041427	21	1.67734	-0.126723	1.3821	0.0747688	0.0656353	18	-0.0343783	15	27	0	0	0.397446	0.525976
chr7:101000000-101500000	chr7	101000000	-0.689792	-0.213847	-1.06804	0.0895852	13	1.71265	-0.121708	1.29258	0.067816	0.177269	10	0.156985	9	12	0	0	0.402587	0.507582
chr7:101500000-102000000	chr7	101500000	-0.751404	0.0332799	-1.14351	0.118289	2	1.60619	-0.206405	1.24316	0.0419397	nan	1	nan	1	4	0	0	0.407729	0.495922
chr7:102000000-102500000	chr7	102000000	-0.714248	0.0988366	-0.838367	-0.192886	7	1.55122	-0.00515297	1.45481	0.00388275	0.120031	7	0.0597016	6	16	0	0	0.412871	0.49997
chr7:102500000-103000000	chr7	102500000	-0.199893	-0.23745	-0.0208033	-0.336457	10	-0.855787	0.209366	0.750453	0.0496808	0.169519	10	0.257532	4	9	0	0	0.418012	0.448277
chr7:103000000-103500000	chr7	103000000	0.203668	-0.13251	0.319801	-0.277476	7	-0.573217	0.238208	0.872507	0.0080565	0.0907457	6	0.0199555	6	6	0	0	0.423154	0.394247
chr7:103500000-104000000	chr7	103500000	0.422191	-0.11762	0.737785	-0.274456	1	-1.17994	0.208486	-0.839607	0.104102	nan	1	nan	1	1	0	0	0.428295	0.375149
chr7:104000000-104500000	chr7	104000000	0.940074	-0.214975	0.909126	0.117911	2	-1.29496	0.135279	-0.704099	-0.0350008	nan	1	nan	1	1	0	0.5	0.433437	0.383506
chr7:104500000-105000000	chr7	104500000	0.701939	0.216371	0.591877	0.26046	0	-1.2641	0.166759	-0.822095	0.0248816	nan	0	nan	0	1	0	0.5	0.438579	0.410275
chr7:105000000-105500000	chr7	105000000	-0.937741	-0.107509	-1.07599	-0.150198	2	0.635718	0.0438726	1.32186	-0.0662154	-0.236528	2	-0.0338078	2	4	0	0	0.44372	0.40912
chr7:105500000-106000000	chr7	105500000	-0.366652	-0.284018	-0.695945	-0.170873	5	0.354711	0.257386	1.21857	0.02799	-0.056185	3	0.0223259	4	4	0	0	0.448862	0.444677
chr7:106000000-106500000	chr7	106000000	-0.65376	-0.0159753	-0.77943	-0.166644	2	-0.117202	0.22395	1.19522	-0.0228276	-0.0711434	2	-0.134171	2	3	0	0	0.454003	0.412003
chr7:106500000-107000000	chr7	106500000	-0.664744	0.160279	-0.611024	-0.249329	2	-0.220475	0.331674	1.04275	0.0747499	nan	1	0.084162	2	2	0	0	0.459145	0.404588
chr7:107000000-107500000	chr7	107000000	-1.0612	-0.15274	-0.920594	-0.00341171	3	0.185461	0.151428	0.800945	-0.00990436	-0.294831	3	-0.228516	3	2	0	0	0.464287	0.379744
chr7:107500000-108000000	chr7	107500000	-0.965024	-0.205686	-0.880727	0.00533862	7	0.368107	0.144401	0.984711	-0.137152	-0.0664271	6	-0.0210867	5	5	0	0	0.469428	0.395651
chr7:108000000-108500000	chr7	108000000	-0.33873	-0.042895	-0.392968	-0.168436	3	-0.331358	0.360795	0.579999	-0.00924897	0.0161443	3	0.201169	2	2	0	0.75	0.47457	0.397124
chr7:108500000-109000000	chr7	108500000	0.57135	0.162363	0.682933	-0.00642807	3	-0.803541	0.0521847	-0.602131	-0.118092	-0.0150072	3	-0.0297851	3	3	0	0.75	0.479711	0.382775
chr7:109000000-109500000	chr7	109000000	0.656034	0.360498	0.87994	0.430369	0	-1.38814	0.0277243	-1.55071	-0.09758	nan	0	nan	0	0	0	0.75	0.484853	0.350098
chr7:109500000-110000000	chr7	109500000	0.653987	0.0946364	0.903322	0.236787	0	-1.46572	-0.0040926	-1.51852	-0.0329789	nan	0	nan	0	0	0	0.75	0.489995	0.354481
chr7:110000000-110500000	chr7	110000000	0.57363	-0.0212302	0.663818	0.230696	0	-1.2469	-0.0264177	-1.46772	-0.0904985	nan	0	nan	0	0	0	0.75	0.495136	0.356327
chr7:110500000-111000000	chr7	110500000	0.544831	0.0922009	0.734847	0.239464	0	-0.882241	0.0382872	-1.37059	-0.122934	nan	0	nan	0	0	0	0.75	0.500278	0.368064
chr7:111000000-111500000	chr7	111000000	0.0718779	-0.183209	0.326082	-0.098284	1	-1.10271	0.002261	-0.123979	0.0289981	nan	1	nan	1	0	0	0.75	0.505419	0.356269
chr7:111500000-112000000	chr7	111500000	0.283739	-0.130131	0.239818	-0.318976	1	-0.4413	-0.00968292	-0.395927	-0.0952282	nan	1	nan	1	2	0	0.75	0.510561	0.392508
chr7:112000000-112500000	chr7	112000000	-0.182199	-0.423147	-0.0637098	-0.31168	5	-0.0370465	0.0393515	-0.0291598	-0.420895	-0.0244909	4	-0.0827168	4	3	0	0.75	0.515703	0.390416
chr7:112500000-113000000	chr7	112500000	0.0295353	-0.0132957	0.153435	0.127375	2	-0.539976	-0.106277	-0.478085	-0.0409069	nan	1	nan	1	1	0	0.75	0.520844	0.376607
chr7:113000000-113500000	chr7	113000000	0.0832682	0.453113	0.385485	0.301573	2	-1.06652	0.0128723	-0.760059	0.262878	-0.015912	2	0.0187846	2	0	0	0.75	0.525986	0.3654
chr7:113500000-114000000	chr7	113500000	0.576509	0.282453	0.70412	0.384729	1	-1.34334	-0.116247	-1.50106	0.0212614	nan	1	nan	1	0	0	0.75	0.531127	0.359342
chr7:114000000-114500000	chr7	114000000	0.447518	0.251906	0.889217	0.269698	1	-1.38427	-0.084085	-1.10075	-0.0932664	nan	1	nan	1	1	0	0.75	0.536269	0.357145
chr7:114500000-115000000	chr7	114500000	0.206841	-0.178708	0.45436	-0.111218	1	-1.04552	-0.128182	-0.753714	-0.07301	nan	1	nan	1	1	0	0.75	0.541411	0.359096
chr7:115000000-115500000	chr7	115000000	-0.299731	0.0316953	0.125342	0.0471449	0	-1.43257	0.206086	-0.827176	-0.0132518	nan	0	nan	0	0	0	0	0.546552	0.354459
chr7:115500000-116000000	chr7	115500000	0.18695	-0.00465598	0.602929	-0.256178	0	-1.38423	-0.0427868	-1.40805	0.149421	nan	0	nan	0	0	0	0	0.551694	0.352406
chr7:116000000-116500000	chr7	116000000	-0.944952	-0.0042871	-0.638388	-0.0667545	3	-0.636927	0.00372153	-1.32956	-0.0380437	-0.0482029	3	0.029835	3	2	0	0	0.556835	0.368877
chr7:116500000-117000000	chr7	116500000	-0.936496	-0.0803637	-0.771083	0.0520636	4	0.294708	-0.0204596	-0.987442	0.00826507	-0.300091	4	-0.122784	4	4	0	0	0.561977	0.394901
chr7:117000000-117500000	chr7	117000000	-0.432298	0.118076	-0.385059	0.07883	3	0.145576	-0.0858576	1.01072	0.00381181	-0.217989	2	-0.109359	2	2	0	0	0.567119	0.386691
chr7:117500000-118000000	chr7	117500000	0.446488	-0.061754	0.63158	0.14644	1	-0.154273	-0.157202	0.953328	0.0218344	nan	1	nan	1	1	0	0.75	0.57226	0.377363
chr7:118000000-118500000	chr7	118000000	0.543389	0.28861	0.905937	0.272925	2	-1.20204	-0.0855416	-0.420491	0.0539728	nan	1	nan	1	2	0	0.75	0.577402	0.366262
chr7:118500000-119000000	chr7	118500000	0.73551	0.365872	1.1009	0.409231	0	-1.46496	-0.0981919	-1.56187	0.00356404	nan	0	nan	0	0	0	0.75	0.582543	0.344232
chr7:119000000-119500000	chr7	119000000	0.632197	0.584599	0.930267	0.615722	0	-1.44807	-0.0861112	-1.51752	-0.0646372	nan	0	nan	0	0	0	0.75	0.587685	0.345102
chr7:119500000-120000000	chr7	119500000	0.196946	0.250827	0.590245	0.287232	0	-1.33436	-0.0666972	-1.51977	0.00591966	nan	0	nan	0	0	0	0.75	0.592827	0.343209
chr7:120000000-120500000	chr7	120000000	0.590828	0.281867	0.890444	0.466857	1	-1.35708	-0.182766	-1.27526	-0.0593657	nan	1	nan	0	2	0	0.75	0.597968	0.352919
chr7:120500000-121000000	chr7	120500000	0.506726	0.077272	0.858612	0.034426	3	-1.12098	-0.086761	-0.126084	-0.152611	-0.125646	3	-0.15008	3	2	0	0.75	0.60311	0.362956
chr7:121000000-121500000	chr7	121000000	0.104539	-0.172519	0.335998	-0.118455	2	-1.22906	0.11168	-0.231967	-0.149765	-0.674714	2	nan	1	2	0	0.75	0.608251	0.369189
chr7:121500000-122000000	chr7	121500000	0.693809	0.228405	0.735183	0.320749	1	-1.00728	-0.0829571	-0.512806	-0.0032179	nan	0	nan	1	1	0	0	0.613393	0.365624
chr7:122000000-122500000	chr7	122000000	0.926937	-0.028994	0.847593	0.384718	2	-1.1812	0.109923	-1.45763	-0.0924239	nan	1	nan	1	5	0	0	0.618535	0.373096
chr7:122500000-123000000	chr7	122500000	1.06532	0.234491	1.20695	0.539979	4	-1.18054	-0.0918356	-1.53335	0.073055	nan	1	nan	1	1	0	0	0.623676	0.368955
chr7:123000000-123500000	chr7	123000000	0.783432	0.40696	0.968934	0.281217	1	-1.40577	0.0110426	-1.22123	0.000702772	nan	0	nan	0	0	0	0	0.628818	0.366067
chr7:123500000-124000000	chr7	123500000	-0.0991093	0.278264	0.371983	0.087085	7	-0.427287	0.323651	-0.780244	-0.0429902	0.118709	4	-0.0157056	5	4	0	0	0.633959	0.374781
chr7:124000000-124500000	chr7	124000000	0.52358	0.150376	0.693649	0.271117	2	-0.0532464	-0.0849208	-1.35264	0.018591	nan	1	nan	1	1	0	0.75	0.639101	0.363981
chr7:124500000-125000000	chr7	124500000	0.286215	0.149342	0.871904	-0.156203	2	-0.74783	0.0666462	-1.28548	-0.0234398	0.0816844	2	0.0977241	2	3	0	0.75	0.644243	0.363078
chr7:125000000-125500000	chr7	125000000	0.794075	0.253504	1.11056	0.348039	0	-1.4481	0.154629	-0.142949	-0.929723	nan	0	nan	0	0	0	0.75	0.649384	0.356761
chr7:125500000-126000000	chr7	125500000	0.601477	0.391101	0.912775	0.604117	0	-1.52484	-0.0216793	0.115933	-0.997465	nan	0	nan	0	0	0	0.75	0.654526	0.348371
chr7:126000000-126500000	chr7	126000000	0.724419	0.209864	1.00275	0.41329	0	-1.50619	-0.0977531	0.588781	-0.334918	nan	0	nan	0	0	0	0.75	0.659667	0.348318
chr7:126500000-127000000	chr7	126500000	0.746079	0.0802011	0.8577	0.222628	0	-1.43474	0.0413259	0.647331	-0.119527	nan	0	nan	0	0	0	0.75	0.664809	0.369045
chr7:127000000-127500000	chr7	127000000	0.691443	0.181972	0.73892	0.305953	2	-1.41381	0.0304008	-1.0938	-0.144497	nan	1	nan	1	3	0	0.75	0.669951	0.388038
chr7:127500000-128000000	chr7	127500000	-0.44926	0.184974	-0.491763	-0.10938	5	-0.144739	0.315159	0.553953	-0.237692	-0.0928226	3	0.105461	3	4	0	0	0.675092	0.416246
chr7:128000000-128500000	chr7	128000000	-0.511071	-0.0304973	-0.691149	-0.00200709	7	0.98252	0.103453	0.651601	-0.226094	-0.112074	6	0.188108	6	16	0	0	0.680234	0.478624
chr7:128500000-129000000	chr7	128500000	-0.90369	0.0645087	-1.00266	-0.153071	10	1.83469	-0.157838	1.46286	-0.0673832	-0.0840289	9	-0.0438545	4	13	0	0	0.685375	0.469329
chr7:129000000-129500000	chr7	129000000	-1.20275	0.1323	-1.37315	0.0557487	5	1.81008	-0.163864	1.47055	0.0159198	-0.289338	5	0.0618988	5	7	0	0	0.690517	0.429132
chr7:129500000-130000000	chr7	129500000	-1.24845	0.13784	-1.13047	-0.225905	3	1.71777	-0.0196254	1.44652	-0.0713447	0.0465012	3	0.0286977	2	8	0	0.25	0.695659	0.443196
chr7:130000000-130500000	chr7	130000000	-0.876491	0.0197557	-1.01387	-0.172256	10	1.58857	-0.0424345	1.46121	0.0788328	0.0240822	7	0.337303	7	8	0	0.25	0.7008	0.437782
chr7:130500000-131000000	chr7	130500000	-0.864238	-0.148868	-0.881646	-0.32215	3	1.48228	-0.112821	1.3414	-0.150436	-0.31254	2	nan	1	2	0	0.25	0.705942	0.407114
chr7:131000000-131500000	chr7	131000000	-1.33653	-0.00564672	-1.18255	-0.0270422	1	1.41831	-0.0254783	1.34794	-0.105004	nan	1	nan	1	2	0	0	0.711083	0.401054
chr7:131500000-132000000	chr7	131500000	0.368666	-0.310336	-0.0641181	-0.237158	1	1.58834	-0.297227	1.02257	-0.178329	nan	1	nan	1	3	0	0	0.716225	0.455306
chr7:132000000-132500000	chr7	132000000	0.795938	-0.147988	0.557217	-0.293131	0	1.4781	-0.151688	-0.174899	-0.00276234	nan	0	nan	0	0	0	0	0.721367	0.464745
chr7:132500000-133000000	chr7	132500000	0.188043	-0.103224	-0.057001	-0.137289	1	1.10464	-0.281075	0.00464213	0.0152806	nan	1	nan	1	1	0	0	0.726508	0.427096
chr7:133000000-133500000	chr7	133000000	-0.229848	-0.0121384	-0.212047	-0.166836	2	0.929113	-0.1125	0.922283	-0.0880121	0.233106	2	-0.0102642	2	1	0	0.5	0.73165	0.394524
chr7:133500000-134000000	chr7	133500000	-0.226748	-0.281184	-0.447479	-0.0950408	0	0.605737	-0.238706	0.564843	-0.300076	nan	0	nan	0	0	0	0.5	0.736791	0.383123
chr7:134000000-134500000	chr7	134000000	0.0435814	-0.0448784	-0.239847	0.102732	3	0.762507	-0.042288	0.113736	-0.115901	0.145667	3	0.0813943	2	3	0	0.5	0.741933	0.413023
chr7:134500000-135000000	chr7	134500000	-0.821876	-0.125709	-0.908966	0.0662674	5	1.07062	-0.00314836	0.374429	-0.163265	0.0326665	4	-0.00277994	3	1	0	0.5	0.747075	0.409016
chr7:135000000-135500000	chr7	135000000	-0.634173	0.0818194	-0.731051	0.130332	4	0.934449	0.00421216	1.02963	-0.0587586	-0.112828	3	-0.073338	2	4	0	0.5	0.752216	0.408549
chr7:135500000-136000000	chr7	135500000	-0.452659	-0.122296	-0.458417	-0.198864	6	1.34977	-0.187651	0.857622	-0.290826	0.0115531	5	-0.0167939	4	3	0	0.5	0.757358	0.416702
chr7:136000000-136500000	chr7	136000000	0.0366117	0.32246	0.18124	0.0228657	0	0.953257	-0.0750758	-0.664411	0.0665867	nan	0	nan	0	0	0	0.5	0.762499	0.379965
chr7:136500000-137000000	chr7	136500000	-0.448205	0.0399666	-0.26291	0.150472	1	0.96276	-0.258703	-1.48481	-0.0600977	nan	1	nan	1	3	0	0.5	0.767641	0.367182
chr7:137000000-137500000	chr7	137000000	-0.597461	0.0749559	-0.566062	-0.0962806	1	1.09261	-0.319716	-1.53876	-0.0414181	nan	1	nan	1	1	0	0.5	0.772783	0.372383
chr7:137500000-138000000	chr7	137500000	-0.673626	0.0413349	-0.805626	0.0518972	1	1.39899	-0.0643253	-1.27751	0.0363661	nan	1	nan	1	1	0	0.5	0.777924	0.401899
chr7:138000000-138500000	chr7	138000000	-0.19014	0.245322	-0.116739	-0.0693278	3	1.59715	-0.23406	0.224378	-0.0578331	-0.480432	2	0.069478	2	2	0	0.5	0.783066	0.414138
chr7:138500000-139000000	chr7	138500000	-0.0449174	-0.160871	-0.175954	-0.138157	4	1.43949	0.140755	-0.0566663	0.062172	0.0839521	2	-0.130157	2	4	0	0	0.788207	0.434539
chr7:139000000-139500000	chr7	139000000	-0.705757	-0.150484	-0.733092	-0.154892	7	1.71857	-0.165719	0.966787	-0.0903888	-0.0319558	6	0.196672	5	7	0	0	0.793349	0.421444
chr7:139500000-140000000	chr7	139500000	-0.216979	-0.320374	-0.583424	-0.388819	3	1.35337	-0.00189299	1.28067	-0.112598	0.137088	2	0.0173491	2	4	0	0	0.798491	0.454375
chr7:140000000-140500000	chr7	140000000	-0.286637	-0.219718	-0.309087	-0.395335	5	1.334	-0.0650229	1.30795	-0.0317905	-0.562137	4	0.0577232	4	7	0	0	0.803632	0.449541
chr7:140500000-141000000	chr7	140500000	0.175142	-0.230685	0.0543232	-0.163382	4	0.106366	0.188824	1.21978	-0.100785	-0.026612	4	-0.0110762	4	4	0	0	0.808774	0.426396
chr7:141000000-141500000	chr7	141000000	1.41188	0.165343	1.2497	-0.155693	2	-0.855817	0.19184	1.14838	-0.0657661	-0.753027	2	0.111706	2	2	0	0	0.813915	0.429433
chr7:141500000-142000000	chr7	141500000	1.11277	-0.219751	0.933258	0.0845091	12	-1.06415	0.0287583	0.775689	0.0817112	0.250008	4	0.0901901	2	3	0	0	0.819057	0.401762
chr7:142000000-142500000	chr7	142000000	1.23895	-0.110995	1.15203	-0.0233891	2	-1.12711	0.129534	-0.769789	-0.119244	nan	0	nan	0	0	0	0	0.824199	0.408895
chr7:142500000-143000000	chr7	142500000	0.95789	0.0948108	0.893796	0.00299256	7	-0.567024	0.164866	-0.33311	-0.103083	-0.207204	2	0.129751	2	2	0	0	0.82934	0.428293
chr7:143000000-143500000	chr7	143000000	0.988123	-0.204394	0.858727	-0.114306	14	-0.631341	0.12173	-0.033819	-0.170733	0.0520353	7	0.120837	5	4	0	0	0.834482	0.428604
chr7:143500000-144000000	chr7	143500000	0.269379	-0.131823	0.453209	0.116976	6	-0.442269	-0.0189592	-0.251559	-0.0527338	-0.245991	2	-0.0723854	2	5	0.1	0.75	0.839623	0.395199
chr7:144000000-144500000	chr7	144000000	0.95474	0.152808	0.950044	0.265084	14	-0.739357	-0.100925	-0.882214	-0.0382756	-0.00809583	3	nan	1	4	0	0.75	0.844765	0.40475
chr7:144500000-145000000	chr7	144500000	1.0879	0.189022	0.976462	0.589086	1	-1.1667	-0.0412669	-1.39249	0.133261	nan	1	nan	1	1	0	0.75	0.849907	0.375097
chr7:145000000-145500000	chr7	145000000	0.758615	0.479414	1.16077	0.284665	0	-1.29827	-0.133533	-1.40157	-0.0277178	nan	0	nan	0	0	0	0.75	0.855048	0.366676
chr7:145500000-146000000	chr7	145500000	0.761523	0.275465	0.968484	0.260345	0	-1.39185	-0.0585204	-1.45904	-0.0177163	nan	0	nan	0	0	0	0.75	0.86019	0.355863
chr7:146000000-146500000	chr7	146000000	0.593865	0.284718	0.637827	0.477672	1	-1.1411	-0.104581	-1.51096	-0.0118179	nan	1	nan	1	1	0	0.75	0.865331	0.360025
chr7:146500000-147000000	chr7	146500000	0.506626	0.294414	0.66911	0.374139	0	-1.29031	-0.0762297	-1.51116	-0.0162017	nan	0	nan	0	0	0	0.75	0.870473	0.357664
chr7:147000000-147500000	chr7	147000000	0.37951	0.293198	0.719681	0.232974	0	-1.24851	-0.0724331	-1.50217	0.0266974	nan	0	nan	0	0	0	0.75	0.875615	0.364835
chr7:147500000-148000000	chr7	147500000	0.836761	0.328653	0.914843	0.148727	0	-1.3076	-0.0557501	-1.50601	-0.0213528	nan	0	nan	0	0	0	0.75	0.880756	0.380134
chr7:148000000-148500000	chr7	148000000	0.648727	0.230757	1.00913	-0.269454	0	-0.257071	-0.0571844	-1.34857	-0.00381898	nan	0	nan	0	1	0	0	0.885898	0.421666
chr7:148500000-149000000	chr7	148500000	-0.235677	-0.00770212	-0.0673093	-0.0659354	3	0.898797	-0.105171	0.242388	0.101715	0.0894253	2	0.0233705	2	5	0	0	0.891039	0.423886
chr7:149000000-149500000	chr7	149000000	-0.091781	-0.00916786	-0.0443889	-0.150809	9	0.288358	0.501272	1.27375	-0.000254254	-0.120975	9	0.0902995	9	21	0	0	0.896181	0.465304
chr7:149500000-150000000	chr7	149500000	0.496535	-0.182663	0.152278	0.24268	4	0.247264	0.593171	1.2228	0.00563938	-0.078691	3	-0.0336494	3	10	0	0	0.901323	0.476317
chr7:150000000-150500000	chr7	150000000	0.755934	0.159026	0.786732	0.0549956	7	0.149194	0.190352	0.484094	0.0142909	-0.00758656	6	0.210652	5	10	0	0	0.906464	0.44485
chr7:150500000-151000000	chr7	150500000	0.759641	0.231553	0.603911	0.21169	11	0.104053	0.436051	1.30619	-0.11207	0.0757699	4	-0.141271	6	12	0	0	0.911606	0.444211
chr7:151000000-151500000	chr7	151000000	-0.361362	0.0159593	-0.536334	0.0262924	19	1.72079	-0.19448	1.27197	-0.049608	0.0341908	14	0.110883	16	34	0	0	0.916747	0.521618
chr7:151500000-152000000	chr7	151500000	-0.538451	0.127189	-0.551594	-0.338734	3	1.43301	-0.032981	1.23463	-0.0485399	-0.100891	2	-0.0467191	2	7	0	0	0.921889	0.474508
chr7:152000000-152500000	chr7	152000000	-0.563875	-0.0255393	-0.694368	0.0816539	2	1.07971	-0.187634	1.17333	-0.0772961	0.00762417	2	-0.0494644	2	6	0	0	0.927031	0.406461
chr7:152500000-153000000	chr7	152500000	0.424636	-0.0989235	0.23228	-0.273128	2	0.02758	0.144735	1.37249	-0.100382	0.0253346	2	-0.122085	2	7	0	0	0.932172	0.451722
chr7:153000000-153500000	chr7	153000000	1.35213	0.157321	1.00317	0.268854	0	-1.1852	0.0635411	-0.270882	0.253979	nan	0	nan	0	0	0	0.25	0.937314	0.421212
chr7:153500000-154000000	chr7	153500000	1.12996	0.362264	1.08423	0.1784	0	-1.09421	0.136683	-0.737598	0.285422	nan	0	nan	0	2	0	0.25	0.942455	0.408946
chr7:154000000-154500000	chr7	154000000	1.47224	-0.194548	0.810959	0.325467	1	-0.844961	0.0330139	-0.61424	0.127835	nan	0	nan	0	2	0	0.25	0.947597	0.433641
chr7:154500000-155000000	chr7	154500000	1.37112	-0.0573333	1.14598	0.0898763	0	-0.73046	0.136599	0.651954	-0.0190015	nan	0	nan	0	4	0	0.25	0.952739	0.44539
chr7:155000000-155500000	chr7	155000000	1.18176	-0.190313	0.820632	-0.0654865	4	-0.347912	0.3807	0.983793	0.0214801	-0.146688	2	-0.0224468	2	17	0	0	0.95788	0.487384
chr7:155500000-156000000	chr7	155500000	0.976425	-0.247379	0.742138	-0.00526613	3	0.0853565	0.310699	0.67019	-0.101711	0.0470655	3	nan	1	11	0	0	0.963022	0.471414
chr7:156000000-156500000	chr7	156000000	1.33317	0.126481	1.14878	-0.00402561	0	-0.825645	0.200077	0.94745	0.0823988	nan	0	nan	0	6	0	0	0.968163	0.45475
chr7:156500000-157000000	chr7	156500000	0.704492	-0.231269	0.58389	0.138993	3	-0.156305	0.118802	1.23618	0.0761892	-0.186333	3	-0.00492929	3	10	0	0	0.973305	0.422819
chr7:157000000-157500000	chr7	157000000	0.317285	-0.152177	0.0734092	0.00415701	3	0.333966	0.0146532	0.700765	0.000438761	-0.217803	3	-0.00475495	3	22	0	0	0.978447	0.479341
chr7:157500000-158000000	chr7	157500000	1.2183	-0.235503	0.688242	0.390475	0	-0.581733	0.104679	-0.176406	0.21264	nan	0	nan	0	38	0	0	0.983588	0.522815
chr7:158000000-158500000	chr7	158000000	1.32085	-0.123942	0.842563	0.257942	0	-0.619673	0.0882285	0.492558	0.0375171	nan	0	nan	0	23	0	0	0.98873	0.502694
chr7:158500000-159000000	chr7	158500000	0.69541	-0.21504	0.628899	0.0139914	4	-0.0881591	0.2312	0.997317	0.0578178	-0.0616604	4	-0.0703169	3	19	0	0	0.993871	0.463213
chr7:159000000-159500000	chr7	159000000	1.11821	0.142028	0.993284	0.325425	1	nan	nan	0.123568	0.00556115	nan	0	nan	1	12	0.02	0	0.999013	0.451661
chr8:0-500000	chr8	0	nan	nan	nan	nan	3	0.157136	0.396642	0.0426832	0.146231	0.0591242	2	0.960532	2	7	0.12	0	0.994213	0.437437
chr8:500000-1000000	chr8	500000	nan	nan	nan	nan	3	0.718919	0.0785982	-0.0811103	-0.0271912	0.135645	3	0.193169	2	27	0	0	0.982639	0.476176
chr8:1000000-1500000	chr8	1000000	nan	nan	nan	nan	0	0.139492	0.255011	-0.320152	-0.102058	nan	0	nan	0	46	0	0	0.971065	0.484685
chr8:1500000-2000000	chr8	1500000	nan	nan	nan	nan	3	0.684267	0.175734	-0.33568	0.0277023	0.150036	3	-0.160772	3	24	0	0	0.959491	0.483286
chr8:2000000-2500000	chr8	2000000	nan	nan	nan	nan	1	-0.548464	0.0775713	-0.327293	-0.164065	nan	1	nan	1	16	0	0	0.947917	0.447205
chr8:2500000-3000000	chr8	2500000	nan	nan	nan	nan	0	-1.04525	0.0475433	0.804628	0.0162356	nan	0	nan	0	1	0	0.75	0.936343	0.395664
chr8:3000000-3500000	chr8	3000000	0.783027	0.191067	0.50097	0.331208	0	-1.05707	0.00662103	-0.367212	-0.139066	nan	0	nan	0	1	0	0.75	0.924769	0.392894
chr8:3500000-4000000	chr8	3500000	0.877523	0.150369	0.688143	0.384585	0	-0.984829	-0.15098	-1.21187	0.00345635	nan	0	nan	0	0	0	0.75	0.913194	0.387668
chr8:4000000-4500000	chr8	4000000	0.625621	0.304961	0.533291	0.376435	0	0.0458699	-0.311153	-1.24348	0.00275299	nan	0	nan	0	0	0	0.75	0.90162	0.380206
chr8:4500000-5000000	chr8	4500000	0.571827	0.310249	0.64703	0.357709	1	-0.112759	-0.237757	-1.20208	-0.0720728	nan	1	nan	1	1	0	0.75	0.890046	0.37517
chr8:5000000-5500000	chr8	5000000	0.922617	0.221188	1.10043	0.2564	0	-0.732173	-0.235495	-1.21124	-0.04149	nan	0	nan	0	1	0	0.75	0.878472	0.377851
chr8:5500000-6000000	chr8	5500000	0.950945	0.217736	0.967287	0.177025	0	-0.783592	-0.174888	-1.20115	-0.0118552	nan	0	nan	0	0	0	0.75	0.866898	0.379845
chr8:6000000-6500000	chr8	6000000	1.07571	-0.0872182	0.925409	-0.144908	1	-0.451848	-0.0928586	0.518029	-0.0692485	nan	1	nan	1	1	0	0.75	0.855324	0.418344
chr8:6500000-7000000	chr8	6500000	0.957036	-0.389482	0.587101	0.0749119	8	0.368939	-0.128542	0.517153	-0.0193718	-0.018689	2	0.0522513	3	4	0	0	0.84375	0.443295
chr8:7000000-7500000	chr8	7000000	nan	nan	nan	nan	18	-0.281268	0.900314	-0.182635	-0.0204058	nan	0	nan	0	4	0	0	0.832176	0.445745
chr8:7500000-8000000	chr8	7500000	nan	nan	nan	nan	24	nan	nan	-0.122872	-0.0177616	nan	0	nan	0	8	0.1	0	0.820602	0.461649
chr8:8000000-8500000	chr8	8000000	-0.471441	-0.0840474	-0.449166	0.0461107	4	1.65939	-0.166615	1.25054	0.0683154	nan	1	nan	1	7	0	0	0.809028	0.443403
chr8:8500000-9000000	chr8	8500000	-0.554144	-0.023231	-0.569605	-0.10717	2	1.60516	0.00556747	1.24292	0.0820842	0.0541806	2	nan	1	4	0	0	0.797454	0.425709
chr8:9000000-9500000	chr8	9000000	0.350772	-0.131218	0.281123	-0.220806	2	1.41609	-0.235085	0.722386	-0.0412675	0.0897238	2	0.0475921	2	2	0	0	0.78588	0.430318
chr8:9500000-10000000	chr8	9500000	0.403531	-0.0195457	0.427335	-0.0665425	1	0.529724	-0.0103469	0.275061	0.0198479	nan	1	nan	1	4	0	0	0.774306	0.406329
chr8:10000000-10500000	chr8	10000000	1.22796	-0.328531	0.918691	-0.0646704	1	-0.171835	0.178357	0.348874	-0.184244	nan	1	nan	1	3	0	0	0.762731	0.430599
chr8:10500000-11000000	chr8	10500000	1.00009	-0.477732	0.534204	-0.171893	5	0.891399	0.14205	0.971365	-0.00191785	0.31477	3	0.0775144	2	8	0	0	0.751157	0.47761
chr8:11000000-11500000	chr8	11000000	0.34727	-0.290481	0.0958836	-0.000153314	5	1.23198	0.0938095	1.40362	0.0371117	0.0247338	4	-0.0282243	3	8	0	0	0.739583	0.440928
chr8:11500000-12000000	chr8	11500000	-0.458632	-0.038086	-0.442491	-0.0761808	6	1.48113	0.0101924	0.992535	-0.00248001	0.0594417	4	-0.0850392	4	14	0	0	0.728009	0.471493
chr8:12000000-12500000	chr8	12000000	nan	nan	nan	nan	8	nan	nan	nan	nan	0.296597	2	nan	1	5	0.1	0	0.716435	0.430886
chr8:12500000-13000000	chr8	12500000	0.0662421	0.266922	0.183482	-0.0763834	2	0.690255	0.310662	-0.219815	0.129224	-0.111781	2	-0.341488	2	6	0	0	0.704861	0.429728
chr8:13000000-13500000	chr8	13000000	-0.958475	0.0664939	-0.604824	-0.0617446	0	0.828808	-0.0708634	-1.26159	0.00786304	nan	0	nan	0	3	0	1	0.693287	0.398187
chr8:13500000-14000000	chr8	13500000	0.211936	-0.0661166	0.223026	0.294398	2	-0.572338	-0.0590967	-1.3709	-0.0737387	0.177946	2	0.146071	2	0	0	1	0.681713	0.363816
chr8:14000000-14500000	chr8	14000000	0.711418	0.273816	0.924452	0.518032	0	-1.10052	-0.039928	-1.40514	-0.0643602	nan	0	nan	0	0	0	1	0.670139	0.350346
chr8:14500000-15000000	chr8	14500000	0.65242	0.254083	0.937865	0.369492	0	-1.21946	-0.0984826	-1.37783	-0.0937084	nan	0	nan	0	0	0	1	0.658565	0.350641
chr8:15000000-15500000	chr8	15000000	0.504717	0.192503	0.653479	0.135275	1	-1.15034	-0.00729712	-1.35317	-0.0150951	nan	0	nan	0	1	0	1	0.646991	0.372021
chr8:15500000-16000000	chr8	15500000	0.30111	0.0248542	0.375333	-0.00941246	1	-0.886094	-0.0403636	-1.36117	-0.0183118	nan	1	nan	1	1	0	1	0.635417	0.370809
chr8:16000000-16500000	chr8	16000000	0.0179969	-0.0713449	0.0614221	0.311119	1	-1.07514	0.0200643	-1.42288	-0.0536733	nan	0	nan	0	0	0	1	0.623843	0.360939
chr8:16500000-17000000	chr8	16500000	-0.450397	-0.0225866	-0.369137	0.168712	0	-0.186061	-0.247809	-1.40332	-0.00494451	nan	0	nan	0	0	0	1	0.612269	0.367041
chr8:17000000-17500000	chr8	17000000	-0.738866	-0.246082	-0.623021	-0.0619151	7	0.818592	0.106853	-0.48696	-0.279971	0.105872	6	-0.155795	6	6	0	1	0.600694	0.385009
chr8:17500000-18000000	chr8	17500000	-1.15969	0.196183	-0.745899	-0.180377	4	1.41432	0.0231619	0.746024	-0.0242171	-0.303066	3	-0.145188	3	3	0	1	0.58912	0.401212
chr8:18000000-18500000	chr8	18000000	-0.223922	-0.0599987	-0.288097	-0.173808	3	0.859028	0.0474083	-0.928036	0.020855	0.0642571	2	0.0986416	2	2	0	1	0.577546	0.392996
chr8:18500000-19000000	chr8	18500000	-0.70811	0.0639868	-0.666403	-0.199934	0	1.14865	0.0111727	-0.873632	-0.0833525	nan	0	nan	0	0	0	1	0.565972	0.39725
chr8:19000000-19500000	chr8	19000000	-0.715769	0.0188575	-0.70863	-0.332619	2	1.17215	-0.0345367	-0.903208	-0.0328448	0.196398	2	-0.15577	2	4	0	0	0.554398	0.41891
chr8:19500000-20000000	chr8	19500000	-0.156814	-0.113545	-0.403897	-0.0382512	3	0.952475	0.138349	-0.450706	-0.01428	-0.133563	3	-0.107967	3	4	0	0	0.542824	0.409241
chr8:20000000-20500000	chr8	20000000	0.209984	-0.127222	-0.07116	-0.178205	3	1.19874	0.204496	-0.207941	-0.0882462	-0.15788	2	0.143115	2	3	0	0	0.53125	0.441252
chr8:20500000-21000000	chr8	20500000	0.869678	0.27578	0.807342	-0.0756443	0	1.03552	0.0699184	-0.235467	-0.0329426	nan	0	nan	0	0	0	0	0.519676	0.428015
chr8:21000000-21500000	chr8	21000000	0.909085	0.0116425	0.67686	0.0213622	0	0.98215	0.0376978	0.661753	0.0353537	nan	0	nan	0	0	0	0	0.508102	0.433154
chr8:21500000-22000000	chr8	21500000	0.72078	-0.138714	0.315961	-0.0722032	3	1.29824	0.0166688	1.07394	0.028209	0.0526428	2	nan	1	5	0	0	0.496528	0.474134
chr8:22000000-22500000	chr8	22000000	-0.681219	-0.14573	-0.86473	-0.142664	16	1.56099	-0.0678476	1.43862	-0.0365598	-0.057938	11	-0.0723124	9	18	0	0	0.484954	0.486139
chr8:22500000-23000000	chr8	22500000	-0.672887	-0.0433314	-1.02524	0.164004	8	1.59596	-0.0529443	1.48914	0.0364876	-0.0737386	8	0.037062	8	11	0	0	0.47338	0.489824
chr8:23000000-23500000	chr8	23000000	-0.832267	0.011292	-0.817503	0.035089	8	1.43587	0.144435	1.38702	-0.0937686	-0.0609052	8	-0.107457	8	9	0	0	0.461806	0.466179
chr8:23500000-24000000	chr8	23500000	-0.326348	-0.0884303	-0.277409	-0.341116	4	1.26176	0.0330604	-0.687673	0.0333936	-0.0709788	4	-0.22582	4	8	0	0.5	0.450231	0.422737
chr8:24000000-24500000	chr8	24000000	0.0128297	0.0857822	0.0447913	0.0980911	3	0.793287	0.016184	-0.854145	0.00266706	nan	0	nan	1	0	0	0.5	0.438657	0.3698
chr8:24500000-25000000	chr8	24500000	0.490262	-0.0323401	0.469366	0.0885223	2	0.737445	0.0982536	-1.09259	0.0535547	0.286755	2	0.0912767	2	4	0	0.5	0.427083	0.387674
chr8:25000000-25500000	chr8	25000000	-0.352886	0.00304892	-0.424625	-0.0814969	4	0.857836	0.127929	0.129542	-0.204574	-0.140139	4	0.0713054	4	2	0	0.5	0.415509	0.414003
chr8:25500000-26000000	chr8	25500000	0.580645	-0.00725747	0.538721	-0.290378	0	0.701992	0.267749	-0.86532	0.0224857	nan	0	nan	0	0	0	0.5	0.403935	0.408958
chr8:26000000-26500000	chr8	26000000	-0.367343	0.0942874	-0.333825	-0.166629	3	1.14702	0.126761	0.990965	-0.184289	0.135938	2	-0.00619848	3	8	0	0.5	0.392361	0.426889
chr8:26500000-27000000	chr8	26500000	0.281294	0.0843194	0.420794	0.00924165	3	0.868227	0.384262	-0.57797	-0.168091	-0.317422	2	-0.221992	2	4	0	0.5	0.380787	0.417919
chr8:27000000-27500000	chr8	27000000	0.620008	-0.306146	0.296579	0.0653992	5	1.15648	0.0267914	0.897087	-0.0695238	-0.0642846	3	0.106616	3	5	0	0.5	0.369213	0.430966
chr8:27500000-28000000	chr8	27500000	0.294992	-0.285726	0.132869	-0.179919	6	1.51988	-0.0557427	1.13219	0.0127232	-0.0527991	5	-0.00616628	5	8	0	0	0.357639	0.451229
chr8:28000000-28500000	chr8	28000000	-0.185887	-0.380492	-0.342702	-0.373136	6	1.57634	-0.049073	1.20292	-0.00220011	0.0966155	4	0.0178259	4	5	0	0	0.346065	0.437421
chr8:28500000-29000000	chr8	28500000	-1.04588	-0.00863962	-1.12004	-0.158095	3	1.51176	0.0269103	1.37466	0.0942847	-0.0329554	3	-0.0333386	3	3	0	0	0.334491	0.41147
chr8:29000000-29500000	chr8	29000000	-1.19808	0.251515	-0.9243	-0.331137	2	1.57496	-0.0912845	1.4361	0.0172349	0.0264948	2	0.315435	2	5	0	0.75	0.322917	0.423076
chr8:29500000-30000000	chr8	29500000	-0.821426	-0.0134338	-1.1202	-0.190395	0	1.52716	-0.0684296	1.16693	-0.0290668	nan	0	nan	0	0	0	0.75	0.311343	0.423276
chr8:30000000-30500000	chr8	30000000	-1.09422	-0.0877173	-1.23395	0.00330124	5	1.53324	-0.0832244	0.822511	-0.187764	0.0209638	4	0.0102471	4	5	0	0.75	0.299769	0.428787
chr8:30500000-31000000	chr8	30500000	-0.557656	-0.0549016	-0.630482	0.00329434	6	0.49258	0.254578	1.23381	-0.0768205	0.0419668	5	0.000974651	4	4	0	0.75	0.288194	0.413235
chr8:31000000-31500000	chr8	31000000	0.484423	-0.120515	0.416878	-0.0336243	2	-0.670229	0.0608419	-0.831593	-0.303072	-0.287021	2	-0.0982761	2	1	0	0.75	0.27662	0.384195
chr8:31500000-32000000	chr8	31500000	0.51909	0.00254464	0.549097	0.0148965	0	-1.12415	-0.063552	-1.42599	-0.0324859	nan	0	nan	0	1	0	0.75	0.265046	0.372717
chr8:32000000-32500000	chr8	32000000	0.232149	-0.384904	0.375773	-0.286342	0	-0.846794	0.056653	-1.30473	-0.0122727	nan	0	nan	0	0	0	0.75	0.253472	0.384237
chr8:32500000-33000000	chr8	32500000	-0.60425	0.0833212	-0.36351	-0.0509967	2	-0.289623	-0.147025	-0.964125	-0.194502	nan	1	nan	1	1	0	0.75	0.241898	0.377513
chr8:33000000-33500000	chr8	33000000	0.00376718	0.048173	0.140529	-0.366284	2	-0.08891	-0.0447251	0.233879	-0.115594	nan	1	nan	1	2	0	0.75	0.230324	0.397938
chr8:33500000-34000000	chr8	33500000	0.896846	0.0187842	0.712938	-0.130744	3	0.559778	-0.319082	-1.18911	-0.0287171	-0.0210783	3	0.0349388	3	4	0	0.75	0.21875	0.420975
chr8:34000000-34500000	chr8	34000000	0.932638	0.187185	1.03881	0.130704	0	-0.354877	-0.108469	-1.37851	-0.0892565	nan	0	nan	0	0	0	0.75	0.207176	0.37843
chr8:34500000-35000000	chr8	34500000	0.609212	0.0867232	0.756662	-0.0057314	0	-0.530335	-0.173197	-1.36297	-0.00256563	nan	0	nan	0	0	0	0.75	0.195602	0.373199
chr8:35000000-35500000	chr8	35000000	0.220589	-0.00742596	0.267228	-0.0731861	1	-0.108789	-0.0802279	-1.2778	-0.0113542	nan	0	nan	1	2	0	0.75	0.184028	0.374359
chr8:35500000-36000000	chr8	35500000	1.02068	-0.107062	0.850262	0.00789017	0	0.308207	-0.0101791	-1.03042	0.00577877	nan	0	nan	0	0	0	0.75	0.172454	0.390926
chr8:36000000-36500000	chr8	36000000	1.23649	-0.205102	0.982334	0.18708	0	-0.265023	0.0684148	-1.2997	0.018077	nan	0	nan	0	0	0	0.75	0.16088	0.384872
chr8:36500000-37000000	chr8	36500000	0.225234	-0.0312928	0.337731	0.117749	1	0.525954	-0.233491	-0.735563	0.032164	nan	0	nan	0	0	0	0	0.149306	0.382897
chr8:37000000-37500000	chr8	37000000	-0.0278021	-0.208299	-0.137201	-0.37415	0	1.59664	-0.21765	-0.106595	-0.013943	nan	0	nan	0	0	0	0	0.137731	0.423189
chr8:37500000-38000000	chr8	37500000	-0.449242	0.014809	-0.555186	-0.248879	8	1.79178	-0.0523402	1.32227	0.0492158	-0.166051	7	0.0714746	7	9	0	0	0.126157	0.475497
chr8:38000000-38500000	chr8	38000000	-1.0754	0.036778	-0.958517	-0.155438	10	1.77674	-0.0531166	1.37855	-0.0705153	0.0135594	10	0.0117516	10	9	0	0	0.114583	0.442327
chr8:38500000-39000000	chr8	38500000	-0.844212	0.000911592	-0.957138	-0.141263	5	1.46593	0.118006	1.22565	0.135028	-0.117873	4	-0.0246501	4	6	0	0.25	0.103009	0.447581
chr8:39000000-39500000	chr8	39000000	-0.496204	-0.230013	-0.649613	0.185948	1	-0.726936	0.266127	-0.40628	1.0698	nan	1	nan	1	1	0	0.25	0.0914352	0.372533
chr8:39500000-40000000	chr8	39500000	-0.114273	-0.119299	-0.133906	-0.0114429	4	-0.475688	0.327641	-1.10361	0.573248	nan	0	nan	0	1	0	0.25	0.0798611	0.364942
chr8:40000000-40500000	chr8	40000000	-0.755545	-0.105929	-0.657517	-0.298326	1	0.414451	0.108474	-1.16117	0.00919333	nan	1	nan	1	0	0	0	0.068287	0.399536
chr8:40500000-41000000	chr8	40500000	-0.194414	-0.404032	-0.400517	-0.312178	1	0.281348	0.258836	-0.886206	0.00919817	nan	1	nan	1	1	0	0	0.056713	0.412939
chr8:41000000-41500000	chr8	41000000	-0.423704	-0.306171	-0.540141	-0.468824	2	1.52185	-0.140638	0.276646	0.0710353	-0.297128	2	-0.0445127	2	2	0	0	0.0451389	0.441076
chr8:41500000-42000000	chr8	41500000	-0.546424	-0.0571878	-0.886387	-0.00783336	4	1.70474	-0.0621097	1.11283	-0.00102643	0.103407	3	-0.139864	3	14	0	0	0.0335648	0.467216
chr8:42000000-42500000	chr8	42000000	-0.693281	-0.0880644	-1.04539	0.118749	8	1.68349	-0.119883	1.32877	0.0542248	0.0169847	6	0.0856757	6	8	0	0	0.0219907	0.442
chr8:42500000-43000000	chr8	42500000	-0.734951	-0.0133841	-0.862413	-0.246075	7	1.15954	-0.0526943	1.19082	0.0881083	0.308056	5	0.021819	5	4	0	0	0.0104167	0.435531
chr8:43000000-43500000	chr8	43000000	0.535275	0.0551766	0.478268	0.0843932	4	-0.534903	0.0352079	-0.661946	0.0356616	0.00970966	3	0.0447267	3	7	0	nan	0	0.409748
chr8:43500000-44000000	chr8	43500000	0.861475	0.0694459	0.914562	0.212985	0	-0.712394	0.0464801	-0.617405	0.0695441	nan	0	nan	0	0	0.032512	nan	0	0.386804
chr8:44000000-44500000	chr8	44000000	nan	nan	nan	nan	0	nan	nan	nan	nan	nan	0	nan	0	0	0.067488	nan	0	0.391208
chr8:44500000-45000000	chr8	44500000	nan	nan	nan	nan	0	nan	nan	nan	nan	nan	0	nan	0	0	0	nan	0	0.391121
chr8:45000000-45500000	chr8	45000000	nan	nan	nan	nan	0	nan	nan	-0.617405	0.0695441	nan	0	nan	0	0	0	nan	0	0.391553
chr8:45500000-46000000	chr8	45500000	nan	nan	nan	nan	0	nan	nan	nan	nan	nan	0	nan	0	0	0.1	nan	0	0.393617
chr8:46000000-46500000	chr8	46000000	1.67516	-0.153415	1.1559	0.733911	0	-0.75075	0.164352	-0.540107	-0.0923172	nan	0	nan	0	0	0	nan	0	0.474455
chr8:46500000-47000000	chr8	46500000	1.26122	0.0981123	1.14493	0.0604706	0	-1.18423	0.184638	-1.16208	-0.0586077	nan	0	nan	0	2	0	nan	0	0.40603
chr8:47000000-47500000	chr8	47000000	0.613533	-0.0954683	0.286209	0.209477	1	-0.981	0.325086	0.531281	-0.112486	nan	1	nan	1	5	0	0	0.000510524	0.406431
chr8:47500000-48000000	chr8	47500000	0.115782	-0.377964	-0.331405	0.234073	3	0.107678	0.113374	1.17412	-0.00357908	-0.0958416	3	-0.101517	3	5	0	0	0.00561576	0.42061
chr8:48000000-48500000	chr8	48000000	-0.140164	-0.0748958	-0.313745	-0.071895	1	0.920601	-0.152254	-0.86334	0.107384	nan	1	nan	1	6	0	0	0.010721	0.433862
chr8:48500000-49000000	chr8	48500000	-0.300841	0.0377571	-0.280916	-0.389301	2	1.11298	-0.0952612	-0.36624	-0.0232743	nan	1	nan	1	8	0	0	0.0158262	0.424199
chr8:49000000-49500000	chr8	49000000	0.691196	0.419442	0.609406	0.514699	1	-1.0962	-0.0400758	0.601783	-0.17541	nan	0	nan	0	0	0	0	0.0209315	0.372343
chr8:49500000-50000000	chr8	49500000	0.775573	0.221047	0.683344	0.438268	1	-1.23132	0.00177002	-1.2808	-0.00513384	nan	0	nan	0	1	0	0	0.0260367	0.365755
chr8:50000000-50500000	chr8	50000000	0.505939	0.438891	0.728818	0.242077	0	-1.0852	-0.127126	-1.24976	0.0244397	nan	0	nan	0	0	0	0	0.0311419	0.361427
chr8:50500000-51000000	chr8	50500000	0.586283	0.221445	0.707123	0.478181	0	-1.3017	-0.0698809	-0.922531	0.330388	nan	0	nan	0	0	0	0	0.0362472	0.351701
chr8:51000000-51500000	chr8	51000000	0.754884	-0.0995593	0.645704	0.414555	0	-1.3792	0.0303505	0.502808	0.183797	nan	0	nan	0	1	0	0	0.0413524	0.374238
chr8:51500000-52000000	chr8	51500000	0.644909	0.0145826	0.705662	0.221411	2	-0.779114	-0.00572521	0.35849	0.0389013	-0.0244746	2	-0.157403	2	1	0	0	0.0464577	0.385569
chr8:52000000-52500000	chr8	52000000	0.866266	0.0827773	0.957623	-0.0687429	1	-1.06404	0.000518739	-1.28323	-0.0348653	nan	0	nan	0	0	0	0	0.0515629	0.397708
chr8:52500000-53000000	chr8	52500000	0.195029	0.111859	0.243319	0.0563475	3	-0.8165	0.133247	-0.303213	0.257619	-0.0352174	2	nan	1	3	0	0	0.0566681	0.397998
chr8:53000000-53500000	chr8	53000000	1.31094	0.105995	1.0918	0.206049	1	-0.840087	-0.0122372	-1.30014	0.108074	nan	0	nan	1	1	0	0	0.0617734	0.395858
chr8:53500000-54000000	chr8	53500000	0.346084	-0.126257	0.167195	-0.141431	2	0.111179	0.153158	0.970755	0.0397862	nan	1	0.080445	2	5	0	0	0.0668786	0.408791
chr8:54000000-54500000	chr8	54000000	0.272368	-0.175918	0.0296489	0.0170237	4	0.160129	0.0668547	-0.811536	0.0686565	0.00124986	4	0.0119578	4	7	0	0	0.0719838	0.421715
chr8:54500000-55000000	chr8	54500000	0.744981	0.0873373	0.439712	0.352414	1	-1.03619	0.231961	-1.27587	-0.0880423	nan	0	nan	1	1	0	0.5	0.0770891	0.38542
chr8:55000000-55500000	chr8	55000000	1.25244	0.162481	0.937873	0.417389	1	-1.22616	0.300779	-0.930182	0.0286639	nan	1	nan	1	2	0	0.5	0.0821943	0.401354
chr8:55500000-56000000	chr8	55500000	0.473056	-0.0785601	0.705141	-0.276874	3	-0.389924	0.472499	0.947625	0.099415	-0.0108137	3	0.0336722	3	2	0	0.5	0.0872996	0.413197
chr8:56000000-56500000	chr8	56000000	0.672132	0.101322	0.717493	-0.147638	6	-0.717668	0.0568872	-0.892343	-0.124385	0.129679	3	0.0637449	4	9	0	0.5	0.0924048	0.407485
chr8:56500000-57000000	chr8	56500000	0.636269	-0.0154268	0.626014	0.337165	1	-0.0614366	-0.300786	-0.706386	-0.385544	nan	1	nan	0	1	0	0.5	0.09751	0.386548
chr8:57000000-57500000	chr8	57000000	0.915729	0.00335176	0.652071	0.204722	0	-0.762164	-0.0145083	-0.297593	-0.0190116	nan	0	nan	0	5	0	0.5	0.102615	0.405166
chr8:57500000-58000000	chr8	57500000	0.145046	-0.0137006	0.259054	-0.0877514	1	-0.401659	-0.26523	-0.812696	-0.244826	nan	1	nan	1	1	0	0.5	0.107721	0.38195
chr8:58000000-58500000	chr8	58000000	0.104572	-0.142082	-0.0298276	0.0633548	1	-0.281354	-0.280784	1.02553	-0.172422	nan	1	nan	1	2	0	0.5	0.112826	0.39168
chr8:58500000-59000000	chr8	58500000	-0.196737	-0.174704	-0.201765	-0.0168888	3	0.35118	-0.12582	-0.566775	0.234891	-0.0275201	2	0.0551831	2	2	0	0.5	0.117931	0.382903
chr8:59000000-59500000	chr8	59000000	-0.0441242	0.0506133	0.326823	-0.25873	1	-0.319443	-0.0129891	-1.47899	0.0262392	nan	1	nan	1	1	0	0.5	0.123036	0.371205
chr8:59500000-60000000	chr8	59500000	0.152523	0.0513419	0.297967	-0.0124852	0	-0.661196	-0.189638	-1.5023	0.0270755	nan	0	nan	0	0	0	0.5	0.128141	0.358859
chr8:60000000-60500000	chr8	60000000	0.829339	-0.102043	0.888443	-0.0533564	1	-0.353382	0.0116326	-0.497597	-0.102589	nan	1	nan	1	2	0	0.5	0.133247	0.394904
chr8:60500000-61000000	chr8	60500000	-0.396405	-0.22185	-0.250382	-0.0492151	2	1.33587	-0.0671253	1.33774	0.0150652	-0.0283336	2	-0.0492693	2	6	0	0	0.138352	0.411237
chr8:61000000-61500000	chr8	61000000	0.832841	-0.01822	0.667814	-0.0167541	1	-0.600415	-0.0497055	-0.507264	-0.0164481	nan	0	nan	0	1	0	0	0.143457	0.403665
chr8:61500000-62000000	chr8	61500000	0.108024	0.00217303	0.0491124	0.228464	1	-0.590069	0.0045562	-0.842153	0.146604	nan	1	nan	1	1	0	0.5	0.148562	0.382415
chr8:62000000-62500000	chr8	62000000	0.786893	0.339435	0.834981	0.31661	1	-0.916118	-0.235185	-1.42616	0.0157119	nan	0	nan	0	2	0	0.5	0.153668	0.369719
chr8:62500000-63000000	chr8	62500000	1.06807	0.367894	1.14567	0.157566	0	-1.05538	-0.167244	-0.781065	-0.174367	nan	0	nan	0	0	0	0.5	0.158773	0.376057
chr8:63000000-63500000	chr8	63000000	0.693768	-0.0958738	0.852892	-0.104658	3	-0.893526	-0.0944903	-0.902368	0.155503	-0.0949467	2	0.00103664	2	3	0	0.5	0.163878	0.393402
chr8:63500000-64000000	chr8	63500000	1.01063	0.133883	0.981135	0.472787	0	-1.23839	-0.174669	-1.53288	0.00990475	nan	0	nan	0	0	0	0.5	0.168983	0.365199
chr8:64000000-64500000	chr8	64000000	1.06352	0.260917	1.0524	0.449181	0	-1.29928	0.0140206	-1.42524	0.0459454	nan	0	nan	0	3	0	0.5	0.174089	0.367515
chr8:64500000-65000000	chr8	64500000	1.06692	0.0643306	0.926783	0.480977	2	-1.34848	0.00540897	0.798233	-0.0510838	-0.0154314	2	nan	1	4	0	0.5	0.179194	0.376516
chr8:65000000-65500000	chr8	65000000	1.24086	0.239911	1.13308	0.208166	0	-1.36222	0.0221056	-1.35798	0.0506797	nan	0	nan	0	0	0	0	0.184299	0.384757
chr8:65500000-66000000	chr8	65500000	0.26297	-0.00709853	0.320371	-0.0103008	3	-0.952271	0.191831	1.23485	0.0210895	-0.0479042	3	-0.0925701	3	3	0	0	0.189404	0.400768
chr8:66000000-66500000	chr8	66000000	0.0979314	-0.103981	0.0805875	-0.0641007	6	-0.341459	0.187731	0.338397	0.0493284	0.300792	4	0.0411167	3	6	0	0	0.19451	0.412725
chr8:66500000-67000000	chr8	66500000	-0.39007	-0.0555956	-0.293266	-0.26108	5	0.345611	0.13603	0.879395	-0.158354	0.369635	4	-0.0183939	3	8	0	0	0.199615	0.40667
chr8:67000000-67500000	chr8	67000000	-0.279288	-0.169251	-0.192825	0.030373	4	0.268679	0.340848	0.704405	-0.102204	0.0124138	3	0.0385155	3	3	0	0.5	0.20472	0.391493
chr8:67500000-68000000	chr8	67500000	0.93072	0.0604009	0.92326	-0.0543428	2	-0.939015	-0.0238655	-1.20079	0.0431302	nan	1	nan	1	1	0	0.5	0.209825	0.395699
chr8:68000000-68500000	chr8	68000000	1.00389	0.0430819	1.05999	0.303487	1	-1.45116	0.109049	-1.50996	-0.0286316	nan	1	nan	0	1	0	0.5	0.21493	0.372605
chr8:68500000-69000000	chr8	68500000	-0.193012	-0.142737	-0.0506883	0.0290457	0	-0.896154	0.0320386	-1.54176	-0.0518322	nan	0	nan	0	0	0	0.5	0.220036	0.367739
chr8:69000000-69500000	chr8	69000000	-0.354547	0.0469677	-0.302523	0.112846	1	-0.218055	0.211241	-1.47295	-0.0393353	nan	1	nan	1	0	0	0.5	0.225141	0.3815
chr8:69500000-70000000	chr8	69500000	0.653794	-0.0323027	0.464287	-0.0624492	1	-0.509922	-0.121862	0.928703	-0.0468886	nan	1	nan	1	1	0	0	0.230246	0.410501
chr8:70000000-70500000	chr8	70000000	0.119062	-0.0612441	0.121009	-0.0400849	2	0.207252	0.126366	1.31756	0.0314133	nan	1	nan	1	3	0	0	0.235351	0.402851
chr8:70500000-71000000	chr8	70500000	0.643394	0.154954	0.675082	0.157892	3	-1.02969	0.0891888	-0.640206	0.360821	-0.122838	2	-0.027555	2	2	0	0	0.240457	0.385414
chr8:71000000-71500000	chr8	71000000	0.819026	0.083946	0.858817	0.172208	1	-0.884914	0.0684033	-1.41795	-0.00275605	nan	1	nan	1	0	0	0	0.245562	0.379202
chr8:71500000-72000000	chr8	71500000	0.350697	0.0771014	0.506613	-0.0963932	1	-0.924103	-0.0666447	0.366671	-0.193597	nan	1	nan	0	4	0	0	0.250667	0.384642
chr8:72000000-72500000	chr8	72000000	0.805323	0.24613	0.888763	0.0791855	1	-1.23431	0.0895137	-1.1731	-0.0199047	nan	1	nan	0	3	0	1	0.255772	0.381168
chr8:72500000-73000000	chr8	72500000	1.15034	0.0524533	1.12107	0.188961	1	-0.91309	-0.138445	-0.856094	-0.170695	nan	0	nan	0	1	0	1	0.260878	0.388543
chr8:73000000-73500000	chr8	73000000	0.222826	-0.0904717	-0.0593135	0.20193	5	0.367575	0.337946	0.571341	-0.291603	0.327451	4	0.0592883	4	5	0	1	0.265983	0.418292
chr8:73500000-74000000	chr8	73500000	-0.647391	-0.1557	-0.666742	0.0211439	5	0.850584	0.208543	1.30387	-0.0259752	0.230092	5	0.00592282	4	4	0	1	0.271088	0.391405
chr8:74000000-74500000	chr8	74000000	0.525635	-0.138104	0.590935	-0.130966	2	0.0796439	0.0933777	-1.27195	-0.0200379	-0.328826	2	-0.0200371	2	3	0	1	0.276193	0.400005
chr8:74500000-75000000	chr8	74500000	0.437628	-0.0206307	0.399499	0.161549	3	-1.17247	0.0904551	-1.53898	-0.0651484	0.0492995	2	nan	1	1	0	0.75	0.281299	0.371789
chr8:75000000-75500000	chr8	75000000	0.301681	0.260594	0.602026	0.436825	0	-0.991166	0.0252464	-0.836145	-0.0764559	nan	0	nan	0	1	0	0.75	0.286404	0.35999
chr8:75500000-76000000	chr8	75500000	0.176318	0.0358898	0.453892	0.367245	1	-0.91833	-0.312305	-0.774725	0.174659	nan	0	nan	0	0	0	0.75	0.291509	0.349546
chr8:76000000-76500000	chr8	76000000	0.0814318	0.132804	0.475042	0.217663	0	-1.24693	-0.135758	-1.37647	-0.0398232	nan	0	nan	0	0	0	0.75	0.296614	0.346139
chr8:76500000-77000000	chr8	76500000	-0.159975	-0.200918	-0.0158045	-0.108528	1	-0.589166	-0.259792	-0.874336	-0.0656716	nan	1	nan	1	2	0	0.75	0.30172	0.363566
chr8:77000000-77500000	chr8	77000000	0.0842256	0.0971346	0.229874	0.414651	1	-0.93995	-0.275055	-1.35425	0.0625324	nan	1	nan	1	0	0	0.75	0.306825	0.346874
chr8:77500000-78000000	chr8	77500000	0.847157	0.274746	1.05429	0.734505	0	-1.21166	-0.101745	-1.48815	0.00530487	nan	0	nan	0	0	0	0.75	0.31193	0.346528
chr8:78000000-78500000	chr8	78000000	0.826036	0.142358	1.08869	0.233321	0	-0.953553	-0.262078	-1.44108	-0.0241495	nan	0	nan	0	0	0	0.75	0.317035	0.351414
chr8:78500000-79000000	chr8	78500000	0.260316	0.0192839	0.540196	-0.00431465	3	-1.07385	-0.115402	-0.763653	0.108812	-0.246598	2	-0.185425	2	3	0	0.75	0.32214	0.355141
chr8:79000000-79500000	chr8	79000000	0.38665	-0.0186665	0.500384	-0.222522	0	-1.38441	-0.0359103	-1.54733	-0.0177103	nan	0	nan	0	0	0	0.75	0.327246	0.36677
chr8:79500000-80000000	chr8	79500000	-0.38494	-0.132687	-0.0316388	-0.268687	2	0.116621	-0.10754	0.425963	-0.0199351	0.0269692	2	0.0224532	2	6	0	0.75	0.332351	0.395701
chr8:80000000-80500000	chr8	80000000	-0.00443491	-0.238262	-0.248836	-0.130324	3	0.96064	-0.18922	1.00866	-0.0193999	0.191902	3	-0.059659	3	4	0	0.75	0.337456	0.415878
chr8:80500000-81000000	chr8	80500000	0.195788	-0.255901	-0.0113054	-0.123025	1	1.22377	-0.143889	-0.138952	-0.122074	nan	1	nan	1	3	0	0.75	0.342561	0.407798
chr8:81000000-81500000	chr8	81000000	-0.336282	-0.0818249	-0.478318	0.272318	5	0.834045	-0.249651	-0.0157392	-0.299127	0.0645712	3	-0.309074	2	2	0	0.75	0.347667	0.38714
chr8:81500000-82000000	chr8	81500000	0.269148	-0.0617774	0.195459	0.131934	6	-0.418347	0.135206	-0.785992	0.0210027	-0.0246811	4	-0.124964	5	6	0	0.75	0.352772	0.377699
chr8:82000000-82500000	chr8	82000000	0.295755	-0.0292267	0.355882	0.441655	0	-1.23418	-0.102959	-1.53516	-0.0319098	nan	0	nan	0	0	0	0.75	0.357877	0.351737
chr8:82500000-83000000	chr8	82500000	-0.329466	0.107002	-0.0677952	0.339405	0	-0.956863	-0.164632	-1.5366	-0.00306737	nan	0	nan	0	0	0	0.75	0.362982	0.338073
chr8:83000000-83500000	chr8	83000000	0.417951	-0.0256926	0.447509	0.37639	0	-0.935355	-0.0242068	-1.48559	0.0573717	nan	0	nan	0	0	0	0.75	0.368088	0.35129
chr8:83500000-84000000	chr8	83500000	0.38938	0.474661	0.657594	0.504651	0	-1.00725	0.0194844	-1.53449	0.0681072	nan	0	nan	0	0	0	0	0.373193	0.354973
chr8:84000000-84500000	chr8	84000000	0.452451	0.406921	0.685815	0.5831	1	-0.662632	-0.14182	-1.55315	-0.0201167	nan	0	nan	1	1	0	0	0.378298	0.351228
chr8:84500000-85000000	chr8	84500000	0.656939	0.430575	1.03284	0.223501	0	-1.20994	-0.00760826	-0.462575	0.0401712	nan	0	nan	0	0	0	0	0.383403	0.357313
chr8:85000000-85500000	chr8	85000000	0.516656	0.144361	0.751918	0.166159	7	-0.61462	0.0111573	0.137486	0.187995	0.248457	6	0.0358767	6	6	0	0	0.388509	0.383453
chr8:85500000-86000000	chr8	85500000	0.542206	0.583305	0.669541	0.225399	0	-0.84756	0.128299	-0.884933	0.0483691	nan	0	nan	0	12	0.1	0	0.393614	0.407682
chr8:86000000-86500000	chr8	86000000	0.119494	0.117709	0.3328	-0.017402	4	-0.0485187	-0.0105319	-0.711733	0.146053	-0.00674091	2	nan	1	2	0	1	0.398719	0.383091
chr8:86500000-87000000	chr8	86500000	1.02993	-0.0562673	1.089	0.129384	4	-0.916351	-0.119833	0.75979	0.0446525	0.0112851	2	0.0703705	2	2	0	1	0.403824	0.373609
chr8:87000000-87500000	chr8	87000000	0.729131	0.499997	0.860095	0.59148	0	-1.33662	-0.0395831	0.227198	-0.409485	nan	0	nan	0	0	0	1	0.40893	0.354132
chr8:87500000-88000000	chr8	87500000	0.374365	-0.0014693	0.470906	0.0535074	1	-0.999785	-0.189914	-0.979811	-0.325204	nan	0	nan	0	1	0	1	0.414035	0.361989
chr8:88000000-88500000	chr8	88000000	-0.336814	0.090736	0.0718278	-0.0531876	1	-0.746995	-0.0818431	-1.42565	0.0352844	nan	1	nan	1	1	0	1	0.41914	0.35609
chr8:88500000-89000000	chr8	88500000	0.0802298	-0.317599	0.316367	-0.145742	0	-0.972951	-0.184294	-1.46136	-0.0441488	nan	0	nan	0	0	0	1	0.424245	0.352821
chr8:89000000-89500000	chr8	89000000	0.121822	-0.0656291	0.218199	-0.0359765	0	-1.19646	-0.102625	-0.947264	0.480021	nan	0	nan	0	0	0	1	0.42935	0.358415
chr8:89500000-90000000	chr8	89500000	-0.474526	-0.166829	-0.0115174	-0.209729	3	-0.776141	0.0772193	1.07622	0.107847	-0.0820596	3	-0.0339977	3	3	0	1	0.434456	0.377569
chr8:90000000-90500000	chr8	90000000	0.437724	0.0367047	0.440069	0.273876	2	-1.41572	0.12482	-0.00743496	0.423187	0.398176	2	nan	1	1	0	1	0.439561	0.375932
chr8:90500000-91000000	chr8	90500000	-0.0934955	0.0941312	0.246722	0.0196086	3	-0.298687	0.114599	0.0738388	0.164858	0.309141	3	-0.171178	3	3	0	1	0.444666	0.375872
chr8:91000000-91500000	chr8	91000000	0.108739	0.0271249	0.265962	-0.00181925	4	-0.503665	0.036087	-0.858576	-0.0543665	-0.000251809	3	0.0414441	4	1	0	1	0.449771	0.364521
chr8:91500000-92000000	chr8	91500000	0.172109	0.434765	0.127775	0.207309	0	-0.401542	0.138657	-1.56224	0.0341332	nan	0	nan	0	0	0	1	0.454877	0.377515
chr8:92000000-92500000	chr8	92000000	-0.466095	-0.0631387	-0.28684	-0.124112	1	0.868173	0.0781831	-1.51297	-0.0235609	nan	1	nan	1	2	0	1	0.459982	0.379382
chr8:92500000-93000000	chr8	92500000	-0.730568	-0.0166191	-0.403193	-0.0640526	1	0.496112	0.126954	-1.41978	-0.00750691	nan	1	nan	1	1	0	0	0.465087	0.359769
chr8:93000000-93500000	chr8	93000000	0.348414	0.1006	0.399627	-0.153051	0	0.022673	0.145414	-1.49724	0.00321982	nan	0	nan	0	0	0	0	0.470192	0.385414
chr8:93500000-94000000	chr8	93500000	-0.524255	0.041511	-0.447223	-0.112423	4	0.907552	-0.110565	0.540363	-0.149323	0.0193484	4	-0.0631539	3	4	0	0	0.475298	0.406716
chr8:94000000-94500000	chr8	94000000	-0.82546	-0.0805756	-1.15358	-0.0165026	4	1.19097	0.170893	1.45894	-0.0265784	-0.0514242	3	0.0973303	4	2	0	0	0.480403	0.404307
chr8:94500000-95000000	chr8	94500000	-0.861389	-0.0408841	-0.976552	-0.072526	6	1.34758	0.154171	1.39203	0.02678	0.0625342	6	-0.199191	6	8	0	0	0.485508	0.415804
chr8:95000000-95500000	chr8	95000000	-0.520388	-0.272539	-0.740785	-0.181964	3	-0.219588	1.02411	1.12559	-0.00774997	0.0800083	3	0.0498272	2	4	0	0	0.490613	0.418227
chr8:95500000-96000000	chr8	95500000	-0.59262	-0.422662	-0.822691	-0.0837646	0	-1.00791	0.501105	-1.1632	0.0976221	nan	0	nan	0	0	0	0	0.495719	0.38655
chr8:96000000-96500000	chr8	96000000	-0.994037	0.0970731	-0.852002	-0.247135	5	-0.122979	0.529014	-0.528149	0.0322475	0.0272883	5	0.206748	5	6	0	0	0.500824	0.416485
chr8:96500000-97000000	chr8	96500000	-0.97152	0.00275474	-0.967954	-0.0851979	1	-0.103025	0.437612	-1.3683	0.0301581	nan	1	nan	1	1	0	0	0.505929	0.390391
chr8:97000000-97500000	chr8	97000000	-0.782763	-0.119307	-1.14906	0.0227154	1	-0.0539691	0.344678	-1.1286	-0.067957	nan	1	nan	1	1	0	0	0.511034	0.408387
chr8:97500000-98000000	chr8	97500000	-1.29798	0.152711	-1.23841	-0.113471	3	1.43494	-0.00496538	0.988968	0.0248182	0.104926	3	-0.0147169	3	4	0	0	0.51614	0.434509
chr8:98000000-98500000	chr8	98000000	-1.00026	-0.00353128	-1.18267	0.0859335	6	0.944937	0.11997	1.33934	-0.0433545	0.134182	6	0.0397981	6	6	0	0.25	0.521245	0.420458
chr8:98500000-99000000	chr8	98500000	-1.2367	0.0763828	-1.06667	-0.146486	2	0.428617	0.0326841	1.39804	-0.132022	nan	1	nan	1	6	0	0.25	0.52635	0.389737
chr8:99000000-99500000	chr8	99000000	-1.37298	0.107199	-1.26097	0.0797455	1	0.284258	0.30181	1.36483	-0.0095644	nan	1	nan	1	1	0	0.25	0.531455	0.359888
chr8:99500000-100000000	chr8	99500000	-0.765511	-0.138557	-0.78937	-0.271578	1	0.0903072	0.149775	1.35222	-0.0911919	nan	1	nan	1	1	0	0.25	0.53656	0.37962
chr8:100000000-100500000	chr8	100000000	-0.980505	-0.0494092	-1.04051	-0.201129	5	1.10442	0.150142	1.43865	-0.029003	-0.219061	3	-0.00407351	4	5	0	0.25	0.541666	0.403558
chr8:100500000-101000000	chr8	100500000	-1.07333	0.0812519	-1.08082	-0.333553	4	1.65389	0.00416823	1.42687	-0.0331643	0.206961	3	-0.0101647	3	4	0	0	0.546771	0.431102
chr8:101000000-101500000	chr8	101000000	-1.0534	0.0916472	-1.11741	0.0775468	2	1.85844	-0.22465	1.30937	0.0215141	nan	1	nan	1	6	0	0	0.551876	0.433299
chr8:101500000-102000000	chr8	101500000	-0.678403	-0.0334903	-0.733394	-0.103739	1	1.58735	-0.154175	1.32389	0.000512798	nan	1	nan	1	0	0	0	0.556981	0.407854
chr8:102000000-102500000	chr8	102000000	-0.960763	-0.0331461	-1.09232	-0.106424	2	1.7152	-4.04619e-05	1.49319	-0.00309521	-0.220903	2	-0.21235	2	3	0	0	0.562087	0.403834
chr8:102500000-103000000	chr8	102500000	-0.836334	-0.0655458	-1.01641	-0.0163539	3	1.3948	-0.0267442	1.49893	0.0697017	-0.385998	2	-0.181344	2	6	0	0	0.567192	0.449852
chr8:103000000-103500000	chr8	103000000	-0.582487	-0.1451	-0.563159	-0.148424	6	-0.662848	0.642257	0.595595	0.0286637	-0.137492	6	0.0410704	6	6	0	0	0.572297	0.402632
chr8:103500000-104000000	chr8	103500000	-0.0577746	-0.0351386	0.188169	0.143492	1	-1.26273	0.217598	-1.27952	0.00711495	nan	1	nan	1	0	0	0	0.577402	0.36006
chr8:104000000-104500000	chr8	104000000	-0.15991	0.142837	0.12638	0.0249396	2	-0.773999	0.244853	-0.112136	-0.189001	nan	0	nan	0	4	0	0	0.582508	0.377084
chr8:104500000-105000000	chr8	104500000	0.00483299	0.189986	-0.00176728	-0.108327	1	-0.881924	0.177536	-0.0370787	-0.108558	nan	1	nan	1	1	0	0	0.587613	0.384323
chr8:105000000-105500000	chr8	105000000	-0.513301	0.426534	-0.0569459	0.232556	1	-0.54591	-0.0623512	-1.43712	-0.0396297	nan	1	nan	1	1	0	0.75	0.592718	0.36076
chr8:105500000-106000000	chr8	105500000	-0.621252	-0.17628	-0.344187	-0.146869	0	-0.238037	-0.305833	-1.44086	-0.0658469	nan	0	nan	0	0	0	0.75	0.597823	0.363511
chr8:106000000-106500000	chr8	106000000	-0.524166	-0.239609	-0.218524	-0.369082	1	-0.889989	-0.152813	-1.426	0.00493378	nan	1	nan	1	3	0	0.75	0.602929	0.369944
chr8:106500000-107000000	chr8	106500000	-0.372468	-0.0742364	-0.372815	0.0764353	1	-0.582925	-0.121212	-1.05876	-0.0255081	nan	1	nan	1	1	0	0.75	0.608034	0.374503
chr8:107000000-107500000	chr8	107000000	-0.086813	-0.128742	-0.00932765	-0.214899	1	-0.221954	-0.254388	-1.45331	0.0856629	nan	1	nan	1	0	0	0.75	0.613139	0.366113
chr8:107500000-108000000	chr8	107500000	0.714033	-0.168839	0.598886	0.0871281	0	-1.01679	-0.168844	-1.41329	0.0371474	nan	0	nan	0	0	0	0.75	0.618244	0.379367
chr8:108000000-108500000	chr8	108000000	0.478053	0.134591	0.649677	0.185028	3	-0.78502	0.0155199	0.07537	-0.0222823	0.14398	3	-0.0276568	2	3	0	0.75	0.62335	0.373364
chr8:108500000-109000000	chr8	108500000	0.856996	0.28275	1.01041	0.241649	1	-1.37983	0.115825	-0.948343	0.114646	nan	1	nan	1	1	0	0.75	0.628455	0.370526
chr8:109000000-109500000	chr8	109000000	0.718201	-0.100333	0.948844	0.0946479	4	-1.34411	-0.0093269	0.207846	-0.129672	-0.0298958	3	-0.0566826	3	2	0	0.75	0.63356	0.368898
chr8:109500000-110000000	chr8	109500000	0.59761	0.110491	0.870241	-0.0440886	3	-0.724326	-0.0959545	-0.359951	0.0714559	-0.00411248	3	0.140221	3	6	0	0	0.638665	0.3711
chr8:110000000-110500000	chr8	110000000	0.24581	0.387344	0.829362	0.267451	0	-0.893424	-0.352763	-1.36167	-0.00286567	nan	0	nan	0	0	0	0	0.64377	0.347186
chr8:110500000-111000000	chr8	110500000	-0.212741	-0.0225533	0.197856	0.224181	0	-0.460172	-0.303559	-1.38886	-0.0208417	nan	0	nan	0	0	0	0	0.648876	0.34316
chr8:111000000-111500000	chr8	111000000	0.400565	0.194051	0.782922	0.326523	0	-0.113806	-0.19201	-1.40855	0.0508327	nan	0	nan	0	0	0	1	0.653981	0.340733
chr8:111500000-112000000	chr8	111500000	0.683003	0.309825	1.18437	0.254745	0	-0.638146	-0.293478	-1.29352	-0.0500083	nan	0	nan	0	0	0	1	0.659086	0.34953
chr8:112000000-112500000	chr8	112000000	0.527431	-0.0783447	0.842761	0.244379	0	-0.82695	-0.273164	-1.3421	0.00249522	nan	0	nan	0	0	0	1	0.664191	0.348547
chr8:112500000-113000000	chr8	112500000	0.52593	-0.0788803	0.787876	0.156997	0	-0.863455	-0.275076	-1.32213	-0.0630542	nan	0	nan	0	0	0	1	0.669297	0.338124
chr8:113000000-113500000	chr8	113000000	0.629347	0.0135688	0.693316	0.632684	1	-0.942841	-0.342482	-1.18518	-0.0751767	nan	1	nan	0	1	0	1	0.674402	0.339528
chr8:113500000-114000000	chr8	113500000	0.819897	0.0307361	0.928833	0.596517	0	-1.29072	-0.0991626	0.68763	-0.940899	nan	0	nan	0	0	0	1	0.679507	0.346777
chr8:114000000-114500000	chr8	114000000	0.572971	0.0909644	0.900183	0.521993	0	-1.1209	-0.152566	0.761076	-0.317581	nan	0	nan	0	0	0	1	0.684612	0.344402
chr8:114500000-115000000	chr8	114500000	-0.059865	-0.0320777	0.161158	0.263777	0	-1.10319	-0.182771	-0.982061	-0.346981	nan	0	nan	0	0	0	1	0.689718	0.34538
chr8:115000000-115500000	chr8	115000000	-0.577488	-0.137793	-0.420051	-0.0905447	0	-0.679021	0.094757	-1.26156	-0.0480137	nan	0	nan	0	0	0	1	0.694823	0.363544
chr8:115500000-116000000	chr8	115500000	-0.818081	-0.339266	-0.860405	-0.0616582	1	-0.424318	0.145077	-1.37096	-0.0720041	nan	1	nan	1	3	0	1	0.699928	0.359148
chr8:116000000-116500000	chr8	116000000	-0.484091	-0.150313	-0.544341	-0.186672	0	-0.480324	0.187576	-1.37159	0.0214276	nan	0	nan	0	0	0	1	0.705033	0.38237
chr8:116500000-117000000	chr8	116500000	-0.663277	-0.249232	-0.412564	-0.16772	4	0.849871	-0.100481	0.381567	-0.0151266	0.0801844	4	0.0631619	4	4	0	0	0.710139	0.39421
chr8:117000000-117500000	chr8	117000000	-0.0842896	-0.385056	-0.419089	-0.0310566	1	0.170932	-0.193596	-0.992465	-0.147714	nan	0	nan	1	0	0	0	0.715244	0.38178
chr8:117500000-118000000	chr8	117500000	-0.794931	0.11051	-0.571302	-0.312962	1	-0.0159472	0.113149	0.0794365	-0.143162	nan	1	nan	1	1	0	0	0.720349	0.400076
chr8:118000000-118500000	chr8	118000000	-0.896203	0.0929692	-0.755705	-0.126209	1	0.0305484	-0.124484	0.621102	-0.000617657	nan	1	nan	1	1	0	0	0.725454	0.401186
chr8:118500000-119000000	chr8	118500000	-0.371803	-0.228616	-0.625809	-0.157573	2	-1.01136	0.047871	0.493196	0.287245	0.446029	2	0.0166449	2	3	0	0.5	0.730559	0.384767
chr8:119000000-119500000	chr8	119000000	0.461656	-0.24817	0.399053	-0.220891	3	-1.27827	0.0617026	-1.17799	0.145019	nan	1	0.118384	3	2	0	0.5	0.735665	0.3848
chr8:119500000-120000000	chr8	119500000	0.543493	-0.351937	0.609508	-0.415315	4	-0.971603	0.0354618	0.298825	0.122622	0.04473	4	0.0362737	4	3	0	0.5	0.74077	0.404264
chr8:120000000-120500000	chr8	120000000	0.483377	-0.254104	0.508364	-0.0826306	3	-0.810694	-0.0805329	-0.996798	-0.13433	-0.0992583	3	0.118344	3	4	0	0.5	0.745875	0.386238
chr8:120500000-121000000	chr8	120500000	0.394256	-0.235212	0.469145	-0.442181	1	-1.02618	-0.0170039	-1.0085	0.1084	nan	1	nan	1	1	0	0.5	0.75098	0.390188
chr8:121000000-121500000	chr8	121000000	-0.166779	-0.197816	-0.144212	-0.218797	0	-0.592058	0.234177	-1.43392	-0.0349594	nan	0	nan	0	0	0	0.5	0.756086	0.374792
chr8:121500000-122000000	chr8	121500000	-0.603419	-0.0709516	-0.486645	-0.0251444	1	0.451028	-0.0546071	-1.37007	0.0172035	nan	1	nan	1	1	0	0	0.761191	0.381739
chr8:122000000-122500000	chr8	122000000	-0.115043	-0.164158	-0.0296626	-0.251315	0	-0.217837	0.12512	-1.34593	0.0999274	nan	0	nan	0	0	0	0	0.766296	0.373678
chr8:122500000-123000000	chr8	122500000	-0.304573	-0.0624382	-0.437649	-0.38604	1	0.83764	-0.146577	0.262584	0.0702207	nan	1	nan	1	1	0	0	0.771401	0.438492
chr8:123000000-123500000	chr8	123000000	-0.894026	-0.178749	-0.606738	-0.40003	7	1.67531	-0.093148	1.25204	-0.0400626	0.00816385	6	-0.0215989	5	9	0	0	0.776507	0.426671
chr8:123500000-124000000	chr8	123500000	-0.83143	0.00694418	-0.75997	-0.521697	5	1.80032	-0.210878	0.612452	0.127166	-0.248236	3	0.0606354	4	2	0	0	0.781612	0.424128
chr8:124000000-124500000	chr8	124000000	-0.801455	-0.215079	-0.777695	-0.413132	3	1.62992	-0.00708153	0.0344122	0.122759	-0.205873	2	-0.0579873	2	3	0	0	0.786717	0.415105
chr8:124500000-125000000	chr8	124500000	-0.132168	-0.0190136	-0.204413	-0.605529	5	1.90443	-0.262334	0.972169	-0.0462962	0.151117	4	0.241652	5	3	0	0	0.791822	0.435347
chr8:125000000-125500000	chr8	125000000	-1.00892	-0.00363167	-1.18031	0.145428	3	1.81878	-0.182211	1.40635	-0.0122521	-0.0334679	3	-0.0300277	3	3	0	0	0.796928	0.420684
chr8:125500000-126000000	chr8	125500000	-0.238616	-0.0565478	-0.32064	-0.397751	0	1.50535	-0.0396339	0.308283	0.0308819	nan	0	nan	0	0	0	0	0.802033	0.417261
chr8:126000000-126500000	chr8	126000000	-0.127194	-0.0335162	-0.120516	-0.18843	0	1.03485	0.0248279	-0.94784	-0.00772164	nan	0	nan	0	0	0	0	0.807138	0.390538
chr8:126500000-127000000	chr8	126500000	-0.383666	-0.0578843	-0.585372	-0.168694	1	0.982865	0.000426821	-0.494153	-0.051649	nan	1	nan	1	1	0	0.5	0.812243	0.400765
chr8:127000000-127500000	chr8	127000000	-0.273136	-0.224234	-0.432369	-0.491475	2	0.239214	-0.108696	1.09386	-0.133489	nan	0	nan	1	1	0	0.5	0.817349	0.396097
chr8:127500000-128000000	chr8	127500000	-0.560125	0.0672825	-0.646859	-0.305086	2	1.3804	-0.145041	1.15202	-0.109037	nan	1	0.0836972	2	4	0	0.5	0.822454	0.44811
chr8:128000000-128500000	chr8	128000000	-0.86827	0.0974094	-0.812898	-0.39277	0	1.29567	-0.176599	0.112883	-0.0218618	nan	0	nan	0	0	0	0.5	0.827559	0.416179
chr8:128500000-129000000	chr8	128500000	-0.957703	0.0223219	-1.04741	-0.163826	0	0.650039	-0.0821495	-0.421502	-0.188403	nan	0	nan	0	0	0	0.5	0.832664	0.383109
chr8:129000000-129500000	chr8	129000000	-0.983411	0.120074	-0.961611	-0.293558	0	1.05292	-0.0549062	0.767188	-0.331167	nan	0	nan	0	0	0	0.5	0.837769	0.382092
chr8:129500000-130000000	chr8	129500000	-0.92353	-0.00419569	-1.11528	-0.013451	1	1.48902	-0.28727	0.578812	-0.0589023	nan	1	nan	0	2	0	0.5	0.842875	0.404614
chr8:130000000-130500000	chr8	130000000	-0.856424	0.0430406	-0.64402	-0.314731	2	1.63658	-0.253501	1.08257	0.00953327	-0.0326262	2	nan	1	3	0	0.5	0.84798	0.43045
chr8:130500000-131000000	chr8	130500000	-0.164131	0.011193	-0.422963	-0.12599	0	0.671714	0.0439792	-0.675438	-0.0943101	nan	0	nan	0	0	0	0	0.853085	0.413391
chr8:131000000-131500000	chr8	131000000	0.933403	0.217986	0.616728	0.241837	1	-0.324324	-0.0560294	-1.30061	-0.038955	nan	1	nan	1	1	0	0	0.85819	0.383548
chr8:131500000-132000000	chr8	131500000	0.443547	0.270992	0.718032	0.0978343	1	-0.073983	0.0496742	-0.828828	0.12299	nan	1	nan	1	1	0	0	0.863296	0.388155
chr8:132000000-132500000	chr8	132000000	1.45157	-0.0833628	1.14888	0.0440199	3	0.364487	-0.0500447	-0.709124	-0.0123606	nan	1	nan	1	2	0	0	0.868401	0.427967
chr8:132500000-133000000	chr8	132500000	0.504199	-0.11604	0.411749	-0.00386299	4	0.94618	-0.0592612	-0.0580813	-0.00324814	0.187266	3	-0.110783	3	2	0	0	0.873506	0.410084
chr8:133000000-133500000	chr8	133000000	0.111043	-0.202817	-0.214153	-0.172444	3	1.31479	-0.0567684	0.279921	0.231915	-0.109054	2	0.0661319	2	1	0	0	0.878611	0.469555
chr8:133500000-134000000	chr8	133500000	0.502622	-0.130372	0.104561	-0.114824	1	-0.119448	0.15668	1.02022	0.0802206	nan	1	nan	1	1	0	0	0.883717	0.441575
chr8:134000000-134500000	chr8	134000000	1.20086	-0.0679728	0.782019	0.109168	0	-1.12905	0.0589407	0.522079	-0.283497	nan	0	nan	0	2	0	0	0.888822	0.414537
chr8:134500000-135000000	chr8	134500000	0.765351	-0.309602	0.49185	-0.156412	1	-0.576887	0.105537	0.785255	-0.000276576	nan	1	nan	1	2	0	0	0.893927	0.430844
chr8:135000000-135500000	chr8	135000000	1.1709	0.0173107	0.665486	0.266147	1	-0.870952	-0.0965021	-0.713898	0.025427	nan	1	nan	1	2	0	0	0.899032	0.420293
chr8:135500000-136000000	chr8	135500000	0.874971	-0.0735021	0.621965	-0.144289	0	-0.70074	-0.0432095	0.0450302	-0.117943	nan	0	nan	0	0	0	0.75	0.904138	0.41235
chr8:136000000-136500000	chr8	136000000	0.606009	0.437263	0.548336	0.300715	0	-0.920634	0.0306053	1.14362	-0.0698466	nan	0	nan	0	0	0	0.75	0.909243	0.38307
chr8:136500000-137000000	chr8	136500000	0.476942	0.448923	0.46009	0.494905	0	-0.90289	-0.0596912	0.547691	0.0659288	nan	0	nan	0	0	0	0.75	0.914348	0.369324
chr8:137000000-137500000	chr8	137000000	0.379882	0.134758	0.238344	0.364957	0	-1.01169	0.0242863	-0.92073	-0.067835	nan	0	nan	0	0	0	0.75	0.919453	0.372136
chr8:137500000-138000000	chr8	137500000	0.979274	0.363177	1.01609	0.447792	0	-0.962344	-0.0153092	0.0833448	-0.117809	nan	0	nan	0	0	0	0.75	0.924559	0.385196
chr8:138000000-138500000	chr8	138000000	1.52297	0.176751	1.18776	0.198938	1	-0.696861	-0.00534528	-0.593111	0.0761271	nan	0	nan	0	1	0	0.75	0.929664	0.417961
chr8:138500000-139000000	chr8	138500000	1.15338	0.235671	0.921438	0.0887738	1	-0.49301	-0.00505208	-0.650395	0.0889071	nan	1	nan	1	1	0	0.75	0.934769	0.453142
chr8:139000000-139500000	chr8	139000000	1.26456	0.0930331	0.927797	0.238437	0	-0.661024	-0.0242327	-0.473538	-0.0309797	nan	0	nan	0	0	0	0	0.939874	0.425673
chr8:139500000-140000000	chr8	139500000	1.47449	-0.210266	0.702496	0.313471	1	-0.236998	-0.0628117	-0.0923193	0.0664627	nan	0	nan	0	3	0	0	0.944979	0.493504
chr8:140000000-140500000	chr8	140000000	0.662975	0.0212814	0.495285	-0.142764	1	0.400854	-0.0431945	0.545195	-0.0496826	nan	1	nan	1	6	0	0	0.950085	0.460076
chr8:140500000-141000000	chr8	140500000	-0.871065	-0.0232376	-1.06484	0.167783	2	1.52991	-0.156164	1.11211	-0.120711	0.0499619	2	0.0732741	2	4	0	0	0.95519	0.435252
chr8:141000000-141500000	chr8	141000000	-0.07295	-0.217742	-0.476411	0.0461406	5	1.85844	-0.241694	1.21839	-0.027244	-0.0403869	5	0.115275	5	22	0	0	0.960295	0.535772
chr8:141500000-142000000	chr8	141500000	0.873483	-0.263244	0.478955	0.0209942	1	0.698542	0.108072	0.292955	-0.106053	nan	0	nan	0	7	0	0	0.9654	0.533754
chr8:142000000-142500000	chr8	142000000	0.625825	-0.281956	0.278927	0.324416	2	0.5208	0.199168	0.355557	-0.134537	-0.135505	2	nan	1	19	0	0	0.970506	0.563655
chr8:142500000-143000000	chr8	142500000	0.29495	-0.196233	-0.00467163	0.140445	13	-0.29543	0.155055	0.607401	-0.143702	0.0850899	6	0.137703	3	17	0	0	0.975611	0.530888
chr8:143000000-143500000	chr8	143000000	-0.02941	-0.385534	-0.519689	0.203992	11	0.569582	0.358804	0.896487	-0.0261114	0.0805662	8	0.054497	7	39	0	0	0.980716	0.555195
chr8:143500000-144000000	chr8	143500000	-0.675663	-0.0258246	-1.09112	0.429426	21	2.16347	-0.349282	1.09982	0.0213825	0.00150725	20	0.0970773	19	61	0	0	0.985821	0.573641
chr8:144000000-144500000	chr8	144000000	-0.765278	-0.197355	-1.22539	0.581542	28	2.04573	-0.392446	0.929248	0.0651193	0.108822	25	0.0865788	23	48	0	0	0.990927	0.576258
chr8:144500000-145000000	chr8	144500000	-0.586198	-0.0839455	-0.90596	0.0456937	15	nan	nan	0.99757	0.0486951	0.0498546	13	0.0543197	14	32	0	0	0.996032	0.5054
chr8:145000000-145500000	chr8	145000000	nan	nan	nan	nan	1	nan	nan	nan	nan	nan	1	nan	1	3	0.12	nan	1.00114	0.4312
chr9:0-500000	chr9	0	nan	nan	nan	nan	4	0.35945	-0.397473	0.431282	0.104657	0.166579	4	0.0773687	3	7	0.02	0	0.994076	0.418568
chr9:500000-1000000	chr9	500000	nan	nan	nan	nan	3	0.53943	-0.392467	0.759756	0.0634142	nan	1	nan	1	8	0	0	0.982227	0.430003
chr9:1000000-1500000	chr9	1000000	nan	nan	nan	nan	1	-1.29645	-0.0667807	-0.670354	0.255633	nan	0	nan	0	4	0	0	0.970379	0.401321
chr9:1500000-2000000	chr9	1500000	nan	nan	nan	nan	0	-1.16479	-0.243726	0.635789	0.172606	nan	0	nan	0	0	0	0	0.958531	0.393529
chr9:2000000-2500000	chr9	2000000	nan	nan	nan	nan	1	0.157944	-0.528162	-0.0288884	0.0782197	nan	1	nan	1	4	0	0.25	0.946682	0.402208
chr9:2500000-3000000	chr9	2500000	nan	nan	nan	nan	3	-0.140798	0.20209	-0.301175	0.316333	-0.071283	3	-0.0897527	2	4	0	0.25	0.934834	0.399891
chr9:3000000-3500000	chr9	3000000	-0.39644	-0.144567	0.213606	-0.196649	0	-0.750684	-0.00116785	0.190736	0.0115959	nan	0	nan	0	1	0	0.25	0.922986	0.366183
chr9:3500000-4000000	chr9	3500000	-0.310259	-0.0809528	-0.349846	-0.0668424	1	-0.740053	0.27594	0.159113	-0.412305	nan	1	nan	1	1	0	0.25	0.911137	0.389274
chr9:4000000-4500000	chr9	4000000	-0.374979	-0.289295	-0.492949	0.090633	2	-0.461031	0.209961	0.106137	0.1475	-0.412601	2	0.183254	2	4	0	0.25	0.899289	0.40627
chr9:4500000-5000000	chr9	4500000	-0.207199	-0.335724	-0.243962	-0.111087	6	-0.906835	0.0917235	1.24998	0.0457343	-0.0431036	6	0.0862633	6	6	0	0	0.887441	0.409649
chr9:5000000-5500000	chr9	5000000	-0.233756	0.0153837	-0.0612388	0.049648	6	-1.51656	0.00838293	1.05512	-0.00716287	0.229628	2	-0.158133	2	8	0	0	0.875592	0.385646
chr9:5500000-6000000	chr9	5500000	-0.58084	-0.0274901	-0.342269	-0.255078	4	-1.04985	-0.118113	1.25555	0.0468862	-0.401495	3	-0.102766	2	2	0	0	0.863744	0.39285
chr9:6000000-6500000	chr9	6000000	-0.0545452	0.0214614	-0.233135	-0.0107583	5	-0.793621	0.0519956	1.20428	0.0728202	0.0431054	4	-0.13753	3	2	0	0	0.851896	0.397537
chr9:6500000-7000000	chr9	6500000	-0.185237	-0.249602	-0.260767	-0.213437	2	0.00594732	0.0184291	1.11631	0.101786	-0.150295	2	0.00809221	2	5	0	0	0.840047	0.422623
chr9:7000000-7500000	chr9	7000000	0.396121	0.0396123	0.360315	-0.240717	0	0.364317	-0.129411	-0.499705	-0.0578802	nan	0	nan	0	0	0	0	0.828199	0.401994
chr9:7500000-8000000	chr9	7500000	0.533962	0.265858	0.593849	-0.0110046	1	-0.0354106	-0.192441	-1.17419	0.0369605	nan	1	nan	1	1	0	0	0.816351	0.387323
chr9:8000000-8500000	chr9	8000000	0.389606	0.207377	0.363208	0.161917	0	0.15497	-0.260718	-1.42328	0.00668223	nan	0	nan	0	0	0	0	0.804502	0.37641
chr9:8500000-9000000	chr9	8500000	-0.222381	0.112331	0.114062	-0.0789894	0	-0.0982236	-0.20669	-1.37467	-0.0832745	nan	0	nan	0	2	0	0	0.792654	0.371945
chr9:9000000-9500000	chr9	9000000	0.684	0.336191	0.934301	0.225208	0	-1.14679	0.0168086	-1.48048	-0.0336586	nan	0	nan	0	0	0	0.75	0.780806	0.352222
chr9:9500000-10000000	chr9	9500000	0.392831	0.116022	0.655967	0.288427	0	-1.10376	0.110921	-1.27562	-0.0795762	nan	0	nan	0	0	0	0.75	0.768957	0.349198
chr9:10000000-10500000	chr9	10000000	-0.0231922	0.251191	0.444664	0.234238	0	-0.803252	-0.250523	-1.3626	0.0750304	nan	0	nan	0	0	0	0.75	0.757109	0.34515
chr9:10500000-11000000	chr9	10500000	0.487125	0.30636	0.600712	0.395406	1	-1.11461	-0.176316	-1.39661	-0.0261783	nan	1	nan	1	1	0	0.75	0.745261	0.357746
chr9:11000000-11500000	chr9	11000000	0.330201	0.442694	0.52784	0.49566	0	-1.00358	0.0362948	-1.33385	-0.0621837	nan	0	nan	0	0	0	0.75	0.733412	0.354484
chr9:11500000-12000000	chr9	11500000	0.260999	0.450705	0.627189	0.525874	0	-1.2804	-0.157861	-1.39809	0.0438784	nan	0	nan	0	1	0	0.75	0.721564	0.344122
chr9:12000000-12500000	chr9	12000000	0.397074	0.213293	0.488369	0.628823	0	-0.733047	-0.404426	-1.3262	0.114763	nan	0	nan	0	0	0	0.75	0.709716	0.350159
chr9:12500000-13000000	chr9	12500000	-0.336435	0.0293585	-0.0681031	0.18994	2	-0.49921	-0.0713924	-0.825915	-0.193511	0.115074	2	nan	1	1	0	0.75	0.697867	0.360287
chr9:13000000-13500000	chr9	13000000	-0.0324165	-0.368414	-0.122171	-0.138162	1	0.00727591	0.0962566	-1.34515	-0.0766705	nan	1	nan	1	2	0	0.75	0.686019	0.371436
chr9:13500000-14000000	chr9	13500000	0.437516	0.305581	0.606068	-0.0265336	0	0.446185	-0.331327	-1.21965	-0.155193	nan	0	nan	0	0	0	0.75	0.674171	0.380581
chr9:14000000-14500000	chr9	14000000	-0.199914	-0.0415645	-0.0665821	0.124999	2	0.309636	-0.141477	-1.18259	0.0105805	nan	1	nan	1	5	0	0	0.662322	0.388636
chr9:14500000-15000000	chr9	14500000	0.720915	0.0318358	0.688671	0.18797	3	-0.52297	0.16737	-0.628678	-0.00850132	-0.643289	2	-0.0493384	2	3	0	0	0.650474	0.384706
chr9:15000000-15500000	chr9	15000000	0.339397	0.0875852	0.405003	-0.0955678	2	-0.641148	-0.0395882	-0.00414631	-0.204226	-0.362051	2	-0.0302664	2	3	0	0	0.638626	0.405329
chr9:15500000-16000000	chr9	15500000	0.068327	-0.128341	0.234381	0.00693168	2	-1.37975	0.00279157	0.129036	-0.503319	-0.112483	2	0.00322142	2	2	0	0	0.626777	0.372012
chr9:16000000-16500000	chr9	16000000	-0.28472	0.00218447	-0.31953	-0.43471	0	-0.478609	-0.236444	-0.346092	-0.157533	nan	0	nan	0	0	0	0	0.614929	0.428126
chr9:16500000-17000000	chr9	16500000	-0.696555	0.0101834	-0.647526	0.0736384	1	-0.445614	-0.00447412	-1.06893	0.0716868	nan	1	nan	1	3	0	0.25	0.603081	0.396303
chr9:17000000-17500000	chr9	17000000	0.163392	-0.350143	0.25217	-0.122794	1	-1.44408	0.250456	-1.12072	-0.153485	nan	1	nan	1	1	0	0.25	0.591232	0.371634
chr9:17500000-18000000	chr9	17500000	0.567691	-0.136455	0.67135	-0.110174	1	-1.45275	0.0331642	-1.21023	0.0827959	nan	1	nan	1	2	0	0.25	0.579384	0.390614
chr9:18000000-18500000	chr9	18000000	-0.212334	0.116679	-0.0787154	0.11268	1	-0.969365	-0.145058	-1.10324	0.0327973	nan	1	nan	1	1	0	0.25	0.567536	0.379845
chr9:18500000-19000000	chr9	18500000	-0.0762266	-0.0874158	-0.20905	0.00833301	0	-0.614272	0.070664	-0.640827	-0.00951486	nan	0	nan	0	1	0	0	0.555687	0.400403
chr9:19000000-19500000	chr9	19000000	-0.17466	-0.260374	-0.368597	-0.294301	7	0.371018	0.0906743	1.19846	0.0766714	-0.0814653	6	0.132839	6	7	0	0	0.543839	0.418583
chr9:19500000-20000000	chr9	19500000	0.736313	0.116198	0.565544	0.22746	1	-0.964939	-0.0385111	-1.06536	-0.143404	nan	0	nan	1	2	0	0	0.531991	0.394056
chr9:20000000-20500000	chr9	20000000	0.0649221	-0.124541	-0.0370508	0.00722541	0	0.133581	-0.148812	-0.114795	-0.16478	nan	0	nan	0	0	0	1	0.520142	0.387276
chr9:20500000-21000000	chr9	20500000	-0.870213	0.141241	-0.716074	-0.0421364	2	0.189345	0.0479676	1.08203	0.0834958	-0.0696104	2	-0.0969411	2	2	0	1	0.508294	0.372252
chr9:21000000-21500000	chr9	21000000	-0.120432	-0.166939	-0.0246458	-0.0832149	18	-1.09854	-0.196552	0.136094	0.0277455	0.0828584	2	0.0649301	2	4	0	1	0.496445	0.3762
chr9:21500000-22000000	chr9	21500000	-0.468306	-0.00270809	-0.119117	-0.180405	3	-1.37834	0.0126227	-0.963802	0.292688	0.313371	2	0.311623	2	9	0	1	0.484597	0.388058
chr9:22000000-22500000	chr9	22000000	-0.423299	-0.0726233	0.0163025	-0.0265731	2	-1.18117	-0.0371243	-1.06965	0.199172	0.133014	2	0.722623	2	4	0	1	0.472749	0.375358
chr9:22500000-23000000	chr9	22500000	0.103383	0.13795	0.380127	-0.0332155	0	-1.19413	-0.148329	-1.37047	0.0713652	nan	0	nan	0	0	0	1	0.4609	0.358241
chr9:23000000-23500000	chr9	23000000	0.205431	0.0159181	0.337758	0.0601571	0	-1.25601	0.0430308	-1.30224	0.0486537	nan	0	nan	0	0	0	1	0.449052	0.360262
chr9:23500000-24000000	chr9	23500000	0.462073	-0.131729	0.471944	-0.101246	1	-0.634613	-0.214936	-0.100883	0.149085	nan	1	nan	1	3	0	1	0.437204	0.383255
chr9:24000000-24500000	chr9	24000000	0.587849	0.114954	0.594529	0.109119	0	-1.11356	0.0272684	-1.37961	0.175723	nan	0	nan	0	0	0	1	0.425355	0.363745
chr9:24500000-25000000	chr9	24500000	0.489392	0.288876	0.439661	0.509668	1	-0.859133	-0.288962	-1.33993	-0.172436	nan	0	nan	0	0	0	1	0.413507	0.35149
chr9:25000000-25500000	chr9	25000000	0.66326	0.0758406	0.798586	0.391977	0	-0.868758	-0.209212	-1.44157	0.00480149	nan	0	nan	0	0	0	1	0.401659	0.34785
chr9:25500000-26000000	chr9	25500000	0.750432	0.0395632	0.688345	0.302109	1	-1.0281	-0.0697285	-1.50286	0.0671414	nan	1	nan	1	1	0	0	0.38981	0.361965
chr9:26000000-26500000	chr9	26000000	0.344438	-0.132119	0.25934	0.162486	0	-1.08796	-0.119505	-1.43596	0.121276	nan	0	nan	0	0	0	0	0.377962	0.366228
chr9:26500000-27000000	chr9	26500000	0.68031	-0.0635833	0.943202	-0.129786	3	-1.12828	0.0287521	-0.337066	-0.0425638	0.0439841	3	-0.0333854	3	3	0	0	0.366114	0.383955
chr9:27000000-27500000	chr9	27000000	0.770028	-0.395763	0.579173	-0.111758	3	-0.99188	0.00782564	-0.851533	-0.0265436	nan	1	nan	1	0	0	0	0.354265	0.403411
chr9:27500000-28000000	chr9	27500000	0.883887	0.155055	0.771159	0.173532	3	-0.77201	-0.198827	-1.23234	-0.0840853	0.0264077	2	0.0649625	2	4	0	0	0.342417	0.387145
chr9:28000000-28500000	chr9	28000000	0.837519	0.133109	0.899079	0.296356	0	-1.12033	-0.0798033	-1.464	-0.112569	nan	0	nan	0	0	0	1	0.330569	0.364543
chr9:28500000-29000000	chr9	28500000	0.433436	0.154458	0.601116	0.217368	0	-1.12788	-0.180318	-1.58178	0.0572231	nan	0	nan	0	0	0	1	0.31872	0.353931
chr9:29000000-29500000	chr9	29000000	0.129699	0.27183	0.601586	0.165714	1	-1.39262	0.0408976	-1.48212	0.0620714	nan	1	nan	1	3	0	1	0.306872	0.354489
chr9:29500000-30000000	chr9	29500000	0.248463	0.113203	0.412501	0.205689	0	-1.36199	-0.0656045	-1.5105	-0.0102867	nan	0	nan	0	1	0	1	0.295024	0.348614
chr9:30000000-30500000	chr9	30000000	0.352543	0.550889	0.373375	0.641847	0	-1.38463	-0.0299127	-1.56811	0.0202181	nan	0	nan	0	0	0	1	0.283175	0.346254
chr9:30500000-31000000	chr9	30500000	0.401381	0.345214	0.537359	0.545924	0	-1.21654	-0.186025	-1.43074	-0.0457751	nan	0	nan	0	0	0	1	0.271327	0.346007
chr9:31000000-31500000	chr9	31000000	0.195413	0.466412	0.64193	0.116059	0	-1.28412	-0.112601	-1.33972	0.0982472	nan	0	nan	0	1	0	1	0.259479	0.353695
chr9:31500000-32000000	chr9	31500000	0.677592	0.0251646	0.816738	0.258159	0	-1.29448	-0.12225	-1.45107	0.294229	nan	0	nan	0	0	0	1	0.24763	0.360614
chr9:32000000-32500000	chr9	32000000	0.717629	0.146286	0.855022	-0.13168	1	-1.31527	-0.0503342	-1.2287	0.0143334	nan	1	nan	1	1	0	1	0.235782	0.38624
chr9:32500000-33000000	chr9	32500000	0.647842	0.128228	0.584591	0.138624	6	-1.32993	0.00587464	-0.604041	-0.0455312	-0.0180237	5	0.0523689	3	6	0	1	0.223934	0.411274
chr9:33000000-33500000	chr9	33000000	-0.654108	-0.0457838	-0.952889	-0.0501935	11	0.530783	-0.0973182	1.21987	0.00862999	-0.00716286	9	-0.0228277	10	9	0	0	0.212085	0.460192
chr9:33500000-34000000	chr9	33500000	-1.10433	0.124603	-1.15959	0.0410958	3	1.41589	-0.309161	1.28955	-0.0160851	0.0632443	3	-0.0637511	2	5	0	0	0.200237	0.416096
chr9:34000000-34500000	chr9	34000000	-0.928816	-0.115454	-1.13861	-0.0417635	9	1.49114	-0.14532	1.49841	-0.0123572	-0.0374761	9	0.0143138	8	13	0	0	0.188389	0.454303
chr9:34500000-35000000	chr9	34500000	-0.555294	-0.0721964	-0.849303	-0.00239389	16	1.62105	-0.18245	1.10551	-0.0380119	0.247423	11	0.0729346	10	14	0	0	0.17654	0.463371
chr9:35000000-35500000	chr9	35000000	-0.801711	0.023546	-1.03554	0.0326076	9	1.64167	-0.209475	0.915649	-0.0524397	-0.11021	7	0.0166544	6	8	0	0	0.164692	0.43175
chr9:35500000-36000000	chr9	35500000	-0.952735	-0.0545686	-1.15872	0.0770822	23	1.75867	-0.238132	1.48384	0.0127757	0.0734452	15	0.0591436	15	16	0	0	0.152844	0.465436
chr9:36000000-36500000	chr9	36000000	-1.04037	-0.104072	-1.10941	-0.212791	6	1.76961	-0.412432	1.46337	0.0756477	-0.0123864	6	0.0060594	5	7	0	0	0.140995	0.431807
chr9:36500000-37000000	chr9	36500000	-0.526283	-0.15414	-0.843356	-0.147955	1	1.51328	-0.236431	1.27996	-0.0602854	nan	1	nan	1	3	0	0.25	0.129147	0.462413
chr9:37000000-37500000	chr9	37000000	-0.882023	-0.191895	-1.06177	-0.0016595	5	1.13635	-0.0871593	1.37753	-0.00786681	-0.0138593	5	0.0190784	4	11	0	0.25	0.117299	0.417239
chr9:37500000-38000000	chr9	37500000	-0.678024	0.0682648	-0.774327	-0.222219	7	0.778083	-0.0312773	0.974515	0.116731	0.0566506	7	0.167654	7	8	0	0.25	0.10545	0.446315
chr9:38000000-38500000	chr9	38000000	-0.388331	-0.217676	-0.694541	-0.101162	3	0.801746	-0.132404	0.775687	0.0649726	-0.107535	3	-0.01302	3	7	0	0	0.0936019	0.462049
chr9:38500000-39000000	chr9	38500000	-0.0500881	-0.26022	-0.0642234	-0.413207	2	-0.15511	0.0734242	-0.642753	0.146983	nan	1	nan	1	2	0	0	0.0817536	0.417642
chr9:39000000-39500000	chr9	39000000	0.144569	-0.151185	0.15804	0.0758652	2	nan	nan	-0.812303	0.112391	nan	1	nan	1	4	0	0.5	0.0699052	0.391587
chr9:39500000-40000000	chr9	39500000	0.333935	-0.0834482	0.417496	-0.176456	0	nan	nan	-0.190572	0.00483282	nan	0	nan	0	4	0	0.5	0.0580569	0.384262
chr9:40000000-40500000	chr9	40000000	nan	nan	nan	nan	0	nan	nan	-0.349887	-0.117282	nan	0	nan	0	2	0	0	0.0462085	0.386242
chr9:40500000-41000000	chr9	40500000	nan	nan	nan	nan	0	-0.89531	0.274849	-0.144433	-0.110513	nan	0	nan	0	2	0.000224	0	0.0343602	0.391782
chr9:41000000-41500000	chr9	41000000	nan	nan	nan	nan	2	nan	nan	nan	nan	nan	1	nan	0	9	0.008288	0	0.0225118	0.383227
chr9:41500000-42000000	chr9	41500000	nan	nan	nan	nan	0	nan	nan	-0.320079	-0.0474914	nan	0	nan	0	6	0	0	0.0106635	0.402613
chr9:42000000-42500000	chr9	42000000	0.619723	0.0641282	0.549004	0.020979	2	nan	nan	-0.729178	0.00512341	nan	1	nan	1	3	0	nan	0	0.397937
chr9:42500000-43000000	chr9	42500000	1.04602	-0.0610491	0.864072	0.282288	0	nan	nan	-0.861167	0.0673846	nan	0	nan	0	5	0	nan	0	0.398637
chr9:43000000-43500000	chr9	43000000	0.724468	0.062125	1.00903	0.0918562	0	nan	nan	nan	nan	nan	0	nan	0	2	0.054728	nan	0	0.379047
chr9:43500000-44000000	chr9	43500000	nan	nan	nan	nan	0	nan	nan	nan	nan	nan	0	nan	0	0	0	nan	0	0.373908
chr9:44000000-44500000	chr9	44000000	nan	nan	nan	nan	0	nan	nan	nan	nan	nan	0	nan	0	0	0	nan	0	0.373966
chr9:44500000-45000000	chr9	44500000	nan	nan	nan	nan	0	nan	nan	nan	nan	nan	0	nan	0	0	0	nan	0	0.37503
chr9:45000000-45500000	chr9	45000000	nan	nan	nan	nan	0	nan	nan	nan	nan	nan	0	nan	0	0	0	nan	0	0.375065
chr9:45500000-46000000	chr9	45500000	nan	nan	nan	nan	0	nan	nan	nan	nan	nan	0	nan	0	0	0.962884	nan	0.00269122	nan
chr9:46000000-46500000	chr9	46000000	nan	nan	nan	nan	0	nan	nan	nan	nan	nan	0	nan	0	0	1	nan	0.00807366	nan
chr9:46500000-47000000	chr9	46500000	nan	nan	nan	nan	0	nan	nan	nan	nan	nan	0	nan	0	0	1	nan	0.0134561	nan
chr9:47000000-47500000	chr9	47000000	nan	nan	nan	nan	0	nan	nan	nan	nan	nan	0	nan	0	0	1	nan	0.0188385	nan
chr9:47500000-48000000	chr9	47500000	nan	nan	nan	nan	0	nan	nan	nan	nan	nan	0	nan	0	0	1	nan	0.024221	nan
chr9:48000000-48500000	chr9	48000000	nan	nan	nan	nan	0	nan	nan	nan	nan	nan	0	nan	0	0	1	nan	0.0296034	nan
chr9:48500000-49000000	chr9	48500000	nan	nan	nan	nan	0	nan	nan	nan	nan	nan	0	nan	0	0	1	nan	0.0349858	nan
chr9:49000000-49500000	chr9	49000000	nan	nan	nan	nan	0	nan	nan	nan	nan	nan	0	nan	0	0	1	nan	0.0403683	nan
chr9:49500000-50000000	chr9	49500000	nan	nan	nan	nan	0	nan	nan	nan	nan	nan	0	nan	0	0	1	nan	0.0457507	nan
chr9:50000000-50500000	chr9	50000000	nan	nan	nan	nan	0	nan	nan	nan	nan	nan	0	nan	0	0	1	nan	0.0511332	nan
chr9:50500000-51000000	chr9	50500000	nan	nan	nan	nan	0	nan	nan	nan	nan	nan	0	nan	0	0	1	nan	0.0565156	nan
chr9:51000000-51500000	chr9	51000000	nan	nan	nan	nan	0	nan	nan	nan	nan	nan	0	nan	0	0	1	nan	0.061898	nan
chr9:51500000-52000000	chr9	51500000	nan	nan	nan	nan	0	nan	nan	nan	nan	nan	0	nan	0	0	1	nan	0.0672805	nan
chr9:52000000-52500000	chr9	52000000	nan	nan	nan	nan	0	nan	nan	nan	nan	nan	0	nan	0	0	1	nan	0.0726629	nan
chr9:52500000-53000000	chr9	52500000	nan	nan	nan	nan	0	nan	nan	nan	nan	nan	0	nan	0	0	1	nan	0.0780453	nan
chr9:53000000-53500000	chr9	53000000	nan	nan	nan	nan	0	nan	nan	nan	nan	nan	0	nan	0	0	1	nan	0.0834278	nan
chr9:53500000-54000000	chr9	53500000	nan	nan	nan	nan	0	nan	nan	nan	nan	nan	0	nan	0	0	1	nan	0.0888102	nan
chr9:54000000-54500000	chr9	54000000	nan	nan	nan	nan	0	nan	nan	nan	nan	nan	0	nan	0	0	1	nan	0.0941927	nan
chr9:54500000-55000000	chr9	54500000	nan	nan	nan	nan	0	nan	nan	nan	nan	nan	0	nan	0	0	1	nan	0.0995751	nan
chr9:55000000-55500000	chr9	55000000	nan	nan	nan	nan	0	nan	nan	nan	nan	nan	0	nan	0	0	1	nan	0.104958	nan
chr9:55500000-56000000	chr9	55500000	nan	nan	nan	nan	0	nan	nan	nan	nan	nan	0	nan	0	0	1	nan	0.11034	nan
chr9:56000000-56500000	chr9	56000000	nan	nan	nan	nan	0	nan	nan	nan	nan	nan	0	nan	0	0	1	nan	0.115722	nan
chr9:56500000-57000000	chr9	56500000	nan	nan	nan	nan	0	nan	nan	nan	nan	nan	0	nan	0	0	1	nan	0.121105	nan
chr9:57000000-57500000	chr9	57000000	nan	nan	nan	nan	0	nan	nan	nan	nan	nan	0	nan	0	0	1	nan	0.126487	nan
chr9:57500000-58000000	chr9	57500000	nan	nan	nan	nan	0	nan	nan	nan	nan	nan	0	nan	0	0	1	nan	0.13187	nan
chr9:58000000-58500000	chr9	58000000	nan	nan	nan	nan	0	nan	nan	nan	nan	nan	0	nan	0	0	1	nan	0.137252	nan
chr9:58500000-59000000	chr9	58500000	nan	nan	nan	nan	0	nan	nan	nan	nan	nan	0	nan	0	0	1	nan	0.142635	nan
chr9:59000000-59500000	chr9	59000000	nan	nan	nan	nan	0	nan	nan	nan	nan	nan	0	nan	0	0	1	nan	0.148017	nan
chr9:59500000-60000000	chr9	59500000	nan	nan	nan	nan	0	nan	nan	nan	nan	nan	0	nan	0	0	1	nan	0.153399	nan
chr9:60000000-60500000	chr9	60000000	nan	nan	nan	nan	0	nan	nan	nan	nan	nan	0	nan	0	0	1	nan	0.158782	nan
chr9:60500000-61000000	chr9	60500000	nan	nan	nan	nan	1	nan	nan	-0.190572	0.00483282	nan	0	nan	0	2	0.237116	nan	0.164164	0.392903
chr9:61000000-61500000	chr9	61000000	nan	nan	nan	nan	1	nan	nan	nan	nan	nan	0	nan	0	3	0.262384	nan	0.169547	0.393916
chr9:61500000-62000000	chr9	61500000	nan	nan	nan	nan	0	nan	nan	nan	nan	nan	0	nan	0	8	0.137616	0	0.174929	0.436228
chr9:62000000-62500000	chr9	62000000	nan	nan	nan	nan	0	nan	nan	-0.375193	-0.0758514	nan	0	nan	0	0	0.2	0	0.180312	0.390932
chr9:62500000-63000000	chr9	62500000	nan	nan	nan	nan	0	nan	nan	nan	nan	nan	0	nan	0	8	0.183258	0	0.185694	0.398088
chr9:63000000-63500000	chr9	63000000	nan	nan	nan	nan	0	nan	nan	nan	nan	nan	0	nan	0	1	0.132214	0	0.191077	0.397077
chr9:63500000-64000000	chr9	63500000	nan	nan	nan	nan	0	nan	nan	-0.395236	-0.124018	nan	0	nan	0	7	0.184528	0	0.196459	0.379148
chr9:64000000-64500000	chr9	64000000	nan	nan	nan	nan	0	nan	nan	nan	nan	nan	0	nan	0	5	0.3	0	0.201841	0.38439
chr9:64500000-65000000	chr9	64500000	nan	nan	nan	nan	0	nan	nan	-0.336931	-0.0490736	nan	0	nan	0	1	0.003752	0	0.207224	0.387317
chr9:65000000-65500000	chr9	65000000	nan	nan	nan	nan	1	nan	nan	-0.0357903	0.172401	nan	0	nan	0	5	0.296248	0.25	0.212606	0.424877
chr9:65500000-66000000	chr9	65500000	nan	nan	nan	nan	2	nan	nan	-0.307145	0.0113592	nan	1	nan	0	7	0.1	0.25	0.217989	0.406653
chr9:66000000-66500000	chr9	66000000	nan	nan	nan	nan	0	nan	nan	-0.349887	-0.117282	nan	0	nan	0	3	0.217226	0.25	0.223371	0.38846
chr9:66500000-67000000	chr9	66500000	nan	nan	nan	nan	2	nan	nan	-0.190572	0.00483282	nan	1	nan	1	3	0.182774	0.25	0.228754	0.400129
chr9:67000000-67500000	chr9	67000000	nan	nan	nan	nan	0	nan	nan	-0.812303	0.112391	nan	0	nan	0	3	0	0.25	0.234136	0.392645
chr9:67500000-68000000	chr9	67500000	nan	nan	nan	nan	1	nan	nan	-0.222197	-0.0802212	nan	0	nan	0	6	0.158896	0.25	0.239518	0.410053
chr9:68000000-68500000	chr9	68000000	nan	nan	nan	nan	3	-0.0817667	0.179399	-0.192731	-0.0476069	-0.00422128	2	nan	1	5	0.441104	0.25	0.244901	0.399237
chr9:68500000-69000000	chr9	68500000	0.831514	0.337679	0.989648	0.0271355	3	0.301167	-0.0841512	0.343001	-0.0448196	-0.297906	2	nan	1	2	0	0.25	0.250283	0.40781
chr9:69000000-69500000	chr9	69000000	0.297535	0.10156	0.110073	-0.0299866	4	0.758432	-0.119995	0.0374271	0.0320822	0.142944	4	0.0126315	2	8	0	0.25	0.255666	0.432357
chr9:69500000-70000000	chr9	69500000	-0.249992	0.0334387	-0.268708	0.186394	3	-0.0836497	-0.0790779	-1.04503	-0.0318606	0.147535	3	-0.217271	2	4	0	0	0.261048	0.392204
chr9:70000000-70500000	chr9	70000000	-0.334487	-0.254149	-0.401449	-0.155657	3	-0.337755	0.0684621	-0.940539	0.0671107	-0.269181	3	0.561228	3	4	0	0	0.266431	0.403006
chr9:70500000-71000000	chr9	70500000	0.475078	0.0731574	0.615156	-0.20237	0	-0.748474	0.112354	-1.1731	-0.0589201	nan	0	nan	0	0	0	0	0.271813	0.393908
chr9:71000000-71500000	chr9	71000000	0.844111	0.227221	0.883854	0.366131	1	-1.11942	0.182361	-1.55302	-0.0969091	nan	1	nan	1	1	0	0	0.277196	0.369743
chr9:71500000-72000000	chr9	71500000	-0.0796535	0.0667737	0.125456	-0.0457373	3	-0.500744	-0.0438856	-1.30991	-0.0973481	-0.0190212	3	0.0409407	3	3	0	0.5	0.282578	0.394795
chr9:72000000-72500000	chr9	72000000	0.337559	0.0483263	0.44669	0.0338265	3	-1.07532	0.0653423	-0.583811	-0.079809	nan	1	nan	1	2	0	0.5	0.28796	0.409217
chr9:72500000-73000000	chr9	72500000	0.30561	0.166754	0.0639563	0.355645	2	-1.18164	0.0742452	-0.487419	-0.196063	nan	0	nan	1	0	0	0.5	0.293343	0.386627
chr9:73000000-73500000	chr9	73000000	0.264101	0.0431977	0.313525	0.488664	1	-0.957759	0.131616	-1.55952	0.0178986	nan	1	nan	1	0	0	0.5	0.298725	0.356052
chr9:73500000-74000000	chr9	73500000	0.669855	0.2753	0.917309	0.436586	0	-1.27297	-0.0588154	-1.6158	0.0291123	nan	0	nan	0	0	0	0.5	0.304108	0.348086
chr9:74000000-74500000	chr9	74000000	0.715981	0.444913	1.06108	0.383363	1	-1.32776	-0.0160546	-1.57447	0.00439848	nan	1	nan	1	3	0	0.5	0.30949	0.362835
chr9:74500000-75000000	chr9	74500000	0.843054	0.129516	1.00909	0.164052	2	-1.12556	0.0632644	-1.45821	-0.102454	nan	1	nan	1	2	0	0.5	0.314873	0.391381
chr9:75000000-75500000	chr9	75000000	0.71846	0.23205	0.882823	-0.000286819	3	-0.856247	-0.0156901	-1.03435	0.104678	0.576728	3	-0.027597	3	2	0	0.5	0.320255	0.396252
chr9:75500000-76000000	chr9	75500000	0.985376	0.124138	0.889101	0.166078	1	-0.623745	-0.138658	-1.58002	-0.0592837	nan	1	nan	1	2	0	0.5	0.325637	0.389175
chr9:76000000-76500000	chr9	76000000	0.511814	-0.0731449	0.428749	-0.0795062	2	-0.371775	-0.0521556	-1.40149	-0.108667	0.484603	2	-0.0706075	2	2	0	0.5	0.33102	0.406345
chr9:76500000-77000000	chr9	76500000	0.559932	-0.147955	0.431252	-0.23825	2	0.0844475	-0.0176945	-0.818942	-0.0204899	nan	1	nan	1	1	0	0	0.336402	0.417471
chr9:77000000-77500000	chr9	77000000	-0.189409	0.0110706	0.00190604	-0.0350324	2	0.0828933	0.167921	-0.175721	0.0082285	-0.0179351	2	nan	1	5	0	0	0.341785	0.387596
chr9:77500000-78000000	chr9	77500000	-0.350369	0.000992053	-0.355687	-0.166645	1	0.22149	-0.0235624	-0.1301	0.0211947	nan	1	nan	1	1	0	0	0.347167	0.403221
chr9:78000000-78500000	chr9	78000000	0.00764523	-0.007924	-0.174963	-0.0697891	3	0.260874	0.167032	0.302526	-0.184292	-0.0745948	3	0.0413814	3	4	0	0	0.35255	0.410095
chr9:78500000-79000000	chr9	78500000	-0.301709	0.0652212	-0.200239	-0.244402	0	-0.175274	-0.0869897	-1.43245	-0.0904939	nan	0	nan	0	0	0	0.5	0.357932	0.383899
chr9:79000000-79500000	chr9	79000000	-0.0887085	-0.199379	-0.255905	-0.108924	0	-0.184632	-0.011681	-1.55582	-0.129913	nan	0	nan	0	0	0	0.5	0.363315	0.383048
chr9:79500000-80000000	chr9	79500000	-0.0588829	-0.181241	-0.215239	-0.108826	1	0.157224	-0.105406	-0.987383	0.161737	nan	1	nan	1	1	0	0.5	0.368697	0.395032
chr9:80000000-80500000	chr9	80000000	0.11106	0.0172219	0.225661	-0.0137103	0	-0.249933	0.0272064	-1.5636	0.0232157	nan	0	nan	0	0	0	0.5	0.374079	0.372315
chr9:80500000-81000000	chr9	80500000	-0.265181	-0.0171557	0.0999282	-0.351924	0	-0.428176	0.17488	-1.52082	0.167259	nan	0	nan	0	0	0	0.5	0.379462	0.362508
chr9:81000000-81500000	chr9	81000000	-0.296713	-0.0999109	-0.242286	-0.268605	0	-0.168374	0.118891	-1.56657	0.278687	nan	0	nan	0	0	0	0.5	0.384844	0.380292
chr9:81500000-82000000	chr9	81500000	-0.165581	-0.250279	-0.331247	-0.327392	4	0.387794	-0.0839501	-0.96469	0.887254	nan	1	nan	1	1	0	0	0.390227	0.423154
chr9:82000000-82500000	chr9	82000000	-0.0458293	-0.0877915	-0.0834717	0.116086	0	-0.0197417	-0.215443	-0.624845	0.71092	nan	0	nan	0	0	0	0	0.395609	0.386801
chr9:82500000-83000000	chr9	82500000	0.320787	0.0985632	0.220468	-0.0438456	0	0.014753	-0.0134526	-1.49265	0.084901	nan	0	nan	0	0	0	0	0.400992	0.386504
chr9:83000000-83500000	chr9	83000000	0.768521	-0.0539677	0.587965	0.0315246	1	0.476008	-0.0609083	-1.46161	0.0120267	nan	1	nan	1	1	0	0	0.406374	0.403667
chr9:83500000-84000000	chr9	83500000	0.0208822	-0.15171	-0.00859233	-0.00682032	9	0.731788	0.0826287	0.17029	0.00157801	0.0326862	8	-0.0405537	7	7	0	0	0.411756	0.402221
chr9:84000000-84500000	chr9	84000000	0.367636	0.0143017	0.239715	-0.171659	1	0.975615	0.211381	0.770957	-0.0182242	nan	1	nan	1	1	0	0	0.417139	0.416576
chr9:84500000-85000000	chr9	84500000	0.580193	-0.0576636	0.240962	0.146065	1	0.81666	0.204263	-0.391406	-0.239808	nan	1	nan	1	1	0	0.5	0.422521	0.406741
chr9:85000000-85500000	chr9	85000000	0.353841	0.121938	0.313339	-0.161119	0	0.870851	0.196873	-0.105204	-0.100535	nan	0	nan	0	0	0	0.5	0.427904	0.411575
chr9:85500000-86000000	chr9	85500000	0.0536979	-0.163357	0.227184	-0.177445	2	0.876446	0.276576	0.560278	-0.036007	-0.066847	2	0.0439767	2	4	0	0.5	0.433286	0.387997
chr9:86000000-86500000	chr9	86000000	-0.262559	-0.0386698	-0.230708	-0.222204	4	1.30295	-0.131944	0.778722	0.0836199	-0.142482	3	0.0729063	3	3	0	0.5	0.438669	0.415016
chr9:86500000-87000000	chr9	86500000	-0.425812	-0.374158	-0.577247	-0.193723	1	1.27359	-0.0719855	-0.914337	0.32513	nan	1	nan	1	2	0	0.5	0.444051	0.412055
chr9:87000000-87500000	chr9	87000000	-0.622685	0.112774	-0.693575	-0.234034	1	1.01871	0.0610005	-1.07614	0.260989	nan	1	nan	1	3	0	0.5	0.449434	0.412237
chr9:87500000-88000000	chr9	87500000	-0.443548	-0.0401761	-0.335321	-0.543647	5	0.956399	0.360952	-0.288393	0.473049	-0.070499	2	0.0221364	2	6	0	0.5	0.454816	0.449286
chr9:88000000-88500000	chr9	88000000	-0.467116	-0.167361	-0.811207	-0.266733	2	1.17733	0.0497457	-0.713388	-0.00132381	nan	1	nan	1	4	0	0	0.460198	0.438245
chr9:88500000-89000000	chr9	88500000	-0.815106	0.133694	-0.80434	-0.179685	2	1.29059	-0.483016	-0.36375	0.203221	-0.345807	2	-0.113004	2	2	0	0	0.465581	0.430139
chr9:89000000-89500000	chr9	89000000	-0.281439	-0.209036	-0.343283	-0.343259	4	1.27285	-0.0282204	0.0784784	0.204146	0.0371888	4	0.0944343	4	6	0	0.25	0.470963	0.447072
chr9:89500000-90000000	chr9	89500000	0.37496	-0.152709	0.111438	-0.311949	1	1.22824	0.138418	1.22103	0.220862	nan	1	nan	1	3	0	0.25	0.476346	0.471488
chr9:90000000-90500000	chr9	90000000	0.319027	0.03143	-0.149539	0.0859359	0	1.02111	-0.0478627	-0.666759	-0.0534288	nan	0	nan	0	0	0	0.25	0.481728	0.405094
chr9:90500000-91000000	chr9	90500000	0.154822	0.136291	-0.00580232	-0.112767	2	1.09662	-0.222883	0.591525	-0.333537	0.445749	2	nan	1	2	0	0.25	0.487111	0.423825
chr9:91000000-91500000	chr9	91000000	-0.681356	-0.098708	-0.803882	-0.014362	2	1.18535	0.0175205	0.276932	0.0969471	0.0100352	2	-0.0324078	2	6	0	0	0.492493	0.418854
chr9:91500000-92000000	chr9	91500000	-0.503856	0.0398006	-0.699959	-0.199773	1	1.21885	-0.033385	0.78285	0.0217027	nan	1	nan	1	6	0	0	0.497875	0.442623
chr9:92000000-92500000	chr9	92000000	-0.961497	0.194474	-1.11802	0.0539698	7	1.17818	0.115849	1.39833	0.179571	0.0768593	5	0.00787763	4	4	0	0	0.503258	0.41628
chr9:92500000-93000000	chr9	92500000	-0.405131	0.00379742	-0.56015	-0.102533	5	1.27551	0.189128	1.59358	0.0486404	-0.207334	4	-0.0172156	3	7	0	0	0.50864	0.447496
chr9:93000000-93500000	chr9	93000000	0.166408	-0.186327	-0.286019	0.249295	6	1.49955	-0.0431491	1.07668	0.182575	-0.0950048	5	-0.0141061	5	11	0	0	0.514023	0.491565
chr9:93500000-94000000	chr9	93500000	0.287498	-0.261517	0.0606717	0.0290508	2	1.21856	0.0384233	0.383631	0.260586	-0.220368	2	nan	1	9	0	0	0.519405	0.463759
chr9:94000000-94500000	chr9	94000000	-0.471082	-0.136704	-0.515848	-0.124813	4	1.11897	0.176185	1.16708	-0.307494	-0.114103	2	-0.00720365	2	5	0	0.25	0.524788	0.421508
chr9:94500000-95000000	chr9	94500000	-0.860208	-0.0530207	-0.841529	-0.249845	4	1.40942	-0.0365874	1.30561	-0.20362	-0.0729499	2	0.0942115	2	2	0	0.25	0.53017	0.435211
chr9:95000000-95500000	chr9	95000000	-0.92716	0.169188	-0.946523	-0.108644	1	1.31278	-0.0622994	0.814495	-0.32587	nan	1	nan	1	10	0	0.25	0.535553	0.431446
chr9:95500000-96000000	chr9	95500000	-0.76818	0.0568558	-0.818693	-0.0202619	2	1.24054	-0.010946	0.814149	0.0571762	-0.101842	2	0.0627762	2	8	0	0.25	0.540935	0.42976
chr9:96000000-96500000	chr9	96000000	-0.686566	-0.142189	-0.813058	-0.227127	4	1.63255	-0.282835	1.20478	0.0507469	0.307024	4	0.0334225	3	9	0	0.25	0.546317	0.445912
chr9:96500000-97000000	chr9	96500000	-0.56784	0.0820211	-0.562769	-0.089192	5	1.23636	-0.0931688	0.978002	0.0767226	-0.139629	4	0.0715514	4	10	0	0	0.5517	0.423154
chr9:97000000-97500000	chr9	97000000	0.128127	-0.0727363	-0.0823859	-0.151658	3	1.42331	-0.120384	1.25404	0.0235152	-0.117512	3	0.216696	3	9	0	0	0.557082	0.423721
chr9:97500000-98000000	chr9	97500000	-0.417566	-0.196375	-0.821484	0.0511991	8	1.30983	-0.0639139	1.16744	0.048741	-0.0166154	7	0.103993	6	12	0	0	0.562465	0.43193
chr9:98000000-98500000	chr9	98000000	-0.118119	-0.39865	-0.452481	-0.115446	4	1.08765	-0.0605155	-0.0818294	0.0985184	0.00167675	4	0.0631398	4	6	0	0	0.567847	0.46692
chr9:98500000-99000000	chr9	98500000	-0.0759634	-0.418865	-0.487776	-0.15203	4	0.762858	-0.0985809	0.571356	-0.38512	0.0142837	4	0.175694	4	5	0	0	0.57323	0.459897
chr9:99000000-99500000	chr9	99000000	-0.40171	0.162668	-0.365318	-0.275565	3	-0.231622	0.112859	0.891634	-0.236639	0.364295	3	0.142111	3	3	0	0	0.578612	0.427598
chr9:99500000-100000000	chr9	99500000	-0.230143	-0.080714	-0.112872	-0.0979971	2	-0.668824	0.163254	0.851737	0.0206197	-0.333899	2	-0.191228	2	3	0	0	0.583994	0.389731
chr9:100000000-100500000	chr9	100000000	-0.460455	-0.0681458	-0.418278	0.080858	5	-0.713148	0.312403	-0.335397	-0.0452538	-0.0765604	5	-0.111984	5	5	0	1	0.589377	0.394595
chr9:100500000-101000000	chr9	100500000	0.910951	0.225772	0.646656	0.282728	1	-1.243	0.019145	-1.46469	0.147532	nan	1	nan	1	1	0	1	0.594759	0.388622
chr9:101000000-101500000	chr9	101000000	0.878386	0.1334	0.854686	0.0974414	6	-1.10031	0.087741	-1.12126	0.180777	-0.0821877	4	0.0474911	3	4	0	1	0.600142	0.387019
chr9:101500000-102000000	chr9	101500000	0.872596	0.167291	0.79559	0.255185	3	-1.17873	-0.0848554	-1.53793	-0.064288	-0.114011	2	0.0699377	2	2	0	1	0.605524	0.376368
chr9:102000000-102500000	chr9	102000000	0.563227	0.341664	0.582737	0.517883	0	-1.49883	0.00236668	-1.44808	-0.102511	nan	0	nan	0	0	0	1	0.610907	0.356819
chr9:102500000-103000000	chr9	102500000	0.286667	0.455981	0.355734	0.699103	1	-1.43658	0.109799	-1.57337	0.120472	nan	0	nan	1	0	0	1	0.616289	0.344175
chr9:103000000-103500000	chr9	103000000	0.216441	0.538343	0.417806	0.72998	0	-1.57416	0.127846	-1.4279	-0.093367	nan	0	nan	0	0	0	1	0.621672	0.351179
chr9:103500000-104000000	chr9	103500000	0.46105	0.325819	0.636226	0.346144	0	-1.60716	0.0941406	-1.26638	0.0727217	nan	0	nan	0	1	0	1	0.627054	0.353958
chr9:104000000-104500000	chr9	104000000	0.711469	0.270467	0.847135	0.183751	1	-1.39634	-0.0645528	-1.37309	0.15299	nan	1	nan	1	1	0	1	0.632436	0.371556
chr9:104500000-105000000	chr9	104500000	0.209996	-0.0188475	0.126363	-0.0849784	11	-0.992045	0.0182424	0.13741	0.391481	-0.247084	3	0.00774281	3	5	0	1	0.637819	0.397519
chr9:105000000-105500000	chr9	105000000	-0.448944	-0.0744838	-0.3845	-0.342842	2	-0.388507	0.17345	0.674021	0.0826436	-0.00402183	2	-0.171769	2	2	0	1	0.643201	0.407688
chr9:105500000-106000000	chr9	105500000	0.481362	-0.231547	0.606924	-0.299436	3	-0.672633	0.213879	-1.10391	-0.149855	-0.158566	2	-0.130086	2	3	0	0	0.648584	0.392419
chr9:106000000-106500000	chr9	106000000	0.463649	0.0264652	0.323865	0.118989	0	-0.340531	-0.249216	-0.621666	-0.789108	nan	0	nan	0	0	0	0	0.653966	0.383358
chr9:106500000-107000000	chr9	106500000	-0.102399	0.00508111	-0.124027	-0.223897	1	-0.149189	0.072108	0.0155262	-0.358627	nan	1	nan	1	1	0	0	0.659349	0.393011
chr9:107000000-107500000	chr9	107000000	-0.273863	-0.023557	-0.325998	-0.167387	2	0.14035	-0.179705	-0.533458	-0.25989	-0.0899877	2	-0.0370484	2	3	0	0	0.664731	0.427815
chr9:107500000-108000000	chr9	107500000	0.56974	-0.435716	0.0583319	-0.302033	0	-0.35843	0.250521	-1.04105	-0.0581693	nan	0	nan	0	2	0	0	0.670113	0.437461
chr9:108000000-108500000	chr9	108000000	0.264257	-0.19306	0.171641	-0.277631	0	-0.44747	-0.177624	-1.28907	0.0281306	nan	0	nan	0	0	0	0	0.675496	0.400582
chr9:108500000-109000000	chr9	108500000	0.132959	-0.314554	-0.261561	-0.0144986	4	0.0569704	-0.0734566	0.39471	-0.191875	-0.156265	3	0.035813	2	3	0	0.25	0.680878	0.415681
chr9:109000000-109500000	chr9	109000000	-0.392438	-0.189409	-0.480115	-0.369594	5	0.875302	-0.17474	0.00593865	-0.214953	0.00589262	5	0.0718639	5	6	0	0.25	0.686261	0.435094
chr9:109500000-110000000	chr9	109500000	-0.792779	-0.05365	-0.554911	-0.421324	1	0.0844793	-0.0624091	0.340013	-0.0535449	nan	1	nan	0	3	0	0.25	0.691643	0.419229
chr9:110000000-110500000	chr9	110000000	-0.724764	-0.0354616	-0.801199	-0.0623241	3	0.201924	0.153966	-0.369696	-0.231766	nan	1	nan	1	2	0	0.25	0.697026	0.412916
chr9:110500000-111000000	chr9	110500000	-1.15633	0.118336	-0.95881	-0.106541	2	-0.162186	0.29575	-0.32122	-0.412143	nan	1	nan	1	1	0	0.25	0.702408	0.372937
chr9:111000000-111500000	chr9	111000000	-0.794551	-0.110004	-0.925673	-0.127034	3	0.200203	-0.0277506	0.252672	-0.282736	-0.192917	2	0.141946	2	2	0	0.25	0.707791	0.39042
chr9:111500000-112000000	chr9	111500000	-1.14042	-0.0507786	-1.10629	-0.158502	6	0.4972	0.235736	0.899578	-0.0939994	0.24679	6	0.0137342	4	4	0	0.25	0.713173	0.408759
chr9:112000000-112500000	chr9	112000000	-1.0678	-0.146408	-1.02447	-0.180784	4	0.756172	-0.0512459	0.828415	-0.0594035	0.156678	4	-0.056428	4	4	0	0	0.718555	0.412325
chr9:112500000-113000000	chr9	112500000	-0.53298	-0.240427	-0.693955	-0.25217	4	0.354301	0.343749	-0.00330215	-0.074507	-0.150812	3	0.0772887	2	5	0	0	0.723938	0.418057
chr9:113000000-113500000	chr9	113000000	-0.530418	-0.129584	-0.633495	-0.275274	15	0.990977	0.214621	0.758239	0.0838057	-0.00666526	14	0.00514761	14	25	0	0	0.72932	0.446667
chr9:113500000-114000000	chr9	113500000	-0.506042	-0.100487	-0.785856	-0.175263	1	1.23799	0.039381	-0.627775	0.154328	nan	1	nan	1	4	0	0	0.734703	0.455883
chr9:114000000-114500000	chr9	114000000	-0.250121	-0.236006	-0.475337	-0.0611656	6	1.10888	-0.126254	0.498376	-0.0279997	-0.103136	3	-0.535887	4	5	0	0	0.740085	0.50181
chr9:114500000-115000000	chr9	114500000	-0.43366	-0.0992963	-0.8874	0.203751	7	0.0602186	0.141141	-0.821026	0.0166748	0.04771	4	0.0268494	3	3	0	0	0.745468	0.428984
chr9:115000000-115500000	chr9	115000000	-0.510218	-0.0236703	-0.524322	-0.179075	1	-0.0377587	-0.0108953	-1.3784	-0.0939428	nan	1	nan	1	0	0	0.75	0.75085	0.401935
chr9:115500000-116000000	chr9	115500000	-0.616714	0.0890011	-0.527677	-0.108287	0	-1.15246	0.194349	-1.39636	0.0468367	nan	0	nan	0	0	0	0.75	0.756232	0.376294
chr9:116000000-116500000	chr9	116000000	-0.323336	-0.0641585	-0.324284	-0.178893	1	-0.543555	-0.0215991	-0.912723	0.102832	nan	1	nan	1	1	0	0.75	0.761615	0.409146
chr9:116500000-117000000	chr9	116500000	0.526542	0.066943	0.449335	-0.231466	1	-0.988366	0.0964623	-0.845727	0.0672731	nan	1	nan	1	1	0	0.75	0.766997	0.417382
chr9:117000000-117500000	chr9	117000000	1.37058	0.0569466	1.1463	-0.0960968	1	-0.930681	-0.0189223	-1.22616	-0.00409408	nan	1	nan	1	1	0	0.75	0.77238	0.415956
chr9:117500000-118000000	chr9	117500000	0.99754	0.33261	1.23621	-0.222443	1	-1.16136	0.111898	-1.29976	-0.00994323	nan	1	nan	1	1	0	0.75	0.777762	0.385872
chr9:118000000-118500000	chr9	118000000	0.911021	0.321026	0.786491	0.384887	0	-1.41535	0.039957	-1.32231	-0.038192	nan	0	nan	0	0	0	0.75	0.783145	0.368698
chr9:118500000-119000000	chr9	118500000	0.629954	0.0942018	0.521697	0.318222	0	-1.00036	0.15191	-1.39337	-0.0152791	nan	0	nan	0	0	0	0.75	0.788527	0.375911
chr9:119000000-119500000	chr9	119000000	0.869092	0.339118	0.815123	0.130094	1	-0.674507	-0.201212	-1.40296	0.123165	nan	1	nan	1	1	0	0.75	0.79391	0.394499
chr9:119500000-120000000	chr9	119500000	1.34484	0.163512	0.847373	0.210479	0	-0.888843	-0.158224	-1.126	-0.0273386	nan	0	nan	0	0	0	0.75	0.799292	0.408751
chr9:120000000-120500000	chr9	120000000	1.27537	-0.114868	1.01101	-0.244045	0	-0.856095	0.0318567	0.189632	-0.196745	nan	0	nan	0	1	0	0	0.804674	0.439804
chr9:120500000-121000000	chr9	120500000	-0.16687	-0.0910612	-0.134273	-0.121313	7	0.47238	0.037642	1.07638	0.192549	0.115667	7	0.191553	6	8	0	0	0.810057	0.425174
chr9:121000000-121500000	chr9	121000000	-0.668309	0.0568826	-0.57822	-0.0272987	6	0.407074	0.16602	0.514857	0.056588	0.0695281	5	-0.0307429	5	5	0	0	0.815439	0.418919
chr9:121500000-122000000	chr9	121500000	0.0665724	-0.168406	-0.340126	-0.0760173	1	-0.0517108	0.199741	0.408906	0.226781	nan	1	nan	1	8	0	0	0.820822	0.492681
chr9:122000000-122500000	chr9	122000000	0.147911	-0.120388	-0.13101	-0.0765039	8	-1.20584	0.33261	0.179517	0.0940813	0.0276546	5	0.0497538	5	9	0	0	0.826204	0.447304
chr9:122500000-123000000	chr9	122500000	0.186121	0.119015	-0.0667674	0.368248	18	-1.43144	0.0983461	0.998885	0.0238994	-0.00532782	5	-0.0421233	5	4	0	0	0.831587	0.400554
chr9:123000000-123500000	chr9	123000000	-0.33512	-0.197805	-0.524554	-0.340377	3	-0.0256541	0.120986	0.926542	-0.0539864	0.1738	2	-0.0316467	2	7	0	0.25	0.836969	0.441181
chr9:123500000-124000000	chr9	123500000	-0.403348	-0.207585	-0.84832	-0.048099	1	0.451469	0.0798402	0.957573	0.0416375	nan	1	nan	1	1	0	0.25	0.842351	0.418584
chr9:124000000-124500000	chr9	124000000	-0.654453	-0.11573	-0.837951	-0.0273266	4	1.006	-0.104657	0.915286	0.1945	0.285131	3	0.00888308	3	14	0	0.25	0.847734	0.490595
chr9:124500000-125000000	chr9	124500000	-1.23783	0.124793	-1.19679	-0.0744925	7	1.03561	0.0838362	1.33823	-0.0376097	0.193265	5	-0.043172	5	8	0	0.25	0.853116	0.443518
chr9:125000000-125500000	chr9	125000000	-1.11166	0.12024	-1.10882	-0.191911	5	1.15925	0.0992187	1.31809	-0.0547673	0.0811299	5	0.024769	5	6	0	0.25	0.858499	0.441866
chr9:125500000-126000000	chr9	125500000	-1.27753	-0.205071	-1.19136	-0.123251	2	0.875907	0.10618	1.06185	-0.330051	0.290563	2	-0.0435177	2	3	0	0.25	0.863881	0.404316
chr9:126000000-126500000	chr9	126000000	-0.639938	-0.0108519	-0.959313	-0.202796	1	1.06009	0.0890155	1.05204	-0.258734	nan	1	nan	1	8	0	0.25	0.869264	0.465943
chr9:126500000-127000000	chr9	126500000	-0.767443	-0.168256	-1.10085	0.0428918	4	1.30107	0.29841	1.32589	0.00412176	-0.124693	4	0.0854765	3	12	0	0.25	0.874646	0.483839
chr9:127000000-127500000	chr9	127000000	-0.769766	0.0161135	-1.14021	0.0472143	6	1.2865	0.0976685	1.24196	0.0836442	0.0499684	6	0.0913476	6	7	0	0.25	0.880029	0.467875
chr9:127500000-128000000	chr9	127500000	-1.0794	0.238007	-1.10695	0.139665	16	1.34401	0.172288	1.35119	-0.0411711	-0.0650264	14	-0.0237675	12	31	0	0	0.885411	0.523726
chr9:128000000-128500000	chr9	128000000	-0.980574	0.147375	-1.05699	-0.130988	15	1.3403	0.0272353	1.24073	0.128011	-0.056509	14	0.0862632	13	16	0	0	0.890793	0.521625
chr9:128500000-129000000	chr9	128500000	-1.02911	0.0577718	-1.23671	0.0631124	15	1.1707	0.0453867	1.27685	0.123623	0.0859861	15	0.113146	12	13	0	0	0.896176	0.502963
chr9:129000000-129500000	chr9	129000000	-0.721058	-0.179807	-1.27783	0.23894	6	1.12091	0.0605426	1.27928	0.0373594	0.00503844	6	0.0380395	6	17	0	0	0.901558	0.526154
chr9:129500000-130000000	chr9	129500000	-0.864899	-0.0288218	-1.15974	0.147503	9	1.09024	0.236704	1.12973	0.0865304	-0.058946	8	0.0753811	8	20	0	0	0.906941	0.508864
chr9:130000000-130500000	chr9	130000000	-0.802044	-0.0360059	-1.10718	0.0701355	5	0.917676	0.239274	1.11723	-0.242554	-0.0925658	5	0.0244821	4	6	0	0	0.912323	0.514813
chr9:130500000-131000000	chr9	130500000	-1.02199	0.128569	-1.21969	0.0247658	7	1.04564	0.194566	1.25294	-0.140829	-0.0227807	7	0.180913	4	15	0	0.25	0.917706	0.494273
chr9:131000000-131500000	chr9	131000000	-0.897429	0.0431863	-1.34509	0.12139	6	1.16004	-0.0863662	1.27496	-0.252684	-0.1341	6	-0.12005	6	12	0	0	0.923088	0.495676
chr9:131500000-132000000	chr9	131500000	-0.870354	0.0130963	-1.06673	-0.0230986	4	0.994162	0.206311	1.22797	-0.213707	-0.136577	3	0.118236	3	9	0	0	0.92847	0.484038
chr9:132000000-132500000	chr9	132000000	-0.73356	-0.132753	-1.09371	-0.0613817	5	0.972374	0.144873	1.18913	-0.109975	0.0428756	4	0.105867	5	9	0	0	0.933853	0.470038
chr9:132500000-133000000	chr9	132500000	-0.72899	-0.123184	-1.01518	-0.0632434	7	1.10665	0.112503	1.31788	-0.00933324	-0.036075	5	0.0474158	5	9	0	0	0.939235	0.472792
chr9:133000000-133500000	chr9	133000000	-0.794094	0.0718483	-0.984982	0.157981	16	1.20091	0.10198	1.35008	-0.0216359	0.0118356	15	0.0995481	15	22	0	0.25	0.944618	0.527107
chr9:133500000-134000000	chr9	133500000	-0.498039	-0.0107323	-0.68632	-0.0691083	6	1.23163	0.143291	1.33619	0.103728	-0.0644671	4	-0.0910573	4	17	0	0.25	0.95	0.560202
chr9:134000000-134500000	chr9	134000000	-0.596794	-0.241837	-0.979252	0.295682	6	1.30145	-0.125275	0.899283	0.0189426	-0.111513	4	0.0623859	4	18	0.004888	0.25	0.955383	0.567105
chr9:134500000-135000000	chr9	134500000	-0.365474	-0.341207	-0.769395	0.0586316	3	1.27084	-0.0169512	0.651525	-0.12946	nan	1	nan	1	9	0	0	0.960765	0.529633
chr9:135000000-135500000	chr9	135000000	0.151829	-0.398242	-0.382966	-0.0306896	3	1.16948	0.100994	0.703809	-0.00696353	-0.0541825	3	-0.0963276	2	21	0	0	0.966148	0.53081
chr9:135500000-136000000	chr9	135500000	-0.222036	-0.22096	-0.538286	0.00261252	11	1.24486	0.209946	1.16372	-0.145189	-0.0401958	5	-0.0775144	4	21	0	0	0.97153	0.537854
chr9:136000000-136500000	chr9	136000000	-0.517293	-0.198241	-1.04395	0.284953	13	1.55755	-0.0107903	1.0549	-0.00412974	-0.000253897	12	0.0833268	11	50	0	0	0.976912	0.581027
chr9:136500000-137000000	chr9	136500000	-0.702487	-0.178614	-1.02491	0.263774	23	1.52738	-0.0902468	1.26771	-0.110637	0.0289462	18	0.0120694	16	58	0	0	0.982295	0.590205
chr9:137000000-137500000	chr9	137000000	-0.705191	-0.0639257	-0.895942	0.251174	31	1.3786	0.0239274	1.1137	-0.0176119	0.0583249	23	0.102079	20	69	0	0	0.987677	0.592828
chr9:137500000-138000000	chr9	137500000	0.0291905	-0.149528	-0.447768	0.148622	7	0.354547	0.356025	0.93525	0.0687737	0.208181	7	0.0531481	7	25	0	0	0.99306	0.509878
chr9:138000000-138500000	chr9	138000000	nan	nan	nan	nan	0	nan	nan	0.246902	-0.193364	nan	0	nan	0	6	0.12	0	0.998442	0.465397
chr10:0-500000	chr10	0	nan	nan	nan	nan	2	0.369826	0.458897	0.0878701	-0.0155667	nan	1	nan	1	21	0.02	0	0.993421	0.439878
chr10:500000-1000000	chr10	500000	nan	nan	nan	nan	3	0.866424	0.255172	0.0492484	0.189217	-0.165343	3	0.0885037	3	19	0	0	0.980263	0.472493
chr10:1000000-1500000	chr10	1000000	nan	nan	nan	nan	3	0.871437	0.0172623	-0.00658088	0.0584499	-0.0856652	2	-0.00405827	2	16	0	0	0.967105	0.475092
chr10:1500000-2000000	chr10	1500000	nan	nan	nan	nan	1	0.318471	0.0535556	-0.949537	0.397363	nan	1	nan	1	6	0	0	0.953947	0.439703
chr10:2000000-2500000	chr10	2000000	nan	nan	nan	nan	0	0.212494	-0.257148	-1.32417	-0.102907	nan	0	nan	0	1	0	0	0.940789	0.396193
chr10:2500000-3000000	chr10	2500000	nan	nan	nan	nan	0	0.558614	-0.0693673	-1.16118	-0.0892591	nan	0	nan	0	3	0	0	0.927632	0.413703
chr10:3000000-3500000	chr10	3000000	-0.70992	0.0592551	-0.579258	-0.154407	2	1.34397	-0.19918	-0.442151	-0.00129944	-0.136675	2	0.109858	2	11	0	0.25	0.914474	0.459604
chr10:3500000-4000000	chr10	3500000	-0.842656	-0.242022	-0.867721	-0.0228419	1	1.19511	0.0186007	0.288875	0.282032	nan	1	nan	1	3	0	0.25	0.901316	0.425201
chr10:4000000-4500000	chr10	4000000	-0.922031	-0.040631	-0.850013	-0.265248	0	1.02331	-0.0246574	-0.934597	0.122603	nan	0	nan	0	0	0	0	0.888158	0.392954
chr10:4500000-5000000	chr10	4500000	-0.692042	0.000644068	-0.565439	-0.038999	2	0.821124	0.103716	-1.21134	0.0290936	0.22689	2	0.00454096	2	1	0	0	0.875	0.38532
chr10:5000000-5500000	chr10	5000000	0.210749	0.109488	0.182399	0.0806874	8	0.602957	-0.025158	-1.14686	-0.024906	0.106458	3	-0.0170078	3	3	0	0	0.861842	0.413017
chr10:5500000-6000000	chr10	5500000	-0.270318	0.00194239	-0.229062	-0.291399	7	1.24285	0.203778	1.12987	-0.0214299	-0.0659829	7	0.0150336	5	11	0	0	0.848684	0.458286
chr10:6000000-6500000	chr10	6000000	0.147839	-0.302411	-0.0644563	-0.207407	3	1.08909	0.117363	1.19534	0.0277626	-0.28248	2	0.0748227	2	6	0	0	0.835526	0.455461
chr10:6500000-7000000	chr10	6500000	0.681695	-0.189282	0.249688	-0.12061	1	0.471879	0.120692	-0.694676	-0.0251802	nan	1	nan	1	1	0	0.75	0.822368	0.414195
chr10:7000000-7500000	chr10	7000000	0.721331	-0.337936	0.432892	-0.159436	1	0.724985	-0.178419	0.227765	-0.111583	nan	1	nan	1	3	0	0.75	0.809211	0.429712
chr10:7500000-8000000	chr10	7500000	0.500483	-0.280661	0.357771	0.000962513	5	0.672062	-0.0684751	0.399782	-0.115044	0.284337	4	-0.182409	5	5	0	0.75	0.796053	0.419402
chr10:8000000-8500000	chr10	8000000	0.194108	-0.414391	0.0650118	-0.227591	1	0.416681	-0.160896	0.938991	-0.482122	nan	1	nan	1	5	0	0.75	0.782895	0.425333
chr10:8500000-9000000	chr10	8500000	0.378787	-0.43738	0.494986	-0.258875	0	-0.198959	-0.513515	-0.573867	-0.587661	nan	0	nan	0	1	0	0.75	0.769737	0.372663
chr10:9000000-9500000	chr10	9000000	0.312459	-0.126709	0.345277	0.106451	0	0.233238	0.0197473	-0.926991	-0.218752	nan	0	nan	0	1	0	0.75	0.756579	0.364279
chr10:9500000-10000000	chr10	9500000	-0.0822231	0.463535	0.196955	0.369537	0	0.293733	-0.0278224	-1.24462	0.0514484	nan	0	nan	0	0	0	0.75	0.743421	0.360448
chr10:10000000-10500000	chr10	10000000	0.314724	0.423029	0.260476	0.267715	0	0.634098	-0.337395	-1.26383	0.118245	nan	0	nan	0	1	0	0.75	0.730263	0.378099
chr10:10500000-11000000	chr10	10500000	0.263213	0.0654632	0.243581	-0.101509	0	0.651346	0.147712	-1.31155	-0.0729396	nan	0	nan	0	0	0	0.75	0.717105	0.404226
chr10:11000000-11500000	chr10	11000000	0.71681	-0.131501	0.598361	-0.142466	1	0.859365	-0.130209	-0.346485	0.137279	nan	1	nan	1	5	0	0.75	0.703947	0.436038
chr10:11500000-12000000	chr10	11500000	-0.16085	-0.337762	-0.529821	0.0217771	3	1.2117	-0.0720041	0.782143	0.193428	-0.0730419	3	0.0838815	3	5	0	0.75	0.690789	0.439841
chr10:12000000-12500000	chr10	12000000	-0.585688	-0.0602891	-0.626294	-0.265199	6	1.1638	0.358795	1.51104	0.0342697	0.0294046	6	-0.061732	6	5	0	0	0.677632	0.450475
chr10:12500000-13000000	chr10	12500000	-0.126573	-0.424122	-0.406714	-0.245263	0	0.992312	0.229927	0.918275	-0.0948872	nan	0	nan	0	0	0	0	0.664474	0.450806
chr10:13000000-13500000	chr10	13000000	-0.172801	-0.307209	-0.420988	-0.528567	6	1.14671	-0.0746663	0.722221	-0.0717332	0.074779	5	-0.0569374	5	9	0	0	0.651316	0.444112
chr10:13500000-14000000	chr10	13500000	-0.276038	-0.215259	-0.529949	-0.292223	2	1.07754	0.0348951	0.511637	0.0426877	0.036356	2	0.0740497	2	4	0	0	0.638158	0.441132
chr10:14000000-14500000	chr10	14000000	-0.211304	-0.301031	-0.532945	-0.167825	1	0.712301	0.29124	0.196293	0.189063	nan	1	nan	1	0	0	0	0.625	0.42649
chr10:14500000-15000000	chr10	14500000	-0.367883	-0.130165	-0.235026	-0.40589	8	1.11159	-0.102766	1.44628	0.0299443	0.164533	6	0.0104138	5	5	0	0	0.611842	0.427468
chr10:15000000-15500000	chr10	15000000	-0.0296263	-0.461657	-0.200238	-0.304176	5	0.908126	-0.209856	0.563735	-0.19594	0.221543	4	0.0395834	4	6	0	0	0.598684	0.440266
chr10:15500000-16000000	chr10	15500000	0.0378821	-0.110842	0.262687	-0.320239	2	0.228085	-0.138865	-0.605516	-0.318511	0.0112026	2	-0.499284	2	2	0	0	0.585526	0.389
chr10:16000000-16500000	chr10	16000000	1.09596	0.149903	1.16662	-0.113391	1	-0.151273	-0.237388	-0.894296	-0.0858311	nan	1	nan	1	1	0	0	0.572368	0.394909
chr10:16500000-17000000	chr10	16500000	0.30834	-0.235364	0.139467	-0.183583	2	0.323258	-0.502493	-0.0517148	-0.0639037	-0.125338	2	nan	1	2	0	0	0.559211	0.408903
chr10:17000000-17500000	chr10	17000000	-0.453737	-0.0874406	-0.255698	-0.164754	4	0.575551	-0.468248	0.222452	-0.0901472	0.0395802	4	-0.0242879	3	3	0	0	0.546053	0.397438
chr10:17500000-18000000	chr10	17500000	-0.482217	0.0691589	-0.398506	-0.127471	5	0.847968	-0.147489	1.11571	0.0746269	-0.0186396	4	-0.0015294	2	2	0	0.75	0.532895	0.400376
chr10:18000000-18500000	chr10	18000000	0.0156376	-0.0445732	0.19233	-0.252518	1	0.801177	-0.286362	-0.553687	-0.086994	nan	1	nan	1	1	0	0.75	0.519737	0.40145
chr10:18500000-19000000	chr10	18500000	0.171479	0.197726	0.258262	0.202313	2	0.173749	-0.428707	-1.06363	-0.0707571	-0.0152285	2	0.0204191	2	3	0	0.75	0.506579	0.387547
chr10:19000000-19500000	chr10	19000000	0.298575	0.160806	0.415093	0.353101	1	-0.279722	-0.386074	-0.503506	-0.455303	nan	0	nan	0	0	0	0.75	0.493421	0.35759
chr10:19500000-20000000	chr10	19500000	0.174687	0.170034	0.41162	-0.0083845	1	0.0573913	-0.426608	0.973826	-0.685987	nan	1	nan	1	2	0	0.75	0.480263	0.374297
chr10:20000000-20500000	chr10	20000000	0.714278	0.182256	0.636792	0.315322	0	0.476992	-0.342834	0.941254	-0.9673	nan	0	nan	0	0	0	0.75	0.467105	0.374887
chr10:20500000-21000000	chr10	20500000	0.288249	0.324348	0.484392	0.140243	1	0.602214	-0.0712422	-0.0450627	-0.469876	nan	1	nan	1	0	0	0.75	0.453947	0.384355
chr10:21000000-21500000	chr10	21000000	-0.215557	-0.161705	-0.226768	-0.147376	0	1.01961	0.0238965	1.05553	-0.0177118	nan	0	nan	0	3	0	0.75	0.440789	0.427637
chr10:21500000-22000000	chr10	21500000	-0.998928	-0.00469055	-0.926307	0.127755	2	1.11748	-0.00668776	0.847519	-0.0739342	-0.13323	2	-0.0371424	2	4	0	0.75	0.427632	0.393832
chr10:22000000-22500000	chr10	22000000	-0.110341	-0.1526	0.0635285	-0.0443109	5	0.589906	0.0173921	0.842359	0.0449968	0.133302	3	-0.0273994	3	11	0	0.75	0.414474	0.395451
chr10:22500000-23000000	chr10	22500000	-0.0179636	-0.0479696	-0.0172024	0.0478678	2	0.634695	-0.0429719	-0.375724	0.00670003	nan	1	nan	1	1	0	0	0.401316	0.406366
chr10:23000000-23500000	chr10	23000000	0.47608	0.0168786	0.349513	0.102814	4	-0.0496874	-0.0044337	-1.31955	-0.108959	0.313743	3	0.0828922	3	8	0	0	0.388158	0.414355
chr10:23500000-24000000	chr10	23500000	1.09849	0.31572	0.970754	0.282422	0	-0.494562	-0.15029	-1.31769	-0.0720404	nan	0	nan	0	2	0	0	0.375	0.390796
chr10:24000000-24500000	chr10	24000000	0.666613	-0.115001	0.6149	-0.142817	1	0.241581	-0.413021	-0.6607	0.0600259	nan	1	nan	1	0	0	0	0.361842	0.413277
chr10:24500000-25000000	chr10	24500000	0.00254116	-0.0670714	0.090193	-0.176973	2	0.526185	-0.238257	0.613179	0.174642	-0.14317	2	-0.0342097	2	2	0	0.5	0.348684	0.412426
chr10:25000000-25500000	chr10	25000000	0.608282	0.340489	0.758022	0.267717	3	0.0127325	0.154285	-1.39388	-0.109226	0.184707	2	0.0826893	2	2	0	0.5	0.335526	0.380784
chr10:25500000-26000000	chr10	25500000	0.916428	0.323171	1.05076	0.17133	1	-0.220287	-0.0284445	-1.37879	-0.0460571	nan	0	nan	1	1	0	0.5	0.322368	0.389076
chr10:26000000-26500000	chr10	26000000	0.972239	0.0231491	0.859474	0.0361449	2	-0.339632	-0.0603089	0.691751	-0.222516	nan	1	nan	0	4	0	0.5	0.309211	0.400912
chr10:26500000-27000000	chr10	26500000	0.392059	-0.322889	0.395859	-0.202883	2	0.277215	0.0381008	1.31067	-0.0162147	0.0960167	2	0.0801441	2	3	0	0.5	0.296053	0.405342
chr10:27000000-27500000	chr10	27000000	-0.0903878	-0.160051	0.0929228	-0.258745	4	0.620014	-0.0251655	0.0794247	-0.0459488	-0.101881	4	-0.0491345	4	9	0	0.5	0.282895	0.397235
chr10:27500000-28000000	chr10	27500000	-0.211249	-0.108567	-0.363351	-0.0894676	3	0.179303	0.0826776	-1.30777	-0.0651019	0.0301838	3	nan	1	3	0	0.5	0.269737	0.390695
chr10:28000000-28500000	chr10	28000000	-0.644785	-0.0847986	-0.743212	0.046712	1	0.71028	-0.0293715	-0.530897	0.0283399	nan	1	nan	1	1	0	0.5	0.256579	0.399247
chr10:28500000-29000000	chr10	28500000	-1.10644	0.0558949	-0.906372	-0.330755	2	1.41419	-0.0460686	-1.23512	-0.105243	-0.13636	2	-0.100024	2	5	0	0.5	0.243421	0.420034
chr10:29000000-29500000	chr10	29000000	-0.998779	0.0175928	-1.0376	-0.189098	1	1.3632	-0.0320848	-1.23781	0.0263474	nan	0	nan	0	1	0	0.5	0.230263	0.425512
chr10:29500000-30000000	chr10	29500000	-0.873795	-0.0619561	-0.937568	-0.134987	1	1.28765	-0.0743591	-1.15637	-0.0368626	nan	1	nan	1	1	0	0	0.217105	0.436439
chr10:30000000-30500000	chr10	30000000	-0.881572	-0.0691119	-1.28525	0.184425	3	1.28734	-0.0502855	1.29351	-0.109745	-0.0155003	3	-0.102085	3	3	0	0	0.203947	0.430949
chr10:30500000-31000000	chr10	30500000	-0.69647	-0.0907044	-0.928332	-0.126803	1	0.692082	-0.334138	1.23882	-0.1628	nan	0	nan	0	1	0	0	0.190789	0.430738
chr10:31000000-31500000	chr10	31000000	-1.20341	0.0259211	-1.2066	0.140826	2	0.417447	-0.593039	1.16145	0.0134399	-0.266395	2	-0.0554775	2	3	0	0.25	0.177632	0.388116
chr10:31500000-32000000	chr10	31500000	-0.946476	-0.0398438	-1.11475	-0.0524064	1	0.586749	-0.100301	1.27356	-0.168516	nan	1	nan	1	4	0	0.25	0.164474	0.405857
chr10:32000000-32500000	chr10	32000000	-1.10783	0.0664019	-0.964098	-0.273188	3	0.314132	-0.0885761	0.344211	0.145078	-0.0830167	3	0.0428373	3	3	0	0.25	0.151316	0.410743
chr10:32500000-33000000	chr10	32500000	-0.51756	-0.155392	-0.492657	0.0168285	1	-0.601337	-0.0315204	-1.10674	-0.065418	nan	1	nan	1	2	0	0.25	0.138158	0.378021
chr10:33000000-33500000	chr10	33000000	-0.968481	0.160915	-0.62044	-0.395149	1	0.414017	-0.226249	-0.918672	0.0115847	nan	1	nan	1	1	0	0.25	0.125	0.415952
chr10:33500000-34000000	chr10	33500000	-0.626121	-0.123246	-0.884039	-0.312345	0	0.908347	-0.24103	-0.662114	0.125104	nan	0	nan	0	0	0	0.25	0.111842	0.411984
chr10:34000000-34500000	chr10	34000000	-1.01716	0.0979293	-0.984977	-0.237041	0	0.798224	-0.10808	0.864684	0.0706741	nan	0	nan	0	0	0	0	0.0986842	0.40064
chr10:34500000-35000000	chr10	34500000	-0.905786	-0.123582	-1.10927	0.0008945	1	1.11864	-0.283409	1.03478	-0.0606311	nan	1	nan	1	1	0	0	0.0855263	0.425765
chr10:35000000-35500000	chr10	35000000	-0.950874	0.0898955	-0.82008	-0.177679	3	0.913158	-0.251287	0.110966	-0.0888761	-0.0325779	3	0.0515766	3	4	0	0	0.0723684	0.4234
chr10:35500000-36000000	chr10	35500000	-0.488659	-0.107656	-0.61946	-0.0997327	2	0.64878	0.0595514	-1.21208	0.120766	nan	1	nan	1	3	0	0	0.0592105	0.421086
chr10:36000000-36500000	chr10	36000000	-0.622672	-0.147495	-0.56881	-0.234384	0	0.625541	0.184821	-1.45975	-0.0878392	nan	0	nan	0	0	0	0	0.0460526	0.380188
chr10:36500000-37000000	chr10	36500000	-0.384473	-0.00587356	-0.4754	0.0349	0	0.285752	-0.0566321	-1.11925	-0.30694	nan	0	nan	0	0	0	0	0.0328947	0.388469
chr10:37000000-37500000	chr10	37000000	0.89723	0.163286	0.861582	0.334306	1	-0.694124	-0.112098	-1.06877	-0.224808	nan	0	nan	0	1	0	0	0.0197368	0.381819
chr10:37500000-38000000	chr10	37500000	1.11125	-0.115315	0.98697	0.145939	3	-0.548821	-0.137749	-0.346023	0.0288666	-0.175807	2	0.00544111	2	5	0	0	0.00657895	0.411194
chr10:38000000-38500000	chr10	38000000	0.857943	-0.156113	0.903149	-0.091824	2	-0.422991	-0.182628	-0.853479	0.14566	-0.0928097	2	0.0936408	2	5	0	nan	0	0.401264
chr10:38500000-39000000	chr10	38500000	nan	nan	nan	nan	0	-0.218169	-0.218812	-0.738825	0.220742	nan	0	nan	0	3	0.107612	nan	0	0.390821
chr10:39000000-39500000	chr10	39000000	0.718285	0.11359	0.940273	0.234312	0	-0.213077	-0.296194	nan	nan	nan	0	nan	0	0	0.002008	nan	0	0.371384
chr10:39500000-40000000	chr10	39500000	0.0518136	0.0749825	0.222662	0.103353	0	nan	nan	-1.12404	0.0788583	nan	0	nan	0	0	0.137208	nan	0	0.379968
chr10:40000000-40500000	chr10	40000000	nan	nan	nan	nan	0	nan	nan	nan	nan	nan	0	nan	0	0	0	nan	0	0.383817
chr10:40500000-41000000	chr10	40500000	nan	nan	nan	nan	0	nan	nan	nan	nan	nan	0	nan	0	0	0	nan	0	0.383987
chr10:41000000-41500000	chr10	41000000	nan	nan	nan	nan	0	nan	nan	nan	nan	nan	0	nan	0	0	0.0002	nan	0	0.383725
chr10:41500000-42000000	chr10	41500000	nan	nan	nan	nan	0	-0.12171	-0.290662	-0.430539	0.0564575	nan	0	nan	0	0	0.36767	0	0.00162694	0.380426
chr10:42000000-42500000	chr10	42000000	0.833744	0.27294	0.7383	0.399244	0	-0.802186	-0.0785996	-1.12404	0.0788583	nan	0	nan	0	7	0.13253	0	0.00705009	0.393281
chr10:42500000-43000000	chr10	42500000	1.02876	-0.196356	0.878002	0.112756	2	-0.46754	0.069632	-0.7158	0.00705191	-0.0164975	2	0.0764029	2	9	0	0	0.0124732	0.433378
chr10:43000000-43500000	chr10	43000000	0.481346	-0.128917	0.245788	0.185003	8	0.345762	-0.00582597	-0.0922762	-0.0346247	-0.150583	5	0.0154708	5	15	0	0	0.0178964	0.493211
chr10:43500000-44000000	chr10	43500000	-0.0871139	-0.0466783	-0.305244	-0.0775657	3	0.36785	0.167443	-0.62141	-0.0107861	0.159717	3	0.119987	3	7	0	0	0.0233195	0.436513
chr10:44000000-44500000	chr10	44000000	-0.0611952	0.085793	-0.25499	-0.141307	1	0.718302	-0.143835	-0.312303	0.078481	nan	1	nan	1	6	0	0	0.0287427	0.435474
chr10:44500000-45000000	chr10	44500000	0.0367994	-0.218812	0.100521	-0.295915	3	0.225023	0.102359	-1.08661	0.0796973	0.191112	2	0.0620419	3	4	0	0	0.0341658	0.428178
chr10:45000000-45500000	chr10	45000000	0.533382	0.139329	0.821199	-0.0371713	3	-0.12725	0.158055	-0.0364688	0.0273576	0.116875	2	nan	1	7	0	0	0.039589	0.420695
chr10:45500000-46000000	chr10	45500000	-0.0196364	-0.0957814	0.170148	-0.11925	5	0.103349	0.111482	0.603155	-0.0158047	-0.0712159	5	0.0596125	4	6	0	0.25	0.0450121	0.405581
chr10:46000000-46500000	chr10	46000000	0.23938	-0.248732	0.0360039	-0.017977	5	1.09646	-0.304031	-0.335434	0.0557157	-0.114737	2	nan	1	7	0	0.25	0.0504352	0.446913
chr10:46500000-47000000	chr10	46500000	0.14504	-0.09553	0.170306	-0.049461	3	1.10755	0.0723914	-0.808141	-0.0988078	-0.0888745	2	0.133602	2	8	0	0.25	0.0558584	0.417507
chr10:47000000-47500000	chr10	47000000	0.774259	-0.13576	0.51227	-0.173809	6	1.17951	-0.172414	-0.808141	-0.0988078	0.072003	4	-0.115465	4	7	0	0.25	0.0612815	0.46864
chr10:47500000-48000000	chr10	47500000	-0.0380529	-0.301875	-0.211321	0.0377835	4	nan	nan	-0.292223	-0.0847329	-0.0653572	2	nan	1	4	0.18	0.25	0.0667047	0.426495
chr10:48000000-48500000	chr10	48000000	-0.0260778	-0.121886	-0.147596	0.0383683	2	0.66692	0.0092517	0.946969	-0.0226196	-0.0386797	2	-0.105109	2	5	0	0.25	0.0721278	0.421018
chr10:48500000-49000000	chr10	48500000	1.04262	-0.20232	0.487494	0.1171	3	0.466961	-0.143989	0.68913	-0.060043	0.249911	2	nan	1	3	0	0	0.077551	0.453855
chr10:49000000-49500000	chr10	49000000	1.16914	-0.202705	0.765571	0.192469	5	0.501057	-0.282671	-0.250259	-0.0519552	0.0300471	2	0.0629878	2	4	0	0	0.0829741	0.453636
chr10:49500000-50000000	chr10	49500000	0.37491	-0.165567	0.425991	-0.189634	9	-0.195902	0.201508	-0.587372	0.168392	0.0561667	6	0.141348	4	9	0	0	0.0883973	0.426792
chr10:50000000-50500000	chr10	50000000	0.280409	-0.0563031	0.374391	-0.408146	2	-0.689432	0.0739442	-0.920457	0.35717	-0.197133	2	0.141747	2	4	0	0	0.0938204	0.401182
chr10:50500000-51000000	chr10	50500000	0.357104	0.0482505	0.327399	0.265126	3	-1.19507	0.154824	-1.57277	-0.0236429	-0.373556	2	0.00385414	2	4	0	0	0.0992436	0.395476
chr10:51000000-51500000	chr10	51000000	0.624704	-0.165957	0.693347	0.164849	1	-1.35898	-0.12241	-1.46268	-0.119421	nan	1	nan	1	1	0	1	0.104667	0.367554
chr10:51500000-52000000	chr10	51500000	0.441135	0.238547	0.89351	-0.0665144	1	-1.46967	-0.0766711	-1.56235	-0.0457363	nan	1	nan	1	1	0	1	0.11009	0.364777
chr10:52000000-52500000	chr10	52000000	0.320027	-0.115234	0.609055	-0.0791426	1	-1.3579	-0.0732826	-1.54439	-0.0733386	nan	1	nan	1	2	0	1	0.115513	0.368044
chr10:52500000-53000000	chr10	52500000	0.238744	-0.170295	0.526784	-0.194222	1	-1.38484	0.0677495	-0.940842	-0.0833703	nan	0	nan	0	1	0	1	0.120936	0.37702
chr10:53000000-53500000	chr10	53000000	0.58809	0.118485	0.751847	0.169756	1	-1.48117	0.0325049	-1.43986	0.0506656	nan	0	nan	0	0	0	1	0.126359	0.358202
chr10:53500000-54000000	chr10	53500000	0.425646	0.00655478	0.648966	0.322636	0	-1.43289	-0.0239643	-1.46462	0.0547769	nan	0	nan	0	0	0	1	0.131782	0.353282
chr10:54000000-54500000	chr10	54000000	0.609484	0.503033	0.865368	0.434238	0	-1.51167	-0.0717984	-1.48033	-0.00994666	nan	0	nan	0	0	0	1	0.137206	0.352044
chr10:54500000-55000000	chr10	54500000	0.528837	-0.147789	0.467597	0.48851	1	-1.63963	-0.0283921	-1.4614	0.0289463	nan	1	nan	0	0	0	1	0.142629	0.344807
chr10:55000000-55500000	chr10	55000000	-0.185973	0.000452273	0.392437	-0.117099	0	-1.55148	-0.0775354	-1.32352	-0.11587	nan	0	nan	0	0	0	1	0.148052	0.34338
chr10:55500000-56000000	chr10	55500000	0.510942	0.1154	0.73955	0.437686	0	-1.59341	-5.06779e-05	-0.591301	-0.534078	nan	0	nan	0	2	0	1	0.153475	0.343392
chr10:56000000-56500000	chr10	56000000	0.520729	0.294176	0.924173	0.457576	1	-1.67386	-0.0359386	-0.355914	-0.197091	nan	1	nan	1	1	0	1	0.158898	0.345541
chr10:56500000-57000000	chr10	56500000	0.828895	0.12755	0.881025	0.433428	0	-1.59145	-0.0545871	-1.41035	-0.0676556	nan	0	nan	0	0	0	1	0.164321	0.352154
chr10:57000000-57500000	chr10	57000000	0.84965	0.180559	1.02442	0.46077	0	-1.46054	-0.0166262	-1.53843	-0.0170855	nan	0	nan	0	0	0	1	0.169744	0.350624
chr10:57500000-58000000	chr10	57500000	0.35791	0.327417	0.81288	-0.107673	0	-1.58099	-0.0308509	-1.42157	-0.0140678	nan	0	nan	0	0	0	1	0.175168	0.36066
chr10:58000000-58500000	chr10	58000000	-0.0994217	-0.165185	0.210555	-0.10492	4	-1.30443	-0.0875743	-0.941899	0.0481226	0.284951	4	-7.37927e-05	4	4	0	1	0.180591	0.382986
chr10:58500000-59000000	chr10	58500000	0.0826933	-0.164063	0.283932	-0.318614	1	-0.885036	-0.258401	0.529782	0.193606	nan	1	nan	1	1	0	1	0.186014	0.386341
chr10:59000000-59500000	chr10	59000000	0.36577	-0.0472855	0.451794	-0.0190573	2	-0.764486	-0.323972	-1.193	0.12589	nan	1	-0.0849462	2	2	0	1	0.191437	0.377064
chr10:59500000-60000000	chr10	59500000	0.165505	0.062135	0.249596	-0.0801303	3	-0.781852	0.237595	-0.804847	0.041315	-0.194135	2	0.269838	2	3	0	0	0.19686	0.402138
chr10:60000000-60500000	chr10	60000000	-0.734963	0.0111098	-0.384929	-0.314882	1	-0.677524	0.466647	-1.37135	-0.0150399	nan	1	nan	1	0	0	0	0.202283	0.38227
chr10:60500000-61000000	chr10	60500000	-0.827602	-0.0241957	-0.377455	-0.193923	2	-1.13615	-0.0039692	-1.29309	0.0424093	0.225521	2	-0.223514	2	3	0	0	0.207706	0.382811
chr10:61000000-61500000	chr10	61000000	0.000162346	-0.0848229	0.0700317	-0.324516	1	-1.65372	-0.0105453	-1.55961	-0.0170204	nan	1	nan	0	2	0	0	0.21313	0.374944
chr10:61500000-62000000	chr10	61500000	-0.497412	-0.124659	-0.0201578	-0.486581	2	-1.57772	0.0108902	-0.308521	0.590015	nan	1	nan	1	2	0	0	0.218553	0.381231
chr10:62000000-62500000	chr10	62000000	-0.721577	-0.0449052	-0.349082	-0.143766	2	-1.3555	0.147427	0.537464	0.289315	-0.209806	2	nan	1	2	0	0	0.223976	0.386815
chr10:62500000-63000000	chr10	62500000	-0.198701	0.0948966	-0.242622	-0.074561	2	-0.799782	-0.14181	1.07421	0.0134521	0.0870146	2	0.140768	2	3	0	0	0.229399	0.41283
chr10:63000000-63500000	chr10	63000000	-1.09783	0.0301862	-1.00218	0.0708752	2	0.0727982	-0.0992115	1.23155	0.110003	-0.253013	2	-0.0181493	2	2	0	1	0.234822	0.392212
chr10:63500000-64000000	chr10	63500000	-0.314618	0.0726476	-0.31151	-0.090324	1	-0.521297	-0.0118041	-1.34856	0.0539176	nan	1	nan	1	3	0	1	0.240245	0.400469
chr10:64000000-64500000	chr10	64000000	0.946853	0.0918812	0.970017	0.106234	0	-1.34915	0.036724	-1.54267	0.00669494	nan	0	nan	0	1	0	1	0.245668	0.37667
chr10:64500000-65000000	chr10	64500000	0.485244	0.496337	0.84952	0.286354	0	-1.58067	-0.0429613	-1.55553	-0.0380898	nan	0	nan	0	0	0	1	0.251092	0.354272
chr10:65000000-65500000	chr10	65000000	0.384647	0.0938818	0.497645	0.431973	0	-1.7588	0.0097729	-1.32829	-0.108818	nan	0	nan	0	1	0	1	0.256515	0.35018
chr10:65500000-66000000	chr10	65500000	0.255526	0.33711	0.878341	0.124826	0	-1.8246	0.0233246	-1.23464	0.0533621	nan	0	nan	0	0	0	1	0.261938	0.354808
chr10:66000000-66500000	chr10	66000000	0.626089	0.167363	0.945036	0.199774	0	-1.71446	0.0359737	-1.55896	0.0331862	nan	0	nan	0	0	0	1	0.267361	0.35668
chr10:66500000-67000000	chr10	66500000	0.0280531	0.250126	0.327834	0.0291451	1	-1.50839	0.045631	-1.53766	-0.0106074	nan	1	nan	1	0	0	1	0.272784	0.36174
chr10:67000000-67500000	chr10	67000000	0.52809	0.265071	0.597653	0.394713	0	-1.21484	-0.0420547	-1.31401	-0.0272952	nan	0	nan	0	0	0	1	0.278207	0.362234
chr10:67500000-68000000	chr10	67500000	-0.178988	-0.111373	-0.350491	0.12784	3	-0.729644	0.129197	0.999264	0.00910837	-0.111975	3	0.022952	3	3	0	1	0.28363	0.393958
chr10:68000000-68500000	chr10	68000000	-1.18541	0.137489	-1.30555	0.0836416	7	0.726624	-0.0137901	1.38415	-0.188152	-0.0331771	6	-0.0150018	6	5	0	1	0.289054	0.410426
chr10:68500000-69000000	chr10	68500000	-1.11067	-0.0261787	-1.12133	-0.173367	7	1.32557	-0.0470669	1.43818	-0.101887	0.00207063	7	0.00942477	6	7	0	1	0.294477	0.43278
chr10:69000000-69500000	chr10	69000000	-0.935802	0.0313636	-1.1616	-0.0921809	7	1.47367	-0.220606	0.468215	-0.13061	0.042392	7	-0.0247767	4	6	0	0	0.2999	0.45872
chr10:69500000-70000000	chr10	69500000	-0.696058	-0.0261823	-0.803281	-0.305585	3	1.30032	0.0518813	0.289066	0.0344102	0.0944225	2	-0.298002	2	5	0	0	0.305323	0.486881
chr10:70000000-70500000	chr10	70000000	-0.706979	-0.170517	-1.05059	-0.203269	10	1.45978	-0.138766	0.957164	0.00516237	0.162289	9	0.0536805	7	12	0	0	0.310746	0.465139
chr10:70500000-71000000	chr10	70500000	-0.682752	-0.277894	-1.04992	0.0628742	5	1.40745	-0.0396036	0.0866181	-0.0760971	0.0630054	4	0.126221	3	5	0	0	0.316169	0.489713
chr10:71000000-71500000	chr10	71000000	-0.300881	-0.413892	-0.90356	-0.0858831	3	1.37636	-0.0763567	0.419983	0.0119054	0.114892	3	-0.264499	2	4	0	0	0.321593	0.500531
chr10:71500000-72000000	chr10	71500000	-0.489213	-0.228696	-1.04596	0.0244975	4	1.38976	-0.00504699	1.33698	-0.0117159	0.0574526	3	-0.189976	3	5	0	0	0.327016	0.513639
chr10:72000000-72500000	chr10	72000000	-0.997795	-0.00822438	-1.15323	0.0642041	5	1.39812	-0.017527	1.37367	-0.0674199	0.0503015	5	-0.162352	5	8	0	0	0.332439	0.458285
chr10:72500000-73000000	chr10	72500000	-1.28905	0.0715133	-1.25168	0.0062499	4	1.29899	-0.140593	1.32788	0.000861944	-0.0674112	2	-0.293896	3	2	0	0	0.337862	0.397009
chr10:73000000-73500000	chr10	73000000	-1.54159	0.0862923	-1.35116	-0.0240677	10	1.41697	-0.0544494	1.35722	0.0402168	-0.0508167	10	0.0497366	10	7	0	0.5	0.343285	0.401723
chr10:73500000-74000000	chr10	73500000	-1.08254	-0.00448704	-1.23532	-0.0770026	12	1.50369	-0.0452581	1.46088	0.0632803	0.0669365	11	-0.0244876	9	14	0	0.5	0.348708	0.460493
chr10:74000000-74500000	chr10	74000000	-1.59922	0.0618425	-1.3346	0.0317562	2	1.13954	0.106921	1.36589	0.0215974	-0.0134659	2	-0.0539968	2	2	0	0.5	0.354131	0.387736
chr10:74500000-75000000	chr10	74500000	-1.36723	0.0525583	-1.22726	-0.184736	1	1.07786	-0.0269309	1.44571	0.00718192	nan	1	nan	1	2	0	0.5	0.359555	0.402567
chr10:75000000-75500000	chr10	75000000	-0.843608	-0.144545	-0.910556	-0.272139	8	1.24637	0.13056	-0.785656	-0.041295	0.163364	7	0.0124266	5	7	0	0.5	0.364978	0.455636
chr10:75500000-76000000	chr10	75500000	-0.434751	-0.184802	-0.586829	-0.355567	0	1.09898	-0.179883	-1.26829	-0.0505298	nan	0	nan	0	0	0	0.5	0.370401	0.416976
chr10:76000000-76500000	chr10	76000000	-0.745084	-0.212319	-0.701907	-0.374414	0	1.05288	-0.0618131	-1.42225	-0.0520561	nan	0	nan	0	1	0	0	0.375824	0.406969
chr10:76500000-77000000	chr10	76500000	-0.538897	-0.282004	-0.923387	0.0430998	0	0.933724	-0.245525	-0.824421	0.00476132	nan	0	nan	0	0	0	0	0.381247	0.389981
chr10:77000000-77500000	chr10	77000000	-0.740883	-0.0500995	-0.904915	-0.161158	0	1.32844	-0.149149	0.704398	-0.109484	nan	0	nan	0	0	0	0	0.38667	0.436275
chr10:77500000-78000000	chr10	77500000	-0.818	0.0285986	-0.82884	-0.187151	2	1.39335	-0.0362031	0.110288	0.0440832	-0.0474673	2	0.20924	2	3	0	0	0.392093	0.468391
chr10:78000000-78500000	chr10	78000000	-0.629624	-0.21467	-0.839724	-0.30058	2	1.22009	-0.017459	-0.62369	-0.106356	-0.0247069	2	0.0512007	2	3	0	0	0.397517	0.469333
chr10:78500000-79000000	chr10	78500000	-0.574589	-0.16327	-0.796961	-0.37257	0	1.24202	-0.141156	-0.246429	0.236895	nan	0	nan	0	1	0	0	0.40294	0.474373
chr10:79000000-79500000	chr10	79000000	-0.33217	-0.243099	-0.604589	-0.0400317	3	0.854768	0.0834694	0.15934	0.143401	0.158473	3	0.0271549	3	6	0	0	0.408363	0.526862
chr10:79500000-80000000	chr10	79500000	-0.202436	-0.39866	-0.467818	0.0875964	6	-0.141963	-0.016265	-0.0855324	0.100212	0.102815	3	-0.0149257	2	7	0	0	0.413786	0.414329
chr10:80000000-80500000	chr10	80000000	0.0896317	-0.206733	-0.0638501	-0.20852	8	-0.105831	-0.0564007	-0.636967	0.122286	-0.10514	6	0.152903	5	7	0	0	0.419209	0.451017
chr10:80500000-81000000	chr10	80500000	0.96218	-0.0225592	0.920629	-0.109661	1	-1.26137	-0.0378155	-1.48346	0.292441	nan	0	nan	0	1	0	1	0.424632	0.422803
chr10:81000000-81500000	chr10	81000000	0.693045	0.312267	0.715575	0.860485	0	-1.84387	-0.0400023	-1.54247	-0.00148239	nan	0	nan	0	0	0	1	0.430055	0.356804
chr10:81500000-82000000	chr10	81500000	0.865265	0.157434	1.01401	0.216033	1	-1.92064	0.0432216	-1.56462	-0.0508555	nan	1	nan	1	1	0	1	0.435479	0.371234
chr10:82000000-82500000	chr10	82000000	0.742072	0.226062	0.919953	0.28668	0	-1.72486	0.00490481	-1.50428	-0.0975643	nan	0	nan	0	0	0	1	0.440902	0.374112
chr10:82500000-83000000	chr10	82500000	0.456726	0.175702	0.513712	0.0792676	0	-1.60601	-0.0286661	-0.838408	-0.194576	nan	0	nan	0	0	0	1	0.446325	0.373705
chr10:83000000-83500000	chr10	83000000	0.277173	-0.0467319	0.532915	-0.0440455	0	-1.77332	-0.00960692	0.0226065	-0.381795	nan	0	nan	0	0	0	1	0.451748	0.367052
chr10:83500000-84000000	chr10	83500000	0.392382	-0.101072	0.44802	-0.0960932	0	-1.80139	0.0315039	-0.693401	-0.39676	nan	0	nan	0	1	0	1	0.457171	0.389761
chr10:84000000-84500000	chr10	84000000	-0.0981538	0.165788	0.178912	-0.158934	7	-1.03512	0.175162	-0.628841	0.0882255	0.0436222	3	-0.0336683	3	4	0	1	0.462594	0.419293
chr10:84500000-85000000	chr10	84500000	0.430958	0.201397	0.576195	-0.0515953	0	0.0493251	0.0431828	-1.54374	-0.0975221	nan	0	nan	0	1	0	1	0.468017	0.407317
chr10:85000000-85500000	chr10	85000000	0.4726	0.245699	0.384813	0.202922	0	-0.198247	0.0407555	-1.37137	0.0537398	nan	0	nan	0	0	0	1	0.473441	0.38646
chr10:85500000-86000000	chr10	85500000	0.481857	0.413396	0.451975	0.299402	0	-0.248198	0.337886	-1.01245	0.226375	nan	0	nan	0	0	0	1	0.478864	0.40954
chr10:86000000-86500000	chr10	86000000	0.564617	-0.0499376	0.24139	-0.0815574	1	0.393649	-0.0488033	0.460383	0.11782	nan	1	nan	1	5	0	0	0.484287	0.475581
chr10:86500000-87000000	chr10	86500000	-0.733676	-0.0127744	-0.917814	0.0723082	8	1.0911	-0.0734358	0.857959	-0.0153798	0.0443481	7	0.0520092	5	9	0	0	0.48971	0.448833
chr10:87000000-87500000	chr10	87000000	-1.03731	0.225503	-0.937564	-0.0116596	5	0.929208	0.207307	1.14087	0.0581536	0.00442824	4	0.15997	4	5	0	0	0.495133	0.417923
chr10:87500000-88000000	chr10	87500000	-1.46059	-0.0581919	-1.20939	0.0462437	5	0.876192	0.00376981	1.55189	-0.0625934	-0.153939	5	-0.0807914	5	5	0	0.75	0.500556	0.384258
chr10:88000000-88500000	chr10	88000000	-1.01695	0.124112	-0.903823	-0.237119	0	0.575362	0.0735313	1.41547	-0.127666	nan	0	nan	0	0	0	0.75	0.505979	0.387428
chr10:88500000-89000000	chr10	88500000	-1.22387	0.0661798	-1.01335	-0.0812937	10	0.204137	0.31548	1.17458	-0.0552589	-0.0659003	4	0.0445149	4	3	0	0.75	0.511403	0.371388
chr10:89000000-89500000	chr10	89000000	-0.867202	-0.062509	-0.840268	0.0686478	7	0.077198	0.272148	1.20609	-0.0345717	0.066299	5	-0.00189969	5	3	0	0.75	0.516826	0.396251
chr10:89500000-90000000	chr10	89500000	-0.703553	-0.0418621	-0.639931	-0.174695	3	-0.631958	0.178727	0.65222	0.050259	-0.101792	3	-0.022329	3	4	0	0.75	0.522249	0.388596
chr10:90000000-90500000	chr10	90000000	-0.66427	-0.123541	-0.485492	-0.222848	0	-1.29063	0.0969354	-0.943869	-0.042462	nan	0	nan	0	0	0	0.75	0.527672	0.375388
chr10:90500000-91000000	chr10	90500000	-0.743744	-0.103239	-0.575499	-0.147426	3	-0.728341	0.176562	1.34141	-0.10177	0.273478	3	-0.186947	2	1	0	0.75	0.533095	0.389678
chr10:91000000-91500000	chr10	91000000	-0.881093	-0.0964145	-0.911967	0.0143645	2	0.335575	0.217419	-0.0850425	-0.0675179	0.147634	2	-0.264379	2	4	0	0	0.538518	0.396953
chr10:91500000-92000000	chr10	91500000	-1.14121	-0.18723	-1.09824	0.00234344	4	0.723455	0.192283	1.43954	-0.120354	0.0460506	4	0.0225104	4	5	0	0	0.543941	0.395618
chr10:92000000-92500000	chr10	92000000	-0.960543	-0.145926	-1.02224	-0.157664	2	0.76454	0.0932216	1.46762	-0.0837351	0.0658082	2	nan	1	4	0	0	0.549365	0.414065
chr10:92500000-93000000	chr10	92500000	-1.00147	-0.138559	-0.949249	-0.0532824	4	0.236775	0.36358	0.457792	-0.0727615	0.0319361	4	-0.0698022	4	9	0	0.5	0.554788	0.40657
chr10:93000000-93500000	chr10	93000000	-0.805987	0.0664253	-0.78455	-0.228163	4	0.114877	0.130385	-0.0339419	-0.119814	0.0281491	2	0.32247	2	6	0	0.5	0.560211	0.432459
chr10:93500000-94000000	chr10	93500000	-0.431556	-0.197223	-0.403523	-0.426568	7	-0.719708	0.0736651	-1.04802	-0.0565468	-0.141719	4	-0.253771	3	5	0	0.5	0.565634	0.415158
chr10:94000000-94500000	chr10	94000000	-0.240311	-0.407734	-0.356253	-0.220821	2	-1.09287	-0.00691492	0.322824	-0.123502	-0.104476	2	0.00787419	2	2	0	0.5	0.571057	0.404808
chr10:94500000-95000000	chr10	94500000	1.05852	-0.176171	0.843542	0.0830599	4	-1.75785	0.122242	-1.29875	-0.00359149	nan	1	nan	1	1	0	0.5	0.57648	0.387687
chr10:95000000-95500000	chr10	95000000	0.758801	-0.342283	0.674191	-0.00177168	3	-1.22759	0.138286	0.585718	-0.0612992	nan	1	0.0276293	2	3	0	0.5	0.581903	0.417077
chr10:95500000-96000000	chr10	95500000	0.862339	-0.142937	0.709747	-0.0929065	5	-0.982451	0.277877	1.15471	0.0317293	-0.196917	5	0.0129243	4	4	0	0	0.587327	0.414024
chr10:96000000-96500000	chr10	96000000	0.680137	-0.194534	0.53534	-0.0976482	5	-0.370623	0.390248	1.40582	-0.0846343	0.351818	3	0.0514838	2	4	0	0	0.59275	0.414561
chr10:96500000-97000000	chr10	96500000	-0.752637	-0.0154978	-0.614898	-0.292845	4	0.648984	0.265882	1.31533	-0.0727943	0.284241	4	-0.14725	4	5	0	0	0.598173	0.421436
chr10:97000000-97500000	chr10	97000000	-0.282916	-0.339458	-0.523981	-0.277931	10	1.11694	0.193304	1.40155	-0.0728897	0.105508	10	0.0792038	10	10	0	0	0.603596	0.481403
chr10:97500000-98000000	chr10	97500000	-0.127146	-0.201468	-0.342253	-0.206202	10	1.206	0.204422	0.00358907	-0.158812	0.10209	9	-0.0550698	9	10	0	0.5	0.609019	0.485026
chr10:98000000-98500000	chr10	98000000	0.160577	-0.144148	0.0300344	-0.100278	5	1.13271	0.0606931	-0.276122	-0.282618	0.0202221	4	0.0355724	5	5	0	0.5	0.614442	0.444894
chr10:98500000-99000000	chr10	98500000	0.249057	0.231848	0.3431	-0.0449408	0	0.391527	0.289012	-1.38374	0.0871728	nan	0	nan	0	0	0	0.5	0.619865	0.385732
chr10:99000000-99500000	chr10	99000000	0.0499295	-0.14817	-0.00223424	0.0324239	3	0.587557	0.160545	0.285416	-0.136631	-0.151951	2	0.0425449	3	4	0	0.5	0.625289	0.403737
chr10:99500000-100000000	chr10	99500000	-0.821821	-0.0953237	-0.91504	-0.0722263	7	1.05452	0.11721	1.38053	-0.0711597	0.185757	6	0.094111	4	14	0	0.5	0.630712	0.431883
chr10:100000000-100500000	chr10	100000000	-0.898182	-0.156493	-1.107	-0.027594	10	1.0443	0.213493	1.04312	0.0126918	-0.156447	6	-0.0312865	6	10	0	0	0.636135	0.432877
chr10:100500000-101000000	chr10	100500000	-0.617173	-0.309583	-0.806023	-0.420644	9	1.17092	0.149074	1.01032	0.0476054	-0.00262421	8	0.0286483	8	27	0	0	0.641558	0.477978
chr10:101000000-101500000	chr10	101000000	-1.11009	0.0737464	-1.05737	-0.213174	6	1.2228	0.0942474	1.22018	-0.0944456	0.108759	5	0.214094	4	26	0	0.25	0.646981	0.472596
chr10:101500000-102000000	chr10	101500000	-0.92642	-0.0309033	-1.41788	0.147381	8	1.19044	0.183381	1.4798	0.0987335	0.0233038	6	0.127356	6	13	0	0.25	0.652404	0.445988
chr10:102000000-102500000	chr10	102000000	-1.13309	0.060354	-1.17708	0.00563074	14	1.27847	0.168918	1.47638	0.043002	-0.00199257	13	0.163382	11	18	0	0.25	0.657828	0.476792
chr10:102500000-103000000	chr10	102500000	-1.06416	0.0620628	-1.22832	0.147224	11	1.26536	0.2019	1.47401	0.00636702	0.0159955	9	0.0116226	8	8	0	0.25	0.663251	0.466945
chr10:103000000-103500000	chr10	103000000	-1.12474	-0.00599785	-1.35492	0.0262068	11	1.2921	0.13845	1.4431	-0.0491746	-0.0725205	9	0.0605146	7	10	0	0	0.668674	0.443107
chr10:103500000-104000000	chr10	103500000	-0.471428	-0.191633	-0.844981	-0.0793843	3	0.845101	0.173687	0.979209	-0.120788	-0.163746	3	0.0452669	3	10	0	0	0.674097	0.486761
chr10:104000000-104500000	chr10	104000000	-0.441315	0.164603	-0.587121	0.118685	7	0.349429	-0.00661943	-0.611899	-0.243626	0.184904	7	0.0320297	6	8	0	1	0.67952	0.418221
chr10:104500000-105000000	chr10	104500000	0.777722	0.247664	0.727445	0.248601	1	-0.4363	-0.156643	-1.56561	-0.0415087	nan	1	nan	1	1	0	1	0.684943	0.420215
chr10:105000000-105500000	chr10	105000000	0.775289	0.37188	0.935813	-0.0496988	0	-1.01532	-0.0768027	-1.63689	-0.0210126	nan	0	nan	0	0	0	1	0.690366	0.391086
chr10:105500000-106000000	chr10	105500000	0.685606	0.205797	0.724469	0.234669	0	-1.08085	-0.0438404	-1.47947	0.0351437	nan	0	nan	0	0	0	1	0.69579	0.380952
chr10:106000000-106500000	chr10	106000000	0.598135	0.317055	0.635156	0.58832	0	-1.54576	0.0102237	-1.54772	-0.0776759	nan	0	nan	0	0	0	1	0.701213	0.367885
chr10:106500000-107000000	chr10	106500000	0.698515	0.321041	0.606673	0.318008	0	-1.05159	-0.101718	-1.08494	-0.116402	nan	0	nan	0	0	0	1	0.706636	0.401029
chr10:107000000-107500000	chr10	107000000	0.688128	0.125061	0.86077	0.175621	1	-1.27922	-0.090409	0.2484	0.135939	nan	1	nan	1	1	0	1	0.712059	0.381338
chr10:107500000-108000000	chr10	107500000	0.416288	0.147526	0.485659	0.0990647	0	-1.60445	-0.0638085	0.711532	0.0655359	nan	0	nan	0	1	0	1	0.717482	0.369218
chr10:108000000-108500000	chr10	108000000	0.274644	-0.0990032	0.215978	-0.0221172	0	-1.57332	-0.0639573	-0.972191	-0.165183	nan	0	nan	0	1	0	1	0.722905	0.370992
chr10:108500000-109000000	chr10	108500000	0.0743082	-0.315366	0.214029	-0.157769	0	-1.54557	-0.0302661	-1.46441	-0.0611176	nan	0	nan	0	1	0	1	0.728328	0.372508
chr10:109000000-109500000	chr10	109000000	0.319904	-0.123554	0.214965	-0.206418	0	-1.38308	-0.0692397	-1.58514	-0.0344394	nan	0	nan	0	1	0	1	0.733752	0.386561
chr10:109500000-110000000	chr10	109500000	0.23596	0.0107113	0.378192	-0.289601	1	-1.16982	-0.0191394	0.480613	-0.0279636	nan	1	nan	1	1	0	1	0.739175	0.408365
chr10:110000000-110500000	chr10	110000000	-0.972475	0.163477	-0.867894	0.127197	4	0.0830949	0.0963834	1.07557	-0.0167327	-0.133748	4	-0.0144379	4	5	0	0	0.744598	0.426913
chr10:110500000-111000000	chr10	110500000	-0.993399	0.1066	-0.505283	-0.00900885	5	-0.381834	0.246103	0.801998	0.0960374	-0.0213267	5	0.0045789	5	6	0	0	0.750021	0.416287
chr10:111000000-111500000	chr10	111000000	0.978244	0.107157	0.904038	-0.0649426	1	-1.64728	0.0499095	-1.27856	-0.00567654	nan	1	nan	0	1	0	0	0.755444	0.406646
chr10:111500000-112000000	chr10	111500000	1.31545	0.292186	1.08749	0.308299	0	-1.84475	0.0791919	-1.40129	0.150372	nan	0	nan	0	0	0	0	0.760867	0.396078
chr10:112000000-112500000	chr10	112000000	0.600913	0.109078	0.425468	0.0131825	5	-1.4137	0.258793	-0.414091	-0.0132723	0.00930426	4	-0.0451713	3	2	0	0	0.76629	0.422321
chr10:112500000-113000000	chr10	112500000	-0.53025	-0.0250583	-0.516207	-0.243777	1	-0.0197383	0.125842	-1.04234	-0.00172289	nan	1	nan	1	3	0	0	0.771714	0.415448
chr10:113000000-113500000	chr10	113000000	-0.130488	-0.158614	-0.18887	-0.443868	0	-0.0573702	-0.0776792	-0.971912	-0.0446187	nan	0	nan	0	2	0	0.75	0.777137	0.440037
chr10:113500000-114000000	chr10	113500000	-0.167667	-0.164136	-0.192489	-0.369234	6	-0.176602	0.177471	1.03805	0.00627213	-0.0784473	4	-0.216349	5	2	0	0.75	0.78256	0.418758
chr10:114000000-114500000	chr10	114000000	-0.444864	-0.0460563	-0.47969	-0.321356	5	0.0173283	0.00859898	-0.756647	-0.0899245	-0.227544	4	-0.131672	3	7	0	0.75	0.787983	0.438374
chr10:114500000-115000000	chr10	114500000	-0.859553	0.171845	-0.612592	0.0825061	3	-0.381145	-0.0232878	-0.186721	-0.0173334	-0.0627089	3	0.0174415	2	4	0	0.75	0.793406	0.410933
chr10:115000000-115500000	chr10	115000000	0.563346	0.248495	0.786522	0.317052	1	-1.66243	0.0740489	-1.331	-0.0240126	nan	1	nan	1	1	0	0.75	0.798829	0.36057
chr10:115500000-116000000	chr10	115500000	0.685031	0.220232	0.844285	0.290397	0	-1.81875	0.213192	-1.46753	-0.121983	nan	0	nan	0	0	0	0.75	0.804252	0.366995
chr10:116000000-116500000	chr10	116000000	1.07483	0.165057	0.985984	0.140492	3	-1.48467	0.0388278	-1.48649	-0.0488746	nan	1	nan	1	2	0	0.75	0.809676	0.409293
chr10:116500000-117000000	chr10	116500000	0.946301	0.0811928	1.06917	-0.0922014	5	-1.11804	0.240949	-1.38577	0.0817937	nan	1	nan	1	6	0	0.75	0.815099	0.431948
chr10:117000000-117500000	chr10	117000000	0.728505	-0.0520881	0.766997	-0.149957	5	-0.753264	0.238027	0.189682	0.0579515	0.00261907	4	0.100161	2	13	0	0.75	0.820522	0.432197
chr10:117500000-118000000	chr10	117500000	1.23043	-0.11726	1.08366	-0.0699612	1	-0.847828	-0.1476	-0.65748	0.240032	nan	0	nan	0	5	0	0	0.825945	0.440441
chr10:118000000-118500000	chr10	118000000	1.03233	0.158936	0.893057	0.284155	2	-0.784256	-0.193393	-0.410348	-0.0582459	0.00346299	2	-0.0149721	2	2	0	0	0.831368	0.392297
chr10:118500000-119000000	chr10	118500000	0.460418	-0.138067	0.267533	0.0623545	2	0.103233	0.0668398	0.921077	-0.058343	nan	1	nan	1	2	0	0	0.836791	0.440705
chr10:119000000-119500000	chr10	119000000	-0.287679	-0.251819	-0.517386	-0.0815179	8	0.947377	0.252218	1.46185	-0.0129194	0.129098	6	0.0293426	5	8	0	0	0.842214	0.484257
chr10:119500000-120000000	chr10	119500000	-0.480596	-0.0957777	-0.364516	-0.213069	6	0.969809	0.0173042	0.167606	0.150061	-0.123996	6	0.0215518	6	7	0	0	0.847638	0.435817
chr10:120000000-120500000	chr10	120000000	0.714205	0.153469	0.78034	0.118186	1	0.115937	0.0189472	-0.968932	0.138364	nan	1	nan	0	2	0	0.5	0.853061	0.415559
chr10:120500000-121000000	chr10	120500000	1.0662	-0.103579	0.927594	-0.0351237	1	0.203173	-0.083908	-0.915717	0.0388917	nan	1	nan	1	3	0	0.5	0.858484	0.415781
chr10:121000000-121500000	chr10	121000000	0.786136	0.344127	0.758048	0.145148	0	0.877864	0.115736	-1.10814	-0.0161871	nan	0	nan	0	0	0	0.5	0.863907	0.429243
chr10:121500000-122000000	chr10	121500000	0.603793	-0.161714	0.492754	-0.0894725	4	1.0061	0.0930821	-0.314168	-0.042778	-0.153925	4	-0.138551	4	4	0	0	0.86933	0.432272
chr10:122000000-122500000	chr10	122000000	0.328056	-0.00849089	0.147266	-0.0912105	4	0.864821	0.140517	-0.926458	-0.0498065	-0.00638731	2	-0.162401	2	4	0	0	0.874753	0.461175
chr10:122500000-123000000	chr10	122500000	0.9161	0.0447139	0.973102	-0.124879	8	0.103934	0.450855	0.720714	-0.00487629	0.0123657	4	0.0720732	3	5	0	0	0.880176	0.440061
chr10:123000000-123500000	chr10	123000000	1.36107	-0.160348	1.04541	-0.0992754	5	-0.109503	0.280246	0.738131	-0.109192	-0.131279	3	-0.10579	3	7	0	0	0.8856	0.444486
chr10:123500000-124000000	chr10	123500000	1.12716	-0.0381195	0.932328	0.154263	2	0.34022	0.132396	0.143205	0.204808	0.0132177	2	nan	1	5	0	0	0.891023	0.460167
chr10:124000000-124500000	chr10	124000000	0.941351	-0.0934617	0.850789	-0.255911	4	0.667883	0.0691914	0.143205	0.204808	-0.166112	3	-0.0563989	3	7	0.000604	0	0.896446	0.491699
chr10:124500000-125000000	chr10	124500000	0.264196	-0.368693	0.0478361	-0.233598	4	0.720746	0.134734	0.626512	-0.0103003	-0.0891949	4	0.0368569	4	9	0	0	0.901869	0.489422
chr10:125000000-125500000	chr10	125000000	0.451633	-0.0449666	0.244272	0.399214	1	-0.0238852	0.197086	0.0885502	-0.0561761	nan	0	nan	1	6	0	0	0.907292	0.448342
chr10:125500000-126000000	chr10	125500000	0.547747	-0.100122	0.429966	-0.160848	7	-0.0766167	-0.0064131	-0.58946	-0.00407308	0.0649589	5	0.0611484	5	5	0	0.5	0.912715	0.425162
chr10:126000000-126500000	chr10	126000000	0.331589	-0.249765	-0.229944	0.0582788	1	-0.0564471	-0.0584265	-0.955582	0.149295	nan	1	nan	1	1	0	0.5	0.918138	0.429242
chr10:126500000-127000000	chr10	126500000	0.727604	-0.326136	0.488813	-0.294557	2	-0.326965	0.134458	-1.42195	0.0151724	-0.0721694	2	nan	1	2	0	0.5	0.923562	0.437855
chr10:127000000-127500000	chr10	127000000	1.17902	-0.43443	0.99046	-0.34025	1	-0.445393	0.151998	-1.29203	-0.015592	nan	1	nan	1	3	0	0.5	0.928985	0.448169
chr10:127500000-128000000	chr10	127500000	1.26216	0.0716031	1.19201	0.0896966	4	-0.543521	0.221379	-0.917623	0.162587	nan	1	nan	1	2	0	0.5	0.934408	0.428439
chr10:128000000-128500000	chr10	128000000	1.24912	-0.00640151	1.1329	-0.0284163	1	-0.336172	0.0456477	-1.28635	0.0434344	nan	1	nan	1	5	0	0.5	0.939831	0.457656
chr10:128500000-129000000	chr10	128500000	1.34036	-0.0716895	0.891256	0.236881	0	-0.711178	0.0790413	-1.35342	0.0263932	nan	0	nan	0	4	0	0.5	0.945254	0.441719
chr10:129000000-129500000	chr10	129000000	1.11928	0.0280758	0.888279	0.15059	1	-0.77711	0.0405513	-1.17079	-0.00173586	nan	1	nan	1	1	0	0	0.950677	0.434962
chr10:129500000-130000000	chr10	129500000	1.36391	-0.0884689	1.05802	0.0706409	1	-0.74617	0.0185012	-0.846208	-0.0126055	nan	1	nan	0	10	0	0	0.9561	0.468766
chr10:130000000-130500000	chr10	130000000	1.2074	-0.0759323	0.966018	0.0665484	2	-1.04837	0.0596782	-1.19212	0.117884	0.230714	2	0.0595141	2	7	0	0	0.961524	0.46445
chr10:130500000-131000000	chr10	130500000	1.41873	-0.0862577	0.976885	0.0669824	0	-1.27569	0.0507869	-1.13417	0.0897122	nan	0	nan	0	2	0	0	0.966947	0.467321
chr10:131000000-131500000	chr10	131000000	1.1998	0.0230134	0.965232	0.11941	1	-1.17538	-0.0391797	-0.948135	-0.0260148	nan	0	nan	0	5	0	0	0.97237	0.481034
chr10:131500000-132000000	chr10	131500000	1.02711	-0.246807	0.606893	0.0832676	2	-0.936044	0.112047	-0.349892	0.0401608	-0.106504	2	0.0865199	2	12	0.0002	0	0.977793	0.486254
chr10:132000000-132500000	chr10	132000000	0.426403	-0.442441	0.0175162	0.0816569	5	0.25659	-0.0242689	-0.182186	-0.00819875	0.211513	5	-0.0221082	5	25	0	0	0.983216	0.545817
chr10:132500000-133000000	chr10	132500000	0.360919	-0.491645	-0.0756659	0.179324	3	0.452078	-0.0421656	-0.311568	-0.00634777	-0.188401	3	0.0247718	2	47	0	0	0.988639	0.551172
chr10:133000000-133500000	chr10	133000000	0.403819	-0.505647	-0.0881085	0.419303	15	0.163094	0.117914	0.420298	0.0619007	0.116712	12	0.0734275	10	71	0	0	0.994063	0.562593
chr10:133500000-134000000	chr10	133500000	nan	nan	nan	nan	3	nan	nan	0.420298	0.0619007	nan	1	nan	1	10	0.12	0	0.999486	0.49405
chr11:0-500000	chr11	0	nan	nan	nan	nan	17	1.49588	-0.0833665	1.17362	0.0172221	0.166876	13	-0.0380902	11	35	0.12	0	0.995098	0.516933
chr11:500000-1000000	chr11	500000	nan	nan	nan	nan	26	1.77378	-0.262926	1.28646	-0.0209163	0.104789	25	0.101274	25	52	0	0	0.985294	0.576121
chr11:1000000-1500000	chr11	1000000	nan	nan	nan	nan	7	1.6929	-0.0933151	1.07719	-0.0100338	0.0493752	7	0.244867	3	54	0	0	0.97549	0.582673
chr11:1500000-2000000	chr11	1500000	nan	nan	nan	nan	16	1.68936	-0.14923	1.17204	0.0236184	0.217042	5	0.101873	6	29	0	0	0.965686	0.552832
chr11:2000000-2500000	chr11	2000000	nan	nan	nan	nan	10	1.50043	-0.105627	0.996661	-0.0623885	-0.0822383	7	0.263595	6	16	0	0	0.955882	0.542227
chr11:2500000-3000000	chr11	2500000	nan	nan	nan	nan	5	1.20906	-0.108203	1.00615	-0.0135375	0.187442	3	0.256337	4	19	0	0	0.946078	0.526338
chr11:3000000-3500000	chr11	3000000	-0.491964	-0.0909541	-0.700063	-0.015198	5	1.20792	0.129977	1.13483	0.0203485	-0.160369	4	0.0245442	2	13	0	0.5	0.936275	0.493786
chr11:3500000-4000000	chr11	3500000	-0.49017	0.0831233	-0.480188	-0.190791	7	0.36492	0.288847	1.12908	0.0947082	0.126298	6	0.0708805	6	7	0	0.5	0.926471	0.448473
chr11:4000000-4500000	chr11	4000000	0.772221	0.142822	0.834444	0.0632951	10	-0.960508	0.332865	0.0664449	0.0615847	-0.00929677	2	0.00400535	2	2	0	0.5	0.916667	0.413153
chr11:4500000-5000000	chr11	4500000	1.16971	0.174603	1.18495	0.299986	20	-1.30869	0.183907	-1.22284	0.0912461	nan	1	0.112308	2	1	0	0.5	0.906863	0.387313
chr11:5000000-5500000	chr11	5000000	1.1104	-0.050814	1.16004	0.184434	19	-1.18989	-0.0188186	-1.28872	0.0997709	nan	0	nan	0	0	0	0.5	0.897059	0.377617
chr11:5500000-6000000	chr11	5500000	1.0543	-0.0488716	1.02811	0.116357	21	-1.21772	0.179501	-0.935364	0.106709	-0.0204321	4	0.155621	3	0	0	0.5	0.887255	0.388662
chr11:6000000-6500000	chr11	6000000	1.09014	-0.0815018	0.851328	0.0061753	17	-0.601575	0.212256	-0.646889	-0.0116838	-0.021064	9	-0.00475533	9	12	0	0.5	0.877451	0.430981
chr11:6500000-7000000	chr11	6500000	0.758275	-0.16283	0.746961	0.07917	15	-0.793579	0.14118	-0.137491	0.067453	-0.108361	7	-0.000323808	7	7	0	0.5	0.867647	0.410007
chr11:7000000-7500000	chr11	7000000	0.760806	-0.00169039	0.754012	0.00897895	5	-1.03577	0.0917841	-1.20456	0.069245	-0.418252	2	0.0327133	3	3	0	0.5	0.857843	0.39106
chr11:7500000-8000000	chr11	7500000	0.703544	-0.11887	0.6196	-0.154725	9	-0.988156	0.207243	-0.656525	0.0236009	-0.024403	4	0.244019	3	2	0	0.5	0.848039	0.415571
chr11:8000000-8500000	chr11	8000000	0.356623	-0.36033	0.072223	-0.261723	3	-0.388352	0.149451	-0.128055	-0.25083	-0.452743	2	-0.136711	2	6	0	0.5	0.838235	0.452503
chr11:8500000-9000000	chr11	8500000	-0.441055	-0.138708	-0.62071	-0.114692	8	0.34949	0.0433085	0.826575	-0.131142	-0.00540511	6	-0.00112063	5	7	0	0.5	0.828431	0.436867
chr11:9000000-9500000	chr11	9000000	-0.942988	0.111515	-1.31042	0.127669	6	1.23449	-0.0429445	1.05403	-0.0420604	-0.045864	6	-0.0533929	6	7	0	0.5	0.818627	0.435152
chr11:9500000-10000000	chr11	9500000	-1.26385	-0.113133	-1.24326	-0.0503498	2	1.23163	-0.195632	0.654052	-0.0129137	0.339235	2	-0.0534637	2	4	0	0.5	0.808824	0.411359
chr11:10000000-10500000	chr11	10000000	-1.37238	0.206573	-1.0873	-0.00966883	3	1.00079	-0.102816	-0.219494	-0.0819246	-0.435565	3	-0.0904443	3	6	0	0.5	0.79902	0.40581
chr11:10500000-11000000	chr11	10500000	-0.827202	-0.0346921	-0.95513	-0.243622	6	1.3118	-0.0739153	0.505041	0.047776	-0.031109	6	0.00348268	5	5	0	0.5	0.789216	0.426314
chr11:11000000-11500000	chr11	11000000	0.136356	-0.282101	-0.328664	-0.206007	1	1.31321	-0.168912	-0.33057	0.0137741	nan	1	nan	1	0	0	0.5	0.779412	0.444407
chr11:11500000-12000000	chr11	11500000	-0.730141	0.125773	-0.839857	-0.167927	2	1.33567	-0.137885	0.237494	0.0201171	-0.681312	2	0.0878721	2	2	0	0	0.769608	0.417024
chr11:12000000-12500000	chr11	12000000	-0.892722	0.148847	-0.876494	-0.126001	3	1.19689	-0.115633	-0.500318	-0.0505682	-0.0980122	3	-0.138081	3	3	0	0	0.759804	0.451518
chr11:12500000-13000000	chr11	12500000	-1.00889	0.216589	-1.14218	0.122484	1	0.804612	-0.0320702	-0.90249	-0.000864808	nan	1	nan	1	1	0	0	0.75	0.418374
chr11:13000000-13500000	chr11	13000000	-0.447096	-0.0186717	-0.556956	-0.348355	4	0.4591	-0.135112	-0.234346	0.0223846	-0.0792775	3	-0.0981633	2	3	0	0	0.740196	0.415357
chr11:13500000-14000000	chr11	13500000	0.421555	-0.023318	0.367033	-0.332763	2	-0.194031	0.0169853	-0.792467	-0.0112767	-0.0701667	2	-0.266549	2	2	0	0	0.730392	0.402116
chr11:14000000-14500000	chr11	14000000	-0.261663	0.206589	-0.025479	-0.270886	2	0.156581	0.153094	0.0332966	-0.190342	-0.0717686	2	0.0444313	2	4	0	0.5	0.720588	0.411004
chr11:14500000-15000000	chr11	14500000	0.310361	0.0819679	0.612151	0.0327479	4	-0.879928	0.130823	0.347971	-0.347594	0.215305	3	-0.00500913	3	7	0	0.5	0.710784	0.38702
chr11:15000000-15500000	chr11	15000000	1.10132	-0.0198757	0.662338	0.0714574	2	-0.771079	-0.0618415	-1.19026	-0.0225944	nan	0	nan	0	2	0	0.5	0.70098	0.410062
chr11:15500000-16000000	chr11	15500000	0.521046	-0.0834765	0.369681	0.0377893	0	-0.193527	-0.0940562	-1.28655	-0.0127516	nan	0	nan	0	3	0	0.5	0.691176	0.419581
chr11:16000000-16500000	chr11	16000000	-0.208285	0.165171	0.0918759	0.231593	1	-0.910566	0.0355329	-1.40375	0.0184363	nan	1	nan	1	0	0	0.5	0.681373	0.353931
chr11:16500000-17000000	chr11	16500000	-0.0219973	-0.0595287	0.0975211	-0.0620208	1	0.0292631	-0.125233	-0.800938	0.114704	nan	1	nan	1	6	0	0.5	0.671569	0.416821
chr11:17000000-17500000	chr11	17000000	-0.0525874	-0.255076	-0.136927	-0.332847	7	0.82294	0.0892243	0.615524	-0.002718	-0.12687	7	-0.0829001	7	9	0	0	0.661765	0.44074
chr11:17500000-18000000	chr11	17500000	0.945096	-0.441082	0.633711	-0.333074	4	0.55852	0.061341	-0.0636495	0.00158451	0.2358	2	-0.0462188	2	7	0	0	0.651961	0.46358
chr11:18000000-18500000	chr11	18000000	0.17269	-0.0199802	0.268952	-0.466864	13	0.37638	0.231109	0.932262	-0.0109268	0.124319	7	0.0600361	5	9	0	0	0.642157	0.416735
chr11:18500000-19000000	chr11	18500000	0.621681	-0.201677	0.460365	-0.238642	8	0.465719	0.0675113	0.333619	-0.0647173	0.00497583	6	-0.00699847	5	7	0	0	0.632353	0.430979
chr11:19000000-19500000	chr11	19000000	0.297	-0.0292557	0.396811	-0.365795	4	0.743179	0.0800391	0.16606	-0.0535191	-0.0198585	3	-0.0789893	3	5	0	0	0.622549	0.421669
chr11:19500000-20000000	chr11	19500000	-0.0103745	-0.167852	-0.17942	-0.324135	1	0.843624	-0.165318	-0.176098	-0.032104	nan	1	nan	1	2	0	0	0.612745	0.446661
chr11:20000000-20500000	chr11	20000000	0.164044	0.0508824	0.0543171	0.100631	3	0.161471	-0.0179783	-0.497895	0.0796546	0.252528	3	-0.0908451	2	5	0	0	0.602941	0.408849
chr11:20500000-21000000	chr11	20500000	1.25789	0.150484	0.919087	0.185922	2	-1.01179	-0.0671221	-1.24163	-0.00619102	nan	0	nan	1	3	0	0	0.593137	0.40805
chr11:21000000-21500000	chr11	21000000	1.03935	0.2746	0.77062	0.522862	0	-1.00588	0.0249904	-1.42866	0.0269938	nan	0	nan	0	0	0	0	0.583333	0.37582
chr11:21500000-22000000	chr11	21500000	0.994558	0.248224	1.02612	0.315024	0	-1.12956	-0.0125213	-1.44557	-0.01638	nan	0	nan	0	0	0	0	0.573529	0.366066
chr11:22000000-22500000	chr11	22000000	0.853616	0.127592	1.05352	0.206483	2	-1.04376	-0.0422492	-1.24107	-0.0472313	nan	1	nan	1	3	0	1	0.563725	0.365403
chr11:22500000-23000000	chr11	22500000	0.602971	0.0642219	0.957196	0.133626	4	-0.90474	-0.104187	-0.20324	-0.0781175	0.188441	3	-0.0165625	3	3	0	1	0.553922	0.363491
chr11:23000000-23500000	chr11	23000000	0.229334	-0.188173	0.419364	0.0183332	0	-1.07174	-0.0359773	-1.33707	-0.0688172	nan	0	nan	0	1	0	1	0.544118	0.362006
chr11:23500000-24000000	chr11	23500000	0.00510313	-0.325938	0.37865	-0.187193	0	-1.08599	-0.153492	-1.40066	-0.0124981	nan	0	nan	0	1	0	1	0.534314	0.356403
chr11:24000000-24500000	chr11	24000000	0.038839	0.0863702	0.314058	0.165069	1	-1.10477	-0.0927853	-1.40057	-0.0338619	nan	1	nan	0	1	0	1	0.52451	0.353837
chr11:24500000-25000000	chr11	24500000	0.156054	0.0425597	0.459401	0.183093	0	-1.11419	0.0233447	-1.41462	-0.0147998	nan	0	nan	0	0	0	1	0.514706	0.352282
chr11:25000000-25500000	chr11	25000000	0.581265	0.338659	0.671995	0.684257	0	-1.28113	-0.00225593	-1.42826	-0.000736474	nan	0	nan	0	0	0	1	0.504902	0.348035
chr11:25500000-26000000	chr11	25500000	0.838252	-0.0289596	0.895235	0.378588	0	-1.05737	-0.0469129	-1.40316	-0.0214519	nan	0	nan	0	0	0	1	0.495098	0.356449
chr11:26000000-26500000	chr11	26000000	0.530718	0.0963177	0.609665	0.099163	1	-0.887301	-0.065676	-0.976634	0.100451	nan	0	nan	0	1	0	0	0.485294	0.360477
chr11:26500000-27000000	chr11	26500000	0.52974	0.0824213	0.836314	-0.0556722	3	-0.958641	0.0299302	-0.533326	0.284554	0.0384324	2	0.142817	2	0	0	0	0.47549	0.368349
chr11:27000000-27500000	chr11	27000000	-0.384659	-0.00112695	-0.0782191	0.00977801	3	-0.254746	0.111345	-1.06629	0.097976	-0.145384	2	0.0596018	3	2	0	0.75	0.465686	0.39184
chr11:27500000-28000000	chr11	27500000	-0.275571	-0.0843945	-0.262233	-0.12851	2	-1.08469	0.11504	-0.789303	-0.000350621	0.223837	2	0.328258	2	5	0	0.75	0.455882	0.399046
chr11:28000000-28500000	chr11	28000000	-0.60229	-0.280356	-0.389965	-0.0239392	2	-1.12455	0.114539	-0.220482	-0.0980882	0.00825195	2	-0.174225	2	1	0	0.75	0.446078	0.361362
chr11:28500000-29000000	chr11	28500000	-0.385234	-0.287648	-0.360795	-0.183446	0	-1.28049	0.0723402	-1.30953	0.00799748	nan	0	nan	0	0	0	0.75	0.436275	0.370637
chr11:29000000-29500000	chr11	29000000	-0.302551	-0.226743	-0.1887	-0.0141149	0	-1.1384	-0.0362761	-0.852689	-0.165513	nan	0	nan	0	0	0	0.75	0.426471	0.361924
chr11:29500000-30000000	chr11	29500000	0.866913	-0.0199158	0.667446	0.20943	0	-0.899528	-0.0652959	-1.37701	-0.0308918	nan	0	nan	0	0	0	0.75	0.416667	0.371734
chr11:30000000-30500000	chr11	30000000	0.775976	0.134412	0.939346	0.0755219	3	-0.892152	-0.062879	-0.502501	-0.0790256	0.161993	2	-0.346838	2	5	0	0.75	0.406863	0.386999
chr11:30500000-31000000	chr11	30500000	0.863951	-0.066277	0.875788	0.0408077	1	-0.603843	-0.0145976	-1.34175	-0.00409735	nan	1	nan	1	3	0	0.75	0.397059	0.379985
chr11:31000000-31500000	chr11	31000000	0.673841	0.0146041	1.21755	-0.213476	2	-1.29601	0.0970633	-1.07507	-0.0441598	nan	1	-0.156768	2	1	0	0	0.387255	0.359756
chr11:31500000-32000000	chr11	31500000	0.517921	-0.373331	0.719039	-0.281149	3	-1.14024	0.00411095	-0.0473299	0.0818164	0.220246	3	0.444986	3	13	0	0	0.377451	0.393542
chr11:32000000-32500000	chr11	32000000	0.406224	-0.302823	0.302551	-0.215572	2	-0.719662	0.103215	-0.294542	-0.143941	-0.485387	2	0.209622	2	8	0	0	0.367647	0.431537
chr11:32500000-33000000	chr11	32500000	-0.284992	-0.0980117	-0.0591715	-0.133943	4	-0.462822	0.225713	0.00502613	-0.0649327	0.0405585	2	0.0375946	2	3	0	0	0.357843	0.392955
chr11:33000000-33500000	chr11	33000000	-1.00337	-0.0818861	-0.994981	0.0288731	5	0.557734	0.061554	0.873282	-0.0530104	0.0385852	5	0.000466376	5	5	0	0	0.348039	0.406435
chr11:33500000-34000000	chr11	33500000	-0.714765	0.0574534	-0.769936	-0.21064	4	0.786096	0.0473445	0.74098	0.0581609	0.0305752	4	-0.0131887	3	6	0	0	0.338235	0.430792
chr11:34000000-34500000	chr11	34000000	-0.65934	-0.292345	-0.865907	-0.17018	4	1.1379	-0.300299	1.01918	-0.0280019	-0.140289	4	0.540743	4	6	0	0	0.328431	0.446418
chr11:34500000-35000000	chr11	34500000	-0.715334	-0.0914809	-0.613064	-0.397354	4	0.126261	-0.154989	-0.0749582	0.0601632	0.115659	2	-0.00690614	2	1	0	0	0.318627	0.404445
chr11:35000000-35500000	chr11	35000000	-0.731269	-0.0210823	-0.627589	-0.259623	2	0.736312	-0.163286	0.839563	0.0589132	0.162331	2	-0.151735	2	2	0	0	0.308824	0.417305
chr11:35500000-36000000	chr11	35500000	-0.320182	-0.337264	-0.41948	-0.322326	4	0.041871	-0.128581	-0.0879823	0.273267	-0.176176	4	0.0525112	3	3	0	0	0.29902	0.417646
chr11:36000000-36500000	chr11	36000000	-0.154668	-0.246223	-0.550364	-0.147308	2	0.0125284	-0.0583057	-0.492892	0.412573	-0.0302075	2	0.0969909	2	1	0	0	0.289216	0.437149
chr11:36500000-37000000	chr11	36500000	0.904452	-0.112698	0.883758	-0.10895	4	-0.844863	-0.0755014	-1.08395	0.0465639	0.0766811	4	-0.00232704	2	1	0	1	0.279412	0.389843
chr11:37000000-37500000	chr11	37000000	0.598689	0.229145	0.70651	0.19298	0	-1.02615	0.0261794	-1.46063	-0.0105004	nan	0	nan	0	0	0	1	0.269608	0.363836
chr11:37500000-38000000	chr11	37500000	-0.181444	0.101168	0.20644	0.21485	0	-1.13512	-0.0134169	-1.43446	-0.000467089	nan	0	nan	0	0	0	1	0.259804	0.347702
chr11:38000000-38500000	chr11	38000000	0.165322	0.147588	0.546695	0.0700705	0	-1.09236	-0.126794	-1.40882	0.0392032	nan	0	nan	0	0	0	1	0.25	0.351774
chr11:38500000-39000000	chr11	38500000	0.125441	0.258774	0.696943	0.019911	0	-1.11318	-0.0397093	-1.40172	0.106558	nan	0	nan	0	0	0	1	0.240196	0.351915
chr11:39000000-39500000	chr11	39000000	0.454552	0.386981	0.912787	0.18792	0	-1.15124	-0.0892984	-1.44564	-0.00108604	nan	0	nan	0	0	0	1	0.230392	0.362412
chr11:39500000-40000000	chr11	39500000	0.711607	0.397354	0.906107	0.138349	0	-1.18844	-0.123374	-1.41293	-0.0472979	nan	0	nan	0	0	0	1	0.220588	0.367062
chr11:40000000-40500000	chr11	40000000	0.522303	-0.0279987	0.355706	0.317616	0	-0.892097	-0.129374	-1.44572	0.0244812	nan	0	nan	0	0	0	1	0.210784	0.371736
chr11:40500000-41000000	chr11	40500000	0.671978	0.212584	0.775741	0.192924	0	-1.13177	-0.0692254	-1.43618	0.00134725	nan	0	nan	0	0	0	1	0.20098	0.363208
chr11:41000000-41500000	chr11	41000000	0.438694	0.0710523	0.397073	-0.00096317	1	-0.724513	-0.119286	-1.3794	-0.00834017	nan	1	nan	1	0	0	1	0.191176	0.366382
chr11:41500000-42000000	chr11	41500000	0.576243	-0.187592	0.487978	0.0987938	0	-1.33165	0.0520294	-1.3654	-0.0411936	nan	0	nan	0	0	0	1	0.181373	0.369364
chr11:42000000-42500000	chr11	42000000	0.47063	0.0110072	0.595987	0.0694774	0	-1.2624	-0.00722762	-1.38677	-0.075679	nan	0	nan	0	0	0	1	0.171569	0.36933
chr11:42500000-43000000	chr11	42500000	0.906394	0.263131	0.907826	0.278713	0	-0.88027	-0.0469573	-1.40594	0.0115059	nan	0	nan	0	0	0	1	0.161765	0.382968
chr11:43000000-43500000	chr11	43000000	0.570943	-0.0921078	0.436612	0.0920152	2	-0.749153	-0.0267729	-0.896195	0.029465	-0.00942779	2	-0.0493202	2	2	0	1	0.151961	0.398368
chr11:43500000-44000000	chr11	43500000	-0.311566	-0.159508	-0.428357	-0.202386	3	0.385365	-0.133899	-0.015206	0.0377681	0.284462	3	0.146568	3	8	0	0	0.142157	0.413242
chr11:44000000-44500000	chr11	44000000	0.120608	-0.289517	-0.129278	-0.277715	4	1.00837	-0.152055	-0.0073173	-0.0769049	0.137629	3	0.137169	2	9	0	0	0.132353	0.455674
chr11:44500000-45000000	chr11	44500000	0.198818	-0.319235	-0.165254	-0.347321	3	1.22704	-0.147573	0.259746	-0.00412693	-0.031063	3	-0.0530871	3	5	0	0	0.122549	0.497655
chr11:45000000-45500000	chr11	45000000	0.173659	-0.298813	-0.153669	-0.15546	2	1.37651	-0.155691	-0.176661	0.0515215	-0.150866	2	0.265404	2	4	0	0	0.112745	0.471845
chr11:45500000-46000000	chr11	45500000	0.178234	-0.357888	-0.409172	-0.0918558	7	1.47828	-0.168832	0.49578	0.0249828	-0.137079	6	0.116485	6	9	0	0	0.102941	0.478362
chr11:46000000-46500000	chr11	46000000	-0.851648	-0.172306	-1.05518	0.0292094	5	1.47168	-0.153932	1.12483	0.0344226	-0.0760275	5	-0.0202753	5	15	0	0	0.0931373	0.454982
chr11:46500000-47000000	chr11	46500000	-1.11716	0.159838	-1.20608	-0.238011	9	1.45883	-0.150766	1.22161	0.00912908	-0.086195	9	0.0242146	7	7	0	0	0.0833333	0.442028
chr11:47000000-47500000	chr11	47000000	-0.799598	-0.036377	-0.954981	-0.0801424	11	1.38209	-0.131337	1.12871	0.0592744	-0.0559598	10	0.0599524	9	11	0	0	0.0735294	0.476606
chr11:47500000-48000000	chr11	47500000	-0.703486	-0.0754019	-1.1075	0.0637989	11	0.584243	0.0236819	0.861456	0.0065754	-0.0883875	9	0.100031	9	10	0	0	0.0637255	0.451449
chr11:48000000-48500000	chr11	48000000	0.578912	0.0218432	0.485698	-0.0458104	7	-0.84908	0.083413	-0.975042	-0.0510959	nan	0	nan	0	0	0	0	0.0539216	0.409928
chr11:48500000-49000000	chr11	48500000	1.01149	-0.0363595	1.03402	-0.123521	1	-1.05592	-0.0138955	-1.35506	0.0301221	nan	0	nan	0	3	0	0	0.0441176	0.377313
chr11:49000000-49500000	chr11	49000000	0.669189	0.261714	0.740111	0.493081	3	-1.01217	0.12447	-0.969085	-0.125268	nan	0	nan	1	4	0	0.75	0.0343137	0.362947
chr11:49500000-50000000	chr11	49500000	0.945628	0.136863	0.992785	0.20564	2	-1.05564	0.0336142	-0.946414	-0.0438406	nan	0	nan	0	6	0	0.75	0.0245098	0.368159
chr11:50000000-50500000	chr11	50000000	1.08807	-0.103745	1.04707	-0.0232268	0	-1.07299	0.015071	-1.32143	0.0580982	nan	0	nan	0	3	0	0.75	0.0147059	0.396896
chr11:50500000-51000000	chr11	50500000	1.07737	-0.326459	0.880937	0.335051	0	-0.98959	-0.054479	-0.913147	0.10856	nan	0	nan	0	0	0.357304	0.75	0.00490196	0.370894
chr11:51000000-51500000	chr11	51000000	nan	nan	nan	nan	0	nan	nan	nan	nan	nan	0	nan	0	0	0.156896	nan	0	0.399862
chr11:51500000-52000000	chr11	51500000	nan	nan	nan	nan	0	nan	nan	nan	nan	nan	0	nan	0	0	0	nan	0	0.400889
chr11:52000000-52500000	chr11	52000000	nan	nan	nan	nan	0	nan	nan	nan	nan	nan	0	nan	0	0	0	nan	0	0.401135
chr11:52500000-53000000	chr11	52500000	nan	nan	nan	nan	0	nan	nan	nan	nan	nan	0	nan	0	0	0	nan	0	0.400981
chr11:53000000-53500000	chr11	53000000	nan	nan	nan	nan	0	nan	nan	nan	nan	nan	0	nan	0	0	0	nan	0	0.400931
chr11:53500000-54000000	chr11	53500000	nan	nan	nan	nan	0	nan	nan	nan	nan	nan	0	nan	0	0	0	nan	0	0.400951
chr11:54000000-54500000	chr11	54000000	nan	nan	nan	nan	0	nan	nan	nan	nan	nan	0	nan	0	0	0.150052	nan	0	0.402641
chr11:54500000-55000000	chr11	54500000	0.854379	0.14951	1.05239	-0.00690705	2	-1.04526	0.0232175	-0.591354	-0.0153033	nan	0	nan	0	0	0.050148	nan	0	0.374114
chr11:55000000-55500000	chr11	55000000	0.918029	0.104276	1.0518	0.0755908	3	-1.13455	0.021546	-1.05504	-0.0182366	nan	0	nan	0	0	0	nan	0	0.368869
chr11:55500000-56000000	chr11	55500000	0.917968	0.191023	0.969789	0.324433	18	-1.18375	0.0531256	-1.44552	-0.0700675	nan	0	nan	0	2	0	nan	0	0.364239
chr11:56000000-56500000	chr11	56000000	0.752049	0.405732	0.959336	0.389209	19	-1.13366	-0.0237551	-1.45333	-0.0143269	nan	0	nan	0	0	0	0.75	0.00567561	0.354387
chr11:56500000-57000000	chr11	56500000	1.07286	0.109565	1.04652	0.253404	8	-0.952875	-0.0712136	-1.35971	-0.0505581	nan	0	nan	0	0	0	0.75	0.0119818	0.374723
chr11:57000000-57500000	chr11	57000000	0.651582	-0.0264294	0.537673	-0.289258	9	-0.167408	0.0537741	0.389801	0.0406083	-0.0674783	4	-0.263637	5	10	0	0.75	0.0182881	0.453153
chr11:57500000-58000000	chr11	57500000	0.363414	0.00889754	0.317869	-0.194961	13	-0.100694	0.00687853	-0.832498	0.0171718	-0.00912897	11	-0.0104891	11	9	0	0.75	0.0245943	0.448441
chr11:58000000-58500000	chr11	58000000	0.685387	0.119707	0.910687	-0.11864	12	-1.09773	0.0391369	-0.636621	0.187778	nan	0	nan	0	0	0	0.75	0.0309005	0.380505
chr11:58500000-59000000	chr11	58500000	0.844558	0.161915	0.887784	0.0664575	7	-1.05422	0.112778	-0.33629	0.19236	-0.109509	3	0.0411917	2	3	0	0.75	0.0372068	0.389781
chr11:59000000-59500000	chr11	59000000	1.3066	0.0370424	1.24164	0.136948	10	-0.999986	-0.0422895	0.312604	0.0983509	0.138092	3	0.0425104	3	6	0	0.75	0.043513	0.408672
chr11:59500000-60000000	chr11	59500000	0.14788	0.15712	0.472801	-0.185574	12	-0.741821	0.184183	-0.276694	-0.025613	-0.102822	5	-0.0427263	4	6	0	0.75	0.0498192	0.409384
chr11:60000000-60500000	chr11	60000000	1.06031	0.115365	1.07145	0.144672	13	-1.13718	0.0756962	0.822017	-0.087524	nan	1	nan	0	0	0	0	0.0561255	0.388354
chr11:60500000-61000000	chr11	60500000	0.594839	0.0655571	0.512915	-0.0204358	13	-0.474576	0.0796384	1.25806	-0.00523183	-0.0890996	8	0.0803709	5	10	0	0	0.0624317	0.448818
chr11:61000000-61500000	chr11	61000000	-0.157221	-0.118964	-0.393778	-0.236885	14	1.10344	-0.0188072	1.25894	0.0280038	-0.0385853	10	0.0903444	9	9	0	0	0.068738	0.493363
chr11:61500000-62000000	chr11	61500000	-0.499286	-0.0195933	-0.595264	-0.0753721	12	1.51532	-0.136139	1.30423	-0.0156035	-0.0365324	12	-0.100709	12	17	0	0	0.0750442	0.53475
chr11:62000000-62500000	chr11	62000000	-0.39785	-0.0931832	-0.618088	-0.30749	8	1.09664	0.162404	1.31301	-0.0191636	0.0661237	2	0.0460193	2	4	0	0.25	0.0813504	0.459512
chr11:62500000-63000000	chr11	62500000	-0.585833	-0.186941	-0.625906	-0.194933	32	1.20119	0.0922685	1.15005	-0.0134404	0.0602424	28	0.10139	24	28	0	0.25	0.0876567	0.496314
chr11:63000000-63500000	chr11	63000000	0.821231	-0.0150788	0.592544	-0.052717	6	-0.0149217	0.373847	1.08882	0.0427874	nan	0	nan	0	1	0	0.25	0.0939629	0.405005
chr11:63500000-64000000	chr11	63500000	-0.566414	0.123613	-0.652347	-0.209499	13	1.0353	0.107907	1.36532	-0.0653678	-0.0710243	11	0.0806925	10	16	0	0	0.100269	0.475535
chr11:64000000-64500000	chr11	64000000	-0.512369	-0.268091	-0.874846	0.0603505	21	1.4856	-0.0785138	1.20853	0.0768233	0.12672	19	0.0421926	18	33	0	0	0.106575	0.549341
chr11:64500000-65000000	chr11	64500000	-0.745054	-0.0595296	-0.931667	0.051766	15	1.50716	-0.0999227	1.31535	-0.00965532	-0.1003	10	0.0510425	10	23	0	0	0.112882	0.535118
chr11:65000000-65500000	chr11	65000000	-1.49405	0.126057	-1.458	0.385813	23	1.39842	0.0347085	1.19244	0.0213765	0.104283	19	0.0916324	19	27	0	0	0.119188	0.50917
chr11:65500000-66000000	chr11	65500000	-1.19025	0.0335784	-1.24277	0.264518	26	1.38632	-0.0897164	1.28335	-0.0264139	0.104118	22	0.0798187	22	37	0	0	0.125494	0.528246
chr11:66000000-66500000	chr11	66000000	-1.16365	0.0986049	-1.28963	0.111746	21	1.43357	-0.0600826	1.28367	0.0724047	-0.00206529	21	0.121275	19	27	0	0.25	0.1318	0.496731
chr11:66500000-67000000	chr11	66500000	-0.987459	0.0406589	-1.22987	0.0100606	15	1.26991	0.0541488	1.3805	-0.0621486	0.0802214	14	0.538711	13	19	0	0.25	0.138107	0.496078
chr11:67000000-67500000	chr11	67000000	-0.886363	-0.192398	-1.19063	0.0023029	19	1.33857	0.0216539	1.28279	0.0369185	0.115564	15	0.0370043	15	26	0	0.25	0.144413	0.512357
chr11:67500000-68000000	chr11	67500000	-0.511638	-0.337964	-1.08181	0.022335	9	1.29899	0.111884	1.284	0.0735281	0.123948	6	0.0683285	5	13	0	0.25	0.150719	0.489192
chr11:68000000-68500000	chr11	68000000	-0.854279	0.0731898	-1.02777	-0.0650343	9	1.2276	0.177091	1.33477	0.0755085	0.0380167	9	0.106165	9	20	0	0.25	0.157025	0.494474
chr11:68500000-69000000	chr11	68500000	-0.75891	-0.145142	-1.09025	-0.0652508	6	1.23643	0.0448897	1.15207	-0.084143	0.162879	5	0.122324	4	11	0	0	0.163331	0.474608
chr11:69000000-69500000	chr11	69000000	-0.590824	-0.142015	-0.88324	-0.131032	6	1.28605	-0.0766605	0.985182	-0.0340162	-0.137814	4	-0.097905	4	8	0	0	0.169638	0.523829
chr11:69500000-70000000	chr11	69500000	-0.523788	-0.260652	-0.839505	0.0187877	5	1.22324	0.059725	0.668009	0.0345515	0.0294344	2	0.00190292	2	14	0	0	0.175944	0.514159
chr11:70000000-70500000	chr11	70000000	-0.306832	-0.36691	-0.686254	-0.16957	4	1.26071	0.101362	1.01431	0.0137037	0.00955933	4	0.0704836	4	10	0	0	0.18225	0.50005
chr11:70500000-71000000	chr11	70500000	0.71736	-0.324773	0.12281	0.0987758	0	1.14866	0.0281052	0.647482	-0.00259331	nan	0	nan	0	5	0.088608	0.5	0.188556	0.521839
chr11:71000000-71500000	chr11	71000000	0.428354	-0.160754	0.32806	-0.120631	3	1.08104	0.140524	0.647482	-0.00259331	-0.0554918	3	-0.00848386	2	4	0.111392	0.5	0.194863	0.496408
chr11:71500000-72000000	chr11	71500000	-0.23667	-0.0947238	-0.257453	-0.283059	10	1.25845	0.0489223	1.04753	0.0961816	-0.134642	3	-0.0945344	2	7	0	0.5	0.201169	0.452799
chr11:72000000-72500000	chr11	72000000	-0.865115	0.0655617	-0.943326	-0.0883324	11	1.37083	0.0258652	1.42526	-0.0106769	0.0534772	9	0.0657569	7	8	0	0.5	0.207475	0.456833
chr11:72500000-73000000	chr11	72500000	-0.777833	-0.173804	-1.08928	0.184933	4	1.34403	0.0133505	1.36913	-0.0240948	0.0125902	4	-0.0352516	4	11	0	0.5	0.213781	0.480996
chr11:73000000-73500000	chr11	73000000	-0.994795	-0.0694679	-0.987905	-0.0832409	5	1.34965	-0.0779994	1.37118	-0.0522193	-0.0470043	5	-0.0220428	5	8	0	0.5	0.220088	0.462586
chr11:73500000-74000000	chr11	73500000	-1.14596	0.0217003	-1.45263	0.0588332	8	1.15801	0.11273	1.40039	0.035622	0.154458	8	-0.0938252	7	7	0	0.5	0.226394	0.436765
chr11:74000000-74500000	chr11	74000000	-1.21559	0.0935903	-1.062	-0.0505355	7	1.09284	0.0759276	1.37698	0.0445586	-0.0353576	7	0.0230795	5	5	0	0.5	0.2327	0.406587
chr11:74500000-75000000	chr11	74500000	-0.761355	-0.0583164	-1.08692	-0.172003	6	1.00484	0.147962	1.19523	0.0173687	-0.186023	6	0.0451033	5	6	0	0.5	0.239006	0.428762
chr11:75000000-75500000	chr11	75000000	-0.696638	0.0318381	-1.0191	-0.191022	6	1.31476	-0.0360125	1.16893	0.0105089	0.225576	5	0.164087	3	6	0	0.5	0.245313	0.484918
chr11:75500000-76000000	chr11	75500000	-0.866212	0.0419619	-1.08832	-0.13446	6	1.21325	0.0742918	1.26296	-0.00640091	-0.109936	5	-0.0852185	5	8	0	0	0.251619	0.446073
chr11:76000000-76500000	chr11	76000000	-0.785525	-0.139201	-1.07883	-0.162464	4	1.14259	0.0181139	1.16257	0.0241675	0.0876338	4	-0.073584	4	8	0	0	0.257925	0.451884
chr11:76500000-77000000	chr11	76500000	-0.814822	-0.0694	-0.929976	-0.0717632	3	1.13112	-0.12406	1.05691	0.0324659	-0.0807124	3	0.129804	3	4	0	0	0.264231	0.44875
chr11:77000000-77500000	chr11	77000000	-0.720277	-0.033442	-0.907297	-0.159756	6	0.890329	0.0209508	0.918117	-0.0195118	0.0227214	4	-0.110251	3	9	0	0	0.270537	0.452227
chr11:77500000-78000000	chr11	77500000	-1.02578	0.0910769	-1.19116	-0.0776813	5	1.02656	-0.168005	1.07137	0.0074568	0.174313	5	0.049451	5	5	0	1	0.276844	0.409573
chr11:78000000-78500000	chr11	78000000	-0.478407	-0.00523674	-0.684279	-0.179464	7	0.826602	-0.111903	0.957177	0.0237319	0.0149065	6	-0.0319181	5	7	0	1	0.28315	0.434757
chr11:78500000-79000000	chr11	78500000	0.186696	-0.137603	-0.0760028	-0.274232	1	0.134893	-0.0671159	0.28767	-0.0822613	nan	1	nan	1	5	0	1	0.289456	0.430826
chr11:79000000-79500000	chr11	79000000	0.371152	-0.14886	0.460802	-0.58282	1	0.179904	0.00577473	-0.67031	0.0371221	nan	1	nan	1	2	0	1	0.295762	0.440147
chr11:79500000-80000000	chr11	79500000	0.572988	0.359822	0.601423	0.0370244	0	-0.0338756	-0.376501	-0.966692	0.0484967	nan	0	nan	0	0	0	1	0.302069	0.399307
chr11:80000000-80500000	chr11	80000000	-0.0140859	0.481708	0.332682	-0.04515	0	0.0149288	-0.404661	-1.34168	0.00572946	nan	0	nan	0	0	0	1	0.308375	0.381006
chr11:80500000-81000000	chr11	80500000	0.341976	0.342943	0.578434	0.0240768	0	-0.0209424	-0.380431	-1.39054	0.00960436	nan	0	nan	0	0	0	1	0.314681	0.366887
chr11:81000000-81500000	chr11	81000000	0.607137	0.372047	0.60368	0.571886	0	-0.606695	-0.278553	-1.40875	0.00792923	nan	0	nan	0	0	0	1	0.320987	0.361665
chr11:81500000-82000000	chr11	81500000	0.767695	0.135261	0.861837	0.53287	0	-1.24359	-0.122599	-1.46462	0.0106975	nan	0	nan	0	0	0	1	0.327294	0.354805
chr11:82000000-82500000	chr11	82000000	0.941289	0.317393	1.05658	0.406842	0	-1.31305	-0.0428141	-1.39969	-0.00768957	nan	0	nan	0	0	0	1	0.3336	0.366084
chr11:82500000-83000000	chr11	82500000	0.694575	0.018453	0.58412	0.0464882	3	-1.06887	-0.0577612	-1.1638	-0.168075	0.00913015	3	0.0532492	3	3	0	1	0.339906	0.392573
chr11:83000000-83500000	chr11	83000000	0.650443	-0.187794	0.662658	-0.20001	4	-0.690597	0.0341089	0.471053	0.0428645	0.0263448	4	-0.0669319	4	3	0	1	0.346212	0.403366
chr11:83500000-84000000	chr11	83500000	0.937782	0.260045	1.12685	-0.0288205	0	-1.12435	-0.0332513	-1.13244	-0.0340764	nan	0	nan	0	0	0	1	0.352518	0.380181
chr11:84000000-84500000	chr11	84000000	0.930957	0.361882	1.27476	0.205597	0	-1.42092	0.0317833	-1.43856	0.0218371	nan	0	nan	0	0	0	1	0.358825	0.365407
chr11:84500000-85000000	chr11	84500000	0.65847	0.325088	0.993322	0.127909	0	-1.27698	0.0607305	-1.39449	-0.0423801	nan	0	nan	0	0	0	1	0.365131	0.365915
chr11:85000000-85500000	chr11	85000000	0.972061	0.0707417	0.912023	0.0840642	0	-1.39235	0.0850805	-1.41851	0.014434	nan	0	nan	0	0	0	1	0.371437	0.36723
chr11:85500000-86000000	chr11	85500000	-0.472685	0.153513	-0.219383	-0.176024	7	-0.413324	0.0560913	-1.18324	0.0642454	0.0346901	5	0.00305411	5	6	0	1	0.377743	0.394463
chr11:86000000-86500000	chr11	86000000	-0.95604	0.169772	-0.763383	-0.199246	4	0.16263	0.319669	0.548735	0.0695708	0.1464	4	0.00872045	4	5	0	0	0.38405	0.399409
chr11:86500000-87000000	chr11	86500000	-0.350845	0.000605912	-0.292981	-0.158936	3	0.205256	-0.125094	-0.885336	0.0575467	0.0951185	3	0.15625	3	4	0	0	0.390356	0.416773
chr11:87000000-87500000	chr11	87000000	-0.104446	0.135375	0.281173	-0.191998	1	-0.48111	-0.00909469	-0.222208	0.0576902	nan	1	nan	1	1	0	0	0.396662	0.382176
chr11:87500000-88000000	chr11	87500000	0.933661	0.14525	1.09801	0.0704838	0	-1.29228	0.0827654	-1.35717	0.0027211	nan	0	nan	0	0	0.043596	0	0.402968	0.375663
chr11:88000000-88500000	chr11	88000000	0.407889	0.022947	0.480174	-0.0574823	2	-1.24894	0.0803191	-0.84105	0.0862372	0.197185	2	-0.165264	2	2	0.005792	0	0.409275	0.378632
chr11:88500000-89000000	chr11	88500000	0.666354	0.268966	1.1094	0.0685914	0	-1.36126	0.00837873	-0.453327	0.00887649	nan	0	nan	0	1	0	1	0.415581	0.360745
chr11:89000000-89500000	chr11	89000000	0.272833	-0.158002	0.302467	0.158514	3	-1.18336	-0.0402016	-0.817126	-0.0799561	-0.0149501	2	nan	1	2	0	1	0.421887	0.35256
chr11:89500000-90000000	chr11	89500000	0.957142	0.0657205	0.969835	0.111973	6	-1.14156	-0.00205634	-0.918417	-0.124234	nan	0	nan	0	9	0	1	0.428193	0.3753
chr11:90000000-90500000	chr11	90000000	0.627407	0.176439	0.789111	0.256957	4	-0.92187	-0.0525527	-1.16655	0.0367428	0.117908	2	-0.113071	2	3	0	1	0.4345	0.367136
chr11:90500000-91000000	chr11	90500000	0.490625	0.110908	0.838719	0.284588	0	-1.04953	-0.129367	-1.37167	0.0120436	nan	0	nan	0	0	0	1	0.440806	0.3495
chr11:91000000-91500000	chr11	91000000	-0.2704	0.284333	0.122081	0.0333353	0	-0.821559	-0.153203	-1.44568	0.00538673	nan	0	nan	0	0	0	1	0.447112	0.351806
chr11:91500000-92000000	chr11	91500000	0.527227	0.24784	0.586372	0.147618	0	-0.824277	-0.173849	-1.42851	0.00179365	nan	0	nan	0	0	0	1	0.453418	0.368288
chr11:92000000-92500000	chr11	92000000	0.272907	0.0171761	0.264193	-0.114042	1	-0.409363	-0.304221	-1.47342	0.0352706	nan	1	nan	1	1	0	1	0.459724	0.387952
chr11:92500000-93000000	chr11	92500000	0.512889	0.17012	0.469348	0.164632	1	-0.340859	-0.358089	-1.40952	-0.0106648	nan	0	nan	0	4	0	1	0.466031	0.404011
chr11:93000000-93500000	chr11	93000000	0.317611	-0.00440317	0.390733	0.0482109	2	-0.740783	0.0801973	-1.23009	-0.0348228	nan	1	nan	1	2	0	0	0.472337	0.386256
chr11:93500000-94000000	chr11	93500000	0.0575556	-0.206071	-0.185724	0.0133753	6	-0.599784	0.245853	-0.505631	0.130384	-0.0759839	6	-0.0473266	5	5	0	0	0.478643	0.415166
chr11:94000000-94500000	chr11	94000000	0.539683	-0.170608	0.622267	-0.357375	6	-1.01336	0.120705	-0.755556	-0.002467	-0.021134	5	-0.0437008	3	4	0	0	0.484949	0.406542
chr11:94500000-95000000	chr11	94500000	-0.00724208	-0.203649	-0.0107141	-0.482954	6	-0.275569	0.217444	-0.581509	0.122541	-0.00334033	5	0.059094	5	5	0	0	0.491256	0.407261
chr11:95000000-95500000	chr11	95000000	-0.0417938	0.00823311	0.0581002	-0.27635	5	-0.390695	0.0554671	0.068689	0.0952434	-0.0134225	3	0.113895	3	7	0	0	0.497562	0.404166
chr11:95500000-96000000	chr11	95500000	-0.44431	-0.273333	-0.320162	-0.301619	3	-0.482133	-0.103075	-0.0474371	-0.0396862	-0.182542	3	-0.0103447	3	2	0	0	0.503868	0.377853
chr11:96000000-96500000	chr11	96000000	-0.856928	0.0516322	-0.386886	-0.411512	3	-0.310265	-0.118137	0.455663	0.0603333	-0.247215	3	-0.163558	3	1	0	0	0.510174	0.393716
chr11:96500000-97000000	chr11	96500000	0.331028	0.258655	0.6603	0.0812026	0	-0.421671	-0.246958	-1.43056	-0.0863762	nan	0	nan	0	0	0.000372	0	0.516481	0.366194
chr11:97000000-97500000	chr11	97000000	0.397579	0.256576	0.627405	0.161377	0	-0.505318	-0.169654	-1.46562	-0.033532	nan	0	nan	0	0	0	0	0.522787	0.36188
chr11:97500000-98000000	chr11	97500000	-0.0893692	-3.4505e-05	0.119306	-0.0650884	0	-0.833883	-0.0683963	-1.4731	-0.00550558	nan	0	nan	0	0	0	1	0.529093	0.352634
chr11:98000000-98500000	chr11	98000000	0.440695	-0.108867	0.484818	-0.0379923	0	-0.780271	-0.166496	-1.45824	0.0212295	nan	0	nan	0	0	0	1	0.535399	0.356463
chr11:98500000-99000000	chr11	98500000	0.461713	0.475642	0.758207	0.10947	0	-0.896151	-0.0819342	-1.40961	-0.0235829	nan	0	nan	0	0	0	1	0.541706	0.354923
chr11:99000000-99500000	chr11	99000000	0.118764	-0.0505849	0.363551	0.114253	1	-0.966086	-0.147984	-1.43104	0.00764916	nan	1	nan	1	1	0	1	0.548012	0.342873
chr11:99500000-100000000	chr11	99500000	0.300195	0.170258	0.556652	0.394933	0	-1.01464	-0.0666459	-1.43093	-0.0229102	nan	0	nan	0	0	0	1	0.554318	0.352376
chr11:100000000-100500000	chr11	100000000	0.541647	0.255371	0.915399	-0.0640851	0	-0.860249	-0.0974146	-1.45397	0.00440504	nan	0	nan	0	0	0	1	0.560624	0.364574
chr11:100500000-101000000	chr11	100500000	-0.517969	-0.0881454	-0.41918	-0.122903	1	-0.230298	-0.0702175	-1.34597	0.105188	nan	1	nan	1	1	0	1	0.56693	0.383962
chr11:101000000-101500000	chr11	101000000	0.651179	0.253761	0.761194	0.16631	1	-1.15692	-0.028568	-1.44691	0.00841006	nan	1	nan	1	2	0	1	0.573237	0.37703
chr11:101500000-102000000	chr11	101500000	0.468968	0.0587103	0.633469	-0.0973085	3	-1.19423	-0.0311126	-1.36861	-0.0232764	0.178319	2	nan	1	2	0	1	0.579543	0.376903
chr11:102000000-102500000	chr11	102000000	-0.786491	-0.0129165	-0.538723	-0.233568	5	-0.276569	0.053504	0.453373	0.0271372	0.145117	5	-0.0867133	4	6	0	1	0.585849	0.401218
chr11:102500000-103000000	chr11	102500000	-0.395379	-0.0839498	-0.235993	-0.474769	9	-1.11988	0.0631742	-0.954581	-0.00568067	0.177095	2	0.0796624	2	0	0	0	0.592155	0.394366
chr11:103000000-103500000	chr11	103000000	-0.603292	-0.163716	-0.0140871	-0.333422	2	-1.21216	0.0861337	-1.43399	0.0213636	0.234025	2	0.027532	2	1	0	1	0.598462	0.35728
chr11:103500000-104000000	chr11	103500000	-0.281439	-0.131446	-0.192125	-0.247082	0	-0.710212	-0.128518	-1.43817	-0.00872597	nan	0	nan	0	0	0	1	0.604768	0.385634
chr11:104000000-104500000	chr11	104000000	-0.622022	0.15263	0.133765	-0.535236	2	-0.654917	-0.131285	-1.45961	0.0129623	nan	1	nan	1	2	0	1	0.611074	0.361141
chr11:104500000-105000000	chr11	104500000	-0.715373	-0.0947201	-0.263313	-0.390536	1	-0.668524	-0.286107	-1.39465	0.0143935	nan	1	nan	1	0	0	1	0.61738	0.357451
chr11:105000000-105500000	chr11	105000000	-0.378636	-0.00557712	-0.0129388	-0.200064	4	-0.632708	-0.306996	-1.46533	0.0278688	nan	1	nan	0	0	0	1	0.623687	0.359513
chr11:105500000-106000000	chr11	105500000	-0.364539	0.175396	0.119244	-0.130284	1	-0.817101	-0.125687	-1.25714	0.053603	nan	0	nan	1	1	0	1	0.629993	0.353821
chr11:106000000-106500000	chr11	106000000	-0.213276	-0.136963	0.00977749	-0.167949	3	-1.01953	-0.090929	-1.37174	0.0453574	-0.0448423	3	-0.00504585	3	2	0	1	0.636299	0.378112
chr11:106500000-107000000	chr11	106500000	-0.17395	-0.389301	0.172246	-0.36525	0	-1.05647	-0.148034	-1.30938	-0.071886	nan	0	nan	0	0	0	1	0.642605	0.36044
chr11:107000000-107500000	chr11	107000000	0.47874	-0.247135	0.635754	-0.241594	2	-1.23267	-0.0279052	-0.612601	0.025415	-0.0620033	2	-0.255292	2	2	0	1	0.648911	0.37586
chr11:107500000-108000000	chr11	107500000	-0.0794253	-0.313165	-0.101188	-0.270349	5	-0.852598	0.0891848	0.654681	-0.101375	0.0189742	4	-0.0601935	4	3	0	1	0.655218	0.410535
chr11:108000000-108500000	chr11	108000000	-0.318524	-0.305288	-0.246933	-0.34078	6	-0.212125	0.0134427	0.835236	0.0406727	-0.168739	5	-0.0416212	6	4	0	1	0.661524	0.396801
chr11:108500000-109000000	chr11	108500000	-0.634869	-0.0942081	-0.260309	-0.225358	2	-0.656889	0.106207	-0.0355032	-0.122293	0.0719013	2	-0.059727	2	2	0	1	0.66783	0.388587
chr11:109000000-109500000	chr11	109000000	0.013152	0.0655876	0.0477406	-0.211153	1	-1.048	0.0346353	-1.36276	0.0136689	nan	1	nan	1	2	0	1	0.674136	0.38544
chr11:109500000-110000000	chr11	109500000	0.0653917	0.137866	0.104052	-0.028473	0	-0.961396	0.0193581	-0.780929	0.0852752	nan	0	nan	0	0	0	1	0.680443	0.38204
chr11:110000000-110500000	chr11	110000000	-0.395836	-0.240822	-0.346913	-0.229107	3	-0.289512	-0.0332935	-0.147804	-0.108976	0.279905	3	-0.0522882	3	3	0	1	0.686749	0.401222
chr11:110500000-111000000	chr11	110500000	0.790251	0.304865	1.03875	0.172314	1	-1.02606	0.00889204	-1.27893	0.0240177	nan	1	nan	1	1	0	0	0.693055	0.390975
chr11:111000000-111500000	chr11	111000000	0.665744	0.121758	0.757472	-0.201348	3	-0.66148	-0.0718944	-0.03066	0.107809	nan	0	nan	0	1	0	0	0.699361	0.413259
chr11:111500000-112000000	chr11	111500000	-0.776119	0.0588173	-0.532996	-0.191443	12	0.634741	-0.0647477	0.805122	0.0346732	0.182034	11	0.000323709	7	9	0	0	0.705668	0.412598
chr11:112000000-112500000	chr11	112000000	-0.213009	0.0676814	-0.259299	-0.0495765	10	1.00466	-0.156711	-0.59561	0.042071	0.243999	8	0.0549758	7	5	0	0	0.711974	0.418858
chr11:112500000-113000000	chr11	112500000	0.62682	0.218365	0.495683	-0.0470976	1	0.920989	-0.0967968	-1.06088	0.0706138	nan	1	nan	1	1	0	0.5	0.71828	0.430068
chr11:113000000-113500000	chr11	113000000	0.538807	-0.0484742	0.392516	-0.437212	3	0.867552	-0.11784	-0.737406	0.0195892	0.209427	3	0.0277052	2	3	0	0.5	0.724586	0.435785
chr11:113500000-114000000	chr11	113500000	0.0386347	0.0760662	0.0279749	-0.240819	6	1.07913	0.0538683	-0.349366	0.0416157	-0.132811	3	0.00263969	3	3	0	0.5	0.730893	0.43549
chr11:114000000-114500000	chr11	114000000	0.174785	-0.0737086	0.149547	-0.304043	5	0.978973	0.181731	-1.21971	-0.0228255	0.345575	5	0.178269	5	6	0	0.5	0.737199	0.441799
chr11:114500000-115000000	chr11	114500000	0.578169	-0.0922185	0.385708	0.104211	3	0.511255	0.0995582	-1.17098	0.0804201	nan	0	nan	0	1	0	0	0.743505	0.400433
chr11:115000000-115500000	chr11	115000000	-0.0933265	0.119615	-0.160403	-0.119006	0	0.921012	0.0315607	-0.530521	-0.000709036	nan	0	nan	0	1	0	0	0.749811	0.405551
chr11:115500000-116000000	chr11	115500000	-0.0695207	-0.0462502	-0.342188	-0.195287	1	1.2096	-0.144161	0.282158	-0.0904993	nan	1	nan	1	3	0	0	0.756117	0.437242
chr11:116000000-116500000	chr11	116000000	0.60197	-0.164914	0.226003	-0.291471	0	1.03477	0.196861	-0.348849	0.0426416	nan	0	nan	0	0	0	0	0.762424	0.451461
chr11:116500000-117000000	chr11	116500000	-0.0649012	-0.319841	-0.274642	-0.365394	6	1.2455	0.0823765	1.069	0.0483802	0.0592029	4	-0.125621	3	9	0	0	0.76873	0.454724
chr11:117000000-117500000	chr11	117000000	-0.580899	-0.0800427	-0.684106	-0.372053	9	1.42638	-0.0599761	1.22557	-0.037508	-0.073106	8	-0.00830354	9	8	0	0	0.775036	0.466564
chr11:117500000-118000000	chr11	117500000	0.109864	-0.275726	0.011729	-0.60539	5	1.28573	0.146983	1.27342	-0.0183559	-0.051773	2	0.205667	3	5	0	0	0.781342	0.491826
chr11:118000000-118500000	chr11	118000000	-0.589212	-0.126279	-0.586125	-0.393017	13	1.35155	0.0747407	1.38908	0.0100447	-0.077386	6	-0.0789847	8	5	0	0	0.787649	0.449207
chr11:118500000-119000000	chr11	118500000	-0.984865	0.0357042	-1.1551	0.041267	12	1.30499	0.0537003	1.4126	-0.00266438	-0.161815	10	0.0666121	6	10	0	0	0.793955	0.473181
chr11:119000000-119500000	chr11	119000000	-1.12538	-0.0762269	-1.06308	5.19943e-05	21	1.39664	-0.0605819	1.35209	0.0417225	-0.0277496	17	0.0156208	15	21	0	0	0.800261	0.483538
chr11:119500000-120000000	chr11	119500000	-0.088112	-0.381688	-0.48389	-0.278523	1	1.30278	0.0570689	1.02579	0.0535132	nan	1	nan	1	4	0	0	0.806567	0.503696
chr11:120000000-120500000	chr11	120000000	-0.841969	-0.0308564	-0.769627	-0.0587672	5	1.19491	0.166375	1.34583	-0.0636524	-0.0278943	4	-0.0124239	2	6	0	0	0.812874	0.456657
chr11:120500000-121000000	chr11	120500000	0.0245465	-0.30008	-0.313054	-0.362104	1	1.20006	0.0240625	0.992237	-0.075894	nan	1	nan	1	3	0	0	0.81918	0.476286
chr11:121000000-121500000	chr11	121000000	-0.200485	-0.332134	-0.422079	-0.41657	5	1.08041	-0.0225788	1.13497	0.0133215	0.0494523	4	-0.375715	4	6	0	0	0.825486	0.416387
chr11:121500000-122000000	chr11	121500000	-0.565137	-0.337526	-0.644895	-0.248591	0	0.714349	0.151362	-0.648324	0.111996	nan	0	nan	0	0	0	0.5	0.831792	0.409712
chr11:122000000-122500000	chr11	122000000	-0.927807	0.0223908	-0.510726	-0.269738	1	0.614013	0.291561	-0.610616	0.0234225	nan	0	nan	0	0	0	0.5	0.838099	0.391418
chr11:122500000-123000000	chr11	122500000	-0.48098	-0.198634	-0.535327	-0.382676	4	0.856406	0.0172577	0.664101	0.154714	-0.0142582	2	0.16281	2	4	0	0.5	0.844405	0.432178
chr11:123000000-123500000	chr11	123000000	-0.339319	-0.0010425	-0.203889	-0.3854	3	0.802485	0.0391744	0.841554	-0.0551508	-0.0479817	3	0.0481518	3	5	0	0.5	0.850711	0.443337
chr11:123500000-124000000	chr11	123500000	0.899928	-0.125292	0.949275	-0.285537	10	-0.706085	0.29036	-1.05969	0.0592954	0.0897598	2	0.111927	2	3	0	0.5	0.857017	0.413187
chr11:124000000-124500000	chr11	124000000	1.02049	0.0576276	1.15915	0.0336256	14	-1.2348	0.149385	-1.21753	0.0784133	nan	1	nan	1	0	0	0	0.863323	0.376981
chr11:124500000-125000000	chr11	124500000	0.454032	-0.0154239	0.323214	-0.0755945	15	-0.682553	0.286449	0.116069	0.0314748	0.134732	9	0.00509566	9	17	0	0	0.86963	0.422518
chr11:125000000-125500000	chr11	125000000	0.631628	-0.476747	0.148282	-0.273412	4	-0.00232217	0.464024	0.784492	0.0489796	0.0584912	4	-0.184954	3	4	0	0	0.875936	0.462617
chr11:125500000-126000000	chr11	125500000	0.595	-0.123305	0.667256	-0.0608661	12	-0.657075	0.423839	0.879967	-0.0637188	0.0351303	5	0.0831867	6	5	0	0	0.882242	0.413388
chr11:126000000-126500000	chr11	126000000	0.521756	-0.242008	0.396378	-0.308439	8	0.63252	0.283931	0.567362	0.0907351	-0.157651	8	0.116416	8	7	0	0	0.888548	0.477416
chr11:126500000-127000000	chr11	126500000	1.36232	-0.0127005	1.17858	-0.305122	0	0.667086	0.10013	-0.61534	0.0377646	nan	0	nan	0	0	0	0	0.894855	0.459011
chr11:127000000-127500000	chr11	127000000	1.24616	0.0930644	1.30093	-0.044358	1	0.202596	0.141923	-1.25216	0.104134	nan	1	nan	0	2	0	0	0.901161	0.404206
chr11:127500000-128000000	chr11	127500000	0.61386	0.218571	0.602474	0.29636	0	-0.0533647	0.179299	-1.28927	0.120468	nan	0	nan	0	0	0	0	0.907467	0.379813
chr11:128000000-128500000	chr11	128000000	-0.525502	-0.119276	-0.456683	-0.256971	0	0.559729	0.242029	0.311688	0.0666169	nan	0	nan	0	1	0	0.5	0.913773	0.393457
chr11:128500000-129000000	chr11	128500000	-0.0441362	-0.26085	-0.40879	0.0423151	5	0.827874	0.127784	-0.660812	0.119223	-0.350039	3	-0.072147	3	8	0	0.5	0.92008	0.447989
chr11:129000000-129500000	chr11	129000000	0.22051	-0.111672	0.243504	0.0468344	2	0.474585	0.237886	-1.36754	0.0277532	-0.214844	2	nan	1	4	0	0.5	0.926386	0.391667
chr11:129500000-130000000	chr11	129500000	0.424701	-0.222206	0.198298	-0.0716803	2	0.690438	0.172026	-0.243317	0.142398	0.149407	2	0.0687626	2	3	0	0.5	0.932692	0.430044
chr11:130000000-130500000	chr11	130000000	-0.193641	-0.238865	-0.0603037	-0.402098	6	0.937472	0.343965	-0.0412262	0.161992	0.00729279	6	0.0562278	5	13	0	0.5	0.938998	0.447709
chr11:130500000-131000000	chr11	130500000	-0.15872	-0.0950363	-0.208496	-0.264208	1	1.08286	-0.0560755	-0.761462	0.120211	nan	1	nan	1	2	0	0.5	0.945304	0.429028
chr11:131000000-131500000	chr11	131000000	1.31968	0.118806	1.03785	0.130027	1	0.90219	-0.0248128	-0.99243	0.0797515	nan	1	nan	1	0	0	0	0.951611	0.427151
chr11:131500000-132000000	chr11	131500000	0.547591	-0.0314625	0.597722	-0.278146	0	0.955307	0.0786082	-0.525163	0.13517	nan	0	nan	0	3	0	0	0.957917	0.435944
chr11:132000000-132500000	chr11	132000000	0.716787	-0.101477	0.394077	0.0405306	0	0.935827	-0.0515079	-0.55118	0.0586614	nan	0	nan	0	0	0	0	0.964223	0.422004
chr11:132500000-133000000	chr11	132500000	0.442845	0.0384315	0.354881	-0.0684791	0	0.899009	-0.0469367	-0.922656	0.00341496	nan	0	nan	0	2	0	0	0.970529	0.405907
chr11:133000000-133500000	chr11	133000000	1.29999	0.279189	1.28622	-0.0742362	0	0.849112	0.00626571	-0.341467	0.0727233	nan	0	nan	0	3	0	0	0.976836	0.422335
chr11:133500000-134000000	chr11	133500000	1.4308	0.00102703	1.07521	0.181713	3	1.08425	0.0123764	-0.201041	0.0132509	-0.235471	2	0.0248036	3	8	0	0	0.983142	0.457524
chr11:134000000-134500000	chr11	134000000	0.948935	-0.117463	0.63132	0.0438535	8	1.2633	-0.0352092	0.344385	0.00526753	-0.137233	7	0.0432856	7	13	0	0	0.989448	0.471917
chr11:134500000-135000000	chr11	134500000	1.11898	0.0304126	0.900871	-0.0398319	0	nan	nan	-0.176181	0.0307703	nan	0	nan	0	6	0	0	0.995754	0.463559
chr11:135000000-135500000	chr11	135000000	nan	nan	nan	nan	0	nan	nan	nan	nan	nan	0	nan	0	0	0.02	nan	1.00206	0.452445
chr12:0-500000	chr12	0	nan	nan	nan	nan	6	1.2994	-0.00507412	1.14841	-0.124577	0.117958	6	0.00797816	6	11	0.02	0	0.99247	0.468695
chr12:500000-1000000	chr12	500000	nan	nan	nan	nan	4	1.32581	0.0543487	1.31573	-0.0095625	-0.170552	4	0.090363	4	7	0	0	0.97741	0.438809
chr12:1000000-1500000	chr12	1000000	nan	nan	nan	nan	0	1.20433	0.000445421	1.19052	-0.153746	nan	0	nan	0	0	0	0	0.962349	0.39793
chr12:1500000-2000000	chr12	1500000	nan	nan	nan	nan	5	1.26175	-0.167053	1.23329	0.0303996	-0.172107	5	0.00165406	3	10	0	0	0.947289	0.457545
chr12:2000000-2500000	chr12	2000000	nan	nan	nan	nan	2	1.02795	-0.177651	0.749011	0.0366557	-0.128776	2	-0.139398	2	4	0	0	0.932229	0.466355
chr12:2500000-3000000	chr12	2500000	nan	nan	nan	nan	8	1.19194	-0.00689359	0.853453	0.0234401	-0.0280236	7	0.016563	6	8	0	0	0.917169	0.479094
chr12:3000000-3500000	chr12	3000000	0.0168514	-0.0631388	-0.419482	-0.162142	2	1.26514	0.119492	0.69617	0.0575125	nan	1	0.0302808	2	4	0	0.25	0.902108	0.501394
chr12:3500000-4000000	chr12	3500000	0.0440033	-0.0931262	-0.150205	-0.203121	2	1.15573	0.065633	0.832919	-0.0275184	-0.115982	2	nan	1	3	0	0.25	0.887048	0.440018
chr12:4000000-4500000	chr12	4000000	-0.0204409	0.0543814	0.0114669	-0.28497	4	1.23324	0.0381771	1.15127	0.0955501	0.143082	2	-0.134436	3	8	0	0.25	0.871988	0.434734
chr12:4500000-5000000	chr12	4500000	0.293486	-0.141498	0.0844754	-0.138693	8	1.27126	-0.0533822	0.897427	0.115259	0.0805604	5	-0.025092	6	5	0	0.25	0.856928	0.422895
chr12:5000000-5500000	chr12	5000000	0.317983	-0.139151	0.044342	-0.164572	2	1.20745	0.0384502	0.517278	-0.0396555	-0.118945	2	-0.45078	2	5	0	0.25	0.841867	0.434626
chr12:5500000-6000000	chr12	5500000	0.469724	-0.25675	-0.0283025	-0.195962	1	1.26831	-0.0173613	0.282325	0.119217	nan	0	nan	0	2	0	0	0.826807	0.445622
chr12:6000000-6500000	chr12	6000000	-0.439233	-0.0973384	-0.736368	-0.197524	11	1.57942	-0.024567	0.981354	-0.0600364	0.0115512	11	-0.0383893	7	13	0	0	0.811747	0.488343
chr12:6500000-7000000	chr12	6500000	-0.841982	0.136828	-0.967335	0.0892624	29	1.68461	-0.0890949	1.24425	0.0308454	-0.0475315	27	0.0136049	27	28	0	0	0.796687	0.505904
chr12:7000000-7500000	chr12	7000000	0.152004	0.0554011	0.103213	0.0891936	9	0.664993	0.100685	1.05128	0.0592791	0.033354	8	-0.1096	7	3	0.002	0	0.781627	0.415422
chr12:7500000-8000000	chr12	7500000	-0.00167525	0.159096	-0.141021	0.0483798	9	0.847353	0.151729	0.291971	0.00942842	-1.03003	2	nan	1	4	0	0	0.766566	0.434541
chr12:8000000-8500000	chr12	8000000	0.410941	-0.192388	0.38503	-0.274659	7	0.805232	0.0697964	0.793253	0.089074	0.341071	4	0.0478009	2	9	0	0	0.751506	0.437584
chr12:8500000-9000000	chr12	8500000	0.528505	0.0549721	0.794093	-0.394102	9	0.208324	0.176528	0.281738	0.0658624	-0.146734	5	-0.0238418	8	4	0	0	0.736446	0.421849
chr12:9000000-9500000	chr12	9000000	1.01507	-0.148377	1.07386	-0.049069	2	-0.871238	0.177765	0.199827	0.0623129	-0.363346	2	nan	1	4	0	0	0.721386	0.41672
chr12:9500000-10000000	chr12	9500000	0.482005	-0.269945	0.670985	-0.145288	10	-0.875713	0.215192	0.333373	-0.0124908	0.165191	3	-0.364486	2	2	0	0	0.706325	0.381414
chr12:10000000-10500000	chr12	10000000	0.0434587	-0.27256	0.0728981	0.0815965	13	-0.93633	0.232099	0.226715	-0.0377448	0.0778645	5	-0.0609393	2	2	0	0.75	0.691265	0.380565
chr12:10500000-11000000	chr12	10500000	-0.105409	-0.257752	0.208927	-0.177408	15	-1.03862	0.0426023	0.60375	-0.103407	0.0296233	9	0.0822238	4	3	0	0.75	0.676205	0.370525
chr12:11000000-11500000	chr12	11000000	0.676164	-0.205008	0.27443	0.00488668	10	-1.09231	0.00185468	-0.182637	-0.113263	nan	1	-0.0053904	2	1	0	0.75	0.661145	0.382426
chr12:11500000-12000000	chr12	11500000	-0.518768	0.0895304	-0.606751	-0.258955	1	0.169363	0.0212552	0.28701	-0.11863	nan	1	nan	1	2	0	0.75	0.646084	0.424389
chr12:12000000-12500000	chr12	12000000	-0.705985	-0.0656599	-0.808315	-0.295419	4	0.581939	0.0262559	0.268654	-0.147783	0.0453567	3	-0.0104702	3	3	0	0.75	0.631024	0.421223
chr12:12500000-13000000	chr12	12500000	-0.999099	0.111537	-0.832168	-0.0582365	8	0.8796	-0.156223	0.833924	-0.00572539	0.0430648	6	0.0794975	6	8	0	0	0.615964	0.431392
chr12:13000000-13500000	chr12	13000000	0.150507	0.0811779	0.0198085	-0.146342	4	0.276062	-0.0737273	0.0655294	-0.064916	0.303153	4	-0.0765933	4	2	0	0	0.600904	0.424402
chr12:13500000-14000000	chr12	13500000	1.02258	0.183899	0.767984	0.212044	1	-0.475831	0.155689	-0.121634	0.0492151	nan	1	nan	1	2	0	0	0.585843	0.404533
chr12:14000000-14500000	chr12	14000000	-0.115892	0.24982	0.112229	0.143756	1	-0.46255	0.222545	0.250194	0.0679659	nan	1	nan	1	0	0	0	0.570783	0.401091
chr12:14500000-15000000	chr12	14500000	0.28014	-0.0488441	0.508859	-0.0760091	12	-0.628072	0.0389036	0.343926	0.0199402	0.173809	10	-0.0253589	5	4	0	1	0.555723	0.391475
chr12:15000000-15500000	chr12	15000000	0.712439	0.105755	0.778375	0.237414	2	-1.01471	-0.191108	-0.625334	-0.239817	nan	1	nan	1	2	0	1	0.540663	0.370488
chr12:15500000-16000000	chr12	15500000	-0.266324	-0.270938	-0.170214	-0.0172778	3	-0.600712	-0.173459	-1.00548	0.117033	-0.0193297	3	-0.10938	3	3	0	1	0.525602	0.379332
chr12:16000000-16500000	chr12	16000000	0.798222	-0.0926869	0.781583	-0.0291892	2	-0.58202	-0.360962	-0.998072	0.0143465	nan	1	nan	1	0	0	1	0.510542	0.377405
chr12:16500000-17000000	chr12	16500000	0.60887	0.193338	0.71994	0.380399	1	-0.744314	-0.13592	-1.34179	-0.0256185	nan	0	nan	1	0	0	1	0.495482	0.355884
chr12:17000000-17500000	chr12	17000000	0.868111	0.0825132	0.674597	0.545108	0	-0.943689	-0.19784	-1.43611	0.0217305	nan	0	nan	0	0	0	1	0.480422	0.356016
chr12:17500000-18000000	chr12	17500000	0.719313	0.263752	0.877667	0.359136	0	-0.904855	-0.273932	-1.42841	-0.016377	nan	0	nan	0	0	0	1	0.465361	0.354982
chr12:18000000-18500000	chr12	18000000	0.263633	-0.0906185	0.590603	0.0127011	2	-0.510608	-0.344994	-1.41642	-0.0415491	nan	0	nan	0	0	0	1	0.450301	0.357385
chr12:18500000-19000000	chr12	18500000	0.0605655	-0.0137099	0.213042	-0.015341	2	-0.0911701	-0.298333	-1.36428	0.0302398	nan	0	nan	0	0	0	1	0.435241	0.370159
chr12:19000000-19500000	chr12	19000000	-0.324577	-0.239606	-0.311188	-0.0819133	2	0.385065	-0.318147	-1.37533	-0.0288055	-0.00877557	2	-0.113779	2	3	0	1	0.420181	0.394983
chr12:19500000-20000000	chr12	19500000	0.238827	-0.134741	0.237404	-0.0589919	0	-0.70199	-0.14675	-0.134373	-0.0684966	nan	0	nan	0	1	0	1	0.40512	0.387152
chr12:20000000-20500000	chr12	20000000	0.0747474	0.162352	0.250151	0.26037	1	-0.599412	-0.145824	-0.133742	0.0862169	nan	1	nan	1	1	0	0	0.39006	0.366888
chr12:20500000-21000000	chr12	20500000	0.869736	-0.0907705	0.899995	0.303915	2	-0.904655	-0.223797	-1.33995	-0.0186157	nan	0	nan	0	1	0	0	0.375	0.363893
chr12:21000000-21500000	chr12	21000000	0.662621	0.320972	1.02378	0.102499	4	-1.00738	-0.138567	-1.39735	-0.00723584	nan	1	0.0681963	2	1	0	1	0.35994	0.359843
chr12:21500000-22000000	chr12	21500000	0.66056	-0.0558622	0.808488	0.267219	7	-0.851116	-0.034854	-1.26002	0.0661478	-0.0550093	6	0.111295	6	5	0	1	0.34488	0.373444
chr12:22000000-22500000	chr12	22000000	0.462843	0.148789	0.593415	0.123343	2	-0.360145	-0.332143	-1.4022	0.0913349	0.0833231	2	-0.0459322	2	3	0	1	0.329819	0.378842
chr12:22500000-23000000	chr12	22500000	0.288628	0.124083	0.557696	0.0454063	2	-0.265236	-0.0619651	-0.643238	-0.076256	-0.136797	2	-0.0636687	2	2	0	1	0.314759	0.376207
chr12:23000000-23500000	chr12	23000000	0.849652	-0.0319807	0.935989	0.09454	0	-0.846609	-0.205516	-1.39319	0.0334141	nan	0	nan	0	0	0	1	0.299699	0.372588
chr12:23500000-24000000	chr12	23500000	0.325677	-0.229532	0.445984	0.212011	1	-0.847917	-0.0498243	-1.43296	-0.0205496	nan	1	nan	1	0	0	1	0.284639	0.348685
chr12:24000000-24500000	chr12	24000000	0.04883	-0.104012	0.120417	-0.116262	0	-0.549197	-0.148235	-1.42078	0.0368879	nan	0	nan	0	0	0	1	0.269578	0.36866
chr12:24500000-25000000	chr12	24500000	-0.538045	0.118102	-0.210665	-0.178731	1	-0.0604672	-0.224891	-1.251	-0.0216355	nan	1	nan	1	3	0	1	0.254518	0.390483
chr12:25000000-25500000	chr12	25000000	-0.726902	-0.0688388	-0.692682	-0.0233773	4	0.0852882	-0.186185	0.303223	-0.157504	0.0614363	2	-0.0345655	2	4	0	1	0.239458	0.389459
chr12:25500000-26000000	chr12	25500000	-0.599584	-0.0569367	-0.640993	-0.0241058	2	-0.21785	0.135791	-1.18388	0.0867776	nan	1	nan	1	1	0	1	0.224398	0.389478
chr12:26000000-26500000	chr12	26000000	-0.646535	-0.113125	-0.655443	-0.0879621	2	-0.137392	-0.207442	-0.708138	-0.0522202	-0.0113415	2	-0.185589	2	4	0	1	0.209337	0.395946
chr12:26500000-27000000	chr12	26500000	-0.84029	-0.256975	-0.767998	-0.18744	3	0.0808406	-0.0895831	0.184956	-0.176204	-0.0763638	3	0.142676	3	2	0	0	0.194277	0.385492
chr12:27000000-27500000	chr12	27000000	-1.04311	0.0422734	-0.873101	-0.177245	6	0.0264845	0.184885	0.914382	0.0143032	0.191683	5	0.0839022	3	4	0	0	0.179217	0.392922
chr12:27500000-28000000	chr12	27500000	-0.919471	0.059857	-0.626416	-0.268187	6	-0.240385	-0.0995683	0.353484	0.106375	-0.166623	5	0.0567143	4	4	0	0.5	0.164157	0.401466
chr12:28000000-28500000	chr12	28000000	-0.480649	-0.0814367	-0.351068	-0.0204613	1	-1.13937	-0.0522329	0.24362	0.178838	nan	1	nan	1	1	0	0.5	0.149096	0.359934
chr12:28500000-29000000	chr12	28500000	0.110419	-0.171547	0.0944053	-0.188851	0	-1.19682	-0.0840049	-0.560697	0.327756	nan	0	nan	0	0	0	0.5	0.134036	0.373905
chr12:29000000-29500000	chr12	29000000	0.232593	-0.167979	0.205924	-0.112777	3	-0.947397	-0.0123017	-1.1849	0.269527	-0.23933	2	0.109626	2	4	0	0.5	0.118976	0.381431
chr12:29500000-30000000	chr12	29500000	0.490448	-0.216955	0.321739	-0.179789	1	-0.600793	0.024415	-0.993674	-0.0999764	nan	1	nan	1	1	0	0.5	0.103916	0.390793
chr12:30000000-30500000	chr12	30000000	0.720034	-0.0593181	0.719816	0.015573	0	-0.963283	0.0617787	-1.28844	0.100982	nan	0	nan	0	2	0	0.5	0.0888554	0.394509
chr12:30500000-31000000	chr12	30500000	0.457669	-0.242525	0.252001	-0.0988135	3	-0.320236	-0.0221157	-1.05577	0.12389	0.127818	3	-0.106741	3	5	0	0	0.0737952	0.416328
chr12:31000000-31500000	chr12	31000000	-0.0548286	-0.272355	-0.318291	-0.168836	2	0.565422	0.0877747	0.0717623	-0.0330292	0.043094	2	-0.0653465	2	3	0	0	0.0587349	0.433339
chr12:31500000-32000000	chr12	31500000	-0.55922	0.00922613	-0.526615	-0.23003	5	0.827627	-0.0821221	0.479386	0.0945226	-0.0197794	5	0.0730221	4	6	0	0	0.0436747	0.426854
chr12:32000000-32500000	chr12	32000000	-0.726059	0.0962665	-0.554223	-0.274033	2	0.727764	0.00347789	0.725663	-0.0776019	-0.147799	2	-0.0464253	2	2	0	0	0.0286145	0.414411
chr12:32500000-33000000	chr12	32500000	-0.242685	-0.0628764	-0.181592	-0.15361	3	0.231448	0.136309	-0.427514	-0.0198809	-0.150858	3	0.0433207	3	3	0	0	0.0135542	0.406245
chr12:33000000-33500000	chr12	33000000	0.925852	-0.0718616	0.655266	0.405591	1	-0.931329	0.0691839	-1.35474	0.0600311	nan	0	nan	1	1	0	nan	0	0.376928
chr12:33500000-34000000	chr12	33500000	0.60154	0.037272	0.600972	0.341383	0	-1.05227	0.0448391	-1.41214	0.059585	nan	0	nan	0	0	0	nan	0	0.359176
chr12:34000000-34500000	chr12	34000000	1.30985	-0.139922	1.01368	0.12694	1	-0.742005	0.0869027	-1.12816	0.0387627	nan	1	nan	1	9	0	nan	0	0.446807
chr12:34500000-35000000	chr12	34500000	nan	nan	nan	nan	0	-0.696645	-0.038819	nan	nan	nan	0	nan	0	0	0.114696	nan	0	0.382431
chr12:35000000-35500000	chr12	35000000	nan	nan	nan	nan	0	nan	nan	nan	nan	nan	0	nan	0	0	0	nan	0	0.385634
chr12:35500000-36000000	chr12	35500000	nan	nan	nan	nan	0	nan	nan	nan	nan	nan	0	nan	0	0	0	nan	0	0.385401
chr12:36000000-36500000	chr12	36000000	nan	nan	nan	nan	0	nan	nan	nan	nan	nan	0	nan	0	0	0	nan	0	0.385531
chr12:36500000-37000000	chr12	36500000	nan	nan	nan	nan	0	nan	nan	nan	nan	nan	0	nan	0	0	0	nan	0	0.385556
chr12:37000000-37500000	chr12	37000000	nan	nan	nan	nan	0	-0.96377	0.0910074	nan	nan	nan	0	nan	0	0	0.11448	nan	0	0.379688
chr12:37500000-38000000	chr12	37500000	1.07842	0.0584864	0.983302	0.387948	0	-0.947327	0.0567925	-1.00281	0.0884691	nan	0	nan	0	0	0	nan	0	0.376759
chr12:38000000-38500000	chr12	38000000	0.928013	0.281255	0.876096	0.590604	1	-1.16026	0.129479	-1.00013	-0.0330268	nan	1	nan	1	3	0	1	0.00471326	0.389374
chr12:38500000-39000000	chr12	38500000	0.862577	0.207249	1.04751	0.353046	1	-1.09307	-0.0904681	-0.706734	-0.0323996	nan	1	nan	1	2	0	1	0.00995022	0.364292
chr12:39000000-39500000	chr12	39000000	0.361768	0.332232	0.540111	0.301697	1	-0.89568	-0.0573241	-0.928761	0.0742382	nan	1	nan	1	2	0	1	0.0151872	0.375176
chr12:39500000-40000000	chr12	39500000	0.816327	0.136073	0.90474	0.286183	2	-1.207	0.00941676	-1.28713	-0.0195185	nan	1	nan	0	0	0	1	0.0204241	0.367226
chr12:40000000-40500000	chr12	40000000	0.708562	0.455629	0.997771	0.338772	3	-1.19906	-0.0468788	-0.874605	-0.186367	nan	1	-0.290838	3	2	0	1	0.0256611	0.362155
chr12:40500000-41000000	chr12	40500000	0.676272	0.379897	0.790879	0.429428	1	-1.20941	-0.0414829	-1.44345	-0.0216534	nan	1	nan	1	1	0	1	0.030898	0.363776
chr12:41000000-41500000	chr12	41000000	0.518404	0.243847	0.641817	0.428941	1	-0.510044	-0.175189	-1.37215	-0.00360033	nan	1	nan	0	1	0	1	0.036135	0.360363
chr12:41500000-42000000	chr12	41500000	0.669389	0.141043	0.485739	0.121023	0	-0.27166	-0.0505207	-1.35798	-0.0128298	nan	0	nan	0	1	0	1	0.041372	0.382763
chr12:42000000-42500000	chr12	42000000	-0.473852	0.0142949	-0.284005	-0.202679	4	0.275171	-0.175752	-0.318895	-0.0317355	0.182284	4	-0.0182102	4	6	0	1	0.0466089	0.396862
chr12:42500000-43000000	chr12	42500000	-0.528775	-0.0795526	-0.7018	0.0993919	1	0.37374	-0.036623	-1.39706	-0.0686119	nan	1	nan	1	2	0	1	0.0518459	0.399251
chr12:43000000-43500000	chr12	43000000	-0.47619	-0.139207	-0.27562	-0.00416153	0	-0.0665616	-0.151789	-1.40598	-0.0618374	nan	0	nan	0	0	0	1	0.0570828	0.36422
chr12:43500000-44000000	chr12	43500000	-0.135331	0.240624	0.120309	0.15935	5	-0.886772	0.178168	-0.982895	0.00755243	0.0050577	4	0.106214	5	5	0	1	0.0623198	0.376518
chr12:44000000-44500000	chr12	44000000	1.04071	-0.143225	1.07163	0.0650888	0	-1.26842	-0.0039053	-0.620267	-0.149861	nan	0	nan	0	0	0	1	0.0675567	0.370148
chr12:44500000-45000000	chr12	44500000	0.667524	0.209387	0.941257	0.195824	1	-1.07515	0.0604519	-1.41476	-0.0306349	nan	1	nan	1	1	0	1	0.0727937	0.367936
chr12:45000000-45500000	chr12	45000000	-0.352224	0.0149187	-0.172575	0.00545709	2	-0.713948	0.236116	-0.860002	0.035412	nan	1	nan	1	2	0	1	0.0780306	0.394108
chr12:45500000-46000000	chr12	45500000	-0.911507	0.177969	-0.548218	-0.287067	2	-0.388669	0.399069	-0.0168674	-0.0843324	-0.178555	2	-0.111213	2	4	0	1	0.0832676	0.379208
chr12:46000000-46500000	chr12	46000000	-1.12788	0.0114757	-0.994725	0.189294	2	-0.200427	0.366594	0.108715	0.130939	-0.245209	2	-0.0920652	2	3	0	0	0.0885046	0.394302
chr12:46500000-47000000	chr12	46500000	-0.882374	-0.0409354	-0.925463	0.139063	1	-0.760027	0.338569	-1.14524	0.0762954	nan	1	nan	1	1	0	0	0.0937415	0.384296
chr12:47000000-47500000	chr12	47000000	-0.896978	-0.108155	-0.954971	0.116061	2	-0.754643	0.450696	-1.0491	0.178918	-0.116197	2	nan	1	2	0	0	0.0989785	0.400175
chr12:47500000-48000000	chr12	47500000	-0.395316	-0.232756	-0.650875	-0.222459	7	0.185388	0.438204	0.682486	0.072313	0.0789169	6	-0.0720474	7	7	0	0	0.104215	0.460705
chr12:48000000-48500000	chr12	48000000	-0.165786	-0.26375	-0.360518	-0.0232094	10	0.0479068	0.648993	0.571966	-0.063871	-0.0792689	7	-0.0671034	6	9	0	0	0.109452	0.416128
chr12:48500000-49000000	chr12	48500000	-0.664463	0.0807943	-0.88787	-0.0966864	16	0.76635	0.456081	1.25856	0.0359644	-0.133481	10	0.00891845	10	14	0	0.25	0.114689	0.458237
chr12:49000000-49500000	chr12	49000000	-1.27511	0.114854	-1.44643	0.111629	13	1.58572	-0.111617	1.29247	-0.0504944	-0.0487827	11	0.00828118	9	20	0	0.25	0.119926	0.471325
chr12:49500000-50000000	chr12	49500000	-0.949136	0.0455641	-1.31027	0.156828	12	1.62731	-0.067719	1.33448	0.00407813	0.0451797	10	0.0771448	9	13	0	0.25	0.125163	0.482459
chr12:50000000-50500000	chr12	50000000	-1.27373	0.287435	-1.385	0.155841	9	1.53507	-0.101301	1.29283	0.0143332	0.023613	8	0.102772	8	9	0	0.25	0.1304	0.448478
chr12:50500000-51000000	chr12	50500000	-1.37947	0.341259	-1.19996	-0.223038	5	1.36715	0.0291083	1.32539	-0.0185067	0.28309	3	-0.0113452	2	3	0	0.25	0.135637	0.416667
chr12:51000000-51500000	chr12	51000000	-1.01574	0.158892	-1.37584	0.0546102	11	1.34569	0.109866	1.30275	-0.0144449	-0.0658544	9	0.110615	8	10	0	0	0.140874	0.450532
chr12:51500000-52000000	chr12	51500000	-0.964354	0.128601	-1.15041	0.0438964	6	1.44233	-0.0297763	0.870958	0.026378	-0.0638031	5	0.12614	5	11	0	0	0.146111	0.449851
chr12:52000000-52500000	chr12	52000000	-0.603939	-0.117607	-0.897345	0.00396976	16	1.54006	-0.102083	0.834852	-0.058344	0.0494534	10	0.557431	4	18	0	0	0.151348	0.50436
chr12:52500000-53000000	chr12	52500000	-0.442182	-0.0490147	-0.785132	-0.134696	15	1.47963	-0.0263601	0.931602	0.0298706	0.128986	7	0.27998	3	9	0	0	0.156585	0.485437
chr12:53000000-53500000	chr12	53000000	-0.991377	-0.00934112	-1.15041	0.118435	21	1.5636	-0.0845408	1.33208	0.0323648	-0.00784349	17	-0.0228288	15	22	0	0	0.161822	0.488211
chr12:53500000-54000000	chr12	53500000	-0.554746	0.047955	-0.943173	0.0997475	11	0.00496221	1.09511	1.27057	0.0238641	0.0953677	6	0.0975915	4	22	0	0	0.167059	0.451993
chr12:54000000-54500000	chr12	54000000	-0.21934	-0.086833	-0.536292	0.0928149	15	0.458766	0.719073	1.24361	-0.0283675	0.014115	7	-0.121156	7	24	0	0	0.172296	0.484499
chr12:54500000-55000000	chr12	54500000	0.976983	0.151574	0.615274	0.253377	6	-0.623772	0.405266	-0.302534	0.255145	nan	1	0.348334	2	1	0	0.25	0.177533	0.414379
chr12:55000000-55500000	chr12	55000000	0.919672	-0.0648935	0.673294	0.539027	13	-1.12408	0.377073	-0.708569	0.135202	nan	0	nan	0	0	0	0.25	0.18277	0.364234
chr12:55500000-56000000	chr12	55500000	-0.161238	0.169189	-0.196506	0.0484357	19	0.116392	0.418843	1.02048	0.0360878	0.085472	16	-0.0644392	13	12	0	0.25	0.188007	0.446155
chr12:56000000-56500000	chr12	56000000	-1.07652	0.222747	-1.06563	0.113277	25	1.38006	0.0055266	1.2314	0.0229353	-0.0430533	22	0.0436064	21	19	0	0	0.193244	0.48005
chr12:56500000-57000000	chr12	56500000	-0.894815	0.159002	-0.946601	-0.0932297	10	0.698442	0.289464	1.27063	-0.066447	0.0596152	7	-0.0227605	7	6	0	0	0.198481	0.450854
chr12:57000000-57500000	chr12	57000000	-0.836942	0.0617956	-1.08609	0.0663283	18	1.43281	-0.0858124	1.20266	-0.00215983	-0.0425951	13	-0.0441253	12	16	0	0	0.203718	0.487374
chr12:57500000-58000000	chr12	57500000	-0.451197	0.0371389	-0.623823	-0.136852	21	0.679485	0.202275	0.38254	0.139413	-0.0539276	20	0.0851967	16	27	0	0.75	0.208955	0.467998
chr12:58000000-58500000	chr12	58000000	0.163469	-0.0690455	0.159654	-0.198487	0	-1.10316	0.0380795	-1.40939	0.0585053	nan	0	nan	0	0	0	0.75	0.214192	0.392259
chr12:58500000-59000000	chr12	58500000	-0.370944	0.00587092	-0.218286	-0.0348616	1	-0.887697	-0.141649	-1.44388	-0.0571795	nan	1	nan	1	1	0	0.75	0.219428	0.376887
chr12:59000000-59500000	chr12	59000000	0.204327	-0.215225	0.10666	-0.0289589	0	-0.872926	-0.0192874	-1.50484	-0.0205764	nan	0	nan	0	0	0	0.75	0.224665	0.364179
chr12:59500000-60000000	chr12	59500000	-0.0371222	0.0259297	0.209192	0.0381601	1	-1.19229	0.0605915	-1.49507	-0.0067227	nan	1	nan	1	1	0	0.75	0.229902	0.361955
chr12:60000000-60500000	chr12	60000000	-0.603677	0.293106	-0.220732	0.112251	0	-1.2182	-0.0426434	-1.51897	-0.0405992	nan	0	nan	0	0	0	0.75	0.235139	0.34512
chr12:60500000-61000000	chr12	60500000	0.450293	0.447208	1.0198	0.216409	0	-1.30578	-0.119815	-1.40018	0.363674	nan	0	nan	0	0	0	0.75	0.240376	0.347558
chr12:61000000-61500000	chr12	61000000	0.68152	0.334032	0.89934	0.377556	0	-1.33604	-0.00850968	-1.46934	0.0265826	nan	0	nan	0	0	0	0.75	0.245613	0.356442
chr12:61500000-62000000	chr12	61500000	1.07896	0.306484	0.863642	0.400481	0	-1.23196	-0.0631426	-1.51185	-0.00703278	nan	0	nan	0	0	0	0.75	0.25085	0.364352
chr12:62000000-62500000	chr12	62000000	0.131768	0.00222588	0.406605	0.0308993	3	-0.50286	-0.116122	-0.542733	-0.0766981	-0.0558971	3	-0.198835	3	3	0	0.75	0.256087	0.367199
chr12:62500000-63000000	chr12	62500000	0.14051	-0.100393	0.114616	0.127829	1	-0.235937	-0.14317	-1.29872	0.0120075	nan	1	nan	1	4	0	0	0.261324	0.408304
chr12:63000000-63500000	chr12	63000000	0.506868	0.306038	0.756422	0.0343011	1	-1.31026	0.0768894	-1.51661	-0.0223752	nan	0	nan	1	1	0	0	0.266561	0.379472
chr12:63500000-64000000	chr12	63500000	-0.167792	0.0918985	-0.0842852	0.0944519	3	-0.788171	0.154698	-0.625466	-0.165454	0.166284	3	-0.0737135	3	4	0	0	0.271798	0.382359
chr12:64000000-64500000	chr12	64000000	-0.414206	-0.0693478	-0.42812	-0.172618	4	-0.679866	0.233029	0.0175328	-0.290122	-0.0821938	4	0.00207853	2	4	0	0	0.277035	0.402239
chr12:64500000-65000000	chr12	64500000	-0.410949	-0.097293	-0.396806	-0.312134	3	0.38207	0.118672	-0.445129	-0.131031	-0.0395305	3	-0.0920711	3	4	0	0.5	0.282272	0.422398
chr12:65000000-65500000	chr12	65000000	-0.936264	0.0508922	-0.918968	0.0197383	3	0.237096	0.0539303	-1.20133	0.0983376	-0.281649	2	-0.0347732	2	3	0	0.5	0.287509	0.374956
chr12:65500000-66000000	chr12	65500000	-1.38743	0.251419	-0.98869	0.0460598	1	0.7987	-0.203276	-1.08649	-0.0286667	nan	1	nan	1	3	0	0.5	0.292746	0.398016
chr12:66000000-66500000	chr12	66000000	-0.431528	-0.137254	-0.452588	-0.207171	4	-0.213859	0.0204417	0.314602	0.00626417	0.0908986	4	-0.00840797	4	4	0	0.5	0.297983	0.399029
chr12:66500000-67000000	chr12	66500000	-0.0378443	-0.284791	-0.00878077	-0.280056	1	-0.456384	0.0144009	-0.931875	-0.0747439	nan	1	nan	1	0	0	0.5	0.30322	0.38253
chr12:67000000-67500000	chr12	67000000	-0.644535	-0.00377116	-0.554386	-0.251222	1	0.401283	-0.00616068	-1.01029	0.0846031	nan	1	nan	1	2	0	0.5	0.308457	0.387062
chr12:67500000-68000000	chr12	67500000	-0.908734	0.211124	-0.751327	-0.275721	2	0.857576	-0.108917	-0.875137	0.0327716	nan	1	nan	1	1	0	0	0.313694	0.399844
chr12:68000000-68500000	chr12	68000000	-0.822145	-0.0608179	-0.81817	-0.29923	4	0.496707	0.323955	0.57829	-0.0203122	nan	1	nan	1	1	0	0	0.318931	0.396418
chr12:68500000-69000000	chr12	68500000	-1.06821	-0.0611014	-1.23534	0.0335264	5	0.910943	0.138906	0.39008	0.0177698	0.144373	5	0.0496833	5	5	0	0	0.324168	0.406196
chr12:69000000-69500000	chr12	69000000	-0.870817	-0.0331799	-0.872176	-0.422434	4	1.02203	0.119973	0.236474	-0.168923	-0.0432189	3	0.0108005	3	3	0	0	0.329405	0.402577
chr12:69500000-70000000	chr12	69500000	-0.441862	-0.0550164	-0.382551	-0.137755	5	0.329155	0.143907	-1.17763	-0.0177726	-0.130484	5	-0.019473	4	2	0	0	0.334641	0.397393
chr12:70000000-70500000	chr12	70000000	-0.217892	0.183575	-0.273944	0.312823	2	-0.726951	0.0890521	-0.773714	0.000380377	0.125985	2	nan	1	2	0	0	0.339878	0.379345
chr12:70500000-71000000	chr12	70500000	-0.162847	0.240549	0.0767244	-0.211125	2	-0.397853	0.296359	-1.46221	-0.00815559	0.151659	2	0.188366	2	1	0	0	0.345115	0.382254
chr12:71000000-71500000	chr12	71000000	0.0454109	0.180615	0.176727	0.0910778	2	-0.702826	0.0549582	-1.41544	-0.0580833	0.522269	2	nan	0	1	0	0.75	0.350352	0.370732
chr12:71500000-72000000	chr12	71500000	-0.463029	0.097157	-0.0938752	-0.247633	6	-0.473932	0.172132	-0.655679	-0.030168	-0.00208581	5	-0.0500319	5	4	0	0.75	0.355589	0.378849
chr12:72000000-72500000	chr12	72000000	0.462596	0.125103	0.430271	0.113963	1	-1.04755	-0.105849	-1.42282	-0.0734369	nan	1	nan	1	1	0	0.75	0.360826	0.374543
chr12:72500000-73000000	chr12	72500000	0.537629	0.124915	0.689518	0.311842	0	-1.04238	-0.0687886	-1.44614	-0.0282514	nan	0	nan	0	0	0	0.75	0.366063	0.361668
chr12:73000000-73500000	chr12	73000000	0.628558	0.42443	0.729963	0.690752	0	-1.16942	-0.00322757	-1.41266	0.166323	nan	0	nan	0	0	0	0.75	0.3713	0.352424
chr12:73500000-74000000	chr12	73500000	0.550532	0.299776	0.748659	0.351726	0	-1.12679	-0.0270533	-1.46214	-0.0222689	nan	0	nan	0	0	0	0.75	0.376537	0.345858
chr12:74000000-74500000	chr12	74000000	0.680143	0.0917001	0.868506	0.275449	0	-1.06619	-0.0743957	-1.41616	-0.0359013	nan	0	nan	0	0	0	0.75	0.381774	0.352829
chr12:74500000-75000000	chr12	74500000	0.074232	0.0709561	0.366228	0.209255	1	-1.36367	-0.0187109	-1.4958	-0.0271611	nan	1	nan	1	1	0	0.75	0.387011	0.34885
chr12:75000000-75500000	chr12	75000000	-0.15033	-0.0757701	-0.0365569	0.133371	5	-1.39365	0.0143777	-1.29337	-0.0732884	0.0923841	2	0.459788	2	5	0	0.75	0.392248	0.352386
chr12:75500000-76000000	chr12	75500000	-0.98587	-0.103306	-0.824964	-0.158153	1	0.504545	-0.0838543	-0.517053	0.0751061	nan	1	nan	1	1	0	0	0.397485	0.390894
chr12:76000000-76500000	chr12	76000000	-1.12046	0.258486	-1.02396	0.0911807	3	0.0213812	-0.0432181	-0.259788	-0.00136459	0.154386	3	-0.136986	3	3	0	0	0.402722	0.394811
chr12:76500000-77000000	chr12	76500000	-0.954634	0.0410863	-0.612571	-0.0673304	3	-0.357801	0.155643	-0.964524	-0.0647203	-0.0457397	3	-0.180978	3	3	0	0	0.407959	0.39102
chr12:77000000-77500000	chr12	77000000	0.393278	-0.230917	0.492018	-0.055272	1	-1.27727	0.0562987	-1.44784	-0.00977311	nan	1	nan	1	1	0	0	0.413196	0.380256
chr12:77500000-78000000	chr12	77500000	0.345092	0.00982476	0.621235	0.0877192	1	-1.37568	-0.0104006	-1.24841	-0.0345424	nan	1	nan	1	0	0	0	0.418433	0.357526
chr12:78000000-78500000	chr12	78000000	0.0969223	-0.113087	0.385553	-0.1136	0	-1.29637	-0.0222023	-1.48657	0.0340192	nan	0	nan	0	0	0	0	0.42367	0.355004
chr12:78500000-79000000	chr12	78500000	-0.139685	-0.204551	0.320914	-0.117127	1	-1.27535	0.0146627	-1.46263	-0.0461722	nan	1	nan	1	1	0	0	0.428907	0.347398
chr12:79000000-79500000	chr12	79000000	-0.0401138	-0.0309526	0.0198102	0.0693099	0	-1.15365	-0.0736678	-1.38052	0.0376508	nan	0	nan	0	0	0	0	0.434144	0.364632
chr12:79500000-80000000	chr12	79500000	-1.0903	0.0817902	-0.853568	0.273344	2	-0.190592	0.188659	-0.263509	-0.13766	-0.0906834	2	-0.159717	2	2	0	0	0.439381	0.380512
chr12:80000000-80500000	chr12	80000000	-0.546152	0.23715	-0.178007	-0.0311908	2	-0.851268	-0.0512031	-1.32533	0.129766	-0.0899673	2	nan	1	0	0	1	0.444618	0.368951
chr12:80500000-81000000	chr12	80500000	-0.259532	0.270792	0.212844	0.127794	3	-1.19382	0.067766	-1.18703	-0.0224482	nan	1	nan	1	3	0	1	0.449855	0.357842
chr12:81000000-81500000	chr12	81000000	0.369112	0.220083	0.943688	0.116027	1	-1.14049	-0.0571698	-1.52787	0.0167057	nan	1	nan	1	1	0	1	0.455091	0.349268
chr12:81500000-82000000	chr12	81500000	0.378573	0.550792	0.840936	0.45572	1	-1.15369	-0.0823897	-1.46475	-0.0596964	nan	1	nan	1	1	0	1	0.460328	0.352264
chr12:82000000-82500000	chr12	82000000	0.650401	0.283077	1.10475	0.213498	2	-1.15477	-0.182738	-1.31055	-0.044448	0.151054	2	0.107171	2	1	0	1	0.465565	0.356835
chr12:82500000-83000000	chr12	82500000	0.694782	0.0659849	0.819306	0.0870199	1	-0.358059	-0.295425	-0.687781	-0.149771	nan	1	nan	1	1	0	1	0.470802	0.373158
chr12:83000000-83500000	chr12	83000000	0.6293	0.410042	0.814129	0.373504	0	-0.214846	-0.276911	-1.42353	-0.023248	nan	0	nan	0	0	0	1	0.476039	0.365407
chr12:83500000-84000000	chr12	83500000	0.534063	0.220309	0.532768	0.388245	0	-0.730765	-0.252865	-1.45051	0.0582258	nan	0	nan	0	0	0	1	0.481276	0.357282
chr12:84000000-84500000	chr12	84000000	0.0534679	0.288496	0.604835	0.261438	0	-0.84952	-0.147934	-1.44738	0.00617299	nan	0	nan	0	0	0	1	0.486513	0.346257
chr12:84500000-85000000	chr12	84500000	-0.269132	0.309569	0.411401	0.151756	1	-0.57935	-0.246273	-1.47426	-0.0576392	nan	1	nan	1	3	0	1	0.49175	0.344952
chr12:85000000-85500000	chr12	85000000	0.433953	0.00935359	1.05059	0.292226	3	-0.919413	-0.169103	-1.34159	-0.0866773	nan	0	-0.050455	3	1	0	1	0.496987	0.341629
chr12:85500000-86000000	chr12	85500000	0.255722	0.114148	0.812708	0.209458	2	-1.08359	-0.102821	-1.40766	-0.0783187	nan	1	-0.407766	2	0	0	1	0.502224	0.35107
chr12:86000000-86500000	chr12	86000000	0.0109788	-0.111552	0.456764	0.14142	1	-1.10923	-0.127052	-1.41385	-0.0141579	nan	1	nan	1	0	0	1	0.507461	0.346762
chr12:86500000-87000000	chr12	86500000	-0.346778	0.359086	0.199601	0.189002	0	-1.19875	-0.0374559	-1.50023	0.0242402	nan	0	nan	0	0	0	0	0.512698	0.343331
chr12:87000000-87500000	chr12	87000000	-0.115833	0.157685	0.428061	-0.121018	0	-1.28355	0.053108	-1.45178	-0.0297676	nan	0	nan	0	0	0	0	0.517935	0.349094
chr12:87500000-88000000	chr12	87500000	0.0514013	0.0848042	0.415198	-0.166614	0	-1.01777	-0.165103	-1.37746	-0.0167084	nan	0	nan	0	0	0	0	0.523172	0.357035
chr12:88000000-88500000	chr12	88000000	-1.05337	0.0426032	-0.640487	-0.0677608	4	-0.554824	-0.0809007	-0.494784	-0.269965	-0.0375021	3	-0.110973	2	2	0	0	0.528409	0.360808
chr12:88500000-89000000	chr12	88500000	-0.851142	-0.165672	-0.668211	-0.125707	1	-0.732867	0.11979	-1.23734	-0.052471	nan	1	nan	1	1	0	1	0.533646	0.365872
chr12:89000000-89500000	chr12	89000000	-0.689631	-0.120962	-0.360782	-0.488938	1	0.598451	-0.192811	-0.662526	-0.103495	nan	1	nan	1	1	0	1	0.538883	0.38824
chr12:89500000-90000000	chr12	89500000	-0.976224	0.0674092	-0.712774	-0.230137	3	0.409192	-0.118605	0.221772	-0.0245136	0.368669	3	-0.134641	2	2	0	1	0.54412	0.380243
chr12:90000000-90500000	chr12	90000000	-0.500654	-0.334055	-0.567542	-0.277567	0	-0.60334	0.0474129	-1.43529	-0.00888517	nan	0	nan	0	0	0	1	0.549357	0.361242
chr12:90500000-91000000	chr12	90500000	-0.888856	0.0438979	-0.325649	-0.453083	1	-0.581567	0.0552056	-1.45997	-0.0216754	nan	0	nan	0	1	0	1	0.554594	0.352605
chr12:91000000-91500000	chr12	91000000	-0.970463	0.0297153	-0.678141	-0.170131	4	-0.225207	0.0659879	-1.1907	0.112657	-0.128839	2	0.424623	2	0	0	1	0.559831	0.354357
chr12:91500000-92000000	chr12	91500000	-0.754261	-0.0632542	-0.94482	0.0168936	0	0.502442	-0.137274	0.101017	0.164443	nan	0	nan	0	0	0	1	0.565068	0.367619
chr12:92000000-92500000	chr12	92000000	-0.656211	-0.0647607	-0.724739	-0.287474	1	0.655827	0.0615129	0.395529	0.131159	nan	1	nan	1	1	0	0	0.570305	0.391969
chr12:92500000-93000000	chr12	92500000	-1.28553	0.0591313	-1.05164	-0.220534	2	0.904875	-0.0352027	0.335922	-0.0767123	0.0446975	2	nan	1	1	0	0	0.575541	0.391749
chr12:93000000-93500000	chr12	93000000	-1.18921	0.185326	-1.12746	-0.152833	3	1.43987	-0.0442144	0.7678	-0.0212903	0.0630172	3	-0.074159	3	3	0	0	0.580778	0.416849
chr12:93500000-94000000	chr12	93500000	-0.917784	-0.0500968	-0.899441	-0.0660467	2	1.23834	-0.222928	-0.0998808	0.098857	0.15815	2	-0.0574134	2	2	0	0	0.586015	0.409876
chr12:94000000-94500000	chr12	94000000	-0.759441	-0.0761909	-0.825245	-0.299692	2	1.05441	-0.0162457	0.539494	-0.0782361	-0.108299	2	-0.212132	2	5	0	0	0.591252	0.41323
chr12:94500000-95000000	chr12	94500000	-0.702881	0.0415819	-0.957002	-0.240429	1	1.01876	0.038788	0.475237	-0.17152	nan	1	nan	1	2	0	0	0.596489	0.424425
chr12:95000000-95500000	chr12	95000000	-1.03014	0.0164301	-0.955953	-0.31186	5	1.33315	-0.113677	0.554447	-0.0518981	0.0384517	5	-0.00996484	5	4	0	0	0.601726	0.410044
chr12:95500000-96000000	chr12	95500000	-0.7391	-0.181857	-0.874743	-0.170416	6	0.973232	-0.145004	0.0377433	-0.0459357	0.133697	4	0.0639151	3	8	0	0	0.606963	0.414792
chr12:96000000-96500000	chr12	96000000	-0.73305	0.0301511	-0.673626	-0.101586	4	0.31522	0.0719011	0.398583	-0.10651	-0.0740118	4	-0.0779449	3	5	0	0.75	0.6122	0.420369
chr12:96500000-97000000	chr12	96500000	0.437117	-0.127576	0.655844	-0.044743	1	-0.714261	-0.19649	-1.08915	0.121242	nan	1	nan	1	1	0	0.75	0.617437	0.380588
chr12:97000000-97500000	chr12	97000000	1.23496	0.210066	1.17735	0.243729	1	-0.857875	-0.185643	-1.2206	0.117569	nan	0	nan	0	0	0	0.75	0.622674	0.38881
chr12:97500000-98000000	chr12	97500000	1.22618	0.11276	1.15432	0.0204071	0	-1.00655	-0.0117157	-0.916936	-0.123578	nan	0	nan	0	0	0	0.75	0.627911	0.383259
chr12:98000000-98500000	chr12	98000000	0.968984	0.0918948	1.01023	-0.148638	0	-0.919388	-0.0662971	0.120778	-0.0522019	nan	0	nan	0	1	0	0.75	0.633148	0.406007
chr12:98500000-99000000	chr12	98500000	0.585624	0.0566511	0.598164	0.276119	4	-0.670299	-0.0291361	-1.11612	-0.0590707	-0.0374772	4	-0.108657	4	6	0	0.75	0.638385	0.407356
chr12:99000000-99500000	chr12	99000000	1.12175	0.378226	1.42436	0.128226	0	-1.23301	-0.0104853	-1.3362	-0.0510338	nan	0	nan	0	0	0	0.75	0.643622	0.374635
chr12:99500000-100000000	chr12	99500000	1.18638	-0.0992905	1.18235	0.284826	2	-1.26418	0.0194133	-1.37185	0.0356442	nan	1	nan	1	1	0	0.75	0.648859	0.368876
chr12:100000000-100500000	chr12	100000000	0.510294	-0.144634	0.577116	-0.0227374	6	-0.910673	0.0516371	-0.787712	-0.0524404	0.0668685	4	-0.00302581	4	4	0	0.75	0.654096	0.405671
chr12:100500000-101000000	chr12	100500000	0.356956	-0.0411372	0.383482	-0.0236964	2	-1.15487	0.0730035	-1.24973	0.070678	0.0380106	2	0.0903988	2	2	0	0.75	0.659333	0.39517
chr12:101000000-101500000	chr12	101000000	0.682201	-0.27588	0.708063	-0.346095	4	-0.892324	0.0811164	-0.89526	0.0883013	0.0492139	2	0.0055828	2	3	0	0	0.66457	0.398328
chr12:101500000-102000000	chr12	101500000	0.462444	0.00807279	0.848746	-0.425708	5	-0.644253	-0.147473	0.0682412	-0.0392665	0.109658	3	-0.065562	3	5	0	0	0.669807	0.405985
chr12:102000000-102500000	chr12	102000000	0.98966	-0.162993	1.07609	-0.156233	5	-1.1204	0.00542611	0.209468	0.0269122	0.318077	4	0.0803157	4	2	0	0	0.675044	0.376898
chr12:102500000-103000000	chr12	102500000	1.18825	-0.127472	0.907854	-0.149552	2	-1.23292	-0.00709768	0.115649	0.0577897	nan	0	nan	0	6	0	0	0.680281	0.401878
chr12:103000000-103500000	chr12	103000000	1.38701	0.0414855	1.36905	0.230344	1	-1.31894	0.0479355	0.388481	-0.0507172	nan	1	nan	0	2	0	0	0.685518	0.383514
chr12:103500000-104000000	chr12	103500000	-0.14712	-0.0193444	-0.154392	-0.163647	5	-0.00375049	-0.18498	0.846836	-0.0530048	0.0628851	5	0.116699	3	4	0	0.5	0.690755	0.421678
chr12:104000000-104500000	chr12	104000000	-0.894032	-0.0788486	-0.932453	-0.197996	6	1.06138	-0.0839107	0.941545	-0.047714	0.0267354	6	-0.0544027	6	8	0	0.5	0.695991	0.426021
chr12:104500000-105000000	chr12	104500000	-0.724131	0.00229718	-0.755036	-0.211807	2	0.902327	-0.338181	0.863922	-0.0596313	0.239254	2	nan	1	3	0	0.5	0.701228	0.425834
chr12:105000000-105500000	chr12	105000000	-0.940488	0.134756	-0.977965	-0.229476	4	1.28687	0.0113971	0.638715	-0.0531388	-0.506448	4	0.00550956	4	3	0	0.5	0.706465	0.408127
chr12:105500000-106000000	chr12	105500000	-0.555894	-0.00740818	-0.926582	-0.0704396	0	1.255	-0.15796	-0.0178165	0.0355235	nan	0	nan	0	0	0	0.5	0.711702	0.416414
chr12:106000000-106500000	chr12	106000000	-0.548219	-0.207521	-0.534151	-0.203713	4	1.15271	-0.0175859	0.452	0.0779847	-0.158534	4	-0.0680951	4	5	0	0.5	0.716939	0.426841
chr12:106500000-107000000	chr12	106500000	-0.228679	-0.054765	-0.289355	-0.266162	4	0.830894	-0.116741	0.77835	0.07317	0.167758	3	-0.197754	3	8	0	0.5	0.722176	0.412526
chr12:107000000-107500000	chr12	107000000	-0.317822	-0.0369555	-0.227498	-0.369598	2	0.456632	0.369408	0.385925	0.0647052	0.0724373	2	nan	1	2	0	0.5	0.727413	0.426287
chr12:107500000-108000000	chr12	107500000	0.366473	-0.0910893	0.170407	-0.107196	3	0.468908	0.299958	0.775385	-0.0789926	-0.0923495	2	0.141774	2	6	0	0.5	0.73265	0.434761
chr12:108000000-108500000	chr12	108000000	1.08161	-0.292597	0.696689	-0.133094	2	0.664236	0.119831	1.02425	-0.0233581	0.135094	2	0.000977702	2	1	0	0.5	0.737887	0.454248
chr12:108500000-109000000	chr12	108500000	-0.835721	0.0661101	-0.808779	-0.029171	8	1.44162	0.0109927	1.21565	0.00916595	0.0193534	7	0.0745535	6	7	0	0	0.743124	0.461527
chr12:109000000-109500000	chr12	109000000	-0.310725	-0.258447	-0.598278	-0.281911	9	1.66733	-0.101724	0.927877	0.0210088	-0.0383332	8	0.0373185	6	8	0	0	0.748361	0.454763
chr12:109500000-110000000	chr12	109500000	-0.345032	-0.113851	-0.641029	-0.264922	8	1.7856	-0.0795024	1.26952	0.0708316	-0.000226871	8	0.103046	8	9	0	0	0.753598	0.495805
chr12:110000000-110500000	chr12	110000000	-1.27249	0.157609	-1.29371	0.010111	7	1.66576	-0.162473	1.21881	0.0320544	-0.0502597	7	0.0382552	7	6	0	0	0.758835	0.440654
chr12:110500000-111000000	chr12	110500000	-0.583264	-0.0739102	-0.643385	-0.343957	8	1.71264	-0.15439	1.22921	-0.0270671	-0.0987237	8	-0.00947267	7	6	0	0	0.764072	0.459532
chr12:111000000-111500000	chr12	111000000	-0.0719182	-0.320083	-0.457828	-0.160061	3	1.54666	0.0182682	1.14257	-0.0132225	0.134688	3	0.0232821	3	9	0	0	0.769309	0.489327
chr12:111500000-112000000	chr12	111500000	-0.935909	-0.0637342	-1.11126	-0.0308522	5	1.66804	-0.071952	1.23815	0.019465	0.081576	5	0.0717912	5	4	0	0.25	0.774546	0.447098
chr12:112000000-112500000	chr12	112000000	-0.858728	-0.0810577	-1.03083	-0.126052	7	1.60104	-0.0437556	1.37177	-0.0493415	0.0173164	7	-0.0210245	6	8	0	0	0.779783	0.432834
chr12:112500000-113000000	chr12	112500000	0.532973	-0.260999	0.208727	-0.196216	4	1.31576	-0.236117	0.932075	-0.000253598	0.0354582	2	nan	1	2	0	0	0.78502	0.442517
chr12:113000000-113500000	chr12	113000000	0.227032	-0.298217	-0.118582	-0.25218	12	1.58346	-0.0199229	1.2655	0.00334717	0.025836	8	0.0570192	6	17	0	0	0.790257	0.499699
chr12:113500000-114000000	chr12	113500000	0.906322	-0.136859	0.559912	-0.333423	1	1.32934	-0.107111	0.615041	0.0445336	nan	1	nan	1	2	0	0	0.795494	0.484371
chr12:114000000-114500000	chr12	114000000	0.8495	0.184374	0.555422	-0.0344738	1	1.36014	-0.0163425	0.338209	0.0245048	nan	1	nan	1	10	0	0.5	0.800731	0.443471
chr12:114500000-115000000	chr12	114500000	-0.0105193	-0.0306425	-0.159518	-0.28274	1	1.21386	0.0127135	0.199692	0.0562754	nan	1	nan	1	10	0	0.5	0.805968	0.443448
chr12:115000000-115500000	chr12	115000000	-0.00832872	-0.282027	-0.4977	-0.185252	0	1.28802	-0.20098	0.448808	-0.0628802	nan	0	nan	0	1	0	0.5	0.811204	0.422315
chr12:115500000-116000000	chr12	115500000	0.0878676	0.0598161	-0.0133066	-0.369763	0	1.21206	-0.176429	0.568181	0.0073138	nan	0	nan	0	1	0	0.5	0.816441	0.43112
chr12:116000000-116500000	chr12	116000000	-1.34831	0.212772	-1.24745	0.296361	1	1.38158	-0.216955	1.08512	0.0306797	nan	1	nan	1	1	0	0.5	0.821678	0.411277
chr12:116500000-117000000	chr12	116500000	-0.295785	-0.0168421	-0.495515	-0.435865	5	1.39451	-0.0254866	1.13655	-0.0207021	-0.0425612	5	0.0460774	4	8	0	0	0.826915	0.460912
chr12:117000000-117500000	chr12	117000000	0.566907	-0.175507	0.284077	-0.133646	3	0.776068	0.0350284	0.632988	-0.0368373	-0.110753	2	-0.125637	2	7	0	0	0.832152	0.471535
chr12:117500000-118000000	chr12	117500000	0.741288	-0.31686	0.431827	-0.374872	1	0.331422	0.147158	0.858908	-0.123174	nan	1	nan	0	2	0	0.5	0.837389	0.447168
chr12:118000000-118500000	chr12	118000000	0.116074	-0.0352092	0.0625894	-0.164798	6	0.247139	0.401221	1.08945	0.0528915	-0.0379712	6	-0.00555565	6	7	0	0.5	0.842626	0.429477
chr12:118500000-119000000	chr12	118500000	1.21869	0.113065	0.946779	-0.123475	1	-0.0077403	0.14842	0.2639	0.0381111	nan	1	nan	1	3	0	0.5	0.847863	0.425133
chr12:119000000-119500000	chr12	119000000	1.14487	-0.12039	0.584295	0.133128	2	0.837985	-0.0376726	0.362059	0.0756541	nan	1	-0.149964	2	2	0	0.5	0.8531	0.44377
chr12:119500000-120000000	chr12	119500000	0.378538	0.14235	0.318259	-0.339703	4	0.685569	0.248481	1.20634	0.0305281	-0.0429054	3	0.172026	3	6	0	0.5	0.858337	0.438195
chr12:120000000-120500000	chr12	120000000	-0.807795	0.0605175	-0.860739	-0.104005	14	1.76954	-0.124855	1.26152	-0.0285812	0.0683087	11	0.0545064	11	18	0	0.5	0.863574	0.4851
chr12:120500000-121000000	chr12	120500000	-1.04746	0.100272	-1.14157	-0.0623546	10	1.68361	-0.0610733	1.1881	-0.065955	0.0685797	7	0.0367651	8	11	0	0	0.868811	0.460994
chr12:121000000-121500000	chr12	121000000	-0.903241	-0.0602375	-1.09936	-0.182664	7	1.75713	-0.100575	1.17413	0.0219749	0.0743158	6	0.010144	5	12	0	0	0.874048	0.474377
chr12:121500000-122000000	chr12	121500000	-1.07095	0.201561	-1.20793	0.100288	8	1.77271	-0.158672	1.19235	0.026397	0.112996	8	0.082574	6	16	0	0	0.879285	0.504169
chr12:122000000-122500000	chr12	122000000	-1.14898	0.192944	-1.1014	-0.0996322	9	1.82419	-0.237308	1.06272	-3.04708e-05	-0.153881	7	0.0978219	7	8	0	0	0.884522	0.468787
chr12:122500000-123000000	chr12	122500000	-1.0396	0.188503	-1.17381	-0.0054977	13	1.74499	-0.180493	1.23366	-0.0478473	-0.0918969	10	-0.00188959	9	13	0	0	0.889759	0.46387
chr12:123000000-123500000	chr12	123000000	-0.840938	-0.0247337	-1.13673	-0.103135	8	1.75437	-0.210663	1.22942	-0.021195	0.0746071	8	-0.0122346	7	9	0	0	0.894996	0.483006
chr12:123500000-124000000	chr12	123500000	-0.704908	-0.189573	-1.02156	-0.198802	10	1.51509	-0.175341	1.24187	0.0704624	-0.049098	10	0.0419097	10	10	0	0	0.900233	0.463081
chr12:124000000-124500000	chr12	124000000	-0.448393	-0.0172395	-0.864837	-0.0787813	1	1.34325	-0.212904	1.11453	-0.0230363	nan	1	nan	1	18	0	0	0.90547	0.511089
chr12:124500000-125000000	chr12	124500000	-0.493536	-0.0296757	-0.758556	-0.00165851	5	1.29783	-0.122559	1.23329	0.0614594	-0.118141	5	0.120567	5	15	0	0	0.910707	0.515096
chr12:125000000-125500000	chr12	125000000	0.998697	-0.084396	0.554686	0.0221221	2	-0.192208	0.00846694	0.494292	-0.0106286	-0.0522049	2	-0.20766	2	8	0	0	0.915944	0.469368
chr12:125500000-126000000	chr12	125500000	1.16997	0.164804	0.883122	0.130667	0	-0.962285	-0.00310164	-0.351752	0.0954999	nan	0	nan	0	3	0	0.5	0.921181	0.416506
chr12:126000000-126500000	chr12	126000000	1.11591	0.144238	0.967948	-0.0385639	0	-1.02464	-0.0419728	-0.4369	-0.0282069	nan	0	nan	0	1	0	0.5	0.926418	0.408476
chr12:126500000-127000000	chr12	126500000	1.22535	-0.0661553	0.755109	0.303422	0	-1.03362	0.0593385	-0.293775	-0.024941	nan	0	nan	0	2	0	0.5	0.931654	0.403214
chr12:127000000-127500000	chr12	127000000	1.04291	0.191044	0.741621	0.116897	0	-0.960308	-0.024116	-0.323479	0.0570059	nan	0	nan	0	3	0	0.5	0.936891	0.415989
chr12:127500000-128000000	chr12	127500000	1.07316	0.0156305	0.765309	0.126817	0	-0.923607	0.000150038	-0.425831	0.139203	nan	0	nan	0	1	0	0.5	0.942128	0.410553
chr12:128000000-128500000	chr12	128000000	1.0978	0.250198	0.686338	0.301622	1	-0.801299	-0.0235023	-0.0614693	0.023622	nan	0	nan	0	3	0	0.5	0.947365	0.435248
chr12:128500000-129000000	chr12	128500000	0.853225	0.319344	0.703221	0.180845	2	-0.735216	0.0745832	0.800759	-0.0366007	nan	1	0.253318	2	6	0	0	0.952602	0.460018
chr12:129000000-129500000	chr12	129000000	0.976961	-0.14936	0.67397	-0.151554	0	-0.792128	0.0316311	0.310389	0.0427598	nan	0	nan	0	1	0	0	0.957839	0.431464
chr12:129500000-130000000	chr12	129500000	0.704958	0.0103113	0.448658	-0.0167307	1	-0.823794	0.0232755	0.29276	0.0592484	nan	1	nan	0	3	0	0	0.963076	0.430607
chr12:130000000-130500000	chr12	130000000	1.37912	-0.0578646	0.746631	0.159265	2	-0.742029	0.0157111	0.453473	-0.0616479	0.295322	2	nan	0	6	0	0	0.968313	0.465941
chr12:130500000-131000000	chr12	130500000	0.880139	0.0444155	0.733662	-0.0243417	4	-0.304296	-0.0582886	1.04034	0.0729446	-0.0607924	4	-0.145245	4	11	0	0	0.97355	0.476461
chr12:131000000-131500000	chr12	131000000	1.41175	-0.28108	0.978251	0.0685412	0	0.0408076	0.270329	0.946209	0.0451137	nan	0	nan	0	14	0	0	0.978787	0.507997
chr12:131500000-132000000	chr12	131500000	0.520098	-0.242071	0.0777206	0.107076	5	0.753009	0.126443	1.17357	0.0101453	-0.0481832	5	0.122874	4	20	0	0	0.984024	0.509497
chr12:132000000-132500000	chr12	132000000	-0.199658	-0.092973	-0.579087	0.224904	4	1.16159	0.215843	1.07746	-0.000385551	-0.131098	4	0.0691034	4	68	0.002	0	0.989261	0.556295
chr12:132500000-133000000	chr12	132500000	-0.440111	-0.0882392	-0.562049	-0.12377	10	0.860016	0.320429	1.18759	-0.00908843	-0.0232113	9	0.0926646	8	44	0	0	0.994498	0.528227
chr12:133000000-133500000	chr12	133000000	-0.478963	0.0186623	-0.307341	-0.499765	6	nan	nan	0.689106	-0.00345022	-0.164509	5	0.0674594	5	5	0.02	0	0.999735	0.429064
chr13:0-500000	chr13	0	nan	nan	nan	nan	0	nan	nan	nan	nan	nan	0	nan	0	0	1	nan	0.984848	nan
chr13:500000-1000000	chr13	500000	nan	nan	nan	nan	0	nan	nan	nan	nan	nan	0	nan	0	0	1	nan	0.954545	nan
chr13:1000000-1500000	chr13	1000000	nan	nan	nan	nan	0	nan	nan	nan	nan	nan	0	nan	0	0	1	nan	0.924242	nan
chr13:1500000-2000000	chr13	1500000	nan	nan	nan	nan	0	nan	nan	nan	nan	nan	0	nan	0	0	1	nan	0.893939	nan
chr13:2000000-2500000	chr13	2000000	nan	nan	nan	nan	0	nan	nan	nan	nan	nan	0	nan	0	0	1	nan	0.863636	nan
chr13:2500000-3000000	chr13	2500000	nan	nan	nan	nan	0	nan	nan	nan	nan	nan	0	nan	0	0	1	nan	0.833333	nan
chr13:3000000-3500000	chr13	3000000	nan	nan	nan	nan	0	nan	nan	nan	nan	nan	0	nan	0	0	1	nan	0.80303	nan
chr13:3500000-4000000	chr13	3500000	nan	nan	nan	nan	0	nan	nan	nan	nan	nan	0	nan	0	0	1	nan	0.772727	nan
chr13:4000000-4500000	chr13	4000000	nan	nan	nan	nan	0	nan	nan	nan	nan	nan	0	nan	0	0	1	nan	0.742424	nan
chr13:4500000-5000000	chr13	4500000	nan	nan	nan	nan	0	nan	nan	nan	nan	nan	0	nan	0	0	1	nan	0.712121	nan
chr13:5000000-5500000	chr13	5000000	nan	nan	nan	nan	0	nan	nan	nan	nan	nan	0	nan	0	0	1	nan	0.681818	nan
chr13:5500000-6000000	chr13	5500000	nan	nan	nan	nan	0	nan	nan	nan	nan	nan	0	nan	0	0	1	nan	0.651515	nan
chr13:6000000-6500000	chr13	6000000	nan	nan	nan	nan	0	nan	nan	nan	nan	nan	0	nan	0	0	1	nan	0.621212	nan
chr13:6500000-7000000	chr13	6500000	nan	nan	nan	nan	0	nan	nan	nan	nan	nan	0	nan	0	0	1	nan	0.590909	nan
chr13:7000000-7500000	chr13	7000000	nan	nan	nan	nan	0	nan	nan	nan	nan	nan	0	nan	0	0	1	nan	0.560606	nan
chr13:7500000-8000000	chr13	7500000	nan	nan	nan	nan	0	nan	nan	nan	nan	nan	0	nan	0	0	1	nan	0.530303	nan
chr13:8000000-8500000	chr13	8000000	nan	nan	nan	nan	0	nan	nan	nan	nan	nan	0	nan	0	0	1	nan	0.5	nan
chr13:8500000-9000000	chr13	8500000	nan	nan	nan	nan	0	nan	nan	nan	nan	nan	0	nan	0	0	1	nan	0.469697	nan
chr13:9000000-9500000	chr13	9000000	nan	nan	nan	nan	0	nan	nan	nan	nan	nan	0	nan	0	0	1	nan	0.439394	nan
chr13:9500000-10000000	chr13	9500000	nan	nan	nan	nan	0	nan	nan	nan	nan	nan	0	nan	0	0	1	nan	0.409091	nan
chr13:10000000-10500000	chr13	10000000	nan	nan	nan	nan	0	nan	nan	nan	nan	nan	0	nan	0	0	1	nan	0.378788	nan
chr13:10500000-11000000	chr13	10500000	nan	nan	nan	nan	0	nan	nan	nan	nan	nan	0	nan	0	0	1	nan	0.348485	nan
chr13:11000000-11500000	chr13	11000000	nan	nan	nan	nan	0	nan	nan	nan	nan	nan	0	nan	0	0	1	nan	0.318182	nan
chr13:11500000-12000000	chr13	11500000	nan	nan	nan	nan	0	nan	nan	nan	nan	nan	0	nan	0	0	1	nan	0.287879	nan
chr13:12000000-12500000	chr13	12000000	nan	nan	nan	nan	0	nan	nan	nan	nan	nan	0	nan	0	0	1	nan	0.257576	nan
chr13:12500000-13000000	chr13	12500000	nan	nan	nan	nan	0	nan	nan	nan	nan	nan	0	nan	0	0	1	nan	0.227273	nan
chr13:13000000-13500000	chr13	13000000	nan	nan	nan	nan	0	nan	nan	nan	nan	nan	0	nan	0	0	1	nan	0.19697	nan
chr13:13500000-14000000	chr13	13500000	nan	nan	nan	nan	0	nan	nan	nan	nan	nan	0	nan	0	0	1	nan	0.166667	nan
chr13:14000000-14500000	chr13	14000000	nan	nan	nan	nan	0	nan	nan	nan	nan	nan	0	nan	0	0	1	nan	0.136364	nan
chr13:14500000-15000000	chr13	14500000	nan	nan	nan	nan	0	nan	nan	nan	nan	nan	0	nan	0	0	1	nan	0.106061	nan
chr13:15000000-15500000	chr13	15000000	nan	nan	nan	nan	0	nan	nan	nan	nan	nan	0	nan	0	0	1	nan	0.0757576	nan
chr13:15500000-16000000	chr13	15500000	nan	nan	nan	nan	0	nan	nan	nan	nan	nan	0	nan	0	0	1	nan	0.0454545	nan
chr13:16000000-16500000	chr13	16000000	nan	nan	nan	nan	0	nan	nan	nan	nan	nan	0	nan	0	0	0.0016	nan	0.0151515	0.378116
chr13:16500000-17000000	chr13	16500000	nan	nan	nan	nan	0	nan	nan	nan	nan	nan	0	nan	0	0	0	nan	0	0.388527
chr13:17000000-17500000	chr13	17000000	nan	nan	nan	nan	0	nan	nan	nan	nan	nan	0	nan	0	0	0.0008	nan	0	0.387819
chr13:17500000-18000000	chr13	17500000	nan	nan	nan	nan	0	nan	nan	nan	nan	nan	0	nan	0	0	0	nan	0	0.386315
chr13:18000000-18500000	chr13	18000000	0.67822	0.0851648	0.580866	0.32803	0	nan	nan	nan	nan	nan	0	nan	0	3	0.34	nan	0	0.415648
chr13:18500000-19000000	chr13	18500000	0.816421	-0.025381	0.82966	0.063554	0	-0.86671	0.357913	-0.809167	0.192575	nan	0	nan	0	7	0	nan	0	0.412788
chr13:19000000-19500000	chr13	19000000	0.99448	-0.0651792	0.600147	0.212589	1	-0.821197	0.157718	-0.615252	0.0955205	nan	1	nan	0	2	0	0	0.00366629	0.425865
chr13:19500000-20000000	chr13	19500000	-0.450832	-0.0349537	-0.502461	0.00318697	5	0.328063	0.076316	1.06645	-0.0696262	-0.0356426	4	0.0940458	4	9	0	0	0.00890385	0.420598
chr13:20000000-20500000	chr13	20000000	-0.62902	-0.0459542	-0.832225	0.0485337	3	1.21706	0.0279501	1.25551	-0.194709	-0.33042	2	-0.258563	2	14	0	0	0.0141414	0.433749
chr13:20500000-21000000	chr13	20500000	-0.839605	-0.187759	-0.869733	-0.165554	5	1.3942	-0.111949	1.19273	-0.0463749	0.331146	5	-0.130679	5	9	0	0	0.019379	0.417883
chr13:21000000-21500000	chr13	21000000	-0.479213	-0.181952	-0.602589	-0.0671228	5	1.21774	0.144819	1.26878	-0.172343	0.129141	5	0.00233665	5	13	0	0	0.0246165	0.429805
chr13:21500000-22000000	chr13	21500000	-0.0296704	-0.0355692	-0.164243	-0.109151	2	0.994184	-0.0330439	0.64468	0.0114256	-0.038473	2	-0.0436698	2	3	0	0	0.0298541	0.415524
chr13:22000000-22500000	chr13	22000000	0.0767529	-0.0351736	0.104506	-0.022162	0	0.762797	-0.0349335	0.937496	-0.0899695	nan	0	nan	0	0	0	0	0.0350916	0.394901
chr13:22500000-23000000	chr13	22500000	0.206425	-0.23955	-0.0299618	0.0620107	0	0.62633	0.278095	-0.219998	0.109289	nan	0	nan	0	6	0	0.25	0.0403292	0.393783
chr13:23000000-23500000	chr13	23000000	-0.359517	0.0282145	-0.353433	0.00475399	2	0.566162	0.275682	0.4303	0.0330742	0.0170957	2	-0.121596	2	3	0	0.25	0.0455668	0.405798
chr13:23500000-24000000	chr13	23500000	-0.768778	-0.182425	-0.698804	-0.070424	3	0.79851	-0.0253295	1.00457	-0.214972	-0.0323278	3	-0.0906543	2	6	0	0.25	0.0508043	0.412278
chr13:24000000-24500000	chr13	24000000	0.12771	-0.484586	-0.300042	-0.204579	2	1.02753	0.270107	0.769336	-0.140132	-0.131288	2	nan	1	4	0	0.25	0.0560419	0.440472
chr13:24500000-25000000	chr13	24500000	-0.0804606	-0.234551	-0.112075	-0.333693	4	0.859817	0.0507201	0.809557	0.146832	nan	1	nan	1	9	0	0.25	0.0612794	0.421311
chr13:25000000-25500000	chr13	25000000	-0.0553182	-0.108935	-0.268151	0.0684252	5	1.05447	0.128251	0.979247	0.0260809	-0.0118629	5	-0.159515	4	9	0	0	0.066517	0.419832
chr13:25500000-26000000	chr13	25500000	-0.16124	-0.222598	-0.274292	-0.182491	0	1.06738	0.177237	-0.638513	0.112849	nan	0	nan	0	0	0	0	0.0717546	0.411689
chr13:26000000-26500000	chr13	26000000	-0.499531	-0.0824024	-0.298991	-0.254337	3	1.27881	-0.151106	0.133631	-0.146189	-0.34861	3	-0.0787743	3	5	0	0	0.0769921	0.405972
chr13:26500000-27000000	chr13	26500000	-0.199848	-0.158455	-0.133937	-0.18995	2	1.15805	0.227369	-0.450095	0.190778	nan	1	nan	1	2	0	0	0.0822297	0.434221
chr13:27000000-27500000	chr13	27000000	-0.880293	0.0739617	-0.812033	-0.210456	5	1.44386	0.0626979	1.08384	0.0303717	0.111129	5	0.0679813	5	5	0	0.25	0.0874672	0.433555
chr13:27500000-28000000	chr13	27500000	-0.335665	-0.185756	-0.570178	-0.0553197	6	1.17194	0.15067	1.07223	-0.102289	-0.120192	2	0.00673195	2	19	0	0.25	0.0927048	0.425646
chr13:28000000-28500000	chr13	28000000	-0.885986	-0.0419266	-0.936108	0.0204664	3	1.31632	0.0775346	1.31592	0.0631365	-0.252117	2	0.0132294	2	3	0	0.25	0.0979423	0.41026
chr13:28500000-29000000	chr13	28500000	-0.361684	-0.0616778	-0.375754	-0.205429	3	1.12066	-0.108965	1.05007	0.0780107	0.0562533	3	-0.0264993	3	6	0	0	0.10318	0.415543
chr13:29000000-29500000	chr13	29000000	-0.231023	0.0019443	-0.321657	-0.0369772	0	0.85748	-0.00181772	-0.568828	0.00279422	nan	0	nan	0	1	0	0	0.108417	0.409911
chr13:29500000-30000000	chr13	29500000	-0.660853	-0.345009	-0.985892	-0.0741572	2	1.2927	-0.038801	0.649125	-0.0386415	-0.18467	2	0.0548659	2	4	0	0	0.113655	0.424175
chr13:30000000-30500000	chr13	30000000	-1.14167	-0.0701741	-0.975072	-0.127989	3	1.29566	0.141928	1.12576	-0.0879493	0.0236647	3	-0.120115	2	7	0	0	0.118893	0.430651
chr13:30500000-31000000	chr13	30500000	-0.98328	-0.0291027	-1.00519	-0.0653917	4	1.4284	0.00408253	1.14999	0.0209721	0.197105	3	0.403006	2	4	0	0	0.12413	0.43541
chr13:31000000-31500000	chr13	31000000	-0.435596	0.00179661	-0.673323	-0.122081	2	0.827904	-0.229819	-0.389283	0.124628	0.212379	2	0.0512107	2	2	0	0	0.129368	0.418176
chr13:31500000-32000000	chr13	31500000	-0.578781	-0.0940778	-0.586023	-0.0765589	1	0.432356	-0.238588	-0.974139	0.222236	nan	0	nan	0	2	0	0.5	0.134605	0.389656
chr13:32000000-32500000	chr13	32000000	-0.802257	-0.12182	-0.668782	-0.230402	4	0.703775	0.354117	0.528583	-0.136139	-0.0781756	3	-0.048834	3	4	0	0.5	0.139843	0.3949
chr13:32500000-33000000	chr13	32500000	-0.794213	-0.257899	-1.1925	0.0959805	2	0.69573	-0.148875	1.17337	0.0184873	-0.102268	2	-0.0904581	2	1	0	0.5	0.14508	0.392188
chr13:33000000-33500000	chr13	33000000	-0.815473	-0.0305021	-0.976325	-0.0138386	2	0.497965	-0.0579503	0.878089	0.166312	0.14473	2	nan	1	2	0	0.5	0.150318	0.402528
chr13:33500000-34000000	chr13	33500000	-0.747714	-0.117058	-0.565511	-0.213086	1	-0.168415	-0.167011	0.992512	-0.0638818	nan	1	nan	1	2	0	0	0.155555	0.383639
chr13:34000000-34500000	chr13	34000000	-0.421115	-0.193182	-0.364359	-0.297359	0	-0.358955	-0.255955	-0.502146	0.0408251	nan	0	nan	0	0	0	0	0.160793	0.386871
chr13:34500000-35000000	chr13	34500000	-0.264425	-0.107726	-0.00460355	-0.336708	1	-0.0182999	-0.321123	-1.18858	-0.085352	nan	1	nan	1	1	0	0	0.166031	0.387763
chr13:35000000-35500000	chr13	35000000	-0.52242	0.0839228	0.0984529	-0.104691	1	-0.561368	-0.125353	-1.2513	-0.0137653	nan	1	nan	1	4	0	0.75	0.171268	0.345011
chr13:35500000-36000000	chr13	35500000	-0.018679	-0.189403	-0.166983	0.031175	0	-0.322971	0.100582	-1.25593	0.0585504	nan	0	nan	0	0	0	0.75	0.176506	0.394674
chr13:36000000-36500000	chr13	36000000	0.0973319	-0.209995	0.137593	-0.091936	5	-0.587079	0.221417	-1.2058	0.0180983	0.135652	4	0.218759	5	6	0	0.75	0.181743	0.39115
chr13:36500000-37000000	chr13	36500000	0.2743	-0.328354	0.286378	-0.215449	4	-0.119762	0.325719	-0.948038	-0.0961271	0.229265	4	-0.0837776	4	4	0	0.75	0.186981	0.397026
chr13:37000000-37500000	chr13	37000000	-0.737976	0.0459519	-0.413831	-0.279411	3	-0.732205	-0.0490891	-0.825922	-0.0632103	0.04751	3	0.0567042	2	2	0	0.75	0.192218	0.37829
chr13:37500000-38000000	chr13	37500000	-0.773218	-0.163041	-0.163972	-0.0363869	2	-1.17861	0.0437718	-1.38627	-0.0138104	-0.116834	2	-0.260837	2	1	0	0.75	0.197456	0.353728
chr13:38000000-38500000	chr13	38000000	0.292239	-0.0582473	0.688836	-0.158247	1	-1.37676	-0.00406463	-1.2698	0.113901	nan	1	nan	1	1	0	0.75	0.202694	0.358809
chr13:38500000-39000000	chr13	38500000	0.232768	0.0275083	0.382668	-0.0596385	2	-0.611039	0.150221	-1.35798	-0.0289356	nan	1	nan	1	1	0	0.75	0.207931	0.372633
chr13:39000000-39500000	chr13	39000000	-0.367216	0.0649653	-0.0418852	-0.156977	2	0.856657	-0.243982	-0.424574	-0.37892	-0.180055	2	-0.015295	2	2	0	0.75	0.213169	0.386301
chr13:39500000-40000000	chr13	39500000	-0.747813	-0.130975	-0.668172	-0.102858	2	0.660444	-0.146751	-0.175359	0.137501	-0.348321	2	-0.0163621	2	2	0	0	0.218406	0.382032
chr13:40000000-40500000	chr13	40000000	-0.360132	-0.151435	-0.647122	-0.187604	0	0.950811	0.106997	0.41623	0.29562	nan	0	nan	0	1	0	0	0.223644	0.423855
chr13:40500000-41000000	chr13	40500000	-0.664471	-0.0781382	-0.612286	-0.252506	3	0.868011	0.0996091	0.834196	0.0277068	0.0230513	3	0.142083	3	6	0	0	0.228881	0.418714
chr13:41000000-41500000	chr13	41000000	-1.18484	-0.113334	-1.03271	-0.00859768	7	1.09363	-0.0292612	1.34156	-0.0122434	-0.256746	7	0.0546665	7	5	0	0	0.234119	0.400579
chr13:41500000-42000000	chr13	41500000	-1.28281	0.00505859	-1.12399	-0.140163	1	1.01218	0.0854995	1.25382	-0.0387228	nan	1	nan	1	1	0	0	0.239356	0.383279
chr13:42000000-42500000	chr13	42000000	-1.07833	-0.196552	-0.990399	-0.251	2	1.27483	-0.0187304	1.3553	0.0574184	-0.278224	2	-0.259561	2	3	0	0	0.244594	0.389851
chr13:42500000-43000000	chr13	42500000	-0.775649	-0.330005	-0.927797	-0.531653	3	1.24225	0.132098	1.2107	-0.0756984	nan	1	nan	1	1	0	0	0.249832	0.400548
chr13:43000000-43500000	chr13	43000000	-1.13356	0.131124	-1.20786	-0.0834764	1	1.18198	0.0376137	0.969263	-0.163486	nan	1	nan	1	1	0	0	0.255069	0.401934
chr13:43500000-44000000	chr13	43500000	-1.22311	0.00266645	-1.13897	-0.313129	3	1.05756	0.256944	-0.593183	0.128909	-0.102469	3	-0.196819	3	6	0	0	0.260307	0.381834
chr13:44000000-44500000	chr13	44000000	-0.982882	-0.146945	-1.06847	-0.257596	1	1.59353	0.0402719	-0.519096	0.175433	nan	1	nan	1	4	0	0	0.265544	0.419196
chr13:44500000-45000000	chr13	44500000	-1.09613	-0.132263	-1.04108	-0.108519	3	1.65716	-0.177183	0.24153	0.2238	0.067207	3	-0.0988515	3	2	0	0.25	0.270782	0.418817
chr13:45000000-45500000	chr13	45000000	-1.4093	0.24336	-1.19082	-0.128769	5	1.74828	-0.207499	1.32838	0.0118272	0.229027	5	-0.0226963	4	6	0	0	0.276019	0.422519
chr13:45500000-46000000	chr13	45500000	-0.491264	-0.185689	-0.581412	-0.423677	3	1.58946	-0.159592	1.02785	-0.0983103	0.104211	2	nan	1	1	0	0	0.281257	0.4248
chr13:46000000-46500000	chr13	46000000	-0.806533	-0.199291	-0.783352	-0.27625	5	1.19132	0.0186799	0.954612	0.188306	-0.11076	3	nan	1	3	0	0	0.286494	0.39289
chr13:46500000-47000000	chr13	46500000	-0.679536	-0.0566118	-0.708195	-0.137518	3	-0.0583501	0.0152282	0.602318	0.0764771	-0.00766076	2	0.0563528	2	2	0	0.5	0.291732	0.393272
chr13:47000000-47500000	chr13	47000000	-0.197259	-0.00411451	-0.203193	-0.0864318	0	-1.03595	0.0523125	-1.12095	0.0330708	nan	0	nan	0	0	0	0.5	0.29697	0.377209
chr13:47500000-48000000	chr13	47500000	0.333301	-0.28965	0.152216	-0.372342	0	-1.10675	0.13701	-1.15999	0.17158	nan	0	nan	0	0	0	0.5	0.302207	0.397816
chr13:48000000-48500000	chr13	48000000	-0.672252	-0.147189	-0.370566	-0.313121	6	0.0796741	-0.132914	0.575374	-0.147141	-0.0595007	6	-0.0610754	6	7	0	0.5	0.307445	0.389364
chr13:48500000-49000000	chr13	48500000	-0.687631	0.0181562	-0.601907	-0.191664	3	0.31423	0.0837438	0.108814	-0.214083	-0.133529	2	0.0474695	2	2	0	0.5	0.312682	0.400811
chr13:49000000-49500000	chr13	49000000	-1.16775	0.117442	-0.85991	-0.18333	5	1.07206	0.00955345	1.22711	-0.00450163	0.000272907	4	0.00572421	4	4	0	0.5	0.31792	0.38768
chr13:49500000-50000000	chr13	49500000	-0.954594	-0.153328	-1.03274	-0.218305	6	1.52435	-0.068924	1.34023	0.0100242	0.119952	5	-0.0157851	6	6	0	0.5	0.323157	0.422965
chr13:50000000-50500000	chr13	50000000	-1.22253	-0.234411	-1.19218	-0.0378258	1	1.22755	0.0425534	1.16556	0.0690622	nan	1	nan	0	4	0	0.5	0.328395	0.395455
chr13:50500000-51000000	chr13	50500000	-1.01079	-0.0275444	-1.1528	-0.094918	2	1.16935	0.131869	1.28888	0.0114307	nan	1	nan	1	2	0	0	0.333632	0.397211
chr13:51000000-51500000	chr13	51000000	-0.981138	0.279863	-0.795832	-0.316857	4	1.41905	-0.024014	1.16274	0.0378808	-0.0428577	2	0.376927	2	3	0	0	0.33887	0.415438
chr13:51500000-52000000	chr13	51500000	-0.558729	0.0639153	-0.47409	-0.364615	4	1.17526	-0.0621478	1.35618	0.0177607	0.176507	2	-0.0216951	3	2	0	0	0.344108	0.423264
chr13:52000000-52500000	chr13	52000000	-0.692826	-0.0597656	-0.518718	-0.230431	8	0.83144	0.126572	0.514051	0.00562372	-0.131524	7	-0.0106568	7	10	0	0	0.349345	0.409618
chr13:52500000-53000000	chr13	52500000	0.309034	-0.0244956	0.275173	-0.161032	4	0.778327	-0.0612515	1.07336	-0.08444	0.171415	3	0.050669	2	6	0	0	0.354583	0.422587
chr13:53000000-53500000	chr13	53000000	0.914041	0.134322	0.773909	0.0583187	1	-0.550004	0.0724715	-0.805212	-0.0836883	nan	0	nan	0	1	0	0	0.35982	0.398961
chr13:53500000-54000000	chr13	53500000	0.56658	0.106974	0.850027	0.0850222	0	-1.19678	0.156137	-1.38961	-0.0745427	nan	0	nan	0	0	0	0	0.365058	0.354581
chr13:54000000-54500000	chr13	54000000	0.453293	0.225933	0.542582	0.365608	0	-0.838314	-0.00625798	-1.36203	-0.043437	nan	0	nan	0	0	0	0	0.370295	0.358682
chr13:54500000-55000000	chr13	54500000	0.549111	0.218199	0.562782	0.418129	0	-1.11959	0.168964	-1.35792	-0.0443297	nan	0	nan	0	0	0	1	0.375533	0.361701
chr13:55000000-55500000	chr13	55000000	0.154227	0.305893	0.5481	0.589058	0	-1.2384	0.0525998	-1.36951	-0.0410876	nan	0	nan	0	0	0	1	0.380771	0.340855
chr13:55500000-56000000	chr13	55500000	0.203131	0.192833	0.405471	0.6071	0	-1.39469	0.0949144	-1.39364	-0.0429347	nan	0	nan	0	0	0	1	0.386008	0.34048
chr13:56000000-56500000	chr13	56000000	0.169326	0.375517	0.489187	0.627041	0	-1.51535	0.109313	-1.41001	-0.00915098	nan	0	nan	0	0	0	1	0.391246	0.340605
chr13:56500000-57000000	chr13	56500000	0.0910778	0.263584	0.266548	0.656523	0	-1.49506	0.155287	-1.4044	0.00684996	nan	0	nan	0	0	0	1	0.396483	0.33785
chr13:57000000-57500000	chr13	57000000	0.0145595	0.341985	0.464514	0.52725	5	-1.32099	0.0167895	-1.30699	-0.0256822	nan	0	nan	0	5	0	1	0.401721	0.352503
chr13:57500000-58000000	chr13	57500000	0.236709	0.251984	0.472255	0.362553	1	-0.827221	-0.0243527	-1.37135	-0.0188929	nan	1	nan	1	2	0	1	0.406958	0.344693
chr13:58000000-58500000	chr13	58000000	0.335998	0.188831	0.690613	0.114085	0	-0.963281	-0.0319467	-1.18268	-0.151799	nan	0	nan	0	0	0	1	0.412196	0.346277
chr13:58500000-59000000	chr13	58500000	0.0924729	0.304432	0.387408	0.155051	0	-0.798325	-0.0557525	-0.981886	-0.128807	nan	0	nan	0	0	0	1	0.417433	0.357887
chr13:59000000-59500000	chr13	59000000	-0.104716	-0.0984206	-0.0611789	-0.276849	0	0.193247	-0.234735	-1.18761	-0.0106113	nan	0	nan	0	0	0	0	0.422671	0.382577
chr13:59500000-60000000	chr13	59500000	-0.312148	-0.227158	-0.0329047	-0.360558	0	0.728713	-0.249249	0.00572576	-0.128498	nan	0	nan	0	0	0	0	0.427909	0.369674
chr13:60000000-60500000	chr13	60000000	0.0213284	-0.244606	0.230492	-0.136869	2	0.46696	-0.0863435	0.932282	-0.179656	0.0648025	2	-0.00215445	2	2	0	0	0.433146	0.374909
chr13:60500000-61000000	chr13	60500000	0.522118	0.294319	0.677584	0.065982	0	-0.738341	0.33474	0.148994	-0.220641	nan	0	nan	0	0	0	0	0.438384	0.375462
chr13:61000000-61500000	chr13	61000000	0.367934	0.0772732	0.611328	0.216053	1	-0.790509	0.489954	-0.582764	0.0723414	nan	1	nan	1	0	0	0	0.443621	0.35603
chr13:61500000-62000000	chr13	61500000	0.455412	0.346939	1.03693	0.175772	0	-1.29418	0.0412178	-1.37828	0.00934464	nan	0	nan	0	0	0	0	0.448859	0.346048
chr13:62000000-62500000	chr13	62000000	0.301117	0.295523	0.867621	0.114041	0	-0.584107	-0.213466	0.147605	-0.0175498	nan	0	nan	0	0	0	0.75	0.454096	0.344964
chr13:62500000-63000000	chr13	62500000	-0.0223278	0.195189	0.617898	0.235062	0	-1.12305	-0.0351248	-0.976801	-0.0240718	nan	0	nan	0	0	0	0.75	0.459334	0.33539
chr13:63000000-63500000	chr13	63000000	-0.351702	0.0737752	0.0557634	0.116522	0	-1.09936	0.0155774	-1.34533	0.0697554	nan	0	nan	0	0	0	0.75	0.464571	0.341913
chr13:63500000-64000000	chr13	63500000	-0.0892522	0.00390218	0.386047	-0.119153	2	-1.04607	-0.147384	-1.24973	0.11419	nan	0	nan	0	2	0	0.75	0.469809	0.348555
chr13:64000000-64500000	chr13	64000000	-0.340528	-0.00432172	0.0887055	-0.0516871	0	-1.1508	-0.0516748	-0.819515	-0.0548466	nan	0	nan	0	0	0	0.75	0.475047	0.34007
chr13:64500000-65000000	chr13	64500000	-0.644562	0.0194818	-0.254643	-0.0809949	0	-1.11847	0.0919859	-1.27555	-0.136462	nan	0	nan	0	0	0	0.75	0.480284	0.342178
chr13:65000000-65500000	chr13	65000000	-0.303128	-0.247889	-0.0343681	-0.0708139	0	-1.0557	0.110952	-0.564714	-0.624828	nan	0	nan	0	0	0	0	0.485522	0.34465
chr13:65500000-66000000	chr13	65500000	-0.579277	-0.224176	-0.168796	-0.215468	0	-0.845139	-0.0816783	-1.00737	-0.291544	nan	0	nan	0	0	0	0	0.490759	0.344001
chr13:66000000-66500000	chr13	66000000	-0.20372	-0.289181	-0.113448	-0.0407236	0	-0.269548	-0.320413	-1.25427	0.0647146	nan	0	nan	0	0	0	0	0.495997	0.353398
chr13:66500000-67000000	chr13	66500000	-0.342646	-0.356287	-0.185608	-0.0504805	0	-0.395169	-0.10248	-1.36849	-0.0459867	nan	0	nan	0	0	0	0	0.501234	0.346394
chr13:67000000-67500000	chr13	67000000	-0.469131	-0.00633398	-0.0969555	0.123914	1	-0.43376	-0.160092	-1.25751	-0.0871671	nan	1	nan	1	1	0	0	0.506472	0.350251
chr13:67500000-68000000	chr13	67500000	0.198319	0.148596	0.510799	0.2619	0	-1.02504	-0.171862	-1.3952	-0.0602236	nan	0	nan	0	0	0	0	0.511709	0.348775
chr13:68000000-68500000	chr13	68000000	0.129072	0.290699	0.560826	0.20955	0	-1.24292	-0.09135	-0.993909	-0.0405861	nan	0	nan	0	0	0	1	0.516947	0.348261
chr13:68500000-69000000	chr13	68500000	0.0907891	0.305338	0.532797	0.39762	0	-1.09093	0.0547303	-1.2933	0.0847084	nan	0	nan	0	1	0	1	0.522185	0.335618
chr13:69000000-69500000	chr13	69000000	0.396527	0.496342	0.78934	0.412693	0	-1.14708	-0.0294426	-1.34834	0.217415	nan	0	nan	0	0	0	1	0.527422	0.337543
chr13:69500000-70000000	chr13	69500000	0.451263	0.199583	0.678748	0.719585	0	-1.01391	0.0372951	-0.756962	-0.0379163	nan	0	nan	0	0	0	1	0.53266	0.3444
chr13:70000000-70500000	chr13	70000000	0.445509	0.243824	0.786885	0.50242	2	-1.32819	0.0219422	-1.42032	-0.0320691	nan	0	nan	0	1	0	1	0.537897	0.343717
chr13:70500000-71000000	chr13	70500000	0.180885	0.0763851	0.536011	0.200732	0	-1.35477	-0.0149339	-1.45188	0.0383622	nan	0	nan	0	0	0	1	0.543135	0.339152
chr13:71000000-71500000	chr13	71000000	0.26017	-0.125039	0.671506	0.107834	0	-1.19853	0.0202134	-1.20385	-0.0884116	nan	0	nan	0	0	0	1	0.548372	0.349649
chr13:71500000-72000000	chr13	71500000	0.0961874	-0.211767	0.436226	0.0256566	1	-0.513849	-0.132568	-1.32731	-0.0435917	nan	1	nan	1	2	0	1	0.55361	0.344312
chr13:72000000-72500000	chr13	72000000	0.147657	-0.102468	0.41711	-0.235398	0	-1.07247	-0.105697	-1.41644	-0.0757949	nan	0	nan	0	0	0	1	0.558847	0.363093
chr13:72500000-73000000	chr13	72500000	-0.0977909	-0.116163	0.162745	-0.317645	4	-0.486788	0.118333	0.201158	-0.198892	-0.127304	4	-0.0398928	4	2	0	1	0.564085	0.373716
chr13:73000000-73500000	chr13	73000000	-0.188317	-0.250072	-0.24883	-0.118474	1	-0.975327	-0.0117825	-0.655328	0.0194919	nan	1	nan	1	1	0	0	0.569323	0.397707
chr13:73500000-74000000	chr13	73500000	-0.313753	-0.0700231	-0.317242	-0.154776	0	-0.450296	0.183578	-0.905567	-0.0386466	nan	0	nan	0	0	0	0	0.57456	0.385109
chr13:74000000-74500000	chr13	74000000	-0.524811	-0.127469	-0.344258	-0.160008	1	-0.227422	0.223593	-0.800022	0.138112	nan	1	nan	1	2	0	0	0.579798	0.378388
chr13:74500000-75000000	chr13	74500000	-0.243126	-0.153095	-0.142527	-0.34553	0	-0.739439	0.0619317	-1.23621	-0.135269	nan	0	nan	0	0	0	0	0.585035	0.373617
chr13:75000000-75500000	chr13	75000000	-0.512702	-0.0791269	-0.279255	-0.492758	1	-0.271452	0.323437	-0.30461	-0.0552503	nan	1	nan	1	1	0	0.5	0.590273	0.383783
chr13:75500000-76000000	chr13	75500000	-0.838775	-0.0281309	-0.604384	-0.135558	3	1.31602	0.0426869	1.22607	-0.0933129	0.08594	3	-0.0192628	3	3	0	0.5	0.59551	0.382708
chr13:76000000-76500000	chr13	76000000	-0.323976	0.074414	-0.0194981	-0.244589	0	1.14913	-0.0103867	-1.38848	-0.0327681	nan	0	nan	0	0	0	0.5	0.600748	0.363038
chr13:76500000-77000000	chr13	76500000	-0.20691	-0.0575752	-0.162998	-0.0794807	3	1.26226	0.057792	-1.32052	0.0348302	0.00288684	2	0.0683356	2	3	0	0	0.605986	0.393956
chr13:77000000-77500000	chr13	77000000	0.0854621	-0.115291	0.265364	-0.104103	3	-0.152443	0.443287	1.3081	-0.00609121	-0.151136	2	0.00419701	2	3	0	0	0.611223	0.371866
chr13:77500000-78000000	chr13	77500000	0.821576	-0.0612469	1.05906	-0.0130903	3	-0.733121	0.251735	1.17368	-0.0161743	-0.116009	2	-0.380717	2	2	0	0	0.616461	0.376663
chr13:78000000-78500000	chr13	78000000	0.772697	0.0555355	0.77309	0.172591	0	-1.1288	0.221981	0.468287	0.122425	nan	0	nan	0	0	0	0	0.621698	0.365073
chr13:78500000-79000000	chr13	78500000	1.0403	0.163571	1.22096	-0.276546	2	-0.768993	0.0201317	-0.50296	0.231734	-0.0199099	2	nan	1	6	0	1	0.626936	0.38269
chr13:79000000-79500000	chr13	79000000	0.269826	0.13162	0.584558	-0.136532	2	-0.715278	0.119138	1.14321	0.0724372	-0.156162	2	-0.138795	2	2	0	1	0.632173	0.372436
chr13:79500000-80000000	chr13	79500000	-0.242727	-0.0715005	-0.129099	-0.272329	0	0.671223	-0.0763001	0.0548731	-0.0182765	nan	0	nan	0	0	0	1	0.637411	0.381404
chr13:80000000-80500000	chr13	80000000	-0.534722	-0.0191731	-0.394477	0.0709971	1	0.365352	0.360026	0.213722	-0.132823	nan	1	nan	1	3	0	1	0.642648	0.3882
chr13:80500000-81000000	chr13	80500000	0.235231	0.372798	0.587372	0.301807	0	-0.859541	0.130728	-1.09702	-0.0273713	nan	0	nan	0	1	0	1	0.647886	0.359028
chr13:81000000-81500000	chr13	81000000	0.517729	0.345822	0.598974	0.489356	0	-1.08899	-0.047717	-1.41307	-0.0083235	nan	0	nan	0	0	0	1	0.653124	0.351015
chr13:81500000-82000000	chr13	81500000	0.318988	0.289718	0.68863	0.36097	0	-1.14461	-0.0423753	-1.27436	-0.0979171	nan	0	nan	0	0	0	1	0.658361	0.345514
chr13:82000000-82500000	chr13	82000000	0.216219	0.358765	0.639003	0.309302	0	-1.00653	-0.142583	-1.4295	-0.0150836	nan	0	nan	0	0	0	1	0.663599	0.343071
chr13:82500000-83000000	chr13	82500000	-0.043221	0.430073	0.268798	0.524302	0	-1.00956	-0.178537	-1.28605	0.0189942	nan	0	nan	0	0	0	1	0.668836	0.339403
chr13:83000000-83500000	chr13	83000000	-0.196326	0.352563	0.324558	0.32726	0	-1.02526	-0.186606	-0.320381	-0.584601	nan	0	nan	0	0	0	1	0.674074	0.342382
chr13:83500000-84000000	chr13	83500000	-0.0815499	0.216163	0.242624	0.238165	1	-0.866212	-0.214845	0.683137	-1.09899	nan	0	nan	0	1	0	1	0.679311	0.350986
chr13:84000000-84500000	chr13	84000000	-0.0393071	0.0705119	0.196532	0.0165654	0	-0.95326	-0.217821	0.892458	-0.794301	nan	0	nan	0	0	0	1	0.684549	0.345561
chr13:84500000-85000000	chr13	84500000	0.044635	0.100183	0.456831	0.24119	0	-0.918646	-0.0995335	-0.636033	-0.336316	nan	0	nan	0	0	0	1	0.689786	0.348469
chr13:85000000-85500000	chr13	85000000	0.105455	-0.0234289	0.469032	-0.129514	0	-1.11281	0.0463986	-1.24249	-0.197841	nan	0	nan	0	0	0	1	0.695024	0.35075
chr13:85500000-86000000	chr13	85500000	-0.0728787	0.0940742	0.500421	-0.0357833	1	-0.930449	-0.0936169	0.106563	-0.497582	nan	1	nan	0	0	0	1	0.700262	0.345648
chr13:86000000-86500000	chr13	86000000	0.320228	0.251626	0.756834	0.233971	0	-0.951917	-0.0664371	nan	nan	nan	0	nan	0	0	0.1	1	0.705499	0.341995
chr13:86500000-87000000	chr13	86500000	0.0956564	0.177719	0.342339	0.0817389	0	-1.0003	-0.0378377	-1.42113	-0.00115878	nan	0	nan	0	0	0	1	0.710737	0.347461
chr13:87000000-87500000	chr13	87000000	-0.1861	-0.0460687	0.0656716	0.182692	0	-1.04784	-0.00776805	-1.31259	0.0467329	nan	0	nan	0	0	0	0	0.715974	0.340449
chr13:87500000-88000000	chr13	87500000	-0.0706764	0.190675	0.330017	0.172855	1	-1.00015	-0.135604	-0.278092	-0.00194796	nan	1	nan	1	3	0	0	0.721212	0.344173
chr13:88000000-88500000	chr13	88000000	0.271906	0.130373	0.384601	0.229573	0	-0.973304	0.0826256	-0.878986	-0.234693	nan	0	nan	0	0	0	0	0.726449	0.35042
chr13:88500000-89000000	chr13	88500000	0.236573	0.475358	0.588092	0.340334	0	-0.824878	-0.157389	-0.981005	0.0455146	nan	0	nan	0	0	0	0	0.731687	0.340317
chr13:89000000-89500000	chr13	89000000	-0.000744696	0.17503	0.0286545	0.563771	0	-0.752681	0.163066	-1.16976	-0.0660062	nan	0	nan	0	1	0	0	0.736924	0.342129
chr13:89500000-90000000	chr13	89500000	-0.16478	0.0718773	0.36453	0.123256	0	-0.751098	-0.124926	-1.33253	0.055391	nan	0	nan	0	0	0	1	0.742162	0.347828
chr13:90000000-90500000	chr13	90000000	-0.0131746	-0.160868	0.210902	0.0632769	0	-0.6804	-0.135424	-1.32792	-0.00897038	nan	0	nan	0	0	0	1	0.7474	0.352465
chr13:90500000-91000000	chr13	90500000	0.326943	-0.189769	0.415261	-0.0492089	0	-0.612176	-0.149701	-1.32203	-0.0400125	nan	0	nan	0	0	0	1	0.752637	0.365061
chr13:91000000-91500000	chr13	91000000	0.363178	0.139808	0.61224	-0.138196	2	-0.832345	-0.11247	-0.508884	0.000251062	nan	1	nan	1	3	0	1	0.757875	0.37095
chr13:91500000-92000000	chr13	91500000	0.170881	0.266212	0.686349	-0.144466	0	-1.17985	-0.0421532	-1.25257	0.0190904	nan	0	nan	0	0	0	1	0.763112	0.360354
chr13:92000000-92500000	chr13	92000000	-0.292297	0.10258	0.206069	-0.139736	0	-1.23991	-0.0455467	-1.41788	0.062632	nan	0	nan	0	0	0	1	0.76835	0.356285
chr13:92500000-93000000	chr13	92500000	-0.264637	-0.055333	-0.125724	-0.130966	0	-1.1853	0.0734249	-1.36765	-0.0491577	nan	0	nan	0	0	0	1	0.773587	0.359303
chr13:93000000-93500000	chr13	93000000	-0.697009	0.159901	-0.335601	-0.216423	1	-0.331877	-0.232702	-1.33486	0.0155416	nan	1	nan	1	1	0	1	0.778825	0.370992
chr13:93500000-94000000	chr13	93500000	-0.741172	-0.209559	-0.603165	-0.126459	0	-0.246894	-0.149917	-1.39688	-0.035654	nan	0	nan	0	0	0	1	0.784063	0.361934
chr13:94000000-94500000	chr13	94000000	-0.199787	-0.223931	-0.336161	-0.247303	1	-0.354045	-0.310053	-1.33843	-0.0782881	nan	0	nan	0	0	0	1	0.7893	0.385791
chr13:94500000-95000000	chr13	94500000	0.332194	-0.128573	0.267193	-0.34454	3	-0.910024	0.0693342	-0.426804	-0.18138	-0.0454966	3	-0.0570763	2	8	0	0	0.794538	0.400427
chr13:95000000-95500000	chr13	95000000	0.147496	-0.393573	0.256551	-0.571641	1	-0.386409	-0.177649	0.896096	-0.181926	nan	1	nan	1	3	0	0	0.799775	0.427724
chr13:95500000-96000000	chr13	95500000	-0.132094	-0.0158254	0.187944	-0.325684	3	0.0732078	-6.18539e-05	0.805392	-0.313249	0.05722	2	-0.027181	2	4	0	0	0.805013	0.391376
chr13:96000000-96500000	chr13	96000000	0.841763	0.1393	0.899754	0.0325739	2	-0.520416	-0.0494579	-0.767252	-0.0364972	-0.138731	2	-0.0774816	2	2	0	0	0.81025	0.382105
chr13:96500000-97000000	chr13	96500000	0.919903	0.0897992	0.754236	0.194579	1	-0.735654	0.00364101	-1.4557	-0.0400183	nan	0	nan	0	1	0	0	0.815488	0.383339
chr13:97000000-97500000	chr13	97000000	-0.50508	0.0607086	-0.411345	0.00958261	2	0.804461	-0.0262194	-0.687279	-0.0317854	-0.155793	2	-0.182118	2	2	0	0	0.820725	0.396498
chr13:97500000-98000000	chr13	97500000	0.18615	-0.136295	-0.0585519	-0.218322	1	0.758542	0.182437	0.144127	-0.297845	nan	1	nan	1	1	0	0.25	0.825963	0.4072
chr13:98000000-98500000	chr13	98000000	-0.654517	0.121897	-0.496387	-0.37179	2	1.54375	-0.0297433	-0.171739	-0.0333955	nan	1	nan	1	3	0	0.25	0.831201	0.444391
chr13:98500000-99000000	chr13	98500000	-0.482362	-0.192724	-0.653148	-0.360028	3	1.77969	-0.226854	0.593274	0.150114	-0.237048	2	-0.0165173	2	2	0	0	0.836438	0.440219
chr13:99000000-99500000	chr13	99000000	-0.523183	-0.101916	-0.784482	-0.0765128	3	1.64213	-0.0865888	0.931995	0.0160622	-0.190644	2	0.213982	2	4	0	0	0.841676	0.430424
chr13:99500000-100000000	chr13	99500000	-0.013785	-0.11016	-0.0355151	-0.307591	4	1.08714	0.0210196	1.17538	-0.00883792	-0.102271	4	0.000256908	2	12	0	0	0.846913	0.435039
chr13:100000000-100500000	chr13	100000000	-0.381739	-0.126208	-0.20203	-0.235939	1	0.555941	0.295889	0.963917	-0.0447535	nan	1	nan	1	1	0	0	0.852151	0.406158
chr13:100500000-101000000	chr13	100500000	0.53343	-0.189396	0.497895	-0.426461	2	0.627859	-0.10597	0.175726	0.0347263	-0.058382	2	0.132136	2	3	0	0	0.857388	0.427401
chr13:101000000-101500000	chr13	101000000	0.214441	0.0751479	0.40969	-0.109173	2	-1.13577	0.13414	-1.23127	0.00161319	nan	1	nan	0	2	0	1	0.862626	0.383156
chr13:101500000-102000000	chr13	101500000	0.39262	-0.0870644	0.705509	-0.00546435	1	-1.22874	0.0460533	-1.34519	-0.0372246	nan	1	nan	1	1	0	1	0.867863	0.365949
chr13:102000000-102500000	chr13	102000000	1.14568	0.237951	1.16771	0.178083	0	-1.18035	0.00298183	-1.35393	-0.0113948	nan	0	nan	0	2	0	1	0.873101	0.377149
chr13:102500000-103000000	chr13	102500000	0.457382	-0.0774711	0.629259	-0.19592	7	0.0540101	0.0976009	-0.179345	0.0890214	0.0922253	5	-0.0262211	5	4	0	1	0.878339	0.393427
chr13:103000000-103500000	chr13	103000000	0.609274	0.273	0.692616	0.122916	1	0.405467	-0.103427	0.97918	0.0421126	nan	0	nan	0	0	0	1	0.883576	0.381049
chr13:103500000-104000000	chr13	103500000	0.170329	0.237451	0.667434	0.158387	0	0.0178395	-0.0986211	-0.528517	-0.118484	nan	0	nan	0	0	0	1	0.888814	0.356431
chr13:104000000-104500000	chr13	104000000	-0.0772162	0.259255	0.377063	0.0904273	0	-0.654144	-0.135872	-1.12617	-0.101873	nan	0	nan	0	0	0	0	0.894051	0.358666
chr13:104500000-105000000	chr13	104500000	0.0164135	0.189629	0.260848	-0.073093	0	-0.189479	-0.195955	-0.981909	-0.306786	nan	0	nan	0	0	0	0	0.899289	0.361175
chr13:105000000-105500000	chr13	105000000	-0.392654	0.020572	-0.0682387	-0.360234	1	0.0157308	0.011629	-1.10843	-0.09552	nan	0	nan	0	0	0	0	0.904526	0.35756
chr13:105500000-106000000	chr13	105500000	-0.58047	-8.73858e-05	-0.429351	-0.359448	0	0.489843	0.0636909	-1.34349	0.00143973	nan	0	nan	0	0	0	0	0.909764	0.372451
chr13:106000000-106500000	chr13	106000000	-0.448043	-0.179144	-0.596988	-0.248557	0	0.748773	-0.093587	-1.20679	0.147725	nan	0	nan	0	1	0	0	0.915001	0.396371
chr13:106500000-107000000	chr13	106500000	0.66687	0.176554	0.680215	-0.0637842	2	0.326943	-0.218433	-0.598319	0.0575127	-0.142893	2	0.163463	2	4	0	1	0.920239	0.401003
chr13:107000000-107500000	chr13	107000000	0.369299	-0.113055	0.507182	-0.112562	0	-0.545353	-0.0656489	-1.14897	0.0524215	nan	0	nan	0	0	0	1	0.925477	0.37871
chr13:107500000-108000000	chr13	107500000	0.256572	-0.39904	0.2949	-0.145585	1	-0.828049	-0.0977224	-1.35488	-0.0544387	nan	1	nan	0	1	0	1	0.930714	0.371965
chr13:108000000-108500000	chr13	108000000	0.126451	-0.226974	0.419751	-0.229564	3	-0.368664	-0.0734527	-1.07997	-0.0440882	-0.0577125	3	-0.0819261	3	3	0	1	0.935952	0.373625
chr13:108500000-109000000	chr13	108500000	-0.349061	0.0139808	-0.0798134	-0.353817	1	-0.454979	0.0760684	-1.15992	-0.0561275	nan	1	nan	0	0	0	1	0.941189	0.381414
chr13:109000000-109500000	chr13	109000000	-0.594454	-0.0563309	-0.515059	-0.358874	0	0.53815	0.0353423	-0.785974	0.201034	nan	0	nan	0	2	0	1	0.946427	0.400188
chr13:109500000-110000000	chr13	109500000	-0.562798	-0.137774	-0.697131	-0.179061	1	0.821057	0.00162033	-0.800661	-0.0113545	nan	1	nan	1	2	0	0	0.951664	0.420246
chr13:110000000-110500000	chr13	110000000	-0.869094	-0.12717	-0.876831	0.0292125	2	1.47466	-0.221494	-0.21952	0.0477936	-0.191095	2	0.170719	2	7	0	0	0.956902	0.452723
chr13:110500000-111000000	chr13	110500000	-0.447236	-0.022564	-0.528322	-0.179775	5	1.59564	-0.0658651	1.13778	-0.0224011	0.0321077	5	0.0616082	5	15	0	0	0.962139	0.461143
chr13:111000000-111500000	chr13	111000000	0.21684	0.0115453	-0.132509	-0.0865507	2	1.55065	0.0117276	1.07879	-0.0252221	0.00667803	2	nan	1	12	0	0	0.967377	0.459361
chr13:111500000-112000000	chr13	111500000	0.840229	0.0496473	0.691268	-0.073726	0	1.05085	0.193565	nan	nan	nan	0	nan	0	12	0.2	0	0.972615	0.482065
chr13:112000000-112500000	chr13	112000000	0.849748	-0.0735726	0.369355	0.219364	2	1.19533	0.120435	-0.127082	0.0224506	nan	1	nan	0	20	0	0	0.977852	0.472362
chr13:112500000-113000000	chr13	112500000	-0.0578986	-0.25923	-0.383743	-0.0319774	3	1.68905	-0.172355	0.843489	-0.00223179	-0.558113	3	0.0148617	3	30	0	0	0.98309	0.488437
chr13:113000000-113500000	chr13	113000000	-0.556495	-0.138503	-0.691436	-0.123493	10	1.70001	-0.0847175	1.10407	0.0164965	0.0153387	8	0.092361	8	35	0	0	0.988327	0.51106
chr13:113500000-114000000	chr13	113500000	-0.577965	-0.126479	-0.824698	0.0718788	6	1.5753	-0.189489	1.15168	0.0169427	-0.0415562	4	0.0220038	3	44	0.1	0	0.993565	0.524111
chr13:114000000-114500000	chr13	114000000	-0.826616	0.170355	-0.789746	-0.174385	5	nan	nan	0.998271	0.110974	0.169446	4	0.0800422	4	36	0.02	0	0.998802	0.498612
chr14:0-500000	chr14	0	nan	nan	nan	nan	0	nan	nan	nan	nan	nan	0	nan	0	0	1	nan	0.984472	nan
chr14:500000-1000000	chr14	500000	nan	nan	nan	nan	0	nan	nan	nan	nan	nan	0	nan	0	0	1	nan	0.953416	nan
chr14:1000000-1500000	chr14	1000000	nan	nan	nan	nan	0	nan	nan	nan	nan	nan	0	nan	0	0	1	nan	0.92236	nan
chr14:1500000-2000000	chr14	1500000	nan	nan	nan	nan	0	nan	nan	nan	nan	nan	0	nan	0	0	1	nan	0.891304	nan
chr14:2000000-2500000	chr14	2000000	nan	nan	nan	nan	0	nan	nan	nan	nan	nan	0	nan	0	0	1	nan	0.860248	nan
chr14:2500000-3000000	chr14	2500000	nan	nan	nan	nan	0	nan	nan	nan	nan	nan	0	nan	0	0	1	nan	0.829193	nan
chr14:3000000-3500000	chr14	3000000	nan	nan	nan	nan	0	nan	nan	nan	nan	nan	0	nan	0	0	1	nan	0.798137	nan
chr14:3500000-4000000	chr14	3500000	nan	nan	nan	nan	0	nan	nan	nan	nan	nan	0	nan	0	0	1	nan	0.767081	nan
chr14:4000000-4500000	chr14	4000000	nan	nan	nan	nan	0	nan	nan	nan	nan	nan	0	nan	0	0	1	nan	0.736025	nan
chr14:4500000-5000000	chr14	4500000	nan	nan	nan	nan	0	nan	nan	nan	nan	nan	0	nan	0	0	1	nan	0.704969	nan
chr14:5000000-5500000	chr14	5000000	nan	nan	nan	nan	0	nan	nan	nan	nan	nan	0	nan	0	0	1	nan	0.673913	nan
chr14:5500000-6000000	chr14	5500000	nan	nan	nan	nan	0	nan	nan	nan	nan	nan	0	nan	0	0	1	nan	0.642857	nan
chr14:6000000-6500000	chr14	6000000	nan	nan	nan	nan	0	nan	nan	nan	nan	nan	0	nan	0	0	1	nan	0.611801	nan
chr14:6500000-7000000	chr14	6500000	nan	nan	nan	nan	0	nan	nan	nan	nan	nan	0	nan	0	0	1	nan	0.580745	nan
chr14:7000000-7500000	chr14	7000000	nan	nan	nan	nan	0	nan	nan	nan	nan	nan	0	nan	0	0	1	nan	0.549689	nan
chr14:7500000-8000000	chr14	7500000	nan	nan	nan	nan	0	nan	nan	nan	nan	nan	0	nan	0	0	1	nan	0.518634	nan
chr14:8000000-8500000	chr14	8000000	nan	nan	nan	nan	0	nan	nan	nan	nan	nan	0	nan	0	0	1	nan	0.487578	nan
chr14:8500000-9000000	chr14	8500000	nan	nan	nan	nan	0	nan	nan	nan	nan	nan	0	nan	0	0	1	nan	0.456522	nan
chr14:9000000-9500000	chr14	9000000	nan	nan	nan	nan	0	nan	nan	nan	nan	nan	0	nan	0	0	1	nan	0.425466	nan
chr14:9500000-10000000	chr14	9500000	nan	nan	nan	nan	0	nan	nan	nan	nan	nan	0	nan	0	0	1	nan	0.39441	nan
chr14:10000000-10500000	chr14	10000000	nan	nan	nan	nan	0	nan	nan	nan	nan	nan	0	nan	0	0	1	nan	0.363354	nan
chr14:10500000-11000000	chr14	10500000	nan	nan	nan	nan	0	nan	nan	nan	nan	nan	0	nan	0	0	1	nan	0.332298	nan
chr14:11000000-11500000	chr14	11000000	nan	nan	nan	nan	0	nan	nan	nan	nan	nan	0	nan	0	0	1	nan	0.301242	nan
chr14:11500000-12000000	chr14	11500000	nan	nan	nan	nan	0	nan	nan	nan	nan	nan	0	nan	0	0	1	nan	0.270186	nan
chr14:12000000-12500000	chr14	12000000	nan	nan	nan	nan	0	nan	nan	nan	nan	nan	0	nan	0	0	1	nan	0.23913	nan
chr14:12500000-13000000	chr14	12500000	nan	nan	nan	nan	0	nan	nan	nan	nan	nan	0	nan	0	0	1	nan	0.208075	nan
chr14:13000000-13500000	chr14	13000000	nan	nan	nan	nan	0	nan	nan	nan	nan	nan	0	nan	0	0	1	nan	0.177019	nan
chr14:13500000-14000000	chr14	13500000	nan	nan	nan	nan	0	nan	nan	nan	nan	nan	0	nan	0	0	1	nan	0.145963	nan
chr14:14000000-14500000	chr14	14000000	nan	nan	nan	nan	0	nan	nan	nan	nan	nan	0	nan	0	0	1	nan	0.114907	nan
chr14:14500000-15000000	chr14	14500000	nan	nan	nan	nan	0	nan	nan	nan	nan	nan	0	nan	0	0	1	nan	0.0838509	nan
chr14:15000000-15500000	chr14	15000000	nan	nan	nan	nan	0	nan	nan	nan	nan	nan	0	nan	0	0	1	nan	0.052795	nan
chr14:15500000-16000000	chr14	15500000	nan	nan	nan	nan	0	nan	nan	nan	nan	nan	0	nan	0	0	1	nan	0.0217391	nan
chr14:16000000-16500000	chr14	16000000	nan	nan	nan	nan	0	nan	nan	nan	nan	nan	0	nan	0	4	0.030338	nan	0	0.379804
chr14:16500000-17000000	chr14	16500000	nan	nan	nan	nan	0	nan	nan	nan	nan	nan	0	nan	0	0	0	nan	0	0.388562
chr14:17000000-17500000	chr14	17000000	nan	nan	nan	nan	0	nan	nan	nan	nan	nan	0	nan	0	0	0	nan	0	0.38854
chr14:17500000-18000000	chr14	17500000	nan	nan	nan	nan	0	nan	nan	nan	nan	nan	0	nan	0	0	0.0008	nan	0	0.385955
chr14:18000000-18500000	chr14	18000000	nan	nan	nan	nan	0	nan	nan	-1.07459	0.131032	nan	0	nan	0	0	0.1	0	0.000562786	0.39097
chr14:18500000-19000000	chr14	18500000	nan	nan	nan	nan	2	nan	nan	nan	nan	nan	1	nan	0	4	0.3	0	0.00619065	0.416048
chr14:19000000-19500000	chr14	19000000	nan	nan	nan	nan	1	nan	nan	-0.936982	0.17145	nan	0	nan	1	12	0	0	0.0118185	0.416089
chr14:19500000-20000000	chr14	19500000	nan	nan	nan	nan	8	-1.09356	-0.0566403	-1.26237	-0.0278086	nan	0	nan	0	3	0.2	0	0.0174464	0.375838
chr14:20000000-20500000	chr14	20000000	0.0927519	0.327848	0.312444	0.184414	17	-0.567413	0.160833	-0.272047	0.110431	-0.00635819	8	0.0449932	8	4	0	0	0.0230742	0.400013
chr14:20500000-21000000	chr14	20500000	0.278884	-0.128687	0.158147	0.0949975	15	-0.00905543	0.0849239	0.162952	-0.158719	-0.13858	4	-0.064758	3	9	0	0	0.0287021	0.432534
chr14:21000000-21500000	chr14	21000000	-0.608506	-0.148265	-0.76553	-0.00651152	15	1.10658	-0.0394069	0.963307	-0.0111215	-0.0316275	9	-0.00213622	9	12	0	0	0.0343299	0.4354
chr14:21500000-22000000	chr14	21500000	0.422242	0.12685	0.459426	0.129651	6	0.137992	-0.0262498	-0.692542	-0.0978523	-0.136576	2	0.00726202	2	1	0	0	0.0399578	0.399062
chr14:22000000-22500000	chr14	22000000	-0.16971	0.152903	-0.0768961	-0.140372	0	0.327481	0.0768516	0.0508059	-0.0616085	nan	0	nan	0	0	0	0	0.0455857	0.393406
chr14:22500000-23000000	chr14	22500000	-0.549689	-0.203636	-0.81866	0.0190498	13	1.32437	-0.0267938	1.15477	0.016888	0.146082	12	0.0460041	12	13	0	0	0.0512135	0.459129
chr14:23000000-23500000	chr14	23000000	-0.503991	0.0800142	-0.538254	-0.0779564	21	1.63364	-0.264182	0.932894	-0.0709008	-0.188444	17	-0.0386148	15	13	0	0	0.0568414	0.473758
chr14:23500000-24000000	chr14	23500000	0.184609	-0.0872066	-0.158655	0.193665	7	1.40342	-0.194682	0.305811	-0.130093	0.204642	7	-0.0120152	7	6	0	0	0.0624692	0.436643
chr14:24000000-24500000	chr14	24000000	0.152603	-0.308654	-0.24116	0.0891524	34	1.16497	-0.0370241	1.0068	0.0374946	-0.0154895	32	0.0665705	26	28	0	1	0.0680971	0.494607
chr14:24500000-25000000	chr14	24500000	0.654906	0.0945122	0.45188	0.156281	4	-0.678921	0.2663	-0.164552	0.0759471	nan	0	nan	0	0	0	1	0.073725	0.400376
chr14:25000000-25500000	chr14	25000000	0.774901	0.123409	0.582879	0.159453	1	-1.00896	-0.0922297	-1.24763	0.056965	nan	1	nan	1	1	0	1	0.0793528	0.385435
chr14:25500000-26000000	chr14	25500000	0.78633	0.384718	0.69147	0.327888	0	-1.27378	-0.0924476	-1.39279	-0.0113424	nan	0	nan	0	0	0	1	0.0849807	0.372213
chr14:26000000-26500000	chr14	26000000	0.332421	0.217921	0.644277	0.178615	0	-1.02703	0.00310395	-1.38125	-0.034478	nan	0	nan	0	1	0	1	0.0906085	0.363671
chr14:26500000-27000000	chr14	26500000	0.207826	0.0577311	0.355116	0.351214	1	-0.926125	0.0812349	-1.38519	-0.00945301	nan	1	nan	1	0	0	1	0.0962364	0.350539
chr14:27000000-27500000	chr14	27000000	0.370841	0.298494	0.5607	0.469446	0	-1.33865	-0.127797	-1.38641	-0.0267902	nan	0	nan	0	0	0	1	0.101864	0.348454
chr14:27500000-28000000	chr14	27500000	0.460997	0.276381	0.804647	0.278552	0	-1.36942	0.0313198	-1.37715	-0.00185911	nan	0	nan	0	0	0	1	0.107492	0.341648
chr14:28000000-28500000	chr14	28000000	0.247571	0.376347	0.721354	0.235344	0	-1.35311	-0.0570097	-1.39349	-0.0231885	nan	0	nan	0	0	0	1	0.11312	0.352483
chr14:28500000-29000000	chr14	28500000	0.446513	-0.0647266	0.572863	0.303669	1	-1.31658	-0.137049	-1.29588	0.0282177	nan	1	nan	0	4	0	1	0.118748	0.359107
chr14:29000000-29500000	chr14	29000000	0.680135	-0.189394	0.542653	0.277127	0	-0.974757	-0.410302	-1.31754	-0.00996242	nan	0	nan	0	0	0	1	0.124376	0.356891
chr14:29500000-30000000	chr14	29500000	0.405834	-0.0630538	0.669878	-0.116847	1	-0.944765	-0.13336	-1.3608	0.0808984	nan	1	nan	1	1	0	1	0.130004	0.369638
chr14:30000000-30500000	chr14	30000000	0.775885	-0.127917	0.690709	0.0556297	0	-0.831995	-0.231141	-0.96614	0.284123	nan	0	nan	0	0	0	1	0.135631	0.380021
chr14:30500000-31000000	chr14	30500000	-0.664261	-0.0945794	-0.471299	-0.19925	3	0.387177	-0.0515371	0.532862	0.195591	-0.11019	3	-0.0177818	3	2	0	1	0.141259	0.378349
chr14:31000000-31500000	chr14	31000000	-1.10303	-0.0525111	-1.05548	-0.0534524	6	0.947627	-0.0048717	0.964349	-0.00329647	-0.0125016	5	-0.0102672	5	4	0	1	0.146887	0.405576
chr14:31500000-32000000	chr14	31500000	-0.479903	-0.220027	-0.390438	-0.174566	1	-0.867711	0.56048	-0.695842	0.183566	nan	1	nan	1	0	0	1	0.152515	0.390456
chr14:32000000-32500000	chr14	32000000	-1.11095	0.078968	-1.08381	0.063078	4	0.310469	0.339488	-1.11124	0.0786957	-0.183312	2	-0.0231625	3	3	0	1	0.158143	0.392906
chr14:32500000-33000000	chr14	32500000	-0.961899	0.113786	-0.872236	0.115059	1	-0.887175	-0.0113921	-1.36213	-0.0452741	nan	1	nan	1	2	0	1	0.163771	0.378505
chr14:33000000-33500000	chr14	33000000	-0.516933	-0.184188	-0.538617	-0.136364	0	-1.26694	-0.0192304	-1.38178	-0.0352934	nan	0	nan	0	0	0	0	0.169399	0.376422
chr14:33500000-34000000	chr14	33500000	-0.328911	-0.183706	-0.656013	-0.17713	1	-0.642272	-0.0429476	-1.29621	-0.0155367	nan	1	nan	1	2	0	0	0.175026	0.400178
chr14:34000000-34500000	chr14	34000000	-0.310962	-0.0514593	-0.375335	-0.389821	1	0.117536	-0.0232277	-0.671473	0.217137	nan	1	nan	1	2	0	0	0.180654	0.4191
chr14:34500000-35000000	chr14	34500000	-0.844038	0.0113753	-1.02872	0.0083272	5	1.01454	0.0405647	1.01706	-0.023779	-0.00407517	5	-0.0276557	5	9	0	0	0.186282	0.425494
chr14:35000000-35500000	chr14	35000000	-0.456476	-0.298362	-0.48572	-0.3581	5	0.932414	-0.098072	0.958185	0.0288887	0.117117	5	0.00862003	4	4	0	0.5	0.19191	0.425809
chr14:35500000-36000000	chr14	35500000	-0.115585	-0.168391	-0.107012	0.0274197	3	-0.684814	0.0766747	0.415177	-0.0604539	-0.200288	2	0.0268432	2	3	0	0.5	0.197538	0.376951
chr14:36000000-36500000	chr14	36000000	0.812812	0.345878	1.0564	-0.0286789	2	-1.02072	0.0185369	-1.05342	0.0475951	nan	1	nan	1	0	0	0	0.203166	0.388745
chr14:36500000-37000000	chr14	36500000	0.878316	-0.0553607	0.665876	0.154767	3	-0.745853	0.161014	-1.21763	-0.0611063	0.233713	2	nan	0	17	0	0	0.208794	0.399195
chr14:37000000-37500000	chr14	37000000	0.549661	-0.193101	0.679401	-0.0219436	2	-1.21081	-0.0304994	-1.34664	-0.047795	-0.154399	2	-0.043391	2	2	0	0	0.214421	0.371754
chr14:37500000-38000000	chr14	37500000	0.690081	-0.00674902	0.641738	0.240965	2	-1.31562	0.0225712	-1.36833	-0.0343581	nan	1	nan	0	7	0	1	0.220049	0.382358
chr14:38000000-38500000	chr14	38000000	0.485879	-0.110742	0.325853	0.210448	2	-1.098	-0.060628	-1.37486	0.00294759	0.228145	2	nan	1	3	0	1	0.225677	0.374809
chr14:38500000-39000000	chr14	38500000	0.774573	0.253785	0.761154	0.375001	0	-1.13543	-0.0163297	-1.29205	-0.0383456	nan	0	nan	0	0	0	1	0.231305	0.382553
chr14:39000000-39500000	chr14	39000000	-0.312323	-0.170408	-0.36056	0.234648	6	0.0944555	0.0345176	0.296057	0.143313	-0.141313	6	-0.0429786	6	6	0	1	0.236933	0.394911
chr14:39500000-40000000	chr14	39500000	0.865928	0.0809514	0.965968	-0.0863316	0	-0.889999	-0.140866	-0.975343	-0.144517	nan	0	nan	0	0	0	1	0.242561	0.373224
chr14:40000000-40500000	chr14	40000000	0.528659	0.129718	0.765737	0.404135	0	-0.994912	-0.133515	-1.1159	-0.184395	nan	0	nan	0	0	0	1	0.248189	0.35495
chr14:40500000-41000000	chr14	40500000	0.143911	0.157266	0.354795	0.589765	0	-1.19823	-0.054719	-1.33105	-0.0271346	nan	0	nan	0	0	0	1	0.253816	0.340564
chr14:41000000-41500000	chr14	41000000	0.225838	-0.0165361	0.315956	0.452091	0	-1.05752	-0.0591367	-1.3457	0.00933909	nan	0	nan	0	0	0	1	0.259444	0.34494
chr14:41500000-42000000	chr14	41500000	-0.147697	-0.0833225	0.215999	0.153062	1	-0.71709	-0.337675	-1.10975	-0.162065	nan	1	nan	1	1	0	1	0.265072	0.344928
chr14:42000000-42500000	chr14	42000000	0.0209778	-0.137465	0.21384	0.231832	0	-0.880149	-0.344944	-0.10835	-0.174794	nan	0	nan	0	0	0	1	0.2707	0.350286
chr14:42500000-43000000	chr14	42500000	-0.0840223	-0.0403166	0.243038	0.271834	0	-1.33608	-0.0671992	-0.47318	-0.521506	nan	0	nan	0	0	0	1	0.276328	0.34326
chr14:43000000-43500000	chr14	43000000	0.133607	0.405273	0.456933	0.462548	0	-1.2664	-0.0756444	-0.864508	-0.508797	nan	0	nan	0	0	0	0	0.281956	0.34104
chr14:43500000-44000000	chr14	43500000	0.443061	0.121731	0.530084	0.244601	0	-0.895021	-0.161671	-1.21252	-0.151045	nan	0	nan	0	0	0	0	0.287584	0.350902
chr14:44000000-44500000	chr14	44000000	0.0924576	0.24138	0.16263	0.478022	0	-0.75393	-0.0742754	-1.34255	-0.0472967	nan	0	nan	0	0	0	0	0.293212	0.356677
chr14:44500000-45000000	chr14	44500000	0.258889	0.00469121	0.292783	0.0575256	4	-0.394512	-0.190263	-0.755823	-0.0296274	-0.360571	2	-0.118646	2	3	0	0	0.298839	0.383312
chr14:45000000-45500000	chr14	45000000	0.297661	0.0967608	0.461666	0.210134	4	-0.620363	-0.0234851	-0.492005	0.140927	-0.0635781	4	-0.0801379	4	3	0	0	0.304467	0.382226
chr14:45500000-46000000	chr14	45500000	0.652846	0.213178	0.734555	0.480839	0	-1.37664	-0.0312578	-1.36688	-0.025263	nan	0	nan	0	0	0	0	0.310095	0.367556
chr14:46000000-46500000	chr14	46000000	0.47012	0.128761	0.645075	0.43839	0	-1.36881	-0.0185889	-1.37783	-0.0150253	nan	0	nan	0	0	0	0	0.315723	0.344619
chr14:46500000-47000000	chr14	46500000	0.426901	0.156431	0.719541	0.327002	1	-1.47077	-0.0049369	-1.31991	-0.0325916	nan	1	nan	0	1	0	1	0.321351	0.345164
chr14:47000000-47500000	chr14	47000000	0.155409	0.187068	0.531743	0.207093	0	-1.18754	-0.0828474	-1.34989	-0.0283925	nan	0	nan	0	0	0	1	0.326979	0.350876
chr14:47500000-48000000	chr14	47500000	0.479859	0.235159	0.55927	0.480637	1	-1.00131	-0.0367394	-1.35925	0.0299155	nan	1	nan	1	1	0	1	0.332607	0.360285
chr14:48000000-48500000	chr14	48000000	0.19646	0.295836	0.22772	0.782861	0	-1.09551	0.187432	-1.37065	0.00671119	nan	0	nan	0	0	0	1	0.338234	0.353244
chr14:48500000-49000000	chr14	48500000	0.413445	0.0825653	0.433187	0.547344	0	-1.0363	-0.115088	-1.36051	-0.0383443	nan	0	nan	0	0	0	1	0.343862	0.355006
chr14:49000000-49500000	chr14	49000000	1.0603	0.242397	0.83204	0.0456238	0	-1.005	-0.274508	-1.32186	0.00198943	nan	0	nan	0	0	0	1	0.34949	0.387049
chr14:49500000-50000000	chr14	49500000	-0.860042	0.198888	-0.741249	-0.111179	10	0.596916	0.155571	0.896514	0.0672555	0.135575	10	-0.0138743	10	12	0	1	0.355118	0.421193
chr14:50000000-50500000	chr14	50000000	-1.18113	0.102276	-1.21384	0.0197046	5	1.17269	-0.0840013	1.05287	0.0729565	-0.0669816	5	0.0455819	5	5	0	1	0.360746	0.411347
chr14:50500000-51000000	chr14	50500000	-1.03455	-0.215686	-0.86345	-0.241952	6	1.25428	-0.0282627	0.740367	0.0410426	-0.147961	5	0.0750683	5	6	0	0	0.366374	0.40429
chr14:51000000-51500000	chr14	51000000	-0.923788	-0.0272282	-0.865973	-0.251132	2	0.933432	-0.0791171	-0.435456	0.0622497	-0.213441	2	-0.005704	2	2	0	0	0.372002	0.4003
chr14:51500000-52000000	chr14	51500000	-1.12432	0.0894777	-1.04035	0.043876	3	0.726657	0.188337	-0.0208095	0.0717326	-0.208392	3	0.056274	3	2	0	0	0.377629	0.403583
chr14:52000000-52500000	chr14	52000000	-0.762365	0.0438199	-0.777379	-0.124863	3	0.0961018	0.266292	-0.795245	0.0486362	-0.556652	2	nan	1	3	0	0	0.383257	0.401741
chr14:52500000-53000000	chr14	52500000	-1.29687	0.209317	-0.881397	-0.0996361	7	0.593626	0.187452	0.744182	0.0257188	-0.0204531	7	-0.0253946	7	6	0	0	0.388885	0.387511
chr14:53000000-53500000	chr14	53000000	-0.705209	-0.0795438	-0.866947	-0.216525	1	0.637966	-0.143208	-0.0606507	0.14412	nan	1	nan	1	1	0	0	0.394513	0.397321
chr14:53500000-54000000	chr14	53500000	-0.94654	0.0439257	-1.16165	0.051055	1	0.143909	0.0818015	-1.02117	0.184425	nan	1	nan	1	4	0	0.25	0.400141	0.387396
chr14:54000000-54500000	chr14	54000000	-0.910607	-0.133425	-0.990542	-0.13693	3	0.73387	-0.119348	-0.140557	0.0438825	0.342729	3	-0.0905849	3	3	0	0.25	0.405769	0.405906
chr14:54500000-55000000	chr14	54500000	-0.909517	-0.00584559	-0.847808	-0.153291	3	0.988711	0.0951364	0.636728	-0.0164449	-0.065328	3	-0.0154956	3	3	0	0.25	0.411397	0.422631
chr14:55000000-55500000	chr14	55000000	-0.78263	-0.15963	-1.08489	-0.0100465	8	1.23575	-0.0655272	0.825833	0.000233886	-0.0318395	8	-0.0402859	7	8	0	0	0.417024	0.412934
chr14:55500000-56000000	chr14	55500000	-0.112149	0.0419814	-0.298858	0.0415336	1	0.809523	-0.101103	-0.697604	-0.0361941	nan	1	nan	1	2	0	0	0.422652	0.403538
chr14:56000000-56500000	chr14	56000000	0.435657	-0.269594	0.157475	-0.0321999	1	0.440073	0.238346	-1.18353	-0.00963134	nan	1	nan	1	1	0	0	0.42828	0.40418
chr14:56500000-57000000	chr14	56500000	0.696477	0.0124481	0.529324	0.273784	2	0.249838	0.172441	-1.15108	-0.105784	nan	1	0.105756	2	7	0	0	0.433908	0.405246
chr14:57000000-57500000	chr14	57000000	0.4439	-0.02664	0.220339	0.394357	4	-0.0164414	0.216616	-0.899102	0.0353679	-0.132679	3	-0.0186257	3	2	0	0	0.439536	0.387487
chr14:57500000-58000000	chr14	57500000	1.34542	0.125487	1.11345	-0.0144025	1	-1.09984	-0.00391739	-1.34991	-0.0115144	nan	0	nan	0	1	0	0.75	0.445164	0.395083
chr14:58000000-58500000	chr14	58000000	-0.512752	-0.126709	-0.262786	-0.133387	7	0.436091	0.234024	0.409547	-0.0496348	0.0341591	6	-0.0275574	6	7	0	0.75	0.450792	0.395762
chr14:58500000-59000000	chr14	58500000	-0.456114	-0.250788	-0.357686	-0.358327	1	0.726255	-0.0673566	0.0747663	0.00897093	nan	1	nan	1	2	0	0.75	0.456419	0.401733
chr14:59000000-59500000	chr14	59000000	-0.800613	0.0656119	-0.616466	-0.0961587	4	-0.263894	0.353261	0.367302	-0.0636897	-0.115249	4	0.0418852	4	3	0	0.75	0.462047	0.396713
chr14:59500000-60000000	chr14	59500000	0.887922	-0.153199	0.532454	0.320071	3	-1.37507	0.0841089	-1.20516	-0.0458024	nan	1	nan	1	5	0	0.75	0.467675	0.388578
chr14:60000000-60500000	chr14	60000000	0.131063	-0.110735	0.339971	0.039666	4	-1.23929	0.283157	0.061053	0.170243	0.025723	4	0.0704142	4	6	0	0.75	0.473303	0.378056
chr14:60500000-61000000	chr14	60500000	-0.23827	-0.211155	-0.0541948	-0.179086	6	-0.562374	0.379683	0.487554	0.0401236	0.0829574	5	-0.0321661	4	9	0	0.75	0.478931	0.385419
chr14:61000000-61500000	chr14	61000000	-0.138076	-0.0335868	-0.155134	-0.078787	2	-0.0899401	0.308024	0.169498	-0.152175	0.144399	2	0.147079	2	2	0	0.75	0.484559	0.416394
chr14:61500000-62000000	chr14	61500000	-0.695444	0.141245	-0.396168	-0.0118156	3	-0.388232	0.249082	-0.121319	0.152228	-0.146085	3	0.051599	3	5	0	0	0.490187	0.40706
chr14:62000000-62500000	chr14	62000000	0.667435	-0.187228	0.445251	0.00209374	0	-1.32551	0.132453	-1.32336	0.0321533	nan	0	nan	0	2	0	0	0.495814	0.380113
chr14:62500000-63000000	chr14	62500000	0.474827	0.308224	0.655355	0.0834887	0	-1.32731	0.104206	-1.37071	0.0161709	nan	0	nan	0	0	0	0	0.501442	0.366469
chr14:63000000-63500000	chr14	63000000	0.222866	-0.0499264	0.132211	0.00721296	3	-1.02545	0.143833	-0.620955	0.0050653	nan	1	nan	1	1	0	0	0.50707	0.39224
chr14:63500000-64000000	chr14	63500000	-0.537978	0.0344882	-0.399019	-0.290989	4	0.247846	0.152937	1.0191	0.0241565	0.0655008	4	0.00329637	4	5	0	0	0.512698	0.414349
chr14:64000000-64500000	chr14	64000000	-0.387978	-0.0133205	-0.525236	-0.179255	3	0.608675	0.0325669	1.1016	0.0381814	-0.122193	2	-0.0474172	3	4	0	0	0.518326	0.416949
chr14:64500000-65000000	chr14	64500000	-0.599334	0.0300214	-0.684913	-0.224351	10	1.30413	-0.132475	1.03923	-0.0667878	-0.0655433	9	0.0685256	8	12	0	0.5	0.523954	0.457121
chr14:65000000-65500000	chr14	65000000	-0.299405	-0.0956664	-0.522489	-0.13375	2	0.0787405	-0.0327617	1.18979	-0.0464389	-0.17566	2	0.0889862	2	3	0	0.5	0.529582	0.436487
chr14:65500000-66000000	chr14	65500000	0.0755979	-0.178246	0.13755	-0.10342	0	-0.889575	0.0989227	0.755769	-0.171611	nan	0	nan	0	0	0	0.5	0.535209	0.398573
chr14:66000000-66500000	chr14	66000000	0.652308	0.0637886	0.685336	-0.125401	1	-1.04824	0.132561	0.0762528	-0.192706	nan	0	nan	0	1	0	0.5	0.540837	0.405859
chr14:66500000-67000000	chr14	66500000	0.0872639	-0.139474	0.388241	-0.00935488	1	-1.32028	0.0600001	0.62478	-0.0663253	nan	1	nan	1	1	0	0.5	0.546465	0.36238
chr14:67000000-67500000	chr14	67000000	-0.310083	-0.159794	-0.357076	0.0374268	6	-0.720107	0.117324	1.01043	-0.0344071	0.150913	5	0.0224317	4	4	0	0.5	0.552093	0.398868
chr14:67500000-68000000	chr14	67500000	-0.921187	0.0788912	-1.18873	0.123857	8	1.1195	-0.0162982	1.24566	-0.0396036	0.0409578	7	-0.0190571	7	6	0	0	0.557721	0.420235
chr14:68000000-68500000	chr14	68000000	-1.1845	0.0613177	-1.40014	0.318961	0	1.10725	-0.0207219	1.17929	0.0372742	nan	0	nan	0	0	0	0	0.563349	0.394526
chr14:68500000-69000000	chr14	68500000	-0.753448	-0.0228993	-1.0678	0.142877	2	1.23368	0.0628027	1.05504	-0.0283734	0.157049	2	-0.0217398	2	6	0	0	0.568977	0.469743
chr14:69000000-69500000	chr14	69000000	-1.07966	0.268592	-1.05716	-0.0263943	6	1.43867	-0.0693991	1.27631	-0.043399	-0.116479	6	0.0280343	5	5	0	0	0.574604	0.439495
chr14:69500000-70000000	chr14	69500000	0.132491	-0.116788	0.0912961	-0.310038	5	1.11115	0.22822	1.01772	0.0138053	-0.177139	3	-0.00141078	3	7	0	0	0.580232	0.451209
chr14:70000000-70500000	chr14	70000000	0.651098	0.294264	0.514799	-0.04155	4	0.811612	0.224541	0.780737	-0.0619474	0.336068	3	-0.0884095	3	5	0	0.5	0.58586	0.419911
chr14:70500000-71000000	chr14	70500000	-0.184256	0.00531859	-0.135833	-0.275098	5	0.844408	0.345696	1.29218	-0.0259871	-0.118306	4	-0.0242439	4	4	0	0.5	0.591488	0.416603
chr14:71000000-71500000	chr14	71000000	-0.97261	0.179475	-0.812762	-0.0514876	1	1.01253	-0.121398	1.17559	0.0108175	nan	1	nan	1	1	0	0.5	0.597116	0.407265
chr14:71500000-72000000	chr14	71500000	-0.362105	0.0838904	-0.505021	0.0278285	1	0.719528	0.0249207	1.11384	0.0262575	nan	1	nan	1	1	0	0.5	0.602744	0.403151
chr14:72000000-72500000	chr14	72000000	0.544338	0.0683285	0.249467	0.0134633	0	0.41965	0.211931	0.921364	-0.0697966	nan	0	nan	0	0	0	0.5	0.608372	0.412844
chr14:72500000-73000000	chr14	72500000	-0.298906	-0.242337	-0.88	-0.0734954	2	1.06558	0.121392	1.31571	0.0316247	-0.205451	2	0.0759745	2	2	0	0.5	0.614	0.461841
chr14:73000000-73500000	chr14	73000000	-0.92276	0.0343826	-1.32143	-0.0804815	6	1.43648	-0.123992	1.32357	-0.0113523	-0.0424767	6	0.0973077	6	8	0	0.5	0.619627	0.436663
chr14:73500000-74000000	chr14	73500000	-0.96716	0.106673	-1.25497	0.124763	12	1.49029	-0.149505	1.29669	0.0321723	0.0431813	11	0.1947	8	13	0	0	0.625255	0.454695
chr14:74000000-74500000	chr14	74000000	-0.782156	0.0372739	-1.03009	-0.149581	10	1.51718	-0.0690266	1.19097	0.00536917	0.0479678	7	-0.00375335	8	9	0	0	0.630883	0.458173
chr14:74500000-75000000	chr14	74500000	-0.841858	0.0191241	-0.870232	-0.200832	8	1.5024	-0.105803	1.30314	-0.0103801	-0.0349728	8	0.174733	7	7	0	0	0.636511	0.460031
chr14:75000000-75500000	chr14	75000000	-0.714329	-0.121005	-0.962589	-0.0521145	8	1.43599	-0.0760061	1.2938	0.025632	0.013585	8	0.0583419	8	9	0	0	0.642139	0.451792
chr14:75500000-76000000	chr14	75500000	-0.604896	-0.0631116	-0.598693	-0.1772	6	1.33462	0.0503977	1.25552	-0.0471751	-0.0119345	5	0.0111676	5	5	0	0	0.647767	0.419647
chr14:76000000-76500000	chr14	76000000	0.404634	-0.355749	0.116483	-0.358983	2	1.16851	-0.0280961	1.03341	0.0304788	-0.0887378	2	-0.108436	2	9	0	0	0.653395	0.454337
chr14:76500000-77000000	chr14	76500000	0.172971	-0.0297471	-0.24232	-0.057942	3	1.39495	-0.121648	1.11385	-0.00554015	-0.0936729	2	-0.264417	2	4	0	0	0.659022	0.474996
chr14:77000000-77500000	chr14	77000000	-0.106389	-0.175383	-0.13908	-0.416302	13	1.19655	0.0538885	1.07339	-0.0124023	-0.0376494	12	0.0614334	10	13	0	0	0.66465	0.476185
chr14:77500000-78000000	chr14	77500000	0.508631	0.0185467	0.353552	-0.109229	5	0.123984	0.243969	0.454111	0.0564499	0.15793	5	0.0774208	5	7	0	0	0.670278	0.442447
chr14:78000000-78500000	chr14	78000000	1.41283	0.184343	0.989567	0.235854	1	-0.853977	0.130613	-0.823698	-0.0182825	nan	1	nan	1	0	0	0	0.675906	0.430679
chr14:78500000-79000000	chr14	78500000	1.02841	0.0693408	0.762427	0.18251	0	-0.941624	0.143669	-1.12358	-0.0571879	nan	0	nan	0	0	0	0	0.681534	0.393405
chr14:79000000-79500000	chr14	79000000	0.234338	0.0354692	0.10486	0.049655	0	-0.592356	-0.0311026	-1.31796	-0.0367322	nan	0	nan	0	1	0	1	0.687162	0.383841
chr14:79500000-80000000	chr14	79500000	0.337528	-0.0800795	0.100712	0.128762	0	-0.431041	-0.0617085	-1.31958	-0.0401172	nan	0	nan	0	1	0	1	0.69279	0.382469
chr14:80000000-80500000	chr14	80000000	0.274749	-0.0355114	0.205609	0.0484524	1	-1.28279	-0.0186463	-1.30883	-0.0296754	nan	1	nan	1	0	0	1	0.698417	0.376888
chr14:80500000-81000000	chr14	80500000	0.102269	0.000823408	0.377665	-0.148957	2	-1.19078	0.00351631	-0.896593	0.109913	nan	1	nan	1	2	0	1	0.704045	0.366633
chr14:81000000-81500000	chr14	81000000	0.892225	-0.0487796	0.868472	-0.0792389	2	-0.888682	0.0313944	-0.380584	0.0669962	-0.151058	2	0.0178288	2	2	0	1	0.709673	0.401656
chr14:81500000-82000000	chr14	81500000	1.13538	0.186685	0.849116	0.240883	1	-0.733658	-0.182698	-1.30545	-0.0150288	nan	1	nan	1	1	0	1	0.715301	0.397745
chr14:82000000-82500000	chr14	82000000	0.840849	0.336419	0.844171	0.435728	0	-1.19226	-0.108912	-1.30045	0.0220302	nan	0	nan	0	0	0	1	0.720929	0.365489
chr14:82500000-83000000	chr14	82500000	0.591195	0.238311	0.734981	0.369986	0	-1.15077	-0.109378	-1.34	0.0303892	nan	0	nan	0	0	0	1	0.726557	0.355447
chr14:83000000-83500000	chr14	83000000	-0.221219	-0.0771389	0.0871755	0.120574	0	-0.959625	-0.101054	-1.32217	-0.0289345	nan	0	nan	0	0	0	0	0.732185	0.349954
chr14:83500000-84000000	chr14	83500000	-0.328271	-0.123509	-0.180148	-0.179736	0	-0.969284	-0.132412	-1.29127	-0.0105425	nan	0	nan	0	0	0	0	0.737812	0.352666
chr14:84000000-84500000	chr14	84000000	-0.491615	0.00429542	-0.364019	-0.0144206	0	-0.734297	0.0154039	-1.31605	0.0250581	nan	0	nan	0	0	0	0	0.74344	0.359122
chr14:84500000-85000000	chr14	84500000	-0.379842	0.289998	-0.269857	0.169083	0	-0.932747	-0.0071873	-1.29457	-0.0583067	nan	0	nan	0	0	0	1	0.749068	0.360376
chr14:85000000-85500000	chr14	85000000	-0.491123	-0.0293749	-0.56548	-0.0386923	0	-0.590128	-0.200413	-1.32143	-0.0309116	nan	0	nan	0	0	0	1	0.754696	0.371004
chr14:85500000-86000000	chr14	85500000	0.175617	0.0449845	0.0901476	0.199605	1	-0.892697	-0.122287	-1.27786	0.0162353	nan	1	nan	1	3	0	1	0.760324	0.37802
chr14:86000000-86500000	chr14	86000000	0.585337	0.372014	0.394439	0.630272	0	-1.1252	-0.082768	-1.36584	0.0323244	nan	0	nan	0	0	0	1	0.765952	0.35646
chr14:86500000-87000000	chr14	86500000	0.318069	0.0236162	0.381177	0.344489	0	-0.985152	-0.048121	-1.34019	-0.018427	nan	0	nan	0	0	0	1	0.77158	0.360785
chr14:87000000-87500000	chr14	87000000	0.698344	0.508229	0.742729	0.357017	0	-0.92075	-0.0516359	-1.03605	0.00545703	nan	0	nan	0	0	0	1	0.777207	0.37502
chr14:87500000-88000000	chr14	87500000	1.13017	0.094352	0.947306	0.270727	1	-0.706542	-0.0928087	-1.1607	-0.0168926	nan	1	nan	1	1	0	1	0.782835	0.395713
chr14:88000000-88500000	chr14	88000000	1.04175	0.116688	1.02882	0.0122629	3	-0.242867	-0.16269	-0.99781	0.00859689	0.337966	2	nan	0	4	0	1	0.788463	0.407643
chr14:88500000-89000000	chr14	88500000	0.0316244	-0.189751	-0.0155261	-0.101401	4	-0.184569	0.00330751	-0.63817	-0.123055	-0.176606	3	-0.0382804	2	5	0	1	0.794091	0.39599
chr14:89000000-89500000	chr14	89000000	-0.00551939	-0.282069	-0.375237	-0.123549	1	0.373371	-0.090009	0.288532	0.0674082	nan	1	nan	1	3	0	1	0.799719	0.445489
chr14:89500000-90000000	chr14	89500000	-0.404904	-0.343271	-0.603015	-0.0619657	2	0.148309	0.380975	-0.0383554	-0.0283921	0.340082	2	-0.0159804	2	5	0	0	0.805347	0.420682
chr14:90000000-90500000	chr14	90000000	-0.120071	-0.211745	-0.39594	-0.206322	4	0.885407	-0.00442033	-0.0260512	-0.111572	0.0942565	4	0.111396	4	5	0	0	0.810975	0.445435
chr14:90500000-91000000	chr14	90500000	-0.105759	-0.259014	-0.277269	-0.243531	1	0.881476	0.120752	0.393386	-0.0366399	nan	1	nan	1	6	0	0	0.816602	0.445949
chr14:91000000-91500000	chr14	91000000	0.221809	-0.358852	-0.11486	-0.268126	4	1.0301	0.104463	1.07347	-0.016171	0.0980764	4	0.108278	4	9	0	0	0.82223	0.467122
chr14:91500000-92000000	chr14	91500000	0.497531	0.0659858	0.404847	0.0861797	4	0.134928	0.0294315	0.223597	0.0287424	-0.308743	2	0.25793	2	4	0	0.25	0.827858	0.408919
chr14:92000000-92500000	chr14	92000000	0.4393	-0.251461	0.200175	-0.255279	5	1.01316	0.00296455	1.01101	-0.159366	0.191933	5	-0.0519614	4	4	0	0.25	0.833486	0.445356
chr14:92500000-93000000	chr14	92500000	0.25023	-0.14423	0.0602908	-0.270479	4	1.32507	-0.0968883	1.03208	-0.145957	-0.137677	3	-0.0432534	3	5	0	0.25	0.839114	0.4779
chr14:93000000-93500000	chr14	93000000	0.440227	-0.048864	0.468828	0.0170223	8	1.05023	0.0193354	1.01714	-0.0283606	0.0198868	7	0.0430695	6	8	0	0.25	0.844742	0.445954
chr14:93500000-94000000	chr14	93500000	1.29305	-0.00824504	0.95409	0.200258	4	1.17376	-0.143508	0.520715	-0.102919	-0.319434	2	0.150763	2	2	0	0.25	0.85037	0.455349
chr14:94000000-94500000	chr14	94000000	0.910913	0.183884	0.632946	0.388406	11	0.78808	0.078839	-0.013037	-0.151042	0.126291	6	-0.426882	7	3	0	0	0.855997	0.437138
chr14:94500000-95000000	chr14	94500000	1.13863	0.228936	0.832302	0.0648038	5	0.977698	0.12325	-0.18414	-0.149549	0.162578	2	nan	1	5	0	0	0.861625	0.469578
chr14:95000000-95500000	chr14	95000000	0.914225	-0.171912	0.471792	-0.0230563	2	1.25941	-0.022776	0.925765	0.0352125	0.00716572	2	0.00933378	2	3	0	0	0.867253	0.456477
chr14:95500000-96000000	chr14	95500000	1.21249	0.0456768	1.01038	-0.156705	5	1.07602	-0.00939485	0.353455	-0.104828	0.217809	2	0.193387	3	4	0	0	0.872881	0.457412
chr14:96000000-96500000	chr14	96000000	0.424152	-0.322138	0.29367	-0.113611	6	1.30825	-0.093745	1.06731	-0.00333578	-0.0197504	6	-0.159252	4	4	0	0.5	0.878509	0.444171
chr14:96500000-97000000	chr14	96500000	0.924983	0.171225	0.722478	0.120007	2	0.900025	-0.122762	0.861826	-0.113629	-0.0383374	2	-0.111984	2	4	0	0.5	0.884137	0.431054
chr14:97000000-97500000	chr14	97000000	1.23583	-0.0233547	0.925457	-0.0019401	0	0.357753	0.0756637	0.601331	-0.392249	nan	0	nan	0	2	0	0.5	0.889765	0.428289
chr14:97500000-98000000	chr14	97500000	1.32403	-0.0337561	0.928788	0.0926036	0	0.171749	-0.183728	0.12853	-0.478905	nan	0	nan	0	0	0	0.5	0.895393	0.416723
chr14:98000000-98500000	chr14	98000000	1.13861	0.252928	0.88086	0.0867984	0	0.155315	0.0921227	0.706144	-0.0503698	nan	0	nan	0	0	0	0.5	0.90102	0.410007
chr14:98500000-99000000	chr14	98500000	1.11436	0.157142	0.999618	-0.134415	0	0.193998	-0.0171073	0.414342	-0.536865	nan	0	nan	0	0	0	0.5	0.906648	0.431653
chr14:99000000-99500000	chr14	99000000	0.719131	-0.163468	0.318448	0.054566	3	0.968373	-0.354559	0.584921	-0.129074	-0.0778217	3	0.0961917	3	8	0	0.5	0.912276	0.478044
chr14:99500000-100000000	chr14	99500000	-0.267166	-0.309447	-0.570812	-0.010275	4	1.28172	0.0220247	0.821614	0.0154012	-0.285138	4	0.178438	4	10	0	0.5	0.917904	0.488469
chr14:100000000-100500000	chr14	100000000	-0.299449	-0.206918	-0.498733	-0.0840342	7	1.39015	-0.193068	0.942942	0.0548388	0.0720746	6	0.0521475	5	13	0	0.5	0.923532	0.485271
chr14:100500000-101000000	chr14	100500000	0.0177775	-0.146496	-0.171985	0.0592174	4	1.13595	-0.0907079	-0.179118	-0.0434287	-0.0404479	3	0.350135	2	14	0	0.5	0.92916	0.502941
chr14:101000000-101500000	chr14	101000000	0.454232	-0.387	-0.0978901	0.0202029	0	0.701605	0.144758	-0.411117	0.000318681	nan	0	nan	0	5	0	0	0.934788	0.461666
chr14:101500000-102000000	chr14	101500000	-0.457401	-0.10579	-0.700454	0.0553478	3	1.27054	-0.108185	0.890883	0.05868	0.110803	3	-0.0379222	2	15	0	0	0.940415	0.469168
chr14:102000000-102500000	chr14	102000000	-0.799112	0.0110751	-1.11937	-0.110472	6	1.34806	0.00343895	1.18826	-0.0326639	0.134069	6	0.0815815	6	9	0	0	0.946043	0.47556
chr14:102500000-103000000	chr14	102500000	-0.829742	-0.155759	-1.06421	-0.0599134	4	1.33638	-0.0328114	1.25264	-0.0543822	-0.0567538	4	0.00641012	4	11	0	0.5	0.951671	0.483093
chr14:103000000-103500000	chr14	103000000	-0.995918	-0.027946	-1.22532	0.116371	6	1.41644	-0.0624306	1.23798	-0.00321959	-0.0651785	5	0.0770916	4	16	0	0.5	0.957299	0.492352
chr14:103500000-104000000	chr14	103500000	-0.649504	-0.110727	-0.921715	-0.0148724	11	1.46533	-0.120061	1.03254	-0.0194788	0.00280034	9	0.109638	8	13	0	0	0.962927	0.485486
chr14:104000000-104500000	chr14	104000000	0.248304	-0.268601	-0.0749482	-0.00555972	2	1.44678	-0.175378	0.473028	-0.158453	-0.205049	2	0.140035	2	23	0	0	0.968555	0.529738
chr14:104500000-105000000	chr14	104500000	-0.0338239	-0.333425	-0.547963	0.142739	11	1.39401	-0.149991	1.05509	-0.0478675	-0.0121513	10	0.204127	9	37	0	0	0.974183	0.562514
chr14:105000000-105500000	chr14	105000000	0.0335325	-0.499032	-0.458139	0.241149	12	0.860147	-0.0339611	0.985648	0.100491	0.213016	12	0.180852	12	45	0	0	0.97981	0.576965
chr14:105500000-106000000	chr14	105500000	0.921208	-0.0758042	0.491954	0.528032	1	-0.343491	0.027923	0.927253	-0.219097	nan	1	nan	1	21	0	0	0.985438	0.543496
chr14:106000000-106500000	chr14	106000000	0.667032	0.280372	0.593359	0.311952	0	-0.916934	0.0046787	0.786024	-0.106709	nan	0	nan	0	7	0	0	0.991066	0.414455
chr14:106500000-107000000	chr14	106500000	1.07771	0.413198	0.78107	0.172604	0	nan	nan	0.720364	-0.0601544	nan	0	nan	0	1	0.232564	0	0.996694	0.414833
chr14:107000000-107500000	chr14	107000000	nan	nan	nan	nan	0	nan	nan	nan	nan	nan	0	nan	0	0	0.087436	nan	1.00232	nan
chr15:0-500000	chr15	0	nan	nan	nan	nan	0	nan	nan	nan	nan	nan	0	nan	0	0	1	nan	0.985714	nan
chr15:500000-1000000	chr15	500000	nan	nan	nan	nan	0	nan	nan	nan	nan	nan	0	nan	0	0	1	nan	0.957143	nan
chr15:1000000-1500000	chr15	1000000	nan	nan	nan	nan	0	nan	nan	nan	nan	nan	0	nan	0	0	1	nan	0.928571	nan
chr15:1500000-2000000	chr15	1500000	nan	nan	nan	nan	0	nan	nan	nan	nan	nan	0	nan	0	0	1	nan	0.9	nan
chr15:2000000-2500000	chr15	2000000	nan	nan	nan	nan	0	nan	nan	nan	nan	nan	0	nan	0	0	1	nan	0.871429	nan
chr15:2500000-3000000	chr15	2500000	nan	nan	nan	nan	0	nan	nan	nan	nan	nan	0	nan	0	0	1	nan	0.842857	nan
chr15:3000000-3500000	chr15	3000000	nan	nan	nan	nan	0	nan	nan	nan	nan	nan	0	nan	0	0	1	nan	0.814286	nan
chr15:3500000-4000000	chr15	3500000	nan	nan	nan	nan	0	nan	nan	nan	nan	nan	0	nan	0	0	1	nan	0.785714	nan
chr15:4000000-4500000	chr15	4000000	nan	nan	nan	nan	0	nan	nan	nan	nan	nan	0	nan	0	0	1	nan	0.757143	nan
chr15:4500000-5000000	chr15	4500000	nan	nan	nan	nan	0	nan	nan	nan	nan	nan	0	nan	0	0	1	nan	0.728571	nan
chr15:5000000-5500000	chr15	5000000	nan	nan	nan	nan	0	nan	nan	nan	nan	nan	0	nan	0	0	1	nan	0.7	nan
chr15:5500000-6000000	chr15	5500000	nan	nan	nan	nan	0	nan	nan	nan	nan	nan	0	nan	0	0	1	nan	0.671429	nan
chr15:6000000-6500000	chr15	6000000	nan	nan	nan	nan	0	nan	nan	nan	nan	nan	0	nan	0	0	1	nan	0.642857	nan
chr15:6500000-7000000	chr15	6500000	nan	nan	nan	nan	0	nan	nan	nan	nan	nan	0	nan	0	0	1	nan	0.614286	nan
chr15:7000000-7500000	chr15	7000000	nan	nan	nan	nan	0	nan	nan	nan	nan	nan	0	nan	0	0	1	nan	0.585714	nan
chr15:7500000-8000000	chr15	7500000	nan	nan	nan	nan	0	nan	nan	nan	nan	nan	0	nan	0	0	1	nan	0.557143	nan
chr15:8000000-8500000	chr15	8000000	nan	nan	nan	nan	0	nan	nan	nan	nan	nan	0	nan	0	0	1	nan	0.528571	nan
chr15:8500000-9000000	chr15	8500000	nan	nan	nan	nan	0	nan	nan	nan	nan	nan	0	nan	0	0	1	nan	0.5	nan
chr15:9000000-9500000	chr15	9000000	nan	nan	nan	nan	0	nan	nan	nan	nan	nan	0	nan	0	0	1	nan	0.471429	nan
chr15:9500000-10000000	chr15	9500000	nan	nan	nan	nan	0	nan	nan	nan	nan	nan	0	nan	0	0	1	nan	0.442857	nan
chr15:10000000-10500000	chr15	10000000	nan	nan	nan	nan	0	nan	nan	nan	nan	nan	0	nan	0	0	1	nan	0.414286	nan
chr15:10500000-11000000	chr15	10500000	nan	nan	nan	nan	0	nan	nan	nan	nan	nan	0	nan	0	0	1	nan	0.385714	nan
chr15:11000000-11500000	chr15	11000000	nan	nan	nan	nan	0	nan	nan	nan	nan	nan	0	nan	0	0	1	nan	0.357143	nan
chr15:11500000-12000000	chr15	11500000	nan	nan	nan	nan	0	nan	nan	nan	nan	nan	0	nan	0	0	1	nan	0.328571	nan
chr15:12000000-12500000	chr15	12000000	nan	nan	nan	nan	0	nan	nan	nan	nan	nan	0	nan	0	0	1	nan	0.3	nan
chr15:12500000-13000000	chr15	12500000	nan	nan	nan	nan	0	nan	nan	nan	nan	nan	0	nan	0	0	1	nan	0.271429	nan
chr15:13000000-13500000	chr15	13000000	nan	nan	nan	nan	0	nan	nan	nan	nan	nan	0	nan	0	0	1	nan	0.242857	nan
chr15:13500000-14000000	chr15	13500000	nan	nan	nan	nan	0	nan	nan	nan	nan	nan	0	nan	0	0	1	nan	0.214286	nan
chr15:14000000-14500000	chr15	14000000	nan	nan	nan	nan	0	nan	nan	nan	nan	nan	0	nan	0	0	1	nan	0.185714	nan
chr15:14500000-15000000	chr15	14500000	nan	nan	nan	nan	0	nan	nan	nan	nan	nan	0	nan	0	0	1	nan	0.157143	nan
chr15:15000000-15500000	chr15	15000000	nan	nan	nan	nan	0	nan	nan	nan	nan	nan	0	nan	0	0	1	nan	0.128571	nan
chr15:15500000-16000000	chr15	15500000	nan	nan	nan	nan	0	nan	nan	nan	nan	nan	0	nan	0	0	1	nan	0.1	nan
chr15:16000000-16500000	chr15	16000000	nan	nan	nan	nan	0	nan	nan	nan	nan	nan	0	nan	0	0	1	nan	0.0714286	nan
chr15:16500000-17000000	chr15	16500000	nan	nan	nan	nan	0	nan	nan	nan	nan	nan	0	nan	0	0	1	nan	0.0428571	nan
chr15:17000000-17500000	chr15	17000000	nan	nan	nan	nan	0	nan	nan	nan	nan	nan	0	nan	0	0	0.000838	nan	0.0142857	0.376054
chr15:17500000-18000000	chr15	17500000	nan	nan	nan	nan	0	nan	nan	nan	nan	nan	0	nan	0	0	0	nan	0	0.377793
chr15:18000000-18500000	chr15	18000000	nan	nan	nan	nan	0	nan	nan	nan	nan	nan	0	nan	0	0	0.0002	nan	0	0.378184
chr15:18500000-19000000	chr15	18500000	nan	nan	nan	nan	0	nan	nan	nan	nan	nan	0	nan	0	0	0	nan	0	0.378947
chr15:19000000-19500000	chr15	19000000	nan	nan	nan	nan	0	nan	nan	nan	nan	nan	0	nan	0	0	0	nan	0	0.378897
chr15:19500000-20000000	chr15	19500000	nan	nan	nan	nan	0	-2.5162	0.513939	nan	nan	nan	0	nan	0	2	0.1	nan	0	0.381795
chr15:20000000-20500000	chr15	20000000	nan	nan	nan	nan	0	-2.20208	0.103701	-1.17932	-0.0224785	nan	0	nan	0	4	0	nan	0	0.44076
chr15:20500000-21000000	chr15	20500000	nan	nan	nan	nan	2	-2.73996	0.402302	-0.972304	-0.0333794	nan	0	nan	0	8	0.080884	0	0.00306782	0.405689
chr15:21000000-21500000	chr15	21000000	nan	nan	nan	nan	1	nan	nan	-0.79276	0.0515801	nan	0	nan	0	7	0.0972	0	0.00920345	0.423038
chr15:21500000-22000000	chr15	21500000	nan	nan	nan	nan	3	nan	nan	-1.0667	0.0147357	nan	0	nan	0	1	0.1	0	0.0153391	0.389261
chr15:22000000-22500000	chr15	22000000	nan	nan	nan	nan	3	-1.67147	0.0817926	-0.398698	-0.0988515	nan	0	nan	0	3	0.1	0	0.0214747	0.421649
chr15:22500000-23000000	chr15	22500000	-0.201706	-0.0212508	-0.290245	-0.235562	3	-1.24552	0.263497	0.274788	0.0707554	-0.137311	3	0.0615776	3	8	0	0	0.0276103	0.437555
chr15:23000000-23500000	chr15	23000000	0.419784	0.207644	0.420735	-0.103148	5	-1.77505	0.490592	nan	nan	-0.0494679	2	nan	1	4	0.1	0	0.033746	0.447085
chr15:23500000-24000000	chr15	23500000	0.847338	0.154189	0.540107	0.0978072	3	-1.65355	0.150285	-1.34656	-0.0635449	-0.094401	2	0.217361	2	2	0	0	0.0398816	0.402571
chr15:24000000-24500000	chr15	24000000	0.729701	0.324364	0.62997	0.201276	0	-1.76394	0.532983	-1.28885	-0.121043	nan	0	nan	0	1	0	0	0.0460172	0.387571
chr15:24500000-25000000	chr15	24500000	0.465784	0.0801556	0.391644	0.107317	3	-1.35465	0.0629511	-1.33432	-0.126586	0.246911	2	0.028789	2	5	0	0	0.0521529	0.401114
chr15:25000000-25500000	chr15	25000000	-0.0936194	0.315121	-0.143217	0.155323	1	-1.13388	0.148635	-1.29208	0.0119552	nan	1	nan	1	1	0	0	0.0582885	0.420245
chr15:25500000-26000000	chr15	25500000	0.635128	0.0467082	0.528619	0.084458	1	-1.12712	-0.0672374	-0.882279	-0.110749	nan	1	nan	0	5	0	0.5	0.0644241	0.440895
chr15:26000000-26500000	chr15	26000000	0.731344	0.123984	0.380661	0.285796	0	-1.37663	-0.0804925	-1.52354	-0.0314822	nan	0	nan	0	1	0	0.5	0.0705598	0.410296
chr15:26500000-27000000	chr15	26500000	0.672987	-0.118051	0.287196	0.243803	3	-1.33387	-0.158418	-1.38988	-0.0684385	-0.143217	3	nan	1	9	0	0.5	0.0766954	0.409358
chr15:27000000-27500000	chr15	27000000	0.656373	0.0788127	0.465238	0.258852	0	-1.63818	-0.105808	-1.35573	0.179293	nan	0	nan	0	0	0	0.5	0.082831	0.41039
chr15:27500000-28000000	chr15	27500000	0.630629	-0.0591966	0.45664	0.00132856	0	-1.59611	-0.087284	-1.39178	-0.0530357	nan	0	nan	0	6	0	0.5	0.0889667	0.423612
chr15:28000000-28500000	chr15	28000000	0.361379	-0.158466	0.0905175	-0.26082	4	-1.53	0.403469	-1.35512	-0.0136205	0.0482267	2	0.00583363	2	13	0	0	0.0951023	0.440557
chr15:28500000-29000000	chr15	28500000	0.145161	-0.382225	-0.184261	-0.320383	5	-0.875763	0.734584	-0.226938	-0.148248	0.178767	2	nan	1	6	0	0	0.101238	0.442739
chr15:29000000-29500000	chr15	29000000	0.384571	-0.272635	-0.134352	0.0383051	1	-1.00765	0.0599625	-1.05841	0.286131	nan	1	nan	1	4	0	0	0.107374	0.44828
chr15:29500000-30000000	chr15	29500000	-0.702636	0.148859	-0.588243	-0.0373041	2	-0.463155	0.162592	-1.50604	-0.0899194	0.109927	2	nan	1	4	0	0	0.113509	0.418122
chr15:30000000-30500000	chr15	30000000	nan	nan	nan	nan	4	-1.13263	0.311444	0.125631	0.0109273	0.0420634	4	-0.033614	3	8	0	0.5	0.119645	0.434064
chr15:30500000-31000000	chr15	30500000	-0.0239993	-0.0637588	-0.110241	-0.0264892	5	-0.331317	-0.0409532	1.00415	-0.201668	-0.132681	5	0.0234457	2	5	0	0.5	0.12578	0.423324
chr15:31000000-31500000	chr15	31000000	0.413505	-0.563807	0.128125	-0.270068	2	-0.232322	0.000284134	0.818437	-0.0643833	-0.0671167	2	nan	1	10	0	0	0.131916	0.46933
chr15:31500000-32000000	chr15	31500000	0.902638	0.110748	0.81583	-0.143075	1	-1.11794	-0.049588	-1.29888	-0.0631403	nan	1	nan	1	1	0	0	0.138052	0.422939
chr15:32000000-32500000	chr15	32000000	nan	nan	nan	nan	3	-1.07878	-0.297094	-0.221899	-0.244395	-0.0196275	3	nan	1	6	0	0	0.144187	0.428493
chr15:32500000-33000000	chr15	32500000	-0.517268	-0.127535	-0.623641	-0.08003	4	-0.210745	-0.38391	-1.0265	-0.00286116	0.237827	4	0.452904	4	3	0	0	0.150323	0.405084
chr15:33000000-33500000	chr15	33000000	0.146362	-0.3686	-0.104179	-0.0500546	2	0.423677	-0.859008	-1.40732	-0.00781947	0.00720274	2	-0.225444	2	2	0	0	0.156459	0.405265
chr15:33500000-34000000	chr15	33500000	0.252302	-0.281968	0.109162	-0.185076	1	-0.0550838	-0.509197	-0.411883	-0.0094748	nan	1	nan	0	0	0	0.75	0.162594	0.412709
chr15:34000000-34500000	chr15	34000000	-0.734927	-0.048744	-0.896044	0.0862446	10	0.921082	-0.202228	0.509437	0.015072	-0.0756151	9	0.0655564	9	7	0	0.75	0.16873	0.416139
chr15:34500000-35000000	chr15	34500000	-0.845509	-0.175439	-0.915454	0.0467316	5	1.4388	-0.38693	0.135804	-0.128159	-0.116851	4	0.020102	5	5	0	0.75	0.174866	0.403415
chr15:35000000-35500000	chr15	35000000	-0.765604	-0.378707	-0.771223	-0.206377	1	0.69065	-0.801116	-0.17544	0.151671	nan	0	nan	0	2	0	0.75	0.181001	0.37818
chr15:35500000-36000000	chr15	35500000	-1.05169	-0.122516	-1.06943	0.0182272	1	0.672389	-0.818915	-1.28249	0.0227581	nan	1	nan	1	1	0	0.75	0.187137	0.36886
chr15:36000000-36500000	chr15	36000000	-1.13603	-0.0388123	-1.2615	0.118757	0	0.878157	-1.16875	-0.862601	0.0066903	nan	0	nan	0	0	0	0.75	0.193272	0.36319
chr15:36500000-37000000	chr15	36500000	-1.23832	-0.20894	-1.25702	0.0161372	1	0.729707	-0.928766	-0.630164	0.135128	nan	1	nan	0	5	0	0.75	0.199408	0.376943
chr15:37000000-37500000	chr15	37000000	-0.940436	0.0733446	-0.6634	0.0518943	1	0.503178	-1.16392	-1.5226	-0.0315552	nan	1	nan	1	5	0	0.75	0.205544	0.373108
chr15:37500000-38000000	chr15	37500000	-0.890671	0.085914	-0.889564	0.043643	1	0.456388	-0.900816	-1.26726	-0.0558677	nan	0	nan	0	0	0	0.75	0.211679	0.370671
chr15:38000000-38500000	chr15	38000000	-1.29311	0.0235151	-1.2269	-0.173029	2	0.933782	-0.862563	-0.338466	-0.0582331	0.0122805	2	-0.281197	2	3	0	0.75	0.217815	0.382713
chr15:38500000-39000000	chr15	38500000	-0.915246	-0.161574	-1.29781	-0.000455756	1	1.28781	-0.475081	-1.50597	-0.0448486	nan	1	nan	1	1	0	0.75	0.223951	0.406787
chr15:39000000-39500000	chr15	39000000	-1.29013	0.136459	-1.24874	0.0539646	0	1.35303	-0.449459	-1.38172	0.172821	nan	0	nan	0	0	0	0.75	0.230086	0.392996
chr15:39500000-40000000	chr15	39500000	-1.49993	0.101646	-1.45745	0.232506	4	1.45166	-0.274358	0.825798	-0.119242	-0.0854452	4	-0.0301143	4	5	0	0.75	0.236222	0.402883
chr15:40000000-40500000	chr15	40000000	-1.02647	-0.024141	-1.39705	0.192455	14	1.71023	-0.330568	1.33561	0.000992296	0.024227	13	0.0541979	13	14	0	0	0.242357	0.482049
chr15:40500000-41000000	chr15	40500000	-1.07989	-0.224778	-1.40385	0.0814602	15	1.52972	-0.0656563	1.38435	0.0192077	0.0356924	14	0.0671472	13	16	0	0	0.248493	0.476011
chr15:41000000-41500000	chr15	41000000	-1.04393	0.0064436	-1.40417	-0.00638737	8	1.5692	-0.161474	1.40964	0.00834278	0.364471	7	0.0796738	7	8	0	0	0.254629	0.447808
chr15:41500000-42000000	chr15	41500000	-1.04661	0.109813	-1.22281	0.168494	9	1.67552	-0.166239	1.2247	-0.0476819	0.00342929	9	-0.0787613	9	15	0	0	0.260764	0.478657
chr15:42000000-42500000	chr15	42000000	-0.931513	-0.0436661	-1.19897	-0.0694997	9	1.4889	-0.10247	1.33497	-0.0301612	0.00760747	6	-0.134599	7	5	0	0	0.2669	0.442085
chr15:42500000-43000000	chr15	42500000	-1.20385	0.128884	-1.3694	-0.0574313	5	1.46942	-0.159244	1.33937	0.00700793	-0.0643093	5	0.000470734	5	5	0	0.25	0.273036	0.421732
chr15:43000000-43500000	chr15	43000000	-1.00831	-0.112507	-1.4293	0.191779	11	1.5005	-0.149477	1.27039	-0.0165746	-0.115627	7	-0.0312533	7	5	0	0.25	0.279171	0.428769
chr15:43500000-44000000	chr15	43500000	-0.848915	-0.206235	-1.00312	-0.223148	13	1.21558	-0.182214	0.697611	0.0182221	0.0542122	12	0.00577921	9	12	0	0	0.285307	0.453958
chr15:44000000-44500000	chr15	44000000	-1.23213	0.0741556	-1.36857	0.147014	3	0.841777	-0.232206	1.27203	0.0689403	-0.225867	3	0.0441668	2	3	0	0	0.291443	0.406006
chr15:44500000-45000000	chr15	44500000	-0.471261	-0.00477955	-0.667262	-0.0120183	6	0.263273	-0.186661	1.13492	-0.0443532	0.127476	5	-0.0191679	4	3	0	0.75	0.297578	0.417064
chr15:45000000-45500000	chr15	45000000	0.0408279	-0.296215	-0.286648	0.0901024	10	-0.911223	0.237172	0.181473	0.0880965	-0.195856	8	-0.372229	5	15	0	0.75	0.303714	0.446597
chr15:45500000-46000000	chr15	45500000	0.579674	-0.0783967	0.321227	0.153219	3	-1.43029	-0.107077	-0.948243	0.042221	-0.0111909	3	-0.0647603	3	4	0	0.75	0.309849	0.417705
chr15:46000000-46500000	chr15	46000000	0.978281	-0.0228263	0.674149	0.242746	0	-1.56975	-0.0271101	-0.451097	-0.148203	nan	0	nan	0	0	0	0.75	0.315985	0.376472
chr15:46500000-47000000	chr15	46500000	0.758516	0.216943	0.61614	0.445937	0	-1.50651	-0.253467	-0.302408	-0.270709	nan	0	nan	0	0	0	0.75	0.322121	0.359304
chr15:47000000-47500000	chr15	47000000	0.457194	0.0784839	0.395681	0.26166	0	-0.985869	-0.0632839	-1.4355	-0.0725926	nan	0	nan	0	1	0	0.75	0.328256	0.375236
chr15:47500000-48000000	chr15	47500000	0.783945	-0.245004	0.648175	-0.0267396	1	-0.698647	-0.155016	-1.21618	-0.168819	nan	1	nan	1	1	0	0.75	0.334392	0.398632
chr15:48000000-48500000	chr15	48000000	-0.0177235	-0.00566085	0.0731549	-0.118714	5	-1.20596	-0.0577794	-0.146155	-0.262843	-0.0832765	2	-0.0893682	3	2	0	0.75	0.340528	0.392041
chr15:48500000-49000000	chr15	48500000	-0.668219	0.0103887	-0.435837	-0.120758	4	-1.40603	0.0483133	0.704261	-0.148862	-0.1394	4	0.184086	4	6	0	0.75	0.346663	0.387619
chr15:49000000-49500000	chr15	49000000	-0.485804	-0.149858	-0.326581	-0.0346421	4	-1.31946	0.00848675	-0.597305	0.252286	-0.330472	4	0.0269065	4	2	0	0	0.352799	0.375803
chr15:49500000-50000000	chr15	49500000	0.14844	0.179941	0.194968	0.145973	2	-1.57308	0.106062	-1.14754	0.128506	0.0227056	2	-0.0425963	2	1	0	0	0.358935	0.374536
chr15:50000000-50500000	chr15	50000000	-0.291073	-0.10778	-0.422148	-0.126655	5	-0.937961	-0.0356032	1.03508	0.0858784	-0.181719	2	0.028377	2	3	0	0	0.36507	0.40448
chr15:50500000-51000000	chr15	50500000	-0.914304	0.0482453	-0.989907	0.0303406	5	0.192994	-0.0542694	-0.0239997	0.10803	-0.101413	3	-0.0043372	3	3	0	0	0.371206	0.40287
chr15:51000000-51500000	chr15	51000000	0.140349	-0.350463	-0.125052	-0.171505	3	-0.461474	-0.0543915	-0.817692	0.120937	nan	1	nan	1	3	0	0	0.377341	0.427329
chr15:51500000-52000000	chr15	51500000	-0.580642	-0.187096	-0.682669	0.106355	6	-0.362814	-0.0506611	1.01429	-0.179128	0.0270111	5	-0.0485496	5	6	0	0	0.383477	0.402233
chr15:52000000-52500000	chr15	52000000	-0.616056	-0.109947	-0.667135	-0.227327	4	-0.272736	-0.0365852	0.544598	0.0405288	0.0216985	4	0.0493294	3	4	0	0	0.389613	0.426871
chr15:52500000-53000000	chr15	52500000	0.0150286	-0.00716913	-0.0467596	0.0747596	4	-1.05091	-0.15163	-1.50412	0.0124083	-0.0234308	4	-0.012327	2	10	0	0.75	0.395748	0.405372
chr15:53000000-53500000	chr15	53000000	1.00146	0.284376	0.807588	0.214242	0	-1.09034	-0.342103	-1.52796	-0.0491691	nan	0	nan	0	0	0	0.75	0.401884	0.391569
chr15:53500000-54000000	chr15	53500000	0.735104	0.305396	0.739022	0.302265	2	-1.4437	-0.215068	-0.869875	0.0712528	0.0174945	2	nan	1	1	0	0.75	0.40802	0.373298
chr15:54000000-54500000	chr15	54000000	0.684336	0.309244	0.754335	0.608841	0	-1.69255	-0.100636	0.726918	0.0185067	nan	0	nan	0	0	0	0.75	0.414155	0.359834
chr15:54500000-55000000	chr15	54500000	0.973942	0.237192	0.964505	0.376147	0	-1.68778	-0.0974313	-0.831524	-0.0279595	nan	0	nan	0	0	0	0.75	0.420291	0.373043
chr15:55000000-55500000	chr15	55000000	0.415758	-0.0887592	0.315514	-0.145122	6	-1.5493	0.0999148	0.142489	-0.0967839	-0.05937	6	-0.0491898	5	5	0	0.75	0.426426	0.404767
chr15:55500000-56000000	chr15	55500000	-0.225272	-0.0547331	-0.153152	-0.0628191	4	-1.02933	0.0788205	-0.889153	-0.0866226	-0.0461414	4	-0.192013	4	3	0	0.75	0.432562	0.400471
chr15:56000000-56500000	chr15	56000000	-0.485615	0.0167347	-0.321993	0.00113183	3	-1.28159	-0.046444	-0.956648	-0.0782331	-0.00250289	2	0.0990257	3	3	0	0.75	0.438698	0.378776
chr15:56500000-57000000	chr15	56500000	-0.785481	-0.0375331	-0.762583	-0.0434313	2	-0.60567	-0.0222967	0.699283	-0.301872	-0.245517	2	0.0669288	2	3	0	0.75	0.444833	0.376961
chr15:57000000-57500000	chr15	57000000	-1.19444	0.0752604	-1.00069	-0.10572	1	0.0540568	-0.367026	-0.887727	-0.0953641	nan	1	nan	1	3	0	0.75	0.450969	0.403813
chr15:57500000-58000000	chr15	57500000	-0.295261	-0.168175	-0.723168	-0.134745	2	0.408916	-0.296296	-1.4237	-0.015155	-0.252186	2	0.10721	2	2	0	0.75	0.457105	0.420118
chr15:58000000-58500000	chr15	58000000	-0.465268	-0.0682787	-0.88344	0.0146262	3	0.916671	-0.452012	0.115397	0.476426	nan	1	nan	1	1	0	0.75	0.46324	0.414216
chr15:58500000-59000000	chr15	58500000	-1.15603	-0.102652	-1.21755	-0.0725258	4	0.857772	-0.317424	1.08905	0.0249314	-0.0169565	4	-0.0327135	4	5	0	0.75	0.469376	0.405567
chr15:59000000-59500000	chr15	59000000	-0.699185	-0.117834	-0.932477	-0.261933	4	0.615574	-0.401824	0.214507	0.0118408	0.205879	3	0.199333	3	4	0	0.25	0.475512	0.422477
chr15:59500000-60000000	chr15	59500000	-0.339522	-0.200494	-0.650882	0.054343	3	0.767332	-0.540068	-1.40952	-0.0463014	0.188255	3	0.0581958	2	4	0	0.25	0.481647	0.412375
chr15:60000000-60500000	chr15	60000000	-0.425164	-0.161337	-0.521885	-0.129323	3	0.684302	-0.451648	-0.334967	0.102023	0.0663066	2	0.0163252	2	4	0	0.25	0.487783	0.408365
chr15:60500000-61000000	chr15	60500000	0.173526	-0.324364	-0.0475261	-0.290489	0	0.399242	-0.662624	-1.10568	-0.0757474	nan	0	nan	0	1	0	0.25	0.493918	0.415176
chr15:61000000-61500000	chr15	61000000	0.436283	-0.546855	0.0984019	-0.212012	1	0.214024	-0.368049	-1.43832	-0.125712	nan	1	nan	1	2	0	0.25	0.500054	0.408547
chr15:61500000-62000000	chr15	61500000	-0.181965	-0.214287	-0.20948	-0.0790903	0	0.52727	-0.488739	-0.559763	0.0330494	nan	0	nan	0	0	0	0.25	0.50619	0.391806
chr15:62000000-62500000	chr15	62000000	-0.647552	-0.249946	-0.895138	-0.192997	4	0.590721	0.0888745	-1.09922	0.052413	-0.0582277	4	-0.0715882	2	5	0	0.25	0.512325	0.42246
chr15:62500000-63000000	chr15	62500000	-0.850794	-0.230084	-1.07444	-0.0406363	0	1.08353	-0.100349	-0.223263	-0.22423	nan	0	nan	0	2	0	0.25	0.518461	0.436224
chr15:63000000-63500000	chr15	63000000	-1.27154	0.0610234	-1.5242	0.418579	6	1.16321	0.161909	1.37598	-0.112671	0.09035	6	-0.11561	6	9	0	0.25	0.524597	0.439669
chr15:63500000-64000000	chr15	63500000	-1.0716	-0.0839034	-1.49878	0.138607	3	0.908767	0.352082	1.35689	0.0775782	-0.271265	3	0.0816225	3	3	0	0	0.530732	0.420685
chr15:64000000-64500000	chr15	64000000	-1.27317	0.11003	-1.31886	-0.0741251	9	1.08276	0.378349	1.39662	0.0345211	0.0254934	9	0.0952902	9	8	0	0	0.536868	0.42866
chr15:64500000-65000000	chr15	64500000	-1.08854	0.282034	-1.16818	-0.0423224	6	1.08442	0.266337	1.36831	0.0186099	0.0144358	5	-0.00041811	6	9	0	0	0.543003	0.465671
chr15:65000000-65500000	chr15	65000000	-1.07503	0.103727	-1.19764	-0.175265	13	1.01136	0.362363	1.34427	0.0638472	-0.0577502	9	-0.0906347	10	14	0	0	0.549139	0.470789
chr15:65500000-66000000	chr15	65500000	-1.10753	-0.196793	-1.366	0.109775	6	1.00581	0.0378567	1.30805	0.00254381	-0.0235982	6	-0.00901326	6	6	0	0	0.555275	0.425741
chr15:66000000-66500000	chr15	66000000	-0.571425	-0.171191	-1.04886	-0.103226	5	1.04932	-0.0754118	1.20755	0.0721239	-0.0458155	5	0.0646812	4	6	0	0	0.56141	0.468329
chr15:66500000-67000000	chr15	66500000	-0.850763	-0.120957	-1.2263	0.0153728	4	0.552418	0.19169	0.37595	-0.128961	-0.0330862	4	-0.193213	3	5	0	0	0.567546	0.48041
chr15:67000000-67500000	chr15	67000000	-1.24444	0.142331	-1.15919	-0.122031	3	0.739143	-0.0204118	0.812595	0.00332116	0.0694913	3	0.00738428	3	2	0	0.25	0.573682	0.426579
chr15:67500000-68000000	chr15	67500000	-1.09519	0.140649	-1.3262	-0.0292307	4	0.611718	0.280655	1.33633	0.0107653	0.161464	3	0.0369274	3	9	0	0.25	0.579817	0.416793
chr15:68000000-68500000	chr15	68000000	-1.1685	-0.197757	-1.35602	0.128092	5	0.996936	-0.0597226	0.213507	0.0864198	-0.178898	5	0.239783	4	5	0	0.25	0.585953	0.434609
chr15:68500000-69000000	chr15	68500000	-1.02471	-0.0367642	-1.2883	-0.0399898	3	0.715387	0.398439	-0.763119	-0.00353883	0.0582745	2	0.079787	2	4	0	0.25	0.592089	0.455537
chr15:69000000-69500000	chr15	69000000	-1.04893	0.130041	-1.37746	0.0563343	5	0.872214	0.408723	-1.02177	0.0808164	0.0806948	5	0.0840987	4	7	0	0.25	0.598224	0.43407
chr15:69500000-70000000	chr15	69500000	-0.736586	-0.138846	-1.04891	-0.297612	0	0.719827	0.109676	-1.03683	0.12186	nan	0	nan	0	0	0	0.25	0.60436	0.463462
chr15:70000000-70500000	chr15	70000000	-0.853389	-0.0545059	-0.994953	-0.217744	1	0.687729	0.352056	-0.994608	-0.289715	nan	1	nan	1	2	0	0.25	0.610495	0.480577
chr15:70500000-71000000	chr15	70500000	-1.55873	0.164746	-1.31776	0.115857	4	0.729256	0.453156	-1.51225	-0.034984	-0.0787236	4	-0.0385085	4	4	0	0.25	0.616631	0.417066
chr15:71000000-71500000	chr15	71000000	-1.08987	0.136254	-1.15561	-0.226073	1	0.717611	0.130854	-1.46431	-0.0270387	nan	1	nan	1	2	0	0.25	0.622767	0.417464
chr15:71500000-72000000	chr15	71500000	-1.00407	-0.0809601	-1.46232	0.302914	1	0.648565	0.16055	0.670313	-0.272537	nan	0	nan	1	1	0	0.25	0.628902	0.406109
chr15:72000000-72500000	chr15	72000000	-1.19403	-0.00969746	-1.14751	-0.188106	9	0.818605	0.194568	0.744068	0.0115779	-0.00319274	8	0.0182774	6	9	0	0.25	0.635038	0.432338
chr15:72500000-73000000	chr15	72500000	-0.760386	-0.123836	-1.14989	-0.0727328	4	0.674305	0.33187	-0.956039	-0.114468	-0.070074	2	-0.04313	2	4	0	0	0.641174	0.424163
chr15:73000000-73500000	chr15	73000000	-0.704273	-0.235657	-1.01682	-0.0358732	3	0.851506	0.136227	-0.838093	-0.247729	-0.106873	3	-0.135398	3	4	0	0	0.647309	0.417298
chr15:73500000-74000000	chr15	73500000	-0.682269	-0.120464	-0.989456	0.0599013	7	0.890228	0.334972	0.35506	-0.424038	-0.0857166	6	0.124005	6	6	0	0	0.653445	0.465437
chr15:74000000-74500000	chr15	74000000	-0.636979	-0.235611	-1.01737	-0.0104502	8	0.895672	0.350608	1.27212	0.0691904	-0.0280785	6	0.397422	5	11	0	0	0.659581	0.513252
chr15:74500000-75000000	chr15	74500000	-0.988968	-0.0230443	-1.41254	0.33344	15	0.699861	0.692438	1.42106	0.00695363	-0.0306989	14	0.0354196	12	15	0	0	0.665716	0.492367
chr15:75000000-75500000	chr15	75000000	-1.12513	0.182597	-1.25466	-0.0473613	8	0.832986	0.556761	1.42677	-0.0853943	-0.104959	6	0.118498	6	10	0	0.25	0.671852	0.48637
chr15:75500000-76000000	chr15	75500000	-1.05876	0.0214783	-1.2769	0.109017	8	0.674558	0.55567	0.691285	-0.151082	0.0172605	8	-0.0528497	7	10	0	0.25	0.677987	0.462574
chr15:76000000-76500000	chr15	76000000	-0.575291	-0.347936	-0.833091	-0.191865	4	0.20721	0.182675	-0.577403	0.0968552	0.0854016	4	-0.0249456	3	7	0	0.25	0.684123	0.429352
chr15:76500000-77000000	chr15	76500000	-0.795185	-0.188579	-0.781603	-0.2141	3	-0.245033	0.852892	0.239628	0.00680464	-0.182648	2	-0.0751661	2	2	0	0	0.690259	0.384357
chr15:77000000-77500000	chr15	77000000	-1.25071	0.0678424	-1.02956	-0.226614	3	0.423966	0.111898	1.082	-0.00809568	-0.0033385	3	0.00340665	3	4	0	0	0.696394	0.408246
chr15:77500000-78000000	chr15	77500000	-0.415468	-0.31209	-0.789563	-0.0668302	1	0.531997	0.383449	1.05252	-0.154919	nan	1	nan	1	6	0	0	0.70253	0.530444
chr15:78000000-78500000	chr15	78000000	-0.842785	-0.0431831	-1.14212	0.171789	9	0.735891	0.606917	1.0914	-0.107286	0.0148275	6	0.00413318	7	6	0	0.5	0.708666	0.468858
chr15:78500000-79000000	chr15	78500000	-0.709343	-0.0927871	-0.879614	-0.132235	8	0.911136	0.395332	0.45221	-0.128858	0.136613	8	0.00468399	8	14	0	0.5	0.714801	0.474103
chr15:79000000-79500000	chr15	79000000	0.0240531	-0.382503	-0.421928	-0.236373	4	0.458912	0.297854	-0.977623	-0.0580782	0.0224306	4	0.144301	4	5	0	0.5	0.720937	0.443355
chr15:79500000-80000000	chr15	79500000	-0.362688	-0.0291954	-0.467084	-0.218507	2	-0.104696	0.542279	0.905729	-0.27358	nan	1	nan	1	2	0	0.5	0.727072	0.416701
chr15:80000000-80500000	chr15	80000000	-0.387579	-0.0815019	-0.537933	-0.0566316	4	0.039652	0.564763	-1.1388	-0.0104807	-0.0112281	4	0.114619	4	4	0	0.5	0.733208	0.433558
chr15:80500000-81000000	chr15	80500000	-0.162107	-0.193846	-0.453582	0.00203517	3	-0.106388	0.209639	-0.794633	0.0249818	-0.107261	3	-0.011677	3	3	0	0.5	0.739344	0.453985
chr15:81000000-81500000	chr15	81000000	-0.0721017	-0.14046	-0.0727824	-0.373427	6	-0.192912	0.309456	-0.997682	0.165911	-0.111943	3	-0.130779	3	4	0	0.5	0.745479	0.422835
chr15:81500000-82000000	chr15	81500000	0.135053	-0.0610794	0.208173	-0.0319999	0	-0.550997	0.174784	-1.0604	-0.0204759	nan	0	nan	0	0	0	0	0.751615	0.39866
chr15:82000000-82500000	chr15	82000000	-0.710106	0.015509	-0.776619	0.147802	5	-0.119253	0.407479	0.62615	-0.0288885	-0.301959	5	-0.104539	5	7	0	0	0.757751	0.438165
chr15:82500000-83000000	chr15	82500000	-0.294756	-0.155252	-0.299615	-0.27723	7	0.644924	0.361359	0.193659	-0.043652	-0.0149158	7	0.0971757	6	9	0	0	0.763886	0.446182
chr15:83000000-83500000	chr15	83000000	-0.300389	-0.0375271	-0.321328	-0.0888019	6	0.387146	0.499088	0.452188	-0.0401047	0.0434489	6	-0.0265388	6	7	0	0	0.770022	0.419061
chr15:83500000-84000000	chr15	83500000	0.607285	-0.0330351	0.429227	0.0796097	1	-0.0601124	-0.0142229	-0.802768	-0.0326175	nan	1	nan	1	1	0	0	0.776158	0.402291
chr15:84000000-84500000	chr15	84000000	-0.275665	-0.0986197	-0.504033	0.095615	1	0.0840765	-0.0817794	0.524023	0.165323	nan	1	nan	0	6	0.1	0	0.782293	0.434546
chr15:84500000-85000000	chr15	84500000	-0.992421	0.161186	-1.13306	-0.0128433	8	0.72956	0.492506	1.1467	-0.0283418	0.0210222	8	0.0581717	8	11	0	0.5	0.788429	0.46085
chr15:85000000-85500000	chr15	85000000	-0.92257	0.130014	-0.914157	0.182972	1	0.421706	0.656646	1.06724	0.0498221	nan	1	nan	1	3	0	0.5	0.794564	0.433008
chr15:85500000-86000000	chr15	85500000	-0.406341	0.180735	-0.769532	0.243396	1	0.341673	0.0987705	0.0389991	0.047296	nan	1	nan	1	4	0	0.5	0.8007	0.430466
chr15:86000000-86500000	chr15	86000000	0.988043	0.200348	0.940744	0.0387054	1	-0.451443	0.467343	-1.48918	0.0188493	nan	0	nan	0	0	0	0.5	0.806836	0.402842
chr15:86500000-87000000	chr15	86500000	0.681963	0.241258	0.534928	0.189826	0	-0.445427	0.65246	-1.53096	-0.00903505	nan	0	nan	0	0	0	0.5	0.812971	0.388823
chr15:87000000-87500000	chr15	87000000	0.399657	0.0647958	0.262921	0.291667	0	-0.578034	0.194272	-1.4947	0.0338812	nan	0	nan	0	0	0	0.5	0.819107	0.378855
chr15:87500000-88000000	chr15	87500000	0.386187	-0.0567511	0.141731	-0.0560143	0	-0.393683	0.3022	-1.45804	0.0350372	nan	0	nan	0	0	0	0.5	0.825243	0.41336
chr15:88000000-88500000	chr15	88000000	0.777372	0.0181063	0.27292	0.0768688	3	-0.0484177	0.140766	-1.43907	0.0398384	0.277501	3	-0.0299966	3	3	0	0.5	0.831378	0.460811
chr15:88500000-89000000	chr15	88500000	-0.0129849	-0.326391	-0.392512	-0.0342622	6	0.557429	0.353784	-0.506613	0.128932	0.0454548	6	-0.124256	4	8	0	0	0.837514	0.468064
chr15:89000000-89500000	chr15	89000000	-0.539696	-0.207733	-0.951735	0.0486424	6	0.876143	0.253849	0.174929	-0.187921	-0.09817	4	-0.0159107	3	17	0	0	0.843649	0.465691
chr15:89500000-90000000	chr15	89500000	-0.45807	-0.230909	-0.979311	0.0331752	10	0.898863	0.361805	0.390593	-0.209348	0.0271724	8	0.0405622	7	11	0	0	0.849785	0.464246
chr15:90000000-90500000	chr15	90000000	-0.818452	0.0123371	-0.984065	0.132369	9	0.812785	0.332885	1.4369	0.00780575	-0.000100408	9	0.0191478	8	12	0	0	0.855921	0.46609
chr15:90500000-91000000	chr15	90500000	-0.348998	-0.11097	-0.814285	0.06823	9	0.966927	0.145378	1.43002	0.0189381	-0.0977827	9	0.0889427	8	15	0	0	0.862056	0.464207
chr15:91000000-91500000	chr15	91000000	0.718489	0.0347084	0.524777	0.15913	2	0.175594	-0.0856871	0.0413501	-0.0328489	nan	1	0.067253	2	3	0	0	0.868192	0.417513
chr15:91500000-92000000	chr15	91500000	0.922938	0.124083	0.591988	0.253609	1	0.224335	-0.0270324	-1.30033	0.377533	nan	1	nan	1	2	0	0	0.874328	0.420869
chr15:92000000-92500000	chr15	92000000	0.824897	0.206893	0.519557	0.141054	1	0.292525	-0.0850526	-1.32034	-0.0703916	nan	1	nan	1	1	0	0	0.880463	0.442524
chr15:92500000-93000000	chr15	92500000	-0.0100999	-0.083744	-0.214131	0.27672	2	0.381126	0.375719	0.404056	-0.137134	-0.0264291	2	0.0853742	2	5	0	0	0.886599	0.436811
chr15:93000000-93500000	chr15	93000000	1.11332	-0.289569	0.481869	0.281508	1	0.0100111	-0.195626	-1.24215	-0.0273012	nan	1	nan	1	7	0	0	0.892735	0.449557
chr15:93500000-94000000	chr15	93500000	1.0055	0.294083	0.766659	0.430208	0	-0.435429	-0.123701	-1.46416	0.0154221	nan	0	nan	0	0	0	0	0.89887	0.393388
chr15:94000000-94500000	chr15	94000000	0.818254	0.293721	0.841078	0.279127	1	-0.189173	-0.128332	-1.38196	-0.0804635	nan	1	nan	0	1	0	0.5	0.905006	0.385455
chr15:94500000-95000000	chr15	94500000	0.945739	0.206666	0.842343	0.171281	0	-0.227896	-0.238402	-1.20153	0.153345	nan	0	nan	0	2	0	0.5	0.911141	0.391699
chr15:95000000-95500000	chr15	95000000	-0.285527	0.0353099	-0.133785	-0.168811	0	-0.193807	-0.351556	-0.608381	-0.127423	nan	0	nan	0	1	0	0.5	0.917277	0.379529
chr15:95500000-96000000	chr15	95500000	-0.316067	-0.0255366	-0.211556	-0.196202	0	0.100078	-0.131559	0.696521	0.0452843	nan	0	nan	0	0	0	0.5	0.923413	0.379947
chr15:96000000-96500000	chr15	96000000	-0.161984	-0.130538	-0.158883	-0.0405819	1	-0.040055	0.0865926	0.444253	-0.0574496	nan	1	nan	1	17	0	0.5	0.929548	0.413434
chr15:96500000-97000000	chr15	96500000	0.891408	-0.153277	0.553892	0.172499	0	-0.545396	0.131413	-1.11386	0.307479	nan	0	nan	0	0	0	0.5	0.935684	0.391011
chr15:97000000-97500000	chr15	97000000	0.698499	0.320425	0.821505	0.269531	0	-0.414101	-0.158334	-1.17464	-0.103282	nan	0	nan	0	0	0	0.5	0.94182	0.373833
chr15:97500000-98000000	chr15	97500000	0.87533	0.140433	0.819084	0.333271	1	-0.23955	-0.423179	-1.28949	-0.0854655	nan	1	nan	1	2	0	0.5	0.947955	0.389318
chr15:98000000-98500000	chr15	98000000	1.00171	0.126246	0.572224	0.256017	0	0.163153	-0.571118	-1.39281	-0.0651434	nan	0	nan	0	2	0	0	0.954091	0.429194
chr15:98500000-99000000	chr15	98500000	-0.281188	-0.247311	-0.59995	0.082656	1	0.568787	-0.380164	-0.877438	0.123917	nan	1	nan	1	7	0	0	0.960227	0.444094
chr15:99000000-99500000	chr15	99000000	-0.411553	-7.54724e-05	-0.506055	0.0684245	4	0.162113	-0.224236	0.542531	0.0583469	-0.00549472	3	-0.205115	3	5	0	0	0.966362	0.433414
chr15:99500000-100000000	chr15	99500000	-0.172035	-0.0230334	-0.261894	0.258191	2	0.145705	-0.101372	0.542939	0.0165516	-0.230319	2	0.0411261	2	7	0	0	0.972498	0.409292
chr15:100000000-100500000	chr15	100000000	0.953042	0.0559923	0.625945	0.176142	1	-0.472146	0.0873484	-1.42636	0.0309409	nan	1	nan	1	4	0	0	0.978633	0.447719
chr15:100500000-101000000	chr15	100500000	0.421879	-0.170878	0.353303	-0.15681	5	-0.60728	-0.0483736	-0.673244	-0.200184	0.10558	4	0.0666003	2	7	0	0	0.984769	0.445537
chr15:101000000-101500000	chr15	101000000	0.214983	0.0195883	0.0955673	0.155361	4	-0.347565	0.0674088	0.654423	-0.120818	-0.159233	4	0.0526069	4	9	0	0	0.990905	0.477499
chr15:101500000-102000000	chr15	101500000	0.195909	0.216729	0.242267	0.0839047	4	nan	nan	-0.313857	-0.246374	-0.00603064	2	nan	1	5	0.02	0	0.99704	0.427095
chr16:0-500000	chr16	0	nan	nan	nan	nan	21	1.35898	-0.183779	1.15878	0.0713371	0.143156	17	0.0851599	15	41	0.02	0	0.992918	0.543197
chr16:500000-1000000	chr16	500000	nan	nan	nan	nan	26	1.43882	-0.0871414	1.04982	0.0870747	0.0477747	23	0.0836448	21	89	0	0	0.978754	0.60497
chr16:1000000-1500000	chr16	1000000	nan	nan	nan	nan	18	1.53149	-0.300389	0.901378	-0.00969984	0.046101	11	0.127979	9	83	0	0	0.964589	0.608904
chr16:1500000-2000000	chr16	1500000	nan	nan	nan	nan	24	1.43248	-0.055152	1.21273	0.0169137	0.0754694	20	0.0709059	19	41	0	0	0.950425	0.544728
chr16:2000000-2500000	chr16	2000000	nan	nan	nan	nan	21	1.52521	-0.221134	1.2276	0.0367558	0.0762297	21	0.104033	20	49	0	0	0.936261	0.557375
chr16:2500000-3000000	chr16	2500000	nan	nan	nan	nan	19	1.50454	-0.0385154	1.2831	0.00580184	-0.00137257	13	0.0539308	10	40	0	0	0.922096	0.543042
chr16:3000000-3500000	chr16	3000000	-1.07079	-0.046862	-1.20929	0.176795	23	1.4145	-0.0916197	1.27524	-0.00220998	0.13323	17	0.103051	16	39	0	0	0.907932	0.498922
chr16:3500000-4000000	chr16	3500000	-0.759956	-0.0567117	-1.20721	-0.007058	6	1.48994	-0.0757922	1.21821	-0.0496857	-0.059545	6	0.0544615	6	16	0	0	0.893768	0.479686
chr16:4000000-4500000	chr16	4000000	-0.755085	-0.274875	-1.22261	0.277669	10	1.41566	-0.00413955	0.986585	0.0131244	-0.0346619	10	0.0271737	10	16	0	0	0.879603	0.511433
chr16:4500000-5000000	chr16	4500000	-0.400718	-0.15201	-0.799558	0.0354689	15	1.00914	-0.126009	1.10761	0.0382517	0.00628269	14	0.132127	12	23	0	0	0.865439	0.519811
chr16:5000000-5500000	chr16	5000000	0.876471	-0.0724692	0.511276	0.0700778	4	-0.547547	-0.0990248	-0.365586	0.104448	-0.0234006	4	0.238082	3	5	0	0	0.851275	0.470321
chr16:5500000-6000000	chr16	5500000	1.35721	0.0336941	0.71593	0.272055	0	-0.981108	-0.0508951	-1.21426	0.0154494	nan	0	nan	0	0	0	0	0.83711	0.442729
chr16:6000000-6500000	chr16	6000000	0.999242	0.200889	0.825243	0.310729	1	-1.00041	-0.100826	-1.31881	-0.0328134	nan	1	nan	1	2	0	0	0.822946	0.415114
chr16:6500000-7000000	chr16	6500000	1.19765	-0.0793099	0.792964	0.376988	0	-1.10979	-0.0454248	-1.30172	-0.0608129	nan	0	nan	0	0	0	0	0.808782	0.410987
chr16:7000000-7500000	chr16	7000000	1.05538	0.0113875	0.805696	0.192379	0	-1.05177	-0.011237	-1.33952	0.00207065	nan	0	nan	0	1	0	0	0.794618	0.415301
chr16:7500000-8000000	chr16	7500000	1.25336	-0.0779357	0.759864	0.123204	0	-1.01907	-0.0656664	-1.35298	-0.00770335	nan	0	nan	0	2	0	0	0.780453	0.407564
chr16:8000000-8500000	chr16	8000000	1.3555	-0.0204367	0.822515	0.266738	0	-1.14081	-0.0538404	-1.34551	-0.0193809	nan	0	nan	0	0	0	0.5	0.766289	0.414695
chr16:8500000-9000000	chr16	8500000	0.537684	-0.331557	0.0893019	-0.0554981	8	-0.199317	0.0732207	-0.320935	-0.0241784	-0.0557571	6	0.106734	6	8	0	0.5	0.752125	0.474134
chr16:9000000-9500000	chr16	9000000	0.754394	-0.0473873	0.356842	0.0568641	1	-0.0820856	-0.108201	-0.283013	-0.0827927	nan	1	nan	0	1	0	0.5	0.73796	0.44745
chr16:9500000-10000000	chr16	9500000	1.14649	-0.00431793	0.82491	0.0213971	0	-0.46751	-0.104117	-1.16672	0.0243014	nan	0	nan	0	0	0	0.5	0.723796	0.417319
chr16:10000000-10500000	chr16	10000000	0.716043	-0.106407	0.164042	0.227936	2	-0.256498	0.115746	-0.508242	-0.152454	0.195277	2	0.0291219	2	3	0	0.5	0.709632	0.43606
chr16:10500000-11000000	chr16	10500000	0.324458	-0.151814	0.189633	-0.171586	7	0.724962	-0.219852	0.537157	-0.122492	0.0287804	6	0.125432	4	9	0	0	0.695467	0.471314
chr16:11000000-11500000	chr16	11000000	-0.0377822	-0.36274	-0.519418	-0.0728039	6	1.11948	-0.25059	0.91555	-0.069618	0.0213124	2	-0.100821	2	8	0	0	0.681303	0.499483
chr16:11500000-12000000	chr16	11500000	-0.451619	-0.228243	-0.737315	0.0525836	10	1.31077	-0.131206	1.23669	-0.0885861	0.065927	9	-0.00688653	8	7	0	0	0.667139	0.467149
chr16:12000000-12500000	chr16	12000000	0.674474	-0.288599	0.174353	-0.0560084	0	0.0734904	0.233739	0.592995	-0.00517711	nan	0	nan	0	3	0	0	0.652975	0.468237
chr16:12500000-13000000	chr16	12500000	0.921811	-0.349242	0.343117	-0.065897	2	-0.537727	-0.0832613	0.199846	-0.228889	0.157206	2	0.518524	2	3	0	0.5	0.63881	0.450717
chr16:13000000-13500000	chr16	13000000	1.11405	-0.0341965	0.580468	0.0110764	0	-0.878409	0.0419501	0.53805	-0.245774	nan	0	nan	0	0	0	0.5	0.624646	0.423253
chr16:13500000-14000000	chr16	13500000	0.834886	0.204802	0.559193	0.149024	1	-0.944647	0.254776	-0.189307	-0.233942	nan	1	nan	1	1	0	0.5	0.610482	0.416719
chr16:14000000-14500000	chr16	14000000	-0.0992159	-0.173593	-0.24809	0.0717409	1	0.70759	0.362349	1.06145	-0.0903974	nan	1	nan	1	3	0	0.5	0.596317	0.431649
chr16:14500000-15000000	chr16	14500000	-0.345247	0.00457252	-0.525203	-0.0884941	8	1.26138	-0.0461433	1.07548	-0.170296	-0.18178	7	0.0199658	5	16	0	0	0.582153	0.460571
chr16:15000000-15500000	chr16	15000000	-0.105453	-0.13529	-0.343044	-0.11156	5	1.12188	0.125123	0.52239	0.0405877	-0.0663092	5	0.080575	4	10	0	0	0.567989	0.456307
chr16:15500000-16000000	chr16	15500000	-0.322509	-0.194441	-0.600419	-0.229914	5	1.09108	0.0863149	0.840774	-0.155209	-0.0577451	5	-0.316203	4	6	0	0	0.553824	0.468051
chr16:16000000-16500000	chr16	16000000	0.149118	-0.0497404	-0.220645	0.00881199	4	0.923687	0.147726	0.980044	0.0234042	-0.0144193	3	-0.0117123	2	11	0	0	0.53966	0.489826
chr16:16500000-17000000	chr16	16500000	1.02641	0.0493378	0.839274	0.0109778	0	-1.17388	0.10964	-0.311993	-0.21216	nan	0	nan	0	0	0	0.5	0.525496	0.426184
chr16:17000000-17500000	chr16	17000000	0.733429	0.0375159	0.306588	0.0796325	1	-0.92186	0.171455	0.419562	-0.121502	nan	1	nan	1	1	0	0.5	0.511331	0.448631
chr16:17500000-18000000	chr16	17500000	1.02513	-0.0576721	0.719144	0.0666295	0	-1.23099	0.17055	-0.629847	0.01009	nan	0	nan	0	0	0	0.5	0.497167	0.420513
chr16:18000000-18500000	chr16	18000000	0.665309	-0.0954449	0.302722	0.0171477	2	-0.981511	0.0128518	-0.45363	-0.0558156	nan	1	nan	0	12	0.1	0.5	0.483003	0.461492
chr16:18500000-19000000	chr16	18500000	0.156638	-0.083747	0.25568	-0.44823	5	0.248766	0.188109	0.87576	-0.026881	0.0431814	5	0.0321965	5	6	0	0.5	0.468839	0.436618
chr16:19000000-19500000	chr16	19000000	0.761669	-0.0792562	0.486294	-0.065936	5	-0.884291	0.301703	0.446627	-0.0887737	0.0942945	2	-0.0304866	3	7	0	0.5	0.454674	0.451028
chr16:19500000-20000000	chr16	19500000	0.531866	-0.273225	0.411412	-0.405751	6	-0.209693	0.41823	-0.0100832	-0.218702	-0.101191	6	0.102048	6	5	0	0.5	0.44051	0.449002
chr16:20000000-20500000	chr16	20000000	1.28734	0.0586334	0.727022	0.195563	6	-1.15397	0.324066	-0.881673	-0.0344159	0.0274027	2	nan	0	2	0	0.5	0.426346	0.433817
chr16:20500000-21000000	chr16	20500000	0.369947	0.15802	0.327463	0.111706	8	-0.560308	0.982705	0.329169	-0.0454437	0.144102	5	0.120628	6	3	0	0.5	0.412181	0.421294
chr16:21000000-21500000	chr16	21000000	-0.048966	-0.153341	-0.284555	-0.122265	6	-0.19804	0.826098	0.643791	-0.0977327	0.0194694	3	nan	1	7	0	0	0.398017	0.437771
chr16:21500000-22000000	chr16	21500000	-0.292816	-0.0422581	-0.39999	-0.15218	5	-0.427963	0.371094	1.20853	-0.114153	-0.0430628	3	-0.00968038	3	7	0	0	0.383853	0.44327
chr16:22000000-22500000	chr16	22000000	-0.230367	-0.0541856	-0.41768	-0.0424011	7	0.0389531	0.537128	1.23025	-0.0436866	-0.239251	4	0.130287	3	8	0	0	0.369688	0.449179
chr16:22500000-23000000	chr16	22500000	1.05264	-0.259475	0.601916	-0.0479451	2	-1.15001	0.14463	0.139573	-0.225844	nan	1	nan	1	5	0	0	0.355524	0.431415
chr16:23000000-23500000	chr16	23000000	0.752496	-0.293262	0.547225	-0.291772	4	-0.828047	0.223359	0.884756	-0.148575	0.00655131	2	0.131385	2	6	0	0	0.34136	0.451381
chr16:23500000-24000000	chr16	23500000	0.757132	-0.0334947	0.501676	-0.227199	10	-0.236252	0.159547	1.09775	-0.139962	-0.0360313	8	0.0276859	8	8	0	0	0.327195	0.449861
chr16:24000000-24500000	chr16	24000000	0.881392	0.089613	0.546246	0.100459	1	-0.208177	-0.41719	0.00353522	-0.187439	nan	0	nan	0	1	0	0.5	0.313031	0.439437
chr16:24500000-25000000	chr16	24500000	-0.446414	-0.136334	-0.62128	-0.0780548	3	0.021583	0.0516036	0.878156	0.0490021	-0.0335483	2	0.098511	2	2	0	0.5	0.298867	0.435455
chr16:25000000-25500000	chr16	25000000	0.462516	-0.0191366	0.111111	0.0101628	4	-1.01588	0.00473009	0.0347625	-0.258469	-0.081424	3	0.0529042	4	6	0	0.5	0.284703	0.433603
chr16:25500000-26000000	chr16	25500000	1.06154	0.240494	0.805611	0.083141	1	-1.3393	0.0690783	-1.01313	-0.00190499	nan	1	nan	1	1	0	0.5	0.270538	0.417299
chr16:26000000-26500000	chr16	26000000	1.11347	0.11604	0.803553	0.389064	0	-1.24596	0.0140222	-1.0818	-0.0863276	nan	0	nan	0	0	0	0.5	0.256374	0.406903
chr16:26500000-27000000	chr16	26500000	1.22787	-0.00837078	0.860125	0.157152	0	-1.2559	-0.000985084	-0.998423	-0.0655917	nan	0	nan	0	0	0	0.5	0.24221	0.428322
chr16:27000000-27500000	chr16	27000000	0.621164	-0.259007	0.132707	-0.117276	5	-0.866728	0.0495167	0.435118	-0.0661268	0.274238	4	0.219575	3	4	0	0.5	0.228045	0.471663
chr16:27500000-28000000	chr16	27500000	0.402179	-0.248694	0.0607427	-0.18956	2	-0.440436	0.188595	0.107893	-0.149225	-0.131904	2	nan	1	1	0	0.5	0.213881	0.483607
chr16:28000000-28500000	chr16	28000000	-0.310472	-0.121031	-0.642318	-0.246604	8	0.302646	0.37694	0.777682	0.0342207	0.00808832	7	-0.0423822	4	10	0	0.5	0.199717	0.482097
chr16:28500000-29000000	chr16	28500000	-0.653747	-0.164625	-0.887327	-0.0779416	17	1.3725	5.67424e-05	1.2475	0.022274	0.114657	14	0.0148972	13	18	0	0	0.185552	0.502081
chr16:29000000-29500000	chr16	29000000	-0.607811	-0.140903	-0.835859	-0.153533	4	1.44886	-0.231911	0.299688	0.0145408	-0.00529445	4	nan	1	14	0	0	0.171388	0.4914
chr16:29500000-30000000	chr16	29500000	-0.79972	-0.038691	-0.889288	-0.0866492	18	1.37913	0.0347124	1.27316	0.0223706	0.0613372	15	0.0472196	16	21	0	0	0.157224	0.492758
chr16:30000000-30500000	chr16	30000000	-0.827772	-0.153126	-1.28574	0.134187	24	1.36755	-0.0549641	1.25184	0.0168201	0.00591742	20	0.0520627	15	23	0	0	0.143059	0.497338
chr16:30500000-31000000	chr16	30500000	-0.883357	0.152801	-1.18004	0.420544	20	1.01247	0.018946	1.2514	0.0200732	-0.0248943	20	0.0834983	18	39	0	0	0.128895	0.51076
chr16:31000000-31500000	chr16	31000000	-0.0557001	-0.142767	-0.234212	0.169524	22	-0.315303	0.219908	1.04874	0.0210633	0.0102675	21	0.0856104	16	27	0	0	0.114731	0.502568
chr16:31500000-32000000	chr16	31500000	0.571238	-0.249445	0.209666	0.329605	4	-1.07974	0.0291723	-0.288331	-0.00522634	0.119124	2	nan	1	10	0	0	0.100567	0.415759
chr16:32000000-32500000	chr16	32000000	0.620138	0.25788	0.352383	0.485204	1	nan	nan	-1.27313	-0.0645316	nan	1	nan	0	11	0	0	0.0864023	0.410949
chr16:32500000-33000000	chr16	32500000	0.674005	0.127555	0.45608	0.418578	1	nan	nan	-1.27485	-0.0145982	nan	1	nan	0	9	0	0	0.072238	0.423823
chr16:33000000-33500000	chr16	33000000	0.52315	0.190105	0.395855	0.419282	4	nan	nan	nan	nan	nan	0	nan	0	16	0.2	0	0.0580737	0.411176
chr16:33500000-34000000	chr16	33500000	0.876518	0.0463062	0.648017	0.304296	0	nan	nan	-1.29465	0.0877802	nan	0	nan	0	6	0	0	0.0439093	0.43992
chr16:34000000-34500000	chr16	34000000	nan	nan	nan	nan	0	-1.22099	0.0598499	nan	nan	nan	0	nan	0	11	0.1	0	0.029745	0.401228
chr16:34500000-35000000	chr16	34500000	nan	nan	nan	nan	0	-0.709475	-0.114755	nan	nan	nan	0	nan	0	3	0.109394	0	0.0155807	0.364801
chr16:35000000-35500000	chr16	35000000	1.30291	0.229793	1.13162	0.359867	0	-1.44468	-0.0449342	-0.895082	0.0625748	nan	0	nan	0	8	0	0	0.00141643	0.410634
chr16:35500000-36000000	chr16	35500000	1.08135	-0.126748	0.819706	0.453381	0	-1.48513	0.010866	-0.761955	-0.0317375	nan	0	nan	0	4	0	nan	0	0.40476
chr16:36000000-36500000	chr16	36000000	nan	nan	nan	nan	0	-1.43069	0.0193725	nan	nan	nan	0	nan	0	1	0.100884	nan	0	0.371932
chr16:36500000-37000000	chr16	36500000	nan	nan	nan	nan	0	nan	nan	nan	nan	nan	0	nan	0	0	0	nan	0	0.394881
chr16:37000000-37500000	chr16	37000000	nan	nan	nan	nan	0	nan	nan	nan	nan	nan	0	nan	0	0	0	nan	0	0.395002
chr16:37500000-38000000	chr16	37500000	nan	nan	nan	nan	0	nan	nan	nan	nan	nan	0	nan	0	0	0	nan	0	0.394795
chr16:38000000-38500000	chr16	38000000	nan	nan	nan	nan	0	nan	nan	nan	nan	nan	0	nan	0	0	0.45216	nan	0	0.394684
chr16:38500000-39000000	chr16	38500000	nan	nan	nan	nan	0	nan	nan	nan	nan	nan	0	nan	0	0	1	nan	0.00673876	nan
chr16:39000000-39500000	chr16	39000000	nan	nan	nan	nan	0	nan	nan	nan	nan	nan	0	nan	0	0	1	nan	0.0163656	nan
chr16:39500000-40000000	chr16	39500000	nan	nan	nan	nan	0	nan	nan	nan	nan	nan	0	nan	0	0	1	nan	0.0259924	nan
chr16:40000000-40500000	chr16	40000000	nan	nan	nan	nan	0	nan	nan	nan	nan	nan	0	nan	0	0	1	nan	0.0356192	nan
chr16:40500000-41000000	chr16	40500000	nan	nan	nan	nan	0	nan	nan	nan	nan	nan	0	nan	0	0	1	nan	0.045246	nan
chr16:41000000-41500000	chr16	41000000	nan	nan	nan	nan	0	nan	nan	nan	nan	nan	0	nan	0	0	1	nan	0.0548728	nan
chr16:41500000-42000000	chr16	41500000	nan	nan	nan	nan	0	nan	nan	nan	nan	nan	0	nan	0	0	1	nan	0.0644996	nan
chr16:42000000-42500000	chr16	42000000	nan	nan	nan	nan	0	nan	nan	nan	nan	nan	0	nan	0	0	1	nan	0.0741264	nan
chr16:42500000-43000000	chr16	42500000	nan	nan	nan	nan	0	nan	nan	nan	nan	nan	0	nan	0	0	1	nan	0.0837532	nan
chr16:43000000-43500000	chr16	43000000	nan	nan	nan	nan	0	nan	nan	nan	nan	nan	0	nan	0	0	1	nan	0.0933799	nan
chr16:43500000-44000000	chr16	43500000	nan	nan	nan	nan	0	nan	nan	nan	nan	nan	0	nan	0	0	1	nan	0.103007	nan
chr16:44000000-44500000	chr16	44000000	nan	nan	nan	nan	0	nan	nan	nan	nan	nan	0	nan	0	0	1	nan	0.112634	nan
chr16:44500000-45000000	chr16	44500000	nan	nan	nan	nan	0	nan	nan	nan	nan	nan	0	nan	0	0	1	nan	0.12226	nan
chr16:45000000-45500000	chr16	45000000	nan	nan	nan	nan	0	nan	nan	nan	nan	nan	0	nan	0	0	1	nan	0.131887	nan
chr16:45500000-46000000	chr16	45500000	nan	nan	nan	nan	0	nan	nan	nan	nan	nan	0	nan	0	0	1	nan	0.141514	nan
chr16:46000000-46500000	chr16	46000000	nan	nan	nan	nan	0	-0.505275	-0.150902	nan	nan	nan	0	nan	0	1	0.761364	nan	0.151141	nan
chr16:46500000-47000000	chr16	46500000	-0.0846908	-0.0219144	0.0555105	-0.0152547	7	-0.736014	0.218117	-0.427834	0.0472857	-0.0780155	7	-0.04822	7	7	0	nan	0.160768	0.433956
chr16:47000000-47500000	chr16	47000000	0.273409	-0.443122	0.227085	-0.257299	3	-1.32632	-0.0571952	-0.0973064	0.0150112	0.00563326	3	0.0590691	3	3	0	0	0.170394	0.393104
chr16:47500000-48000000	chr16	47500000	0.348009	-0.204558	0.402783	-0.346591	0	-1.52442	-0.00832954	-0.732569	-0.0515275	nan	0	nan	0	0	0	0	0.180021	0.401672
chr16:48000000-48500000	chr16	48000000	0.0623454	-0.190609	-0.221315	-0.0216827	4	-0.977259	0.0383621	-0.382767	0.209353	-0.0353368	3	0.00307687	3	4	0	0	0.189648	0.441796
chr16:48500000-49000000	chr16	48500000	0.614474	0.0776823	0.450833	0.00829963	1	-1.1755	-0.0230857	-1.03876	-0.0165147	nan	1	nan	0	1	0	0	0.199275	0.430379
chr16:49000000-49500000	chr16	49000000	1.31127	-0.177199	0.966581	0.00752489	2	-1.0451	-0.0525382	-1.20955	-0.0684356	nan	0	nan	1	7	0	0	0.208902	0.443966
chr16:49500000-50000000	chr16	49500000	1.01573	-0.452466	0.507185	0.107423	1	0.728641	-0.111304	-1.01241	-0.0983192	nan	1	nan	1	8	0	0	0.218528	0.496582
chr16:50000000-50500000	chr16	50000000	0.109168	-0.159534	0.0389444	-0.0912651	5	1.11405	-0.0744232	0.231182	0.0183543	-0.109831	5	-0.0203781	5	6	0	0	0.228155	0.453638
chr16:50500000-51000000	chr16	50500000	0.937904	-0.22922	0.549152	0.0228815	4	0.787576	-0.228057	-0.525783	-0.12863	-0.200309	2	0.16529	2	5	0	0	0.237782	0.463832
chr16:51000000-51500000	chr16	51000000	0.837628	-0.067649	0.643634	-0.104767	1	0.588925	-0.817257	-1.32989	0.00606405	nan	1	nan	1	3	0	0	0.247409	0.430659
chr16:51500000-52000000	chr16	51500000	0.776294	0.0668491	0.735527	-0.126512	1	0.0974542	-0.486166	-1.38841	-0.000759385	nan	1	nan	0	0	0	0	0.257036	0.403226
chr16:52000000-52500000	chr16	52000000	0.820651	0.451579	0.556547	0.535376	0	-0.405609	-0.4451	-1.41298	-0.000813208	nan	0	nan	0	0	0	0	0.266662	0.385761
chr16:52500000-53000000	chr16	52500000	1.03527	0.17125	0.682785	0.331743	1	-0.20433	-0.771354	-1.46556	-0.000622661	nan	0	nan	0	2	0	0.5	0.276289	0.40521
chr16:53000000-53500000	chr16	53000000	-0.514404	0.149906	-0.34937	0.00850402	3	0.728375	-0.225522	0.0439094	0.106135	-0.1786	3	-0.0754465	2	4	0	0.5	0.285916	0.403616
chr16:53500000-54000000	chr16	53500000	-0.252685	-0.110147	-0.196971	-0.0768204	3	1.04444	-0.502783	-0.494485	-0.256673	-0.0901411	3	-0.0160467	3	2	0	0.5	0.295543	0.39574
chr16:54000000-54500000	chr16	54000000	0.352028	-0.25051	0.201477	-0.323291	1	0.893693	-0.45856	-1.40295	-0.0622552	nan	1	nan	1	4	0	0.5	0.30517	0.445982
chr16:54500000-55000000	chr16	54500000	0.678051	0.00483077	0.315619	0.209131	1	0.773695	-0.41279	-1.41385	-0.0305369	nan	1	nan	1	2	0	0.5	0.314796	0.42326
chr16:55000000-55500000	chr16	55000000	0.953612	0.118438	0.735563	0.118499	2	0.586631	-0.396555	-1.39016	-0.0621452	nan	1	nan	1	6	0	0.5	0.324423	0.443874
chr16:55500000-56000000	chr16	55500000	0.759267	-0.057096	0.533902	0.13655	5	0.475702	-0.72314	-1.42455	-0.0140272	-0.518517	4	-0.200237	3	3	0	0.5	0.33405	0.429044
chr16:56000000-56500000	chr16	56000000	0.259735	0.290504	0.102573	0.315251	4	0.988404	-0.105797	-1.0629	-0.08612	0.0187414	4	-0.29818	4	4	0	0	0.343677	0.436382
chr16:56500000-57000000	chr16	56500000	-0.470633	-0.210471	-0.817512	-0.0200438	17	1.36005	0.0329633	0.729384	-0.11264	-0.602655	12	0.193577	8	17	0	0	0.353304	0.466222
chr16:57000000-57500000	chr16	57000000	-0.854836	0.177735	-0.947086	-0.0377413	12	1.48296	-0.0131571	1.17116	0.00371141	0.0192181	10	-0.0274322	9	7	0	0	0.36293	0.484495
chr16:57500000-58000000	chr16	57500000	-0.410756	-0.194474	-0.7726	-0.0110365	9	1.33498	-0.1046	0.114436	0.0438308	0.0573415	5	0.0851556	4	12	0	1	0.372557	0.508681
chr16:58000000-58500000	chr16	58000000	-0.55647	0.10879	-0.539084	-0.315249	8	0.856881	-0.0403091	0.0557161	-0.212841	-0.233655	6	0.110309	6	12	0	1	0.382184	0.45643
chr16:58500000-59000000	chr16	58500000	0.129514	-0.15785	-0.269345	0.0984309	5	-0.331296	0.0510578	-0.629739	-0.0232073	-0.281349	5	0.143268	5	5	0	1	0.391811	0.430486
chr16:59000000-59500000	chr16	59000000	0.17258	0.113094	0.185031	0.0800301	0	-0.924585	-0.330337	-1.30686	-0.0342195	nan	0	nan	0	0	0	1	0.401438	0.378545
chr16:59500000-60000000	chr16	59500000	-0.230131	-0.035236	0.0110485	0.0759078	0	-1.0515	-0.262874	-1.37722	-0.0022112	nan	0	nan	0	1	0	1	0.411064	0.367876
chr16:60000000-60500000	chr16	60000000	0.52984	0.104294	0.508971	0.138588	0	-1.26135	-0.126923	-1.36455	0.0346193	nan	0	nan	0	0	0	1	0.420691	0.37144
chr16:60500000-61000000	chr16	60500000	0.530642	0.250081	0.821997	0.235525	0	-1.31332	-0.134275	-1.24048	-0.0907279	nan	0	nan	0	0	0	1	0.430318	0.360095
chr16:61000000-61500000	chr16	61000000	0.674197	0.195314	0.560633	0.556961	0	-1.31162	-0.249345	-1.2819	0.0170337	nan	0	nan	0	0	0	1	0.439945	0.359697
chr16:61500000-62000000	chr16	61500000	0.752482	0.016232	0.730635	0.5077	0	-1.22181	-0.139012	-1.38479	0.0387241	nan	0	nan	0	0	0	1	0.449572	0.364854
chr16:62000000-62500000	chr16	62000000	0.760231	0.422031	0.709197	0.488254	1	-1.13568	-0.0867676	-1.29796	-0.0479041	nan	1	nan	1	1	0	1	0.459198	0.369184
chr16:62500000-63000000	chr16	62500000	0.823713	0.285423	0.968589	0.209767	0	-1.45951	-0.041629	-1.39653	-0.016048	nan	0	nan	0	0	0	1	0.468825	0.36733
chr16:63000000-63500000	chr16	63000000	0.548662	0.0777998	0.757684	0.425503	0	-1.08107	-0.158137	-1.37389	-0.0437384	nan	0	nan	0	0	0	1	0.478452	0.36046
chr16:63500000-64000000	chr16	63500000	0.247008	0.028145	-0.0160608	0.419046	0	-0.865211	-0.0889014	-1.42648	-0.0325748	nan	0	nan	0	0	0	1	0.488079	0.363093
chr16:64000000-64500000	chr16	64000000	-0.614927	0.0505627	-0.522404	-0.0816269	0	-0.481636	-0.0525745	-1.41941	-0.0231055	nan	0	nan	0	0	0	1	0.497706	0.366531
chr16:64500000-65000000	chr16	64500000	-0.584275	-0.119958	-0.632469	0.0267455	0	-0.464498	-0.164519	-1.44821	0.0465191	nan	0	nan	0	1	0	1	0.507332	0.375766
chr16:65000000-65500000	chr16	65000000	-0.714837	-0.13903	-0.874922	0.00100589	1	-0.195757	-0.0851909	-1.46137	0.00960281	nan	1	nan	1	1	0	1	0.516959	0.397663
chr16:65500000-66000000	chr16	65500000	-0.35351	-0.0883877	-0.680578	-0.119224	0	-0.0664014	-0.262229	-1.43777	-0.0552656	nan	0	nan	0	0	0	1	0.526586	0.425576
chr16:66000000-66500000	chr16	66000000	-0.504707	-0.127904	-0.709525	-0.0880629	2	0.0704538	0.03991	-1.24651	-0.0618194	0.0123525	2	0.0599013	2	5	0	1	0.536213	0.465968
chr16:66500000-67000000	chr16	66500000	-0.956059	-0.085984	-1.12059	0.0291131	17	1.06543	-0.0331511	0.765527	-0.0270608	0.0549378	14	0.00667206	12	17	0	0	0.545839	0.471187
chr16:67000000-67500000	chr16	67000000	-0.808238	-0.173231	-1.21227	0.151301	22	1.39023	-0.0482038	1.21311	-0.0208205	0.0522988	19	0.0817062	17	26	0	0	0.555466	0.502404
chr16:67500000-68000000	chr16	67500000	-1.0294	0.0528324	-1.11764	-0.0260894	22	1.45687	0.00745339	1.29233	0.06385	0.110243	20	0.0746123	18	22	0	0	0.565093	0.510436
chr16:68000000-68500000	chr16	68000000	-0.976606	0.0825481	-1.15354	0.0206443	10	1.41429	-0.0425202	1.31592	0.0601322	-0.0650807	8	0.0131604	8	9	0	0	0.57472	0.473544
chr16:68500000-69000000	chr16	68500000	-0.741942	-0.158454	-1.03185	-0.242306	4	1.11636	0.0634816	1.2128	0.0234933	0.00197077	4	0.0869119	4	8	0	0	0.584347	0.457244
chr16:69000000-69500000	chr16	69000000	-1.09171	-0.0103209	-1.31606	0.0879647	12	1.26337	0.0690654	1.34077	-0.0291202	-0.0192912	11	0.119626	10	10	0	0	0.593973	0.4478
chr16:69500000-70000000	chr16	69500000	-1.09704	0.00626416	-1.26246	0.136112	5	1.08309	0.219685	1.32853	-0.0403105	0.042049	5	0.11459	4	6	0	0	0.6036	0.436636
chr16:70000000-70500000	chr16	70000000	-0.847626	0.0840413	-1.20753	0.147747	8	1.23259	0.0377076	0.598366	0.139693	-0.00853138	8	0.0959097	6	10	0	0	0.613227	0.476005
chr16:70500000-71000000	chr16	70500000	-0.157008	-0.261908	-0.467606	-0.152628	5	0.909902	0.373438	0.480505	-0.0176486	-0.027554	5	0.0559606	4	6	0	0	0.622854	0.478265
chr16:71000000-71500000	chr16	71000000	0.211486	-0.247985	0.000443268	-0.109461	6	-0.430549	0.48564	-0.951007	0.0786677	-0.0426029	5	-0.0810912	4	6	0	0.5	0.632481	0.420681
chr16:71500000-72000000	chr16	71500000	-0.60573	-0.00319548	-0.475227	-0.0403911	8	0.536658	0.293736	0.844751	-0.109823	-0.18271	5	0.0935395	6	7	0	0.5	0.642107	0.433825
chr16:72000000-72500000	chr16	72000000	0.37974	-0.160652	0.439791	-0.21066	7	-0.802399	0.0907406	-0.844751	-0.0108441	0.141168	4	0.0523298	4	2	0	0.5	0.651734	0.405981
chr16:72500000-73000000	chr16	72500000	0.0674537	-0.0733828	0.0502957	-0.198911	0	-0.923005	0.460723	-0.403344	-0.0473708	nan	0	nan	0	3	0	0.5	0.661361	0.41594
chr16:73000000-73500000	chr16	73000000	0.453515	-0.0100927	0.240181	-0.131106	1	-0.688882	0.198892	-1.35621	-0.01771	nan	1	nan	1	4	0	0	0.670988	0.4415
chr16:73500000-74000000	chr16	73500000	0.88566	-0.0947662	0.651994	-0.0107914	0	-1.07477	0.0465405	-1.45461	0.0132873	nan	0	nan	0	0	0	0	0.680615	0.405859
chr16:74000000-74500000	chr16	74000000	0.27644	0.191589	0.100105	0.049361	3	-0.798298	0.146563	-1.05626	0.102263	0.0502134	3	nan	1	3	0	0.75	0.690241	0.426271
chr16:74500000-75000000	chr16	74500000	-0.354756	-0.278044	-0.805748	-0.0385292	6	0.530891	0.116302	0.597615	0.0247388	0.0323933	5	0.027981	6	7	0	0.75	0.699868	0.446086
chr16:75000000-75500000	chr16	75000000	-0.531385	-0.132402	-0.659491	-0.0845772	8	0.649363	-0.094632	0.604165	0.0616207	0.00581801	6	0.017944	6	10	0	0.75	0.709495	0.467653
chr16:75500000-76000000	chr16	75500000	0.528797	-0.0905728	0.405048	0.0391276	9	-0.851594	-0.144569	-0.782887	-0.0345283	-0.00268049	6	0.00481765	4	6	0	0.75	0.719122	0.414078
chr16:76000000-76500000	chr16	76000000	0.830388	0.367644	0.742067	0.519642	1	-1.26527	-0.275533	-1.45173	-0.0339501	nan	0	nan	0	1	0	0.75	0.728749	0.364818
chr16:76500000-77000000	chr16	76500000	0.823466	0.309715	0.977766	0.333954	0	-1.36872	-0.10268	-1.41133	-0.0257038	nan	0	nan	0	1	0	0.75	0.738375	0.365199
chr16:77000000-77500000	chr16	77000000	0.86839	-0.0833175	0.677768	-0.00751602	3	-0.943729	-0.0434373	-1.32263	-0.0746046	0.189976	2	0.272414	3	4	0	0.75	0.748002	0.402272
chr16:77500000-78000000	chr16	77500000	0.84772	-0.319173	0.601409	-0.171341	2	-0.415361	-0.247896	-1.38425	-0.0563369	-0.175048	2	nan	1	2	0	0.75	0.757629	0.427427
chr16:78000000-78500000	chr16	78000000	0.836282	-0.154025	0.625393	-0.0408207	2	-0.679621	0.00681428	-1.34243	-0.08268	nan	1	nan	1	2	0	0.75	0.767256	0.422604
chr16:78500000-79000000	chr16	78500000	1.0372	-0.0192851	0.593128	0.158554	0	-0.499844	-0.000793712	-1.30274	-0.0387651	nan	0	nan	0	0	0	0.75	0.776883	0.429386
chr16:79000000-79500000	chr16	79000000	1.13896	0.0714603	0.77216	0.00571813	0	-0.378649	0.0289549	-1.32952	-0.0781592	nan	0	nan	0	0	0	0	0.786509	0.436453
chr16:79500000-80000000	chr16	79500000	0.507662	0.103796	0.277531	0.134306	1	-0.921026	0.0992476	-1.18798	0.0171845	nan	1	nan	1	2	0	0	0.796136	0.417133
chr16:80000000-80500000	chr16	80000000	0.517244	-0.0478862	0.191502	0.0663827	0	-0.885081	-0.0332569	-0.881154	-0.0941865	nan	0	nan	0	0	0	0	0.805763	0.412154
chr16:80500000-81000000	chr16	80500000	0.635849	-0.00806383	0.544335	0.0473516	2	-1.3852	0.204021	0.321641	-0.119336	nan	1	nan	1	3	0	0	0.81539	0.416642
chr16:81000000-81500000	chr16	81000000	0.123786	-0.415598	-0.247843	-0.276894	8	0.0859612	0.355342	0.165166	-0.090072	0.0254014	7	0.0168656	6	7	0	0	0.825017	0.466791
chr16:81500000-82000000	chr16	81500000	0.327054	-0.288212	0.126666	-0.382081	1	0.0480095	0.355663	0.326517	-0.0263971	nan	1	nan	1	2	0	0.5	0.834643	0.484342
chr16:82000000-82500000	chr16	82000000	0.463231	-0.168534	0.205491	-0.198893	3	-0.454397	0.244241	-1.24987	-0.0610093	-0.090275	2	nan	1	2	0	0.5	0.84427	0.417622
chr16:82500000-83000000	chr16	82500000	0.206141	-0.318085	-0.0946001	-0.16535	1	-0.160812	-0.0517655	-1.31958	-0.039469	nan	1	nan	1	1	0	0.5	0.853897	0.4197
chr16:83000000-83500000	chr16	83000000	0.166691	-0.219721	-0.109546	-0.310537	0	-0.246362	0.236936	-1.34457	-0.0285829	nan	0	nan	0	0	0	0.5	0.863524	0.417028
chr16:83500000-84000000	chr16	83500000	-0.0844848	-0.267716	-0.414915	-0.155889	4	0.0386518	0.0600684	-1.1512	0.00593111	0.393589	4	0.128318	4	6	0	0.5	0.873151	0.458098
chr16:84000000-84500000	chr16	84000000	-0.593218	-0.0544673	-0.809346	-0.0893303	9	1.01935	0.0189141	-0.0133184	-0.123085	0.0834743	7	0.0971485	5	11	0	0	0.882777	0.491947
chr16:84500000-85000000	chr16	84500000	-0.898569	-0.0590821	-1.04166	0.0594843	5	1.13105	0.212301	0.806592	-0.0805736	-0.0740302	5	0.314503	5	7	0	0	0.892404	0.489854
chr16:85000000-85500000	chr16	85000000	-0.5042	-0.238222	-0.999764	0.227376	3	1.10936	0.292902	0.89325	-0.0683601	0.0249733	3	-0.0808458	2	20	0	0	0.902031	0.548019
chr16:85500000-86000000	chr16	85500000	-0.698005	-0.094867	-0.89936	-0.0391236	6	1.14815	0.0966903	1.06607	-0.108275	0.133433	6	0.128049	6	21	0	0	0.911658	0.525951
chr16:86000000-86500000	chr16	86000000	-0.732668	-0.0538508	-0.835454	-0.112381	0	1.08118	0.0187632	-0.552954	0.0198474	nan	0	nan	0	4	0	0	0.921285	0.486842
chr16:86500000-87000000	chr16	86500000	-0.761971	-0.0679699	-1.06144	0.0874873	4	1.19432	-0.247362	-0.867692	-0.0737401	-0.210177	4	0.282082	4	15	0	0	0.930911	0.488672
chr16:87000000-87500000	chr16	87000000	-0.767966	-0.0357133	-1.10342	-0.0349269	4	1.16646	0.0912516	-0.4788	-0.0304297	-0.0255106	4	0.0293904	4	10	0	0.25	0.940538	0.488654
chr16:87500000-88000000	chr16	87500000	-0.64246	-0.27	-1.17371	0.285839	5	1.07267	0.37634	0.573325	-0.190141	-0.0323687	4	0.139382	4	27	0	0.25	0.950165	0.530235
chr16:88000000-88500000	chr16	88000000	-0.602988	-0.153761	-0.971247	0.112404	2	1.30969	-0.181514	0.13749	-0.0109332	-0.118386	2	0.33072	2	44	0	0.25	0.959792	0.549283
chr16:88500000-89000000	chr16	88500000	-0.694231	-0.165771	-1.06109	0.427472	14	1.24151	0.141798	1.2039	-0.057512	0.212793	12	0.118416	12	64	0	0	0.969419	0.592964
chr16:89000000-89500000	chr16	89000000	-0.694771	-0.228255	-1.18553	0.338822	6	1.09583	0.235969	1.2039	-0.0324655	0.0517098	5	0.078238	3	40	0	0	0.979045	0.538706
chr16:89500000-90000000	chr16	89500000	-0.737619	-0.0375405	-0.943981	0.00757621	16	1.28886	-0.124013	1.26396	0.0633039	0.103476	15	0.109703	13	40	0	0	0.988672	0.545526
chr16:90000000-90500000	chr16	90000000	nan	nan	nan	nan	3	nan	nan	nan	nan	nan	1	nan	1	10	0.22	0	0.998299	0.467816
chr17:0-500000	chr17	0	nan	nan	nan	nan	5	0.584653	-0.240652	0.321547	-0.16216	0.310989	3	-0.0596835	2	25	0.20303	0	0.988987	0.509381
chr17:500000-1000000	chr17	500000	nan	nan	nan	nan	7	0.885297	-0.236471	0.505158	-0.076652	-0.0590161	7	0.113089	6	12	0	0	0.96696	0.489868
chr17:1000000-1500000	chr17	1000000	nan	nan	nan	nan	6	1.04028	-0.0619611	1.24927	-0.075518	-0.0376246	5	0.0678343	4	26	0	0	0.944934	0.524584
chr17:1500000-2000000	chr17	1500000	nan	nan	nan	nan	12	1.05067	-0.028341	1.25474	-0.0487427	0.101905	12	0.0272603	12	24	0	0	0.922907	0.513085
chr17:2000000-2500000	chr17	2000000	nan	nan	nan	nan	9	0.960601	0.15463	1.1664	-0.0570772	-0.21128	9	0.0318035	8	10	0	0	0.900881	0.485692
chr17:2500000-3000000	chr17	2500000	nan	nan	nan	nan	5	0.815976	0.0435264	-0.025901	-0.127839	-0.15822	4	0.118299	4	13	0	0	0.878855	0.494617
chr17:3000000-3500000	chr17	3000000	0.363999	-0.0209731	0.0206793	0.0423048	13	-0.0266698	0.168649	-0.81049	-0.0299798	nan	0	nan	0	3	0	0	0.856828	0.423856
chr17:3500000-4000000	chr17	3500000	-0.424532	-0.00672481	-0.719544	0.165956	13	0.843396	-0.0396445	1.06054	-0.0713673	0.000394041	13	0.104407	12	20	0	0.5	0.834802	0.513882
chr17:4000000-4500000	chr17	4000000	-1.13436	0.209678	-1.20677	-0.0693884	6	0.884569	0.16518	1.18305	-0.0472183	-0.000434594	5	0.0335034	4	7	0	0.5	0.812775	0.465221
chr17:4500000-5000000	chr17	4500000	-0.755699	-0.00285216	-1.07476	0.161794	27	1.20857	-0.0751344	1.1608	0.096956	0.0399058	23	0.0864501	21	25	0	0.5	0.790749	0.520196
chr17:5000000-5500000	chr17	5000000	-0.741665	0.127905	-0.783486	-0.202256	13	1.03923	-0.124019	0.766035	-0.161158	-0.0347016	13	0.178414	10	13	0	0.5	0.768722	0.458584
chr17:5500000-6000000	chr17	5500000	0.609122	-0.151932	0.336937	-0.164724	2	0.317872	0.0158306	-0.977708	-0.095706	-0.124054	2	nan	1	0	0	0.5	0.746696	0.457236
chr17:6000000-6500000	chr17	6000000	0.676104	-0.191836	0.284263	-0.158087	3	0.39509	-0.0229985	-0.786337	-0.0507126	0.160369	2	-0.180596	2	4	0	0.5	0.72467	0.475932
chr17:6500000-7000000	chr17	6500000	0.00347047	-0.200932	-0.0708558	-0.20429	11	0.803111	-0.00435873	0.383237	-0.189682	0.0420261	7	0.0732778	5	9	0	0	0.702643	0.453322
chr17:7000000-7500000	chr17	7000000	-1.04902	0.233042	-1.01072	0.0905977	37	1.00696	0.0711282	1.14221	0.0207746	-0.0502722	28	0.0179464	27	36	0	0	0.680617	0.517827
chr17:7500000-8000000	chr17	7500000	-1.17628	0.249046	-1.00273	-0.0755216	24	1.00323	0.0901307	1.11826	0.0859875	-0.00557246	24	0.0417608	22	28	0	0	0.65859	0.5023
chr17:8000000-8500000	chr17	8000000	-1.40743	0.0618876	-1.24844	0.186595	21	1.02199	-0.175554	0.928289	-0.000704324	0.0126615	14	-0.0193158	14	31	0	0	0.636564	0.493491
chr17:8500000-9000000	chr17	8500000	-0.151035	-0.105569	-0.512219	2.5455e-05	6	0.355737	-0.115714	0.0549002	0.14054	nan	1	nan	1	5	0	0	0.614537	0.455364
chr17:9000000-9500000	chr17	9000000	0.329198	-0.189791	-0.0321725	-0.0995752	1	-0.170978	-0.254164	-0.494944	0.114741	nan	1	nan	1	5	0	0	0.592511	0.467101
chr17:9500000-10000000	chr17	9500000	0.246121	-0.136913	0.124678	-0.212007	7	-0.822263	-0.248631	-1.16863	-0.102628	0.271493	4	0.137106	3	4	0	0	0.570485	0.450013
chr17:10000000-10500000	chr17	10000000	0.50762	-0.191938	0.329594	-0.100327	4	-1.07815	-0.264209	-1.2899	-0.00132113	-0.048253	3	nan	0	1	0	0	0.548458	0.44422
chr17:10500000-11000000	chr17	10500000	0.926809	-0.217501	0.61408	0.0897845	8	-1.50007	-0.244163	-1.26762	-0.0156836	0.170271	5	0.0841034	4	3	0	0	0.526432	0.435098
chr17:11000000-11500000	chr17	11000000	1.09492	0.203402	0.763293	0.148749	1	-1.66661	-0.112249	-1.31698	-0.0280449	nan	0	nan	0	1	0	0.75	0.504405	0.427872
chr17:11500000-12000000	chr17	11500000	0.937506	0.131832	0.673047	0.167989	2	-1.64637	-0.0919371	-1.2213	0.0297952	0.248755	2	nan	1	3	0	0.75	0.482379	0.425935
chr17:12000000-12500000	chr17	12000000	-0.290125	-0.0885231	-0.414955	0.0624444	1	-0.791088	-0.391062	-1.26679	0.0491482	nan	1	nan	1	1	0	0.75	0.460352	0.397479
chr17:12500000-13000000	chr17	12500000	-0.249579	-0.0167743	-0.0724509	-0.0501097	2	-0.898791	-0.34951	-1.19712	0.18884	-0.424948	2	-0.00702736	2	3	0	0.75	0.438326	0.410723
chr17:13000000-13500000	chr17	13000000	-0.0845301	-0.29597	-0.0361724	-0.374451	1	-1.23466	-0.30791	-1.08753	0.049307	nan	1	nan	1	2	0	0.75	0.4163	0.404825
chr17:13500000-14000000	chr17	13500000	-0.240426	-0.282476	-0.273929	-0.0298085	1	-0.766144	-0.274222	-1.31967	-0.00595977	nan	1	nan	1	1	0	0.75	0.394273	0.403805
chr17:14000000-14500000	chr17	14000000	0.125345	-0.400361	0.0114228	-0.302641	3	-1.21564	-0.254969	-1.35486	0.00988326	0.0282568	2	0.135246	2	8	0	0.75	0.372247	0.410721
chr17:14500000-15000000	chr17	14500000	0.141875	-0.223294	-0.162023	-0.168183	0	-1.25358	-0.365203	-1.31912	-0.052682	nan	0	nan	0	0	0	0.75	0.35022	0.401034
chr17:15000000-15500000	chr17	15000000	-0.390901	-0.191693	-0.578201	-0.10222	3	-0.913673	-0.257058	-1.27398	-0.0847278	-0.180553	2	nan	1	3	0	0.75	0.328194	0.42639
chr17:15500000-16000000	chr17	15500000	-0.784208	-0.00128961	-0.939976	-0.0786594	8	0.0282822	-0.460511	-0.487979	-0.046309	0.231563	7	0.0364667	6	9	0	0.75	0.306167	0.439964
chr17:16000000-16500000	chr17	16000000	-0.996093	-0.0201635	-1.163	0.0233541	6	0.678238	-0.413025	0.665786	0.120469	0.20806	6	0.111375	6	7	0	0	0.284141	0.441457
chr17:16500000-17000000	chr17	16500000	-0.483812	-0.344732	-0.911926	0.0828995	4	0.445656	-0.0958661	0.184304	-0.00457535	-0.0627326	2	0.186455	2	9	0	0	0.262115	0.45102
chr17:17000000-17500000	chr17	17000000	-0.606512	-0.0961583	-0.971989	0.00474993	7	0.944878	-0.2061	0.77272	-0.00149188	-0.111733	7	0.0735327	7	11	0	0	0.240088	0.499946
chr17:17500000-18000000	chr17	17500000	-0.699258	0.0340643	-0.977187	0.0727504	5	1.0364	-0.369561	0.931844	0.0311294	-0.244988	5	0.16386	5	16	0	0	0.218062	0.525095
chr17:18000000-18500000	chr17	18000000	-0.481854	-0.224985	-0.798644	0.0404766	13	1.197	-0.1644	0.935607	-0.144588	-0.124634	11	0.0406579	11	14	0	0	0.196035	0.514573
chr17:18500000-19000000	chr17	18500000	-0.691874	-0.185764	-0.84511	-0.24647	6	1.09626	-0.260953	0.568281	0.0119211	0.0247611	4	0.0122374	3	10	0	0	0.174009	0.446126
chr17:19000000-19500000	chr17	19000000	-0.393446	-0.300218	-0.927457	0.157251	8	0.968785	-0.407786	-0.141476	0.0303947	-0.158933	7	0.134848	7	18	0	0	0.151982	0.504886
chr17:19500000-20000000	chr17	19500000	-0.640056	-0.197638	-0.788239	-0.287327	6	0.525062	-0.406027	-0.933672	-0.00491315	-0.225474	5	-0.115796	4	11	0	0	0.129956	0.452098
chr17:20000000-20500000	chr17	20000000	-0.557555	-0.18594	-0.678948	0.0904135	2	-0.442523	-0.14809	-1.19514	-0.0292026	nan	1	nan	1	3	0	0	0.10793	0.426655
chr17:20500000-21000000	chr17	20500000	-0.189957	-0.230297	-0.0911289	-0.214841	1	-0.983097	0.153301	-1.24417	0.00296644	nan	0	nan	0	8	0	0	0.0859031	0.440898
chr17:21000000-21500000	chr17	21000000	0.312546	-0.057999	0.0718873	0.0103292	6	-1.16669	-0.133846	-1.14148	0.0979689	0.0595926	6	-0.028849	6	12	0	0	0.0638767	0.496961
chr17:21500000-22000000	chr17	21500000	1.25432	-0.260847	0.789848	0.273774	1	-1.68856	-0.0403792	nan	nan	nan	1	nan	0	9	0.05377	0	0.0418502	0.437717
chr17:22000000-22500000	chr17	22000000	1.14393	0.0556663	0.966877	0.402824	0	-1.75286	-0.0399001	-1.2345	0.0172342	nan	0	nan	0	3	0.084566	0	0.0198238	0.420344
chr17:22500000-23000000	chr17	22500000	nan	nan	nan	nan	0	-1.9124	-0.0138676	-1.30996	-0.0162706	nan	0	nan	0	3	0.1	nan	0	0.395575
chr17:23000000-23500000	chr17	23000000	nan	nan	nan	nan	0	nan	nan	nan	nan	nan	0	nan	0	0	0.0002	nan	0	0.409101
chr17:23500000-24000000	chr17	23500000	nan	nan	nan	nan	0	nan	nan	nan	nan	nan	0	nan	0	0	0	nan	0	0.409052
chr17:24000000-24500000	chr17	24000000	nan	nan	nan	nan	0	nan	nan	nan	nan	nan	0	nan	0	0	0	nan	0	0.408976
chr17:24500000-25000000	chr17	24500000	nan	nan	nan	nan	0	nan	nan	nan	nan	nan	0	nan	0	0	0	nan	0	0.409118
chr17:25000000-25500000	chr17	25000000	nan	nan	nan	nan	0	nan	nan	nan	nan	nan	0	nan	0	0	0	nan	0	0.408991
chr17:25500000-26000000	chr17	25500000	nan	nan	nan	nan	0	nan	nan	nan	nan	nan	0	nan	0	0	0	nan	0	0.408702
chr17:26000000-26500000	chr17	26000000	nan	nan	nan	nan	0	nan	nan	nan	nan	nan	0	nan	0	0	0	nan	0	0.408647
chr17:26500000-27000000	chr17	26500000	nan	nan	nan	nan	0	-1.865	-0.144926	nan	nan	nan	0	nan	0	5	0.10816	nan	0	0.39233
chr17:27000000-27500000	chr17	27000000	0.342538	0.0286918	0.172304	0.186784	2	-1.76263	-0.0991914	-0.630998	-0.0188454	-0.324551	2	-0.0897145	2	5	0	nan	0	0.432962
chr17:27500000-28000000	chr17	27500000	0.335729	-0.228776	-0.0439104	-0.190199	3	-1.19428	-0.125861	-0.374547	0.00510425	0.305092	2	-0.0115927	3	3	0	0	0.00626595	0.470743
chr17:28000000-28500000	chr17	28000000	-0.613609	-0.0976051	-0.860186	-0.105829	11	-0.213165	-0.286008	0.909788	0.0581909	0.0929555	9	-0.0688432	8	14	0	0	0.0152173	0.443894
chr17:28500000-29000000	chr17	28500000	-0.968008	0.0195362	-1.09728	0.0826371	20	0.926669	-0.0843898	1.29813	0.00318781	0.0186802	19	0.0340366	17	18	0	0	0.0241687	0.492477
chr17:29000000-29500000	chr17	29000000	-1.14024	-0.0805182	-1.30481	0.203743	6	1.04588	-0.178579	1.22963	-0.0275516	-0.222229	5	0.799604	5	9	0	0	0.03312	0.463552
chr17:29500000-30000000	chr17	29500000	-1.29427	0.0524778	-1.41742	0.0582019	7	0.896973	-0.0906151	1.12075	0.00828321	-0.0661304	7	0.00941698	7	10	0	0	0.0420714	0.425639
chr17:30000000-30500000	chr17	30000000	-1.42591	0.163212	-1.4106	-0.122517	6	0.899506	-0.192834	1.29114	-0.137031	-0.23227	5	0.0676536	5	5	0	0	0.0510227	0.408336
chr17:30500000-31000000	chr17	30500000	-1.12714	-0.00572404	-1.38808	0.0896232	5	1.12696	-0.209891	1.23869	0.00332182	0.0651607	5	-0.0556692	3	9	0	0	0.0599741	0.452611
chr17:31000000-31500000	chr17	31000000	-1.30006	-0.0248984	-1.56423	0.182904	5	0.82106	-0.131624	1.06156	-0.0631302	0.344624	4	0.116409	2	5	0	0	0.0689255	0.418314
chr17:31500000-32000000	chr17	31500000	-0.951723	-0.148908	-1.11287	-0.0569556	3	0.822797	-0.190806	1.04027	-0.164346	0.102747	3	0.0381182	3	6	0	0	0.0778768	0.45747
chr17:32000000-32500000	chr17	32000000	-0.938595	-0.0342326	-0.862973	-0.229758	7	0.820341	-0.1051	0.69366	-0.0287491	-0.164891	7	0.0224762	6	8	0	0	0.0868282	0.448807
chr17:32500000-33000000	chr17	32500000	0.494806	0.062529	0.367408	0.0568911	4	0.126464	-0.252602	-0.765954	-0.216094	-0.28926	2	0.110053	2	4	0	0	0.0957795	0.417041
chr17:33000000-33500000	chr17	33000000	1.26486	-0.138998	0.848768	0.040464	1	-0.40998	-0.0645002	-1.26109	-0.0873238	nan	1	nan	0	1	0	0	0.104731	0.451751
chr17:33500000-34000000	chr17	33500000	1.32396	0.0619207	0.93398	0.0818267	0	-0.650633	0.10988	-1.25989	-0.0453132	nan	0	nan	0	0	0	0.5	0.113682	0.439495
chr17:34000000-34500000	chr17	34000000	1.12098	0.295515	0.881153	0.0450506	6	-0.434372	-0.2533	-1.14028	-0.033076	0.206859	2	nan	1	1	0	0.5	0.122634	0.435834
chr17:34500000-35000000	chr17	34500000	1.42854	-0.231661	0.926694	0.036961	4	0.175638	-0.121054	-0.573207	-0.103098	0.10014	4	0.110036	3	6	0	0.5	0.131585	0.472434
chr17:35000000-35500000	chr17	35000000	0.387382	-0.113209	0.454157	-0.309909	10	0.297754	-0.103284	-0.310311	-0.0546015	-0.0510956	9	-0.00194401	7	11	0	0.5	0.140536	0.430539
chr17:35500000-36000000	chr17	35500000	-0.128073	-0.226706	-0.301931	-0.120927	15	0.356387	0.0787738	0.521246	-0.110987	0.266628	6	-0.100157	5	12	0	0.5	0.149488	0.437809
chr17:36000000-36500000	chr17	36000000	0.521465	-0.43396	0.0878639	0.0970402	13	0.342605	0.0142087	0.762667	-0.0658939	-0.100263	5	nan	1	13	0	0.5	0.158439	0.459163
chr17:36500000-37000000	chr17	36500000	-0.235002	-0.363462	-0.692024	-0.0757711	7	0.777562	0.0495347	-0.0481806	-0.297102	0.00114712	7	0.12062	7	13	0	0.5	0.16739	0.481691
chr17:37000000-37500000	chr17	37000000	-0.841758	-0.0547464	-0.985254	-0.0276568	4	0.624283	0.259012	1.026	0.00981933	-0.266087	3	0.0656754	3	3	0	0.5	0.176342	0.421426
chr17:37500000-38000000	chr17	37500000	-0.651825	-0.0216793	-0.78149	-0.25729	5	0.748999	0.0878031	0.728463	0.0527639	0.132642	5	0.0657297	3	8	0	0.5	0.185293	0.439548
chr17:38000000-38500000	chr17	38000000	-0.62541	-0.00810653	-0.931931	0.128736	8	0.972732	-0.0169767	0.728463	0.0527639	0.0413542	7	0.0580917	4	12	0	0.5	0.194244	0.472689
chr17:38500000-39000000	chr17	38500000	-1.11764	0.0952745	-1.21615	0.10943	13	1.16808	-0.0185544	1.2853	0.0335596	0.169262	11	0.00575059	10	20	0	0.5	0.203196	0.508063
chr17:39000000-39500000	chr17	39000000	-1.05367	0.0601874	-1.32264	0.13107	8	1.17279	-0.147724	1.28052	-0.14201	-0.135251	6	-0.0301026	7	10	0	0.5	0.212147	0.472382
chr17:39500000-40000000	chr17	39500000	-1.00968	-0.0150064	-1.22803	0.132576	16	1.03291	-0.0842649	1.28447	-0.0260989	0.127403	11	0.0476787	11	18	0	0.5	0.221099	0.481202
chr17:40000000-40500000	chr17	40000000	-1.04373	0.0264938	-1.19702	0.0228375	13	1.01118	-0.113863	1.28128	-0.0019885	0.0454808	12	0.020884	11	20	0	0.25	0.23005	0.498554
chr17:40500000-41000000	chr17	40500000	-1.04789	0.0183253	-1.30353	0.0402295	17	0.545954	0.00011832	0.638493	-0.223407	0.0119179	4	0.191539	2	5	0	0.25	0.239001	0.417129
chr17:41000000-41500000	chr17	41000000	-1.01854	0.0705775	-1.10481	-0.0652989	41	0.28766	-0.270321	-0.92262	-0.132892	0.658269	6	nan	0	0	0	0.25	0.247953	0.428266
chr17:41500000-42000000	chr17	41500000	-0.922426	0.0120496	-1.03389	-0.0618182	19	0.928779	0.0221236	0.0985752	-0.0744424	0.148858	13	0.127966	11	16	0	0.25	0.256904	0.511849
chr17:42000000-42500000	chr17	42000000	-1.1249	0.197192	-1.41388	0.234737	16	1.12477	-0.166076	1.34481	-0.0214212	-0.132223	12	0.138579	13	20	0	0.25	0.265855	0.49096
chr17:42500000-43000000	chr17	42500000	-0.957735	-0.241697	-1.12776	-0.235329	26	1.1268	-0.0881109	1.32945	-0.00324748	0.00873525	25	0.0031076	25	28	0	0.25	0.274807	0.487347
chr17:43000000-43500000	chr17	43000000	-1.19947	0.12483	-1.32164	-0.0650959	10	1.03036	-0.0869683	nan	nan	0.0160499	8	-0.0655681	8	24	0	0	0.283758	0.478001
chr17:43500000-44000000	chr17	43500000	-0.942694	0.057812	-1.11299	-0.15489	10	1.01323	-0.0859943	0.750766	-0.0617337	0.091714	5	-0.106247	4	14	0	0	0.292709	0.490825
chr17:44000000-44500000	chr17	44000000	-1.24827	0.0813313	-1.14492	0.0639571	16	1.1895	-0.184274	1.23168	0.00692383	-0.00315489	16	0.037318	14	19	0	0	0.301661	0.503128
chr17:44500000-45000000	chr17	44500000	-1.02381	-0.0261177	-1.19206	-0.0775934	14	1.0007	0.058499	1.2376	0.00796662	-0.0439357	11	0.040812	11	16	0	0	0.310612	0.485656
chr17:45000000-45500000	chr17	45000000	-1.05443	0.0939348	-1.16961	0.141481	11	1.03133	-0.0389063	1.25425	0.0166453	0.072216	10	0.0216178	10	20	0	0	0.319564	0.511552
chr17:45500000-46000000	chr17	45500000	-0.563846	-0.13694	-1.01177	-0.00129829	4	0.77434	-0.0963611	0.25188	-0.233525	nan	1	nan	1	7	0	0	0.328515	0.484468
chr17:46000000-46500000	chr17	46000000	-1.69402	0.0762625	-1.56177	-0.116055	3	0.8157	-0.234279	0.577296	-0.0353017	-0.172825	3	0.0183465	3	7	0	0	0.337466	0.423011
chr17:46500000-47000000	chr17	46500000	-1.09941	0.207182	-1.55129	0.125535	7	0.935794	-0.292536	0.246999	-0.0435962	0.00660845	6	0.0199607	5	8	0	0	0.346418	0.448224
chr17:47000000-47500000	chr17	47000000	-1.37699	0.235031	-1.38269	0.0420331	4	0.881144	-0.143879	1.09817	-0.120357	-0.168401	4	-0.0493229	4	6	0	0.25	0.355369	0.421409
chr17:47500000-48000000	chr17	47500000	-1.1937	0.14217	-1.22407	0.0633024	13	1.12126	-0.1615	1.01846	-0.0296453	-0.129284	11	0.0161185	10	15	0	0.25	0.36432	0.477071
chr17:48000000-48500000	chr17	48000000	-1.26162	0.0160585	-1.29321	-0.0501614	5	1.08693	-0.192913	0.649264	0.0374286	-0.127045	4	-0.0242355	4	9	0	0.25	0.373272	0.424948
chr17:48500000-49000000	chr17	48500000	-1.17923	-0.0774004	-1.23726	0.0725577	19	1.06209	-0.122517	0.946385	-0.0104238	0.0751309	14	-0.0207661	11	44	0	0.25	0.382223	0.478155
chr17:49000000-49500000	chr17	49000000	-0.938117	-0.02374	-1.32526	0.0473309	7	1.03633	-0.115952	0.862287	0.0138431	0.0443479	5	-0.171778	3	12	0	0.25	0.391174	0.472568
chr17:49500000-50000000	chr17	49500000	-0.965419	0.0101265	-1.21566	-0.0799169	8	1.08272	-0.169428	1.12536	0.0255495	0.144871	6	-0.0471281	7	19	0	0	0.400126	0.481215
chr17:50000000-50500000	chr17	50000000	-0.923722	0.0531313	-1.00299	-0.00744546	14	1.03029	-0.173268	1.05692	0.101403	0.0515599	14	0.0114086	13	15	0	0	0.409077	0.509343
chr17:50500000-51000000	chr17	50500000	-0.752218	-0.0615504	-0.840605	-0.00716313	10	0.516424	-0.17828	0.922847	0.0712338	0.148042	8	0.0884865	7	14	0	0	0.418028	0.491073
chr17:51000000-51500000	chr17	51000000	-0.0749492	0.0771345	-0.107876	-0.119799	5	-1.19587	-0.016429	0.0998504	0.0941512	0.0993066	5	0.00249685	5	4	0	0	0.42698	0.424595
chr17:51500000-52000000	chr17	51500000	1.33932	0.093408	1.04314	0.0473495	0	-1.87061	-0.0848795	-1.30891	-0.0461345	nan	0	nan	0	0	0	0	0.435931	0.40755
chr17:52000000-52500000	chr17	52000000	0.988198	0.118736	0.99818	0.153616	1	-1.82192	-0.111774	-1.34928	-0.0738131	nan	0	nan	0	1	0	0.75	0.444883	0.376724
chr17:52500000-53000000	chr17	52500000	0.912801	0.158397	0.881024	0.238639	0	-1.8047	-0.158399	-1.27505	-0.00566421	nan	0	nan	0	0	0	0.75	0.453834	0.366083
chr17:53000000-53500000	chr17	53000000	0.386501	0.250195	0.638223	0.423321	0	-1.87669	-0.0292581	-1.2374	-0.0573115	nan	0	nan	0	0	0	0.75	0.462785	0.35325
chr17:53500000-54000000	chr17	53500000	0.357534	0.156183	0.243044	0.518333	1	-1.82195	-0.0894904	-1.386	-0.0321397	nan	0	nan	0	1	0	0.75	0.471737	0.360468
chr17:54000000-54500000	chr17	54000000	0.776639	0.360648	0.953218	0.248489	0	-1.89592	0.0782556	-1.34535	-0.0474232	nan	0	nan	0	0	0	0.75	0.480688	0.36971
chr17:54500000-55000000	chr17	54500000	0.886967	0.179867	0.942555	-0.0536462	3	-1.71487	-0.122618	-1.29172	0.0143973	-0.114698	3	0.0560376	3	2	0	0.75	0.489639	0.379495
chr17:55000000-55500000	chr17	55000000	0.977433	-0.310997	0.982204	-0.253708	2	-1.70996	0.111724	-1.05157	0.00130269	nan	1	nan	1	3	0	0.75	0.498591	0.40192
chr17:55500000-56000000	chr17	55500000	0.994976	0.131938	0.982643	-0.153541	3	-1.41238	-0.158938	-1.26225	-0.0577842	0.300176	2	0.111218	2	3	0	0.75	0.507542	0.398879
chr17:56000000-56500000	chr17	56000000	1.00138	-0.136796	0.947762	-0.138563	1	-1.46352	-0.233858	-1.31071	-0.066529	nan	0	nan	0	0	0	0.75	0.516493	0.397406
chr17:56500000-57000000	chr17	56500000	0.240277	-0.182302	-0.00815602	-0.0308081	6	-1.037	0.281074	-1.02943	-0.0445355	0.112542	6	0.0146113	6	8	0	0.75	0.525445	0.441214
chr17:57000000-57500000	chr17	57000000	-0.224883	-0.273603	-0.449102	-0.292186	2	-0.369655	0.0567737	-0.0952612	-0.0687771	0.19933	2	-0.0973954	2	3	0	0.75	0.534396	0.457321
chr17:57500000-58000000	chr17	57500000	-0.297777	-0.280614	-0.420356	-0.362852	4	-0.0950902	-0.081949	-0.499672	-0.0706909	-0.31871	3	0.00108583	3	5	0	0.75	0.543347	0.474681
chr17:58000000-58500000	chr17	58000000	-0.320055	-0.305332	-0.521338	-0.194922	12	0.366242	-0.339044	0.720989	0.0534695	0.0611502	7	0.115722	5	11	0	0.75	0.552299	0.454199
chr17:58500000-59000000	chr17	58500000	-0.478334	-0.23445	-0.629836	-0.225804	6	-0.223576	0.027738	0.70075	-0.0942287	0.108798	5	0.0235622	4	7	0	0.75	0.56125	0.422145
chr17:59000000-59500000	chr17	59000000	-1.08922	0.0811215	-1.1587	0.0221209	6	0.304977	0.247685	1.0724	-0.160361	0.262445	6	-0.0482819	6	5	0	0.75	0.570202	0.429691
chr17:59500000-60000000	chr17	59500000	-1.76467	0.153155	-1.40713	0.0539428	7	0.621327	0.0409398	1.18305	-0.000199387	-0.0406677	7	0.050454	7	5	0	0	0.579153	0.411561
chr17:60000000-60500000	chr17	60000000	-1.14912	0.057144	-1.21096	-0.00500175	4	0.415628	0.364588	1.00719	-0.200856	-0.228755	2	0.0297358	2	12	0	0.75	0.588104	0.428912
chr17:60500000-61000000	chr17	60500000	-1.09582	0.0378535	-0.919847	-0.0239142	3	0.137042	0.0307559	0.602088	-0.207087	-0.249577	3	-0.00626736	3	3	0	0.75	0.597056	0.397867
chr17:61000000-61500000	chr17	61000000	-0.681967	-0.0622126	-0.680074	-0.25712	2	0.0179583	0.0023097	-0.396142	-0.232176	nan	1	nan	1	8	0	0.75	0.606007	0.433874
chr17:61500000-62000000	chr17	61500000	-1.00118	-0.229209	-0.704376	-0.39686	3	-0.237371	0.27947	-0.0438948	-0.0851615	-0.0685373	3	-0.0873764	2	2	0	0.75	0.614958	0.377153
chr17:62000000-62500000	chr17	62000000	-0.741295	-0.151916	-0.850656	-0.165713	4	0.00303265	0.361068	-0.399864	-0.082405	-0.179844	3	0.0313948	3	5	0	0.75	0.62391	0.424343
chr17:62500000-63000000	chr17	62500000	-0.995764	-0.0995018	-1.30174	0.175962	3	0.438109	0.20457	-0.729291	-0.0539685	-0.148712	3	nan	1	7	0	0.75	0.632861	0.441619
chr17:63000000-63500000	chr17	63000000	-1.39957	0.0578162	-1.34596	0.232634	2	0.132642	0.0161378	-1.21447	-0.097639	0.137095	2	0.0476297	2	4	0	0	0.641812	0.401577
chr17:63500000-64000000	chr17	63500000	-0.975768	0.0688955	-0.998756	-0.207484	19	0.671902	0.26897	0.869583	-0.0191649	0.0832304	15	0.0548161	12	15	0	0	0.650764	0.47931
chr17:64000000-64500000	chr17	64000000	-1.05382	0.0818341	-1.15484	-0.241853	6	0.44342	0.497844	0.973572	0.0610154	-0.129035	4	0.0472932	5	4	0	0	0.659715	0.456251
chr17:64500000-65000000	chr17	64500000	-1.27715	0.047315	-1.15044	-0.0468322	4	0.43681	0.218175	0.367158	-0.0144107	0.0865626	4	-0.000523201	4	8	0	0.5	0.668667	0.439254
chr17:65000000-65500000	chr17	65000000	-0.643524	-0.160801	-0.880364	-0.078154	2	-0.089687	0.16676	-0.959553	-0.0331514	-0.144677	2	-0.36014	2	2	0	0.5	0.677618	0.448229
chr17:65500000-66000000	chr17	65500000	-0.597199	-0.146897	-0.531818	-0.335569	1	-0.596688	0.0227266	-1.37344	-0.0322377	nan	1	nan	1	2	0	0.5	0.686569	0.410691
chr17:66000000-66500000	chr17	66000000	-0.834633	-0.0968061	-0.565688	-0.440569	3	-0.214893	-0.120024	-1.31107	-0.0902335	0.0923312	2	-0.142169	2	2	0	0	0.695521	0.407903
chr17:66500000-67000000	chr17	66500000	-0.363924	-0.252401	-0.53947	-0.360193	2	-0.402476	0.163968	-1.07246	0.0205001	nan	1	nan	0	2	0	0	0.704472	0.462568
chr17:67000000-67500000	chr17	67000000	-0.970732	0.0132466	-0.867793	-0.196691	4	0.134865	-0.0699295	0.434501	0.0197394	-0.0663487	3	-0.0910039	3	4	0	0	0.713423	0.4337
chr17:67500000-68000000	chr17	67500000	-0.908306	-0.0528436	-0.960653	-0.286037	3	-0.0895931	0.26515	0.803543	0.0358505	-0.217768	3	0.0859766	3	3	0	0	0.722375	0.436573
chr17:68000000-68500000	chr17	68000000	-0.379562	-0.377574	-0.485778	-0.174341	5	-0.441674	0.301977	0.252391	0.151412	-0.0135758	5	0.0384074	5	11	0	0	0.731326	0.452822
chr17:68500000-69000000	chr17	68500000	0.0733505	0.0939434	0.0552932	-0.0372802	3	-1.1627	0.447162	-0.899614	0.263566	-0.00329125	3	0.19032	3	2	0	0	0.740277	0.402646
chr17:69000000-69500000	chr17	69000000	-0.105579	-0.0125605	0.0658586	-0.0175775	5	-1.33129	0.153891	-0.513279	0.16559	-0.267194	4	-0.176365	2	1	0	0.75	0.749229	0.377699
chr17:69500000-70000000	chr17	69500000	-0.272208	-0.19819	-0.258877	-0.309682	0	-1.80128	0.267656	-1.38884	-0.0585279	nan	0	nan	0	0	0	0.75	0.75818	0.386822
chr17:70000000-70500000	chr17	70000000	-0.328133	0.137206	-0.019367	-0.102129	2	-1.7226	0.243229	-1.41924	0.0705278	nan	1	-0.160835	2	1	0	0.75	0.767131	0.375219
chr17:70500000-71000000	chr17	70500000	-0.286938	0.327748	0.0625303	0.02027	0	-1.35601	-0.236706	-1.34215	0.029599	nan	0	nan	0	0	0	0.75	0.776083	0.36985
chr17:71000000-71500000	chr17	71000000	-0.526115	-0.00299312	-0.267362	-0.24608	0	-1.58236	0.0651694	-1.22023	0.138277	nan	0	nan	0	0	0	0.75	0.785034	0.375908
chr17:71500000-72000000	chr17	71500000	-0.482626	-0.127027	-0.398173	-0.444135	0	-1.54421	0.0235358	-1.34891	-0.0328331	nan	0	nan	0	0	0	0.75	0.793986	0.384725
chr17:72000000-72500000	chr17	72000000	-0.0565254	-0.168577	-0.16903	-0.40751	1	-1.3455	0.178871	-1.00189	-0.00496835	nan	1	nan	1	3	0	0.75	0.802937	0.451144
chr17:72500000-73000000	chr17	72500000	0.24999	-0.291379	-0.0925042	-0.360823	0	-1.47877	-0.065417	-1.2429	-0.00743416	nan	0	nan	0	3	0	0.75	0.811888	0.464853
chr17:73000000-73500000	chr17	73000000	0.214517	-0.243961	-0.0364694	-0.138812	7	-0.998308	0.242702	-0.717556	0.0273682	0.00390356	5	-0.061669	3	6	0	0	0.82084	0.489794
chr17:73500000-74000000	chr17	73500000	0.951796	-0.144115	0.49496	0.0154601	1	-0.647343	0.42213	-1.25215	-0.0366392	nan	1	nan	1	3	0	0	0.829791	0.493429
chr17:74000000-74500000	chr17	74000000	0.467958	-0.0908953	0.130697	-0.129488	8	-0.0958053	0.123066	-0.52016	-0.19158	0.0890462	6	0.129024	3	13	0	0	0.838742	0.512853
chr17:74500000-75000000	chr17	74500000	-0.139146	0.071915	-0.385967	-0.081919	18	0.0824584	0.647313	0.7771	0.0060755	-0.0635975	7	-0.13484	4	16	0	0	0.847694	0.51502
chr17:75000000-75500000	chr17	75000000	-1.1015	0.0281888	-1.24448	0.00928603	15	0.592876	0.243802	1.08962	0.0691865	0.146403	15	0.035095	15	16	0	0	0.856645	0.494157
chr17:75500000-76000000	chr17	75500000	-0.753638	-0.159017	-1.00384	0.0517117	20	0.540618	0.362721	1.09643	0.0617722	0.0942781	19	0.0293143	16	27	0	0	0.865596	0.535946
chr17:76000000-76500000	chr17	76000000	-0.858813	-0.15896	-1.31054	0.212006	14	0.354725	0.564173	1.15148	0.00120239	0.00356914	11	-0.00134753	9	17	0	0	0.874548	0.501915
chr17:76500000-77000000	chr17	76500000	-0.88791	-0.127664	-1.16286	0.122498	12	0.269028	0.429036	1.06755	0.0135256	0.0646174	11	-0.0966908	9	13	0	0	0.883499	0.501061
chr17:77000000-77500000	chr17	77000000	-0.845137	-0.109109	-1.07505	0.0625601	2	0.398907	0.299002	1.07332	0.0444605	-0.131067	2	nan	1	10	0	0	0.89245	0.509891
chr17:77500000-78000000	chr17	77500000	-0.758055	-0.0943103	-1.27301	0.129636	1	0.0659519	0.505651	0.479927	-0.250417	nan	1	nan	1	4	0	0	0.901402	0.492557
chr17:78000000-78500000	chr17	78000000	-0.643022	-0.215974	-0.904632	-0.0471819	10	0.241229	0.544909	1.08958	-0.0240575	0.143562	8	-0.0225472	8	20	0	0	0.910353	0.516189
chr17:78500000-79000000	chr17	78500000	-0.615551	-0.034719	-1.07701	-0.0598766	6	0.150265	0.523395	0.779304	-0.0546019	-0.0164826	5	0.106036	3	11	0	0	0.919305	0.498755
chr17:79000000-79500000	chr17	79000000	0.12533	-0.30204	-0.305324	0.0691653	3	0.0308754	0.503339	-0.0544307	-0.161946	-0.0636686	3	-0.0011386	3	10	0	0	0.928256	0.545626
chr17:79500000-80000000	chr17	79500000	-0.171574	-0.308487	-0.614725	-0.0165956	5	0.118	0.585356	0.628037	-0.166449	-0.0884714	4	0.066525	3	24	0	0	0.937207	0.534829
chr17:80000000-80500000	chr17	80000000	-0.640536	-0.194834	-0.916201	0.0433444	10	0.195675	0.404333	1.02938	-0.0976729	-0.00616797	10	0.0612195	7	27	0	0	0.946159	0.519101
chr17:80500000-81000000	chr17	80500000	-0.730822	-0.029674	-0.969782	0.0161084	2	0.359613	0.252398	0.947616	-0.218721	-0.144974	2	0.172536	2	24	0	0	0.95511	0.501242
chr17:81000000-81500000	chr17	81000000	-0.719933	-0.189442	-0.99075	0.430239	8	0.416172	0.415445	1.0291	-0.0336006	0.00212609	7	0.0593681	7	47	0	0	0.964061	0.592128
chr17:81500000-82000000	chr17	81500000	-1.11028	-0.0313918	-1.25807	0.326442	27	0.530743	0.166188	nan	nan	0.0769855	24	0.116232	24	46	0.103724	0	0.973013	0.566614
chr17:82000000-82500000	chr17	82000000	-0.82197	-0.0176607	-1.09926	0.189322	19	0.415783	0.43789	1.1984	0.0206774	0.156831	17	0.0651458	16	51	0	0	0.981964	0.562475
chr17:82500000-83000000	chr17	82500000	-0.74391	-0.093243	-0.965358	0.0304295	7	0.172503	0.414694	0.985364	0.00283007	0.00672364	6	0.080535	6	41	0	0	0.990915	0.52185
chr17:83000000-83500000	chr17	83000000	-0.703346	0.193202	-0.734663	0.0146694	2	nan	nan	nan	nan	nan	1	nan	1	26	0.02	0	0.999867	0.533115
chr18:0-500000	chr18	0	nan	nan	nan	nan	3	1.18384	-0.0144463	0.664796	0.00884117	-0.00828159	3	0.0404724	2	8	0.02	0	0.983766	0.422862
chr18:500000-1000000	chr18	500000	nan	nan	nan	nan	7	0.885794	0.136161	0.630573	-0.0301993	0.10367	5	0.0786033	5	8	0	0	0.951299	0.422348
chr18:1000000-1500000	chr18	1000000	nan	nan	nan	nan	0	-0.490526	0.213293	-1.17797	-0.0636841	nan	0	nan	0	0	0	0	0.918831	0.371537
chr18:1500000-2000000	chr18	1500000	nan	nan	nan	nan	0	-0.50969	0.233179	-1.26298	0.130888	nan	0	nan	0	0	0	0	0.886364	0.360916
chr18:2000000-2500000	chr18	2000000	nan	nan	nan	nan	0	-0.345329	0.385695	-1.08887	0.155712	nan	0	nan	0	0	0	0	0.853896	0.378207
chr18:2500000-3000000	chr18	2500000	nan	nan	nan	nan	4	0.870155	0.314356	1.29566	0.050742	-0.0136815	4	-0.0067591	4	5	0	0	0.821429	0.403948
chr18:3000000-3500000	chr18	3000000	-0.654008	0.125088	-0.513788	-0.0955149	5	1.37359	0.0748712	1.39716	0.0505258	0.0719652	5	-0.0208844	5	7	0	0.5	0.788961	0.417495
chr18:3500000-4000000	chr18	3500000	-0.145863	-0.137543	0.0249603	-0.342253	0	1.03107	0.0659363	0.652734	-0.0535464	nan	0	nan	0	3	0	0.5	0.756494	0.41395
chr18:4000000-4500000	chr18	4000000	0.986839	0.30027	0.820888	0.414251	1	0.539353	-0.146116	0.470666	0.339848	nan	1	nan	1	1	0	0.5	0.724026	0.376322
chr18:4500000-5000000	chr18	4500000	1.09853	0.201668	1.05199	0.271402	0	-0.0744702	-0.237004	0.444992	0.104373	nan	0	nan	0	0	0	0.5	0.691558	0.3765
chr18:5000000-5500000	chr18	5000000	0.992897	0.0337168	0.796771	0.155398	2	0.410982	-0.380343	-0.678642	0.243086	nan	1	nan	1	4	0	0.5	0.659091	0.391194
chr18:5500000-6000000	chr18	5500000	0.55791	0.157959	0.54492	0.0786888	2	0.994609	-0.186628	-0.883024	0.100814	-0.17265	2	-0.134423	2	4	0	0.5	0.626623	0.404199
chr18:6000000-6500000	chr18	6000000	0.52597	0.0989354	0.486543	0.170546	1	1.02823	0.0236149	-0.800269	0.455241	nan	1	nan	1	2	0	0.5	0.594156	0.396733
chr18:6500000-7000000	chr18	6500000	0.337538	-0.0271441	0.420776	-0.216955	1	1.0271	0.28764	-0.977191	-0.00238027	nan	1	nan	1	3	0	0.5	0.561688	0.403408
chr18:7000000-7500000	chr18	7000000	0.242482	-0.245411	0.0240572	-0.255412	2	1.00429	0.215707	-0.828814	0.0552641	nan	1	nan	1	2	0	0	0.529221	0.435287
chr18:7500000-8000000	chr18	7500000	-0.452585	-0.114934	-0.426698	-0.342903	1	1.0799	0.0406573	-0.855878	0.0360807	nan	1	nan	1	1	0	0	0.496753	0.400058
chr18:8000000-8500000	chr18	8000000	-0.0755651	-0.368063	-0.439625	-0.184217	0	1.07519	-0.0598509	-0.662243	0.024979	nan	0	nan	0	1	0	0	0.464286	0.413548
chr18:8500000-9000000	chr18	8500000	-0.70698	0.0460763	-0.6711	-0.279775	2	1.32056	-0.0791094	0.912876	-0.134932	-0.231233	2	0.168425	2	6	0	0.25	0.431818	0.439175
chr18:9000000-9500000	chr18	9000000	-1.26414	0.200864	-1.02516	-0.205964	4	1.34546	0.0135792	1.40752	0.0308413	0.0598446	4	0.0473101	3	5	0	0.25	0.399351	0.399354
chr18:9500000-10000000	chr18	9500000	-1.07724	-0.0455411	-1.01184	-0.00704751	4	1.36533	0.100565	1.22841	0.082603	0.0058892	3	-0.011313	3	3	0	0.25	0.366883	0.423852
chr18:10000000-10500000	chr18	10000000	-0.339668	-0.0219512	-0.713956	0.0126524	1	1.19031	0.0559123	0.377886	-0.0063093	nan	1	nan	1	5	0	0.25	0.334416	0.437659
chr18:10500000-11000000	chr18	10500000	-0.280716	-0.175217	-0.424212	-0.104869	1	1.02497	-0.0389729	1.23169	0.067556	nan	1	nan	1	4	0	0.25	0.301948	0.415935
chr18:11000000-11500000	chr18	11000000	-0.410801	-0.107528	-0.337946	-0.327476	1	0.841364	0.07312	1.13806	-0.13672	nan	1	nan	1	1	0	0	0.269481	0.399719
chr18:11500000-12000000	chr18	11500000	-0.36835	-0.110219	-0.373828	-0.228975	5	1.42524	0.104616	0.800996	-0.0678007	0.0204193	4	0.0790709	4	7	0	0	0.237013	0.445363
chr18:12000000-12500000	chr18	12000000	-0.600568	-0.21708	-0.799303	0.0604757	5	1.36704	0.154142	1.25674	-0.0272404	-0.064335	3	0.0261172	3	14	0	0	0.204545	0.450336
chr18:12500000-13000000	chr18	12500000	-1.08059	0.173698	-0.899216	-0.0922621	6	1.51215	0.0110232	1.37744	0.0920061	0.0754915	6	0.0334549	6	8	0	0	0.172078	0.42376
chr18:13000000-13500000	chr18	13000000	0.089345	-0.0911054	-0.0534123	-0.224747	1	1.03412	0.0592945	0.89594	0.0418761	nan	1	nan	1	5	0	0	0.13961	0.445882
chr18:13500000-14000000	chr18	13500000	0.536026	0.0102664	0.387581	-0.1551	4	0.771545	0.162511	0.66791	0.0853268	-0.146958	2	-0.0552451	2	6	0	0	0.107143	0.432708
chr18:14000000-14500000	chr18	14000000	0.968742	-0.104926	0.621618	0.301464	1	-0.0208186	0.0720843	-0.236334	-0.076693	nan	1	nan	1	9	0	0	0.0746753	0.42046
chr18:14500000-15000000	chr18	14500000	0.836399	0.0119324	0.748537	0.42562	2	-0.223963	-0.0649599	-0.83809	-0.0454997	nan	1	nan	0	2	0	0	0.0422078	0.391311
chr18:15000000-15500000	chr18	15000000	0.711654	0.3816	0.687462	0.608834	0	nan	nan	-0.776113	0.0313394	nan	0	nan	0	3	0.1	0	0.00974026	0.379153
chr18:15500000-16000000	chr18	15500000	nan	nan	nan	nan	0	nan	nan	nan	nan	nan	0	nan	0	0	0.005734	nan	0	0.396753
chr18:16000000-16500000	chr18	16000000	nan	nan	nan	nan	0	nan	nan	nan	nan	nan	0	nan	0	0	0	nan	0	0.396666
chr18:16500000-17000000	chr18	16500000	nan	nan	nan	nan	0	nan	nan	nan	nan	nan	0	nan	0	0	0	nan	0	0.396629
chr18:17000000-17500000	chr18	17000000	nan	nan	nan	nan	0	nan	nan	nan	nan	nan	0	nan	0	0	0	nan	0	0.396951
chr18:17500000-18000000	chr18	17500000	nan	nan	nan	nan	0	nan	nan	nan	nan	nan	0	nan	0	0	0	nan	0	0.396786
chr18:18000000-18500000	chr18	18000000	nan	nan	nan	nan	0	nan	nan	nan	nan	nan	0	nan	0	0	0	nan	0	0.396776
chr18:18500000-19000000	chr18	18500000	nan	nan	nan	nan	0	nan	nan	nan	nan	nan	0	nan	0	0	0	nan	0	0.396568
chr18:19000000-19500000	chr18	19000000	nan	nan	nan	nan	0	nan	nan	nan	nan	nan	0	nan	0	0	0	nan	0	0.396165
chr18:19500000-20000000	chr18	19500000	nan	nan	nan	nan	0	nan	nan	nan	nan	nan	0	nan	0	0	0	nan	0	0.396295
chr18:20000000-20500000	chr18	20000000	nan	nan	nan	nan	0	nan	nan	nan	nan	nan	0	nan	0	0	0	nan	0	0.396235
chr18:20500000-21000000	chr18	20500000	nan	nan	nan	nan	0	nan	nan	nan	nan	nan	0	nan	0	0	0.116228	nan	0	0.387407
chr18:21000000-21500000	chr18	21000000	-0.414893	0.144845	-0.287941	-0.0193678	2	0.412745	0.0578369	0.00471163	-0.0449649	-0.26273	2	-0.163503	2	2	0	nan	0	0.397597
chr18:21500000-22000000	chr18	21500000	-0.838569	0.00522821	-0.660408	-0.201531	4	1.12109	0.0511154	1.08444	0.0711146	0.0376947	4	-0.0467651	4	5	0	0	0.00424641	0.411971
chr18:22000000-22500000	chr18	22000000	-0.719728	-0.0685222	-0.743266	-0.300889	2	1.15024	0.137293	-0.629164	0.019112	nan	1	nan	1	4	0	0	0.0127392	0.430632
chr18:22500000-23000000	chr18	22500000	-1.01651	-0.0250831	-0.981252	-0.233774	1	1.22517	0.0456749	-0.109553	0.0745795	nan	1	nan	1	2	0	0	0.021232	0.388281
chr18:23000000-23500000	chr18	23000000	-0.564976	-0.228851	-0.670847	-0.292136	3	1.3721	0.025091	1.21131	0.0400508	0.10228	2	0.0121228	2	3	0	0	0.0297249	0.450056
chr18:23500000-24000000	chr18	23500000	-0.81148	-0.191485	-0.956515	-0.267267	4	1.27756	0.0820242	1.10297	-0.0520616	0.0228541	4	-0.0585791	4	5	0	0	0.0382177	0.431286
chr18:24000000-24500000	chr18	24000000	-0.630401	-0.0602751	-0.655833	-0.142012	5	0.790383	0.183052	0.59579	-0.309554	0.111837	4	0.0242786	4	5	0	0	0.0467105	0.412814
chr18:24500000-25000000	chr18	24500000	-0.0632805	-0.126995	-0.115276	-0.399867	0	0.439748	-0.206385	-1.03301	0.0462423	nan	0	nan	0	0	0	0	0.0552033	0.412715
chr18:25000000-25500000	chr18	25000000	-0.387916	-0.447395	-0.411493	-0.267435	1	0.308413	0.115292	-1.11624	0.0814891	nan	1	nan	1	1	0	0	0.0636961	0.388467
chr18:25500000-26000000	chr18	25500000	-0.257877	-0.281911	-0.383048	-0.29889	0	0.121927	-0.333267	-0.532001	-0.0908859	nan	0	nan	0	0	0	0	0.0721889	0.392827
chr18:26000000-26500000	chr18	26000000	-0.0623302	-0.00984029	0.1714	-0.523008	3	0.044933	0.0742038	1.30305	0.036003	-0.0264015	2	nan	1	3	0	0	0.0806818	0.392594
chr18:26500000-27000000	chr18	26500000	0.407769	0.174999	0.414598	-0.0774912	2	0.16937	-0.0285626	1.10011	0.0911476	nan	1	-0.0519287	2	3	0	0	0.0891746	0.409265
chr18:27000000-27500000	chr18	27000000	0.533554	0.157448	0.615836	-0.08195	1	-0.62847	-0.108481	-0.836614	0.0155705	nan	0	nan	0	1	0	0	0.0976674	0.377333
chr18:27500000-28000000	chr18	27500000	-0.660791	0.114634	-0.331097	-0.234145	0	-0.510959	0.200965	-1.32164	-0.0371934	nan	0	nan	0	0	0	1	0.10616	0.372692
chr18:28000000-28500000	chr18	28000000	-0.806194	-0.0276512	-0.521105	0.025077	1	-0.989033	0.274192	-1.31931	-0.0154688	nan	1	nan	1	1	0	1	0.114653	0.37322
chr18:28500000-29000000	chr18	28500000	-0.60638	-0.0866663	-0.407267	-0.023196	0	-1.29443	0.225652	-1.29045	-0.075685	nan	0	nan	0	0	0	1	0.123146	0.355386
chr18:29000000-29500000	chr18	29000000	-0.550108	-0.03068	-0.409237	0.202615	0	-1.41498	0.180488	-1.42361	-0.027856	nan	0	nan	0	0	0	1	0.131639	0.345298
chr18:29500000-30000000	chr18	29500000	-0.313391	-0.07135	-0.167741	0.101004	0	-1.44146	0.150538	-1.3505	-0.0301382	nan	0	nan	0	0	0	1	0.140131	0.346832
chr18:30000000-30500000	chr18	30000000	-0.101577	-0.0458662	0.085549	0.135989	0	-1.39722	0.0974351	-1.27755	-0.107712	nan	0	nan	0	0	0	1	0.148624	0.346502
chr18:30500000-31000000	chr18	30500000	0.179992	0.191436	0.611228	-0.20084	0	-1.3714	0.15209	-0.199109	0.24577	nan	0	nan	0	0	0	1	0.157117	0.36022
chr18:31000000-31500000	chr18	31000000	-0.226318	-0.20743	-0.237276	-0.025627	7	-0.388618	0.110369	0.665623	-0.689745	-0.132216	4	0.0334561	3	3	0	1	0.16561	0.370179
chr18:31500000-32000000	chr18	31500000	0.064111	-0.319683	-0.040672	-0.0974671	4	-0.0150852	0.160129	1.16611	-0.116162	-0.101591	3	-0.0279927	3	3	0	1	0.174103	0.40263
chr18:32000000-32500000	chr18	32000000	0.45441	-0.0225099	0.612827	-0.233811	4	-0.466015	0.191939	0.077727	-0.195128	0.075267	3	-0.0185427	3	3	0	1	0.182596	0.403902
chr18:32500000-33000000	chr18	32500000	0.903087	0.176823	0.83224	0.278842	1	-0.79534	0.219411	-1.25979	-0.0826035	nan	0	nan	1	1	0	1	0.191088	0.382161
chr18:33000000-33500000	chr18	33000000	0.589472	0.399601	0.795996	0.405615	1	-1.20349	0.0306474	-1.41459	-0.0266945	nan	0	nan	0	1	0	1	0.199581	0.351324
chr18:33500000-34000000	chr18	33500000	0.402997	0.418827	0.901456	-0.141767	1	-1.09031	0.149707	-1.22499	-0.0099559	nan	1	nan	1	2	0	1	0.208074	0.360508
chr18:34000000-34500000	chr18	34000000	0.369138	0.24604	0.724516	0.24176	1	-1.2268	0.112548	-0.0611618	-0.116496	nan	0	nan	1	4	0	1	0.216567	0.358455
chr18:34500000-35000000	chr18	34500000	-0.0597039	0.0393574	0.216963	-0.0952869	1	-0.809582	0.286528	-1.01969	-0.0716361	nan	1	nan	1	2	0	1	0.22506	0.378517
chr18:35000000-35500000	chr18	35000000	-0.282442	0.0203305	-0.340789	0.0706223	6	0.198481	0.3872	0.954384	0.0135717	-0.135465	6	0.000314079	6	7	0	0	0.233552	0.402702
chr18:35500000-36000000	chr18	35500000	-0.133636	0.112064	-0.082809	-0.289309	2	0.582054	0.0250972	1.25174	-0.156402	nan	1	nan	1	4	0	0	0.242045	0.405707
chr18:36000000-36500000	chr18	36000000	-0.669551	-0.0339123	-0.721271	0.00184002	5	0.514362	0.0907521	1.2095	-0.0693497	-0.318816	5	-0.0329784	5	4	0	0	0.250538	0.423058
chr18:36500000-37000000	chr18	36500000	-0.348776	0.0769472	-0.387725	-0.0795237	2	-0.245675	0.169496	0.799933	-0.189741	0.00461453	2	-0.0115102	2	3	0	0	0.259031	0.404612
chr18:37000000-37500000	chr18	37000000	1.29403	-0.238194	0.88781	-0.0771894	0	-0.300387	0.169278	-0.475538	-0.00724792	nan	0	nan	0	6	0	0	0.267524	0.454849
chr18:37500000-38000000	chr18	37500000	1.21398	0.17215	0.806367	-0.00156357	1	0.0459727	-0.220759	-0.995979	0.13653	nan	1	nan	1	3	0	0	0.276017	0.431868
chr18:38000000-38500000	chr18	38000000	0.554987	0.437484	0.665072	0.0687049	0	-0.397729	0.0823247	-1.33675	0.123608	nan	0	nan	0	0	0	0	0.284509	0.372317
chr18:38500000-39000000	chr18	38500000	0.798721	0.15752	0.704683	0.303805	0	-0.783121	0.231863	-1.34792	-0.103953	nan	0	nan	0	0	0	0	0.293002	0.370069
chr18:39000000-39500000	chr18	39000000	0.419817	0.183161	0.551718	-0.0512901	0	-0.899371	0.0242905	-1.26055	0.0434751	nan	0	nan	0	0	0	0	0.301495	0.364252
chr18:39500000-40000000	chr18	39500000	0.176049	-0.0711354	0.342009	-0.357697	0	-0.701451	0.221804	-1.40423	0.0158598	nan	0	nan	0	1	0	0.75	0.309988	0.371233
chr18:40000000-40500000	chr18	40000000	-0.262027	0.108943	-0.000340643	-0.092505	0	-0.474751	-0.0146914	-1.21462	0.0187232	nan	0	nan	0	0	0	0.75	0.318481	0.360388
chr18:40500000-41000000	chr18	40500000	-0.509634	-0.0291006	-0.52274	-0.0682243	0	-0.423798	0.164555	-1.41369	-0.0432805	nan	0	nan	0	0	0	0.75	0.326973	0.356622
chr18:41000000-41500000	chr18	41000000	-0.489688	0.00593647	-0.280539	-0.29062	0	-0.499572	0.146532	-1.32922	-0.0795722	nan	0	nan	0	0	0	0.75	0.335466	0.359134
chr18:41500000-42000000	chr18	41500000	-0.376305	-0.040063	-0.434579	-0.16053	1	-0.0687535	-0.156415	-1.18526	-0.0213133	nan	1	nan	1	0	0	0.75	0.343959	0.379582
chr18:42000000-42500000	chr18	42000000	-0.00408889	0.158781	0.211049	-0.0710413	0	-0.504142	0.0577513	0.27934	-0.0963891	nan	0	nan	0	0	0	0.75	0.352452	0.379185
chr18:42500000-43000000	chr18	42500000	0.373919	0.0599258	0.535767	-0.137819	0	-0.965237	-0.0500132	-1.36665	-0.0521392	nan	0	nan	0	0	0	0.75	0.360945	0.360453
chr18:43000000-43500000	chr18	43000000	0.380592	0.22829	0.745347	0.0295827	2	-0.90431	-0.0803118	-1.38657	-0.0576165	nan	1	nan	0	0	0	0.75	0.369438	0.362179
chr18:43500000-44000000	chr18	43500000	-0.322785	0.0559915	0.0190793	-0.0422046	0	-0.140552	-0.120316	-1.35265	-0.090559	nan	0	nan	0	0	0	0.75	0.37793	0.358002
chr18:44000000-44500000	chr18	44000000	-0.180698	0.361199	0.222034	-0.379959	0	-0.0655927	-0.148051	-1.39351	-0.0257701	nan	0	nan	0	0	0	0.75	0.386423	0.36379
chr18:44500000-45000000	chr18	44500000	0.108734	-0.181327	0.194077	-0.447771	1	0.524104	-0.243742	0.279873	-0.0238736	nan	1	nan	1	2	0	0.75	0.394916	0.408563
chr18:45000000-45500000	chr18	45000000	0.452275	-0.0159105	0.382274	-0.270881	0	0.310078	0.0164324	0.0248821	-0.181926	nan	0	nan	0	1	0	0.75	0.403409	0.408035
chr18:45500000-46000000	chr18	45500000	-0.192136	-0.0974372	-0.24787	-0.396953	4	0.947832	-0.0974253	0.193864	0.152307	-0.15587	3	-0.0666928	2	3	0	0.75	0.411902	0.43484
chr18:46000000-46500000	chr18	46000000	-0.0679716	-0.0271905	-0.294652	-0.0114716	5	1.24805	-0.0309208	1.22161	-0.0268124	-0.0836777	5	-0.103228	3	7	0	0	0.420394	0.452604
chr18:46500000-47000000	chr18	46500000	0.416787	0.150491	0.206049	0.0288393	4	1.2015	0.121594	0.303677	-0.000892491	0.153075	4	-0.0744811	3	9	0.060176	0	0.428887	0.435358
chr18:47000000-47500000	chr18	47000000	0.603642	-0.0567702	0.443594	-0.127082	4	1.14882	-0.19286	0.23255	-0.0285623	0.118045	3	0.0486005	2	9	0.039824	0	0.43738	0.428301
chr18:47500000-48000000	chr18	47500000	0.41555	-0.248162	-0.0189297	-0.0773509	1	1.12677	0.166837	0.813358	-0.0127064	nan	1	nan	1	1	0	0	0.445873	0.42881
chr18:48000000-48500000	chr18	48000000	-0.0349118	-0.036617	-0.235867	-0.345785	1	1.33608	0.129722	0.0525517	-0.141532	nan	1	nan	1	5	0	0	0.454366	0.463434
chr18:48500000-49000000	chr18	48500000	-0.49467	0.012514	-0.63321	-0.151225	2	1.33444	0.170778	1.24135	-0.0867105	-0.218535	2	-0.166199	2	8	0	0	0.462858	0.496824
chr18:49000000-49500000	chr18	49000000	-1.15069	0.210791	-1.04768	-0.0567857	3	1.27037	-0.0877848	1.27412	0.036192	0.139167	3	-0.000842867	3	3	0	0	0.471351	0.402536
chr18:49500000-50000000	chr18	49500000	-0.164858	-0.130238	-0.356583	-0.311286	2	1.52243	-0.39413	0.9091	-0.153471	0.217636	2	0.456602	2	4	0	0	0.479844	0.450758
chr18:50000000-50500000	chr18	50000000	0.380297	0.131605	0.544067	-0.347342	5	1.38456	-0.239525	1.21297	-0.00538895	-0.0443286	5	0.123394	5	8	0	0	0.488337	0.432274
chr18:50500000-51000000	chr18	50500000	0.429727	-0.236217	0.272699	-0.104325	4	0.867831	0.122379	0.442873	-0.0623334	-0.157495	4	-0.0646311	3	5	0	0.75	0.49683	0.430703
chr18:51000000-51500000	chr18	51000000	0.133485	0.0655684	0.148829	-0.00613449	2	0.0777128	0.174445	0.454001	-0.189343	-0.142626	2	0.00920533	2	2	0	0.75	0.505323	0.415038
chr18:51500000-52000000	chr18	51500000	0.914076	0.164965	0.723271	0.106204	0	-1.23971	0.0598103	0.381404	0.150474	nan	0	nan	0	0	0	0.75	0.513815	0.395297
chr18:52000000-52500000	chr18	52000000	0.640949	0.259664	0.573271	0.0569545	1	-1.29007	0.0310618	0.202286	0.330122	nan	1	nan	0	1	0	0.75	0.522308	0.378546
chr18:52500000-53000000	chr18	52500000	0.68414	-0.0826371	0.567055	0.184229	0	-1.31733	0.0603969	-1.38073	-0.0294866	nan	0	nan	0	0	0	0.75	0.530801	0.374064
chr18:53000000-53500000	chr18	53000000	0.601938	0.488556	0.702403	0.337027	0	-1.438	-0.0798896	-1.32538	-0.0839921	nan	0	nan	0	0	0	0.75	0.539294	0.363222
chr18:53500000-54000000	chr18	53500000	0.763376	0.243242	0.732208	0.200333	0	-1.33447	0.167608	-1.41851	-0.00153654	nan	0	nan	0	0	0	0.75	0.547787	0.373114
chr18:54000000-54500000	chr18	54000000	0.0297777	0.0471108	0.23617	-0.00349022	4	-0.854183	0.19244	0.390329	-0.00195718	-0.0932317	3	-0.0606668	3	3	0	0.75	0.556279	0.383352
chr18:54500000-55000000	chr18	54500000	-0.256443	-0.0318143	-0.00924445	-0.327945	3	-0.924719	-0.06036	-1.29416	-0.0538434	0.292224	2	-0.11959	2	2	0.001908	0.75	0.564772	0.378662
chr18:55000000-55500000	chr18	55000000	-0.549957	-0.0270075	-0.158437	-0.484615	0	0.00127449	0.0638479	-0.774263	0.104465	nan	0	nan	0	0	0	0.75	0.573265	0.387268
chr18:55500000-56000000	chr18	55500000	-0.620453	-0.0758825	-0.531961	-0.0385453	1	0.374729	-0.0201756	-1.28391	-0.0257257	nan	1	nan	1	3	0	0.75	0.581758	0.379041
chr18:56000000-56500000	chr18	56000000	-0.179361	-0.172342	-0.322959	-0.106358	0	-0.201825	0.182627	-1.32216	0.0114028	nan	0	nan	0	0	0	0	0.590251	0.395471
chr18:56500000-57000000	chr18	56500000	-0.0755643	-0.0810862	0.19868	-0.0473659	2	0.349722	0.0412601	0.146755	-0.178517	-0.0539175	2	-0.0344848	2	2	0	0	0.598744	0.375961
chr18:57000000-57500000	chr18	57000000	0.993061	-0.00187861	0.785327	-0.0531589	3	0.363746	-0.188793	0.709444	-0.206406	nan	1	nan	1	4	0	0	0.607236	0.429785
chr18:57500000-58000000	chr18	57500000	-0.373156	0.0337527	-0.407856	-0.215621	3	1.11628	-0.0968441	0.646665	-0.248809	-0.10272	3	0.255216	2	5	0	0	0.615729	0.430612
chr18:58000000-58500000	chr18	58000000	-0.649556	-0.00822567	-0.608548	-0.33962	1	1.05142	0.139326	1.19914	-0.198878	nan	1	nan	1	3	0	0	0.624222	0.435411
chr18:58500000-59000000	chr18	58500000	-0.882513	0.156165	-0.671256	-0.301211	3	1.06566	0.0856895	1.31708	-0.0128282	-0.268601	3	-0.0468395	3	3	0	0.5	0.632715	0.435549
chr18:59000000-59500000	chr18	59000000	-0.514938	-0.0905804	-0.679131	-0.318139	5	1.04695	-0.129865	1.16055	-0.107803	-0.0306319	3	0.0819234	2	8	0	0.5	0.641208	0.427318
chr18:59500000-60000000	chr18	59500000	-0.570699	0.054522	-0.490728	-0.367302	2	0.433264	-0.244163	-0.377375	-0.214843	0.126922	2	0.0476999	2	3	0	0.5	0.6497	0.424396
chr18:60000000-60500000	chr18	60000000	0.0825061	-0.214185	0.115202	0.0202599	1	-1.38311	0.0536485	-0.128924	-0.0106478	nan	1	nan	0	0	0	0.5	0.658193	0.367555
chr18:60500000-61000000	chr18	60500000	0.525768	0.116535	0.873294	0.0578645	0	-1.70493	-0.00782782	-1.35558	-0.0247392	nan	0	nan	0	0	0	0.5	0.666686	0.354441
chr18:61000000-61500000	chr18	61000000	1.08157	0.0495565	1.29614	-0.0274211	1	-1.61264	0.0094698	-1.40629	-0.0791581	nan	1	nan	0	1	0	0.5	0.675179	0.376265
chr18:61500000-62000000	chr18	61500000	0.307069	-0.342219	0.350029	-0.457813	1	-0.0472083	-0.136346	-0.972831	-0.161272	nan	1	nan	1	2	0	0	0.683672	0.41255
chr18:62000000-62500000	chr18	62000000	-0.220449	-0.452062	-0.0558047	-0.083537	3	-0.101374	-0.0418941	0.956539	0.0958588	0.0436264	3	-0.0273636	3	3	0	0	0.692165	0.387561
chr18:62500000-63000000	chr18	62500000	-0.172806	-0.204593	0.044467	-0.593976	2	0.641884	-0.114252	1.35737	0.0443696	-0.121259	2	0.0290875	2	4	0	0	0.700657	0.411334
chr18:63000000-63500000	chr18	63000000	-0.154616	-0.0827248	-0.0858912	-0.441334	4	0.529157	-0.24907	1.18458	0.110552	-0.245297	3	0.0711038	3	3	0	0	0.70915	0.424522
chr18:63500000-64000000	chr18	63500000	-0.175347	0.0586411	-0.073356	-0.231894	10	-1.43046	0.0193373	0.534297	0.178531	0.0668979	4	nan	1	2	0	0	0.717643	0.387167
chr18:64000000-64500000	chr18	64000000	0.947427	0.0175989	0.72753	0.161294	1	-1.09177	-0.34015	-0.344381	0.00822645	nan	0	nan	0	1	0	1	0.726136	0.379659
chr18:64500000-65000000	chr18	64500000	0.422524	0.307558	0.596126	0.399653	0	-0.984655	-0.34322	-1.37214	-0.0377485	nan	0	nan	0	0	0	1	0.734629	0.35816
chr18:65000000-65500000	chr18	65000000	0.344608	0.247776	0.387589	0.734237	0	-1.34984	-0.271084	-1.40705	-0.0670963	nan	0	nan	0	0	0	1	0.743121	0.345708
chr18:65500000-66000000	chr18	65500000	0.455235	0.199738	0.691296	0.502177	1	-1.60274	-0.140314	-1.39111	0.0157735	nan	0	nan	1	1	0	1	0.751614	0.34948
chr18:66000000-66500000	chr18	66000000	0.612321	0.218325	0.568161	0.807315	0	-1.54121	-0.0793957	-1.25171	0.0192555	nan	0	nan	0	0	0	1	0.760107	0.347041
chr18:66500000-67000000	chr18	66500000	0.32808	0.163367	0.535036	0.607921	1	-1.56008	-0.161971	-1.30188	-0.0658666	nan	0	nan	0	0	0	1	0.7686	0.339025
chr18:67000000-67500000	chr18	67000000	-0.270781	-0.106285	0.264397	-0.0554067	0	-1.56293	-0.0384223	-1.30724	-0.0398622	nan	0	nan	0	0	0	1	0.777093	0.349301
chr18:67500000-68000000	chr18	67500000	-0.518617	-0.252235	-0.246603	-0.146504	1	-1.38045	-0.10745	-1.29394	-0.0230101	nan	1	nan	1	1	0	1	0.785586	0.352027
chr18:68000000-68500000	chr18	68000000	-0.659922	-0.110861	-0.410799	0.107814	0	-1.35014	-0.181103	-1.37266	-0.0588277	nan	0	nan	0	0	0	1	0.794078	0.348915
chr18:68500000-69000000	chr18	68500000	-0.289034	-0.127965	-0.0281559	-0.0124163	2	-1.26026	-0.0913841	-1.09983	-0.151828	0.311007	2	0.0215955	2	1	0	1	0.802571	0.360937
chr18:69000000-69500000	chr18	69000000	0.558219	0.12259	0.859099	0.165433	1	-1.10016	-0.00465327	-1.19495	-0.0371552	nan	1	nan	1	3	0	0	0.811064	0.351724
chr18:69500000-70000000	chr18	69500000	0.772993	-0.152529	0.670081	0.179129	1	-1.36645	0.0219547	-1.23612	-0.0795635	nan	1	nan	1	0	0	0	0.819557	0.37154
chr18:70000000-70500000	chr18	70000000	0.0899712	-0.250665	0.120465	-0.00125027	2	-0.676023	0.0613617	0.783424	-0.139139	-0.311246	2	0.0225413	2	3	0	0	0.82805	0.391536
chr18:70500000-71000000	chr18	70500000	1.04787	0.224007	1.08351	0.198865	0	-1.26239	-0.24428	-1.2337	-0.0404613	nan	0	nan	0	0	0	0	0.836542	0.381629
chr18:71000000-71500000	chr18	71000000	0.578553	0.230306	0.900759	0.411658	0	-1.34581	-0.184652	-1.0958	-0.0648247	nan	0	nan	0	0	0	0.25	0.845035	0.357326
chr18:71500000-72000000	chr18	71500000	0.530823	0.292567	0.816581	0.401441	0	-1.63218	-0.0420626	-1.36932	-0.0314711	nan	0	nan	0	0	0	0.25	0.853528	0.350336
chr18:72000000-72500000	chr18	72000000	0.542302	0.25855	0.665865	0.309877	0	-1.62407	-0.0544494	-1.15029	0.97763	nan	0	nan	0	0	0	0.25	0.862021	0.35657
chr18:72500000-73000000	chr18	72500000	0.560555	0.0682704	0.709678	0.0774335	2	-0.668822	-0.153484	-1.19541	0.186748	0.282377	2	-0.0200209	2	2	0	0.25	0.870514	0.376479
chr18:73000000-73500000	chr18	73000000	-0.0748029	0.0103321	0.0215584	0.221898	0	-1.04192	-0.125802	-0.560846	0.104678	nan	0	nan	0	0	0	0.25	0.879006	0.361723
chr18:73500000-74000000	chr18	73500000	0.0606796	-0.176618	-0.107827	0.0665346	0	-0.707879	0.0131837	-1.35668	-0.0492336	nan	0	nan	0	0	0	0.25	0.887499	0.392749
chr18:74000000-74500000	chr18	74000000	0.730695	-0.244101	0.703378	-0.322515	6	0.235312	-0.0767456	-0.616207	0.0568168	0.0895152	4	0.0403382	4	5	0	0.25	0.895992	0.430727
chr18:74500000-75000000	chr18	74500000	-0.22592	-0.124968	0.209743	-0.19046	2	0.730033	-0.209443	0.782647	-0.042187	nan	1	nan	1	1	0	0.25	0.904485	0.394081
chr18:75000000-75500000	chr18	75000000	0.648374	-0.091244	0.619163	-0.289891	3	0.679072	-0.225761	0.98629	-0.0659591	-0.181457	2	nan	1	5	0	0.25	0.912978	0.442952
chr18:75500000-76000000	chr18	75500000	0.788556	0.157958	1.0187	-0.164217	0	0.159111	-0.350397	-0.699656	-0.0990579	nan	0	nan	0	1	0	0	0.921471	0.40855
chr18:76000000-76500000	chr18	76000000	0.942125	-0.0238897	0.68818	0.0387279	1	0.175653	0.0103703	-1.11291	-0.0148622	nan	1	nan	1	8	0	0	0.929963	0.427249
chr18:76500000-77000000	chr18	76500000	0.686922	-0.368391	0.479892	-0.149772	1	1.11445	-0.226874	0.455224	-0.0491921	nan	1	nan	1	6	0	0	0.938456	0.44795
chr18:77000000-77500000	chr18	77000000	1.08746	-0.191603	0.748841	0.00400182	2	-0.154744	0.0568659	0.797361	-0.0311703	nan	1	nan	1	7	0	0	0.946949	0.437069
chr18:77500000-78000000	chr18	77500000	1.21339	0.148168	0.959067	0.426974	0	-0.128541	-0.160808	-0.872187	0.056421	nan	0	nan	0	4	0	0	0.955442	0.406063
chr18:78000000-78500000	chr18	78000000	1.44973	-0.160157	1.1974	0.0432933	0	-0.0710342	0.0519879	-0.712859	0.123822	nan	0	nan	0	9	0	0	0.963935	0.429527
chr18:78500000-79000000	chr18	78500000	1.34111	-0.141514	0.873958	0.106811	1	0.67562	0.0349622	0.504479	0.157308	nan	1	nan	1	23	0	0	0.972427	0.480634
chr18:79000000-79500000	chr18	79000000	0.839907	-0.303397	0.876088	-0.365064	2	1.07462	-0.145662	0.696246	0.23072	-0.107695	2	-0.0141922	2	34	0	0	0.98092	0.462293
chr18:79500000-80000000	chr18	79500000	0.484442	-0.294138	0.226212	0.0313361	5	1.48407	-0.403828	1.12735	0.0967727	0.157952	5	0.171072	3	60	0	0	0.989413	0.522515
chr18:80000000-80500000	chr18	80000000	0.0736699	-0.104432	-0.261722	-0.0463684	3	nan	nan	0.506465	-0.227584	0.0142893	3	0.07865	3	6	0.22	0	0.997906	0.46327
chr19:0-500000	chr19	0	nan	nan	nan	nan	8	-0.663829	-0.0430952	0.333943	0.144533	0.0166419	4	0.0466741	4	35	0.12	0	0.989669	0.489476
chr19:500000-1000000	chr19	500000	nan	nan	nan	nan	24	0.866963	-0.240715	1.17971	0.0578927	0.127796	20	0.0660479	16	88	0	0	0.969008	0.595998
chr19:1000000-1500000	chr19	1000000	nan	nan	nan	nan	25	1.31197	-0.1365	1.2225	0.124306	0.174413	24	0.0716631	22	95	0	0	0.948347	0.602175
chr19:1500000-2000000	chr19	1500000	nan	nan	nan	nan	14	1.50349	-0.318126	1.28777	0.00770095	-0.049155	13	0.0976074	13	79	0	0	0.927686	0.579379
chr19:2000000-2500000	chr19	2000000	nan	nan	nan	nan	19	1.36319	-0.177882	1.21299	0.0291795	0.0825882	18	0.0735272	16	66	0	0	0.907025	0.570747
chr19:2500000-3000000	chr19	2500000	nan	nan	nan	nan	11	1.26162	-0.0116245	1.00105	0.0230958	0.0223924	10	0.0348021	9	43	0	0	0.886364	0.523208
chr19:3000000-3500000	chr19	3000000	-0.960653	-0.0189926	-1.1199	0.081828	10	1.31001	-0.143033	1.21836	0.0812357	-0.00672668	7	0.097976	6	45	0	0	0.865702	0.549766
chr19:3500000-4000000	chr19	3500000	-0.883384	-0.0267286	-1.22639	0.238038	19	1.32788	-0.189106	1.20806	0.0466686	0.000976948	16	0.0658438	15	65	0	0	0.845041	0.560821
chr19:4000000-4500000	chr19	4000000	-0.973097	-0.0746239	-1.36104	0.305225	17	1.46633	-0.342962	1.31738	0.0453756	0.201817	15	0.049021	13	32	0	0	0.82438	0.54846
chr19:4500000-5000000	chr19	4500000	-0.846603	-0.0398371	-1.22051	0.0927157	13	1.4402	-0.220954	1.31454	0.137528	0.0616025	12	0.0300133	12	34	0	0	0.803719	0.534163
chr19:5000000-5500000	chr19	5000000	-0.590937	-0.157011	-1.05634	0.180049	2	1.0367	-0.0298587	0.8182	-0.131996	nan	1	nan	1	37	0	0	0.783058	0.533819
chr19:5500000-6000000	chr19	5500000	-0.675179	-0.146818	-0.827813	-0.111493	18	0.711155	-0.0679831	1.29622	0.0132503	0.172608	14	0.112708	15	33	0	0	0.762397	0.526568
chr19:6000000-6500000	chr19	6000000	-0.697865	0.172739	-0.872358	0.200053	13	-0.781721	0.125351	1.31918	-0.0701917	0.0130469	11	0.128281	11	24	0	0	0.741736	0.504805
chr19:6500000-7000000	chr19	6500000	0.176163	-0.168438	-0.224968	0.0362694	10	-1.22888	-0.114638	1.18091	-0.00303714	-0.0751671	7	0.0286888	4	13	0	0	0.721074	0.476237
chr19:7000000-7500000	chr19	7000000	-0.393323	0.162791	-0.687797	0.0220935	10	-0.735278	0.00641451	1.08848	-0.00258223	-0.108948	4	0.117022	4	14	0	0.25	0.700413	0.477936
chr19:7500000-8000000	chr19	7500000	-0.440321	-0.178066	-0.59905	-0.0828134	23	-0.113389	0.119298	1.30835	0.0592741	0.109245	15	0.0964695	16	43	0	0.25	0.679752	0.534763
chr19:8000000-8500000	chr19	8000000	-0.243515	-0.322866	-0.507068	-0.0600743	12	0.376999	-0.277357	1.17922	-0.0289017	0.217294	11	0.12921	10	22	0	0.25	0.659091	0.516585
chr19:8500000-9000000	chr19	8500000	0.548432	-0.283559	0.272403	-0.169051	9	-1.23817	-0.144267	-0.386623	0.225882	0.122145	4	0.801782	4	16	0	0.25	0.63843	0.480898
chr19:9000000-9500000	chr19	9000000	0.41748	-0.20367	0.25039	-0.125522	14	-1.27765	-0.159427	-1.21734	0.0778923	-0.000243837	6	0.275478	4	9	0	0.25	0.617769	0.438237
chr19:9500000-10000000	chr19	9500000	-0.0970608	-0.142366	-0.473277	-0.0308345	9	-0.835058	-0.220445	-1.04118	0.0582333	0.117686	9	0.0356116	9	15	0	0.25	0.597107	0.469706
chr19:10000000-10500000	chr19	10000000	-0.680368	-0.171285	-1.0015	0.128923	20	0.651466	-0.43358	1.26095	-0.0664696	-0.0533547	19	0.124051	15	36	0	0.25	0.576446	0.525477
chr19:10500000-11000000	chr19	10500000	-0.99583	0.0111895	-1.1646	-0.0684115	16	1.3794	-0.289597	1.29431	0.0368167	0.015859	16	0.108086	14	22	0	0.25	0.555785	0.521304
chr19:11000000-11500000	chr19	11000000	-0.843132	-0.124543	-1.0663	0.0292208	16	1.5594	-0.313064	1.17645	-0.0146412	0.135348	13	0.0736958	12	32	0	0.25	0.535124	0.524126
chr19:11500000-12000000	chr19	11500000	-0.87398	-0.087734	-0.996067	0.0293539	14	1.15737	-0.274748	-0.814369	0.109537	-0.114725	14	0.047271	13	20	0	0.25	0.514463	0.457232
chr19:12000000-12500000	chr19	12000000	-0.843839	0.0572078	-0.980462	-0.178474	12	0.95608	-0.269705	-1.09202	0.100464	-0.0160481	12	0.0124381	8	18	0	0.25	0.493802	0.440561
chr19:12500000-13000000	chr19	12500000	-0.925645	0.0177846	-1.03772	-0.0342546	30	1.18934	-0.114089	-0.00951693	0.0704622	0.054749	25	0.0622534	21	47	0	0	0.47314	0.513384
chr19:13000000-13500000	chr19	13000000	-0.36379	-0.0846518	-0.505055	-0.117681	5	-0.65079	0.773046	1.14143	-0.0252719	-0.0142225	5	0.104798	5	21	0	0	0.452479	0.507586
chr19:13500000-14000000	chr19	13500000	-0.387259	-0.0983119	-0.830969	0.0761786	10	-0.469239	0.478617	0.611458	-0.082467	0.0778105	9	-0.00830803	7	23	0	0	0.431818	0.504598
chr19:14000000-14500000	chr19	14000000	-0.56485	-0.15047	-0.674855	-0.191181	16	0.182452	-0.0582268	1.2547	-0.0147713	0.184576	12	0.0545461	13	24	0	0.25	0.411157	0.524068
chr19:14500000-15000000	chr19	14500000	0.651118	-0.198253	0.194588	0.153374	13	-1.32829	-0.111688	0.754746	-0.0345313	0.284814	5	0.138959	4	5	0	0.25	0.390496	0.45612
chr19:15000000-15500000	chr19	15000000	-0.0254076	-0.0662719	-0.217954	-0.0276728	13	-1.01456	-0.109994	0.479641	0.00662072	-0.291	7	0.0558302	7	32	0	0.25	0.369835	0.503242
chr19:15500000-16000000	chr19	15500000	1.00157	-0.407961	0.529597	0.00251501	11	-1.3673	-0.108174	0.240365	0.0594877	nan	0	nan	0	9	0	0.25	0.349174	0.459841
chr19:16000000-16500000	chr19	16000000	-0.249521	-0.0515535	-0.485422	0.047328	10	-0.748343	-0.173747	0.905935	0.0574116	-0.0848853	7	0.0247381	7	11	0	0	0.328512	0.506331
chr19:16500000-17000000	chr19	16500000	-0.561501	-0.0851305	-0.88033	-0.156365	8	0.731822	-0.423478	1.21496	-0.0724915	-0.112773	7	0.136004	7	14	0	0	0.307851	0.503223
chr19:17000000-17500000	chr19	17000000	-0.952708	-0.00213377	-0.987291	0.114877	21	1.27357	-0.285175	1.22151	0.0219074	0.108123	19	0.0500375	17	33	0	0	0.28719	0.526328
chr19:17500000-18000000	chr19	17500000	-0.662194	-0.240189	-1.01834	-0.0786473	13	1.38377	-0.29691	1.25617	0.00684671	0.0666893	10	-0.0167336	8	37	0	0	0.266529	0.52575
chr19:18000000-18500000	chr19	18000000	-0.95069	-0.109044	-0.999655	0.0449872	17	1.42228	-0.248582	1.27729	0.0658287	-0.0660825	14	-0.0294948	11	39	0	0	0.245868	0.544315
chr19:18500000-19000000	chr19	18500000	-0.817013	0.0187932	-1.00091	-0.0369021	16	1.425	-0.251429	1.1804	-0.00470465	0.0700231	14	0.105478	12	30	0	0	0.225207	0.548023
chr19:19000000-19500000	chr19	19000000	-0.495998	-0.379861	-0.762436	-0.0439146	14	1.03656	-0.47619	0.88403	0.0240423	0.0376397	14	0.109023	10	20	0	0	0.204545	0.521789
chr19:19500000-20000000	chr19	19500000	0.100951	-0.126913	-0.234519	0.225149	13	-0.323383	-0.133231	-0.820323	0.107422	0.0812036	13	0.0418961	13	21	0	0	0.183884	0.46423
chr19:20000000-20500000	chr19	20000000	0.364148	0.157771	0.380315	0.0492019	3	-0.939003	-0.0640831	-1.31504	-0.0289623	-0.160001	3	-0.036238	3	2	0	nan	0.163223	0.411301
chr19:20500000-21000000	chr19	20500000	0.530566	-0.0565389	0.66848	-0.00677377	4	-1.24629	-0.15887	-1.33201	-0.0282295	-0.0921414	4	-0.0131501	3	0	0	nan	0.142562	0.402512
chr19:21000000-21500000	chr19	21000000	0.22487	-0.0923046	0.240158	0.159465	6	-0.91767	-0.28898	-1.28685	-0.0301803	-0.124457	6	0.0456642	6	4	0	nan	0.121901	0.402158
chr19:21500000-22000000	chr19	21500000	0.745808	-0.00610437	0.487159	0.112016	3	-1.18952	-0.137277	-1.34127	-0.00419637	0.0593558	3	0.0545478	3	8	0	nan	0.10124	0.419156
chr19:22000000-22500000	chr19	22000000	0.745765	0.157676	0.754791	0.00457239	5	-1.27758	-0.177499	-1.30301	-0.0135404	nan	0	nan	0	3	0	nan	0.0805785	0.399839
chr19:22500000-23000000	chr19	22500000	0.78777	0.036822	0.465094	0.295039	3	-1.26535	-0.0991504	-1.29623	-0.037751	nan	0	nan	0	9	0	nan	0.0599174	0.419213
chr19:23000000-23500000	chr19	23000000	0.635529	-0.11829	0.283755	0.207641	4	-1.14443	-0.00702503	-1.35264	-0.0305051	-0.114707	3	-0.0489585	3	8	0	nan	0.0392562	0.418983
chr19:23500000-24000000	chr19	23500000	0.54696	0.181165	0.358007	0.365498	4	-1.12121	-0.132093	-1.30147	-0.0476997	0.10405	3	0.055439	3	3	0	nan	0.018595	0.41359
chr19:24000000-24500000	chr19	24000000	0.493246	-0.00656456	0.259007	0.400253	1	-1.04205	-0.248264	-1.3883	-0.0475656	nan	1	nan	1	0	0.1	nan	0	0.391627
chr19:24500000-25000000	chr19	24500000	nan	nan	nan	nan	0	nan	nan	nan	nan	nan	0	nan	0	0	0.013716	nan	0	0.392928
chr19:25000000-25500000	chr19	25000000	nan	nan	nan	nan	0	nan	nan	nan	nan	nan	0	nan	0	0	0	nan	0	0.391564
chr19:25500000-26000000	chr19	25500000	nan	nan	nan	nan	0	nan	nan	nan	nan	nan	0	nan	0	0	0	nan	0	0.392103
chr19:26000000-26500000	chr19	26000000	nan	nan	nan	nan	0	nan	nan	nan	nan	nan	0	nan	0	0	0	nan	0	0.392166
chr19:26500000-27000000	chr19	26500000	nan	nan	nan	nan	0	nan	nan	nan	nan	nan	0	nan	0	0	0	nan	0	0.392444
chr19:27000000-27500000	chr19	27000000	nan	nan	nan	nan	0	-1.18772	-0.242007	-1.25575	-0.00223097	nan	0	nan	0	0	0.1	nan	0	0.377575
chr19:27500000-28000000	chr19	27500000	0.734112	0.315554	0.853965	0.0545756	0	-1.04837	-0.290854	-1.28889	0.00830991	nan	0	nan	0	3	0	nan	0	0.405356
chr19:28000000-28500000	chr19	28000000	1.00339	0.16066	0.516826	0.253613	0	-0.361554	-0.415369	-0.863889	-0.0871475	nan	0	nan	0	0	0	nan	0.00491519	0.429577
chr19:28500000-29000000	chr19	28500000	1.17454	-0.156585	0.794308	0.196204	0	-0.795927	-0.259198	-1.02623	-0.0122405	nan	0	nan	0	2	0	nan	0.0212992	0.430971
chr19:29000000-29500000	chr19	29000000	1.2856	0.0684231	0.878586	0.166481	1	-0.885225	-0.152321	-0.858235	0.0944046	nan	1	nan	1	2	0	nan	0.0376832	0.463967
chr19:29500000-30000000	chr19	29500000	0.57921	-0.075919	0.233368	0.238764	6	-0.0806847	-0.319703	-0.173768	0.00334277	0.00428773	5	0.0385531	5	14	0	nan	0.0540671	0.48154
chr19:30000000-30500000	chr19	30000000	1.16807	-0.100607	0.869496	-0.0585368	1	-0.276766	-0.469223	-0.592333	0.046376	nan	1	nan	0	6	0	nan	0.0704511	0.461534
chr19:30500000-31000000	chr19	30500000	1.2106	-0.0240233	0.7715	0.108743	0	-0.023834	-0.49349	-0.749693	0.0387156	nan	0	nan	0	1	0	nan	0.0868351	0.44642
chr19:31000000-31500000	chr19	31000000	0.947014	-0.162715	0.503505	-0.0265718	1	-0.205748	-0.535073	-0.965274	0.0481565	nan	1	nan	1	4	0	nan	0.103219	0.438756
chr19:31500000-32000000	chr19	31500000	1.38568	-0.218585	0.777275	0.114441	0	-0.531483	-0.524666	-1.06198	0.0540942	nan	0	nan	0	0	0	nan	0.119603	0.427586
chr19:32000000-32500000	chr19	32000000	0.951142	-0.334671	0.614846	0.132323	2	-0.11311	-0.376219	-0.607107	-0.0275901	-0.100657	2	0.0940679	2	3	0	0	0.135987	0.432495
chr19:32500000-33000000	chr19	32500000	0.714454	-0.445125	0.484961	-0.219941	8	0.137945	-0.186712	-0.225237	0.152019	0.0659631	6	0.112896	6	7	0	0	0.152371	0.459059
chr19:33000000-33500000	chr19	33000000	0.77276	-0.510753	0.177511	0.100118	7	0.560786	-0.17573	-0.0974705	-0.0776301	0.0516391	6	0.13766	5	14	0	0	0.168755	0.507341
chr19:33500000-34000000	chr19	33500000	0.641549	-0.0273577	0.440346	-0.0405629	3	0.172261	-0.12595	-0.548287	0.0182805	-0.295892	2	0.0429281	2	9	0	0	0.185139	0.483391
chr19:34000000-34500000	chr19	34000000	-0.305929	0.0533057	-0.629148	0.254978	6	0.418921	0.431564	0.286089	-0.0658551	0.00433949	6	0.0470186	5	9	0	0	0.201523	0.448309
chr19:34500000-35000000	chr19	34500000	0.543503	-0.0379443	0.231429	0.00606461	6	-1.06332	1.20743	-0.369922	0.0556103	0.0579502	6	0.0404179	6	9	0	0	0.217907	0.439363
chr19:35000000-35500000	chr19	35000000	0.168005	-0.14884	-0.237302	0.136351	19	0.424071	0.364254	0.871842	0.065274	-0.0459845	10	-0.0988466	12	19	0	0.25	0.234291	0.501422
chr19:35500000-36000000	chr19	35500000	-0.405564	-0.216454	-0.707829	0.157403	29	0.896888	-0.100073	1.0333	0.0992026	0.0548195	24	0.173299	22	37	0	0.25	0.250675	0.525808
chr19:36000000-36500000	chr19	36000000	-0.450143	-0.0708309	-0.821945	0.165557	15	-0.382799	-0.200103	-0.531497	-0.030006	0.032859	13	0.0628576	13	32	0	0.25	0.267059	0.48579
chr19:36500000-37000000	chr19	36500000	-0.487346	0.0715922	-0.286905	-0.192563	10	-0.887706	-0.19938	-0.921309	-0.0115458	0.0347148	10	0.212738	10	14	0	0.25	0.283443	0.41393
chr19:37000000-37500000	chr19	37000000	-0.196594	0.010293	-0.270257	-0.0922456	8	-1.06996	-0.119622	-0.920677	-0.021333	-0.0434388	8	0.187674	8	24	0	0.25	0.299827	0.431512
chr19:37500000-38000000	chr19	37500000	-0.414077	0.0577262	-0.470612	-0.0139969	8	-0.769894	-0.176607	-0.773087	-0.0617413	-0.0595879	7	0.0185651	7	11	0	0.25	0.316211	0.429827
chr19:38000000-38500000	chr19	38000000	-0.596633	0.147888	-0.766811	-0.00786139	13	0.532312	-0.27375	0.49889	0.0320834	0.205822	11	0.077069	11	25	0	0.25	0.332595	0.519266
chr19:38500000-39000000	chr19	38500000	-0.890486	0.160024	-0.989639	0.0794223	16	1.13805	-0.0903524	1.17866	-0.0192383	0.0604441	12	0.0639671	13	21	0	0.25	0.348979	0.515905
chr19:39000000-39500000	chr19	39000000	-0.798231	0.057952	-0.901964	-0.0596048	19	0.569885	0.223524	1.17121	0.039717	0.0496474	15	0.0912871	13	26	0	0.25	0.365363	0.507573
chr19:39500000-40000000	chr19	39500000	0.058599	-0.172416	0.0684675	-0.308773	13	-1.03596	0.283136	0.946165	0.152317	0.0851617	7	0.121738	6	19	0	0.25	0.381747	0.451274
chr19:40000000-40500000	chr19	40000000	-0.436048	-0.203983	-0.566518	0.0150095	14	-0.188908	0.177258	1.0022	-0.121055	-0.00385147	14	0.0733391	11	24	0	0.25	0.398131	0.478568
chr19:40500000-41000000	chr19	40500000	-0.337035	-0.0988542	-0.352657	-0.185334	13	-0.0379667	0.196223	1.10227	-0.062078	-0.0104288	10	0.114245	7	32	0	0.25	0.414515	0.501475
chr19:41000000-41500000	chr19	41000000	0.0312818	-0.31968	-0.26097	-0.249299	14	-0.729725	0.178997	0.805943	0.00623912	0.0794925	12	0.056834	10	18	0	0.25	0.430899	0.488591
chr19:41500000-42000000	chr19	41500000	0.408636	-0.124282	0.0115427	0.0545386	14	-1.18481	0.130107	0.825501	0.0891799	-0.0698942	6	0.0500544	4	16	0	0.25	0.447283	0.484155
chr19:42000000-42500000	chr19	42000000	0.0733262	-0.250457	-0.388656	-0.00106426	15	-0.202145	-0.0668186	1.18932	0.0307328	-0.125084	14	0.118043	14	32	0	0.25	0.463667	0.526092
chr19:42500000-43000000	chr19	42500000	1.06594	0.0957474	0.801121	0.354877	7	-1.24747	-0.0343943	-0.245695	0.106043	nan	1	nan	1	1	0	0.25	0.480051	0.435814
chr19:43000000-43500000	chr19	43000000	1.20798	-0.0350847	0.917222	0.0898133	8	-1.19849	-0.0974885	-0.411381	-0.0824745	nan	1	nan	1	4	0	0	0.496435	0.446374
chr19:43500000-44000000	chr19	43500000	-0.0189329	-0.130144	-0.131784	0.0869921	20	-1.09961	-0.139259	-0.222568	0.0604582	0.0295151	17	0.119639	17	20	0	0	0.512819	0.463136
chr19:44000000-44500000	chr19	44000000	-0.105902	-0.0981164	-0.0740642	-0.179361	14	-1.20672	-0.0693508	-0.800164	-0.0311829	-0.0310485	14	0.0955989	13	11	0	0	0.529203	0.405442
chr19:44500000-45000000	chr19	44500000	-0.67318	-0.0403647	-1.0795	0.105311	16	-0.292466	0.16343	0.487849	-0.0506615	0.0763217	12	-0.000242828	9	16	0	0.25	0.545587	0.505132
chr19:45000000-45500000	chr19	45000000	-1.01837	-0.0375638	-1.36592	0.312417	19	1.2705	-0.0638764	1.29649	0.0649696	0.0738024	19	0.101032	17	39	0	0.25	0.561971	0.532076
chr19:45500000-46000000	chr19	45500000	-1.06606	0.0891297	-1.27819	0.0918099	20	1.60921	-0.0666837	1.38457	0.0251598	0.026086	15	0.0687362	16	37	0	0.25	0.578354	0.519488
chr19:46000000-46500000	chr19	46000000	-1.13225	-0.0039918	-1.31313	0.0462888	11	1.40514	0.108943	0.822355	0.0369738	0.0904822	6	0.154937	5	15	0	0.25	0.594738	0.471017
chr19:46500000-47000000	chr19	46500000	-1.05609	-0.186522	-1.37193	0.178605	10	1.41236	0.0848074	1.39329	0.0278186	-0.18106	9	0.0306575	9	19	0	0.25	0.611122	0.496376
chr19:47000000-47500000	chr19	47000000	-1.03314	-0.154513	-1.17423	0.0690001	13	1.54679	-0.0133695	1.37738	0.0581332	0.133481	12	0.0657019	11	25	0	0.25	0.627506	0.513648
chr19:47500000-48000000	chr19	47500000	-0.96659	-0.0404808	-1.15585	-0.111174	12	1.42743	0.0970351	1.06005	0.0416778	0.12576	6	0.200142	5	17	0	0	0.64389	0.495285
chr19:48000000-48500000	chr19	48000000	-0.848262	-0.125938	-1.13758	0.0185935	15	1.39509	0.0410566	1.24633	0.0443224	0.0863139	13	0.0194188	12	27	0	0	0.660274	0.496933
chr19:48500000-49000000	chr19	48500000	-1.08301	0.114175	-1.19397	-0.041185	26	1.60569	-0.0052778	1.39415	0.0332413	0.126293	21	0.0339525	18	37	0	0	0.676658	0.529155
chr19:49000000-49500000	chr19	49000000	-0.972489	0.073977	-1.13228	0.0687309	29	1.54352	-0.00356129	1.36106	-0.0139999	0.151175	25	0.0625115	19	42	0	0	0.693042	0.517638
chr19:49500000-50000000	chr19	49500000	-0.698777	-0.0233571	-1.03285	0.284105	25	0.898811	0.590568	1.31574	0.0702995	0.115713	22	0.121059	20	41	0	0	0.709426	0.535983
chr19:50000000-50500000	chr19	50000000	0.143853	0.22828	-0.0269245	0.236561	12	-0.336506	1.52106	1.1841	-0.103012	0.0835906	10	0.184139	8	30	0	0	0.72581	0.511524
chr19:50500000-51000000	chr19	50500000	0.568383	-0.118312	0.167805	0.172824	18	-0.947682	1.99491	0.734983	-0.0159928	0.185284	6	-0.150201	6	24	0	0	0.742194	0.515308
chr19:51000000-51500000	chr19	51000000	1.01969	-0.0749726	0.554202	0.12156	22	-1.09992	1.31068	0.198555	-0.0312997	0.261299	5	0.363922	6	17	0	0.25	0.758578	0.486782
chr19:51500000-52000000	chr19	51500000	0.708548	-0.155503	0.417704	0.0338793	14	-1.13033	1.30527	-0.92234	0.172352	-0.0972614	7	-0.0179509	6	11	0	0.25	0.774962	0.439728
chr19:52000000-52500000	chr19	52000000	0.0423476	-0.026045	0.0380936	-0.100618	14	-0.516079	1.19134	-0.934176	0.0422399	-0.183347	12	0.151347	14	16	0	0.25	0.791346	0.434177
chr19:52500000-53000000	chr19	52500000	-0.034109	-0.196905	-0.139398	-0.1295	11	0.401292	0.595976	-0.780041	0.0869454	-0.162192	11	-0.00535924	10	18	0	0.25	0.80773	0.45283
chr19:53000000-53500000	chr19	53000000	0.158356	0.0833115	0.0267708	0.0559992	14	0.19373	0.448505	-1.10971	0.108116	-0.0312417	12	-0.0510891	10	18	0	0	0.824114	0.443848
chr19:53500000-54000000	chr19	53500000	0.365225	-0.0770449	-0.0314025	0.334915	8	0.21779	0.400173	-1.13487	0.20066	0.00699425	6	0.105757	5	22	0	0	0.840498	0.483334
chr19:54000000-54500000	chr19	54000000	0.247714	0.000279254	-0.0723912	0.162731	23	0.00674212	0.187991	0.462349	0.0901435	0.0695077	16	0.129578	12	18	0	0	0.856882	0.507657
chr19:54500000-55000000	chr19	54500000	0.883606	0.100362	0.420772	0.310727	15	-1.12372	0.058976	-0.235217	0.0341178	-0.0606079	2	nan	1	4	0	0	0.873266	0.469573
chr19:55000000-55500000	chr19	55000000	-0.321154	-0.213011	-0.67064	0.137347	28	0.088104	-0.0152437	0.884096	0.153823	0.112144	24	0.0574426	18	47	0	0	0.88965	0.544407
chr19:55500000-56000000	chr19	55500000	0.4584	-0.0600437	0.187163	0.0462361	20	-0.90482	0.084974	0.0481089	0.115518	0.079273	11	0.0813598	11	25	0	0	0.906034	0.482999
chr19:56000000-56500000	chr19	56000000	0.62565	-0.0740042	0.48322	0.00569631	10	-1.06333	0.0836478	-0.886783	0.195573	0.0398373	6	0.421854	6	18	0	0.25	0.922418	0.458791
chr19:56500000-57000000	chr19	56500000	0.844854	0.159565	0.800208	0.0299143	8	-1.11404	0.0694698	-1.34523	-0.043568	-0.184523	5	0.590566	5	14	0	0.25	0.938802	0.438585
chr19:57000000-57500000	chr19	57000000	0.201547	-0.100997	-0.144428	-0.0613295	18	-0.894273	0.0867208	-0.951514	0.0680648	-0.00852025	15	0.0735204	14	17	0	0.25	0.955186	0.443011
chr19:57500000-58000000	chr19	57500000	-0.426057	0.0760094	-0.745664	0.089441	21	0.336868	-0.00468158	-0.843838	-0.0691346	-0.115928	20	0.0933136	20	21	0	0.25	0.97157	0.45348
chr19:58000000-58500000	chr19	58000000	-0.438635	0.141655	-0.771055	0.17412	20	0.376173	-0.0827885	-0.836538	0.0649092	0.0381784	19	0.244126	19	37	0	0.25	0.987954	0.49855
chr19:58500000-59000000	chr19	58500000	nan	nan	nan	nan	6	nan	nan	nan	nan	0.0313155	6	0.120651	6	12	0.02	nan	1.00434	0.520637
chr20:0-500000	chr20	0	nan	nan	nan	nan	13	-0.674847	0.395747	0.997857	0.00681009	-0.0697118	7	0.0806203	7	10	0.12145	0	0.990272	0.440016
chr20:500000-1000000	chr20	500000	nan	nan	nan	nan	7	0.797071	-0.110809	0.599098	0.0556739	0.143852	5	0.0180265	4	15	0	0	0.970817	0.479687
chr20:1000000-1500000	chr20	1000000	nan	nan	nan	nan	10	0.254978	0.194995	0.721293	-0.148191	0.0324634	7	0.018323	7	11	0	0	0.951362	0.448538
chr20:1500000-2000000	chr20	1500000	nan	nan	nan	nan	5	0.0327409	0.0616142	1.08376	-0.139173	-0.20749	3	0.00634364	2	6	0	0	0.931907	0.450621
chr20:2000000-2500000	chr20	2000000	nan	nan	nan	nan	4	0.203185	0.0548147	0.484808	-0.117729	-0.0185053	2	0.0379456	2	5	0	0	0.912451	0.444688
chr20:2500000-3000000	chr20	2500000	nan	nan	nan	nan	11	0.990932	0.17735	1.02962	-0.0549071	0.133708	8	0.0854386	8	14	0	0	0.892996	0.456336
chr20:3000000-3500000	chr20	3000000	-0.50728	-0.107424	-0.899565	-0.142234	12	1.45388	-0.157275	0.959686	-0.00886091	-0.0167026	9	0.0845762	8	18	0	0	0.873541	0.465645
chr20:3500000-4000000	chr20	3500000	-0.62367	-0.0854969	-0.8759	-0.0832469	11	1.16804	-0.132187	0.922167	0.141173	0.0781028	9	0.075724	7	15	0	0	0.854086	0.472386
chr20:4000000-4500000	chr20	4000000	-0.240355	-0.119389	-0.530932	-0.0761049	3	0.0378288	-0.253063	-0.724899	-0.0517061	-0.0109894	3	0.0753982	2	5	0	0	0.83463	0.445874
chr20:4500000-5000000	chr20	4500000	0.0278769	-0.430996	-0.0943352	-0.387377	3	-0.411209	0.0882116	0.13593	0.178329	-0.164953	2	-0.0061505	3	4	0	0	0.815175	0.439794
chr20:5000000-5500000	chr20	5000000	0.27509	-0.0245709	0.123161	-0.404072	5	-1.1509	0.0562932	-0.3438	0.167074	-0.0554946	3	-0.0019758	4	6	0	0.75	0.79572	0.435753
chr20:5500000-6000000	chr20	5500000	-0.0351314	-0.416482	-0.0118461	-0.383138	5	-0.681803	0.0290299	0.600402	-0.0798377	0.0172542	5	0.0675976	5	3	0	0.75	0.776265	0.430734
chr20:6000000-6500000	chr20	6000000	0.255255	-0.0715419	0.386305	-0.419565	3	-0.0202857	-0.372281	-1.32557	0.00177959	-0.120341	3	0.0314907	3	5	0	0.75	0.756809	0.400763
chr20:6500000-7000000	chr20	6500000	0.0378505	-0.0891014	-0.0546644	-0.181448	1	-0.455061	-0.297028	-1.17549	-0.0578797	nan	1	nan	1	2	0	0.75	0.737354	0.388943
chr20:7000000-7500000	chr20	7000000	0.321206	-0.30136	0.343752	-0.108368	0	-0.990367	-0.354322	-1.24979	-0.0433532	nan	0	nan	0	0	0	0.75	0.717899	0.368007
chr20:7500000-8000000	chr20	7500000	0.117578	-0.228846	0.227632	-0.43448	1	-1.30938	-0.131929	-1.2854	-0.00511517	nan	0	nan	0	0	0	0.75	0.698444	0.370634
chr20:8000000-8500000	chr20	8000000	-0.0865685	-0.302786	0.116542	-0.198213	2	-0.401874	-0.452962	-0.909461	0.367254	-0.0793733	2	-0.202922	2	2	0	0.75	0.678988	0.375938
chr20:8500000-9000000	chr20	8500000	-0.120187	-0.0488241	-0.246939	-0.135328	0	-0.759675	-0.315658	-1.21532	-0.00804465	nan	0	nan	0	0	0	0.75	0.659533	0.387712
chr20:9000000-9500000	chr20	9000000	-0.353765	0.0612069	-0.258633	-0.0614647	1	-0.716242	-0.0470801	-1.38127	-0.0196961	nan	1	nan	1	1	0	0	0.640078	0.39374
chr20:9500000-10000000	chr20	9500000	0.752199	0.169497	0.61331	0.221018	2	-1.16121	-0.212206	-1.32482	-0.0011415	nan	0	nan	0	5	0	0	0.620623	0.390663
chr20:10000000-10500000	chr20	10000000	0.248917	-0.293293	0.246607	-0.308155	6	-0.970853	-0.0548851	-0.972481	0.0942895	0.221094	4	-0.0842596	4	4	0	0	0.601167	0.397478
chr20:10500000-11000000	chr20	10500000	-0.444753	-0.0509321	-0.300319	-0.175137	1	-0.160593	-0.176625	-1.2436	0.0983831	nan	1	nan	1	1	0	0	0.581712	0.409294
chr20:11000000-11500000	chr20	11000000	-0.55874	-0.142524	-0.419114	-0.173073	0	-0.529087	-0.355271	-1.0803	0.188383	nan	0	nan	0	0	0	0	0.562257	0.379587
chr20:11500000-12000000	chr20	11500000	0.646482	-0.0979044	0.542852	-0.0620258	1	-1.04727	-0.163317	-1.32914	-0.0183649	nan	1	nan	1	2	0	0	0.542802	0.388496
chr20:12000000-12500000	chr20	12000000	0.993705	0.373099	1.06828	0.215655	0	-1.18895	-0.311117	-1.37286	-0.025688	nan	0	nan	0	0	0	0.75	0.523346	0.387627
chr20:12500000-13000000	chr20	12500000	1.13181	0.2468	1.09709	0.248583	0	-0.991745	-0.298523	-1.37489	-0.0584626	nan	0	nan	0	0	0	0.75	0.503891	0.387687
chr20:13000000-13500000	chr20	13000000	0.957436	0.00928059	0.906448	-0.138873	2	-0.622236	-0.370465	-1.23689	-0.00256612	0.218933	2	nan	1	2	0	0.75	0.484436	0.400013
chr20:13500000-14000000	chr20	13500000	0.664495	-0.185586	0.527804	0.135165	5	-0.840365	-0.235687	-0.834619	0.0727465	-0.00475839	4	0.0411692	4	3	0	0.75	0.464981	0.394687
chr20:14000000-14500000	chr20	14000000	0.18505	0.139516	0.600579	-0.0622613	1	-0.50936	-0.189479	-1.27089	-0.0624144	nan	1	nan	1	0	0	0.75	0.445525	0.369857
chr20:14500000-15000000	chr20	14500000	-0.053828	-0.0802542	0.0659093	-0.12281	0	-0.483288	-0.257139	-1.29834	-0.0771077	nan	0	nan	0	0	0	0.75	0.42607	0.374852
chr20:15000000-15500000	chr20	15000000	0.0818574	-0.0640851	0.114547	0.0482543	0	-0.491672	-0.269966	-1.38569	0.000569124	nan	0	nan	0	0	0	0.75	0.406615	0.383332
chr20:15500000-16000000	chr20	15500000	0.279718	0.0159274	0.291339	-0.118789	0	-0.34084	-0.328457	-1.38291	-0.0199384	nan	0	nan	0	0	0	0.75	0.38716	0.390094
chr20:16000000-16500000	chr20	16000000	1.06275	-0.180894	0.832087	-0.0965822	0	-0.0389717	-0.633115	-1.27662	-0.0341262	nan	0	nan	0	0	0	0.75	0.367704	0.40606
chr20:16500000-17000000	chr20	16500000	0.883084	0.141128	0.793921	0.098364	3	-0.59437	-0.200675	-1.34436	-0.114718	-0.0901024	2	-0.0254736	2	3	0	0.75	0.348249	0.406218
chr20:17000000-17500000	chr20	17000000	1.10245	0.358773	0.981111	0.422651	1	-0.999862	-0.248641	-1.39862	-0.046943	nan	0	nan	1	4	0	0.75	0.328794	0.40557
chr20:17500000-18000000	chr20	17500000	-0.0327104	-0.0308182	-0.258549	-0.112321	6	0.309203	0.00177963	-0.168652	0.0535704	0.229431	5	0.114097	5	6	0	0.75	0.309339	0.468827
chr20:18000000-18500000	chr20	18000000	1.03575	-0.231811	0.942677	-0.382088	7	-0.693778	-0.04885	-0.567559	0.151888	0.0622398	6	0.0493136	6	6	0	0	0.289883	0.42441
chr20:18500000-19000000	chr20	18500000	1.175	0.0711918	1.18781	-0.215317	4	-0.746581	0.096512	-0.673045	0.207465	0.094818	3	0.181492	3	4	0	0	0.270428	0.42773
chr20:19000000-19500000	chr20	19000000	1.31251	0.0861052	1.19178	0.115419	1	-0.774527	-0.155456	-1.27202	-0.0121731	nan	1	nan	1	1	0	0	0.250973	0.42484
chr20:19500000-20000000	chr20	19500000	0.53161	-0.236046	0.275708	-0.0921225	1	0.148919	-0.183383	-1.10271	-0.0421181	nan	1	nan	1	2	0	0	0.231518	0.443179
chr20:20000000-20500000	chr20	20000000	1.13614	0.0388318	1.01992	0.00854562	4	-0.710459	0.0848852	-0.0928153	0.223733	0.0556168	3	0.0488867	3	5	0	0	0.212062	0.420637
chr20:20500000-21000000	chr20	20500000	1.46406	-0.0951115	1.26963	-0.168062	1	-0.78105	0.114772	-0.553096	-0.02534	nan	1	nan	1	1	0	0	0.192607	0.417034
chr20:21000000-21500000	chr20	21000000	0.494107	0.0298526	0.294078	0.221428	4	-0.518683	0.143507	-0.440254	0.0145343	-0.101063	2	-0.03206	2	8	0	0	0.173152	0.41062
chr20:21500000-22000000	chr20	21500000	1.29221	0.25062	1.15984	0.0465833	2	-1.13589	-0.0330308	-1.3547	-0.0333794	nan	1	nan	0	12	0	0.25	0.153696	0.417411
chr20:22000000-22500000	chr20	22000000	1.1743	0.252848	1.02887	0.11695	0	-0.991411	-0.0139488	-1.3423	-0.0263552	nan	0	nan	0	0	0	0.25	0.134241	0.397647
chr20:22500000-23000000	chr20	22500000	0.592714	0.0865333	0.552609	-0.0380816	1	0.227814	-0.0132056	-1.21173	-0.0733526	nan	0	nan	0	6	0	0	0.114786	0.427647
chr20:23000000-23500000	chr20	23000000	0.815854	-0.177845	0.489999	-0.184167	9	0.58569	-0.123026	-0.60886	-0.0831746	0.0305995	7	0.137788	5	8	0	0	0.0953307	0.456728
chr20:23500000-24000000	chr20	23500000	1.38867	0.0793678	1.07363	-0.0146146	8	0.0011504	-0.236875	-1.12172	-0.0510224	0.201037	2	nan	1	2	0	0	0.0758755	0.444372
chr20:24000000-24500000	chr20	24000000	1.06902	0.207714	0.777324	-0.084397	1	0.372475	-0.284752	-1.21654	0.0345941	nan	1	nan	1	1	0	0	0.0564202	0.430736
chr20:24500000-25000000	chr20	24500000	0.979134	0.0633172	0.635099	0.091323	2	0.0743455	-0.258737	-1.00154	-0.0587218	nan	1	nan	1	2	0	0	0.036965	0.473008
chr20:25000000-25500000	chr20	25000000	0.435698	-0.0825792	0.233909	0.0464548	6	0.270756	-0.301377	-0.460322	0.0408067	0.0317523	5	0.00938075	5	10	0	0	0.0175097	0.473966
chr20:25500000-26000000	chr20	25500000	0.81919	-0.085931	0.713516	0.144745	3	-0.309071	-0.00247485	-0.870078	-0.0750632	8.24229e-05	3	0.0208522	3	4	0	nan	0	0.433505
chr20:26000000-26500000	chr20	26000000	0.822109	-0.085507	0.666139	0.18326	0	-0.979243	-0.246336	-1.29882	0.0628596	nan	0	nan	0	2	0.103302	nan	0	0.393869
chr20:26500000-27000000	chr20	26500000	nan	nan	nan	nan	0	nan	nan	nan	nan	nan	0	nan	0	0	0.011376	nan	0	0.394089
chr20:27000000-27500000	chr20	27000000	nan	nan	nan	nan	0	nan	nan	nan	nan	nan	0	nan	0	0	0	nan	0	0.392577
chr20:27500000-28000000	chr20	27500000	nan	nan	nan	nan	0	nan	nan	nan	nan	nan	0	nan	0	0	0	nan	0	0.39259
chr20:28000000-28500000	chr20	28000000	nan	nan	nan	nan	0	nan	nan	nan	nan	nan	0	nan	0	0	0.001484	nan	0	0.392191
chr20:28500000-29000000	chr20	28500000	nan	nan	nan	nan	0	-1.04584	0.155722	nan	nan	nan	0	nan	0	1	0.061188	nan	0	0.372226
chr20:29000000-29500000	chr20	29000000	nan	nan	nan	nan	0	-1.06633	0.109783	nan	nan	nan	0	nan	0	12	0.004286	nan	0	0.393094
chr20:29500000-30000000	chr20	29500000	1.15222	0.294499	1.20353	0.111211	0	-1.09153	0.0971382	nan	nan	nan	0	nan	0	7	0.004106	nan	0	0.396864
chr20:30000000-30500000	chr20	30000000	1.12785	-0.107018	0.966477	0.395472	0	-1.11299	0.0062994	-0.888227	-0.0273997	nan	0	nan	0	7	0.161898	nan	0	0.394076
chr20:30500000-31000000	chr20	30500000	1.27641	0.237726	1.16984	0.146322	0	-1.03414	0.0480355	nan	nan	nan	0	nan	0	17	0.1	0	0.0102808	0.417301
chr20:31000000-31500000	chr20	31000000	0.806971	0.381597	0.601152	0.27699	8	-1.01422	0.0937904	-1.2013	-0.0799905	nan	0	nan	0	2	0.205012	0	0.0249676	0.409974
chr20:31500000-32000000	chr20	31500000	-0.476507	0.084683	-1.0109	0.218363	12	0.557596	0.112845	-0.0518398	0.0447754	0.200995	10	0.514038	7	22	0	0	0.0396544	0.48281
chr20:32000000-32500000	chr20	32000000	-0.662376	-0.0654777	-1.03539	0.0888548	7	1.40024	-0.184344	1.01273	0.0113135	0.0729392	7	0.415394	6	9	0	0	0.0543412	0.470095
chr20:32500000-33000000	chr20	32500000	-0.262632	-0.272547	-0.468728	-0.304255	6	1.49241	-0.053885	1.04805	0.0334678	0.0226741	4	0.084882	4	5	0	0	0.069028	0.49966
chr20:33000000-33500000	chr20	33000000	0.0224029	-0.267729	-0.314398	-0.420971	12	1.52877	-0.110573	0.47305	-0.0689941	0.0723292	3	0.041925	3	3	0	0	0.0837148	0.480225
chr20:33500000-34000000	chr20	33500000	-0.784844	-0.075615	-1.08887	0.0197429	8	1.54737	-0.0919658	1.30746	0.00813596	0.174198	7	0.0473304	6	12	0	0.25	0.0984016	0.471462
chr20:34000000-34500000	chr20	34000000	-1.17834	0.131598	-1.36053	0.116964	4	1.36588	0.121248	1.28791	-0.0248489	0.163092	4	0.0895826	3	5	0	0.25	0.113088	0.445209
chr20:34500000-35000000	chr20	34500000	-1.15034	0.091328	-1.34821	0.0660636	9	1.47466	-0.0311426	1.32042	0.0321009	-0.0554055	9	0.119519	9	14	0	0.25	0.127775	0.448812
chr20:35000000-35500000	chr20	35000000	-1.17328	0.202189	-1.26409	0.0591416	10	1.39047	-0.0176777	1.25977	0.0360309	0.0518252	10	0.0253672	9	9	0	0.25	0.142462	0.458682
chr20:35500000-36000000	chr20	35500000	-1.2332	0.223276	-1.22266	-0.176177	11	1.45883	-0.0904712	1.30516	0.0502406	0.136309	9	0.213956	10	10	0	0.25	0.157149	0.454936
chr20:36000000-36500000	chr20	36000000	-0.553042	-0.149693	-1.00712	-0.0745668	3	1.48659	-0.0476549	1.19645	0.0569154	-0.265819	3	0.0153723	3	9	0	0	0.171836	0.493953
chr20:36500000-37000000	chr20	36500000	-0.643136	-0.105653	-1.07982	-0.0617906	9	1.57358	-0.123085	1.29359	-0.0357129	0.0523285	8	0.0370133	7	10	0	0	0.186522	0.480034
chr20:37000000-37500000	chr20	37000000	-0.551142	-0.291451	-1.01327	0.0068503	6	1.51428	-0.00692203	1.40672	-0.041433	-0.0157028	5	-0.0501159	5	7	0	0	0.201209	0.473596
chr20:37500000-38000000	chr20	37500000	-0.575015	-0.381961	-0.749019	-0.411074	4	1.46863	-0.144912	1.09401	-0.00557716	0.1046	4	0.0462152	4	8	0	0	0.215896	0.456839
chr20:38000000-38500000	chr20	38000000	-0.846307	0.00897541	-0.9378	-0.23825	8	1.50378	-0.191213	1.06533	-0.0716309	-0.415371	5	0.038875	5	6	0	0	0.230583	0.463897
chr20:38500000-39000000	chr20	38500000	0.0592826	-0.269048	-0.310469	-0.0933437	7	0.788001	0.0554779	0.724139	0.141464	-0.012512	5	0.136878	4	10	0	0	0.24527	0.459141
chr20:39000000-39500000	chr20	39000000	1.18648	0.152867	0.931026	0.0406519	0	-1.17514	0.145692	-0.201246	0.191412	nan	0	nan	0	1	0	0.75	0.259956	0.42834
chr20:39500000-40000000	chr20	39500000	0.76589	0.254387	0.767692	0.0933695	0	-1.38618	0.125687	-1.0004	0.141582	nan	0	nan	0	0	0	0.75	0.274643	0.397907
chr20:40000000-40500000	chr20	40000000	1.03614	0.107895	0.870924	0.171543	0	-0.924155	0.0619115	-1.07264	0.0513479	nan	0	nan	0	0	0	0.75	0.28933	0.397096
chr20:40500000-41000000	chr20	40500000	1.1898	0.0690741	0.743639	-0.0594739	1	-0.548887	-0.0215621	-0.867784	-0.0732398	nan	1	nan	1	4	0	0.75	0.304017	0.450438
chr20:41000000-41500000	chr20	41000000	-0.00762804	-0.0269918	-0.100115	-0.249726	5	-0.217629	0.220417	0.40123	0.159728	-0.190024	5	0.0169986	5	5	0	0.75	0.318704	0.440784
chr20:41500000-42000000	chr20	41500000	1.1048	-0.192971	0.621062	0.2237	1	-1.11769	0.0877222	-0.374635	0.0717051	nan	1	nan	1	3	0	0.75	0.33339	0.419571
chr20:42000000-42500000	chr20	42000000	1.42838	-0.0127209	0.966903	0.310434	0	-1.2433	0.112398	-1.04158	0.0248254	nan	0	nan	0	0	0	0.75	0.348077	0.423516
chr20:42500000-43000000	chr20	42500000	1.10198	0.321571	0.879455	0.295202	0	-1.20824	0.149565	-1.03747	0.00967284	nan	0	nan	0	0	0	0.75	0.362764	0.423608
chr20:43000000-43500000	chr20	43000000	1.00523	0.034252	0.771701	-0.140298	2	-1.12869	0.152582	-0.931394	-0.100704	0.0878172	2	nan	1	2	0	0	0.377451	0.444386
chr20:43500000-44000000	chr20	43500000	0.023167	-0.233666	-0.250411	-0.151376	6	-0.643672	0.255787	0.806836	-0.0393306	0.114372	4	0.0989411	4	7	0	0.25	0.392138	0.463996
chr20:44000000-44500000	chr20	44000000	-0.188833	0.0699685	-0.549554	-0.108469	7	0.204762	0.246607	0.696245	0.0421656	-0.20122	4	0.0324582	5	6	0	0.25	0.406824	0.470468
chr20:44500000-45000000	chr20	44500000	-0.558715	0.0666291	-0.570873	-0.0378988	10	1.00463	0.0720622	0.986376	0.044289	0.0146002	9	0.0812178	8	10	0	0.25	0.421511	0.458906
chr20:45000000-45500000	chr20	45000000	0.0171476	-0.10096	-0.127685	-0.223014	15	-0.188412	0.600802	0.787712	0.0251538	0.123094	9	0.005838	6	15	0	0.25	0.436198	0.434605
chr20:45500000-46000000	chr20	45500000	0.0503228	-0.0167229	-0.310431	-0.118416	24	0.135842	0.735047	0.446181	-0.0607549	0.107579	14	0.0346737	13	11	0	0.25	0.450885	0.453152
chr20:46000000-46500000	chr20	46000000	-0.152853	-0.284001	-0.502603	-0.173661	7	1.41002	0.0189881	1.12462	-0.0376031	0.0910777	6	0.110043	4	22	0	0.25	0.465572	0.484047
chr20:46500000-47000000	chr20	46500000	-0.273565	-0.347013	-0.691644	-0.247655	6	1.07216	0.113239	0.816534	-0.322728	0.0172889	5	0.000566361	5	5	0	0.25	0.480258	0.445655
chr20:47000000-47500000	chr20	47000000	-0.839315	0.00660748	-0.906101	-0.174578	1	1.38991	-0.0226864	0.986196	-0.325405	nan	1	nan	1	1	0	0.25	0.494945	0.461519
chr20:47500000-48000000	chr20	47500000	-0.715238	-0.0908759	-0.698094	-0.356484	2	1.39785	-0.207735	1.19575	-0.0211913	-0.415898	2	-0.129849	2	3	0	0.25	0.509632	0.469968
chr20:48000000-48500000	chr20	48000000	-0.408978	-0.370078	-0.636525	-0.442547	0	1.21565	-0.0229998	1.23969	0.0190682	nan	0	nan	0	2	0	0	0.524319	0.471813
chr20:48500000-49000000	chr20	48500000	-0.396468	-0.313804	-0.804683	-0.306966	2	1.55582	-0.126571	1.19773	-0.0275896	-0.0767355	2	-0.0340929	2	4	0	0	0.539006	0.484243
chr20:49000000-49500000	chr20	49000000	-0.718212	-0.230941	-0.990798	-0.422782	5	1.53201	0.00429315	1.37319	0.0259332	-0.0224536	5	0.00227863	4	6	0	0	0.553693	0.455461
chr20:49500000-50000000	chr20	49500000	-0.801859	-0.209725	-1.07851	-0.153865	6	1.49999	-0.042006	1.254	-0.0524868	-0.0930763	6	0.0411453	6	7	0	0	0.568379	0.466585
chr20:50000000-50500000	chr20	50000000	-0.87036	-0.0595111	-1.18172	0.0803761	3	1.5045	0.0419778	1.1083	0.0696903	0.121581	3	0.146632	2	5	0	0	0.583066	0.502611
chr20:50500000-51000000	chr20	50500000	-0.932349	0.0366782	-1.08274	-0.046861	7	1.42288	-0.0904623	0.853576	0.0484412	-0.0104593	7	0.116041	7	7	0	0	0.597753	0.474541
chr20:51000000-51500000	chr20	51000000	-0.545969	-0.0477968	-0.654276	-0.153404	1	1.03322	0.0150629	-0.484002	0.0167234	nan	1	nan	1	5	0	0.75	0.61244	0.467069
chr20:51500000-52000000	chr20	51500000	-0.402735	-0.115554	-0.78335	-0.138304	3	0.564585	0.227208	-0.708444	0.148747	0.0975055	3	-0.127252	3	5	0	0.75	0.627127	0.462658
chr20:52000000-52500000	chr20	52000000	0.0182025	-0.129252	-0.162306	-0.0968893	1	-0.650476	0.235873	-0.994968	0.0254523	nan	1	nan	1	4	0	0.75	0.641813	0.421461
chr20:52500000-53000000	chr20	52500000	0.567019	-0.0312662	0.358824	0.052534	1	-0.95632	0.345622	-1.20781	-0.0379278	nan	1	nan	1	1	0	0.75	0.6565	0.39942
chr20:53000000-53500000	chr20	53000000	1.03459	-0.108574	0.572371	0.143771	0	-0.759273	0.100027	-1.06432	0.187644	nan	0	nan	0	0	0	0.75	0.671187	0.422022
chr20:53500000-54000000	chr20	53500000	-0.678749	-0.0899193	-0.449623	-0.159885	1	0.0256355	0.231706	0.569591	-0.053936	nan	1	nan	1	3	0	0.75	0.685874	0.436549
chr20:54000000-54500000	chr20	54000000	0.279089	0.0470286	0.123798	0.059941	4	-1.25797	0.322397	-0.657868	0.054744	-0.0793409	3	0.00293368	2	3	0	0.75	0.700561	0.400322
chr20:54500000-55000000	chr20	54500000	0.709867	0.421279	0.751118	0.148754	0	-1.46385	0.101351	-1.29077	0.0866936	nan	0	nan	0	0	0	0.75	0.715247	0.390093
chr20:55000000-55500000	chr20	55000000	0.649605	0.409418	0.51427	0.6496	0	-1.47731	0.17489	-1.30431	-0.0169193	nan	0	nan	0	0	0	0.75	0.729934	0.373769
chr20:55500000-56000000	chr20	55500000	0.986891	0.315348	0.841223	0.417359	0	-1.49236	0.0738277	-1.21115	-0.0740616	nan	0	nan	0	0	0	0.75	0.744621	0.385726
chr20:56000000-56500000	chr20	56000000	0.90762	-0.0632469	0.525111	0.181375	7	-1.35628	0.299721	-1.1201	-0.0959294	-0.00123748	5	0.0621828	4	7	0	0.75	0.759308	0.42492
chr20:56500000-57000000	chr20	56500000	0.565079	-0.410614	0.251877	-0.303781	3	-0.413586	0.296123	-0.865194	0.151582	-0.111244	2	nan	0	2	0	0	0.773995	0.474422
chr20:57000000-57500000	chr20	57000000	0.414626	-0.168008	0.0897169	-0.177763	4	0.825856	0.108424	-0.598706	0.149491	-0.168725	3	0.0380295	3	8	0	0	0.788681	0.493421
chr20:57500000-58000000	chr20	57500000	0.347884	-0.227774	0.00052744	-0.0878697	4	0.484338	0.271836	-0.0830754	0.0588868	nan	1	nan	1	6	0	0	0.803368	0.492477
chr20:58000000-58500000	chr20	58000000	-0.0192062	-0.260481	-0.353244	-0.0526633	4	0.292882	0.390496	0.2397	0.192016	0.0886085	2	-0.0133091	2	9	0	0.5	0.818055	0.451276
chr20:58500000-59000000	chr20	58500000	0.184715	-0.240218	-0.18005	-0.0336512	6	0.418809	0.208796	0.219836	0.300247	0.0299847	5	0.0138831	5	12	0	0.5	0.832742	0.47462
chr20:59000000-59500000	chr20	59000000	0.627454	-0.116034	0.43162	-0.0991672	6	0.101506	-0.0734624	0.223827	0.256401	0.185279	5	0.027582	3	8	0	0.5	0.847429	0.455401
chr20:59500000-60000000	chr20	59500000	0.662478	0.0700664	0.428688	0.361969	5	-1.15732	0.226842	-0.544903	0.0432051	0.0979483	4	-0.175777	5	4	0	0	0.862115	0.443815
chr20:60000000-60500000	chr20	60000000	0.656917	0.139698	0.349079	0.13498	0	-0.439954	0.510764	-1.00706	0.0389882	nan	0	nan	0	1	0	0	0.876802	0.434503
chr20:60500000-61000000	chr20	60500000	0.793164	0.0871849	0.668006	-0.205817	0	-0.429719	0.165468	-1.14873	0.0406175	nan	0	nan	0	1	0	0	0.891489	0.4278
chr20:61000000-61500000	chr20	61000000	0.643758	-0.105406	0.237296	-0.0301182	1	-0.045758	0.267367	-1.02088	0.0288159	nan	1	nan	1	5	0	0	0.906176	0.478018
chr20:61500000-62000000	chr20	61500000	0.474048	-0.0702443	0.194681	0.0581732	0	0.42575	0.492562	-0.643575	0.100417	nan	0	nan	0	16	0	0	0.920863	0.533411
chr20:62000000-62500000	chr20	62000000	-0.304073	-0.168914	-0.586831	-0.00272772	13	1.4999	0.0467946	0.95801	0.131299	-0.073862	12	0.0186173	11	38	0	0	0.935549	0.566658
chr20:62500000-63000000	chr20	62500000	-0.728062	-0.0342266	-0.88914	0.0923039	9	1.67015	-0.0476683	1.11894	-0.0188137	-0.0626465	9	-0.0139462	7	37	0	0	0.950236	0.563784
chr20:63000000-63500000	chr20	63000000	-0.635987	-0.0819406	-0.832283	0.28148	9	1.44103	0.128881	1.29606	-0.0495044	-0.0455247	8	0.22801	6	58	0	0	0.964923	0.578941
chr20:63500000-64000000	chr20	63500000	-0.754632	-0.117974	-1.04798	0.266292	21	1.49438	-0.17754	1.22692	-0.0116912	-3.10915e-05	20	0.0535771	17	57	0	0	0.97961	0.567859
chr20:64000000-64500000	chr20	64000000	-0.55895	-0.324967	-0.697584	0.000324188	9	nan	nan	1.21007	0.00527936	0.0905751	7	-0.0289797	7	20	0.22	0	0.994297	0.532086
chr21:0-500000	chr21	0	nan	nan	nan	nan	0	nan	nan	nan	nan	nan	0	nan	0	0	1	nan	0.977064	nan
chr21:500000-1000000	chr21	500000	nan	nan	nan	nan	0	nan	nan	nan	nan	nan	0	nan	0	0	1	nan	0.931193	nan
chr21:1000000-1500000	chr21	1000000	nan	nan	nan	nan	0	nan	nan	nan	nan	nan	0	nan	0	0	1	nan	0.885321	nan
chr21:1500000-2000000	chr21	1500000	nan	nan	nan	nan	0	nan	nan	nan	nan	nan	0	nan	0	0	1	nan	0.83945	nan
chr21:2000000-2500000	chr21	2000000	nan	nan	nan	nan	0	nan	nan	nan	nan	nan	0	nan	0	0	1	nan	0.793578	nan
chr21:2500000-3000000	chr21	2500000	nan	nan	nan	nan	0	nan	nan	nan	nan	nan	0	nan	0	0	1	nan	0.747706	nan
chr21:3000000-3500000	chr21	3000000	nan	nan	nan	nan	0	nan	nan	nan	nan	nan	0	nan	0	0	1	nan	0.701835	nan
chr21:3500000-4000000	chr21	3500000	nan	nan	nan	nan	0	nan	nan	nan	nan	nan	0	nan	0	0	1	nan	0.655963	nan
chr21:4000000-4500000	chr21	4000000	nan	nan	nan	nan	0	nan	nan	nan	nan	nan	0	nan	0	0	1	nan	0.610092	nan
chr21:4500000-5000000	chr21	4500000	nan	nan	nan	nan	0	nan	nan	nan	nan	nan	0	nan	0	0	1	nan	0.56422	nan
chr21:5000000-5500000	chr21	5000000	nan	nan	nan	nan	3	nan	nan	nan	nan	nan	0	nan	0	9	0.32	nan	0.518349	0.452633
chr21:5500000-6000000	chr21	5500000	nan	nan	nan	nan	0	nan	nan	nan	nan	nan	0	nan	0	1	0.3	nan	0.472477	0.415924
chr21:6000000-6500000	chr21	6000000	nan	nan	nan	nan	4	nan	nan	nan	nan	nan	0	nan	0	16	0.2	nan	0.426606	0.486358
chr21:6500000-7000000	chr21	6500000	nan	nan	nan	nan	0	nan	nan	nan	nan	nan	0	nan	0	12	0.3	nan	0.380734	0.441026
chr21:7000000-7500000	chr21	7000000	nan	nan	nan	nan	0	nan	nan	nan	nan	nan	0	nan	0	0	0.2	nan	0.334862	0.400355
chr21:7500000-8000000	chr21	7500000	nan	nan	nan	nan	4	2.17664	-0.749317	0.159997	-0.385815	nan	0	nan	0	2	0.3	nan	0.288991	0.417178
chr21:8000000-8500000	chr21	8000000	nan	nan	nan	nan	0	nan	nan	nan	nan	nan	0	nan	0	23	0.25528	nan	0.243119	0.468264
chr21:8500000-9000000	chr21	8500000	nan	nan	nan	nan	0	nan	nan	nan	nan	nan	0	nan	0	5	0.34472	nan	0.197248	0.393404
chr21:9000000-9500000	chr21	9000000	nan	nan	nan	nan	0	nan	nan	-0.842366	0.193762	nan	0	nan	0	7	0.345714	nan	0.151376	0.417207
chr21:9500000-10000000	chr21	9500000	1.58501	-0.100301	1.2789	0.391707	0	1.2108	-0.322207	nan	nan	nan	0	nan	0	5	0.054286	nan	0.105505	0.409197
chr21:10000000-10500000	chr21	10000000	nan	nan	nan	nan	0	1.46151	-0.674791	nan	nan	nan	0	nan	0	2	0.3	nan	0.059633	0.393603
chr21:10500000-11000000	chr21	10500000	nan	nan	nan	nan	1	1.42163	-0.485338	-0.930069	-0.131978	nan	0	nan	0	3	0.1004	nan	0.0137615	0.385129
chr21:11000000-11500000	chr21	11000000	nan	nan	nan	nan	0	nan	nan	nan	nan	nan	0	nan	0	0	0.0012	nan	0	0.383422
chr21:11500000-12000000	chr21	11500000	nan	nan	nan	nan	0	nan	nan	nan	nan	nan	0	nan	0	0	0	nan	0	0.388429
chr21:12000000-12500000	chr21	12000000	nan	nan	nan	nan	0	nan	nan	nan	nan	nan	0	nan	0	0	0.0008	nan	0	0.38691
chr21:12500000-13000000	chr21	12500000	nan	nan	nan	nan	0	nan	nan	nan	nan	nan	0	nan	0	0	0.1	nan	0	0.385869
chr21:13000000-13500000	chr21	13000000	0.8266	0.0152764	0.82723	0.183037	0	-0.170816	0.0777559	-1.46145	0.100017	nan	0	nan	0	0	0	0	0.0074162	0.373158
chr21:13500000-14000000	chr21	13500000	0.723235	0.0936802	0.682856	0.196486	1	-0.0880645	0.191397	-1.0161	0.121404	nan	0	nan	0	12	0	0	0.0222486	0.408833
chr21:14000000-14500000	chr21	14000000	0.725682	0.137784	0.646064	0.529128	3	-0.637331	0.02251	-0.338422	-0.154638	-0.263154	2	-0.0749043	2	8	0	0	0.037081	0.380776
chr21:14500000-15000000	chr21	14500000	0.56987	-0.0211625	0.4735	0.258514	1	-0.55687	-0.0963197	0.464216	-0.272563	nan	0	nan	1	0	0	0	0.0519134	0.37023
chr21:15000000-15500000	chr21	15000000	0.140138	-0.0264328	0.369184	0.0627605	1	0.149571	0.167797	-1.23564	-0.0807871	nan	1	nan	1	1	0	1	0.0667458	0.380309
chr21:15500000-16000000	chr21	15500000	-0.0393609	-0.181729	0.227999	0.0154864	1	0.0117704	0.0646492	-1.1524	-0.056051	nan	1	nan	1	1	0	1	0.0815782	0.366129
chr21:16000000-16500000	chr21	16000000	0.302725	0.0962833	0.676193	0.305689	0	0.154632	-0.387248	-1.28419	-0.182867	nan	0	nan	0	0	0	1	0.0964106	0.35482
chr21:16500000-17000000	chr21	16500000	0.315646	0.152152	0.496356	0.406259	0	-0.340119	-0.0124898	-1.52194	-0.0388092	nan	0	nan	0	0	0	1	0.111243	0.35531
chr21:17000000-17500000	chr21	17000000	0.754201	0.0869834	0.625029	0.0968976	0	-0.503525	0.0614674	-1.54764	0.141871	nan	0	nan	0	0	0	1	0.126075	0.387986
chr21:17500000-18000000	chr21	17500000	0.458133	0.0542642	0.648134	-0.0343481	3	-0.538218	-0.0368173	-0.488245	-0.0361902	0.126583	3	-0.154028	3	4	0	1	0.140908	0.399993
chr21:18000000-18500000	chr21	18000000	0.472758	-0.00995256	0.49855	0.427478	2	-0.623229	-0.238292	-1.19434	0.0212899	nan	1	nan	1	1	0	1	0.15574	0.359949
chr21:18500000-19000000	chr21	18500000	0.309382	0.167775	0.404302	0.22652	0	-0.303995	-0.427296	-0.593676	0.021086	nan	0	nan	0	0	0	1	0.170573	0.352863
chr21:19000000-19500000	chr21	19000000	0.124401	0.273445	0.324487	0.365927	0	-0.484068	-0.419069	0.381877	-0.0613722	nan	0	nan	0	0	0	1	0.185405	0.348949
chr21:19500000-20000000	chr21	19500000	0.39253	0.0974538	0.600674	0.461401	0	-0.769783	-0.241348	-1.09862	-0.197801	nan	0	nan	0	0	0	1	0.200237	0.346023
chr21:20000000-20500000	chr21	20000000	0.299826	-0.017359	0.405509	0.294326	0	-0.71347	-0.155394	-1.47534	-0.191754	nan	0	nan	0	0	0	1	0.21507	0.350048
chr21:20500000-21000000	chr21	20500000	0.31787	0.0231276	0.477403	0.34675	1	-0.582101	-0.113548	-1.62149	-0.0764137	nan	1	nan	1	1	0	1	0.229902	0.356256
chr21:21000000-21500000	chr21	21000000	0.122712	0.0785167	0.292814	0.234268	0	-0.685017	-0.194069	-1.68723	-0.151309	nan	0	nan	0	0	0	1	0.244735	0.344464
chr21:21500000-22000000	chr21	21500000	0.204327	-0.202115	0.17812	0.365185	0	-1.06966	-0.0252803	-1.79017	-0.173013	nan	0	nan	0	0	0	1	0.259567	0.350131
chr21:22000000-22500000	chr21	22000000	0.354724	0.0841848	0.501792	0.264107	0	-1.11485	-0.0116292	-1.74405	0.0330042	nan	0	nan	0	0	0	1	0.274399	0.347318
chr21:22500000-23000000	chr21	22500000	0.160948	0.339962	0.281912	0.480177	0	-1.03757	-0.0849514	-1.82568	-0.115277	nan	0	nan	0	0	0	0	0.289232	0.350499
chr21:23000000-23500000	chr21	23000000	0.146508	0.151991	0.417736	0.350148	0	-1.05532	-0.021467	-2.03154	0.0283578	nan	0	nan	0	0	0	0	0.304064	0.341769
chr21:23500000-24000000	chr21	23500000	0.496727	-0.18149	0.370495	0.336793	0	-0.999665	-0.14408	-2.08158	0.0992932	nan	0	nan	0	0	0	0	0.318897	0.361425
chr21:24000000-24500000	chr21	24000000	0.379823	-0.0558228	0.410927	0.43615	0	-1.10902	-0.0785553	-2.07712	-0.00328817	nan	0	nan	0	0	0	0	0.333729	0.347946
chr21:24500000-25000000	chr21	24500000	0.552471	0.0528578	0.558037	0.425966	0	-1.06903	-0.0712232	-1.85271	-0.0786986	nan	0	nan	0	0	0	0	0.348561	0.353453
chr21:25000000-25500000	chr21	25000000	0.329068	0.109298	0.496986	0.0263758	0	-0.921753	-0.164555	-0.712307	-0.324372	nan	0	nan	0	1	0	0	0.363394	0.367064
chr21:25500000-26000000	chr21	25500000	0.0321549	-0.201642	0.137831	-0.206486	4	-0.75401	0.0553819	-1.19729	-0.174941	-0.0070826	4	-0.0689754	4	4	0	0.75	0.378226	0.396986
chr21:26000000-26500000	chr21	26000000	-0.259544	-0.00392116	-0.00642498	0.0344178	1	-0.872394	0.146921	-2.06672	-0.115219	nan	1	nan	1	1	0	0.75	0.393059	0.392533
chr21:26500000-27000000	chr21	26500000	-0.421214	-0.0757281	-0.220614	-0.201516	3	-0.824417	0.00693579	-2.03029	-0.111745	-0.083869	3	0.208747	3	4	0	0.75	0.407891	0.378237
chr21:27000000-27500000	chr21	27000000	-0.953552	-0.0974862	-0.709371	0.0301555	0	-1.00822	0.21085	-1.99838	-0.102078	nan	0	nan	0	1	0	0.75	0.422723	0.363395
chr21:27500000-28000000	chr21	27500000	-0.720478	-0.25892	-0.779753	0.17072	0	-0.981096	-0.00326099	-1.8931	-0.139429	nan	0	nan	0	0	0	0.75	0.437556	0.360962
chr21:28000000-28500000	chr21	28000000	-0.805792	-0.00919899	-0.621639	-0.0573396	0	-0.726419	0.102385	-1.90178	-0.247455	nan	0	nan	0	0	0	0.75	0.452388	0.36413
chr21:28500000-29000000	chr21	28500000	-0.391149	-0.166591	-0.392736	-0.0738805	2	-0.581496	-0.0113738	-1.10605	-0.169371	nan	1	nan	1	2	0	0.75	0.467221	0.384959
chr21:29000000-29500000	chr21	29000000	-0.360734	-0.140517	-0.186032	-0.16751	5	-1.06221	0.186665	-1.07875	-0.100391	0.0927775	5	0.55716	5	5	0	0.75	0.482053	0.401876
chr21:29500000-30000000	chr21	29500000	0.704462	-0.0853675	0.671687	0.167453	1	-1.09082	0.0251815	-1.8781	-0.146982	nan	1	nan	0	1	0	0.75	0.496885	0.381442
chr21:30000000-30500000	chr21	30000000	0.627383	0.309375	0.750839	0.184335	16	-1.1183	0.00952041	-1.63612	-0.182295	nan	0	nan	0	0	0	0	0.511718	0.367584
chr21:30500000-31000000	chr21	30500000	0.588138	0.275915	0.778973	0.0909452	18	-1.10728	0.0566599	-1.66173	0.0169124	nan	0	nan	0	0	0	0	0.52655	0.372559
chr21:31000000-31500000	chr21	31000000	0.545174	-0.479686	0.364508	-0.480106	2	-0.93279	0.0297864	-1.65562	-0.0596969	nan	1	nan	1	2	0	0	0.541383	0.428679
chr21:31500000-32000000	chr21	31500000	0.225	-0.0721695	0.279026	-0.436014	3	-0.415371	-0.0528081	-0.799473	-0.0747711	-0.177081	3	0.0396995	3	4	0	0	0.556215	0.440942
chr21:32000000-32500000	chr21	32000000	0.481977	-0.358483	0.165069	0.0144969	4	-0.281755	-0.0643032	-0.765776	0.137343	-0.00497738	3	0.103474	3	4	0	0	0.571047	0.445897
chr21:32500000-33000000	chr21	32500000	-0.0478464	-0.522319	-0.248414	-0.118677	5	0.166245	0.161094	-0.0803603	-0.00630984	-0.0870356	4	-0.010868	4	5	0	0	0.58588	0.423434
chr21:33000000-33500000	chr21	33000000	-0.33292	-0.294447	-0.528368	-0.242438	8	0.642134	-0.033589	0.608196	-0.272315	-0.0591459	6	-0.0536224	6	10	0	0	0.600712	0.452079
chr21:33500000-34000000	chr21	33500000	-1.07906	-0.0133872	-1.19857	-0.0707954	6	1.04853	0.264759	0.608588	-0.311603	0.00818974	6	-0.0169506	6	5	0	0	0.615545	0.423769
chr21:34000000-34500000	chr21	34000000	-0.672068	-0.146212	-0.909296	0.0250131	6	0.934187	0.0849625	0.159997	-0.385815	0.487494	3	0.0542221	3	4	0	0	0.630377	0.434786
chr21:34500000-35000000	chr21	34500000	-0.96442	-0.186865	-0.976196	-0.00779436	3	1.33465	0.116677	-0.346921	-0.461728	0.136161	2	-0.153114	2	5	0	0.5	0.645209	0.442272
chr21:35000000-35500000	chr21	35000000	-1.05704	0.0672961	-1.24459	-0.0905449	1	0.561536	0.4269	-1.52796	-0.300971	nan	1	nan	1	1	0	0.5	0.660042	0.409361
chr21:35500000-36000000	chr21	35500000	-0.758761	-0.11255	-0.883406	-0.457724	0	0.486412	0.402097	-0.631511	-0.482335	nan	0	nan	0	1	0	0.5	0.674874	0.415228
chr21:36000000-36500000	chr21	36000000	-1.04034	0.128088	-1.07703	-0.00377468	7	1.3831	0.147232	0.748194	-0.263067	-0.224509	7	0.195101	5	8	0	0.5	0.689707	0.457605
chr21:36500000-37000000	chr21	36500000	-0.76415	-0.0794294	-1.16302	-0.0222153	2	0.837675	0.201445	0.104304	-0.501235	-0.552993	2	nan	1	8	0	0	0.704539	0.457144
chr21:37000000-37500000	chr21	37000000	-1.20456	-0.122864	-1.21504	-0.0287288	5	0.618803	0.351944	0.261757	-0.326592	0.0537474	4	0.00259166	4	6	0	0	0.719371	0.414188
chr21:37500000-38000000	chr21	37500000	-0.653461	-0.263082	-1.09455	-0.224621	1	-0.107577	0.365632	-1.15526	-0.371159	nan	1	nan	0	4	0	0	0.734204	0.433091
chr21:38000000-38500000	chr21	38000000	-0.948098	-0.0601957	-1.23244	-0.0601371	2	-0.339382	0.178635	-0.784304	-0.255546	nan	1	nan	1	0	0	0	0.749036	0.414918
chr21:38500000-39000000	chr21	38500000	-0.984641	-0.00435236	-1.21398	-0.0164057	1	0.250664	0.149018	-1.00105	-0.0196238	nan	1	nan	1	3	0	0.5	0.763869	0.435
chr21:39000000-39500000	chr21	39000000	-0.92222	-0.0652428	-0.957942	-0.179511	6	0.278356	0.232354	-0.712248	-0.0589779	-0.0150289	6	0.0484369	5	7	0	0.5	0.778701	0.428925
chr21:39500000-40000000	chr21	39500000	0.353275	-0.0751085	-0.0887631	0.274435	3	-0.849784	0.1737	-1.53083	-0.0975963	-0.127999	2	0.00174324	3	1	0	0.5	0.793533	0.432971
chr21:40000000-40500000	chr21	40000000	0.507674	0.0517473	-0.0107157	0.330643	0	-0.899126	-0.102552	-1.36513	0.134386	nan	0	nan	0	2	0	0.5	0.808366	0.412158
chr21:40500000-41000000	chr21	40500000	0.414885	0.263091	0.268591	-0.0996063	1	-0.913625	0.106273	-1.42744	0.0265332	nan	1	nan	1	2	0	0.5	0.823198	0.411449
chr21:41000000-41500000	chr21	41000000	0.356136	-0.217545	-0.0769336	0.0462383	4	-0.682472	0.0762799	-0.839178	0.467338	-0.0922908	2	-0.0428287	2	6	0	0	0.838031	0.454206
chr21:41500000-42000000	chr21	41500000	0.0252193	-0.532454	-0.801916	0.212341	4	0.203596	0.469045	0.28439	-0.12466	-0.0203082	3	0.0358634	3	17	0.0002	0	0.852863	0.490411
chr21:42000000-42500000	chr21	42000000	-0.315246	-0.374674	-0.804855	0.200481	9	0.86238	0.356832	0.721912	0.0496959	-0.319461	3	0.0975453	2	7	0	0	0.867695	0.494354
chr21:42500000-43000000	chr21	42500000	-0.518609	-0.262036	-0.897281	-0.0687068	6	1.45648	0.0488841	0.85043	0.00603348	0.020224	5	0.0219589	6	14	0	0	0.882528	0.49345
chr21:43000000-43500000	chr21	43000000	-0.580435	-0.120505	-0.832847	0.0316116	4	1.52562	-0.246472	nan	nan	0.055727	3	1.13341	3	23	0.1	0	0.89736	0.52956
chr21:43500000-44000000	chr21	43500000	-0.810048	0.000447015	-1.13491	-0.0238756	7	1.66791	0.00501899	1.12398	0.0782356	0.0171187	7	0.122711	6	17	0	0	0.912193	0.498348
chr21:44000000-44500000	chr21	44000000	-0.522883	-0.139293	-0.823653	0.0144332	10	1.81421	0.00365995	1.19275	0.0215597	-0.0937417	8	0.133051	4	29	0	0	0.927025	0.542105
chr21:44500000-45000000	chr21	44500000	-0.648816	-0.250465	-0.989886	0.146496	22	1.78647	0.184844	1.11827	0.207247	0.207297	6	0.185906	4	21	0	0	0.941857	0.516841
chr21:45000000-45500000	chr21	45000000	-0.785403	-0.109081	-1.11819	0.118813	3	1.83856	0.0627413	1.28864	-0.0708383	-0.234986	3	0.0548809	3	33	0	0	0.95669	0.521915
chr21:45500000-46000000	chr21	45500000	-0.745543	-0.322842	-1.09801	0.170863	3	1.6314	-0.0665132	0.680145	-0.0750533	0.00410575	3	-0.0449882	3	24	0	0	0.971522	0.499997
chr21:46000000-46500000	chr21	46000000	-0.616267	-0.296354	-1.0149	0.101773	10	1.52347	-0.062547	0.931629	-0.155704	0.114515	9	0.0762804	9	36	0	0	0.986355	0.517472
chr21:46500000-47000000	chr21	46500000	-0.797294	0.309072	-0.9995	0.00812864	2	nan	nan	nan	nan	nan	1	nan	1	5	0.02	nan	1.00119	0.443163
chr22:0-500000	chr22	0	nan	nan	nan	nan	0	nan	nan	nan	nan	nan	0	nan	0	0	1	nan	0.981752	nan
chr22:500000-1000000	chr22	500000	nan	nan	nan	nan	0	nan	nan	nan	nan	nan	0	nan	0	0	1	nan	0.945255	nan
chr22:1000000-1500000	chr22	1000000	nan	nan	nan	nan	0	nan	nan	nan	nan	nan	0	nan	0	0	1	nan	0.908759	nan
chr22:1500000-2000000	chr22	1500000	nan	nan	nan	nan	0	nan	nan	nan	nan	nan	0	nan	0	0	1	nan	0.872263	nan
chr22:2000000-2500000	chr22	2000000	nan	nan	nan	nan	0	nan	nan	nan	nan	nan	0	nan	0	0	1	nan	0.835766	nan
chr22:2500000-3000000	chr22	2500000	nan	nan	nan	nan	0	nan	nan	nan	nan	nan	0	nan	0	0	1	nan	0.79927	nan
chr22:3000000-3500000	chr22	3000000	nan	nan	nan	nan	0	nan	nan	nan	nan	nan	0	nan	0	0	1	nan	0.762774	nan
chr22:3500000-4000000	chr22	3500000	nan	nan	nan	nan	0	nan	nan	nan	nan	nan	0	nan	0	0	1	nan	0.726277	nan
chr22:4000000-4500000	chr22	4000000	nan	nan	nan	nan	0	nan	nan	nan	nan	nan	0	nan	0	0	1	nan	0.689781	nan
chr22:4500000-5000000	chr22	4500000	nan	nan	nan	nan	0	nan	nan	nan	nan	nan	0	nan	0	0	1	nan	0.653285	nan
chr22:5000000-5500000	chr22	5000000	nan	nan	nan	nan	0	nan	nan	nan	nan	nan	0	nan	0	0	1	nan	0.616788	nan
chr22:5500000-6000000	chr22	5500000	nan	nan	nan	nan	0	nan	nan	nan	nan	nan	0	nan	0	0	1	nan	0.580292	nan
chr22:6000000-6500000	chr22	6000000	nan	nan	nan	nan	0	nan	nan	nan	nan	nan	0	nan	0	0	1	nan	0.543796	nan
chr22:6500000-7000000	chr22	6500000	nan	nan	nan	nan	0	nan	nan	nan	nan	nan	0	nan	0	0	1	nan	0.507299	nan
chr22:7000000-7500000	chr22	7000000	nan	nan	nan	nan	0	nan	nan	nan	nan	nan	0	nan	0	0	1	nan	0.470803	nan
chr22:7500000-8000000	chr22	7500000	nan	nan	nan	nan	0	nan	nan	nan	nan	nan	0	nan	0	0	1	nan	0.434307	nan
chr22:8000000-8500000	chr22	8000000	nan	nan	nan	nan	0	nan	nan	nan	nan	nan	0	nan	0	0	1	nan	0.39781	nan
chr22:8500000-9000000	chr22	8500000	nan	nan	nan	nan	0	nan	nan	nan	nan	nan	0	nan	0	0	1	nan	0.361314	nan
chr22:9000000-9500000	chr22	9000000	nan	nan	nan	nan	0	nan	nan	nan	nan	nan	0	nan	0	0	1	nan	0.324818	nan
chr22:9500000-10000000	chr22	9500000	nan	nan	nan	nan	0	nan	nan	nan	nan	nan	0	nan	0	0	1	nan	0.288321	nan
chr22:10000000-10500000	chr22	10000000	nan	nan	nan	nan	0	nan	nan	nan	nan	nan	0	nan	0	0	1	nan	0.251825	nan
chr22:10500000-11000000	chr22	10500000	nan	nan	nan	nan	0	-0.924459	-0.328637	nan	nan	nan	0	nan	0	5	0.286552	nan	0.215328	0.386078
chr22:11000000-11500000	chr22	11000000	nan	nan	nan	nan	0	-1.12065	-0.161394	nan	nan	nan	0	nan	0	5	0.338774	nan	0.178832	0.413232
chr22:11500000-12000000	chr22	11500000	nan	nan	nan	nan	0	-1.15922	-0.07357	nan	nan	nan	0	nan	0	8	0.339564	nan	0.142336	0.425414
chr22:12000000-12500000	chr22	12000000	nan	nan	nan	nan	0	nan	nan	nan	nan	nan	0	nan	0	2	0.25511	nan	0.105839	0.390419
chr22:12500000-13000000	chr22	12500000	nan	nan	nan	nan	0	nan	nan	nan	nan	nan	0	nan	0	3	0.415912	nan	0.0693431	0.382337
chr22:13000000-13500000	chr22	13000000	nan	nan	nan	nan	0	nan	nan	nan	nan	nan	0	nan	0	0	0.006754	nan	0.0328467	0.378279
chr22:13500000-14000000	chr22	13500000	nan	nan	nan	nan	0	nan	nan	nan	nan	nan	0	nan	0	0	0	nan	0	0.388535
chr22:14000000-14500000	chr22	14000000	nan	nan	nan	nan	0	nan	nan	nan	nan	nan	0	nan	0	0	0.0008	nan	0	0.388039
chr22:14500000-15000000	chr22	14500000	nan	nan	nan	nan	0	nan	nan	nan	nan	nan	0	nan	0	0	0	nan	0	0.386297
chr22:15000000-15500000	chr22	15000000	1.11944	-0.147969	0.840621	-0.102427	0	nan	nan	nan	nan	nan	0	nan	0	0	0.2	nan	0	0.396946
chr22:15500000-16000000	chr22	15500000	1.27415	0.300644	0.985359	0.305481	2	nan	nan	nan	nan	nan	0	nan	0	11	0	nan	0	0.413626
chr22:16000000-16500000	chr22	16000000	0.811151	0.0112276	0.975267	0.14282	0	-1.02533	-0.106728	nan	nan	nan	0	nan	0	1	0.050906	nan	0	0.383528
chr22:16500000-17000000	chr22	16500000	0.848225	0.0798317	0.744685	0.308961	2	-0.789313	-0.136491	-1.4323	0.0704175	nan	0	nan	0	4	0	nan	0	0.410465
chr22:17000000-17500000	chr22	17000000	0.467584	-0.352216	0.0407906	-0.166502	6	-0.953584	-0.213146	-0.863531	-0.013642	0.00860164	5	0.0677471	5	11	0	nan	0	0.466531
chr22:17500000-18000000	chr22	17500000	-0.514157	-0.263777	-0.666971	-0.147582	4	-1.00139	-0.193442	0.0207805	-0.012879	0.0737445	4	0.0589863	4	8	0	0	0.0104733	0.479925
chr22:18000000-18500000	chr22	18000000	nan	nan	nan	nan	4	-1.183	-0.105646	nan	nan	-0.1077	4	0.020242	3	11	0.3	0	0.025435	0.454193
chr22:18500000-19000000	chr22	18500000	nan	nan	nan	nan	6	nan	nan	-0.0240121	-0.102693	0.200751	5	0.0369994	4	14	0.1	0	0.0403968	0.497482
chr22:19000000-19500000	chr22	19000000	-0.714289	0.0140924	-0.994036	-0.0256216	12	-1.26609	-0.105427	0.245437	-0.357604	-0.0766553	9	0.0939373	9	13	0	0	0.0553586	0.477562
chr22:19500000-20000000	chr22	19500000	-0.612648	-0.144237	-1.28276	0.401677	8	-1.2387	-0.119119	-0.0787769	-0.0779531	0.15282	8	0.578502	5	20	0	0	0.0703204	0.528052
chr22:20000000-20500000	chr22	20000000	-0.622554	-0.166129	-1.11864	0.271898	12	-1.33051	-0.0175204	0.543989	0.0389839	-0.0449918	12	0.0765193	11	22	0	0	0.0852822	0.546445
chr22:20500000-21000000	chr22	20500000	-0.796972	-0.190144	-1.04158	0.0153916	7	-1.3597	0.10637	0.824583	-0.156567	0.00289507	7	0.0879464	6	13	0	0	0.100244	0.495356
chr22:21000000-21500000	chr22	21000000	nan	nan	nan	nan	8	-1.46412	0.210962	0.459365	0.0829557	-0.051349	6	0.0169712	4	17	0	0	0.115206	0.496678
chr22:21500000-22000000	chr22	21500000	-0.7543	-0.0716124	-1.0669	0.0107846	10	-1.34686	-0.104562	1.22371	-0.0175675	-0.0223694	9	0.0514752	8	16	0	0.25	0.130168	0.497766
chr22:22000000-22500000	chr22	22000000	0.0062723	-0.0902755	-0.170895	-0.193327	1	-1.27611	-0.0979969	1.06569	-0.00818305	nan	0	nan	0	3	0	0.25	0.145129	0.443575
chr22:22500000-23000000	chr22	22500000	0.332	-0.129713	0.0337526	-0.0470548	5	-1.35501	0.0818719	1.07925	-0.0796203	0.0798121	2	nan	1	3	0	0.25	0.160091	0.46531
chr22:23000000-23500000	chr22	23000000	0.0597772	-0.262978	-0.326838	-0.0614605	4	-1.28274	0.0043331	0.20094	-0.129802	-0.0538579	3	0.0599702	4	9	0	0	0.175053	0.509032
chr22:23500000-24000000	chr22	23500000	-0.154117	-0.39876	-0.463954	-0.210863	15	-1.1436	-0.0142609	0.966135	-0.123085	0.203854	12	-0.0144178	10	16	0	0	0.190015	0.505487
chr22:24000000-24500000	chr22	24000000	-0.512204	-0.3649	-0.800824	-0.0913413	7	-1.23492	-0.00493345	0.778352	-0.151927	0.127865	7	-0.110905	6	8	0	0	0.204976	0.485807
chr22:24500000-25000000	chr22	24500000	-0.446233	0.134311	-0.321838	-0.475602	8	-1.11609	-0.00843016	-1.18317	-0.195342	0.0275716	5	-0.00121363	5	7	0	0	0.219938	0.479052
chr22:25000000-25500000	chr22	25000000	0.173511	-0.0429803	-0.0208162	-0.450884	2	-1.04802	0.0602313	-0.873055	-0.232432	nan	1	3.18548	2	6	0	0	0.2349	0.481332
chr22:25500000-26000000	chr22	25500000	0.0475247	-0.00458753	-0.248652	-0.184256	2	-1.074	0.027332	-1.11598	-0.109136	0.108337	2	-0.0775646	2	1	0	0.5	0.249862	0.441568
chr22:26000000-26500000	chr22	26000000	0.0723845	-0.105149	-0.112545	-0.257161	4	-1.12027	0.0321492	-0.794203	-0.193203	-0.0529629	3	-0.0730163	3	5	0	0.5	0.264824	0.444612
chr22:26500000-27000000	chr22	26500000	-0.72101	-0.139563	-0.970939	-0.334146	5	-0.763694	-0.135523	-1.19184	-0.147415	-0.0694295	2	1.87701	5	5	0	0.5	0.279785	0.464212
chr22:27000000-27500000	chr22	27000000	-0.79424	-0.0869607	-1.0205	-0.308242	0	-0.936447	0.215328	-1.43837	-0.0597197	nan	0	nan	0	1	0	0.5	0.294747	0.460992
chr22:27500000-28000000	chr22	27500000	-0.780749	-0.160067	-1.1539	-0.0521414	2	-0.779874	0.317839	-1.16367	-0.0690894	-0.138734	2	-0.189551	2	5	0	0.5	0.309709	0.4786
chr22:28000000-28500000	chr22	28000000	-1.03216	-0.0836496	-1.12209	0.0425804	0	-0.556714	-0.151999	-1.33606	-0.0993274	nan	0	nan	0	0	0	0.5	0.324671	0.397473
chr22:28500000-29000000	chr22	28500000	-0.96239	0.0206867	-1.17759	0.0172129	6	-0.675007	0.274799	-0.469345	-0.0647505	0.115752	6	0.0053687	6	5	0	0.5	0.339633	0.427879
chr22:29000000-29500000	chr22	29000000	-0.814464	-0.0655309	-1.14096	0.151337	10	-0.395599	0.150273	0.56627	-0.101832	-0.145015	8	0.304068	8	14	0	0	0.354594	0.485034
chr22:29500000-30000000	chr22	29500000	-1.01505	0.0433994	-1.21529	-0.0387193	8	-0.405672	0.0494771	0.933597	-0.112683	-0.0367979	8	0.0576401	7	8	0	0	0.369556	0.469821
chr22:30000000-30500000	chr22	30000000	-1.04366	-0.150187	-1.3108	0.134407	11	-0.352563	0.0668785	0.697576	-0.221111	-0.0381123	8	0.152707	7	10	0	0	0.384518	0.473646
chr22:30500000-31000000	chr22	30500000	-0.831947	-0.0387672	-1.14384	0.0765995	10	-0.224147	-0.0579106	0.637737	-0.0728593	-0.138377	8	0.0372312	9	14	0	0	0.39948	0.487991
chr22:31000000-31500000	chr22	31000000	-0.893748	-0.0325418	-0.947561	-0.140941	11	-0.114961	0.0116438	1.023	-0.0983194	-0.0112996	10	0.0227121	11	13	0	0	0.414441	0.473024
chr22:31500000-32000000	chr22	31500000	-0.584733	-0.192966	-0.7805	-0.23046	4	-0.179824	0.124221	0.0767432	-0.310745	-0.127821	4	0.108835	4	6	0	0	0.429403	0.466283
chr22:32000000-32500000	chr22	32000000	0.09673	-0.12852	-0.0676645	-0.115795	8	-0.264606	0.437891	-1.10346	-0.105458	-0.108761	3	-0.0439194	3	4	0	0.5	0.444365	0.445006
chr22:32500000-33000000	chr22	32500000	0.053031	-0.224255	-0.196378	-0.4971	1	0.185598	0.0674633	-1.39685	-0.0676254	nan	1	nan	1	1	0	0.5	0.459327	0.459163
chr22:33000000-33500000	chr22	33000000	0.170356	0.0185843	0.0204576	-0.020533	1	0.235672	0.0584819	-0.956362	-0.00367673	nan	1	nan	0	1	0	0.5	0.474289	0.433461
chr22:33500000-34000000	chr22	33500000	0.229254	0.129835	0.0686314	-0.233479	1	0.366335	-0.145093	-1.424	-0.0374331	nan	1	nan	1	2	0	0.5	0.48925	0.441121
chr22:34000000-34500000	chr22	34000000	0.498667	0.297695	0.178497	0.119781	0	0.176221	0.222534	-1.40312	-0.0195921	nan	0	nan	0	0	0	0.5	0.504212	0.406424
chr22:34500000-35000000	chr22	34500000	0.358223	0.248262	0.150345	-0.0557222	0	0.106876	0.447365	-1.42296	-0.0465276	nan	0	nan	0	0	0	0.5	0.519174	0.416782
chr22:35000000-35500000	chr22	35000000	-0.0603909	-0.141775	-0.54231	0.0392571	5	0.85319	-0.0773321	-0.679298	-0.130862	-0.156561	4	0.0967587	4	5	0	0.5	0.534136	0.473345
chr22:35500000-36000000	chr22	35500000	-1.15176	-0.0432696	-1.10987	-0.0364696	4	0.936518	-0.00521818	-0.929644	-0.0810974	-0.0746639	3	-0.210032	3	2	0	0.5	0.549098	0.435956
chr22:36000000-36500000	chr22	36000000	-1.16432	0.175435	-1.36167	0.210447	7	0.95727	0.0712184	0.527963	-0.0540891	-0.0215912	7	0.0471048	6	7	0	0.5	0.564059	0.483567
chr22:36500000-37000000	chr22	36500000	-0.837085	-0.0369282	-1.2955	0.0165821	7	1.00759	-0.0415577	0.172245	-0.229653	-0.0263508	5	0.0157712	4	7	0	0.5	0.579021	0.487372
chr22:37000000-37500000	chr22	37000000	-0.635525	-0.163548	-0.986043	0.0301107	12	1.00986	0.0394322	1.01111	-0.251658	0.123914	10	-0.0994598	7	14	0	0	0.593983	0.541503
chr22:37500000-38000000	chr22	37500000	-0.909395	-0.173827	-1.21508	0.147982	18	1.1884	-0.19246	1.32603	-0.0776989	0.0797827	18	0.0925598	14	20	0	0	0.608945	0.531851
chr22:38000000-38500000	chr22	38000000	-1.00057	-0.08959	-1.21477	0.162734	9	1.07075	-0.130205	1.25579	-0.0308854	0.042225	9	-0.0640898	8	20	0	0	0.623907	0.513738
chr22:38500000-39000000	chr22	38500000	-1.04428	0.0139119	-1.36673	0.0520243	13	1.24573	-0.149554	1.33457	0.0620147	-0.066937	11	0.0256998	12	12	0	0	0.638868	0.490048
chr22:39000000-39500000	chr22	39000000	-0.843329	-0.0772389	-1.09715	0.0291303	11	1.13981	-0.131203	1.33722	-0.0571803	-0.00326517	10	-0.10886	9	13	0	0	0.65383	0.524737
chr22:39500000-40000000	chr22	39500000	-0.788202	-0.0561432	-1.19816	0.0902669	9	1.18505	-0.126159	0.975064	-0.0542789	0.188616	7	0.0487296	4	11	0	0	0.668792	0.478692
chr22:40000000-40500000	chr22	40000000	-0.907319	-0.310604	-1.24446	-0.137902	3	1.19397	-0.0879059	1.29628	-0.00937573	0.174424	3	0.104245	3	5	0	0	0.683754	0.444583
chr22:40500000-41000000	chr22	40500000	-1.46523	0.0166895	-1.44582	0.0263725	7	1.2347	-0.194911	1.30159	0.0433823	0.108678	7	0.0494284	5	5	0	0.5	0.698715	0.439535
chr22:41000000-41500000	chr22	41000000	-0.924495	-0.162126	-1.30682	0.0158144	9	1.30886	-0.184934	1.32107	-0.00343339	-0.0625647	9	0.100362	9	14	0	0.5	0.713677	0.492891
chr22:41500000-42000000	chr22	41500000	-0.91137	-0.040297	-1.36043	0.153583	15	1.36563	-0.165547	1.36029	-0.0180155	0.142164	13	0.0542625	10	17	0	0.5	0.728639	0.494048
chr22:42000000-42500000	chr22	42000000	-0.739731	-0.00199232	-1.01275	-0.0870655	7	1.4093	-0.163347	1.21018	-0.0522062	0.0702025	7	-0.00599111	5	13	0	0.5	0.743601	0.504872
chr22:42500000-43000000	chr22	42500000	-0.883429	-0.157911	-1.1051	0.21955	8	1.37665	-0.0866617	1.08927	-0.0967456	-0.0115969	7	0.0777744	6	14	0	0.5	0.758563	0.506149
chr22:43000000-43500000	chr22	43000000	-0.433941	-0.212323	-0.699732	0.144018	8	1.3037	-0.023282	-0.65347	-0.36721	0.24893	7	0.0887472	7	13	0	0.5	0.773524	0.525567
chr22:43500000-44000000	chr22	43500000	-0.125406	-0.245427	-0.338318	-0.357911	5	1.30994	-0.0583838	-0.984144	-0.0764559	0.132927	4	0.112042	4	7	0	0.5	0.788486	0.467919
chr22:44000000-44500000	chr22	44000000	-0.18154	-0.310995	-0.790022	0.0160929	4	1.37275	0.0193365	-0.992684	-0.194413	0.0197637	3	0.021528	3	3	0	0	0.803448	0.513041
chr22:44500000-45000000	chr22	44500000	-0.455044	-0.170072	-0.75668	0.0988005	2	1.21432	0.0599941	-0.750139	-0.097657	0.192584	2	nan	1	8	0	0	0.81841	0.521141
chr22:45000000-45500000	chr22	45000000	-0.72281	-0.096404	-0.912343	-0.00180848	7	1.22527	0.138001	-0.446499	0.0437686	-0.0328875	4	-0.0311453	5	8	0	0	0.833372	0.486846
chr22:45500000-46000000	chr22	45500000	-0.777389	0.0114505	-1.02036	0.12937	3	1.19106	0.0384596	-0.117784	-0.146962	-0.0897466	3	0.221016	3	10	0	0	0.848333	0.483344
chr22:46000000-46500000	chr22	46000000	-0.331049	-0.196472	-0.81121	0.278929	6	1.0938	0.0363974	0.122637	-0.0180238	0.0759277	6	-0.00827786	5	25	0	0	0.863295	0.532348
chr22:46500000-47000000	chr22	46500000	0.305338	-0.490399	-0.271686	0.144154	4	0.639676	0.247703	-0.54616	-0.229271	-0.340638	4	0.0311643	4	17	0	0	0.878257	0.516371
chr22:47000000-47500000	chr22	47000000	0.69391	-0.138621	0.182756	0.32961	0	0.308291	0.0539262	-1.42711	-0.0399507	nan	0	nan	0	5	0	0	0.893219	0.494817
chr22:47500000-48000000	chr22	47500000	0.84644	-0.125951	0.414743	0.314047	0	0.251039	0.0229017	-1.45561	0.0114569	nan	0	nan	0	0	0	0	0.90818	0.445766
chr22:48000000-48500000	chr22	48000000	1.00607	-0.190891	0.392012	0.224783	1	0.291956	0.0352016	-1.42933	0.0111675	nan	1	nan	1	3	0	0.5	0.923142	0.478038
chr22:48500000-49000000	chr22	48500000	0.936109	-0.179966	0.380595	0.13704	0	0.395158	-0.10954	-1.32631	-0.0155076	nan	0	nan	0	15	0	0.5	0.938104	0.527845
chr22:49000000-49500000	chr22	49000000	0.893226	-0.147174	0.30982	0.186982	0	0.257101	-0.0222004	-1.36606	0.0344056	nan	0	nan	0	15	0	0	0.953066	0.496047
chr22:49500000-50000000	chr22	49500000	0.23509	-0.256745	-0.0713608	-0.0162737	5	0.391074	0.109664	-0.317864	0.119928	-0.0659521	5	0.0389669	5	26	0.003	0	0.968028	0.530472
chr22:50000000-50500000	chr22	50000000	-0.512539	-0.168078	-0.719179	0.142101	17	0.805211	0.242333	0.936572	0.0184152	0.0112321	15	0.0922033	12	51	0	0	0.982989	0.552569
chr22:50500000-51000000	chr22	50500000	-0.527532	-0.183762	-0.866659	0.0985727	14	nan	nan	0.640517	-0.20574	0.0478479	12	0.102385	9	21	0.02	0	0.997951	0.520729
