tile_id	chrom	dlam_mCh	siScr_mCh	dlam_DNK	tss_count	pc1_GSM9401860	pc1_GSM9401861	pc1_GSM9401862	pc1_GSM9401863
chr1:3000000-3500000	chr1	-0.316333	0.677335	0.142713	1	0.544739	0.526024	0.60507	0.650438
chr1:3500000-4000000	chr1	-0.290875	0.621178	0.084191	10	1.07371	1.16878	1.06726	1.10414
chr1:4000000-4500000	chr1	0.105102	1.07247	0.0393	0	0.256582	0.211483	0.333368	0.341443
chr1:4500000-5000000	chr1	0.161373	1.17965	0.19432	1	0.192297	0.190594	0.214178	0.358967
chr1:5000000-5500000	chr1	0.243221	1.19914	0.353005	0	0.115593	0.00762444	0.150472	0.215505
chr1:5500000-6000000	chr1	0.125145	1.15425	0.114638	0	0.302292	0.310053	0.375607	0.346289
chr1:6000000-6500000	chr1	-0.23086	-0.012379	0.049231	11	1.1066	1.15027	1.04771	1.11985
chr1:6500000-7000000	chr1	-0.097535	-0.621001	0.116354	10	1.24003	1.29328	1.30924	1.21703
chr1:7000000-7500000	chr1	-0.115513	-0.338918	-0.167168	0	0.648123	0.64222	0.471908	0.622674
chr1:7500000-8000000	chr1	-0.153343	-0.537392	0.093648	3	1.01254	0.903117	0.821686	0.809184
chr1:8000000-8500000	chr1	0.083038	-1.073	-0.156853	4	0.985923	0.9756	0.875534	0.991935
chr1:8500000-9000000	chr1	0.168099	-1.46494	0.079832	2	1.2469	1.221	1.10233	1.11034
chr1:9000000-9500000	chr1	-0.184267	-0.703792	0.077081	6	1.11955	1.31374	1.25742	1.28126
chr1:9500000-10000000	chr1	-0.153905	-0.809947	0.236925	5	1.16278	1.19732	1.18939	1.14276
chr1:10000000-10500000	chr1	0.103248	-1.19483	0.044627	7	1.19502	1.25645	1.14909	1.18598
chr1:10500000-11000000	chr1	-0.094071	-0.693111	0.069868	4	1.12826	1.13945	1.07929	0.884517
chr1:11000000-11500000	chr1	-0.357849	-0.328665	-0.188014	8	1.28827	1.35702	1.26929	1.28665
chr1:11500000-12000000	chr1	-0.316531	-0.30184	-0.090851	14	1.25621	1.26575	1.17229	1.1424
chr1:12000000-12500000	chr1	0.013466	-0.476725	-0.24355	5	1.28815	1.24959	1.13869	1.25341
chr1:12500000-13000000	chr1	0.03826	0.428318	0.001558	11	0.428763	0.472958	0.404301	0.472769
chr1:13000000-13500000	chr1	0.205221	1.0966	0.148811	7	0.0816684	0.259909	-0.0105095	-0.0184382
chr1:13500000-14000000	chr1	-0.092776	0.906172	0.109823	9	0.200409	0.169604	0.0138913	0.225927
chr1:14000000-14500000	chr1	-0.014314	1.0237	-0.095297	1	0.534671	0.511261	0.471606	0.558305
chr1:14500000-15000000	chr1	0.009116	0.707625	-0.16843	1	0.382501	0.254921	0.141393	0.260195
chr1:15000000-15500000	chr1	-0.321681	0.413442	-0.176134	1	0.654559	0.63587	0.782589	0.629326
chr1:15500000-16000000	chr1	-0.012605	-0.620932	-0.058537	10	1.1571	1.16556	1.12176	1.17467
chr1:16000000-16500000	chr1	0.044107	-0.990834	0.172788	13	1.26071	1.23335	1.19492	1.19769
chr1:16500000-17000000	chr1	-0.131535	-0.884187	-0.001417	6	0.89986	0.816069	0.650284	1.03925
chr1:17000000-17500000	chr1	-0.126007	-0.567322	-0.058496	5	0.578777	0.573149	0.507583	0.588205
chr1:17500000-18000000	chr1	-0.411887	-0.044836	-0.20463	6	0.834125	0.843511	0.734371	0.846361
chr1:18000000-18500000	chr1	-0.108124	0.645642	-0.121186	2	0.345228	0.396956	0.29409	0.325212
chr1:18500000-19000000	chr1	0.016713	0.654669	-0.07339	2	0.340845	0.346572	0.351167	0.405552
chr1:19000000-19500000	chr1	-0.177011	-0.118982	0.007525	3	0.991275	0.991453	0.914365	0.985761
chr1:19500000-20000000	chr1	-0.058498	-0.626644	-0.191638	10	1.21209	1.21827	1.25265	1.16415
chr1:20000000-20500000	chr1	-0.353632	-0.083695	-0.286692	8	0.999668	1.05165	1.043	0.830907
chr1:20500000-21000000	chr1	-0.0477	-0.305559	-0.108116	9	1.03932	0.970636	0.900886	0.999344
chr1:21000000-21500000	chr1	0.096007	-1.39221	0.367795	3	1.35233	1.3403	1.28642	1.30433
chr1:21500000-22000000	chr1	-0.246559	-0.664747	-0.082138	5	1.22198	1.0822	1.18779	1.2469
chr1:22000000-22500000	chr1	0.100369	-1.02471	0.042493	7	1.34585	1.34827	1.31261	1.25765
chr1:22500000-23000000	chr1	0.099023	-0.905643	-0.105189	5	1.07154	0.947073	0.985897	0.838005
chr1:23000000-23500000	chr1	0.03943	-1.00854	0.087617	5	1.26449	1.23107	1.24229	1.21612
chr1:23500000-24000000	chr1	0.058363	-1.15422	-0.19402	7	1.25952	1.29981	1.3057	1.24002
chr1:24000000-24500000	chr1	0.017463	-1.17821	-0.019814	12	1.34058	1.35749	1.27029	1.25283
chr1:24500000-25000000	chr1	0.161118	-1.02975	-0.055242	7	1.18833	1.15157	0.981622	0.947797
chr1:25000000-25500000	chr1	0.02248	-1.14971	0.014822	2	1.13	1.19102	1.17353	1.03836
chr1:25500000-26000000	chr1	-0.010259	-1.04971	0.046145	8	1.31404	1.17962	1.22828	1.15875
chr1:26000000-26500000	chr1	-0.071973	-1.04874	0.163064	14	1.27268	1.2655	1.25571	1.2178
chr1:26500000-27000000	chr1	0.027764	-1.03447	-0.038548	12	1.28723	1.26431	1.27592	1.25184
chr1:27000000-27500000	chr1	0.161508	-1.14125	0.032588	12	1.23262	1.28033	1.23362	1.25669
chr1:27500000-28000000	chr1	0.036628	-0.959914	0.036698	11	1.15716	1.19955	1.16017	1.25728
chr1:28000000-28500000	chr1	0.006781	-1.15485	-0.14984	8	1.28943	1.29736	1.27949	1.26394
chr1:28500000-29000000	chr1	0.235234	-1.33305	0.096205	11	1.26054	1.31191	1.30322	1.41799
chr1:29000000-29500000	chr1	0.026091	-0.766947	-0.044243	4	1.34839	1.22586	1.34354	1.2273
chr1:29500000-30000000	chr1	-0.138864	0.16514	-0.301735	3	0.830001	0.754869	0.801524	0.768981
chr1:30000000-30500000	chr1	-0.295872	0.507703	-0.025507	0	0.504102	0.462073	0.503836	0.416538
chr1:30500000-31000000	chr1	-0.185907	0.666336	-0.108069	0	0.517654	0.569461	0.421722	0.489921
chr1:31000000-31500000	chr1	-0.063062	-0.332591	-0.056904	3	1.20784	1.16917	1.22353	1.35393
chr1:31500000-32000000	chr1	0.09192	-0.918081	-0.292788	6	1.29714	1.25245	1.18667	1.25539
chr1:32000000-32500000	chr1	0.145181	-0.96741	0.13189	9	1.41206	1.36767	1.34147	1.37357
chr1:32500000-33000000	chr1	-0.12292	-0.721586	-0.113279	16	1.34625	1.26652	1.32214	1.36125
chr1:33000000-33500000	chr1	0.032386	-0.868596	-0.049082	11	1.37395	1.42165	1.34647	1.31029
chr1:33500000-34000000	chr1	-0.201724	-0.259749	-0.074416	7	1.19254	1.24075	1.15747	1.22695
chr1:34000000-34500000	chr1	-0.283451	0.574644	-0.419155	1	0.258493	0.310825	0.312326	0.299051
chr1:34500000-35000000	chr1	-0.357729	0.693195	-0.282104	2	0.419009	0.361662	0.258378	0.459839
chr1:35000000-35500000	chr1	-0.222645	0.34587	-0.095396	8	0.829918	0.841077	0.808961	0.902354
chr1:35500000-36000000	chr1	-0.030368	-0.823009	-0.177811	3	1.31648	1.25506	1.29836	1.25307
chr1:36000000-36500000	chr1	-0.109106	-0.709735	-0.057811	9	1.32437	1.30907	1.39867	1.47373
chr1:36500000-37000000	chr1	0.133126	-0.64173	0.04112	13	1.41408	1.41305	1.35023	1.27376
chr1:37000000-37500000	chr1	-0.19003	1.41456	0.117806	0	0.584635	0.524737	0.559228	0.655358
chr1:37500000-38000000	chr1	0.020325	1.0338	0.045733	3	0.723941	0.76787	0.813846	0.957121
chr1:38000000-38500000	chr1	-0.125894	0.053191	-0.085002	15	1.4361	1.34483	1.31261	1.35937
chr1:38500000-39000000	chr1	0.147129	0.907083	-0.122923	1	0.745857	0.805426	0.668527	0.722195
chr1:39000000-39500000	chr1	0.062245	0.182719	-0.068745	6	0.996724	1.04379	1.02881	0.906538
chr1:39500000-40000000	chr1	0.164876	-1.10427	-0.060675	2	1.28779	1.33966	1.28883	1.29798
chr1:40000000-40500000	chr1	0.055942	-0.922795	-0.012051	10	1.34094	1.34494	1.3511	1.43506
chr1:40500000-41000000	chr1	0.01084	-1.18693	0.117915	11	1.2699	1.24182	1.1926	1.28513
chr1:41000000-41500000	chr1	-0.047873	-0.917229	-0.06329	6	1.25351	1.12627	1.19682	1.20429
chr1:41500000-42000000	chr1	-0.172421	-0.711164	-0.00535	2	0.988919	1.01459	0.99855	0.93557
chr1:42000000-42500000	chr1	0.014214	-0.631997	-0.180937	2	0.994523	1.01603	1.07881	1.16793
chr1:42500000-43000000	chr1	0.072955	-0.832117	-0.045049	7	1.1179	1.0528	0.939779	0.962839
chr1:43000000-43500000	chr1	0.104366	-0.882122	-0.195471	10	1.17315	1.26403	1.1568	1.21362
chr1:43500000-44000000	chr1	-0.088867	-0.711216	0.099229	13	1.31442	1.19981	1.2348	1.32415
chr1:44000000-44500000	chr1	-0.113256	-0.766015	-0.037921	9	1.2821	1.26894	1.19816	1.30574
chr1:44500000-45000000	chr1	-0.143878	-0.504741	-0.333476	5	1.03903	1.02767	0.986914	1.00907
chr1:45000000-45500000	chr1	-0.253116	-0.431878	-0.298512	12	1.32665	1.33184	1.27021	1.36051
chr1:45500000-46000000	chr1	-0.172846	-0.418394	-0.437258	8	1.22036	1.13706	1.13404	1.0829
chr1:46000000-46500000	chr1	-0.125417	-1.04711	-0.033406	7	1.26513	1.25531	1.25167	1.15304
chr1:46500000-47000000	chr1	-0.000238	-0.466386	-0.142034	11	1.28296	1.25132	1.26373	1.28202
chr1:47000000-47500000	chr1	0.081701	0.835076	-0.025971	10	0.424063	0.374803	0.439142	0.342272
chr1:47500000-48000000	chr1	0.002197	0.698429	-0.026186	8	0.376283	0.314494	0.413593	0.499499
chr1:48000000-48500000	chr1	0.099186	1.41826	0.083441	1	-0.335706	-0.287048	-0.36363	-0.46337
chr1:48500000-49000000	chr1	0.236835	1.2756	-0.006029	2	-0.893567	-0.902224	-0.987717	-0.97964
chr1:49000000-49500000	chr1	0.428766	1.42589	-0.018485	1	-1.03384	-1.03978	-1.06414	-1.12707
chr1:49500000-50000000	chr1	0.23016	1.24678	0.357491	0	-1.22707	-1.22463	-1.25015	-1.12967
chr1:50000000-50500000	chr1	0.512188	0.981807	0.188488	1	-1.24048	-1.26728	-1.24225	-1.2993
chr1:50500000-51000000	chr1	0.222909	1.08664	0.098308	2	-1.06448	-0.931945	-0.944785	-0.887334
chr1:51000000-51500000	chr1	-0.111785	0.106834	-0.020376	2	-0.0400671	0.0234054	0.192062	0.0724852
chr1:51500000-52000000	chr1	-0.12116	-0.397601	-0.156396	4	0.588712	0.567158	0.585692	0.702021
chr1:52000000-52500000	chr1	0.223518	-1.18246	-0.084248	4	1.00672	0.973068	1.01316	1.0209
chr1:52500000-53000000	chr1	0.029993	-1.08047	-0.105504	6	1.01539	0.954841	0.959748	1.05378
chr1:53000000-53500000	chr1	0.090277	-0.926125	-0.207831	8	1.08905	1.14336	1.14598	1.09513
chr1:53500000-54000000	chr1	-0.020835	-0.690309	-0.032157	7	0.870001	0.937713	0.926545	0.878126
chr1:54000000-54500000	chr1	0.070614	-0.955356	-0.155018	7	0.992015	0.983087	0.939833	0.920911
chr1:54500000-55000000	chr1	-0.041089	-0.479063	-0.141514	6	0.751486	0.835318	0.775509	0.770689
chr1:55000000-55500000	chr1	0.002486	-0.552886	-0.385181	10	0.665854	0.749262	0.507085	0.495222
chr1:55500000-56000000	chr1	0.038191	-0.421784	-0.333286	2	-0.248163	-0.211716	-0.206377	-0.257363
chr1:56000000-56500000	chr1	0.328503	-0.189765	-0.051424	0	-0.923337	-0.925397	-0.961554	-0.731374
chr1:56500000-57000000	chr1	-0.09886	0.149055	-0.164542	0	-0.488514	-0.487523	-0.364351	-0.4261
chr1:57000000-57500000	chr1	0.289514	-0.164644	0.164748	5	-0.865625	-0.911393	-0.892464	-0.960729
chr1:57500000-58000000	chr1	0.425188	0.541969	0.029293	1	-0.895498	-1.05051	-0.966496	-1.00735
chr1:58000000-58500000	chr1	0.219517	0.75002	0.052652	0	-1.03103	-1.07516	-0.971541	-1.06015
chr1:58500000-59000000	chr1	0.318746	0.503496	-0.021348	0	-0.528498	-0.350638	-0.227814	-0.421803
chr1:59000000-59500000	chr1	0.097688	-0.642895	-0.418727	4	0.182254	0.241676	0.312039	0.497235
chr1:59500000-60000000	chr1	0.090258	-0.665993	-0.217328	1	-0.282332	-0.311221	-0.145764	0.0429287
chr1:60000000-60500000	chr1	0.038308	-0.049325	0.057898	2	-0.894589	-0.965858	-0.902676	-0.858214
chr1:60500000-61000000	chr1	0.483708	0.37316	0.27255	1	-1.37782	-1.41683	-1.44811	-1.53653
chr1:61000000-61500000	chr1	0.247559	0.730446	0.193646	0	-1.29022	-1.40766	-1.34512	-1.35593
chr1:61500000-62000000	chr1	0.263483	0.081577	0.263772	1	-1.29455	-1.30146	-1.33812	-1.24327
chr1:62000000-62500000	chr1	-0.016047	0.370449	-0.11717	2	-0.952222	-1.04551	-1.08494	-0.802153
chr1:62500000-63000000	chr1	0.002788	0.01438	-0.238874	3	-0.421363	-0.680867	-0.534688	-0.475795
chr1:63000000-63500000	chr1	-0.123188	-0.058857	0.16683	3	0.191984	0.109254	0.0956915	0.320661
chr1:63500000-64000000	chr1	0.09132	0.289912	0.055538	4	-0.583457	-0.550113	-0.638612	-0.482182
chr1:64000000-64500000	chr1	0.133779	-0.80006	-0.291317	2	-0.581503	-0.551441	-0.479374	-0.404402
chr1:64500000-65000000	chr1	-0.004463	-0.524208	-0.509658	2	-0.952551	-1.07483	-0.906235	-0.865758
chr1:65000000-65500000	chr1	0.180889	-0.534142	-0.169189	2	-0.883381	-0.908856	-1.04948	-0.751321
chr1:65500000-66000000	chr1	0.160602	-0.078761	-0.097091	3	-0.83711	-0.918549	-0.99217	-0.945815
chr1:66000000-66500000	chr1	0.099065	0.109732	0.151436	1	-1.49668	-1.5236	-1.43187	-1.29175
chr1:66500000-67000000	chr1	0.154655	-0.403955	0.112337	1	-0.596238	-0.663708	-0.744078	-0.525005
chr1:67000000-67500000	chr1	0.090579	-0.894793	0.13727	4	-0.960334	-0.85728	-0.904473	-0.869099
chr1:67500000-68000000	chr1	0.027876	-0.598653	-0.23509	5	0.0567342	-0.060869	0.0317068	-0.0371731
chr1:68000000-68500000	chr1	0.112156	-0.838082	-0.144354	2	-0.983268	-0.850808	-1.08266	-1.05725
chr1:68500000-69000000	chr1	0.105375	-0.746055	0.082858	4	-1.44374	-1.382	-1.42882	-1.3611
chr1:69000000-69500000	chr1	0.122041	0.49606	0.005018	0	-1.53133	-1.55349	-1.49112	-1.56856
chr1:69500000-70000000	chr1	0.10456	0.201387	0.223568	0	-1.55288	-1.54995	-1.56772	-1.51931
chr1:70000000-70500000	chr1	0.090207	-0.129216	0.032908	1	-1.51789	-1.56537	-1.53424	-1.38237
chr1:70500000-71000000	chr1	0.185497	-0.678344	0.034289	4	-0.240207	-0.230659	-0.279443	-0.33599
chr1:71000000-71500000	chr1	0.451292	0.853579	0.142514	0	-1.50465	-1.44673	-1.54139	-1.50684
chr1:71500000-72000000	chr1	0.256768	0.894734	0.223577	2	-1.5018	-1.4829	-1.52543	-1.43249
chr1:72000000-72500000	chr1	0.201104	0.259173	0.481664	0	-1.52384	-1.57497	-1.58539	-1.52089
chr1:72500000-73000000	chr1	0.136034	-0.070428	0.380172	1	-1.52393	-1.25436	-1.44334	-1.37307
chr1:73000000-73500000	chr1	0.156536	0.330264	0.458744	0	-0.84485	-1.10587	-1.55609	-1.5219
chr1:73500000-74000000	chr1	0.489754	0.353	0.608894	0	-1.46267	-1.46906	-1.57494	-1.43566
chr1:74000000-74500000	chr1	0.271058	0.447071	0.318323	0	-1.53066	-1.54842	-1.57219	-1.51541
chr1:74500000-75000000	chr1	0.319247	0.407965	0.499153	4	-1.41879	-1.38835	-1.38985	-1.39087
chr1:75000000-75500000	chr1	-0.082659	1.08416	0.211366	3	-1.28747	-1.30935	-1.31174	-1.22148
chr1:75500000-76000000	chr1	0.292265	0.845218	0.350625	1	-1.44269	-1.45881	-1.52525	-1.4964
chr1:76000000-76500000	chr1	0.010256	0.636926	0.108726	5	-0.792484	-0.759235	-0.903077	-0.652575
chr1:76500000-77000000	chr1	0.242793	0.912159	-0.001356	1	-1.34415	-1.42584	-1.47965	-1.42626
chr1:77000000-77500000	chr1	0.32628	0.848555	0.118759	1	-1.41436	-1.39821	-1.49854	-1.47554
chr1:77500000-78000000	chr1	-0.096254	0.059587	-0.190658	2	-1.09511	-1.14933	-1.24303	-1.11227
chr1:78000000-78500000	chr1	0.07491	-1.10026	0.113125	6	0.241554	0.254165	0.28215	0.268131
chr1:78500000-79000000	chr1	-0.00832	-0.069385	0.120336	2	-1.27938	-1.33522	-1.3738	-1.25476
chr1:79000000-79500000	chr1	-0.36752	0.119121	0.002423	3	-1.51535	-1.49737	-1.49599	-1.50836
chr1:79500000-80000000	chr1	-0.192412	0.167763	0.199766	0	-1.41434	-1.43314	-1.41554	-1.3867
chr1:80000000-80500000	chr1	0.210073	0.056075	0.102923	0	-1.43604	-1.52786	-1.54062	-1.46545
chr1:80500000-81000000	chr1	0.31767	-0.074337	-0.119787	0	-1.32191	-1.55714	-1.5318	-1.42246
chr1:81000000-81500000	chr1	0.333159	-0.031217	0.039929	0	-1.56963	-1.50319	-1.5298	-1.54061
chr1:81500000-82000000	chr1	0.036738	-0.345909	-0.098659	0	-1.51207	-1.56542	-1.52672	-1.54936
chr1:82000000-82500000	chr1	-0.362823	-0.574999	-0.132895	1	-1.40637	-1.34425	-1.4907	-1.20434
chr1:82500000-83000000	chr1	0.214676	-0.148161	0.179314	0	-1.32161	-1.40162	-1.28387	-1.087
chr1:83000000-83500000	chr1	0.207947	-0.072232	-0.009891	0	-1.52136	-1.53563	-1.46079	-1.30708
chr1:83500000-84000000	chr1	0.044371	0.148238	0.003538	0	-0.560477	-0.665908	-0.508272	-0.528055
chr1:84000000-84500000	chr1	-0.016286	0.1146	-0.044409	1	-1.0918	-0.993325	-1.37022	-1.26535
chr1:84500000-85000000	chr1	-0.271836	-0.901905	-0.112384	6	-1.05117	-1.09083	-1.20305	-1.04637
chr1:85000000-85500000	chr1	0.066415	-0.624479	0.075318	4	-0.0886515	-0.129532	-0.273277	-0.276375
chr1:85500000-86000000	chr1	-0.093382	-0.864892	-0.100041	6	-0.650692	-0.642514	-0.781603	-0.869753
chr1:86000000-86500000	chr1	-0.110988	-0.535378	0.151293	2	-0.313807	-0.232765	-0.436713	-0.388379
chr1:86500000-87000000	chr1	0.048004	-0.07198	0.13785	4	-0.998326	-0.978674	-1.08327	-0.698339
chr1:87000000-87500000	chr1	0.05818	-0.490208	-0.04876	4	-0.213058	-0.207862	-0.349801	-0.203307
chr1:87500000-88000000	chr1	0.162868	0.095509	-0.098042	1	-0.493326	-0.416041	-0.357552	-0.452331
chr1:88000000-88500000	chr1	0.119121	0.026351	0.234609	0	-1.34766	-1.36017	-1.23934	-1.20094
chr1:88500000-89000000	chr1	0.21363	0.443859	0.200538	0	-1.5084	-1.54149	-1.59736	-1.49993
chr1:89000000-89500000	chr1	-0.067675	-0.330414	0.063569	4	-0.0794991	-0.198458	-0.239345	-0.134994
chr1:89500000-90000000	chr1	0.168964	0.543225	0.23971	7	0.25055	0.26525	0.402345	0.251848
chr1:90000000-90500000	chr1	-0.205631	-0.252524	-0.087428	4	0.601796	0.596615	0.506316	0.450705
chr1:90500000-91000000	chr1	0.246748	0.729026	0.277966	0	0.188207	0.160245	0.39395	0.322252
chr1:91000000-91500000	chr1	0.354243	0.273265	0.065432	2	-0.314104	-0.367527	-0.217355	-0.0549587
chr1:91500000-92000000	chr1	0.026803	0.892679	-0.032555	2	-0.721516	-0.839497	-0.83651	-0.767686
chr1:92000000-92500000	chr1	0.102754	-0.082957	-0.238072	3	-0.848993	-0.82172	-1.0279	-0.967333
chr1:92500000-93000000	chr1	-0.218686	-0.14593	-0.287904	6	-0.503892	-0.655709	-0.582932	-0.62429
chr1:93000000-93500000	chr1	-0.008065	-0.865199	-0.232025	3	0.215198	0.279607	0.13757	0.572308
chr1:93500000-94000000	chr1	0.013052	-1.18688	0.091489	5	0.393488	0.479268	0.392358	0.399974
chr1:94000000-94500000	chr1	0.142903	-0.83391	0.014578	3	-0.38299	-0.285247	-0.434664	-0.329848
chr1:94500000-95000000	chr1	0.241402	-1.17675	0.212437	3	-1.16162	-1.19683	-1.29997	-1.25935
chr1:95000000-95500000	chr1	-0.140586	-0.733815	-0.179987	3	-1.24176	-1.33018	-1.26634	-1.09351
chr1:95500000-96000000	chr1	0.048433	0.328668	0.036017	3	-1.47569	-1.52008	-1.55937	-1.47272
chr1:96000000-96500000	chr1	0.246103	0.619123	0.154292	0	-1.58821	-1.55811	-1.59292	-1.58592
chr1:96500000-97000000	chr1	0.198385	-0.107976	-0.127087	0	-1.61366	-1.58549	-1.61113	-1.53467
chr1:97000000-97500000	chr1	-0.181665	-0.365504	-0.090396	1	-1.3074	-1.36949	-1.40662	-1.31544
chr1:97500000-98000000	chr1	-0.080758	-0.387276	0.05843	0	-0.909298	-0.972917	-1.36813	-1.1801
chr1:98000000-98500000	chr1	-0.111012	-0.889732	-0.195888	1	-0.935478	-0.964336	-1.23755	-1.27569
chr1:98500000-99000000	chr1	0.090392	-0.685994	-0.23448	0	-1.49003	-1.52236	-1.50631	-1.50006
chr1:99000000-99500000	chr1	0.160939	0.52315	0.023984	2	-1.48566	-1.47327	-1.49226	-1.30702
chr1:99500000-100000000	chr1	0.037249	0.444125	-0.076874	1	-1.5067	-1.49438	-1.51458	-1.38827
chr1:100000000-100500000	chr1	-0.127842	-0.229539	-0.183844	4	-0.00411395	-0.260114	0.0327543	-0.0322137
chr1:100500000-101000000	chr1	-0.294733	-0.211198	-0.201027	7	0.681179	0.60367	0.662242	0.739439
chr1:101000000-101500000	chr1	-0.211695	-0.411365	-0.008289	5	0.173062	0.181968	0.141826	0.240372
chr1:101500000-102000000	chr1	0.010715	-0.321317	-0.117713	1	0.256923	0.147418	0.276821	0.133937
chr1:102000000-102500000	chr1	0.278085	0.549085	0.315102	1	-1.53824	-1.54495	-1.50853	-1.52835
chr1:102500000-103000000	chr1	0.214008	0.433339	0.522136	0	-1.60152	-1.52563	-1.59113	-1.56363
chr1:103000000-103500000	chr1	-0.073972	-0.159355	0.14421	0	-1.57218	-1.56958	-1.59885	-1.57288
chr1:103500000-104000000	chr1	0.236404	-0.336732	0.349986	1	-1.41065	-1.41865	-1.39289	-1.45177
chr1:104000000-104500000	chr1	0.449272	0.121485	0.524872	6	-1.20763	-1.22838	-1.20163	-1.20185
chr1:104500000-105000000	chr1	0.113008	0.605045	0.432089	0	-1.53476	-1.52686	-1.53104	-1.56781
chr1:105000000-105500000	chr1	0.379856	0.343903	0.323945	0	-1.22851	-1.09623	-1.08337	-1.0941
chr1:105500000-106000000	chr1	0.187179	0.29774	0.861106	0	-1.443	-1.45003	-1.34969	-1.35405
chr1:106000000-106500000	chr1	0.066773	0.313383	0.781752	0	-1.5209	-1.55226	-1.52226	-1.56996
chr1:106500000-107000000	chr1	0.189832	0.6663	0.567979	0	-1.5237	-1.53583	-1.56727	-1.52878
chr1:107000000-107500000	chr1	0.130722	0.722189	0.247601	0	-1.57147	-1.49831	-1.55853	-1.48092
chr1:107500000-108000000	chr1	0.102068	0.712353	0.204758	2	-1.29023	-1.22841	-1.31124	-1.19072
chr1:108000000-108500000	chr1	-0.016038	0.857441	0.134542	0	-0.336935	-0.379866	-0.336033	-0.297294
chr1:108500000-109000000	chr1	-0.17823	0.749317	-0.057245	4	-0.227467	-0.220669	-0.238009	-0.325809
chr1:109000000-109500000	chr1	-0.107683	-0.237777	0.10066	7	0.649201	0.611177	0.592617	0.492005
chr1:109500000-110000000	chr1	-0.299962	-0.617991	-0.128878	12	1.19646	1.22048	1.18129	1.25277
chr1:110000000-110500000	chr1	-0.048034	-0.623317	-0.136773	15	1.29435	1.3514	1.29014	1.29757
chr1:110500000-111000000	chr1	-0.214183	-0.088798	0.077894	10	1.31349	1.30517	1.25656	1.40944
chr1:111000000-111500000	chr1	0.233213	0.841618	0.053827	4	1.03203	1.11809	0.995681	1.32403
chr1:111500000-112000000	chr1	-0.041334	0.61255	-0.086966	10	1.23345	1.32066	1.15428	1.18461
chr1:112000000-112500000	chr1	-0.042073	0.0968	-0.074918	5	1.20824	1.14361	1.00792	1.16316
chr1:112500000-113000000	chr1	0.117011	0.496799	-0.168312	2	0.384948	0.390598	0.174033	0.331866
chr1:113000000-113500000	chr1	0.040077	-0.752013	-0.155673	8	1.11353	0.964204	0.984737	1.15771
chr1:113500000-114000000	chr1	0.111066	-0.449141	-0.076614	2	0.108392	0.0901689	-0.0165848	0.122592
chr1:114000000-114500000	chr1	-0.035949	-0.738601	-0.441761	7	0.78751	0.74219	0.737025	0.771903
chr1:114500000-115000000	chr1	-0.44085	0.474516	-0.337713	2	0.254083	0.283479	0.454207	0.5387
chr1:115000000-115500000	chr1	-0.129058	-0.228699	-0.119369	8	0.553496	0.630267	0.606498	0.422096
chr1:115500000-116000000	chr1	-0.243571	-0.225099	-0.213625	3	-0.719161	-0.627979	-0.726519	-0.600733
chr1:116000000-116500000	chr1	-0.216336	0.218655	-0.232453	3	-0.508185	-0.35872	-0.537575	-0.573982
chr1:116500000-117000000	chr1	-0.168626	0.182305	-0.145887	3	0.195861	0.357417	0.353722	0.466633
chr1:117000000-117500000	chr1	-0.019697	-0.181428	-0.129186	4	0.904034	0.941505	0.817952	0.909098
chr1:117500000-118000000	chr1	-0.052939	-0.334719	-0.017941	5	0.344114	0.403941	0.311549	0.333501
chr1:118000000-118500000	chr1	-0.375041	0.179759	-0.004912	3	-0.240667	-0.320085	-0.286921	-0.100459
chr1:118500000-119000000	chr1	0.223437	0.643492	0.432171	1	-1.29404	-1.31673	-1.22976	-1.28664
chr1:119000000-119500000	chr1	0.319834	0.820021	0.330069	0	-1.36246	-1.40772	-1.36583	-1.18797
chr1:119500000-120000000	chr1	-0.110454	0.739132	-0.149249	4	-0.906226	-0.816768	-0.862367	-0.882672
chr1:120000000-120500000	chr1	-0.043681	-0.224667	-0.067962	6	-0.679569	-0.689224	-0.6199	-0.593244
chr1:121000000-121500000	chr1	0.206132	0.151607	0.337624	1	-0.670876	-0.617616	-0.576131	-0.768096
chr1:143500000-144000000	chr1	0.086184	-0.668276	-0.080639	1	0.162034	0.200039	0.182121	0.347557
chr1:144000000-144500000	chr1	0.16617	-0.709889	0.053017	1	0.164324	0.135345	0.139983	0.135754
chr1:144500000-145000000	chr1	0.137989	-0.989241	0.006227	1	-0.0270946	-0.0230083	0.028507	0.0012497
chr1:145000000-145500000	chr1	0.15875	-1.12563	0.063586	8	0.0669756	0.0973846	0.0618395	0.0972802
chr1:145500000-146000000	chr1	-0.06578	-0.732145	-0.466871	11	1.12344	1.0279	1.04365	1.14678
chr1:146000000-146500000	chr1	-0.236559	0.023143	-0.416293	2	0.46873	0.255387	0.365066	0.289976
chr1:146500000-147000000	chr1	-0.028399	0.458818	-0.087024	3	0.351217	0.348175	0.437664	0.512771
chr1:147000000-147500000	chr1	-0.23763	0.399469	-0.169618	6	0.287612	0.403857	0.415513	0.50307
chr1:147500000-148000000	chr1	-0.322032	-0.385536	-0.180163	2	0.221878	0.209641	0.142315	0.233335
chr1:148500000-149000000	chr1	-0.025178	-0.337064	0.065516	3	-0.287938	-0.246038	-0.276467	-0.232706
chr1:149000000-149500000	chr1	-0.125653	0.61112	0.020953	2	-0.488105	-0.653059	-0.504148	-0.623131
chr1:149500000-150000000	chr1	-0.139994	-0.573824	0.025833	18	0.714907	0.848949	0.63631	0.773905
chr1:150000000-150500000	chr1	0.061087	-1.24109	0.056238	13	1.44653	1.3688	1.46639	1.50234
chr1:150500000-151000000	chr1	-0.166371	-0.963166	-0.023599	14	1.42995	1.45011	1.32545	1.54825
chr1:151000000-151500000	chr1	-0.073986	-0.819083	-0.033554	20	1.44711	1.47745	1.52133	1.53885
chr1:151500000-152000000	chr1	-0.240526	-0.499654	-0.055581	13	1.12068	1.12139	1.29708	1.29777
chr1:152000000-152500000	chr1	-0.10643	1.06236	0.328618	10	0.0731562	0.043182	0.143026	0.245913
chr1:152500000-153000000	chr1	-0.067713	1.41256	0.228496	26	0.226671	0.200243	0.148593	0.185016
chr1:153000000-153500000	chr1	-0.031301	0.905638	0.165369	17	0.850783	0.809339	0.879974	0.805571
chr1:153500000-154000000	chr1	0.155017	-0.542647	-0.027659	23	1.44843	1.41535	1.32944	1.25499
chr1:154000000-154500000	chr1	-0.154738	-0.745704	0.096757	11	1.40798	1.04939	1.46776	1.52641
chr1:154500000-155000000	chr1	-0.190583	-0.647146	-0.192677	12	1.39629	1.40847	1.26029	1.40618
chr1:155000000-155500000	chr1	0.174487	-1.27415	-0.003363	21	1.44564	1.29792	1.22658	1.4458
chr1:155500000-156000000	chr1	0.053642	-0.975408	-0.039275	11	1.43029	1.42438	1.35924	1.19125
chr1:156000000-156500000	chr1	-0.128286	-0.748002	-0.060146	17	1.39036	1.45603	1.39555	1.48766
chr1:156500000-157000000	chr1	-0.132757	-0.455638	-0.068841	17	1.42755	1.40359	1.37365	1.50638
chr1:157000000-157500000	chr1	-0.163886	1.07996	-0.137126	3	0.443965	0.446525	0.388412	0.641672
chr1:157500000-158000000	chr1	0.291921	1.09322	0.026855	7	-0.548894	-0.558449	-0.458193	-0.473942
chr1:158000000-158500000	chr1	0.137696	0.992231	0.154494	10	-0.927872	-0.911277	-0.840795	-0.696064
chr1:158500000-159000000	chr1	0.303161	0.949562	0.203947	14	-0.758497	-0.885607	-0.836994	-0.663095
chr1:159000000-159500000	chr1	0.069267	0.988618	0.218001	5	-1.00921	-0.909535	-0.935974	-0.952208
chr1:159500000-160000000	chr1	-0.105687	0.796471	0.121222	11	-0.525973	-0.487409	-0.524458	-0.323314
chr1:160000000-160500000	chr1	0.073223	0.122079	-0.028315	15	0.890432	1.07716	1.04123	1.09834
chr1:160500000-161000000	chr1	-0.020504	0.705095	-0.185801	9	0.882133	0.802211	0.882852	0.941162
chr1:161000000-161500000	chr1	0.020464	-0.752079	-0.019505	24	1.33258	1.20753	1.29705	1.36077
chr1:161500000-162000000	chr1	-0.055648	-0.732675	-0.229787	8	0.577261	0.556598	0.576468	0.489592
chr1:162000000-162500000	chr1	-0.162708	0.103409	-0.436627	5	-0.610435	-0.569275	-0.501533	-0.628989
chr1:162500000-163000000	chr1	-0.237013	-0.400716	-0.142857	4	-0.160274	-0.115017	-0.223493	-0.126751
chr1:163000000-163500000	chr1	0.188045	0.035668	0.01852	3	-1.11177	-1.1679	-1.17221	-1.31387
chr1:163500000-164000000	chr1	0.537894	0.692126	0.427167	0	-1.2778	-1.37764	-1.37871	-1.42311
chr1:164000000-164500000	chr1	0.341583	0.54325	0.387936	0	-1.33669	-1.26992	-1.3216	-1.37499
chr1:164500000-165000000	chr1	-0.154216	0.329621	0.072157	1	-1.25975	-1.29274	-1.24565	-1.35953
chr1:165000000-165500000	chr1	0.204064	1.05647	-0.036646	2	-1.12849	-1.13165	-1.10469	-1.25389
chr1:165500000-166000000	chr1	-0.068782	0.536131	-0.237377	5	-0.290482	-0.238255	-0.343649	-0.430427
chr1:166000000-166500000	chr1	0.411148	1.24079	0.311613	1	-1.13828	-1.18893	-1.17504	-1.11485
chr1:166500000-167000000	chr1	0.137486	0.681335	0.025582	4	-1.06259	-1.07639	-1.09431	-1.07875
chr1:167000000-167500000	chr1	-0.370879	0.220967	-0.107024	4	0.45833	0.299063	0.390132	0.427502
chr1:167500000-168000000	chr1	0.062604	-0.533319	-0.208395	6	0.75931	0.756498	0.691101	0.790579
chr1:168000000-168500000	chr1	0.106083	-0.098833	-0.219939	4	0.578199	0.534435	0.462938	0.475878
chr1:168500000-169000000	chr1	0.306435	0.300306	-0.100487	3	-0.4847	-0.399894	-0.560031	-0.631163
chr1:169000000-169500000	chr1	0.03637	-0.117898	0.028361	5	-0.174871	-0.259141	-0.483606	-0.283215
chr1:169500000-170000000	chr1	-0.053117	0.164358	-0.018356	7	-0.0344716	-0.0237007	-0.178032	0.000854673
chr1:170000000-170500000	chr1	0.172155	0.162295	0.122231	2	-1.03505	-1.01594	-1.19764	-1.14461
chr1:170500000-171000000	chr1	0.110139	0.157825	-0.055563	3	-1.20848	-1.15587	-1.33554	-1.3045
chr1:171000000-171500000	chr1	0.099835	0.617528	0.005777	4	-0.917074	-0.955508	-0.963376	-0.942776
chr1:171500000-172000000	chr1	-0.138054	-0.093543	-0.231774	5	-0.301811	-0.245866	-0.222162	-0.079682
chr1:172000000-172500000	chr1	-0.0318	-0.548893	0.0102	2	0.233586	0.0101321	0.165295	0.00755519
chr1:172500000-173000000	chr1	-0.005101	-0.5612	-0.144286	2	-0.13993	-0.112031	-0.259576	-0.0915906
chr1:173000000-173500000	chr1	-0.405889	0.185129	-0.326013	3	0.286794	0.246073	0.398363	0.464142
chr1:173500000-174000000	chr1	-0.042878	-0.108413	-0.183715	10	0.71937	0.699523	0.697512	0.646703
chr1:174000000-174500000	chr1	-0.10555	0.047735	-0.266919	2	0.188667	0.198527	0.428927	0.61604
chr1:174500000-175000000	chr1	-0.29137	0.518357	-0.396189	2	0.440243	0.426295	0.597868	0.764236
chr1:175000000-175500000	chr1	-0.05952	1.50185	-0.006257	2	-0.255822	-0.239622	-0.0150945	0.107034
chr1:175500000-176000000	chr1	-0.076428	1.17673	-0.085242	1	-0.751466	-0.741395	-0.73184	-0.675809
chr1:176000000-176500000	chr1	0.293315	0.550765	0.270739	2	-0.698561	-0.806989	-0.756345	-0.603438
chr1:176500000-177000000	chr1	0.458771	1.0291	-0.017548	0	-1.2077	-1.13173	-1.14975	-1.23683
chr1:177000000-177500000	chr1	0.180708	0.970856	0.166395	2	-1.27935	-1.27458	-1.20084	-1.18995
chr1:177500000-178000000	chr1	-0.068076	0.99689	-0.058784	1	-1.28818	-1.27908	-1.1858	-1.25355
chr1:178000000-178500000	chr1	0.039835	-1.16068	0.076195	3	-1.02334	-1.08759	-0.834396	-0.799339
chr1:178500000-179000000	chr1	-0.190042	-0.275603	-0.169122	3	-0.904748	-0.91439	-0.705337	-0.632777
chr1:179000000-179500000	chr1	-0.036758	-0.304749	0.001645	4	0.0560439	0.043745	0.118935	0.28548
chr1:179500000-180000000	chr1	0.180884	-0.075347	0.03618	6	-0.172934	-0.122295	0.0722067	-0.0607756
chr1:180000000-180500000	chr1	-0.156401	-0.471718	-0.163779	3	0.396075	0.397138	0.378143	0.33672
chr1:180500000-181000000	chr1	-0.072419	-0.190899	0.007104	4	0.616258	0.414821	0.572691	0.563249
chr1:181000000-181500000	chr1	0.023583	0.830218	-0.045989	3	0.448293	0.440061	0.308007	0.318063
chr1:181500000-182000000	chr1	0.092714	1.53359	0.161749	0	-0.294513	-0.399314	-0.535312	-0.574723
chr1:182000000-182500000	chr1	0.2248	0.858209	0.267388	4	-0.292701	-0.304059	-0.378935	-0.265919
chr1:182500000-183000000	chr1	-0.02333	-0.111421	-0.002579	7	0.8464	0.897671	0.775963	0.730546
chr1:183000000-183500000	chr1	0.031265	-1.07812	-0.306066	3	0.97445	1.00958	0.795851	0.73471
chr1:183500000-184000000	chr1	0.061484	-0.991663	-0.06118	4	0.795837	0.948109	0.754959	0.766666
chr1:184000000-184500000	chr1	-0.081311	-0.685581	-0.305279	3	-0.160043	-0.0303681	-0.334101	-0.401878
chr1:184500000-185000000	chr1	0.149112	-0.952431	-0.008331	2	0.0156844	-0.0678044	-0.0743929	0.0139519
chr1:185000000-185500000	chr1	-0.019914	-0.882269	-0.079773	4	-0.596348	-0.667831	-0.386955	-0.354561
chr1:185500000-186000000	chr1	-0.04565	-0.743919	-0.147712	1	-1.4877	-1.25547	-1.50172	-1.4765
chr1:186000000-186500000	chr1	0.129319	-0.612091	-0.044694	4	-0.87772	-0.963368	-1.08481	-1.05358
chr1:186500000-187000000	chr1	0.241739	0.336574	0.170968	2	-1.30361	-1.25246	-1.40634	-1.39376
chr1:187000000-187500000	chr1	0.235427	0.369264	0.271817	0	-1.39403	-1.4176	-1.50368	-1.43555
chr1:187500000-188000000	chr1	0.0352	0.08614	-0.015633	0	-1.00585	-1.44867	-1.12934	-1.4724
chr1:188000000-188500000	chr1	-0.019358	-0.089589	0.576838	0	-1.46709	-1.51447	-1.53435	-1.56424
chr1:188500000-189000000	chr1	-0.018185	0.024936	0.405822	0	-1.52572	-1.52089	-1.5704	-1.63139
chr1:189000000-189500000	chr1	0.26223	0.385661	0.445843	0	-1.47183	-1.50913	-1.32237	-1.64834
chr1:189500000-190000000	chr1	0.202857	0.139235	0.655934	0	-1.51356	-1.4611	-1.49168	-1.44467
chr1:190000000-190500000	chr1	0.088987	0.215206	0.37539	1	-1.53579	-1.48382	-1.5151	-1.50763
chr1:190500000-191000000	chr1	0.411392	0.187976	0.689122	0	-1.46673	-1.51309	-1.5081	-1.60816
chr1:191000000-191500000	chr1	0.584002	0.279399	0.728441	0	-1.46332	-1.2204	-1.49309	-1.50231
chr1:191500000-192000000	chr1	0.349219	0.193372	0.424948	0	-1.50063	-1.45195	-1.5211	-1.46968
chr1:192000000-192500000	chr1	0.077349	-0.254595	-0.15486	2	-1.32685	-1.28445	-1.33638	-1.40031
chr1:192500000-193000000	chr1	-0.020162	-0.196369	-0.116095	3	-0.783639	-0.88952	-0.82471	-0.742982
chr1:193000000-193500000	chr1	0.122077	-0.694097	-0.024427	5	-0.642619	-0.601737	-0.514241	-0.713198
chr1:193500000-194000000	chr1	0.217998	-0.125113	0.16701	0	-1.51473	-1.47568	-1.50742	-1.50538
chr1:194000000-194500000	chr1	0.242578	-0.267132	-0.137776	0	-1.43515	-1.5076	-1.51987	-1.50613
chr1:194500000-195000000	chr1	0.249207	0.06628	0.44364	0	-1.34008	-1.41318	-1.40875	-1.33882
chr1:195000000-195500000	chr1	0.233357	0.23563	0.45211	0	-1.46541	-1.46953	-1.50329	-1.55309
chr1:195500000-196000000	chr1	0.119087	0.124776	0.223713	0	-1.54445	-1.57245	-1.36294	-1.62552
chr1:196000000-196500000	chr1	0.103296	0.331305	-0.124685	0	-1.54848	-1.51466	-1.56622	-1.54298
chr1:196500000-197000000	chr1	0.085339	0.536575	0.239968	7	-1.50513	-1.51493	-1.50139	-1.55036
chr1:197000000-197500000	chr1	-0.080142	0.198007	-0.161615	4	-1.32225	-1.3392	-1.39277	-1.4302
chr1:197500000-198000000	chr1	0.096273	-0.776692	-0.258818	3	-1.43376	-1.41781	-1.49057	-1.3536
chr1:198000000-198500000	chr1	-0.100008	-1.18599	-0.054528	1	-0.714408	-0.823929	-0.851332	-0.826186
chr1:198500000-199000000	chr1	-0.098122	-1.14215	0.093915	2	0.0115888	0.107263	-0.0387396	-0.0222692
chr1:199000000-199500000	chr1	-0.172041	-0.804555	-0.153963	0	-0.165753	-0.138723	-0.219095	-0.167165
chr1:199500000-200000000	chr1	-0.311321	-0.562016	-0.124219	1	-0.664946	-0.760755	-1.02513	-1.01539
chr1:200000000-200500000	chr1	-0.317177	-0.784722	-0.338665	1	0.354343	0.375413	0.27383	0.287634
chr1:200500000-201000000	chr1	-0.093954	-1.0081	-0.035791	6	0.983296	0.948511	0.892448	0.891745
chr1:201000000-201500000	chr1	0.041061	-0.728631	-0.154239	10	0.924333	0.826421	0.752647	0.558187
chr1:201500000-202000000	chr1	0.066901	-0.852101	0.197625	7	0.991401	1.26088	1.09681	0.982572
chr1:202000000-202500000	chr1	0.089719	-1.19166	-0.157936	6	1.41335	1.31247	1.25606	1.34113
chr1:202500000-203000000	chr1	0.097225	-1.05485	0.038245	9	1.43035	1.38725	1.39442	1.49765
chr1:203000000-203500000	chr1	-0.13634	-0.713859	-0.148526	9	1.38915	1.40022	1.38541	1.45335
chr1:203500000-204000000	chr1	-0.049709	-0.888774	-0.10081	5	1.18449	1.08664	1.17164	1.14991
chr1:204000000-204500000	chr1	-0.000184	-0.798769	-0.136767	9	1.03045	1.24402	1.10196	1.20909
chr1:204500000-205000000	chr1	-0.268032	-0.25354	-0.337201	2	1.10008	1.07001	0.958068	1.00231
chr1:205000000-205500000	chr1	0.005174	-0.699396	-0.049277	10	1.32089	1.30763	1.11716	1.40072
chr1:205500000-206000000	chr1	-0.125174	-0.720397	0.115745	8	0.86991	0.908258	0.917856	1.1857
chr1:206000000-206500000	chr1	0.081439	-0.905734	0.151992	5	0.225808	0.256783	0.205775	0.228957
chr1:206500000-207000000	chr1	-0.071377	-0.612843	-0.076254	8	0.454564	0.466861	0.403931	0.445352
chr1:207000000-207500000	chr1	0.10627	-0.317371	-0.178988	11	0.764597	0.678255	0.88195	0.989921
chr1:207500000-208000000	chr1	0.015801	-0.188319	-0.311665	4	0.816766	0.912513	0.820659	0.690743
chr1:208000000-208500000	chr1	-0.090117	-0.098293	-0.46476	2	0.136231	0.177414	0.219092	0.324927
chr1:208500000-209000000	chr1	-0.135514	0.189772	-0.568413	0	-0.714202	-0.832906	-0.767792	-0.749238
chr1:209000000-209500000	chr1	-0.241047	0.057449	-0.312321	0	-0.953528	-0.892934	-0.750877	-0.815848
chr1:209500000-210000000	chr1	-0.190567	-0.293125	-0.301196	7	-0.35106	-0.407857	-0.272221	-0.0756245
chr1:210000000-210500000	chr1	-0.262207	-0.577341	-0.098329	3	-0.623642	-0.692732	-0.51678	-0.499837
chr1:210500000-211000000	chr1	-0.124159	-0.042401	-0.424214	1	-0.380241	-0.192368	-0.15742	-0.270918
chr1:211000000-211500000	chr1	0.019705	-0.379222	-0.237121	2	-0.354213	-0.283107	-0.272834	-0.160469
chr1:211500000-212000000	chr1	-0.118651	-0.473985	0.151465	4	1.01984	1.02255	1.09487	0.9236
chr1:212000000-212500000	chr1	-0.143007	-0.736038	-0.015449	4	1.21303	1.18863	1.11072	1.14464
chr1:212500000-213000000	chr1	-0.164378	-0.554818	-0.178603	7	1.17913	1.09802	1.14093	1.07577
chr1:213000000-213500000	chr1	-0.259513	0.072152	-0.487888	5	0.566043	0.482197	0.426974	0.503713
chr1:213500000-214000000	chr1	0.160972	1.14125	0.209171	0	-1.10748	-1.165	-1.15905	-1.07764
chr1:214000000-214500000	chr1	0.232714	0.493341	0.052989	2	-1.18029	-1.16075	-1.09926	-1.15202
chr1:214500000-215000000	chr1	-0.109223	-0.087036	-0.167976	2	-1.21755	-1.23291	-1.26836	-1.28973
chr1:215000000-215500000	chr1	0.027929	0.103019	-0.125698	1	-1.44419	-1.41939	-1.46034	-1.44967
chr1:215500000-216000000	chr1	-0.133505	0.303288	-0.040499	1	-1.43497	-1.44812	-1.52322	-1.33426
chr1:216000000-216500000	chr1	0.272119	0.385598	0.248	0	-1.48188	-1.54597	-1.45125	-1.53551
chr1:216500000-217000000	chr1	0.035731	0.563494	0.11744	2	-1.54258	-1.47266	-1.53284	-1.52243
chr1:217000000-217500000	chr1	0.273147	0.859869	0.209037	0	-1.43895	-1.42644	-1.50257	-1.47164
chr1:217500000-218000000	chr1	0.021713	0.323624	0.032899	2	-1.31771	-1.42116	-1.35693	-1.40524
chr1:218000000-218500000	chr1	0.188829	0.306204	0.156068	1	-1.50056	-1.4658	-1.45362	-1.5941
chr1:218500000-219000000	chr1	-0.05392	-0.937984	-0.098495	1	-1.4091	-1.417	-1.39416	-1.41022
chr1:219000000-219500000	chr1	-0.179928	-0.990323	-0.089315	1	-1.13623	-1.14265	-1.05003	-1.01534
chr1:219500000-220000000	chr1	-0.296912	-0.447448	-0.21124	1	-1.38145	-1.40587	-1.49569	-1.29279
chr1:220000000-220500000	chr1	-0.273056	-0.477287	-0.265589	5	-0.0916484	-0.0806196	-0.0440472	-0.0651963
chr1:220500000-221000000	chr1	-0.318719	0.120216	-0.4335	4	-0.724152	-0.596444	-0.557556	-0.467849
chr1:221000000-221500000	chr1	-0.156529	-0.308085	-0.080361	1	-0.715768	-0.757912	-0.356101	-0.278655
chr1:221500000-222000000	chr1	-0.324464	-0.17977	-0.389515	1	-0.208323	-0.265381	-0.129585	-0.159834
chr1:222000000-222500000	chr1	-0.041594	-0.095561	-0.136393	0	-0.199223	-0.286505	-0.375891	-0.27014
chr1:222500000-223000000	chr1	-0.224638	-0.059527	-0.422136	7	-0.276678	-0.200126	-0.211402	-0.216554
chr1:223000000-223500000	chr1	-0.317156	0.409683	-0.14213	1	-0.889606	-0.942474	-1.09346	-0.983897
chr1:223500000-224000000	chr1	-0.161355	0.221303	-0.194867	4	-0.221547	-0.384274	-0.646624	-0.227086
chr1:224000000-224500000	chr1	0.044563	-0.793463	-0.338224	3	0.530615	0.472193	0.574235	0.675179
chr1:224500000-225000000	chr1	-0.164615	-0.272732	-0.348776	4	0.237761	0.336812	0.429924	0.295915
chr1:225000000-225500000	chr1	-0.440526	0.359152	-0.192086	1	-1.18036	-1.17847	-1.18821	-1.08717
chr1:225500000-226000000	chr1	0.154625	-1.10062	-0.077903	4	-0.363226	-0.397086	-0.34081	-0.324713
chr1:226000000-226500000	chr1	-0.064911	-0.889023	-0.038161	9	0.994208	1.00287	1.0157	0.925825
chr1:226500000-227000000	chr1	-0.181677	-0.436409	-0.315334	3	0.749687	0.83599	0.853432	0.882057
chr1:227000000-227500000	chr1	-0.066419	-0.852561	0.070484	2	-0.0825141	0.0142276	-0.0663708	0.0253189
chr1:227500000-228000000	chr1	-0.230947	-0.222823	-0.175902	4	-0.272851	-0.152158	-0.182383	-0.0782939
chr1:228000000-228500000	chr1	-0.177378	-0.211074	-0.16675	10	0.2915	0.200245	0.401227	0.396391
chr1:228500000-229000000	chr1	-0.09405	-0.736219	-0.175302	7	0.213049	0.219389	0.248842	0.305588
chr1:229000000-229500000	chr1	-0.100615	-0.60281	-0.221817	2	-0.0771034	-0.191529	-0.105304	-0.125671
chr1:229500000-230000000	chr1	0.023005	-0.570472	-0.085931	5	0.680016	0.680672	0.655947	0.63339
chr1:230000000-230500000	chr1	-0.129998	-0.231151	-0.286488	1	0.645787	0.602812	0.611977	0.572356
chr1:230500000-231000000	chr1	-0.085154	-0.091746	-0.171913	4	-0.0888554	-0.109407	-0.201659	-0.124323
chr1:231000000-231500000	chr1	-0.128685	-0.319025	0.026759	9	0.432225	0.340508	0.299201	0.313499
chr1:231500000-232000000	chr1	0.122468	-0.832946	-0.105898	3	0.120099	0.000629267	0.126614	0.088676
chr1:232000000-232500000	chr1	-0.156182	-0.369577	-0.1611	0	-0.907917	-0.854395	-0.901091	-0.976825
chr1:232500000-233000000	chr1	0.104356	-0.688162	-0.203632	2	-0.687957	-0.694517	-0.759971	-0.748257
chr1:233000000-233500000	chr1	-0.246267	-0.296582	-0.336348	3	-0.410797	-0.434294	-0.511981	-0.211242
chr1:233500000-234000000	chr1	0.405823	0.807409	0.130116	1	0.577938	0.680815	0.425854	0.426575
chr1:234000000-234500000	chr1	0.125188	0.813165	-0.105241	1	0.409773	0.441255	0.320537	0.199933
chr1:234500000-235000000	chr1	0.111358	-0.63081	-0.093258	3	0.754448	0.722467	0.651025	0.772154
chr1:235000000-235500000	chr1	0.0284	-0.851587	-0.251551	4	1.3037	1.28445	1.26933	1.31714
chr1:235500000-236000000	chr1	-0.158054	-0.786391	-0.242611	3	1.04527	1.07325	0.942048	0.877596
chr1:236000000-236500000	chr1	-0.100307	-0.066874	-0.327965	4	0.90037	0.785602	0.732728	0.710274
chr1:236500000-237000000	chr1	0.21489	0.145074	0.094056	5	0.0874027	0.0656179	-0.0642428	-0.0260081
chr1:237000000-237500000	chr1	0.60468	0.485752	0.121018	2	-1.09461	-1.1475	-1.22691	-1.29903
chr1:237500000-238000000	chr1	0.365071	0.541224	0.440488	0	-1.38445	-1.41338	-1.44782	-1.45831
chr1:238000000-238500000	chr1	-0.042234	0.939632	0.075681	1	-1.14121	-1.06591	-1.38434	-1.26085
chr1:238500000-239000000	chr1	0.059798	0.061246	0.037283	0	-1.24066	-1.07818	-1.4115	-1.19734
chr1:239000000-239500000	chr1	0.289139	0.792327	0.230776	0	-1.42436	-1.4127	-1.48474	-1.48599
chr1:239500000-240000000	chr1	0.155194	1.10823	0.428812	1	-1.35389	-1.30126	-1.40334	-1.51334
chr1:240000000-240500000	chr1	0.131863	0.234972	-0.009093	1	-1.39358	-1.42761	-1.44524	-1.39654
chr1:240500000-241000000	chr1	-0.220479	0.360457	-0.198168	1	-1.42568	-1.39009	-1.40847	-1.40428
chr1:241000000-241500000	chr1	0.182184	1.12129	0.149187	0	-1.32038	-1.30536	-1.31619	-1.3623
chr1:241500000-242000000	chr1	-0.236388	0.490298	-0.076473	5	-0.959576	-1.22491	-1.22139	-1.06278
chr1:242000000-242500000	chr1	0.177707	0.978204	-0.09876	3	-1.0449	-1.04339	-1.07831	-0.967193
chr1:242500000-243000000	chr1	0.449121	0.83546	0.173037	1	-1.22093	-1.09662	-1.07086	-1.00963
chr1:243000000-243500000	chr1	0.108855	-0.104152	0.064166	2	-0.000638638	-0.218105	-0.0761227	-0.0668584
chr1:243500000-244000000	chr1	-0.257576	-0.516407	0.20214	0	-0.568159	-0.638391	-0.51279	-0.528011
chr1:244000000-244500000	chr1	-0.192504	-0.253591	-0.370804	2	-0.385669	-0.466879	-0.271363	-0.246266
chr1:244500000-245000000	chr1	-0.190357	-0.186523	-0.300428	6	0.557536	0.58518	0.646101	0.614372
chr1:245000000-245500000	chr1	-0.015643	-0.710297	-0.36413	3	0.647006	0.593636	0.472688	0.374417
chr1:245500000-246000000	chr1	-0.195706	-0.303362	-0.203577	0	-0.0629466	-0.087349	-0.215336	-0.324196
chr1:246000000-246500000	chr1	0.019522	-0.715459	-0.227237	0	0.443006	0.212569	0.322055	0.337384
chr1:246500000-247000000	chr1	-0.184137	-0.566354	-0.268573	4	0.90516	0.856338	0.856907	0.845085
chr1:247000000-247500000	chr1	0.030297	0.153845	-0.139686	6	0.560447	0.660773	0.632479	0.615567
chr1:247500000-248000000	chr1	0.251076	0.84335	0.241877	13	-0.747206	-0.69185	-0.69862	-0.332356
chr1:248000000-248500000	chr1	0.438635	1.01562	0.292597	18	-0.619586	-0.70495	-0.249429	-0.331071
chr1:248500000-249000000	chr1	0.22488	1.19244	0.231626	16	0.479723	0.272167	0.606594	0.453837
chr2:3000000-3500000	chr2	-0.359178	1.33344	0.030169	2	0.716849	0.729738	0.669335	0.701401
chr2:3500000-4000000	chr2	0.092181	1.00084	-0.00639	6	0.117898	0.0733946	-0.0826769	0.00591115
chr2:4000000-4500000	chr2	0.163506	0.968543	0.165281	0	-0.979469	-0.993865	-1.25439	-1.26852
chr2:4500000-5000000	chr2	0.097387	0.693787	0.492724	0	-1.07488	-1.05177	-1.37031	-1.36288
chr2:5000000-5500000	chr2	0.299598	0.107663	-0.065574	0	-1.15144	-1.1856	-1.19898	-1.20613
chr2:5500000-6000000	chr2	-0.016849	0.008902	-0.22619	1	-1.11372	-1.02816	-1.16764	-1.13927
chr2:6000000-6500000	chr2	0.155734	0.200157	-0.237582	0	-0.251824	-0.234391	-0.051655	-0.102191
chr2:6500000-7000000	chr2	0.035762	0.284358	-0.155894	0	-0.624829	-0.566458	-0.572037	-0.489009
chr2:7000000-7500000	chr2	0.140795	0.542369	-0.190185	3	-0.0255761	-0.279	0.0760867	-0.18275
chr2:7500000-8000000	chr2	0.238188	0.583767	0.369177	0	-0.370716	-0.353737	-0.319725	-0.105562
chr2:8000000-8500000	chr2	0.072995	0.449184	-0.251508	0	0.779443	0.789945	0.744972	0.736819
chr2:8500000-9000000	chr2	-0.353409	0.192215	-0.227972	2	0.94679	0.956304	0.933797	0.837448
chr2:9000000-9500000	chr2	-0.075886	-0.543195	-0.162561	2	0.049604	0.0271289	-0.0617831	-0.109711
chr2:9500000-10000000	chr2	0.145192	-0.888613	-0.107122	6	1.37632	1.41658	1.38931	1.47417
chr2:10000000-10500000	chr2	-0.031472	-0.629213	0.052896	5	1.27929	1.2201	1.09418	1.20326
chr2:10500000-11000000	chr2	-0.22108	-0.528966	-0.347777	4	1.24204	1.17791	1.11456	1.17223
chr2:11000000-11500000	chr2	-0.171998	-0.644555	-0.041597	4	0.830508	0.867026	0.650407	0.707501
chr2:11500000-12000000	chr2	-0.375153	-0.194577	-0.206558	4	0.690172	0.78863	0.797204	0.678314
chr2:12000000-12500000	chr2	-0.253643	-0.048093	-0.159208	0	0.660542	0.834054	0.743271	0.478632
chr2:12500000-13000000	chr2	-0.34427	-0.092818	-0.467666	1	-0.324696	-0.32348	-0.401291	-0.393535
chr2:13000000-13500000	chr2	0.054507	0.376001	0.052192	0	-1.2217	-1.20364	-1.29177	-1.18954
chr2:13500000-14000000	chr2	0.231732	0.465745	0.410485	0	-0.9706	-1.04047	-0.9964	-0.894823
chr2:14000000-14500000	chr2	0.327888	0.785529	0.414259	0	-0.783351	-0.72113	-0.797708	-0.554214
chr2:14500000-15000000	chr2	0.058928	1.1296	-0.042107	1	-1.12852	-1.16203	-1.25871	-1.163
chr2:15000000-15500000	chr2	-0.06079	1.14419	-0.032293	0	-0.497153	-0.617112	-0.696739	-0.674939
chr2:15500000-16000000	chr2	-0.13399	0.498332	0.079941	2	-0.0455599	-0.0417148	-0.0943374	0.00416887
chr2:16000000-16500000	chr2	-0.008124	0.955623	0.049212	1	-0.635205	-0.72626	-0.743649	-0.615079
chr2:16500000-17000000	chr2	0.120815	0.993199	0.136754	1	-0.758743	-0.701575	-0.766572	-0.824847
chr2:17000000-17500000	chr2	0.427273	0.608009	0.395625	0	-1.19598	-1.20921	-1.30815	-1.31856
chr2:17500000-18000000	chr2	0.229795	0.089458	0.026764	5	-0.30586	-0.3322	-0.450731	-0.38185
chr2:18000000-18500000	chr2	0.061234	0.644029	-0.06886	1	-0.985996	-0.929616	-1.02973	-1.05942
chr2:18500000-19000000	chr2	0.192294	-0.235453	-0.235256	2	-0.950088	-0.96068	-0.990099	-0.905902
chr2:19000000-19500000	chr2	0.174691	-0.143374	-0.063205	0	-0.416182	-0.445381	-0.365657	-0.409832
chr2:19500000-20000000	chr2	0.004693	-0.197207	-0.163614	1	-0.905573	-0.863303	-0.990675	-0.816015
chr2:20000000-20500000	chr2	-0.02063	-0.533011	-0.018942	5	1.1231	1.14467	1.20037	1.22549
chr2:20500000-21000000	chr2	-0.095422	-0.055673	0.042805	4	0.767293	0.805475	0.79672	0.618309
chr2:21000000-21500000	chr2	0.060942	1.06022	0.067236	3	-0.740417	-0.862004	-0.826296	-0.725164
chr2:21500000-22000000	chr2	0.330348	0.896398	0.277903	0	-1.1644	-1.25124	-1.31049	-1.39559
chr2:22000000-22500000	chr2	0.420663	0.684201	0.549961	0	-1.32405	-1.40159	-1.34776	-1.3143
chr2:22500000-23000000	chr2	0.52989	0.703896	0.310757	0	-1.27877	-1.28562	-1.38315	-1.48339
chr2:23000000-23500000	chr2	0.240896	1.05967	0.198322	0	-0.773603	-0.785967	-0.943337	-0.918116
chr2:23500000-24000000	chr2	-0.180148	0.391355	-0.060355	1	0.655162	0.638669	0.429188	0.442355
chr2:24000000-24500000	chr2	-0.028548	-0.764599	-0.039746	10	1.42861	1.48882	1.45548	1.51963
chr2:24500000-25000000	chr2	-0.041898	-1.06606	-0.105533	2	1.38479	1.34742	1.4027	1.553
chr2:25000000-25500000	chr2	-0.038406	-0.581022	-0.195581	6	1.31751	1.34185	1.21511	1.29927
chr2:25500000-26000000	chr2	0.010016	-0.891385	-0.175341	2	1.46638	1.40261	1.38727	1.4828
chr2:26000000-26500000	chr2	0.200058	-1.25315	-0.056936	6	1.42574	1.44071	1.3637	1.50299
chr2:26500000-27000000	chr2	-0.147609	-0.787285	-0.174933	8	1.03252	1.02782	0.929862	0.959106
chr2:27000000-27500000	chr2	-0.166857	-0.73362	-0.13584	18	1.17954	1.14134	1.0843	1.21167
chr2:27500000-28000000	chr2	0.32845	-1.29832	-0.033944	20	1.32961	1.3291	1.3165	1.33174
chr2:28000000-28500000	chr2	0.144196	-1.41787	0.15532	2	1.08549	1.0799	1.00564	1.10722
chr2:28500000-29000000	chr2	0.030584	-0.959732	-0.153501	3	1.14138	1.09282	0.992332	1.0792
chr2:29000000-29500000	chr2	0.032259	-0.720837	0.045928	6	1.17625	1.22412	1.2071	1.01593
chr2:29500000-30000000	chr2	-0.056089	0.289006	0.128997	0	-0.15752	-0.0185137	-0.273746	-0.142259
chr2:30000000-30500000	chr2	0.040596	0.131322	0.018515	3	0.380254	0.358311	0.105155	0.295517
chr2:30500000-31000000	chr2	-0.108932	0.031027	-0.146403	1	1.08653	1.06342	1.07437	1.09912
chr2:31000000-31500000	chr2	0.147496	0.884523	-0.079008	4	0.275387	0.209396	0.0898454	0.181806
chr2:31500000-32000000	chr2	0.13846	0.454162	0.018854	2	0.0599647	0.0965284	-0.120594	-0.165452
chr2:32000000-32500000	chr2	0.081893	-0.835755	0.152156	5	1.39068	1.40202	1.30523	1.32069
chr2:32500000-33000000	chr2	0.267828	-1.39695	0.06828	3	1.36861	1.42797	1.36752	1.30056
chr2:33000000-33500000	chr2	-0.140772	-0.713482	-0.221391	1	0.639817	0.535859	0.587937	0.616165
chr2:33500000-34000000	chr2	0.038171	-0.302169	0.048361	2	0.906624	0.873386	0.928835	0.859581
chr2:34000000-34500000	chr2	0.312772	0.64873	0.160001	0	0.361871	0.39473	0.294055	0.370642
chr2:34500000-35000000	chr2	0.389679	0.591641	0.324685	0	-0.254335	-0.286606	-0.0174881	-0.132976
chr2:35000000-35500000	chr2	0.44044	0.398927	0.515687	0	-1.14304	-1.25196	-1.21958	-1.12941
chr2:35500000-36000000	chr2	0.18571	0.487812	0.276869	0	-1.26946	-1.28422	-1.30623	-1.24688
chr2:36000000-36500000	chr2	0.239115	0.531872	0.092845	0	-1.15192	-1.16909	-1.23356	-1.21765
chr2:36500000-37000000	chr2	-0.025288	-0.609565	-0.024201	3	-0.500572	-0.644734	-0.726529	-0.631673
chr2:37000000-37500000	chr2	0.218545	-1.24519	0.132634	8	1.10065	1.18616	1.13575	1.1227
chr2:37500000-38000000	chr2	0.122276	-1.35531	0.087507	3	1.19266	1.22271	1.13181	1.06879
chr2:38000000-38500000	chr2	0.143129	-1.13159	-0.054453	2	1.25362	1.32353	1.20581	1.07538
chr2:38500000-39000000	chr2	0.118956	-1.0657	-0.109691	4	1.38861	1.37364	1.32788	1.37017
chr2:39000000-39500000	chr2	0.26413	-1.40075	-0.060989	6	1.15325	1.16007	1.16449	0.915973
chr2:39500000-40000000	chr2	0.20789	-1.40142	-0.292396	2	0.514088	0.502968	0.408754	0.400584
chr2:40000000-40500000	chr2	-0.147131	-0.674161	-0.22545	1	-1.1754	-1.2191	-1.2047	-1.20757
chr2:40500000-41000000	chr2	0.070112	-1.12896	-0.062053	1	-1.33195	-1.33612	-1.34758	-1.34114
chr2:41000000-41500000	chr2	0.343629	-0.559975	0.102889	0	-1.40407	-1.37422	-1.38779	-1.55934
chr2:41500000-42000000	chr2	0.178307	0.297615	0.053691	0	-1.15499	-1.23346	-1.20253	-1.16094
chr2:42000000-42500000	chr2	-0.121782	-0.512314	-0.357542	2	0.540352	0.48878	0.519358	0.318876
chr2:42500000-43000000	chr2	-0.035232	-0.665588	-0.444915	4	1.28173	1.29987	1.26509	1.36199
chr2:43000000-43500000	chr2	-0.227641	-0.490708	-0.197242	2	1.41467	1.27401	1.30436	1.41813
chr2:43500000-44000000	chr2	0.131197	-1.06236	-0.37933	3	1.33851	1.42161	1.34538	1.41073
chr2:44000000-44500000	chr2	-0.337389	-0.674082	-0.528349	5	1.35833	1.31181	1.31611	1.26551
chr2:44500000-45000000	chr2	-0.231309	-0.432584	-0.256887	3	1.41584	1.36045	1.34395	1.24244
chr2:45000000-45500000	chr2	-0.470633	0.040193	-0.345336	2	0.695257	0.818845	0.609506	0.701157
chr2:45500000-46000000	chr2	-0.094742	-0.387456	-0.298182	2	1.30839	1.24803	1.20142	1.2743
chr2:46000000-46500000	chr2	0.068204	-0.583209	-0.150806	0	1.13544	1.20431	1.16513	1.23868
chr2:46500000-47000000	chr2	0.208587	-1.07342	-0.128531	7	1.28832	1.23976	1.31085	1.2788
chr2:47000000-47500000	chr2	-0.163205	-0.606696	-0.146527	4	1.33208	1.26697	1.26952	1.35312
chr2:47500000-48000000	chr2	-0.022321	-0.275947	-0.284379	3	1.35663	1.47732	1.38108	1.49402
chr2:48000000-48500000	chr2	-0.195209	-0.204681	0.068169	2	1.13974	1.09039	0.941986	0.992357
chr2:48500000-49000000	chr2	-0.191418	0.285126	0.013778	5	0.399438	0.409291	0.297409	0.363164
chr2:49000000-49500000	chr2	0.091876	1.20132	-0.012655	1	-1.16809	-1.15937	-1.21456	-1.30102
chr2:49500000-50000000	chr2	0.219552	0.847038	0.50073	0	-1.30794	-1.30576	-1.37521	-1.28497
chr2:50000000-50500000	chr2	0.148189	0.66501	0.395467	0	-1.34339	-1.25964	-1.37898	-1.44765
chr2:50500000-51000000	chr2	0.225383	0.692721	0.390376	0	-1.24224	-1.21692	-1.256	-1.27366
chr2:51000000-51500000	chr2	0.308026	0.564757	0.451272	1	-1.29145	-1.26655	-1.32891	-1.37255
chr2:51500000-52000000	chr2	0.420573	0.208522	0.426317	0	-1.15737	-1.26002	-1.30587	-1.29858
chr2:52000000-52500000	chr2	0.245643	0.123658	0.398942	0	0.115467	0.092365	-1.14796	-1.16552
chr2:52500000-53000000	chr2	0.17995	0.562077	0.38132	0	-0.91387	-0.988291	-1.36353	-1.28007
chr2:53000000-53500000	chr2	-0.068751	0.389894	0.305812	0	-1.23147	-1.17103	-1.2906	-1.22457
chr2:53500000-54000000	chr2	0.001019	0.269261	0.058534	1	-0.796654	-0.893785	-0.916626	-0.972572
chr2:54000000-54500000	chr2	-0.190613	-0.824117	-0.104321	6	0.762555	0.86619	0.802604	0.816807
chr2:54500000-55000000	chr2	0.001925	-1.12933	-0.235404	3	0.578756	0.632853	0.652098	0.609308
chr2:55000000-55500000	chr2	0.272427	-1.29361	0.101405	4	1.12648	1.1239	1.10355	1.05903
chr2:55500000-56000000	chr2	-0.148328	-0.918686	-0.178676	4	0.857692	1.05759	0.865986	0.911213
chr2:56000000-56500000	chr2	-0.245046	-0.137281	-0.226936	2	-0.937285	-0.856346	-0.989363	-0.807484
chr2:56500000-57000000	chr2	-0.183138	-0.0825	-0.123076	0	-0.875403	-0.887413	-0.481399	-0.343905
chr2:57000000-57500000	chr2	0.169265	0.258064	0.190506	0	-1.31373	-1.24344	-1.27769	-1.1167
chr2:57500000-58000000	chr2	-0.182658	0.379605	0.095979	0	-0.746702	-0.768285	-0.525002	-0.408898
chr2:58000000-58500000	chr2	-0.063424	-0.08723	0.035226	2	0.647194	0.68054	0.720726	0.731287
chr2:58500000-59000000	chr2	-0.202154	0.190826	-0.044484	0	-1.01403	-1.02329	-1.10786	-1.05008
chr2:59000000-59500000	chr2	-0.123143	0.612786	-0.172405	0	-1.16361	-1.15063	-1.28452	-1.22569
chr2:59500000-60000000	chr2	0.106337	0.642637	0.276031	0	-1.19108	-1.16597	-1.34446	-1.22483
chr2:60000000-60500000	chr2	0.156827	1.04253	0.218936	0	-0.967838	-0.94689	-0.881282	-0.662092
chr2:60500000-61000000	chr2	-0.168113	0.236852	-0.204419	2	0.325825	0.360151	0.218648	0.303334
chr2:61000000-61500000	chr2	0.076066	-0.83129	-0.11651	5	1.41396	1.44679	1.41434	1.41369
chr2:61500000-62000000	chr2	-0.015708	-1.12258	-0.006196	2	1.42574	1.38657	1.36387	1.44227
chr2:62000000-62500000	chr2	-0.089654	-0.666122	-0.318296	4	1.39519	1.34241	1.37223	1.30593
chr2:62500000-63000000	chr2	-0.072753	-0.337302	-0.232328	2	1.23156	1.3387	1.21842	1.25684
chr2:63000000-63500000	chr2	0.041736	-0.406234	0.075877	1	1.11759	1.03933	0.972149	0.810453
chr2:63500000-64000000	chr2	0.00232	-0.331305	0.076754	2	1.18659	1.15062	1.18455	1.05326
chr2:64000000-64500000	chr2	0.207318	-1.22074	-0.185808	3	1.39891	1.39782	1.39798	1.42635
chr2:64500000-65000000	chr2	-0.348504	-0.906509	0.030327	3	1.37364	1.30847	1.30086	1.34558
chr2:65000000-65500000	chr2	-0.209211	-0.813066	-0.240326	4	1.39477	1.38414	1.28928	1.45807
chr2:65500000-66000000	chr2	-0.12854	-0.432822	-0.179661	1	0.962418	0.904666	0.845896	0.886987
chr2:66000000-66500000	chr2	-0.022689	0.62058	-0.137093	0	-0.708972	-0.829358	-0.727551	-0.741277
chr2:66500000-67000000	chr2	0.032316	-0.603359	-0.200338	1	-0.933031	-0.875873	-1.10228	-0.960088
chr2:67000000-67500000	chr2	0.135758	-0.96627	-0.206277	0	-0.822149	-0.831019	-1.13876	-1.18043
chr2:67500000-68000000	chr2	0.057442	-0.791031	0.067108	1	-0.306199	-0.327834	-0.950042	-0.918691
chr2:68000000-68500000	chr2	-0.054221	-0.756291	0.045883	4	0.428762	0.46156	0.360929	0.443294
chr2:68500000-69000000	chr2	0.061039	-0.827968	0.066437	6	0.701732	0.736586	0.551194	0.657391
chr2:69000000-69500000	chr2	0.018272	-0.970744	-0.057123	4	-0.121287	-0.0678779	-0.23989	-0.16213
chr2:69500000-70000000	chr2	0.104724	-1.09108	0.124616	4	1.3813	1.38825	1.33021	1.39662
chr2:70000000-70500000	chr2	-0.157215	-0.96874	-0.032853	8	1.44873	1.44126	1.38127	1.47343
chr2:70500000-71000000	chr2	-0.206467	0.131372	-0.362635	4	0.399981	0.318593	0.163162	0.226136
chr2:71000000-71500000	chr2	-0.268969	-0.155067	-0.354725	11	0.691311	0.603097	0.59398	0.668819
chr2:71500000-72000000	chr2	-0.009838	-0.610648	-0.18749	2	0.165151	0.168638	0.332198	0.253858
chr2:72000000-72500000	chr2	-0.254947	-0.47978	-0.113083	1	-0.706206	-0.680285	-0.662662	-0.689385
chr2:72500000-73000000	chr2	-0.118901	-1.06024	-0.162424	0	-0.936609	-0.838573	-0.7783	-0.697567
chr2:73000000-73500000	chr2	-0.077404	-0.712983	0.151515	9	0.43136	0.432896	0.456419	0.637266
chr2:73500000-74000000	chr2	-0.403034	-0.058537	-0.195843	5	1.23273	1.24012	1.08323	1.25438
chr2:74000000-74500000	chr2	-0.066752	-0.51943	-0.097905	9	1.50339	1.39963	1.43153	1.57044
chr2:74500000-75000000	chr2	-0.10895	-0.698632	-0.252392	21	1.42021	1.40129	1.32358	1.47283
chr2:75000000-75500000	chr2	-0.032475	-0.191664	-0.292632	3	0.757038	0.948161	0.856665	0.907844
chr2:75500000-76000000	chr2	-0.208055	-0.134376	-0.10338	3	0.638863	0.639458	0.657094	0.515779
chr2:76000000-76500000	chr2	0.124281	0.76906	0.403078	0	-0.95707	-0.921624	-0.890912	-0.699019
chr2:76500000-77000000	chr2	0.20914	0.690381	0.336562	0	-0.642072	-0.537115	-0.614489	-0.600034
chr2:77000000-77500000	chr2	0.008959	0.243811	0.223817	0	-0.909497	-0.781004	-1.16697	-1.21262
chr2:77500000-78000000	chr2	0.111461	0.469945	0.35264	1	-0.927251	-0.972391	-1.29824	-1.27108
chr2:78000000-78500000	chr2	0.218213	0.502909	0.457594	0	-0.211023	-0.232345	-0.929649	-0.804303
chr2:78500000-79000000	chr2	0.198473	0.41166	0.288168	0	-0.745841	-0.81144	-0.986389	-0.959445
chr2:79000000-79500000	chr2	0.153288	0.877804	0.107111	4	-0.9852	-0.944759	-1.09411	-1.13403
chr2:79500000-80000000	chr2	0.02945	0.853011	0.223618	1	-1.27792	-1.31239	-1.31239	-1.30626
chr2:80000000-80500000	chr2	0.12552	0.92406	-0.053241	0	-1.04317	-1.03331	-1.13782	-1.2169
chr2:80500000-81000000	chr2	-0.111198	0.912256	0.230546	1	0.143077	0.171433	0.180156	0.280498
chr2:81000000-81500000	chr2	0.237859	0.703252	0.196934	0	-1.09891	-1.15108	-1.10811	-1.16532
chr2:81500000-82000000	chr2	0.059182	0.624332	-0.000718	0	-1.20476	-1.28367	-1.33241	-1.32519
chr2:82000000-82500000	chr2	0.285854	0.413168	0.200208	0	-1.34573	-1.31512	-1.39682	-1.40358
chr2:82500000-83000000	chr2	-0.04634	0.329321	0.415086	0	-1.30372	-1.32539	-1.41836	-1.3863
chr2:83000000-83500000	chr2	0.176981	-0.094669	0.218229	0	-1.3145	-1.31321	-1.41813	-1.49081
chr2:83500000-84000000	chr2	0.352483	0.181057	0.306564	0	-1.37756	-1.38451	-1.41882	-1.45011
chr2:84000000-84500000	chr2	0.122629	0.844461	0.230755	0	-1.0296	-0.979732	-1.17239	-1.09164
chr2:84500000-85000000	chr2	-0.042688	0.707837	-0.151022	2	-0.668889	-0.579794	-0.628315	-0.687896
chr2:85000000-85500000	chr2	-0.248999	-0.254782	-0.247586	4	0.846832	0.829667	0.751626	0.884813
chr2:85500000-86000000	chr2	-0.188024	-0.586432	-0.101399	16	1.4235	1.41901	1.40454	1.46248
chr2:86000000-86500000	chr2	0.077281	-0.707499	-0.107027	5	1.50431	1.5276	1.47168	1.54633
chr2:86500000-87000000	chr2	-0.209757	-0.454657	-0.179801	5	1.39471	1.43477	1.36403	1.52281
chr2:88000000-88500000	chr2	-0.091826	0.181802	-0.327807	6	0.166347	-0.07548	0.0748026	0.231825
chr2:88500000-89000000	chr2	-0.239397	0.70333	0.02062	4	0.156255	0.367009	0.224612	0.190266
chr2:89000000-89500000	chr2	-0.012132	1.20854	0.048864	0	-0.417641	-0.391097	-0.350559	-0.437662
chr2:90000000-90500000	chr2	0.063084	1.32302	-0.146589	0	-0.834158	-0.712618	-0.872444	-0.938214
chr2:95500000-96000000	chr2	-0.23755	1.06308	0.12252	8	0.402282	0.380088	0.333576	0.341888
chr2:96000000-96500000	chr2	-0.479292	0.775745	-0.034858	3	0.344857	0.403035	0.376441	0.4312
chr2:96500000-97000000	chr2	-0.115246	-0.066274	-0.182856	10	1.37767	1.39827	1.31871	1.40674
chr2:97000000-97500000	chr2	-0.273877	-0.167443	-0.169787	8	1.35631	1.29561	1.29703	1.52319
chr2:97500000-98000000	chr2	-0.532112	0.226411	-0.288541	6	1.19	1.11358	1.11205	1.19058
chr2:98000000-98500000	chr2	-0.295527	-0.03265	-0.1869	5	1.18589	1.20221	1.14352	0.951826
chr2:98500000-99000000	chr2	-0.223368	0.10269	-0.137931	3	1.13997	1.17639	1.19589	1.20172
chr2:99000000-99500000	chr2	-0.15595	0.214945	-0.16053	4	1.13839	1.1744	1.21695	1.27309
chr2:99500000-100000000	chr2	-0.039452	-0.209961	-0.079652	10	1.19036	1.24515	1.12775	1.1178
chr2:100000000-100500000	chr2	0.053471	-0.606501	-0.20008	1	0.335881	0.218337	0.20894	0.144224
chr2:100500000-101000000	chr2	0.120931	-0.647421	-0.153595	2	-0.000692331	-0.0164589	-0.230376	-0.192893
chr2:101000000-101500000	chr2	-0.167235	-0.189447	-0.241397	4	0.463131	0.388701	0.257933	0.330206
chr2:101500000-102000000	chr2	0.133553	-0.724364	-0.078791	4	0.474869	0.509748	0.567461	0.649155
chr2:102000000-102500000	chr2	-0.00196	-0.737576	-0.128964	3	0.102373	-0.005481	0.354591	0.229717
chr2:102500000-103000000	chr2	0.123072	-0.62042	-0.065598	5	-0.41475	-0.374219	-0.200332	-0.384578
chr2:103000000-103500000	chr2	-0.159869	0.672372	0.014561	5	-0.949176	-0.945606	-1.02755	-0.916477
chr2:103500000-104000000	chr2	0.332794	0.939736	0.28202	0	-1.43241	-1.47286	-1.45778	-1.57053
chr2:104000000-104500000	chr2	0.318857	0.586825	0.500243	0	-1.53819	-1.49222	-1.51452	-1.47822
chr2:104500000-105000000	chr2	0.233805	0.801768	0.139321	0	-1.47363	-1.48689	-1.50248	-1.55243
chr2:105000000-105500000	chr2	0.008	1.03763	0.201624	1	-1.26944	-1.32524	-1.30934	-1.40578
chr2:105500000-106000000	chr2	-0.086954	0.532298	-0.112903	4	-0.108739	-0.187095	-0.272766	-0.254086
chr2:106000000-106500000	chr2	0.068255	0.141961	-0.176546	2	0.435226	0.329618	0.22354	0.235095
chr2:106500000-107000000	chr2	0.001961	0.833716	-0.162142	2	0.148269	0.0656701	0.105261	0.245413
chr2:107000000-107500000	chr2	-0.104072	0.693599	-0.01552	2	-0.929868	-0.955274	-0.999843	-0.906894
chr2:107500000-108000000	chr2	0.363116	0.051961	-0.008049	1	-1.39765	-1.39743	-1.36971	-1.31889
chr2:108000000-108500000	chr2	-0.121203	0.413348	0.205094	1	-1.35673	-1.36031	-1.40361	-1.28857
chr2:108500000-109000000	chr2	0.026358	0.433865	0.024049	4	-1.05908	-1.0829	-1.07805	-1.05271
chr2:109000000-109500000	chr2	-0.171328	-0.891395	0.07719	4	1.08224	1.2133	1.12076	1.23577
chr2:109500000-110000000	chr2	-0.346747	-0.295745	-0.125415	2	0.000294682	-0.103758	-0.103493	-0.142535
chr2:110000000-110500000	chr2	0.047184	-0.758757	-0.601949	2	0.980395	0.886707	0.659782	0.851867
chr2:111500000-112000000	chr2	0.021233	-0.60162	-0.00046	1	0.903497	0.801037	0.786944	0.934442
chr2:112000000-112500000	chr2	0.068597	-0.639701	0.096935	0	0.15719	0.190159	0.158323	0.16408
chr2:112500000-113000000	chr2	-0.122444	-0.603146	-0.327035	4	0.869708	1.00096	0.952161	0.985224
chr2:113000000-113500000	chr2	-0.126796	-0.735511	-0.246073	8	1.44718	1.43065	1.42958	1.41898
chr2:113500000-114000000	chr2	-0.274667	-0.069001	-0.360908	11	1.22925	1.23833	1.18852	1.21776
chr2:114500000-115000000	chr2	0.053242	0.216631	-0.00152	2	0.400064	0.308988	0.315197	0.183738
chr2:115000000-115500000	chr2	0.193397	0.951577	0.017933	1	-1.34849	-1.40241	-1.33155	-1.42768
chr2:115500000-116000000	chr2	0.365995	0.86302	0.304721	0	-1.43987	-1.40045	-1.504	-1.55055
chr2:116000000-116500000	chr2	0.191008	0.764111	0.708709	0	-1.44699	-1.49007	-1.52122	-1.50147
chr2:116500000-117000000	chr2	0.49723	0.648718	0.591713	0	-1.50559	-1.48287	-1.47926	-1.46555
chr2:117000000-117500000	chr2	0.319188	0.611451	0.433345	0	-1.47832	-1.46193	-1.53573	-1.5288
chr2:117500000-118000000	chr2	0.237815	0.68641	0.171552	0	-1.49134	-1.49573	-1.42516	-1.55601
chr2:118000000-118500000	chr2	0.18301	0.970901	0.426906	0	-1.19718	-1.31206	-1.25471	-1.20047
chr2:118500000-119000000	chr2	-0.140515	0.645715	-0.250057	3	0.0685846	0.0682388	0.265482	0.124565
chr2:119000000-119500000	chr2	-0.042128	0.905435	0.338493	0	-0.951619	-0.972476	-0.940284	-0.958061
chr2:119500000-120000000	chr2	-0.1559	1.16549	-0.01323	4	-0.196038	-0.276195	-0.287715	-0.154617
chr2:120000000-120500000	chr2	-0.054225	0.290816	-0.121793	6	0.740152	0.809326	0.7311	0.702037
chr2:120500000-121000000	chr2	-0.151856	-0.509259	-0.0917	3	1.39384	1.41435	1.39737	1.49211
chr2:121000000-121500000	chr2	-0.187158	-0.167337	-0.106441	3	0.377928	0.271553	0.285333	0.253482
chr2:121500000-122000000	chr2	-0.311325	0.036441	-0.25416	0	-0.0152459	-0.119195	-0.227179	-0.203751
chr2:122000000-122500000	chr2	-0.115766	-0.535574	-0.275694	4	1.18585	1.2433	1.21716	1.23526
chr2:122500000-123000000	chr2	0.122232	0.822191	0.019372	1	-0.299909	-0.480905	-0.519468	-0.571998
chr2:123000000-123500000	chr2	0.173469	0.693173	0.003778	0	0.450123	0.42275	0.537045	0.626971
chr2:123500000-124000000	chr2	-0.03223	0.261642	0.272405	0	-0.749646	-0.628022	-0.759147	-0.579331
chr2:124000000-124500000	chr2	0.143195	0.361968	0.14524	0	-1.44791	-1.42744	-1.4493	-1.51506
chr2:124500000-125000000	chr2	0.24455	0.510701	0.250925	1	-1.37757	-1.34868	-1.4128	-1.41496
chr2:125000000-125500000	chr2	0.272135	0.640304	0.292523	0	-1.35974	-1.3648	-1.39538	-1.38695
chr2:125500000-126000000	chr2	0.105734	0.538719	0.334946	0	-0.558456	-0.585499	-0.71043	-0.623268
chr2:126000000-126500000	chr2	0.406608	0.522268	0.25661	0	0.428245	0.422848	0.299431	0.221939
chr2:126500000-127000000	chr2	0.265876	0.657638	0.539673	0	-1.3247	-1.38594	-1.39501	-1.29757
chr2:127000000-127500000	chr2	0.030256	0.708854	0.314683	1	-1.06502	-1.05413	-1.14981	-1.08476
chr2:127500000-128000000	chr2	-0.360044	0.574868	0.04934	3	-0.39122	-0.304193	-0.452054	-0.362048
chr2:128000000-128500000	chr2	-0.168667	-0.512826	0.043994	8	1.3506	1.32867	1.29909	1.40064
chr2:128500000-129000000	chr2	0.084144	-0.556252	-0.107157	5	1.49224	1.36193	1.40642	1.46995
chr2:129000000-129500000	chr2	-0.146337	0.368676	0.303968	1	0.2041	0.186256	0.133731	0.229539
chr2:129500000-130000000	chr2	0.106415	0.69003	0.521656	0	0.738246	0.736963	0.621157	0.506703
chr2:130000000-130500000	chr2	0.261976	0.81355	0.058626	0	0.42781	0.372129	0.51895	0.507609
chr2:130500000-131000000	chr2	-0.151918	0.938413	0.047021	6	0.169773	0.187521	0.0432896	0.2185
chr2:131000000-131500000	chr2	-0.297022	0.595493	0.20657	8	0.485522	0.399522	0.459798	0.648493
chr2:131500000-132000000	chr2	-0.259368	0.768269	-0.131904	6	0.461156	0.567258	0.378937	0.302165
chr2:132000000-132500000	chr2	-0.13114	0.540171	0.03501	4	0.993809	0.952282	0.874446	0.818407
chr2:132500000-133000000	chr2	0.220814	0.524966	0.28556	1	-0.423024	-0.499914	-0.327643	-0.270215
chr2:133000000-133500000	chr2	-0.173089	0.466007	-0.121415	2	-0.899813	-0.887967	-0.874533	-0.792902
chr2:133500000-134000000	chr2	-0.331125	0.280342	-0.245212	0	-1.11286	-1.17521	-1.11558	-1.13326
chr2:134000000-134500000	chr2	-0.138066	-0.085912	-0.302187	1	-0.870048	-0.778315	-0.648243	-0.64666
chr2:134500000-135000000	chr2	-0.157621	0.265748	-0.365677	0	-0.249855	-0.0627385	-0.232741	-0.0461681
chr2:135000000-135500000	chr2	-0.056008	0.557137	-0.524427	2	1.13888	1.00219	1.17969	1.14496
chr2:135500000-136000000	chr2	-0.111801	-0.067233	-0.217581	4	1.18183	1.21221	1.32741	1.23664
chr2:136000000-136500000	chr2	-0.256236	0.150869	-0.117083	3	1.25018	1.26551	1.26264	1.26905
chr2:136500000-137000000	chr2	-0.154208	0.575289	-0.210413	4	1.44436	1.42467	1.4247	1.47592
chr2:137000000-137500000	chr2	0.082343	1.27258	-0.102528	0	0.178364	0.251198	0.150395	0.0736636
chr2:137500000-138000000	chr2	0.327872	0.701942	0.053273	1	-1.39879	-1.36243	-1.39483	-1.369
chr2:138000000-138500000	chr2	0.183784	0.901355	0.359992	0	-1.44086	-1.4385	-1.45264	-1.49787
chr2:138500000-139000000	chr2	0.151039	0.298715	0.196749	1	-0.691011	-0.71086	-0.751779	-0.608262
chr2:139000000-139500000	chr2	0.000166	0.23978	0.174929	1	0.451857	0.496179	0.611129	0.467194
chr2:139500000-140000000	chr2	0.227994	0.476174	0.303047	1	-1.0133	-1.03501	-1.21733	-1.14962
chr2:140000000-140500000	chr2	0.274749	0.70756	0.455982	0	-1.46526	-1.42904	-1.47771	-1.48338
chr2:140500000-141000000	chr2	0.414505	0.685626	0.383404	0	-1.40633	-1.46017	-1.48695	-1.42408
chr2:141000000-141500000	chr2	0.1993	0.02172	0.481297	0	-1.42219	-1.43968	-1.44674	-1.47712
chr2:141500000-142000000	chr2	-0.078664	-0.161099	-0.046737	0	-1.43708	-1.47477	-1.38014	-1.50342
chr2:142000000-142500000	chr2	-0.023434	-0.182082	0.054765	0	-1.43172	-1.47448	-1.47567	-1.43807
chr2:142500000-143000000	chr2	0.307719	-0.209983	0.324093	1	-1.44678	-1.41395	-1.39236	-1.47495
chr2:143000000-143500000	chr2	-0.001628	0.3906	0.011305	0	-1.42464	-1.43761	-1.37212	-1.35662
chr2:143500000-144000000	chr2	0.040806	0.110859	-0.161993	2	0.309912	0.369227	0.40676	0.303397
chr2:144000000-144500000	chr2	0.071354	-0.56776	-0.151511	0	-0.00194464	-0.0208866	-0.0446355	-0.0374023
chr2:144500000-145000000	chr2	-0.090994	-0.470881	-0.223433	0	0.324713	0.384558	0.422473	0.110408
chr2:145000000-145500000	chr2	-0.080475	-0.714068	-0.284498	2	0.484586	0.524747	0.503827	0.480038
chr2:145500000-146000000	chr2	-0.006467	-0.807548	-0.338441	0	-1.21764	-1.27337	-1.31552	-1.19995
chr2:146000000-146500000	chr2	-0.09385	-0.558081	-0.038676	0	-0.915774	-0.956229	-0.714561	-0.749612
chr2:146500000-147000000	chr2	0.064402	-0.33092	0.19723	0	-1.32331	-1.29523	-0.984767	-0.895894
chr2:147000000-147500000	chr2	-0.153598	-0.253077	0.105306	0	-1.01664	-1.06664	-0.709725	-0.616397
chr2:147500000-148000000	chr2	0.189111	0.08379	0.18625	0	-0.0484306	-0.142975	-0.104091	-0.067591
chr2:148000000-148500000	chr2	0.152069	0.503186	0.111225	0	0.287687	0.354809	0.192125	0.32626
chr2:148500000-149000000	chr2	0.043194	-0.576068	-0.048749	3	0.843244	0.892302	0.866624	0.829667
chr2:149000000-149500000	chr2	-0.086675	-0.387957	-0.130682	1	0.918878	0.851443	0.927739	0.810073
chr2:149500000-150000000	chr2	-0.190413	-0.083608	-0.212382	2	0.448978	0.267146	0.44583	0.502323
chr2:150000000-150500000	chr2	-0.261727	-0.214386	-0.552102	2	-0.757304	-0.825373	-0.798724	-0.696791
chr2:150500000-151000000	chr2	-0.153567	-0.709444	-0.262619	0	-1.42733	-1.41351	-1.41418	-1.42719
chr2:151000000-151500000	chr2	-0.131849	-0.869743	-0.041445	1	-1.4332	-1.35916	-1.42758	-1.4838
chr2:151500000-152000000	chr2	-0.020543	-0.409906	-0.185587	0	-1.41892	-1.37843	-1.45288	-1.39074
chr2:152000000-152500000	chr2	2e-06	-0.395853	-0.214954	4	0.130651	0.255266	0.20836	0.123031
chr2:152500000-153000000	chr2	0.102402	0.022957	-0.406309	3	0.883578	0.844253	0.973741	0.796
chr2:153000000-153500000	chr2	-0.287628	-0.278023	-0.112059	2	1.09184	1.11272	1.12151	1.14178
chr2:153500000-154000000	chr2	0.147207	0.45089	-0.093899	2	-0.843679	-0.826472	-0.95577	-0.881524
chr2:154000000-154500000	chr2	0.270185	1.00373	0.095095	1	-1.50854	-1.47372	-1.49074	-1.39831
chr2:154500000-155000000	chr2	0.399865	0.653732	0.70278	1	-1.52311	-1.5136	-1.52364	-1.52123
chr2:155000000-155500000	chr2	0.513918	0.481082	0.682166	0	-1.20266	-1.08335	-1.18608	-1.13506
chr2:155500000-156000000	chr2	0.440986	0.760562	0.610758	1	-0.676684	-0.775783	-0.727144	-0.785097
chr2:156000000-156500000	chr2	0.242584	0.808519	0.43706	0	-1.04423	-0.971575	-0.86834	-1.00151
chr2:156500000-157000000	chr2	0.173658	0.796847	0.31754	0	-1.24462	-1.26961	-1.36172	-1.31961
chr2:157000000-157500000	chr2	-0.258647	0.384655	-0.175021	2	0.193778	0.132791	0.182873	-0.0223795
chr2:157500000-158000000	chr2	-0.058651	0.750535	0.315852	0	-1.35876	-1.33448	-1.34403	-1.34566
chr2:158000000-158500000	chr2	-0.198701	0.545914	0.219557	4	-0.0397741	-0.188811	-0.043733	-0.0780475
chr2:158500000-159000000	chr2	-0.039787	4.3e-05	-0.087129	2	-1.25379	-1.13825	-1.19719	-0.975111
chr2:159000000-159500000	chr2	-0.078492	-0.0596	-0.1498	2	-0.685815	-0.639534	-0.684562	-0.62483
chr2:159500000-160000000	chr2	-0.041976	-0.550503	-0.104394	2	0.168973	0.19765	0.0820942	-0.0381654
chr2:160000000-160500000	chr2	0.191121	-1.27636	0.051433	2	1.32919	1.37044	1.31393	1.31025
chr2:160500000-161000000	chr2	0.335623	-1.36945	-0.240038	4	1.12134	1.11253	1.23355	1.29926
chr2:161000000-161500000	chr2	0.018552	-1.14058	-0.00787	2	-1.0689	-1.05931	-0.819467	-0.770609
chr2:161500000-162000000	chr2	-0.201083	-0.752102	-0.137209	0	-0.730632	-0.926644	-0.739465	-0.613808
chr2:162000000-162500000	chr2	-0.089688	-0.132758	0.0498	4	0.121191	0.209898	0.230897	0.140468
chr2:162500000-163000000	chr2	0.040863	0.325952	0.121217	1	-1.3118	-1.3133	-1.31915	-1.23479
chr2:163000000-163500000	chr2	-0.040735	0.279944	0.002628	4	-0.997168	-1.02629	-1.03517	-1.01481
chr2:163500000-164000000	chr2	0.322329	0.528693	0.088294	1	-1.18799	-1.17325	-1.23032	-1.15185
chr2:164000000-164500000	chr2	-0.146735	-0.211386	0.004872	0	-1.47772	-1.42489	-1.45209	-1.46989
chr2:164500000-165000000	chr2	-0.09255	-0.194803	-0.194154	1	-1.32452	-1.31414	-1.41642	-1.34186
chr2:165000000-165500000	chr2	0.135566	0.107417	0.062564	1	-1.4582	-1.42476	-1.49595	-1.45864
chr2:165500000-166000000	chr2	-0.00821	-0.300355	-0.038848	2	-0.667291	-0.684032	-0.803826	-0.731515
chr2:166000000-166500000	chr2	0.012573	0.59429	-0.04686	3	-0.175968	-0.104895	0.00230563	0.180911
chr2:166500000-167000000	chr2	-0.163893	0.701405	-0.075685	3	-0.624705	-0.680138	-0.605297	-0.470874
chr2:167000000-167500000	chr2	0.341225	0.255896	0.382715	2	-1.49632	-1.47719	-1.50404	-1.65104
chr2:167500000-168000000	chr2	0.162825	0.634861	0.303282	1	-1.21206	-1.14056	-1.08522	-1.05377
chr2:168000000-168500000	chr2	0.145055	0.299934	0.18895	1	-1.46941	-1.40034	-1.49994	-1.41493
chr2:168500000-169000000	chr2	0.004409	0.645594	-0.020052	0	-1.38304	-1.42597	-1.4546	-1.37656
chr2:169000000-169500000	chr2	-0.040603	-0.399353	-0.053196	2	-0.93504	-0.970335	-1.04102	-0.850284
chr2:169500000-170000000	chr2	0.156382	-0.09328	-0.453932	5	-0.829443	-0.705502	-0.862159	-0.850247
chr2:170000000-170500000	chr2	0.097163	-0.308208	-0.215102	5	0.431299	0.427813	0.352026	0.232461
chr2:170500000-171000000	chr2	0.022651	-1.02029	-0.020555	6	1.44742	1.46611	1.42664	1.44478
chr2:171000000-171500000	chr2	-0.020936	-0.169218	-0.416328	1	1.32129	1.2441	1.16752	1.24637
chr2:171500000-172000000	chr2	-0.135588	-0.645131	-0.035224	4	1.34811	1.31404	1.33172	1.2749
chr2:172000000-172500000	chr2	-0.036989	-1.067	0.027239	4	1.50595	1.51971	1.46134	1.56111
chr2:172500000-173000000	chr2	-0.160806	-1.1641	-0.250267	6	1.44895	1.44851	1.46369	1.39022
chr2:173000000-173500000	chr2	0.064583	-0.874062	-0.194751	2	0.818938	0.817303	0.877994	0.846134
chr2:173500000-174000000	chr2	-0.005444	-1.2247	-0.182193	2	-0.029824	-0.0495371	-0.126925	-0.182093
chr2:174000000-174500000	chr2	0.106313	-0.919405	-0.193817	1	0.464687	0.509839	0.322552	0.195628
chr2:174500000-175000000	chr2	0.137	-1.10455	-0.032114	1	1.10795	1.18023	1.03303	1.06515
chr2:175000000-175500000	chr2	0.012459	-0.990913	-0.176833	6	1.38424	1.44657	1.45418	1.38139
chr2:175500000-176000000	chr2	0.085785	-0.797972	0.034902	2	0.576927	0.43404	0.412964	0.316673
chr2:176000000-176500000	chr2	0.324031	0.169874	-0.03568	2	-0.118444	0.0658178	-0.206054	-0.181164
chr2:176500000-177000000	chr2	0.200854	-0.088862	-0.003788	8	0.0138362	0.0818669	-0.218192	-0.0799516
chr2:177000000-177500000	chr2	0.048009	0.09872	-0.198851	4	0.994759	0.829641	0.717945	0.534723
chr2:177500000-178000000	chr2	0.369193	0.647061	0.021019	0	1.39169	1.43983	1.37657	1.36595
chr2:178000000-178500000	chr2	0.103953	-0.775884	-0.011869	5	1.30522	1.31554	1.30161	1.3
chr2:178500000-179000000	chr2	0.27305	0.337248	0.111236	2	-0.123011	0.0129824	-0.212458	-0.111911
chr2:179000000-179500000	chr2	0.333105	-0.503554	-0.032699	5	0.998424	0.921774	0.818726	0.755465
chr2:179500000-180000000	chr2	0.370991	0.152074	0.160907	2	1.06547	1.12507	1.05705	1.1134
chr2:180000000-180500000	chr2	0.295286	-0.058504	0.08774	1	-0.610283	-0.644553	-0.413096	-0.496706
chr2:180500000-181000000	chr2	0.086035	0.16421	0.166896	2	-1.10746	-1.10877	-1.14712	-1.17972
chr2:181000000-181500000	chr2	0.128187	-0.144221	0.096792	0	-1.21035	-1.23716	-0.870629	-0.966629
chr2:181500000-182000000	chr2	-0.114637	-0.392085	-0.074084	1	-1.05346	-1.1841	-1.17322	-1.20318
chr2:182000000-182500000	chr2	0.017674	-0.183005	0.017363	1	0.741161	0.815565	0.807616	0.785146
chr2:182500000-183000000	chr2	-0.063951	-0.609486	-0.150677	4	-0.823277	-0.856327	-0.887585	-0.772848
chr2:183000000-183500000	chr2	0.105645	-0.271042	-0.051603	1	-1.37429	-1.38935	-1.42768	-1.48535
chr2:183500000-184000000	chr2	-0.109109	-0.606743	0.184519	5	-0.843013	-0.882692	-0.903923	-0.647664
chr2:184000000-184500000	chr2	0.235657	0.425499	-0.033398	0	-1.08779	-1.06936	-1.17892	-1.00172
chr2:184500000-185000000	chr2	0.166803	0.652947	0.23372	0	-1.14419	-1.15085	-1.27272	-1.27297
chr2:185000000-185500000	chr2	0.138396	-0.076696	0.318904	1	-0.249512	-0.409652	-0.574465	-0.650422
chr2:185500000-186000000	chr2	0.147151	0.213348	0.475851	0	-0.822831	-0.747223	-0.903089	-0.803774
chr2:186000000-186500000	chr2	-0.044066	0.317662	0.351298	0	-1.32513	-1.28914	-1.31306	-1.32096
chr2:186500000-187000000	chr2	0.351594	0.544817	0.169089	1	-1.11373	-1.00056	-1.03433	-0.821855
chr2:187000000-187500000	chr2	0.016164	0.135649	-0.056567	2	0.28272	0.277984	0.367644	0.319203
chr2:187500000-188000000	chr2	0.011355	-0.129327	0.005432	2	-0.862107	-0.823997	-0.333249	-0.516957
chr2:188000000-188500000	chr2	-0.194399	-0.365929	-0.010204	2	-0.675469	-0.537936	-0.382585	-0.29843
chr2:188500000-189000000	chr2	-0.079344	-0.694468	-0.010589	0	-1.37585	-1.3452	-1.30679	-1.37953
chr2:189000000-189500000	chr2	0.0072	-0.914172	0.102479	1	-1.44048	-1.34326	-1.40699	-1.39025
chr2:189500000-190000000	chr2	0.173705	-1.37476	0.106923	1	-1.33973	-1.35821	-1.39711	-1.43227
chr2:190000000-190500000	chr2	-0.188097	-0.952401	-0.091214	3	-0.654639	-0.543792	-0.753142	-0.761986
chr2:190500000-191000000	chr2	-0.124255	-0.539075	-0.022047	6	1.07133	1.02472	1.10661	1.02126
chr2:191000000-191500000	chr2	-0.343019	-0.266547	-0.387535	5	1.23167	1.24234	1.18388	1.3176
chr2:191500000-192000000	chr2	-0.223955	-1.14226	0.01499	3	1.28748	1.33616	1.2577	1.37237
chr2:192000000-192500000	chr2	-0.175716	-0.820499	-0.206017	2	0.0410665	0.164208	0.142216	0.0104369
chr2:192500000-193000000	chr2	0.044701	-0.512995	-0.091292	2	0.353322	0.21726	0.55841	0.461637
chr2:193000000-193500000	chr2	0.008864	-0.012979	-0.025991	1	-1.307	-1.32826	-1.18973	-1.12569
chr2:193500000-194000000	chr2	0.266034	0.287181	0.313935	0	-1.36116	-1.36801	-1.36826	-1.3604
chr2:194000000-194500000	chr2	0.034154	0.192659	0.498958	0	-1.31982	-1.3236	-1.20562	-1.2351
chr2:194500000-195000000	chr2	0.074672	-0.006436	0.239287	0	-1.07706	-1.03143	-0.862384	-0.857401
chr2:195000000-195500000	chr2	0.521914	0.484139	0.437867	0	-1.02687	-1.01449	-0.811492	-0.782384
chr2:195500000-196000000	chr2	0.219746	0.700227	0.400918	0	-1.15654	-1.26514	-0.965786	-0.8719
chr2:196000000-196500000	chr2	0.035648	-0.005317	-0.018204	0	-0.700168	-0.714553	-0.496483	-0.376758
chr2:196500000-197000000	chr2	-0.054999	0.089742	0.030569	2	-0.0213397	0.0416528	0.0608605	0.00204672
chr2:197000000-197500000	chr2	-0.026894	-0.394222	-0.312582	2	0.922628	0.997925	0.97682	1.02883
chr2:197500000-198000000	chr2	-0.453512	0.160767	-0.18376	4	1.14989	1.07978	1.11771	1.07859
chr2:198000000-198500000	chr2	-0.135387	0.080719	-0.346917	6	1.3238	1.38955	1.29902	1.47755
chr2:198500000-199000000	chr2	0.232227	0.272464	0.194318	4	0.879556	0.942471	0.948498	1.03401
chr2:199000000-199500000	chr2	0.555584	0.705249	0.267217	0	-0.877328	-0.842849	-0.864233	-0.717149
chr2:199500000-200000000	chr2	0.249403	0.711096	0.333693	0	-0.907352	-0.90258	-0.643107	-0.48411
chr2:200000000-200500000	chr2	-0.081782	0.679029	-0.287445	1	-0.859778	-0.752393	-0.583858	-0.717144
chr2:200500000-201000000	chr2	-0.130395	0.386477	-0.270616	4	-0.493874	-0.455431	-0.622263	-0.367911
chr2:201000000-201500000	chr2	-0.278874	-0.221611	-0.136163	4	-0.00429937	-0.0969536	-0.0740864	0.0308996
chr2:201500000-202000000	chr2	0.108965	-1.07247	-0.099527	8	1.34068	1.29068	1.28464	1.27065
chr2:202000000-202500000	chr2	0.248889	-0.892719	-0.026783	6	1.31121	1.35204	1.32425	1.27538
chr2:202500000-203000000	chr2	-0.058105	-0.818826	-0.141344	6	1.26644	1.32642	1.16351	1.14844
chr2:203000000-203500000	chr2	-0.047482	-1.02868	-0.164666	4	1.45067	1.47359	1.38876	1.42026
chr2:203500000-204000000	chr2	-0.06936	-0.960275	0.169786	4	1.40182	1.38382	1.36048	1.3818
chr2:204000000-204500000	chr2	0.043396	-1.04643	-0.074909	3	1.22314	1.22407	1.04498	1.16645
chr2:204500000-205000000	chr2	-0.025955	-0.52424	-0.311512	3	-0.013073	0.0213969	-0.330671	-0.108879
chr2:205000000-205500000	chr2	-0.124525	-0.341702	-0.702482	1	-1.11424	-1.09365	-1.17877	-1.15931
chr2:205500000-206000000	chr2	-0.264721	-0.482826	-0.232373	0	-1.26085	-1.26112	-1.38971	-1.20454
chr2:206000000-206500000	chr2	-0.438623	-0.145265	-0.54939	0	-1.15628	-1.14762	-1.16667	-1.18555
chr2:206500000-207000000	chr2	-0.32486	-0.492254	-0.461766	2	0.681522	0.490948	0.528065	0.31174
chr2:207000000-207500000	chr2	-0.114094	-0.674921	-0.336029	5	1.26434	1.2262	1.29602	1.18296
chr2:207500000-208000000	chr2	0.045892	-0.658164	-0.621104	5	0.441515	0.422727	0.395776	0.335849
chr2:208000000-208500000	chr2	0.166131	-1.16654	-0.022714	3	1.20526	1.21268	1.04395	1.02436
chr2:208500000-209000000	chr2	-0.220658	-0.44235	-0.350046	5	0.934251	0.924019	0.85912	0.740817
chr2:209000000-209500000	chr2	0.100171	0.200269	-0.046001	6	-0.260774	-0.293937	-0.333463	-0.209717
chr2:209500000-210000000	chr2	0.268765	0.891117	0.495769	0	-1.34284	-1.40745	-1.38998	-1.45724
chr2:210000000-210500000	chr2	0.073823	0.131798	0.265719	1	-1.25392	-1.35064	-1.31645	-1.3085
chr2:210500000-211000000	chr2	0.330403	0.556716	0.386009	2	-1.04244	-0.884743	-1.07229	-0.946303
chr2:211000000-211500000	chr2	0.156419	0.494178	0.248616	5	-0.76026	-0.795614	-0.608167	-0.708713
chr2:211500000-212000000	chr2	0.619345	0.383773	0.332549	0	-1.33174	-1.37497	-1.32892	-1.40167
chr2:212000000-212500000	chr2	0.386387	0.60798	0.39696	0	-1.40993	-1.36832	-1.41754	-1.50059
chr2:212500000-213000000	chr2	0.594019	-0.417979	0.451068	0	-0.708159	-0.591167	-1.02994	-0.965607
chr2:213000000-213500000	chr2	0.459635	-0.753728	0.267232	1	-1.14344	-1.14763	-1.16619	-1.24517
chr2:213500000-214000000	chr2	-0.314539	-0.131427	0.000464	0	0.418203	0.411157	0.485741	0.383867
chr2:214000000-214500000	chr2	-0.149694	-0.151513	-0.028845	2	0.590718	0.631766	0.642695	0.613834
chr2:214500000-215000000	chr2	-0.037686	-0.309937	0.124455	0	0.364826	0.306494	0.015501	-0.126174
chr2:215000000-215500000	chr2	-0.116728	-0.336345	-0.401473	1	0.237373	0.152848	-0.264538	-0.310259
chr2:215500000-216000000	chr2	-0.11646	-0.25023	-0.14665	1	0.403142	0.456208	0.284393	0.271027
chr2:216000000-216500000	chr2	0.098423	-1.11037	-0.138252	3	0.48097	0.380399	0.82425	0.71312
chr2:216500000-217000000	chr2	-0.018255	-0.890732	-0.186329	4	1.09301	0.993813	1.13055	1.2904
chr2:217000000-217500000	chr2	-0.122426	-0.703193	-0.326385	4	0.935084	1.06768	0.922589	0.773819
chr2:217500000-218000000	chr2	0.009468	-0.611888	-0.203699	2	-0.104313	-0.27285	-0.310178	-0.181705
chr2:218000000-218500000	chr2	0.052876	-0.923699	-0.163264	0	-0.204449	-0.143957	-0.454532	-0.378785
chr2:218500000-219000000	chr2	-0.070491	-0.590999	-0.146133	3	0.222179	0.221977	0.117546	0.169278
chr2:219000000-219500000	chr2	-0.165657	-0.808149	-0.222336	13	1.46539	1.42811	1.38196	1.53843
chr2:219500000-220000000	chr2	-0.10941	-0.769431	-0.136429	14	1.30452	1.33076	1.28296	1.25409
chr2:220000000-220500000	chr2	-0.08601	-0.859033	0.122184	27	1.18479	1.21631	1.17642	1.16673
chr2:220500000-221000000	chr2	-0.226762	0.058324	-0.003297	0	-0.755339	-0.768979	-0.711564	-0.757747
chr2:221000000-221500000	chr2	-0.094204	-0.205834	-0.064547	0	-1.24486	-1.20301	-1.25191	-1.10797
chr2:221500000-222000000	chr2	0.156138	-0.274624	0.063442	0	-1.05565	-1.00103	-0.956796	-0.960178
chr2:222000000-222500000	chr2	-0.100893	-0.10348	-0.012057	1	-1.0297	-1.14198	-1.03606	-1.03226
chr2:222500000-223000000	chr2	0.095155	0.390833	0.091388	0	-1.34283	-1.23231	-1.28001	-1.41214
chr2:223000000-223500000	chr2	0.340628	0.186587	0.192275	3	-0.0394101	-0.134601	-0.140203	-0.0332237
chr2:223500000-224000000	chr2	-0.002261	-0.969243	-0.340901	4	-0.133562	-0.0668778	-0.206865	-0.0812046
chr2:224000000-224500000	chr2	-0.30658	-0.460368	0.001947	1	-1.35625	-1.32225	-1.36484	-1.37124
chr2:224500000-225000000	chr2	0.059131	-0.588527	-0.142145	4	-0.603675	-0.702807	-0.609863	-0.4666
chr2:225000000-225500000	chr2	0.005542	-0.375044	-0.270485	2	0.349621	0.311995	0.0783274	0.0237662
chr2:225500000-226000000	chr2	-0.432021	0.039226	-0.231161	2	0.508231	0.493675	0.474393	0.591161
chr2:226000000-226500000	chr2	-0.138124	0.412679	-0.024173	1	-1.12225	-1.12731	-1.19585	-1.31483
chr2:226500000-227000000	chr2	-0.205768	-0.304895	-0.059335	0	-1.30014	-1.33302	-1.28168	-1.13905
chr2:227000000-227500000	chr2	0.034117	-0.749964	-0.104859	0	-1.34461	-1.34245	-1.38203	-1.26215
chr2:227500000-228000000	chr2	-0.198668	-0.141345	-0.143515	2	-0.250791	-0.435588	-0.403965	-0.194261
chr2:228000000-228500000	chr2	-0.270116	0.069909	-0.090289	9	0.577443	0.675479	0.623557	0.514587
chr2:228500000-229000000	chr2	0.251207	0.430162	-0.027667	7	-0.261605	-0.244702	-0.326248	-0.288507
chr2:229000000-229500000	chr2	0.186342	0.641077	0.311494	1	-1.34028	-1.29453	-1.34524	-1.2625
chr2:229500000-230000000	chr2	0.12563	0.457688	-0.072712	0	-1.26178	-1.32985	-1.3357	-1.25924
chr2:230000000-230500000	chr2	-0.036596	0.761716	0.04526	1	-0.979065	-0.961427	-0.878241	-0.998205
chr2:230500000-231000000	chr2	-0.288808	-0.281357	0.215654	4	1.09128	1.13644	1.08352	1.09732
chr2:231000000-231500000	chr2	-0.180662	-0.049146	-0.224134	4	1.17175	1.24782	1.24965	1.13293
chr2:231500000-232000000	chr2	-0.034423	-0.788264	0.078516	7	1.35828	1.40858	1.35538	1.47484
chr2:232000000-232500000	chr2	-0.162901	-0.573053	-0.199079	5	1.38378	1.40212	1.38725	1.47529
chr2:232500000-233000000	chr2	-0.03825	-0.856028	0.071503	5	1.33747	1.31098	1.27606	1.34526
chr2:233000000-233500000	chr2	-0.328441	-0.389467	-0.016528	10	1.01321	0.960851	0.852525	1.00728
chr2:233500000-234000000	chr2	-0.103957	-0.710602	-0.192764	6	1.28318	1.25856	1.18135	1.2866
chr2:234000000-234500000	chr2	-0.212032	-0.553296	-0.278719	4	1.17537	1.18452	1.21052	1.20149
chr2:234500000-235000000	chr2	-0.124708	-0.535482	-0.326316	14	0.592428	0.574138	0.507188	0.541941
chr2:235000000-235500000	chr2	0.033639	-0.782348	-0.433091	1	0.231694	0.291664	0.132478	0.0365252
chr2:235500000-236000000	chr2	-0.135611	-0.573789	0.019978	1	-0.406944	-0.339635	-0.473832	-0.399973
chr2:236000000-236500000	chr2	-0.374898	-0.504973	-0.089854	1	-0.431121	-0.462435	-0.484821	-0.39567
chr2:236500000-237000000	chr2	-0.506199	0.016769	-0.378503	0	-0.261157	-0.231134	-0.259616	-0.347536
chr2:237000000-237500000	chr2	-0.323227	-0.288322	-0.339384	4	0.289322	0.277727	0.347559	0.207804
chr2:237500000-238000000	chr2	-0.191142	-0.439021	-0.43589	1	0.381523	0.330489	0.385521	0.368619
chr2:238000000-238500000	chr2	-0.079012	-0.780647	-0.368899	4	0.299625	0.129558	0.180653	0.304431
chr2:238500000-239000000	chr2	-0.204029	-0.692746	-0.034939	5	1.06896	1.14	1.14868	1.11247
chr2:239000000-239500000	chr2	-0.476509	0.069732	-0.142769	8	0.910694	0.922531	0.762653	0.788904
chr2:239500000-240000000	chr2	-0.381089	0.286542	-0.137964	1	0.157494	0.136155	0.164222	0.0983878
chr2:240000000-240500000	chr2	-0.365072	0.609842	-0.047143	1	0.742519	0.714846	0.742731	0.734644
chr2:240500000-241000000	chr2	-0.240787	0.608614	-0.094543	3	0.387326	0.326649	0.297981	0.348666
chr2:241000000-241500000	chr2	-0.570799	0.122811	-0.030489	5	0.614544	0.484527	0.390856	0.54017
chr2:241500000-242000000	chr2	-0.488257	0.004848	-0.018549	10	1.10747	0.886551	0.901907	0.789564
chr2:242000000-242500000	chr2	-0.017157	-0.694925	-0.218618	9	1.2104	1.2726	1.21168	1.26725
chr2:242500000-243000000	chr2	-0.108088	-0.518237	-0.138201	10	1.20467	1.17539	1.08577	1.19807
chr3:3000000-3500000	chr3	0.221518	0.935723	0.256708	3	-0.542172	-0.842361	-0.78877	-0.563752
chr3:3500000-4000000	chr3	0.088089	1.21576	0.021371	1	-1.23513	-1.0433	-1.17522	-1.07256
chr3:4000000-4500000	chr3	0.224635	1.0354	-0.027422	1	-0.781414	-0.729606	-0.820194	-0.689763
chr3:4500000-5000000	chr3	-0.198023	0.343523	-0.344978	2	0.801835	0.840137	0.800888	0.743653
chr3:5000000-5500000	chr3	-0.151186	0.446248	0.03347	3	0.886032	0.858474	0.899178	0.753974
chr3:5500000-6000000	chr3	0.283572	1.00201	0.135582	0	0.312126	0.285287	0.182742	0.168361
chr3:6000000-6500000	chr3	0.236851	0.800632	0.313018	0	0.638567	0.732792	0.541685	0.446541
chr3:6500000-7000000	chr3	0.526614	0.585256	0.212568	1	0.739568	0.730934	0.569878	0.595835
chr3:7000000-7500000	chr3	0.259608	0.664299	0.440276	0	-0.253777	-0.149797	-0.508676	-0.353537
chr3:7500000-8000000	chr3	0.102173	1.06608	0.145636	0	-0.977192	-0.878675	-1.04708	-1.06059
chr3:8000000-8500000	chr3	-0.158159	0.857973	-0.113555	0	-0.762086	-0.816866	-0.85664	-0.710892
chr3:8500000-9000000	chr3	-0.308655	-0.064273	-0.355951	4	0.525599	0.425694	0.514305	0.537443
chr3:9000000-9500000	chr3	-0.339497	0.025649	-0.232185	4	1.20124	1.13205	1.33483	1.25633
chr3:9500000-10000000	chr3	-0.020122	-0.350752	-0.096434	16	1.39761	1.3952	1.45358	1.44565
chr3:10000000-10500000	chr3	-0.132605	-0.290538	-0.216008	9	1.36737	1.38619	1.40306	1.43268
chr3:10500000-11000000	chr3	-0.430586	0.731172	-0.564102	2	0.619626	0.622546	0.59505	0.756114
chr3:11000000-11500000	chr3	-0.268038	-0.09383	-0.470413	3	0.842018	0.828635	0.8895	0.855583
chr3:11500000-12000000	chr3	-0.122105	-0.114415	-0.190922	2	0.87341	0.879026	0.886321	0.827651
chr3:12000000-12500000	chr3	-0.173274	-0.308198	-0.282887	3	0.408278	0.494167	0.456443	0.565498
chr3:12500000-13000000	chr3	-0.226762	-0.403242	-0.256748	7	1.35805	1.34551	1.3796	1.35532
chr3:13000000-13500000	chr3	-0.560399	0.468592	-0.171194	2	1.29921	1.33882	1.2626	1.33075
chr3:13500000-14000000	chr3	-0.202523	0.490212	-0.083659	3	0.815158	0.806274	0.758249	0.893389
chr3:14000000-14500000	chr3	-0.082941	-0.082402	0.159114	5	1.06689	1.19321	1.1773	1.2426
chr3:14500000-15000000	chr3	-0.230907	0.080133	-0.098443	5	1.40223	1.31524	1.39645	1.35973
chr3:15000000-15500000	chr3	-0.328533	-0.329232	-0.278009	6	1.44782	1.4765	1.47898	1.49651
chr3:15500000-16000000	chr3	0.007198	-0.808941	-0.095791	4	1.34207	1.41867	1.38019	1.31892
chr3:16000000-16500000	chr3	-0.190027	-0.510761	-0.172949	3	0.985897	0.947447	1.07601	1.05642
chr3:16500000-17000000	chr3	-0.290843	0.109338	-0.197036	3	0.847055	0.885236	0.875351	0.920418
chr3:17000000-17500000	chr3	-0.131558	0.069389	-0.029422	0	0.716844	0.7217	0.702933	0.650992
chr3:17500000-18000000	chr3	0.057664	-0.088418	0.144761	1	0.395181	0.192863	0.165968	0.0847397
chr3:18000000-18500000	chr3	0.140688	0.283535	0.086307	1	-1.13433	-1.10155	-1.19437	-1.22186
chr3:18500000-19000000	chr3	0.320205	0.966503	0.317691	0	-1.25921	-1.226	-1.26122	-1.26269
chr3:19000000-19500000	chr3	0.377224	1.096	0.522652	1	-1.22022	-1.23137	-1.0638	-0.996187
chr3:19500000-20000000	chr3	0.337047	1.00361	0.243331	2	-1.076	-1.02943	-1.02447	-0.794625
chr3:20000000-20500000	chr3	0.149322	0.570641	-0.089349	3	-0.20257	-0.32024	-0.349068	-0.354187
chr3:20500000-21000000	chr3	0.397863	0.34757	-0.0671	0	-1.36575	-1.32585	-1.40099	-1.4079
chr3:21000000-21500000	chr3	0.429141	0.454237	0.177446	0	-1.08587	-1.303	-1.30548	-1.33687
chr3:21500000-22000000	chr3	0.186539	0.402087	0.467005	1	-1.17957	-1.38575	-1.28815	-1.38336
chr3:22000000-22500000	chr3	0.117846	0.214864	0.223108	0	-1.31075	-1.35181	-1.3472	-1.22532
chr3:22500000-23000000	chr3	0.084673	0.418912	-0.157084	0	-1.25164	-1.2472	-1.2986	-1.29974
chr3:23000000-23500000	chr3	-0.194142	-0.495267	-0.264719	1	0.413493	0.455	0.0112719	0.514951
chr3:23500000-24000000	chr3	0.091911	-0.642722	-0.145873	4	0.848392	0.91274	0.960397	0.880746
chr3:24000000-24500000	chr3	-0.098883	-0.183981	-0.314509	0	-1.06521	-1.0626	-1.04482	-0.895997
chr3:24500000-25000000	chr3	0.231769	-0.132781	0.019595	1	-1.28957	-1.24837	-1.27026	-1.2784
chr3:25000000-25500000	chr3	0.204911	0.189695	-0.241351	1	-1.16991	-1.22973	-1.32532	-1.34396
chr3:25500000-26000000	chr3	-0.13753	0.211757	0.160165	3	0.423293	0.268992	0.316598	0.299854
chr3:26000000-26500000	chr3	0.259954	1.07659	0.238657	0	-0.576955	-0.561109	-0.585022	-0.585901
chr3:26500000-27000000	chr3	0.472856	1.09911	0.253406	1	-0.805318	-0.807179	-1.02476	-0.981261
chr3:27000000-27500000	chr3	-0.133994	0.611516	-0.155246	1	-0.178035	-0.160198	-0.311602	-0.268379
chr3:27500000-28000000	chr3	-0.005576	0.458608	0.057789	2	0.466935	0.445879	0.304364	0.404709
chr3:28000000-28500000	chr3	0.378013	0.595859	0.154239	3	0.676962	0.653251	0.493452	0.460532
chr3:28500000-29000000	chr3	0.022192	0.310699	-0.192854	0	-1.29569	-1.30045	-1.30869	-1.22925
chr3:29000000-29500000	chr3	0.156451	-1.11054	-0.18916	1	-1.15413	-1.29093	-1.23814	-0.816622
chr3:29500000-30000000	chr3	0.02454	-1.09177	-0.085899	0	-1.35636	-1.37584	-1.33397	-1.3009
chr3:30000000-30500000	chr3	-0.077605	-1.00602	-0.432918	0	-1.25838	-1.19738	-1.21807	-1.28955
chr3:30500000-31000000	chr3	-0.107688	-0.799738	-0.159465	2	-0.817119	-0.882748	-0.90615	-0.795538
chr3:31000000-31500000	chr3	-0.307546	-0.582875	-0.32759	0	0.880263	0.880069	0.804131	0.723939
chr3:31500000-32000000	chr3	-0.076827	-0.724781	-0.236368	1	0.515093	0.619059	0.625231	0.52894
chr3:32000000-32500000	chr3	0.011957	-0.77595	-0.080919	5	0.276804	0.254547	0.18891	0.300354
chr3:32500000-33000000	chr3	0.008935	-1.0008	-0.293943	5	0.81497	0.870334	0.842098	0.686451
chr3:33000000-33500000	chr3	0.16987	-1.02525	0.047289	5	0.360912	0.311971	0.199822	0.317177
chr3:33500000-34000000	chr3	0.054936	-0.950861	0.131246	2	0.426776	0.452624	0.4951	0.507378
chr3:34000000-34500000	chr3	0.222134	0.359223	0.141298	0	-1.13129	-1.1741	-1.03234	-1.03226
chr3:34500000-35000000	chr3	0.119538	0.348349	0.381489	0	-1.27407	-1.30792	-1.33118	-1.3413
chr3:35000000-35500000	chr3	0.217255	-0.066819	0.237221	0	-1.35804	-1.29862	-1.31476	-1.36959
chr3:35500000-36000000	chr3	0.203866	0.096843	-0.07796	1	-1.20107	-1.17247	-1.03855	-1.01563
chr3:36000000-36500000	chr3	0.13799	-0.080877	-0.215915	1	-1.35082	-1.30606	-1.26367	-1.25868
chr3:36500000-37000000	chr3	-0.139651	-0.022403	-0.355049	2	-0.651442	-0.602683	-0.336097	-0.450438
chr3:37000000-37500000	chr3	0.237924	-0.978109	-0.066731	5	0.906495	1.03725	1.0429	1.03727
chr3:37500000-38000000	chr3	-0.236024	0.362999	-0.1584	1	0.391828	0.305187	0.258419	0.332276
chr3:38000000-38500000	chr3	-0.280772	0.14845	-0.163461	10	1.17396	1.21123	1.22252	1.31662
chr3:38500000-39000000	chr3	-0.274244	0.687472	-0.099637	3	0.174764	0.264911	0.320806	0.27428
chr3:39000000-39500000	chr3	0.110641	0.339406	-0.308944	10	1.22578	1.14105	1.23341	1.08558
chr3:39500000-40000000	chr3	0.104888	0.989674	0.307553	2	-0.379092	-0.366444	-0.356165	-0.268647
chr3:40000000-40500000	chr3	0.017987	0.991674	0.206426	3	0.0116339	-0.0260286	-0.012422	0.0831527
chr3:40500000-41000000	chr3	0.064151	0.572734	-0.563545	3	0.274634	0.332846	0.474446	0.532814
chr3:41000000-41500000	chr3	0.097421	0.304047	-0.11989	1	0.379516	0.304776	0.324877	0.444911
chr3:41500000-42000000	chr3	-0.266298	0.419781	-0.207265	0	0.346331	0.269164	0.245778	0.198636
chr3:42000000-42500000	chr3	0.065148	0.064675	-0.134561	4	1.19302	1.0986	1.20883	1.1993
chr3:42500000-43000000	chr3	-0.106412	0.013807	-0.293772	13	1.20018	1.21221	1.29158	1.22096
chr3:43000000-43500000	chr3	-0.042609	-0.028063	-0.024385	3	0.632839	0.597713	0.584573	0.637243
chr3:43500000-44000000	chr3	-0.181793	-0.292451	-0.067969	2	0.759355	0.622733	0.605937	0.567325
chr3:44000000-44500000	chr3	-0.072367	-0.395951	-0.31448	2	1.03291	1.03369	1.06218	1.11347
chr3:44500000-45000000	chr3	-0.170829	-0.331905	-0.199281	12	1.31484	1.36175	1.27734	1.21169
chr3:45000000-45500000	chr3	-0.0884	-0.517914	-0.358557	6	1.10418	1.03732	0.93985	1.01449
chr3:45500000-46000000	chr3	-0.122229	-0.719892	-0.044713	6	1.37714	1.36595	1.348	1.42691
chr3:46000000-46500000	chr3	0.05666	-0.72054	-0.153549	8	1.09719	1.08902	1.1809	1.19661
chr3:46500000-47000000	chr3	0.064126	-0.715592	-0.201058	10	1.16679	1.0997	1.03883	1.14614
chr3:47000000-47500000	chr3	-0.028617	-0.974369	-0.224069	6	1.41649	1.37076	1.33207	1.44288
chr3:47500000-48000000	chr3	0.183168	-1.22678	-0.012595	5	1.28163	1.2682	1.23575	1.32037
chr3:48000000-48500000	chr3	-0.074655	-1.18649	-0.081126	11	1.28665	1.26047	1.20729	1.29566
chr3:48500000-49000000	chr3	-0.065522	-0.880279	-0.150377	14	1.24829	1.18358	1.21936	1.28953
chr3:49000000-49500000	chr3	0.248389	-1.15435	-0.0183	20	1.25708	1.24969	1.19092	1.308
chr3:49500000-50000000	chr3	0.052605	-0.75627	0.013213	16	1.32678	1.25563	1.2311	1.20553
chr3:50000000-50500000	chr3	-0.123925	-0.485425	0.111963	17	1.33028	1.30836	1.29796	1.34564
chr3:50500000-51000000	chr3	0.093302	0.417453	0.131629	6	0.616773	0.662386	0.740054	0.749597
chr3:51000000-51500000	chr3	0.076181	0.709387	-0.173341	2	0.588077	0.599689	0.581248	0.786851
chr3:51500000-52000000	chr3	-0.168062	0.036223	-0.012565	12	1.21281	1.22107	0.404176	1.31696
chr3:52000000-52500000	chr3	-0.116638	-0.449362	-0.008769	19	1.37793	1.3704	1.32405	1.46588
chr3:52500000-53000000	chr3	0.082866	-0.603115	-0.108715	13	1.34733	1.42242	1.4198	1.46485
chr3:53000000-53500000	chr3	0.055032	-0.08494	-0.101901	5	1.43848	1.41201	1.38291	1.40672
chr3:53500000-54000000	chr3	-0.078009	0.763607	-0.202398	5	0.887685	0.901668	0.927372	1.00389
chr3:54000000-54500000	chr3	0.063431	1.01757	0.002514	1	-0.069524	-0.0669425	0.0260196	0.0403436
chr3:54500000-55000000	chr3	0.043911	0.576002	-0.137055	1	-0.121899	-0.332345	-0.0856544	-0.172849
chr3:55000000-55500000	chr3	-0.28517	-0.228113	-0.237356	0	-0.199008	-0.227428	-0.122476	-0.0809664
chr3:55500000-56000000	chr3	-0.186817	-0.07248	-0.260533	1	0.667239	0.64269	0.598721	0.704201
chr3:56000000-56500000	chr3	-0.12539	0.291061	-0.266525	0	-0.106993	-0.0487138	0.0146965	0.00578184
chr3:56500000-57000000	chr3	-0.20386	-0.468697	-0.245137	4	1.41917	1.46098	1.46349	1.2335
chr3:57000000-57500000	chr3	0.095646	-0.967964	-0.187414	5	1.41264	1.40666	1.3468	1.39148
chr3:57500000-58000000	chr3	-0.055525	-1.20391	0.002614	6	1.48628	1.462	1.42719	1.46279
chr3:58000000-58500000	chr3	0.025271	-0.903882	-0.135497	7	1.45278	1.51174	1.44513	1.49466
chr3:58500000-59000000	chr3	-0.044667	0.110551	-0.298263	3	0.729681	0.829975	0.796168	0.655803
chr3:59000000-59500000	chr3	-0.211055	-0.112032	-0.135761	1	1.07163	1.04829	1.06331	0.992403
chr3:59500000-60000000	chr3	0.214126	0.036327	-0.084977	0	0.587802	0.581837	0.49948	0.459854
chr3:60000000-60500000	chr3	0.126531	0.279887	0.010489	0	0.565076	0.657376	0.686211	0.672114
chr3:60500000-61000000	chr3	-0.083261	0.391724	-0.028261	0	0.415284	0.358459	0.457064	0.32461
chr3:61000000-61500000	chr3	0.141869	0.601081	0.143923	1	0.533812	0.765429	0.731407	0.663733
chr3:61500000-62000000	chr3	-0.116132	-0.035204	-0.087332	1	-0.162858	-0.134902	0.719131	0.653935
chr3:62000000-62500000	chr3	0.068692	0.382967	-0.269646	2	-0.336804	-0.313863	0.122169	-0.0236586
chr3:62500000-63000000	chr3	0.029994	0.71392	-0.039914	1	0.147769	0.077135	0.162683	0.639683
chr3:63000000-63500000	chr3	0.191713	0.556646	0.075976	1	-0.623026	-0.609022	-0.291361	-0.2727
chr3:63500000-64000000	chr3	0.222448	-0.2151	-0.157157	5	0.0173914	0.0187301	0.0521779	-0.145509
chr3:64000000-64500000	chr3	0.090738	-0.882382	-0.26871	2	0.890481	0.81011	0.722788	0.628295
chr3:64500000-65000000	chr3	0.045171	-0.481547	-0.352828	1	-1.08535	-0.959187	-1.05303	-1.0508
chr3:65000000-65500000	chr3	-0.124808	-0.451714	-0.263768	0	-1.04656	-1.19919	-1.14972	-1.12555
chr3:65500000-66000000	chr3	-0.112761	-0.694237	-0.282027	0	-0.965156	-1.00064	-0.974165	-0.710345
chr3:66000000-66500000	chr3	-0.047993	-0.643438	-0.170491	2	-0.109162	-0.322642	-0.240985	-0.124876
chr3:66500000-67000000	chr3	0.013464	-0.402177	-0.153383	1	-0.502363	-0.495387	-0.342922	-0.319432
chr3:67000000-67500000	chr3	0.209621	0.241286	-0.098774	1	-0.689105	-0.662121	-0.278559	-0.460586
chr3:67500000-68000000	chr3	-0.135963	0.094436	-0.10234	1	-0.439295	-0.378095	-0.359749	-0.374143
chr3:68000000-68500000	chr3	0.167717	0.672305	0.285225	1	-1.26153	-1.24092	-1.21077	-1.04661
chr3:68500000-69000000	chr3	0.131423	0.674854	-0.089506	1	-1.12674	-1.11209	-1.11334	-1.18354
chr3:69000000-69500000	chr3	0.076037	-0.572749	-0.254936	6	0.864339	0.947264	0.869459	1.05774
chr3:69500000-70000000	chr3	-0.041494	-0.290225	-0.155474	1	-0.821913	-0.79329	-0.92974	-0.845537
chr3:70000000-70500000	chr3	0.403833	0.054295	0.053637	2	-1.20825	-1.15606	-0.398696	-1.22037
chr3:70500000-71000000	chr3	0.095757	-0.586162	0.034331	0	-1.24635	-1.30163	-1.2769	-1.23649
chr3:71000000-71500000	chr3	-0.053376	-0.958977	-0.228878	0	-0.839811	-0.866467	-0.70126	-0.573126
chr3:71500000-72000000	chr3	-0.045821	-0.384172	-0.282139	4	-0.317189	-0.177251	-0.284687	-0.126722
chr3:72000000-72500000	chr3	-0.213143	0.255486	-0.577831	0	1.22325	1.24996	1.23013	1.27338
chr3:72500000-73000000	chr3	-0.075073	-0.204013	-0.221406	2	0.953666	0.981581	1.03673	1.08072
chr3:73000000-73500000	chr3	0.129405	0.375511	-0.072445	2	0.129552	0.144165	0.0156771	0.175192
chr3:73500000-74000000	chr3	0.182339	0.239874	-0.115673	1	-0.84114	-0.791759	-0.889266	-0.84484
chr3:74000000-74500000	chr3	0.488011	0.844641	0.373292	0	-1.3572	-1.30545	-1.28571	-1.40048
chr3:74500000-75000000	chr3	0.426797	0.720845	0.553744	1	-1.33857	-1.32096	-1.2985	-1.37555
chr3:75000000-75500000	chr3	-0.105215	1.21974	0.08982	0	-0.800697	-0.89375	-0.954848	-0.822277
chr3:75500000-76000000	chr3	-0.002445	1.12941	0.013998	2	-0.913307	-1.0026	-0.894947	-0.938025
chr3:76000000-76500000	chr3	0.060466	0.064781	-0.163658	0	-1.18757	-1.22847	-1.1678	-1.17237
chr3:76500000-77000000	chr3	0.005498	0.339364	0.158941	0	-1.15718	-1.14215	-1.1313	-1.13238
chr3:77000000-77500000	chr3	-0.145529	0.354133	0.076185	1	-0.986651	-0.920165	-1.12984	-1.11827
chr3:77500000-78000000	chr3	0.034304	0.494479	0.26558	0	-1.126	-1.15231	-1.027	-1.08306
chr3:78000000-78500000	chr3	0.086173	0.018132	0.093578	0	-1.23986	-1.26952	-0.829603	-1.1943
chr3:78500000-79000000	chr3	-0.031948	-0.425838	-0.02087	0	-1.08081	-1.11183	-0.599244	-0.853249
chr3:79000000-79500000	chr3	0.129592	-0.854586	-0.076829	0	-1.0536	-1.13116	-1.21826	-1.23947
chr3:79500000-80000000	chr3	0.185997	0.096394	0.195476	1	-1.25298	-1.23653	-0.931657	-1.28328
chr3:80000000-80500000	chr3	-0.122147	0.153206	0.316921	0	-1.37584	-1.37205	-1.27916	-1.34825
chr3:80500000-81000000	chr3	0.302445	0.502579	0.268769	0	-1.33563	-1.32634	-1.01443	-1.33976
chr3:81000000-81500000	chr3	0.028241	0.370762	0.339675	0	-1.18286	-1.18291	-0.911045	-1.16037
chr3:81500000-82000000	chr3	-0.044615	-0.733656	-0.04545	1	0.78299	0.785698	0.749295	0.813923
chr3:82000000-82500000	chr3	0.199129	0.211004	0.26564	0	0.746091	0.717188	0.684584	0.611998
chr3:82500000-83000000	chr3	0.353777	0.352132	0.687075	0	-1.01401	-0.925031	-0.952336	-0.900847
chr3:83000000-83500000	chr3	0.231417	0.056225	0.507351	0	-1.24527	-1.30209	-1.00328	-0.885359
chr3:83500000-84000000	chr3	0.306554	0.292227	0.683183	0	-1.21259	-1.21624	-0.983047	-1.14562
chr3:84000000-84500000	chr3	0.207234	0.434453	0.591483	0	-1.25385	-1.29497	-1.11143	-1.33775
chr3:84500000-85000000	chr3	0.355093	0.576762	0.397825	0	-1.32861	-1.38338	-1.39192	-1.32415
chr3:85000000-85500000	chr3	0.474385	0.341031	0.407472	1	-1.32136	-1.28405	-1.30211	-1.25034
chr3:85500000-86000000	chr3	0.308053	0.364962	0.353172	0	-1.28128	-1.32359	-1.34905	-1.23128
chr3:86000000-86500000	chr3	0.271357	0.594912	0.221655	0	-1.37427	-1.38093	-1.35798	-1.46162
chr3:86500000-87000000	chr3	0.050519	0.423662	0.097179	0	-1.39319	-1.28908	-1.34974	-1.38997
chr3:87000000-87500000	chr3	-0.147687	0.14344	-0.198541	3	-1.22766	-1.15833	-1.23198	-1.11679
chr3:87500000-88000000	chr3	0.34778	0.385213	0.349156	1	-1.28375	-1.25088	-1.16446	-1.16385
chr3:88000000-88500000	chr3	0.080365	0.105901	0.153955	5	-0.179168	-0.0878775	-0.322772	-0.229836
chr3:88500000-89000000	chr3	0.18713	-0.018968	0.393119	0	-1.01027	-0.95843	-1.35795	-1.3133
chr3:89000000-89500000	chr3	0.300232	-0.22848	0.270361	1	0.374919	0.400284	0.156964	0.106702
chr3:89500000-90000000	chr3	0.242192	0.553456	0.285498	0	0.650133	0.732946	0.391444	0.4621
chr3:90000000-90500000	chr3	0.171524	0.90726	0.082162	0	-0.148451	-0.134921	-0.251524	-0.161979
chr3:93500000-94000000	chr3	0.133713	0.384294	0.157061	5	-0.593804	-0.577982	-0.643131	-0.691504
chr3:94000000-94500000	chr3	0.287149	0.210098	0.069381	0	-1.23679	-1.29893	-1.30015	-1.34659
chr3:94500000-95000000	chr3	0.084788	0.112478	0.234316	0	-1.30799	-1.31211	-1.36519	-1.31117
chr3:95000000-95500000	chr3	0.315184	0.038864	0.460829	0	-1.26353	-1.17794	-1.27494	-1.09592
chr3:95500000-96000000	chr3	0.493552	0.188365	0.255406	0	-1.30165	-1.29749	-1.32919	-1.30494
chr3:96000000-96500000	chr3	0.309566	0.475139	0.34206	0	-1.31276	-1.31296	-1.26688	-1.27194
chr3:96500000-97000000	chr3	0.131474	0.809899	0.462986	1	-1.41127	-1.33742	-1.42465	-1.41132
chr3:97000000-97500000	chr3	0.225792	0.703942	0.45067	1	-1.32714	-1.35464	-1.34466	-1.40495
chr3:97500000-98000000	chr3	-0.16324	0.699822	0.227074	8	-0.104716	0.0387537	-0.130359	-0.0305157
chr3:98000000-98500000	chr3	0.090457	-0.028772	0.159591	9	0.803761	0.926293	0.802784	0.886774
chr3:98500000-99000000	chr3	-0.233357	-0.833722	-0.217265	1	-0.708288	-0.78047	-0.876825	-0.746139
chr3:99000000-99500000	chr3	0.011162	-0.77199	-0.231674	1	-0.903188	-0.847019	-1.0468	-0.961519
chr3:99500000-100000000	chr3	-0.011192	-0.844471	-0.180093	3	0.702087	0.645556	0.539955	0.454086
chr3:100000000-100500000	chr3	0.141396	-0.727333	-0.101336	6	0.580038	0.564828	0.587109	0.564808
chr3:100500000-101000000	chr3	-0.148213	-0.424674	-0.175975	1	-1.02674	-1.13018	-1.05246	-1.18967
chr3:101000000-101500000	chr3	0.057395	-0.408779	-0.3772	8	0.580007	0.549835	0.702746	0.779509
chr3:101500000-102000000	chr3	-0.111889	-0.672335	-0.15784	1	0.591938	0.630993	0.660285	0.786053
chr3:102000000-102500000	chr3	-0.185559	0.557859	-0.200535	1	-1.28495	-1.24571	-1.32964	-1.24624
chr3:102500000-103000000	chr3	0.083731	0.738167	0.441045	0	-1.36612	-1.41221	-1.43237	-1.44171
chr3:103000000-103500000	chr3	0.265843	0.302337	0.188517	0	-1.415	-1.40543	-1.44749	-1.49415
chr3:103500000-104000000	chr3	0.169686	0.037658	0.226045	0	-1.32462	-1.27347	-1.38702	-1.37268
chr3:104000000-104500000	chr3	0.008461	-0.265103	-0.015068	0	-0.552485	-0.726687	-0.949702	-0.90698
chr3:104500000-105000000	chr3	-0.041777	-0.403498	-0.065965	0	-1.3531	-1.19034	-1.33375	-1.38811
chr3:105000000-105500000	chr3	0.095308	-1.02277	0.122167	1	0.000665056	0.168157	0.0152107	-0.0951378
chr3:105500000-106000000	chr3	-0.122086	-0.684778	-0.065515	1	0.888365	0.922219	0.937347	0.945886
chr3:106000000-106500000	chr3	0.021922	-0.9132	-0.126094	0	0.375949	0.301185	0.214455	0.189935
chr3:106500000-107000000	chr3	-0.222068	-0.273742	-0.442544	0	-1.16118	-1.2451	-1.27511	-1.35597
chr3:107000000-107500000	chr3	0.035223	-0.67951	-0.134404	2	-0.00365472	-0.0768881	-0.0573655	-0.174566
chr3:107500000-108000000	chr3	-0.366691	-0.10858	-0.265288	2	0.627576	0.588581	0.587911	0.616088
chr3:108000000-108500000	chr3	-0.109345	0.227846	-0.341651	5	0.221265	0.138256	0.253072	0.312464
chr3:108500000-109000000	chr3	0.003064	0.826672	0.12994	4	-0.719183	-0.751508	-0.441172	-0.633816
chr3:109000000-109500000	chr3	-0.196636	0.573905	-0.132335	2	-0.615928	-0.564938	-0.633624	-0.703475
chr3:109500000-110000000	chr3	-0.068882	-0.270136	-0.186764	0	-1.37275	-1.3331	-1.4658	-1.32945
chr3:110000000-110500000	chr3	-0.027981	-0.530046	-0.118221	0	-1.42008	-1.44025	-1.44983	-1.42596
chr3:110500000-111000000	chr3	-0.151076	-0.35211	-0.088415	1	-1.45582	-1.44546	-1.44604	-1.49123
chr3:111000000-111500000	chr3	-0.15058	-0.274834	-0.416276	3	-1.22774	-1.31487	-1.34751	-1.36083
chr3:111500000-112000000	chr3	0.182741	-0.915713	0.044119	6	-0.0520439	0.0627349	-0.0554744	0.0180643
chr3:112000000-112500000	chr3	-0.122578	-0.309864	-0.240093	6	0.968137	1.05589	0.908851	0.911827
chr3:112500000-113000000	chr3	-0.186725	0.118828	-0.54553	5	0.514338	0.504064	0.40549	0.450247
chr3:113000000-113500000	chr3	-0.51578	0.363857	-0.52822	6	1.11396	1.13536	0.995033	1.08282
chr3:113500000-114000000	chr3	-0.375675	0.584034	-0.425438	6	0.933137	0.880701	0.845336	0.886635
chr3:114000000-114500000	chr3	-0.43769	-0.009632	-0.274374	1	0.502927	0.352453	0.802601	0.526489
chr3:114500000-115000000	chr3	-0.336915	-0.157071	-0.237433	1	0.614037	0.585169	0.66687	0.79546
chr3:115000000-115500000	chr3	0.117984	-0.294845	-0.360451	1	-0.899486	-0.996935	-1.0778	-1.10342
chr3:115500000-116000000	chr3	0.017417	0.153844	-0.2993	0	0.964864	0.864889	0.675377	0.635132
chr3:116000000-116500000	chr3	0.002427	0.87908	0.017756	2	0.331346	0.415065	-0.0120318	0.250983
chr3:116500000-117000000	chr3	0.367684	0.581699	0.03948	0	-1.3589	-1.26733	-1.35504	-1.26279
chr3:117000000-117500000	chr3	0.107611	0.538307	0.328517	0	-1.25871	-1.21922	-1.40327	-1.33999
chr3:117500000-118000000	chr3	0.500448	0.382318	0.32459	0	-1.38138	-1.2533	-1.46575	-1.49501
chr3:118000000-118500000	chr3	0.552563	0.852547	0.388476	0	-0.31983	-0.148121	-1.24585	-1.17049
chr3:118500000-119000000	chr3	-0.04563	0.744114	0.15881	4	-0.171593	-0.355377	-0.665686	-0.523136
chr3:119000000-119500000	chr3	0.135019	-0.516099	0.128732	10	1.29508	1.28433	1.16442	1.2189
chr3:119500000-120000000	chr3	0.020919	-0.822978	-0.173103	2	1.02716	0.994944	0.810632	0.937761
chr3:120000000-120500000	chr3	-0.102726	-0.077585	-0.287227	7	0.342055	0.220658	0.141504	0.274564
chr3:120500000-121000000	chr3	0.125869	0.599453	0.205371	1	-1.04872	-1.03996	-1.21152	-1.18185
chr3:121000000-121500000	chr3	-0.279801	0.490226	-0.041856	5	0.825119	0.752123	0.743973	0.775687
chr3:121500000-122000000	chr3	-0.191367	0.873671	0.045039	6	1.21717	1.23164	1.19229	1.19351
chr3:122000000-122500000	chr3	0.248921	-0.550778	-0.037103	9	1.43871	1.43267	1.41642	1.39761
chr3:122500000-123000000	chr3	-0.317014	-0.211401	-0.538857	5	1.31795	1.30281	1.25206	1.21861
chr3:123000000-123500000	chr3	-0.152577	-0.520945	-0.077352	2	0.999212	0.990761	1.0444	1.02411
chr3:123500000-124000000	chr3	0.306403	-0.914146	-0.052977	4	0.789706	0.772679	0.631959	0.728205
chr3:124000000-124500000	chr3	-0.003094	-0.719002	-0.208364	1	1.00296	0.990428	0.871923	1.01782
chr3:124500000-125000000	chr3	0.169609	-1.01868	-0.120026	4	1.41184	1.41627	1.39558	1.32709
chr3:125000000-125500000	chr3	-0.014449	-1.04252	-0.091012	3	1.43587	1.46236	1.45024	1.47486
chr3:125500000-126000000	chr3	-0.27407	-0.244753	0.114982	3	0.998982	1.05345	1.03706	1.07713
chr3:126000000-126500000	chr3	-0.289199	-0.109289	-0.217464	8	0.998385	0.979231	0.934023	1.06084
chr3:126500000-127000000	chr3	-0.313405	0.085226	-0.110436	2	1.16464	1.15032	1.12723	1.18217
chr3:127000000-127500000	chr3	-0.014748	-0.296423	-0.095058	5	1.24478	1.24279	1.26812	1.31105
chr3:127500000-128000000	chr3	-0.118815	-0.812732	-0.148542	5	1.34509	1.29558	1.36222	1.37871
chr3:128000000-128500000	chr3	-0.053232	-0.638894	-0.137719	4	1.35529	1.29973	1.2527	1.32379
chr3:128500000-129000000	chr3	-0.035638	-0.818767	-0.075051	9	1.39115	1.35495	1.34516	1.41808
chr3:129000000-129500000	chr3	-0.127444	-0.503261	-0.214755	7	1.43609	1.39681	1.36013	1.42898
chr3:129500000-130000000	chr3	-0.115336	-0.078512	-0.219674	3	1.2604	1.13452	1.08921	1.08338
chr3:130000000-130500000	chr3	0.178966	0.610717	0.06399	3	0.429082	0.423094	0.593228	0.540875
chr3:130500000-131000000	chr3	0.147891	0.044742	0.129953	3	0.931589	0.827464	0.946757	0.858415
chr3:131000000-131500000	chr3	-0.00148	0.746324	-0.035393	2	0.297722	0.198672	0.406067	0.105617
chr3:131500000-132000000	chr3	-0.135094	0.938752	0.032778	1	-0.314474	-0.460414	-0.261223	-0.378896
chr3:132000000-132500000	chr3	-0.157918	-0.333995	0.027805	6	1.12109	1.09225	1.05049	0.932263
chr3:132500000-133000000	chr3	0.107481	1.11986	0.068956	1	-0.409133	-0.476556	-0.352088	-0.354847
chr3:133000000-133500000	chr3	-0.155393	0.532437	-0.203196	4	1.17777	1.07633	1.13937	1.16919
chr3:133500000-134000000	chr3	-0.163445	0.3342	-0.205403	4	0.500213	0.514468	0.573163	0.416859
chr3:134000000-134500000	chr3	0.079537	0.389637	0.016817	4	0.41699	0.236009	0.314441	0.217175
chr3:134500000-135000000	chr3	0.037502	1.60894	0.007415	1	0.85866	0.811249	0.972386	0.913971
chr3:135000000-135500000	chr3	-0.024722	1.48027	0.057783	0	-0.390115	-0.428592	-0.402117	-0.333734
chr3:135500000-136000000	chr3	-0.002584	-0.125789	-0.075493	3	0.539163	0.364271	0.594318	0.620769
chr3:136000000-136500000	chr3	-0.119703	-0.676532	-0.028797	1	1.26186	1.28295	1.24004	1.27415
chr3:136500000-137000000	chr3	0.183368	0.394566	-0.005555	3	0.926206	0.796145	0.83287	0.712339
chr3:137000000-137500000	chr3	0.122427	1.27255	0.30927	1	-0.567824	-0.587862	-0.36292	-0.427278
chr3:137500000-138000000	chr3	-0.096051	0.275995	0.110969	5	0.203899	0.183818	0.177903	0.038088
chr3:138000000-138500000	chr3	-0.173409	-0.209145	-0.390566	5	0.498466	0.511718	0.51645	0.555867
chr3:138500000-139000000	chr3	-0.248707	0.018761	-0.224353	6	0.306726	0.176141	0.392322	0.592488
chr3:139000000-139500000	chr3	-0.247867	0.241643	-0.682665	5	-0.114698	-0.102126	0.0245881	0.0180786
chr3:139500000-140000000	chr3	-0.155464	0.378312	-0.435568	1	-0.375851	-0.44536	-0.213267	-0.152079
chr3:140000000-140500000	chr3	-0.052103	0.379689	-0.322086	1	-0.408195	-0.508509	-0.217843	-0.0952331
chr3:140500000-141000000	chr3	-0.08211	-0.121872	-0.30724	3	0.648544	0.646478	0.830143	0.681059
chr3:141000000-141500000	chr3	-0.072551	-0.762812	-0.464647	4	1.21554	1.23749	1.26524	1.30533
chr3:141500000-142000000	chr3	-0.497103	-0.324581	-0.394375	3	1.25107	1.26496	1.18392	1.22152
chr3:142000000-142500000	chr3	-0.393356	-0.176764	-0.320228	4	0.777892	0.886626	0.786667	0.871303
chr3:142500000-143000000	chr3	-0.303274	0.273775	-0.290709	4	0.989517	1.03779	0.90749	0.840229
chr3:143000000-143500000	chr3	0.080112	1.13348	-0.045375	0	0.852217	0.896121	0.850108	0.782992
chr3:143500000-144000000	chr3	0.077531	0.131475	0.110166	2	-0.587923	-0.65577	-0.795503	-0.501522
chr3:144000000-144500000	chr3	0.446509	0.032998	0.248373	0	-1.39829	-1.44521	-1.4243	-1.38204
chr3:144500000-145000000	chr3	0.35282	0.341282	0.610352	0	-1.3582	-1.47636	-1.45353	-1.45043
chr3:145000000-145500000	chr3	0.37951	0.171438	0.305789	0	-1.39505	-1.42786	-1.45441	-1.43135
chr3:145500000-146000000	chr3	0.109658	-0.387699	0.45987	2	-1.38939	-1.37964	-1.44785	-1.41106
chr3:146000000-146500000	chr3	-0.003521	0.140896	0.092119	3	-1.31423	-1.31113	-1.40868	-1.26768
chr3:146500000-147000000	chr3	0.345617	0.270214	0.363432	0	-1.38649	-1.33602	-1.39988	-1.37699
chr3:147000000-147500000	chr3	0.112882	0.565083	0.473351	2	-1.34989	-1.34457	-1.37074	-1.33669
chr3:147500000-148000000	chr3	0.195688	0.493778	-0.022884	0	-0.97453	-0.823985	-1.29567	-1.29609
chr3:148000000-148500000	chr3	0.047886	0.703193	-0.00036	1	-1.27292	-1.22112	-1.37227	-1.29506
chr3:148500000-149000000	chr3	-0.188095	-0.332118	-0.159754	6	-0.269041	-0.170128	-0.236229	-0.495591
chr3:149000000-149500000	chr3	0.095998	-0.871079	-0.082026	5	0.702597	0.626931	0.876815	0.829821
chr3:149500000-150000000	chr3	0.059404	-1.27009	-0.178784	3	0.404096	0.376939	0.410059	0.254394
chr3:150000000-150500000	chr3	0.116061	-1.33895	0.023088	6	1.07259	1.05013	1.10283	1.06383
chr3:150500000-151000000	chr3	-0.139745	-0.651361	-0.357155	5	-0.746928	-0.67052	-0.85764	-0.672969
chr3:151000000-151500000	chr3	-0.140129	-0.622161	-0.392898	5	-0.594458	-0.643798	-0.78579	-0.668154
chr3:151500000-152000000	chr3	0.21813	-1.39466	0.02042	3	0.619874	0.398126	0.760852	0.717095
chr3:152000000-152500000	chr3	0.259493	-0.823087	0.038942	0	0.381104	0.366741	0.46246	0.335043
chr3:152500000-153000000	chr3	0.361965	-0.290617	-0.096039	2	-0.666699	-1.11395	-1.08842	-0.971435
chr3:153000000-153500000	chr3	0.038422	0.247023	-0.039632	0	-1.16387	-1.27219	-1.31731	-1.14881
chr3:153500000-154000000	chr3	-0.123519	0.626988	0.027858	1	-1.39291	-1.43531	-1.3919	-1.40183
chr3:154000000-154500000	chr3	0.150847	0.8684	-0.039206	2	-1.29868	-1.23465	-1.2512	-1.41143
chr3:154500000-155000000	chr3	-0.307456	0.324459	-0.260414	1	-1.42213	-1.52651	-1.45057	-1.33602
chr3:155000000-155500000	chr3	-0.063785	0.802903	-0.357585	2	-1.26477	-1.25308	-1.23095	-1.14002
chr3:155500000-156000000	chr3	-0.049482	0.161701	0.010312	4	0.124193	0.0523357	0.105904	0.0703635
chr3:156000000-156500000	chr3	0.067227	-0.587069	-0.188318	2	0.785631	0.708508	0.587634	0.703643
chr3:156500000-157000000	chr3	-0.003405	-0.716535	-0.029496	2	1.04864	1.01358	1.00948	1.0319
chr3:157000000-157500000	chr3	-0.055867	0.282261	0.075815	2	-1.34682	-1.39008	-1.31067	-1.29897
chr3:157500000-158000000	chr3	-0.017523	0.673014	-0.100043	2	-0.279742	-0.339214	-0.132294	-0.0438739
chr3:158000000-158500000	chr3	-0.203127	0.179322	-0.142068	4	-0.0744872	0.0618406	0.0118928	0.0136279
chr3:158500000-159000000	chr3	-0.203076	0.475298	-0.186627	3	-1.36386	-1.24965	-1.33279	-1.28191
chr3:159000000-159500000	chr3	-0.10016	-0.048765	-0.077458	0	-1.42074	-1.37277	-1.46075	-1.41019
chr3:159500000-160000000	chr3	-0.105724	-0.28949	-0.082814	2	0.639822	0.613697	0.6447	0.474978
chr3:160000000-160500000	chr3	-0.321133	-0.208691	-0.042576	6	0.906964	0.925952	0.848379	0.99176
chr3:160500000-161000000	chr3	-0.084717	0.38341	-0.216961	2	0.0709729	0.160717	-0.00217923	0.12094
chr3:161000000-161500000	chr3	0.133503	0.803039	-0.053491	2	-0.490001	-0.509616	-0.577152	-0.57257
chr3:161500000-162000000	chr3	0.148635	-0.203693	-0.123668	0	-1.07502	-1.03398	-1.18414	-1.04315
chr3:162000000-162500000	chr3	0.087575	-0.23706	0.166767	0	-1.34368	-1.4116	-1.40958	-1.44031
chr3:162500000-163000000	chr3	0.336264	0.023091	0.370037	0	-1.38513	-1.30528	-1.42142	-1.31374
chr3:163000000-163500000	chr3	0.606821	0.190181	0.466512	0	-1.25796	-1.26924	-0.384198	-1.37603
chr3:163500000-164000000	chr3	0.582107	0.464264	0.54097	0	-1.06546	-1.10394	-1.26746	-1.14369
chr3:164000000-164500000	chr3	0.181342	0.320942	0.539724	0	-1.26786	-1.13511	-1.38329	-1.3068
chr3:164500000-165000000	chr3	0.397756	0.386239	0.423983	2	-1.33326	-1.34197	-1.36418	-1.29681
chr3:165000000-165500000	chr3	0.245749	0.154363	0.480772	0	0.470922	0.484182	0.0464612	-0.0602059
chr3:165500000-166000000	chr3	0.21245	0.114068	0.228735	1	-0.664632	-0.652585	-0.830091	-0.742682
chr3:166000000-166500000	chr3	0.161953	0.136734	0.325116	0	-1.21256	-1.19814	-1.35021	-1.43308
chr3:166500000-167000000	chr3	0.218353	0.529455	0.281572	0	-1.43082	-1.43431	-1.39995	-1.30146
chr3:167000000-167500000	chr3	0.380849	0.684537	0.243123	5	-0.974657	-1.0778	-0.979245	-0.953302
chr3:167500000-168000000	chr3	0.349584	0.136519	-0.050151	1	-0.808914	-0.707614	-0.812382	-0.723175
chr3:168000000-168500000	chr3	0.394637	0.227576	0.144439	0	-1.46721	-1.39882	-1.48991	-1.43416
chr3:168500000-169000000	chr3	-0.1182	-0.341512	0.036124	0	-1.41824	-1.27845	-1.44081	-1.33397
chr3:169000000-169500000	chr3	0.026147	0.203735	-0.071395	4	-1.14917	-1.15725	-1.18069	-1.19066
chr3:169500000-170000000	chr3	-0.096689	-0.894926	-0.231953	8	1.20121	1.22184	1.05997	1.14902
chr3:170000000-170500000	chr3	0.0993	-0.899145	-0.237412	3	0.240581	0.0887882	0.0343697	0.0664015
chr3:170500000-171000000	chr3	0.210345	-1.21273	0.004908	3	0.678575	0.682508	0.743663	0.582297
chr3:171000000-171500000	chr3	0.039701	-1.21235	0.074801	1	1.05217	1.03551	1.14611	0.989244
chr3:171500000-172000000	chr3	0.335428	-1.50516	0.008898	3	1.17535	1.18518	1.27193	1.1869
chr3:172000000-172500000	chr3	0.098784	-0.957678	-0.233826	4	0.483909	0.419033	0.441244	0.477639
chr3:172500000-173000000	chr3	0.275831	0.211467	0.046052	1	-1.09711	-1.24519	-1.072	-0.902069
chr3:173000000-173500000	chr3	0.433095	0.278887	0.21407	1	-1.17308	-1.44183	-1.50089	-1.36672
chr3:173500000-174000000	chr3	0.420349	0.082641	0.434618	0	-1.22791	-1.4715	-1.48585	-1.3891
chr3:174000000-174500000	chr3	0.05469	0.174697	0.183889	0	-1.38264	-1.42572	-1.44153	-1.36601
chr3:174500000-175000000	chr3	-0.1943	-0.125536	0.086116	1	-1.06626	-0.956906	-0.983729	-0.788918
chr3:175000000-175500000	chr3	0.468478	-0.340325	0.008846	0	-1.13181	-1.12101	-1.10298	-1.15258
chr3:175500000-176000000	chr3	0.406311	0.573529	0.412051	0	-1.44063	-1.43938	-1.52123	-1.37173
chr3:176000000-176500000	chr3	0.420686	0.651603	0.134743	0	-1.43753	-1.41184	-1.39006	-1.46343
chr3:176500000-177000000	chr3	0.122753	-0.577806	-0.078456	1	-0.117085	-0.0170215	-0.168162	-0.135367
chr3:177000000-177500000	chr3	0.040308	-0.736506	-0.258095	0	-0.826266	-0.75136	-0.897001	-0.834264
chr3:177500000-178000000	chr3	0.159672	-1.06753	0.1518	0	-1.31261	-1.35478	-1.43189	-1.31315
chr3:178000000-178500000	chr3	0.131125	-0.137932	-0.059812	1	0.731804	0.744732	0.6825	0.726615
chr3:178500000-179000000	chr3	0.239821	-0.568823	-0.029082	3	1.02501	0.972655	0.962715	1.00675
chr3:179000000-179500000	chr3	-0.096037	-0.270316	-0.222413	7	0.852725	0.737756	0.778709	0.741598
chr3:179500000-180000000	chr3	0.437449	0.823253	0.143699	1	0.136903	0.145346	-0.196957	-0.271122
chr3:180000000-180500000	chr3	0.325784	0.990848	0.139234	2	-1.00847	-0.896584	-1.08338	-0.968943
chr3:180500000-181000000	chr3	0.190088	0.723613	0.215952	2	-0.949377	-0.969087	-0.983849	-0.935611
chr3:181000000-181500000	chr3	0.424057	0.644217	0.254329	1	-1.299	-1.34383	-1.26873	-1.10776
chr3:181500000-182000000	chr3	0.060466	0.802366	-0.128434	0	-0.585946	-0.724307	-0.207285	-0.173301
chr3:182000000-182500000	chr3	0.296366	0.374272	0.007148	0	-0.613723	-0.636856	-0.549492	-0.534228
chr3:182500000-183000000	chr3	-0.308705	-0.4466	-0.282577	5	1.29789	1.25178	1.30709	1.32067
chr3:183000000-183500000	chr3	-0.132784	-0.662189	-0.191493	4	1.40765	1.41937	1.32282	1.31413
chr3:183500000-184000000	chr3	0.096398	-0.91888	-0.309804	15	1.38222	1.39376	1.36268	1.39268
chr3:184000000-184500000	chr3	0.014227	-0.786003	-0.093657	9	0.860303	1.17578	1.09927	1.19504
chr3:184500000-185000000	chr3	-0.196919	-0.583574	-0.253187	3	1.21597	1.16904	1.16189	1.16192
chr3:185000000-185500000	chr3	0.017126	-0.942769	0.052602	4	1.38237	1.37887	1.27342	1.34095
chr3:185500000-186000000	chr3	-0.110722	-0.924071	-0.094192	3	0.997765	1.01951	0.892807	0.833627
chr3:186000000-186500000	chr3	-0.155256	-0.644764	-0.361931	8	0.974531	0.936592	0.943964	0.939425
chr3:186500000-187000000	chr3	0.018577	-0.753153	-0.226797	6	1.08859	1.04969	1.10947	1.02822
chr3:187000000-187500000	chr3	-0.101139	-0.512871	-0.318835	5	-0.0832098	-0.0759961	-0.189429	-0.102451
chr3:187500000-188000000	chr3	-0.076443	-0.912425	-0.304024	1	0.261423	0.273163	0.204878	0.233201
chr3:188000000-188500000	chr3	0.209238	-1.26747	0.07695	0	-0.265825	-0.264069	-0.0536924	0.132016
chr3:188500000-189000000	chr3	-0.229627	-0.662068	-0.124894	1	-0.492738	-0.567736	-0.37368	-0.308155
chr3:189000000-189500000	chr3	-0.085443	-0.491591	-0.162374	1	1.04339	1.08546	0.999606	0.998581
chr3:189500000-190000000	chr3	0.221219	-1.14208	-0.122827	1	0.999666	0.951602	0.912099	0.907932
chr3:190000000-190500000	chr3	0.053788	-0.783644	-0.135032	4	-0.178491	-0.199195	-0.0830809	-0.0825489
chr3:190500000-191000000	chr3	0.024858	-0.052315	0.061577	2	-0.90087	-0.84651	-0.931202	-0.976468
chr3:191000000-191500000	chr3	0.167516	0.103876	0.203392	3	-0.539261	-0.668957	-0.597689	-0.558298
chr3:191500000-192000000	chr3	0.463023	0.264348	0.561864	0	-1.29858	-1.13594	-1.28125	-1.15364
chr3:192000000-192500000	chr3	0.387002	0.353958	0.317356	1	-1.04066	-1.0871	-0.998551	-0.925963
chr3:192500000-193000000	chr3	0.090619	-0.015078	-0.066485	2	-0.282945	-0.247546	-0.352603	-0.317386
chr3:193000000-193500000	chr3	0.15106	0.051599	-0.053084	3	-0.302851	-0.210528	-0.225201	-0.336204
chr3:193500000-194000000	chr3	-0.086187	-0.660127	-0.257236	1	0.383295	0.226692	0.241944	0.141398
chr3:194000000-194500000	chr3	0.017871	-1.14269	0.112999	7	1.31659	1.36485	1.30834	1.27898
chr3:194500000-195000000	chr3	-0.227366	-0.544033	-0.133917	1	1.24544	1.19634	1.23507	1.27644
chr3:195000000-195500000	chr3	-0.180288	-1.14395	0.144301	4	1.3902	1.40381	1.36298	1.33643
chr3:195500000-196000000	chr3	-0.1848	-0.799195	0.263671	5	1.31925	1.30944	1.27101	1.28412
chr3:196000000-196500000	chr3	0.181764	-1.32633	-0.034669	12	1.40352	1.32415	1.29512	1.39145
chr3:196500000-197000000	chr3	-0.02046	-1.39929	0.254901	5	1.27771	1.31445	1.29983	1.3059
chr3:197000000-197500000	chr3	0.204872	-1.20901	-0.319792	4	1.36374	1.38721	1.37848	1.37623
chr3:197500000-198000000	chr3	-0.170223	-1.04265	0.023925	4	1.23829	1.19501	1.16378	1.15332
chr4:3000000-3500000	chr4	-0.201623	-0.475428	-0.006127	6	1.31867	1.11546	1.02556	1.18207
chr4:3500000-4000000	chr4	-0.556823	0.322756	0.136911	2	0.909948	0.413438	0.887155	0.989303
chr4:4000000-4500000	chr4	-0.244666	0.051784	-0.430956	5	1.07279	0.976287	1.00767	0.910854
chr4:4500000-5000000	chr4	-0.272773	0.142595	-0.097209	2	0.542085	0.602317	0.607227	0.549544
chr4:5000000-5500000	chr4	-0.185036	0.112875	-0.410624	2	-0.154098	-0.144461	-0.292171	0.030983
chr4:5500000-6000000	chr4	-0.493876	0.395182	-0.070017	3	0.513946	0.55173	0.531694	0.530341
chr4:6000000-6500000	chr4	-0.357322	0.617356	-0.144062	5	1.09779	0.937552	0.892321	0.843398
chr4:6500000-7000000	chr4	-0.160481	-0.432296	-0.128554	8	1.45494	1.3072	1.31316	1.31461
chr4:7000000-7500000	chr4	-0.058173	-0.313513	-0.120931	5	0.734525	0.884667	0.580963	0.813897
chr4:7500000-8000000	chr4	-0.339362	-0.311872	-0.204181	1	0.59158	0.414439	0.512603	0.532749
chr4:8000000-8500000	chr4	-0.327168	-0.082006	-0.166632	5	1.05234	0.976001	0.696784	0.698916
chr4:8500000-9000000	chr4	-0.099629	0.792403	0.178688	3	0.485454	0.318308	0.260939	0.546013
chr4:9000000-9500000	chr4	0.148667	0.72714	-0.195876	21	-0.268948	-0.167337	-0.141498	-0.298584
chr4:9500000-10000000	chr4	0.066676	1.22523	-0.141345	1	0.831695	0.821148	1.08437	1.14239
chr4:10000000-10500000	chr4	0.003289	0.983825	-0.287944	3	0.190297	0.340323	0.333689	0.0568061
chr4:10500000-11000000	chr4	-0.134563	0.331122	-0.264739	1	0.864835	1.0036	0.561934	0.714438
chr4:11000000-11500000	chr4	0.041853	0.716248	-0.059789	1	0.0228559	0.120732	-0.396719	-0.22541
chr4:11500000-12000000	chr4	0.127112	0.35144	0.286817	0	-1.0348	-1.02223	-1.22043	-1.0957
chr4:12000000-12500000	chr4	0.650854	0.505402	0.602718	0	-1.29387	-1.27043	-1.30034	-1.06147
chr4:12500000-13000000	chr4	0.353435	0.793608	0.23001	0	-0.676926	-0.715808	-0.689125	-0.810552
chr4:13000000-13500000	chr4	-0.001756	0.772318	0.004441	1	-0.189017	0.00943644	0.0136367	-0.0202275
chr4:13500000-14000000	chr4	0.059921	0.130379	-0.062984	2	-0.196498	-0.241076	-0.110618	-0.591728
chr4:14000000-14500000	chr4	0.109141	0.509747	0.083573	0	-0.685424	-0.91889	-0.95081	-0.869305
chr4:14500000-15000000	chr4	0.185504	0.503392	0.418739	0	-0.197555	-0.291524	-0.131555	-0.217314
chr4:15000000-15500000	chr4	-0.105907	-0.303744	-0.219804	3	0.30724	-0.0696579	0.200195	-0.217265
chr4:15500000-16000000	chr4	-0.108798	-0.129869	-0.071927	6	0.605481	0.559314	0.5692	0.747306
chr4:16000000-16500000	chr4	-0.206613	0.888508	-0.13732	2	-0.129378	-0.109156	-0.2319	-0.255884
chr4:16500000-17000000	chr4	-0.045479	0.891575	0.232225	1	-0.89203	-0.827426	-0.959956	-0.79144
chr4:17000000-17500000	chr4	0.049271	0.668041	0.184424	0	-0.485887	-0.722369	-0.715904	-0.625407
chr4:17500000-18000000	chr4	-0.069863	0.480126	-0.017549	7	0.894995	0.758383	0.931188	0.797885
chr4:18000000-18500000	chr4	0.169477	1.12738	0.1881	1	-0.00177159	0.221486	0.195138	-0.0184161
chr4:18500000-19000000	chr4	-0.085105	0.989219	0.013003	0	0.359668	0.655548	0.504241	0.487423
chr4:19000000-19500000	chr4	-0.074274	-0.009535	0.147804	0	-0.0346477	0.25816	-0.192542	-0.0248594
chr4:19500000-20000000	chr4	-0.258877	-0.242072	-0.242632	0	-0.14734	-0.28853	-0.355617	-0.405733
chr4:20000000-20500000	chr4	-0.164581	-0.264842	-0.223608	1	-0.588126	-0.502193	-0.454934	-0.505547
chr4:20500000-21000000	chr4	-0.117666	0.693951	-0.110901	1	-0.86023	-0.87028	-0.728487	-0.904121
chr4:21000000-21500000	chr4	0.071417	0.978267	-0.051792	0	-1.04176	-1.14051	-1.2655	-1.02657
chr4:21500000-22000000	chr4	-0.28511	0.362602	-0.198184	1	-0.96874	-0.855617	-0.868079	-1.15878
chr4:22000000-22500000	chr4	-0.277246	0.710428	-0.338537	0	-0.485144	-0.516092	-0.674778	-0.26664
chr4:22500000-23000000	chr4	0.113782	0.778049	0.128431	1	0.00158132	0.0383558	-0.167281	-0.0825839
chr4:23000000-23500000	chr4	0.136336	0.160567	-0.02121	0	-0.585376	-0.474565	-0.903583	-0.532252
chr4:23500000-24000000	chr4	0.068512	-0.023934	-0.004186	1	-1.00174	-0.994824	-1.09582	-1.01149
chr4:24000000-24500000	chr4	-0.001867	0.085789	-0.150638	0	-0.587088	-0.71205	-0.657985	-0.800866
chr4:24500000-25000000	chr4	-0.250765	0.059954	-0.422204	3	0.33819	0.244455	0.170864	0.248113
chr4:25000000-25500000	chr4	-0.21657	-0.055738	-0.155184	5	0.976149	0.870976	0.885963	0.835788
chr4:25500000-26000000	chr4	-0.101712	0.351087	-0.411944	3	0.388566	0.387237	0.595273	0.734897
chr4:26000000-26500000	chr4	0.026654	-0.420364	-0.284555	2	1.28853	1.10974	1.07817	1.21099
chr4:26500000-27000000	chr4	-0.35907	-0.074238	-0.111231	2	0.995466	0.942059	1.04277	0.910172
chr4:27000000-27500000	chr4	-0.036435	1.0607	-0.09595	0	-0.750135	-0.727623	-0.761637	-0.58201
chr4:27500000-28000000	chr4	0.31517	0.500599	0.122166	0	-0.952935	-1.08626	-1.12496	-1.12308
chr4:28000000-28500000	chr4	0.159994	0.001787	0.019676	0	-0.702317	-0.937983	-0.313964	-0.302001
chr4:28500000-29000000	chr4	0.092882	-0.048147	-0.002956	0	-0.909236	-0.898629	-0.945804	-0.939374
chr4:29000000-29500000	chr4	0.393186	-0.360006	0.340603	0	-0.384986	-0.221617	-0.923858	-0.85529
chr4:29500000-30000000	chr4	0.024057	0.405606	0.312069	0	-0.471751	-0.521379	-0.795658	-0.746597
chr4:30000000-30500000	chr4	-0.030348	0.151363	0.039589	0	-0.63366	-0.686421	-1.00013	-1.02755
chr4:30500000-31000000	chr4	-0.151576	-0.751389	-0.242182	1	-0.502953	-0.719267	-0.700656	-0.875269
chr4:31000000-31500000	chr4	-0.060766	-0.59204	-0.074167	0	0.643766	0.643952	0.816487	0.899494
chr4:31500000-32000000	chr4	-0.027193	-0.284999	0.016705	0	-0.796144	-0.619527	-0.778044	-0.814454
chr4:32000000-32500000	chr4	-0.148663	-0.007317	0.181659	0	-1.08298	-1.03591	-1.12119	-0.762169
chr4:32500000-33000000	chr4	-0.042609	0.111838	0.387282	0	-0.727825	-0.868631	-0.949841	-0.706617
chr4:33000000-33500000	chr4	-0.008916	-0.002236	0.23589	0	-0.832752	-1.01791	-0.995252	-0.843948
chr4:33500000-34000000	chr4	-0.177127	-0.210399	0.05722	0	-0.542871	-0.611052	-0.640725	-0.452685
chr4:34000000-34500000	chr4	0.071871	-0.431567	0.056638	0	-1.15013	-1.15533	-1.18551	-1.098
chr4:34500000-35000000	chr4	-0.084946	0.108989	0.203147	0	-0.937141	-1.11539	-0.900353	-0.949559
chr4:35000000-35500000	chr4	0.359213	0.407185	0.472021	0	-0.488703	-0.588063	-0.73407	-0.85282
chr4:35500000-36000000	chr4	-0.056035	0.622492	0.517157	0	-0.264951	-0.0540807	-0.252299	-0.347856
chr4:36000000-36500000	chr4	0.06348	0.717464	0.245868	2	0.7238	0.894582	1.03173	0.804144
chr4:36500000-37000000	chr4	0.0339	1.05493	0.288439	0	-0.424824	-0.16936	0.0232584	-0.284059
chr4:37000000-37500000	chr4	-0.014385	1.18024	0.184371	2	-0.681441	-0.845282	-0.970406	-0.703622
chr4:37500000-38000000	chr4	-0.108906	0.0759	-0.36357	4	1.10393	0.933039	0.960846	0.930111
chr4:38000000-38500000	chr4	-0.113648	-0.197873	-0.346538	0	1.20723	1.14007	1.32697	1.28668
chr4:38500000-39000000	chr4	-0.101298	-0.420857	-0.1458	5	1.3739	1.50428	1.31459	1.54274
chr4:39000000-39500000	chr4	-0.205164	-0.737521	-0.314943	7	1.43687	1.54658	1.43781	1.4623
chr4:39500000-40000000	chr4	0.027941	-1.10354	-0.169444	4	1.45755	1.54377	1.40386	1.71251
chr4:40000000-40500000	chr4	-0.172551	-0.41167	-0.203344	3	1.49102	1.37682	1.28727	1.61419
chr4:40500000-41000000	chr4	0.010715	-0.563353	-0.378669	2	1.38125	1.4139	1.46313	1.39214
chr4:41000000-41500000	chr4	-0.102474	-0.34314	-0.169285	2	0.865471	1.03041	0.856544	0.856619
chr4:41500000-42000000	chr4	-0.24727	-0.11301	-0.106808	5	0.221302	0.254711	-0.176006	-0.332217
chr4:42000000-42500000	chr4	-0.097657	0.823509	-0.192572	2	0.490719	0.362095	0.554225	0.410286
chr4:42500000-43000000	chr4	-0.090618	1.11806	0.254608	2	0.485971	0.411761	0.408314	0.484978
chr4:43000000-43500000	chr4	-0.05092	0.528557	0.145149	0	0.455786	0.46506	0.180363	0.289291
chr4:43500000-44000000	chr4	0.075247	0.570379	0.27867	0	0.292043	0.149792	-0.369285	-0.454145
chr4:44000000-44500000	chr4	0.066711	0.462254	0.466652	1	-1.27614	-1.23827	-1.16077	-1.09118
chr4:44500000-45000000	chr4	0.199212	0.522571	0.377491	3	-0.740103	-0.663557	-0.890635	-0.677078
chr4:45000000-45500000	chr4	0.44761	0.339621	0.662562	0	-1.01529	-1.05764	-1.20316	-1.09008
chr4:45500000-46000000	chr4	0.575568	0.406616	0.533082	0	-1.20133	-1.16806	-1.15897	-1.16139
chr4:46000000-46500000	chr4	0.283855	0.376264	0.369657	2	-1.24102	-1.07648	-1.21149	-1.24394
chr4:46500000-47000000	chr4	-0.242072	0.685955	0.356396	2	-0.898524	-1.04357	-1.15342	-1.06061
chr4:47000000-47500000	chr4	-0.151379	-0.403392	0.102154	3	-0.590654	-0.261626	-0.534499	-0.622673
chr4:47500000-48000000	chr4	-0.130963	-0.176661	0.04813	2	0.874133	0.920589	0.888201	0.994166
chr4:48000000-48500000	chr4	-0.18498	-0.383827	-0.176041	7	1.48795	1.66496	1.52507	1.66554
chr4:48500000-49000000	chr4	-0.012511	-0.57879	-0.149323	4	1.51098	1.52316	1.4333	1.62279
chr4:52500000-53000000	chr4	-0.260286	0.640127	-0.330012	4	-0.659612	-0.490964	-0.602139	-0.448376
chr4:53000000-53500000	chr4	0.172585	0.481704	-0.011456	0	-0.47725	-0.545118	-0.386217	-0.474295
chr4:53500000-54000000	chr4	-0.031545	-0.154422	-0.099041	3	1.02142	0.878331	0.826739	0.880723
chr4:54000000-54500000	chr4	-0.189411	-0.353959	-0.071559	3	1.39007	1.48612	1.41045	1.57182
chr4:54500000-55000000	chr4	-0.123034	-0.555605	-0.335205	2	1.23423	1.29142	1.0184	1.21094
chr4:55000000-55500000	chr4	-0.306293	0.025236	-0.215837	1	-0.381216	-0.487702	-0.433073	-0.377503
chr4:55500000-56000000	chr4	0.011595	0.230097	-0.130839	2	-0.947945	-1.10605	-0.88536	-0.467656
chr4:56000000-56500000	chr4	-0.045239	-0.385451	-0.015923	4	0.445288	0.426743	0.444442	0.474083
chr4:56500000-57000000	chr4	-0.265774	-0.103943	-0.023206	5	0.415691	0.634655	0.549743	0.655787
chr4:57000000-57500000	chr4	-0.241135	-0.335047	-0.46936	6	1.03627	0.861401	1.01078	1.17543
chr4:57500000-58000000	chr4	-0.092696	-0.706492	-0.328182	6	1.08996	1.07253	1.23086	1.39605
chr4:58000000-58500000	chr4	0.035008	0.206729	-0.186543	0	-1.14214	-1.14456	-1.17781	-1.20854
chr4:58500000-59000000	chr4	0.272953	0.268333	0.377647	0	-1.41342	-1.59963	-1.37621	-1.21302
chr4:59000000-59500000	chr4	0.429879	0.038547	0.042387	0	-1.55347	-1.66605	-1.57438	-1.49987
chr4:59500000-60000000	chr4	-0.059072	-0.321142	0.41154	0	-1.52121	-1.50166	-1.41479	-1.4216
chr4:60000000-60500000	chr4	0.134276	0.057797	0.28559	0	-1.54153	-1.45181	-1.57451	-1.32001
chr4:60500000-61000000	chr4	0.255331	0.043447	0.206692	0	-1.52193	-1.45848	-1.40951	-1.3728
chr4:61000000-61500000	chr4	0.261235	0.05917	0.503388	0	-1.38257	-1.34553	-1.39824	-1.33372
chr4:61500000-62000000	chr4	0.032402	-0.003183	0.1421	0	-1.28734	-1.23079	-1.34571	-1.07844
chr4:62000000-62500000	chr4	0.186476	-0.448701	0.156458	1	-1.32142	-1.25408	-1.3078	-1.04546
chr4:62500000-63000000	chr4	0.047139	0.185256	0.227883	0	0.275631	0.344632	0.786433	0.976178
chr4:63000000-63500000	chr4	0.281982	0.399455	-0.015976	0	0.801336	0.782607	0.914684	0.761236
chr4:63500000-64000000	chr4	0.142016	0.140097	0.428262	0	-1.65415	-1.41809	-1.42511	-1.39567
chr4:64000000-64500000	chr4	0.263995	0.360551	0.521851	0	0.0440584	0.104789	-0.35923	-0.159381
chr4:64500000-65000000	chr4	0.264774	0.309919	0.533882	0	-0.450569	-0.209138	-1.00569	-0.849446
chr4:65000000-65500000	chr4	0.390755	0.06449	0.764286	1	-0.503283	-0.330159	-0.843706	-0.690494
chr4:65500000-66000000	chr4	0.145824	0.609036	0.246598	0	-1.41248	-1.49157	-1.41199	-1.13168
chr4:66000000-66500000	chr4	0.005022	-0.14331	0.204459	0	-1.53268	-1.5421	-1.41823	-1.43224
chr4:66500000-67000000	chr4	0.044144	-0.183267	-0.268351	1	-1.40003	-1.27968	-1.28555	-0.991932
chr4:67000000-67500000	chr4	-0.198417	-0.371977	0.136096	0	-1.5652	-1.34907	-1.51887	-1.46186
chr4:67500000-68000000	chr4	0.009681	0.223032	0.142635	0	-1.55883	-1.49946	-1.48586	-1.44472
chr4:68000000-68500000	chr4	0.106975	0.437055	-0.165513	2	-0.016667	0.151686	0.0413459	0.157823
chr4:68500000-69000000	chr4	0.158984	0.48267	0.074461	5	-0.492069	-0.425144	-0.46994	-0.220867
chr4:69000000-69500000	chr4	0.247381	0.115021	0.202201	4	-0.502477	-0.406704	-0.716019	-0.367413
chr4:69500000-70000000	chr4	0.023484	0.507825	0.035516	4	0.0397118	0.133615	0.0805462	0.0114903
chr4:70000000-70500000	chr4	0.084674	0.446853	0.257273	3	-1.38097	-1.39956	-1.41915	-1.28077
chr4:70500000-71000000	chr4	0.124275	0.572212	0.471121	9	-1.58498	-1.56114	-1.59151	-1.56536
chr4:71000000-71500000	chr4	0.53542	0.545314	0.178421	12	-1.24469	-1.22424	-0.845346	-0.894565
chr4:71500000-72000000	chr4	-0.087837	-0.593337	-0.28725	6	1.32552	1.19165	1.34298	1.50635
chr4:72000000-72500000	chr4	-0.138162	-0.280074	-0.124741	1	-1.25937	-0.893958	-1.20304	-1.28625
chr4:72500000-73000000	chr4	-0.083271	0.444585	0.06281	2	-1.4045	-1.41441	-1.39045	-1.27336
chr4:73000000-73500000	chr4	0.008113	0.284336	-0.004969	1	-1.47414	-1.42889	-1.53745	-1.52425
chr4:73500000-74000000	chr4	0.108493	-0.157337	-0.036847	1	-0.811397	-0.756892	-0.762666	-0.407013
chr4:74000000-74500000	chr4	-0.193543	-0.428734	-0.00814	5	1.20386	1.13989	1.07984	1.35966
chr4:74500000-75000000	chr4	-0.090623	-0.464715	0.025515	9	-0.669871	-0.80505	-0.744588	-0.457342
chr4:75000000-75500000	chr4	-0.106489	-0.694606	-0.007601	4	-0.439245	-0.449512	-0.5061	-0.272533
chr4:75500000-76000000	chr4	-0.315058	0.663665	0.078783	2	-1.23434	-0.979163	-1.31226	-0.906184
chr4:76000000-76500000	chr4	0.153641	0.648571	-0.146956	3	-0.49289	-0.343417	-0.356678	-0.058477
chr4:76500000-77000000	chr4	-0.004353	-0.63024	-0.324724	10	1.36728	1.3456	1.32751	1.40907
chr4:77000000-77500000	chr4	-0.135874	-0.60818	0.018143	6	0.506546	0.45242	0.520336	0.4489
chr4:77500000-78000000	chr4	-0.022353	-0.887731	0.112624	3	0.616372	0.867049	0.610563	0.57216
chr4:78000000-78500000	chr4	-0.023033	0.376472	-0.279536	1	0.287269	0.163861	0.291451	0.306495
chr4:78500000-79000000	chr4	-0.171929	-0.165	-0.133824	4	0.495656	0.492513	0.56212	0.730094
chr4:79000000-79500000	chr4	0.230576	0.225452	0.003373	1	-0.706318	-0.524655	-0.159	-0.0410017
chr4:79500000-80000000	chr4	0.135099	-0.620726	-0.178695	2	1.11913	1.19944	1.30334	1.50064
chr4:80000000-80500000	chr4	0.364352	0.434104	0.336679	2	0.25208	0.202241	0.661803	0.470883
chr4:80500000-81000000	chr4	-0.028173	0.015867	0.130368	1	-1.15755	-1.15916	-1.17271	-0.764449
chr4:81000000-81500000	chr4	0.162803	-0.443616	0.043621	3	0.300363	0.0371401	-0.839072	-0.723232
chr4:81500000-82000000	chr4	0.39663	0.637152	0.388143	1	0.674225	0.704575	-1.39919	-1.39708
chr4:82000000-82500000	chr4	0.260146	1.00432	-0.142752	2	-1.373	-1.36973	-1.39637	-1.34744
chr4:82500000-83000000	chr4	0.186146	1.33207	0.085124	0	-1.41078	-1.35521	-1.33414	-1.27121
chr4:83000000-83500000	chr4	0.066203	0.192934	0.045582	4	0.312778	0.221769	0.139739	0.262297
chr4:83500000-84000000	chr4	0.156621	-0.716421	-0.063318	5	1.26618	1.36658	1.21364	1.3566
chr4:84000000-84500000	chr4	-0.289461	-0.058705	-0.00359	7	1.28767	1.21123	1.24223	1.34528
chr4:84500000-85000000	chr4	-0.065314	0.346952	-0.023626	0	-1.49146	-1.37271	-1.4646	-1.48322
chr4:85000000-85500000	chr4	-0.03564	1.0325	0.088303	1	-1.56399	-1.55553	-1.61608	-1.50369
chr4:85500000-86000000	chr4	-0.141135	-0.56351	0.100339	2	-1.65071	-1.70577	-1.61829	-1.82066
chr4:86000000-86500000	chr4	0.374166	0.491365	0.203333	1	-1.45671	-1.59767	-1.44217	-1.59971
chr4:86500000-87000000	chr4	-0.123866	-0.309084	-0.085674	0	-1.2885	-1.1852	-1.25349	-1.07229
chr4:87000000-87500000	chr4	-0.061627	-0.059723	-0.295129	1	-0.439836	-0.201757	-0.404928	0.00823662
chr4:87500000-88000000	chr4	-0.164687	-0.5376	-0.170631	4	1.4868	1.50931	1.41674	1.67295
chr4:88000000-88500000	chr4	-0.449421	-0.29207	-0.085391	6	0.966721	1.03287	1.10453	1.09134
chr4:88500000-89000000	chr4	-0.271098	-0.224469	-0.285816	6	-0.540548	-0.774849	-0.594093	-0.732782
chr4:89000000-89500000	chr4	-0.28902	-0.224246	-0.354387	5	0.925559	0.999091	0.864242	1.0749
chr4:89500000-90000000	chr4	-0.054435	-0.469561	-0.295269	3	-0.429738	-0.220374	0.216235	0.264191
chr4:90000000-90500000	chr4	-0.019415	-0.154952	-0.11483	2	-0.757156	-0.782762	-0.314771	-0.344516
chr4:90500000-91000000	chr4	-0.129179	-0.035553	-0.04428	2	-1.54975	-1.58622	-1.60613	-1.65173
chr4:91000000-91500000	chr4	-0.046847	0.58882	0.442977	1	-1.47005	-1.3886	-1.43939	-1.25401
chr4:91500000-92000000	chr4	0.340278	0.169144	0.268041	0	-1.47806	-1.36452	-1.53336	-1.62359
chr4:92000000-92500000	chr4	0.514511	0.222666	0.510941	0	-1.37469	-1.43674	-1.49051	-1.48134
chr4:92500000-93000000	chr4	0.129893	0.408987	0.353554	0	-1.5501	-1.52507	-1.63501	-1.38113
chr4:93000000-93500000	chr4	0.389296	0.212633	0.183074	1	-1.67759	-1.64657	-1.65619	-1.67336
chr4:93500000-94000000	chr4	0.409909	0.055579	0.214815	0	-1.59084	-1.55726	-1.538	-1.53954
chr4:94000000-94500000	chr4	0.277786	0.204241	0.162297	0	-1.05301	-0.905245	-0.398037	0.0271113
chr4:94500000-95000000	chr4	0.417896	0.512971	0.027015	1	-0.505377	-0.682299	-0.127519	0.14093
chr4:95000000-95500000	chr4	0.500474	-1.18813	-0.033616	3	0.456413	0.559584	0.629359	0.51829
chr4:95500000-96000000	chr4	0.08019	-0.525555	-0.092335	1	-1.39578	-1.36131	-1.30106	-1.09456
chr4:96000000-96500000	chr4	0.010932	-0.295152	-0.291034	1	-1.23219	-1.13914	-1.13902	-0.78817
chr4:96500000-97000000	chr4	-0.000992	-0.026692	0.083223	1	-1.52596	-1.48608	-1.51778	-1.43174
chr4:97000000-97500000	chr4	0.079924	0.087769	-0.11219	0	-1.57961	-1.5165	-1.52085	-1.54634
chr4:97500000-98000000	chr4	-0.123267	0.308349	0.146515	0	-1.59338	-1.54893	-1.66596	-1.53718
chr4:98000000-98500000	chr4	0.107077	0.611245	0.190723	0	-1.57738	-1.57573	-1.57214	-1.50795
chr4:98500000-99000000	chr4	0.254688	0.576836	0.168359	0	-1.32869	-1.34788	-1.35693	-1.18086
chr4:99000000-99500000	chr4	-0.154852	-0.270487	-0.127311	2	-0.181903	-0.135505	0.0771394	0.442192
chr4:99500000-100000000	chr4	-0.154038	-0.414343	-0.312759	3	0.184076	0.327421	0.307769	0.366843
chr4:100000000-100500000	chr4	-0.017264	0.580866	-0.048452	10	-1.06154	-1.02765	-1.07096	-0.820397
chr4:100500000-101000000	chr4	0.124845	-0.0092	-0.023201	5	0.572082	0.882568	0.786338	0.834184
chr4:101000000-101500000	chr4	-0.24	-0.322314	-0.243031	2	-1.1213	-1.0336	-1.20861	-1.18798
chr4:101500000-102000000	chr4	-0.109056	-0.525833	-0.333037	0	-1.11742	-1.20728	-1.36729	-1.31672
chr4:102000000-102500000	chr4	-0.093152	-0.801051	0.110949	1	-1.02809	-1.16702	-1.10696	-0.920682
chr4:102500000-103000000	chr4	-0.121333	-0.528262	-0.131823	1	-1.3622	-1.27378	-1.3487	-1.28397
chr4:103000000-103500000	chr4	-0.103783	-0.564933	-0.126472	2	0.292031	0.220221	0.377449	0.656601
chr4:103500000-104000000	chr4	-0.291669	-0.502083	-0.251086	5	1.43144	1.47569	1.52306	1.83924
chr4:104000000-104500000	chr4	-0.069882	0.739499	0.040011	2	-0.919206	-0.92396	-0.920356	-0.949932
chr4:104500000-105000000	chr4	0.26429	0.723089	0.148588	1	-1.59717	-1.45987	-1.66773	-1.58864
chr4:105000000-105500000	chr4	0.359863	0.325348	0.324185	1	0.638692	0.80769	0.0119271	0.0856326
chr4:105500000-106000000	chr4	0.185024	0.286136	-0.172261	0	0.545705	0.71852	-0.0699627	-0.120308
chr4:106000000-106500000	chr4	-0.070201	-0.246141	0.012067	3	1.2683	1.34199	1.39703	1.39723
chr4:106500000-107000000	chr4	-0.120504	-0.022389	-0.254033	3	0.85495	0.882695	0.763746	0.97922
chr4:107000000-107500000	chr4	-0.366132	-0.091527	-0.16215	3	-0.396939	-0.383067	-0.516193	-0.187187
chr4:107500000-108000000	chr4	0.012875	-0.015692	0.010889	1	-1.75945	-1.72899	-1.7372	-1.59628
chr4:108000000-108500000	chr4	0.126711	0.0427	-0.085181	0	-1.7023	-1.63327	-1.61586	-1.6544
chr4:108500000-109000000	chr4	-0.237804	-0.307533	-0.388395	4	-0.425949	-0.612782	-0.335184	-0.47261
chr4:109000000-109500000	chr4	-0.406647	-0.34277	-0.42977	1	-0.592901	-0.648352	-0.398414	-0.315414
chr4:109500000-110000000	chr4	-0.085097	-0.726099	-0.203359	3	-1.01243	-0.963358	-0.986324	-0.968566
chr4:110000000-110500000	chr4	-0.227528	-0.693988	0.012201	3	-0.148168	-0.0740467	0.0221411	-0.0421369
chr4:110500000-111000000	chr4	-0.281582	-0.444475	-0.472132	7	0.74812	0.899135	0.792553	0.629886
chr4:111000000-111500000	chr4	-0.303821	-0.491467	-0.276498	2	0.735927	0.544392	0.688396	0.592202
chr4:111500000-112000000	chr4	-0.385507	-0.578541	-0.015229	1	-1.65666	-1.72039	-1.68483	-1.71725
chr4:112000000-112500000	chr4	0.012773	-0.692275	-0.065561	0	-1.78728	-1.62639	-1.71991	-1.76622
chr4:112500000-113000000	chr4	-0.16932	-0.532446	0.174575	0	-1.38669	-1.57617	-1.39701	-1.20454
chr4:113000000-113500000	chr4	-0.403287	0.051843	-0.203419	5	1.15244	1.27046	1.12407	1.35174
chr4:113500000-114000000	chr4	-0.077581	-0.031926	-0.01725	3	1.26108	1.30271	1.3599	1.41885
chr4:114000000-114500000	chr4	0.055347	-0.768222	-0.08525	0	0.507023	0.562377	0.642808	1.02493
chr4:114500000-115000000	chr4	-0.162204	-1.29745	0.014662	2	0.296918	0.553785	0.556329	0.679755
chr4:115000000-115500000	chr4	-0.086493	-0.378246	0.329594	0	-1.52659	-1.59276	-1.48677	-1.34273
chr4:115500000-116000000	chr4	0.224956	0.738283	0.178639	1	-1.54138	-1.52035	-1.46145	-1.28651
chr4:116000000-116500000	chr4	0.4786	0.320716	0.715401	1	-1.29176	-1.26935	-1.23005	-1.13024
chr4:116500000-117000000	chr4	0.537695	0.368825	0.474563	0	-0.434619	-0.167819	-0.709065	-0.510796
chr4:117000000-117500000	chr4	0.439988	0.352709	0.221313	0	-1.27358	-1.25223	-1.31601	-1.36493
chr4:117500000-118000000	chr4	0.281208	0.431649	0.214986	0	-1.48093	-1.5621	-1.44376	-1.24165
chr4:118000000-118500000	chr4	-0.06251	0.202039	0.282681	1	-0.758094	-0.700118	-1.32728	-1.29357
chr4:118500000-119000000	chr4	0.329582	0.678506	0.22216	1	-1.63558	-1.59644	-1.61068	-1.5643
chr4:119000000-119500000	chr4	0.020053	0.140563	-0.031348	1	-0.664639	-0.735186	-0.713351	-0.79915
chr4:119500000-120000000	chr4	-0.069206	-0.879036	-0.272395	3	0.323886	0.594717	0.657552	0.619262
chr4:120000000-120500000	chr4	-0.146765	-0.595971	-0.115338	4	-0.0426851	0.0342443	-0.10915	-0.0241114
chr4:120500000-121000000	chr4	0.029741	-0.350312	-0.087602	2	-1.1563	-1.23614	-1.15593	-1.00202
chr4:121000000-121500000	chr4	0.061238	0.590924	0.137607	0	-1.31441	-1.39964	-1.37663	-1.30613
chr4:121500000-122000000	chr4	0.233768	0.038903	-0.109594	2	-0.662972	-0.316971	-0.744002	-0.500096
chr4:122000000-122500000	chr4	0.105021	0.051178	-0.181378	2	-0.785741	-0.874399	-0.545674	-0.643078
chr4:122500000-123000000	chr4	-0.42893	-0.404927	-0.407457	6	0.584036	0.508497	0.429192	0.727717
chr4:123000000-123500000	chr4	-0.1653	-0.305115	-0.308333	3	0.138478	0.264688	0.103506	0.108181
chr4:123500000-124000000	chr4	-0.204772	-0.784341	-0.455483	5	0.588449	0.586166	0.593325	0.687451
chr4:124000000-124500000	chr4	-0.25577	-0.503757	-0.369742	1	0.436475	0.589788	0.142781	0.489232
chr4:124500000-125000000	chr4	-0.259373	-0.832286	-0.296366	0	-1.37206	-1.39218	-1.36727	-1.27562
chr4:125000000-125500000	chr4	-0.08392	-0.578684	-0.251374	0	-1.59131	-1.59972	-1.62263	-1.44815
chr4:125500000-126000000	chr4	0.042883	-0.82404	-0.008027	1	-1.15281	-1.0189	-1.24335	-1.12533
chr4:126000000-126500000	chr4	-0.16662	-0.728696	-0.216864	1	-1.46371	-1.556	-1.48034	-1.43128
chr4:126500000-127000000	chr4	-0.122947	-0.347485	0.01993	0	-1.65665	-1.63399	-1.58845	-1.43058
chr4:127000000-127500000	chr4	-0.227147	0.068615	0.061812	0	-1.6214	-1.55602	-1.60429	-1.62039
chr4:127500000-128000000	chr4	0.01271	-0.494936	-0.113268	0	-1.60834	-1.60129	-1.43829	-1.45187
chr4:128000000-128500000	chr4	-0.042176	0.415256	-0.126637	0	-1.54092	-1.49035	-1.54722	-1.4514
chr4:128500000-129000000	chr4	-0.048301	-0.317183	-0.098261	7	1.34287	1.43317	1.42153	1.62231
chr4:129000000-129500000	chr4	-0.197522	-0.55622	-0.318955	1	1.0395	1.29336	1.27157	1.49852
chr4:129500000-130000000	chr4	0.09002	-0.37309	0.037608	1	1.47037	1.37563	1.37522	1.68669
chr4:130000000-130500000	chr4	0.186491	0.495165	-0.013952	2	-1.02038	-0.981766	-1.05295	-0.890554
chr4:130500000-131000000	chr4	0.319836	0.618938	0.401693	0	-1.52675	-1.54335	-1.4707	-1.38297
chr4:131000000-131500000	chr4	0.155319	0.434556	0.351507	0	-1.53914	-1.42909	-1.31173	-1.23787
chr4:131500000-132000000	chr4	0.32951	0.469615	0.48922	0	-1.55879	-1.54566	-1.53712	-1.37926
chr4:132000000-132500000	chr4	0.039482	0.147979	0.37614	0	-1.1209	-1.32298	-1.30006	-1.1098
chr4:132500000-133000000	chr4	-0.155657	0.100937	0.074427	0	-0.965201	-0.863748	-1.24937	-1.03567
chr4:133000000-133500000	chr4	0.097774	-0.075696	0.141645	0	-1.41338	-1.30418	-1.32755	-1.30745
chr4:133500000-134000000	chr4	0.435137	0.162801	0.230102	0	-1.24793	-1.27235	-1.52221	-1.5011
chr4:134000000-134500000	chr4	-0.088759	-0.069449	0.178827	1	-0.801103	-0.68931	-1.2934	-1.07809
chr4:134500000-135000000	chr4	0.224289	-0.21104	0.065115	0	0.232064	0.268701	0.812264	0.712887
chr4:135000000-135500000	chr4	0.026278	-0.28934	0.041457	1	-1.11135	-1.1277	-1.16753	-1.11889
chr4:135500000-136000000	chr4	-0.030561	0.197142	0.290521	0	-1.45541	-1.4051	-1.45988	-1.26987
chr4:136000000-136500000	chr4	0.443234	-0.205283	0.234709	0	-1.67341	-1.47045	-1.52523	-1.57402
chr4:136500000-137000000	chr4	0.304081	-0.057344	0.550142	0	-1.63339	-1.50331	-1.60017	-1.43357
chr4:137000000-137500000	chr4	0.180333	-0.026809	0.105736	0	-1.57491	-1.36952	-1.56679	-1.48237
chr4:137500000-138000000	chr4	0.095405	-0.290317	0.108746	0	-1.33953	-1.32281	-1.49847	-1.40412
chr4:138000000-138500000	chr4	-0.061893	-0.821411	0.118014	1	-1.42945	-1.20882	-1.2275	-1.18337
chr4:138500000-139000000	chr4	0.068214	-0.965171	-0.10961	0	-1.09963	-1.28426	-1.00057	-0.901235
chr4:139000000-139500000	chr4	-0.050762	-0.780919	-0.221008	1	0.169683	0.403231	0.988843	1.00249
chr4:139500000-140000000	chr4	-0.136257	-0.674516	-0.437992	1	-0.0954335	0.043236	-0.062394	0.0478798
chr4:140000000-140500000	chr4	0.07216	-1.32613	-0.074932	6	1.7674	1.72435	1.66946	1.89364
chr4:140500000-141000000	chr4	-0.144946	-0.644111	-0.402897	1	0.856679	0.864183	0.835538	0.908834
chr4:141000000-141500000	chr4	-0.10694	-0.856348	-0.215975	6	0.699648	0.429151	0.526245	0.14788
chr4:141500000-142000000	chr4	-0.002179	-0.589427	-0.190227	1	0.827183	1.03739	0.829729	0.989755
chr4:142000000-142500000	chr4	-0.032453	-0.579639	-0.163718	2	-0.217686	-0.145167	-0.280031	-0.143151
chr4:142500000-143000000	chr4	-0.361022	-0.432203	-0.166272	1	-0.794338	-0.529404	-0.668132	-0.328654
chr4:143000000-143500000	chr4	-0.224575	-0.651795	-0.095337	0	-1.41594	-1.56321	-1.40533	-1.50062
chr4:143500000-144000000	chr4	0.077061	-0.3261	-0.184228	1	-1.47179	-1.49129	-1.43129	-1.32706
chr4:144000000-144500000	chr4	0.041204	-0.212534	-0.242212	3	0.816526	0.975073	1.1767	1.14493
chr4:144500000-145000000	chr4	0.200318	0.807624	0.064497	3	-1.12313	-0.996572	-1.29582	-1.04667
chr4:145000000-145500000	chr4	0.102756	0.3892	0.203502	1	-0.868133	-0.968298	-1.15606	-0.785345
chr4:145500000-146000000	chr4	0.028339	0.220679	-0.195274	1	0.743195	0.843943	0.364489	0.630607
chr4:146000000-146500000	chr4	-0.155091	0.032574	-0.249236	4	1.71081	1.69978	1.44406	1.43851
chr4:146500000-147000000	chr4	-0.032523	-0.024763	-0.20189	3	1.29076	1.52151	1.2764	1.4093
chr4:147000000-147500000	chr4	-0.152162	0.396728	-0.021148	3	1.26375	1.28613	1.10085	1.24406
chr4:147500000-148000000	chr4	-0.043064	0.525265	0.157151	2	-0.200866	-0.349266	-0.726525	-0.709576
chr4:148000000-148500000	chr4	-0.242556	-0.501277	-0.132187	1	0.838659	0.735064	0.320008	0.359099
chr4:148500000-149000000	chr4	-0.003879	-0.550857	-0.462195	3	0.943229	1.09851	1.14655	1.04326
chr4:149000000-149500000	chr4	0.088263	0.554094	0.149981	1	-1.47653	-1.33014	-1.40755	-1.37914
chr4:149500000-150000000	chr4	0.338904	0.367325	0.059101	0	-1.63118	-1.61405	-1.48745	-1.51235
chr4:150000000-150500000	chr4	0.072601	-0.245077	-0.266326	0	-1.58818	-1.61622	-1.54343	-1.48724
chr4:150500000-151000000	chr4	0.165314	-0.632422	0.017298	2	-1.36087	-1.13303	-1.22951	-1.33743
chr4:151000000-151500000	chr4	0.037741	-1.31184	0.272691	0	0.944705	1.06747	0.903115	0.931116
chr4:151500000-152000000	chr4	-0.081529	-1.12875	0.005811	2	1.63558	1.55028	1.61803	1.79589
chr4:152000000-152500000	chr4	0.002843	-1.05395	0.003214	4	1.06187	0.981186	0.961841	0.851348
chr4:152500000-153000000	chr4	0.037711	-0.747006	-0.201317	1	1.37113	1.35299	1.15751	1.13645
chr4:153000000-153500000	chr4	-0.026445	-1.10242	-0.043999	1	1.66185	1.67314	1.56361	1.74761
chr4:153500000-154000000	chr4	-0.117755	-0.565746	-0.151218	4	1.40983	1.48776	1.45503	1.62962
chr4:154000000-154500000	chr4	-0.142148	-0.690831	-0.116127	3	1.31244	1.44251	1.27634	1.33174
chr4:154500000-155000000	chr4	0.199745	0.45509	-0.015064	3	-0.138955	-0.261565	-0.515204	-0.0656575
chr4:155000000-155500000	chr4	0.152228	1.0387	0.197408	3	-1.00399	-1.09555	-0.956548	-0.898651
chr4:155500000-156000000	chr4	0.327273	1.09716	0.088223	4	-0.948177	-0.898906	-1.17437	-0.720238
chr4:156000000-156500000	chr4	0.297918	0.366058	0.198272	2	-0.911658	-1.09793	-1.09176	-0.622375
chr4:156500000-157000000	chr4	0.093279	-0.236405	0.339481	5	-0.248404	-0.308667	0.0872228	-0.0217055
chr4:157000000-157500000	chr4	0.070714	-0.606637	-0.273969	0	-0.269589	-0.425855	-0.362784	-0.159621
chr4:157500000-158000000	chr4	-0.017795	-1.03967	-0.04357	2	-1.14859	-1.08108	-1.10258	-0.977589
chr4:158000000-158500000	chr4	0.170625	0.289247	0.260508	1	-1.45743	-1.44379	-1.40313	-1.47029
chr4:158500000-159000000	chr4	0.289496	0.290574	0.222252	0	-1.51733	-1.41322	-1.46422	-1.32704
chr4:159000000-159500000	chr4	0.047229	0.186256	0.005055	3	-1.23609	-1.38671	-1.21657	-1.2283
chr4:159500000-160000000	chr4	0.096169	-0.751946	-0.155011	5	0.557044	0.520403	0.633112	0.839573
chr4:160000000-160500000	chr4	0.129344	-0.992555	-0.127429	1	-0.329565	-0.132304	-0.28089	-0.0968081
chr4:160500000-161000000	chr4	-0.129043	0.445473	-0.16574	0	-1.57495	-1.47958	-1.40744	-1.17596
chr4:161000000-161500000	chr4	-0.070231	0.375313	0.112047	0	-1.33039	-1.38557	-1.46271	-1.23701
chr4:161500000-162000000	chr4	0.280951	-0.022779	0.128168	0	-1.54125	-1.46617	-1.50007	-1.50109
chr4:162000000-162500000	chr4	-0.138552	0.118847	-0.388969	0	-0.929437	-0.739715	-0.304464	-0.575807
chr4:162500000-163000000	chr4	-0.145719	-0.309665	0.151765	0	-1.00743	-0.831049	-0.405723	-0.453297
chr4:163000000-163500000	chr4	-0.137997	0.055897	-0.065581	1	-1.32911	-1.33783	-1.4133	-1.26153
chr4:163500000-164000000	chr4	0.025393	0.722445	0.134627	0	-0.986886	-1.17033	-1.1663	-0.927543
chr4:164000000-164500000	chr4	-0.093008	0.662099	-0.071787	5	-0.0566709	0.00447642	0.00171149	-0.199825
chr4:164500000-165000000	chr4	-0.122804	0.783754	0.041731	0	0.232423	0.536304	0.608289	0.560373
chr4:165000000-165500000	chr4	-0.099344	0.410588	0.117757	1	-1.25618	-1.37255	-1.4273	-1.21216
chr4:165500000-166000000	chr4	0.014118	1.08261	0.04742	5	-0.0195929	-0.268858	-0.150431	-0.10135
chr4:166000000-166500000	chr4	-0.2622	0.167902	-0.364676	5	0.656995	0.740233	0.614469	0.699529
chr4:166500000-167000000	chr4	-0.172801	-0.058218	-0.106972	1	-0.646868	-0.793331	-0.961074	-0.754403
chr4:167000000-167500000	chr4	-0.11436	-0.129342	0.117542	0	1.00212	0.801994	0.943781	1.10097
chr4:167500000-168000000	chr4	0.09134	0.314263	0.393816	0	1.31565	1.48286	1.27721	1.50674
chr4:168000000-168500000	chr4	0.205597	0.358684	0.306942	1	-0.548373	-0.427331	-0.481101	-0.439836
chr4:168500000-169000000	chr4	0.183059	0.003666	-0.071602	0	-1.28563	-1.33361	-1.3557	-1.08025
chr4:169000000-169500000	chr4	0.005293	-1.07061	-0.077093	4	-1.26738	-1.20395	-1.26302	-1.27936
chr4:169500000-170000000	chr4	0.209629	-1.13435	-0.370463	1	-0.16227	-0.0650558	0.162517	-0.23523
chr4:170000000-170500000	chr4	0.069327	-1.12728	-0.178562	1	1.60538	1.53032	1.55171	1.64443
chr4:170500000-171000000	chr4	0.101805	0.138722	-0.161572	4	0.576678	0.609232	0.489605	0.357862
chr4:171000000-171500000	chr4	0.232344	1.07565	0.180403	1	-1.31569	-1.14968	-1.27772	-1.17202
chr4:171500000-172000000	chr4	0.357283	0.635939	0.52513	0	-1.28864	-1.26239	-1.18602	-1.27904
chr4:172000000-172500000	chr4	0.399937	0.690155	0.473347	0	-1.21827	-1.28996	-1.28105	-1.18928
chr4:172500000-173000000	chr4	0.01304	0.69728	0.199962	1	-1.15745	-1.01546	-1.12789	-0.864852
chr4:173000000-173500000	chr4	0.270825	0.515002	0.197678	0	-1.30089	-1.38314	-1.34687	-1.24188
chr4:173500000-174000000	chr4	-0.240304	0.469309	0.078318	0	-0.742951	-0.566094	-0.554332	-0.603375
chr4:174000000-174500000	chr4	-0.226465	-0.416206	-0.095931	5	0.877704	1.00324	0.823728	0.748381
chr4:174500000-175000000	chr4	0.161364	-0.270326	-0.146086	0	-1.23689	-1.23262	-1.33926	-1.19786
chr4:175000000-175500000	chr4	-0.123572	-0.221459	-0.099888	3	-0.155441	-0.556301	-0.440963	-0.07942
chr4:175500000-176000000	chr4	-0.229826	0.471088	0.012324	2	-0.426681	-0.461785	-0.94395	-0.850556
chr4:176000000-176500000	chr4	-0.002229	0.077574	-0.36586	0	-1.22299	-1.29261	-1.33062	-1.05174
chr4:176500000-177000000	chr4	0.366952	0.494408	0.276386	2	-0.871872	-0.715053	-0.721773	-0.489194
chr4:177000000-177500000	chr4	-0.175577	-0.394049	0.046578	3	-0.275488	-0.243498	-0.123312	-0.208181
chr4:177500000-178000000	chr4	-0.342912	-0.80697	0.092977	1	-1.32505	-1.22087	-1.07505	-0.880852
chr4:178000000-178500000	chr4	-0.092549	-0.28296	0.099279	2	-0.738717	-0.849758	-0.769738	-0.588552
chr4:178500000-179000000	chr4	0.152017	0.220005	0.161331	0	-1.29055	-1.24971	-1.29904	-1.2466
chr4:179000000-179500000	chr4	0.189948	0.490836	0.435053	0	-1.30755	-1.43924	-1.39732	-1.14494
chr4:179500000-180000000	chr4	0.246235	0.511918	0.490741	0	-1.35551	-1.24235	-1.24476	-1.07865
chr4:180000000-180500000	chr4	0.192938	0.372753	0.326994	0	-1.30624	-1.22664	-1.16585	-1.16528
chr4:180500000-181000000	chr4	0.213861	0.458434	0.290587	0	-0.38646	-0.40924	-0.995683	-0.864557
chr4:181000000-181500000	chr4	0.106669	0.666068	0.475133	0	-0.102281	-0.158207	-0.625317	-0.593172
chr4:181500000-182000000	chr4	-0.114227	0.586249	0.003704	0	-0.459581	-0.34997	-0.598012	-0.499747
chr4:182000000-182500000	chr4	0.003209	0.409458	-0.202219	0	-0.356771	-0.322037	-0.6755	-0.544768
chr4:182500000-183000000	chr4	-0.161484	-0.429107	-0.005852	0	-0.490888	-0.573106	-0.663627	-0.814534
chr4:183000000-183500000	chr4	-0.137798	-0.766562	-0.096739	1	-1.20872	-0.918543	-1.07132	-0.844667
chr4:183500000-184000000	chr4	-0.108853	-0.542367	-0.086478	1	-0.159299	-0.331033	-0.387432	-0.369749
chr4:184000000-184500000	chr4	-0.168789	-0.707851	-0.080993	5	0.3586	0.305614	0.209107	0.21467
chr4:184500000-185000000	chr4	-0.099539	0.04504	-0.35631	3	0.928759	0.989337	0.829342	0.839333
chr4:185000000-185500000	chr4	-0.354087	0.196473	-0.506528	2	1.63611	1.56851	1.48864	1.64552
chr4:185500000-186000000	chr4	-0.058768	0.000749	-0.290601	5	1.58348	1.54466	1.50655	1.76566
chr4:186000000-186500000	chr4	0.079614	-1.06316	-0.087096	9	1.50505	1.45786	1.53	1.53116
chr4:186500000-187000000	chr4	-0.062919	-0.733278	-0.05002	2	0.338444	0.295636	0.468406	0.561154
chr4:187000000-187500000	chr4	0.221508	0.330167	0.083289	5	-0.480148	-0.604971	-0.589348	-0.453778
chr4:187500000-188000000	chr4	-0.083794	-0.597045	-0.130275	1	-1.04307	-0.956211	-1.0644	-0.92064
chr4:188000000-188500000	chr4	-0.164625	-0.021414	-0.445589	0	-1.27226	-1.25554	-1.20777	-1.21305
chr4:188500000-189000000	chr4	-0.217734	0.326701	-0.167285	1	-1.01424	-1.0035	-1.17507	-1.12547
chr4:189000000-189500000	chr4	-0.1911	0.167102	-0.272315	2	-0.83967	-0.790498	-0.940884	-0.897689
chr4:189500000-190000000	chr4	-0.272144	0.470106	-0.142724	0	-0.553098	-0.714905	-1.05668	-0.986644
chr4:190000000-190500000	chr4	0.003711	1.06429	0.241206	0	-0.343057	-0.31711	-0.38386	-0.311668
chr5:3000000-3500000	chr5	0.052827	1.05682	0.118344	0	-0.851098	-0.794771	-0.83428	-0.479213
chr5:3500000-4000000	chr5	0.239354	0.940942	0.191938	1	-0.854021	-0.944298	-0.899624	-0.845461
chr5:4000000-4500000	chr5	0.207572	1.04643	0.138069	0	-1.13733	-0.936268	-0.953101	-1.03327
chr5:4500000-5000000	chr5	0.07211	0.953525	0.312504	0	-0.727256	-0.809921	-0.916891	-0.882381
chr5:5000000-5500000	chr5	0.157961	0.519575	-0.131554	2	0.276037	0.331275	-0.190101	-0.24851
chr5:5500000-6000000	chr5	-0.036448	1.40264	0.379012	0	0.138344	0.0308295	0.189195	-0.00741217
chr5:6000000-6500000	chr5	-0.033627	1.26154	-0.029304	2	0.655259	0.756482	0.525159	0.777063
chr5:6500000-7000000	chr5	0.039887	0.937009	-0.075401	3	0.51979	0.469838	0.42149	0.393788
chr5:7000000-7500000	chr5	-0.007106	1.27438	0.181048	1	-0.99246	-0.861583	-1.07351	-0.934812
chr5:7500000-8000000	chr5	-0.102434	1.17763	-0.01678	3	-0.0167767	-0.0689587	0.0442804	-0.239197
chr5:8000000-8500000	chr5	0.077251	1.08383	0.231165	0	-1.01812	-0.971162	-1.109	-0.936116
chr5:8500000-9000000	chr5	0.068557	0.214756	-0.121943	0	-1.10323	-1.12649	-1.16393	-1.13675
chr5:9000000-9500000	chr5	-0.162896	-0.130886	-0.272889	0	-0.516841	-0.489075	-0.658233	-0.485041
chr5:9500000-10000000	chr5	-0.113945	-0.126839	-0.478883	2	-0.861114	-0.879078	-0.716359	-0.714633
chr5:10000000-10500000	chr5	-0.131744	-0.008262	-0.380594	5	0.349223	0.500366	0.33488	0.35416
chr5:10500000-11000000	chr5	-0.046296	0.077064	-0.440363	2	1.05759	1.10135	0.978224	1.0498
chr5:11000000-11500000	chr5	0.057326	0.949606	-0.267192	0	-0.238007	-0.328723	-0.427786	-0.183587
chr5:11500000-12000000	chr5	0.172782	0.755538	0.584083	1	-1.1849	-1.24368	-1.27553	-1.29111
chr5:12000000-12500000	chr5	0.493192	0.560679	0.16708	0	-1.35244	-1.21595	-1.33144	-1.45167
chr5:12500000-13000000	chr5	0.181558	0.673627	0.366493	0	-1.40434	-1.37761	-1.36124	-1.41311
chr5:13000000-13500000	chr5	0.462447	0.300366	-0.189017	0	-1.36483	-1.38595	-1.40841	-1.39843
chr5:13500000-14000000	chr5	-0.242026	0.442705	0.027092	1	-1.06392	-1.04387	-1.16073	-0.953546
chr5:14000000-14500000	chr5	0.189781	-0.916519	-0.01722	1	0.859767	0.928468	1.01517	0.894801
chr5:14500000-15000000	chr5	0.137047	-0.494312	-0.489664	3	0.544172	0.378241	0.49149	0.508991
chr5:15000000-15500000	chr5	0.118693	-0.110848	0.002304	0	-0.716385	-0.74641	-0.749154	-0.422014
chr5:15500000-16000000	chr5	-0.081826	-0.284268	-0.30321	1	-1.03805	-0.94742	-0.86168	-0.917564
chr5:16000000-16500000	chr5	0.345097	0.30647	-0.144107	2	-0.817398	-1.06786	-0.845715	-0.804419
chr5:16500000-17000000	chr5	-0.293122	-0.197503	0.152227	2	-0.641827	-0.585892	-0.584972	-0.568288
chr5:17000000-17500000	chr5	-0.113577	-0.167644	-0.102464	3	0.22891	0.263704	0.496012	0.244741
chr5:17500000-18000000	chr5	0.273821	0.806958	0.363573	13	-1.09611	-1.00691	-1.00907	-0.918185
chr5:18000000-18500000	chr5	0.3417	0.533841	0.182592	0	-1.16159	-1.09767	-1.00249	-1.16703
chr5:18500000-19000000	chr5	0.218048	0.497957	0.182308	0	-0.801916	-0.755284	-0.834134	-0.812042
chr5:19000000-19500000	chr5	0.137623	0.256435	0.212831	0	-0.933868	-0.910287	-1.3516	-1.3756
chr5:19500000-20000000	chr5	-0.106501	-0.121003	-0.101509	1	-1.21537	-1.20726	-1.35638	-1.06649
chr5:20000000-20500000	chr5	-0.107048	0.205813	-0.053035	0	-1.42138	-1.444	-1.29611	-1.31212
chr5:20500000-21000000	chr5	0.204929	0.317995	0.153937	0	-0.424688	-0.406271	-0.343347	-0.41204
chr5:21000000-21500000	chr5	-0.028371	0.441019	0.232363	0	-0.345525	-0.536164	-0.334927	-0.47374
chr5:21500000-22000000	chr5	0.10088	0.271871	0.162384	0	-1.04781	-0.916238	-0.860304	-0.7501
chr5:22000000-22500000	chr5	0.186739	0.650107	0.332022	0	-0.933125	-1.04365	-0.989381	-0.944959
chr5:22500000-23000000	chr5	0.205542	0.442921	0.703911	1	-0.871294	-0.88819	-0.996631	-0.93698
chr5:23000000-23500000	chr5	0.372364	0.559351	0.444454	0	-0.893096	-1.03144	-1.01317	-0.690675
chr5:23500000-24000000	chr5	0.269607	0.432905	0.45606	1	-1.42515	-1.40693	-1.35264	-1.37719
chr5:24000000-24500000	chr5	0.155226	-0.12452	0.19929	0	-1.32772	-1.36865	-1.38919	-1.33428
chr5:24500000-25000000	chr5	0.135773	-0.018671	-0.04977	1	-1.34428	-1.32859	-1.47291	-1.37684
chr5:25000000-25500000	chr5	0.083185	0.453829	0.338186	0	-1.12739	-1.16854	-1.20978	-1.00783
chr5:25500000-26000000	chr5	0.087498	0.471616	0.486457	0	-0.605749	-0.698601	-0.76759	-0.694458
chr5:26000000-26500000	chr5	0.16181	0.725862	0.268603	0	-1.32823	-1.25305	-1.32939	-1.1669
chr5:26500000-27000000	chr5	-0.197487	0.247426	0.241361	0	-1.08685	-0.845341	-1.0078	-0.747306
chr5:27000000-27500000	chr5	-0.267931	-0.355438	0.118144	1	-1.06098	-0.881781	-1.03646	-0.952361
chr5:27500000-28000000	chr5	0.004225	-0.321231	0.250708	0	-1.26883	-1.20414	-1.22945	-1.08972
chr5:28000000-28500000	chr5	-0.098546	0.08177	0.151169	0	-1.2858	-1.21282	-1.30891	-1.17829
chr5:28500000-29000000	chr5	0.19175	0.072941	0.41169	0	-1.40151	-1.37217	-1.46881	-1.30776
chr5:29000000-29500000	chr5	0.246298	0.463305	0.335425	0	-1.42394	-1.47257	-1.51091	-1.47354
chr5:29500000-30000000	chr5	0.520659	0.298504	0.454451	0	-1.46774	-1.46384	-1.41044	-1.52822
chr5:30000000-30500000	chr5	0.067872	0.565137	0.34407	0	-1.34908	-1.47279	-1.45864	-1.46277
chr5:30500000-31000000	chr5	0.444728	0.30124	0.266114	0	-1.51592	-1.46375	-1.50109	-1.51865
chr5:31000000-31500000	chr5	-0.031502	0.531525	-0.039551	1	-0.759668	-0.709381	-0.946992	-0.890424
chr5:31500000-32000000	chr5	-0.1593	0.32308	-0.241133	3	0.153796	-0.0579161	0.0732496	0.304723
chr5:32000000-32500000	chr5	-0.087583	-0.635764	-0.290826	3	1.28665	1.33114	1.35214	1.21461
chr5:32500000-33000000	chr5	-0.052526	0.081967	-0.225161	2	0.105101	0.0518414	-0.0742955	0.248972
chr5:33000000-33500000	chr5	0.150703	-0.431909	-0.000287	1	-0.24176	-0.243338	-0.682708	-0.663751
chr5:33500000-34000000	chr5	-0.243469	-0.065535	-0.049201	3	1.16891	1.29678	1.19208	1.11044
chr5:34000000-34500000	chr5	0.014813	-0.275444	-0.043736	2	0.209705	0.202958	0.247005	0.403453
chr5:34500000-35000000	chr5	-0.070432	-0.576692	-0.309282	5	0.31041	0.371826	0.543755	0.542922
chr5:35000000-35500000	chr5	0.05581	0.334843	0.136653	2	1.07561	1.12994	1.16573	1.27806
chr5:35500000-36000000	chr5	-0.183406	0.591494	-0.177634	4	0.801753	0.675415	0.693251	0.565566
chr5:36000000-36500000	chr5	-0.177248	0.200248	-0.141832	5	0.256406	0.218879	0.0759381	-0.0284435
chr5:36500000-37000000	chr5	-0.21792	-0.395958	-0.093573	2	0.889247	0.878906	0.941773	0.836204
chr5:37000000-37500000	chr5	-0.305769	-0.442948	-0.197623	3	1.37404	1.43718	1.39475	1.54953
chr5:37500000-38000000	chr5	-0.258967	-0.042568	-0.316987	1	0.44832	0.465871	0.429083	0.310081
chr5:38000000-38500000	chr5	-0.481523	0.219198	-0.224359	1	-0.770935	-0.75882	-0.778703	-1.05348
chr5:38500000-39000000	chr5	0.048212	-0.664465	-0.158728	2	-0.560663	-0.464685	-0.6133	-0.347332
chr5:39000000-39500000	chr5	0.177005	-0.561408	0.104832	4	-0.410213	-0.370484	-0.491594	-0.232061
chr5:39500000-40000000	chr5	-0.069701	-0.112868	-0.249834	0	-1.26709	-1.43001	-1.34063	-1.20256
chr5:40000000-40500000	chr5	-0.226159	0.14927	0.11861	0	-0.851969	-0.774109	-0.830579	-0.990309
chr5:40500000-41000000	chr5	-0.093815	-0.139254	-0.201543	6	-0.278513	-0.0839117	-0.30878	-0.325609
chr5:41000000-41500000	chr5	0.367772	0.219508	0.339931	2	-1.40354	-1.35603	-1.40076	-1.49454
chr5:41500000-42000000	chr5	0.210672	0.232078	0.226486	4	0.106155	0.149507	0.051096	0.124479
chr5:42000000-42500000	chr5	0.567232	0.669835	0.332504	1	0.120037	0.16008	-0.162329	0.00105308
chr5:42500000-43000000	chr5	0.186564	0.24084	0.11567	2	0.693913	0.639502	0.357241	0.612449
chr5:43000000-43500000	chr5	-0.042499	-0.277725	-0.179166	6	1.44215	1.43506	1.35061	1.57175
chr5:43500000-44000000	chr5	0.24186	0.14461	0.128607	3	-0.386081	-0.213366	-0.411657	-0.250875
chr5:44000000-44500000	chr5	0.215155	0.794041	0.296697	1	-1.40945	-1.4431	-1.54456	-1.41056
chr5:44500000-45000000	chr5	0.396139	0.412518	0.105047	1	-0.917988	-0.929421	-0.955764	-0.715726
chr5:45000000-45500000	chr5	0.309472	0.326947	0.391206	0	-1.29656	-1.23707	-1.38622	-1.35241
chr5:45500000-46000000	chr5	0.239544	0.616804	0.185476	1	-1.18085	-1.11748	-1.09142	-0.915567
chr5:46000000-46500000	chr5	0.127238	0.844957	0.045857	0	-0.816206	-0.688901	-0.713123	-0.522037
chr5:49500000-50000000	chr5	-0.039152	0.728531	0.240433	2	0.663299	0.634498	0.492422	0.481459
chr5:50000000-50500000	chr5	0.029157	0.650244	0.320914	0	-0.503004	-0.53097	-0.473027	-0.342401
chr5:50500000-51000000	chr5	-0.142042	-0.027873	0.050721	1	-1.4994	-1.528	-1.5046	-1.50873
chr5:51000000-51500000	chr5	0.151647	0.143308	0.414135	0	-1.23035	-1.20943	-1.46774	-1.53967
chr5:51500000-52000000	chr5	0.241604	0.545807	0.402064	0	-1.50503	-1.54368	-1.63634	-1.5676
chr5:52000000-52500000	chr5	-0.174887	-0.847946	-0.165627	3	-1.28229	-1.21503	-1.1762	-1.22223
chr5:52500000-53000000	chr5	0.00349	-1.0927	-0.017793	2	-0.374044	-0.523133	-0.562869	-0.464857
chr5:53000000-53500000	chr5	-0.007269	-0.51207	-0.18447	0	-0.00760102	0.0799726	0.0365115	-0.000780953
chr5:53500000-54000000	chr5	0.075134	-0.904345	-0.178259	3	0.620851	0.496227	0.657512	0.631998
chr5:54000000-54500000	chr5	-0.105422	-0.666745	0.014454	5	-0.429974	-0.416576	-0.398239	-0.48097
chr5:54500000-55000000	chr5	0.150314	-1.29381	-0.07963	5	1.25301	1.16852	1.24338	1.36113
chr5:55000000-55500000	chr5	0.015027	-1.07672	-0.105173	4	1.0051	1.04304	1.13995	1.14374
chr5:55500000-56000000	chr5	-0.076482	-0.821835	-0.292388	1	0.548878	0.542651	0.712383	0.864085
chr5:56000000-56500000	chr5	-0.04375	-1.01579	-0.109449	4	0.979663	0.974929	0.930737	0.754813
chr5:56500000-57000000	chr5	-0.060601	-0.99514	-0.259468	1	-0.574439	-0.665131	-0.677184	-0.606718
chr5:57000000-57500000	chr5	-0.00509	-1.04973	-0.134131	0	-1.1701	-1.13682	-1.32896	-1.17521
chr5:57500000-58000000	chr5	-0.07114	-0.704897	-0.12107	3	-1.09652	-1.2207	-1.25195	-1.05362
chr5:58000000-58500000	chr5	-0.013888	-0.575216	0.064569	0	0.0755094	-0.064312	-0.244729	-0.198451
chr5:58500000-59000000	chr5	-0.054963	-0.874533	-0.078863	0	0.584826	0.552363	0.528226	0.647485
chr5:59000000-59500000	chr5	0.068829	-0.561331	-0.217029	1	0.726215	0.711669	0.805063	0.802526
chr5:59500000-60000000	chr5	-0.28906	-0.05107	-0.221805	1	0.997733	1.19631	1.08715	1.11007
chr5:60000000-60500000	chr5	-0.354621	0.151818	-0.110681	4	1.04294	1.05825	0.852631	0.807257
chr5:60500000-61000000	chr5	-0.266439	-0.395231	-0.224836	1	0.272998	0.203323	0.217717	0.130202
chr5:61000000-61500000	chr5	-0.015003	0.660603	-0.023846	0	-0.902235	-0.937657	-0.984814	-0.958483
chr5:61500000-62000000	chr5	0.170809	0.361482	-0.200166	4	0.693873	0.617556	0.733079	0.88117
chr5:62000000-62500000	chr5	0.2212	0.916938	0.039773	0	-1.44009	-1.38715	-1.42016	-1.40199
chr5:62500000-63000000	chr5	0.45001	0.564377	0.375047	0	-1.64694	-1.58389	-1.57216	-1.58378
chr5:63000000-63500000	chr5	0.23822	0.903835	0.319202	2	-1.57874	-1.60667	-1.55936	-1.60709
chr5:63500000-64000000	chr5	0.032214	0.718804	0.402552	2	-1.46648	-1.40216	-1.46359	-1.52055
chr5:64000000-64500000	chr5	0.065709	-0.576046	0.283403	2	1.06344	0.916608	0.886194	0.86275
chr5:64500000-65000000	chr5	-0.033672	-0.966818	0.197066	5	1.17235	1.245	1.00352	0.981854
chr5:65000000-65500000	chr5	0.171584	-0.876315	-0.064789	4	1.49743	1.46654	1.46411	1.56201
chr5:65500000-66000000	chr5	-0.04012	0.666882	-0.018938	1	-0.402538	-0.515072	-0.853951	-0.719556
chr5:66000000-66500000	chr5	0.200327	-0.528532	-0.08039	1	-0.788787	-0.776409	-1.09836	-1.09567
chr5:66500000-67000000	chr5	0.182584	0.089607	0.120219	0	-0.927295	-0.953661	-1.03569	-1.05187
chr5:67000000-67500000	chr5	0.090276	0.085312	0.070526	0	-0.595703	-0.794928	-0.892139	-0.61978
chr5:67500000-68000000	chr5	-0.111257	-0.235127	-0.256803	1	1.08037	1.07612	0.990743	1.0509
chr5:68000000-68500000	chr5	0.049709	0.00527	-0.129659	3	0.814023	0.835728	0.809446	0.743667
chr5:68500000-69000000	chr5	-0.07171	-0.427325	-0.475363	8	1.47048	1.54932	1.46426	1.5882
chr5:70500000-71000000	chr5	-0.134334	-0.410342	-0.524084	2	0.656592	0.832524	0.643504	0.608571
chr5:71000000-71500000	chr5	-0.115574	-0.680485	-0.243941	2	0.448933	0.206121	0.337519	0.424612
chr5:71500000-72000000	chr5	-0.079269	-0.872895	-0.269505	3	1.1948	1.22826	1.21622	1.16584
chr5:72000000-72500000	chr5	-0.054976	-1.08744	-0.119246	4	-0.0167351	0.19118	0.198112	0.104826
chr5:72500000-73000000	chr5	0.066677	-1.03925	-0.087732	5	0.0403615	0.16119	0.23971	0.351485
chr5:73000000-73500000	chr5	-0.189235	-0.653465	-0.188204	0	0.0362461	-0.0754747	0.0838311	-0.0151841
chr5:73500000-74000000	chr5	-0.031176	-0.725545	-0.16395	2	0.543776	0.53449	0.594522	0.353252
chr5:74000000-74500000	chr5	-0.055532	-0.436858	-0.067928	4	0.308384	0.361601	0.537144	0.45567
chr5:74500000-75000000	chr5	-0.094788	-0.444666	-0.298301	5	1.40483	1.43256	1.448	1.57319
chr5:75000000-75500000	chr5	-0.033897	0.840989	0.042287	2	1.12907	1.04612	1.11976	1.16474
chr5:75500000-76000000	chr5	-0.047901	0.261297	-0.318363	2	1.41164	1.41148	1.42109	1.48309
chr5:76000000-76500000	chr5	-0.204202	-0.351592	-0.314932	6	1.36507	1.41684	1.32369	1.52566
chr5:76500000-77000000	chr5	0.052763	-0.45806	-0.213825	3	1.34422	1.36939	1.32671	1.3129
chr5:77000000-77500000	chr5	-0.033496	-0.717791	-0.04883	1	1.52531	1.54043	1.5182	1.59084
chr5:77500000-78000000	chr5	0.182144	-1.01918	-0.168346	3	1.53395	1.53772	1.51326	1.69979
chr5:78000000-78500000	chr5	0.008269	-0.803112	-0.200838	4	1.38111	1.45753	1.44075	1.5245
chr5:78500000-79000000	chr5	0.283109	-1.25706	-0.036042	4	1.43398	1.4034	1.32439	1.52376
chr5:79000000-79500000	chr5	-0.156831	-0.422309	-0.386492	2	0.653982	0.602638	0.497661	0.711992
chr5:79500000-80000000	chr5	-0.046797	-0.533909	-0.266125	7	0.950304	0.938929	0.785872	1.05273
chr5:80000000-80500000	chr5	-0.122903	-0.426932	-0.208516	1	0.743771	0.74355	0.745413	0.450077
chr5:80500000-81000000	chr5	-0.090602	-0.721368	-0.307684	3	1.24606	1.17215	1.17234	1.18685
chr5:81000000-81500000	chr5	-0.23999	-0.496291	-0.391661	2	1.32503	1.29999	1.22951	1.4725
chr5:81500000-82000000	chr5	0.021277	-0.276642	-0.456695	1	-0.654859	-0.620818	-0.891687	-0.78817
chr5:82000000-82500000	chr5	0.091042	-0.440751	-0.096411	2	0.724023	0.611731	0.708852	0.621723
chr5:82500000-83000000	chr5	-0.078156	-0.656359	-0.240954	1	-0.317975	-0.102315	-0.336115	-0.355836
chr5:83000000-83500000	chr5	0.188609	-0.243564	-0.142273	1	-1.43051	-1.42592	-1.3469	-1.52369
chr5:83500000-84000000	chr5	-0.147418	-0.424132	0.097213	1	-1.54609	-1.48359	-1.49515	-1.60384
chr5:84000000-84500000	chr5	0.244898	-0.107407	0.326276	0	-1.55017	-1.55338	-1.55391	-1.69979
chr5:84500000-85000000	chr5	0.488741	0.282605	0.829967	0	-1.58389	-1.60601	-1.57162	-1.626
chr5:85000000-85500000	chr5	0.612141	0.348208	0.579467	0	-1.61462	-1.56908	-1.6202	-1.53429
chr5:85500000-86000000	chr5	0.488189	0.435342	0.347265	1	-1.37813	-1.4119	-1.50881	-1.46519
chr5:86000000-86500000	chr5	0.141079	-0.019119	0.030733	0	-0.239966	-0.253734	-0.447268	-0.140096
chr5:86500000-87000000	chr5	0.293997	0.16029	0.031568	2	-0.1702	-0.154272	-0.263774	-0.135526
chr5:87000000-87500000	chr5	0.428915	0.906578	0.115955	0	-1.49004	-1.51628	-1.45296	-1.40777
chr5:87500000-88000000	chr5	0.32449	0.695927	0.220604	1	-1.19966	-1.15965	-1.25675	-1.14534
chr5:88000000-88500000	chr5	0.016418	-0.271048	-0.147256	1	0.921672	0.965233	0.950405	1.13631
chr5:88500000-89000000	chr5	0.001866	-0.115032	0.05973	0	1.34352	1.40194	1.20715	1.39318
chr5:89000000-89500000	chr5	-0.035821	-0.207883	-0.387339	0	0.745146	0.970031	0.601456	0.684983
chr5:89500000-90000000	chr5	0.408168	-0.111647	0.04812	5	0.458123	0.656791	0.567432	0.750878
chr5:90000000-90500000	chr5	0.056248	0.273921	0.239584	0	-0.589141	-0.646957	-0.615433	-0.329762
chr5:90500000-91000000	chr5	0.044487	0.199435	-0.122378	1	-1.06863	-1.10792	-1.17882	-0.811754
chr5:91000000-91500000	chr5	0.183478	0.193438	0.046722	0	-0.379249	-0.506101	-0.332679	-0.419625
chr5:91500000-92000000	chr5	0.110327	0.078953	-0.066146	0	-1.26877	-1.39796	-1.33788	-1.15954
chr5:92000000-92500000	chr5	-0.005011	-0.425466	-0.114474	0	-1.5996	-1.56001	-1.6081	-1.47682
chr5:92500000-93000000	chr5	-0.130811	-0.342225	-0.546322	2	-1.27799	-1.38088	-1.39684	-1.35863
chr5:93000000-93500000	chr5	0.001766	0.277479	-0.134838	2	0.343269	0.268331	0.248993	0.12611
chr5:93500000-94000000	chr5	0.250496	0.614998	-0.113863	2	-0.655172	-0.524499	-0.691032	-0.638149
chr5:94000000-94500000	chr5	0.212445	0.285275	-0.183911	0	0.671989	0.38439	0.522549	0.37317
chr5:94500000-95000000	chr5	-0.02643	-0.137569	-0.337444	6	0.569074	0.637546	0.266013	0.324572
chr5:95000000-95500000	chr5	0.060514	-0.980024	-0.163675	4	1.22585	1.2859	1.13313	1.2376
chr5:95500000-96000000	chr5	-0.168681	-0.476829	-0.060705	2	0.096233	0.0591077	-0.28331	-0.300871
chr5:96000000-96500000	chr5	0.056157	-0.7275	-0.182851	4	1.44658	1.42803	1.40413	1.56556
chr5:96500000-97000000	chr5	-0.03714	0.60208	0.132124	1	0.840282	0.841237	0.773775	0.909273
chr5:97000000-97500000	chr5	-0.107037	0.161064	0.036367	0	0.208915	0.17584	0.367115	0.329824
chr5:97500000-98000000	chr5	-0.159471	-0.143645	-0.113851	0	-1.19944	-1.11164	-1.13919	-1.06294
chr5:98000000-98500000	chr5	0.084253	-0.149771	0.031284	2	-0.12346	-0.312461	-0.291862	-0.142156
chr5:98500000-99000000	chr5	0.02463	0.941382	0.566442	0	-1.53063	-1.4567	-1.48002	-1.60904
chr5:99000000-99500000	chr5	0.347242	0.536376	0.432907	0	-1.60349	-1.59769	-1.60067	-1.61024
chr5:99500000-100000000	chr5	0.108106	0.636842	0.157054	1	-0.690625	-0.67507	-0.840804	-0.619597
chr5:100000000-100500000	chr5	0.267806	0.359428	0.264448	1	0.478697	0.441808	0.426051	0.574063
chr5:100500000-101000000	chr5	0.414659	0.386319	0.255352	0	-1.31229	-1.23891	-1.49659	-1.6039
chr5:101000000-101500000	chr5	0.315964	0.688294	0.105272	0	-1.55633	-1.57253	-1.54475	-1.68381
chr5:101500000-102000000	chr5	0.223362	0.570367	0.289621	2	-1.25991	-1.34141	-1.25017	-1.14959
chr5:102000000-102500000	chr5	0.06187	-0.726855	0.025862	3	0.662046	0.595754	0.735001	0.740805
chr5:102500000-103000000	chr5	-0.234328	-0.197387	-0.248268	2	-0.913926	-0.951383	-0.966475	-1.07046
chr5:103000000-103500000	chr5	-0.163337	0.217814	0.084268	0	-1.21844	-1.17253	-0.807664	-0.732183
chr5:103500000-104000000	chr5	-0.027368	0.069488	0.225172	0	-1.47002	-1.5059	-1.55204	-1.55316
chr5:104000000-104500000	chr5	0.0286	0.406236	-0.04663	0	-1.53462	-1.5252	-1.59601	-1.59816
chr5:104500000-105000000	chr5	0.319121	-0.116852	0.474302	0	-1.5416	-1.57683	-1.58373	-1.52256
chr5:105000000-105500000	chr5	-0.05275	-0.328799	-0.138775	0	-1.46953	-1.47616	-1.46098	-1.50091
chr5:105500000-106000000	chr5	-0.030258	-0.803876	-0.106294	0	-0.543781	-0.577412	-0.00836261	0.0405428
chr5:106000000-106500000	chr5	-0.305121	-0.530325	0.08909	0	-1.20172	-1.33539	-1.31782	-1.36847
chr5:106500000-107000000	chr5	-0.334554	-0.662643	-0.104856	0	-0.0232871	-0.108768	-0.471848	-0.360367
chr5:107000000-107500000	chr5	-0.256924	-0.043474	-0.421462	1	1.04206	0.964574	0.966198	0.823349
chr5:107500000-108000000	chr5	-0.155291	-0.170034	-0.071024	1	0.772802	0.751124	0.276104	0.388915
chr5:108000000-108500000	chr5	0.022078	-0.615837	0.202173	1	1.21739	1.23997	1.06295	1.09385
chr5:108500000-109000000	chr5	-0.15998	-0.01387	-0.123401	1	0.342477	0.335927	0.114912	0.152673
chr5:109000000-109500000	chr5	-0.196394	0.341384	0.017829	1	-0.65749	-0.621151	-0.938384	-0.94968
chr5:109500000-110000000	chr5	0.125806	0.530804	0.225586	0	-1.06743	-1.19555	-1.33119	-1.27242
chr5:110000000-110500000	chr5	0.166533	0.226319	0.020445	4	0.753606	0.713426	0.716273	0.658613
chr5:110500000-111000000	chr5	0.020978	-0.089435	-0.004932	2	1.17961	1.20628	1.08925	1.136
chr5:111000000-111500000	chr5	-0.167436	-0.600422	0.10039	1	1.315	1.35709	1.27286	1.36417
chr5:111500000-112000000	chr5	0.161454	0.515809	-0.187279	1	0.038451	-0.139392	-0.0551317	-0.10012
chr5:112000000-112500000	chr5	0.136326	-0.71786	-0.219111	4	0.637601	0.768209	0.775149	0.503576
chr5:112500000-113000000	chr5	0.050166	-0.375187	0.070572	3	-0.967233	-0.913037	-1.08622	-1.0174
chr5:113000000-113500000	chr5	0.323321	0.877972	0.252752	0	-1.41706	-1.48524	-1.5103	-1.57141
chr5:113500000-114000000	chr5	-0.031151	0.922934	-0.063608	1	-1.18704	-1.18504	-0.959249	-0.986576
chr5:114000000-114500000	chr5	0.404204	1.06873	0.024909	0	-1.36227	-1.56268	-1.4777	-1.40859
chr5:114500000-115000000	chr5	0.250686	-0.637198	0.035283	6	-0.215788	-0.113737	0.0147369	-0.0766002
chr5:115000000-115500000	chr5	-0.244748	0.46071	0.015766	6	-0.648136	-0.398252	-0.648429	-0.468641
chr5:115500000-116000000	chr5	-0.01422	0.768077	-0.274328	1	0.429811	0.359608	0.556023	0.707898
chr5:116000000-116500000	chr5	0.08433	0.830992	0.128602	0	0.198468	0.261359	0.527439	0.446304
chr5:116500000-117000000	chr5	0.522927	0.454074	0.375144	0	-1.51881	-1.52725	-1.50879	-1.56013
chr5:117000000-117500000	chr5	0.307864	0.382756	0.402636	0	-1.54237	-1.63557	-1.51327	-1.62864
chr5:117500000-118000000	chr5	0.518936	0.869534	0.160918	0	-1.44517	-1.57517	-1.5297	-1.57648
chr5:118000000-118500000	chr5	-0.07654	0.687041	-0.04337	2	0.292151	0.0767143	0.0158993	-0.0752158
chr5:118500000-119000000	chr5	-0.121873	0.432036	-0.094861	3	0.810157	0.681791	0.814023	0.723123
chr5:119000000-119500000	chr5	-0.189852	0.629282	-0.02717	0	-1.44447	-1.37528	-1.42092	-1.48524
chr5:119500000-120000000	chr5	-0.11499	-0.156836	0.134397	1	-1.3919	-1.4269	-1.4006	-1.51322
chr5:120000000-120500000	chr5	0.179879	0.240716	0.122763	0	-1.58679	-1.49306	-1.52165	-1.46957
chr5:120500000-121000000	chr5	0.202115	0.284045	0.333706	0	-1.51009	-1.48157	-1.49084	-1.357
chr5:121000000-121500000	chr5	0.150585	0.071922	0.183688	5	-1.10524	-1.0656	-1.12276	-1.22912
chr5:121500000-122000000	chr5	0.0032	-0.258577	-0.412298	1	0.19034	0.222647	0.00900023	0.224196
chr5:122000000-122500000	chr5	-0.182117	-0.509248	-0.237112	4	-0.765178	-0.635058	-0.702605	-0.889526
chr5:122500000-123000000	chr5	0.078031	-0.828422	-0.285083	2	0.0671696	0.084094	-0.0492009	0.131572
chr5:123000000-123500000	chr5	0.041512	-1.2028	-0.293346	0	-0.746682	-0.614018	-0.811891	-0.627216
chr5:123500000-124000000	chr5	0.152403	-1.16832	-0.210893	0	-0.428555	-0.401246	-0.620699	-0.349933
chr5:124000000-124500000	chr5	-0.086228	-1.15874	-0.095508	1	0.847172	0.835939	0.870537	0.876366
chr5:124500000-125000000	chr5	0.317287	-1.41041	-0.023278	0	-1.03387	-0.987263	-1.03294	-1.09034
chr5:125000000-125500000	chr5	0.019836	-1.02233	-0.164136	0	-1.43078	-1.33868	-1.41132	-1.35248
chr5:125500000-126000000	chr5	-0.044788	-0.953154	-0.257389	4	-0.534938	-0.667181	-0.966061	-0.769299
chr5:126000000-126500000	chr5	0.099632	-0.5576	-0.18645	3	1.05522	1.09902	1.02257	1.11032
chr5:126500000-127000000	chr5	0.172975	-0.696335	-0.174813	3	-0.480956	-0.395483	-0.310921	-0.266897
chr5:127000000-127500000	chr5	-0.106648	-0.534303	-0.075924	2	0.456997	0.449873	0.492323	0.381325
chr5:127500000-128000000	chr5	0.017938	-0.853879	-0.132764	1	-1.14936	-1.38217	-1.11066	-0.988455
chr5:128000000-128500000	chr5	0.254812	0.177934	-0.043103	2	-1.48712	-1.45994	-1.31096	-1.43025
chr5:128500000-129000000	chr5	0.370807	0.130256	0.350258	1	-1.5328	-1.55783	-1.54807	-1.55831
chr5:129000000-129500000	chr5	0.108593	0.051675	0.11086	2	-1.51656	-1.49286	-1.49187	-1.62733
chr5:129500000-130000000	chr5	0.07221	0.04668	0.174996	0	-1.39509	-1.4614	-1.59184	-1.58222
chr5:130000000-130500000	chr5	-0.000813	0.697248	-0.099022	0	-1.14727	-1.16711	-1.12528	-1.05456
chr5:130500000-131000000	chr5	-0.050902	-0.835184	-0.114294	4	1.15042	1.21822	1.24285	1.27911
chr5:131000000-131500000	chr5	-0.034392	-0.233578	-0.163358	5	1.18219	1.08886	1.03728	0.919746
chr5:131500000-132000000	chr5	-0.147472	-0.567956	-0.000389	8	1.38469	1.40583	1.39927	1.38424
chr5:132000000-132500000	chr5	0.163417	-0.995938	-0.261762	12	1.51855	1.4988	1.43512	1.54759
chr5:132500000-133000000	chr5	-0.176797	0.183855	-0.274049	1	0.846358	0.79123	0.579815	0.79896
chr5:133000000-133500000	chr5	-0.063898	-0.147531	-0.201136	3	1.23243	1.184	1.22098	1.07534
chr5:133500000-134000000	chr5	0.120234	-1.08631	-0.238696	8	1.4612	1.48922	1.36976	1.61022
chr5:134000000-134500000	chr5	0.055157	-0.754735	-0.090875	7	1.15301	1.07668	0.953484	0.793873
chr5:134500000-135000000	chr5	-0.275496	-0.143602	-0.282679	5	0.152989	0.234681	0.174561	0.213236
chr5:135000000-135500000	chr5	-0.044011	-0.18985	0.020291	5	0.108377	0.164247	0.136839	0.0950767
chr5:135500000-136000000	chr5	0.114662	0.196709	-0.23492	2	-0.612335	-0.564914	-0.513581	-0.720552
chr5:136000000-136500000	chr5	-0.163941	0.397514	0.031456	0	-0.745959	-0.821488	-0.7818	-0.856959
chr5:136500000-137000000	chr5	-0.114866	0.192712	-0.072592	1	-0.190455	-0.0700153	-0.200248	-0.0908962
chr5:137000000-137500000	chr5	0.172449	-1.0622	0.059536	7	1.44028	1.3078	1.362	1.41484
chr5:137500000-138000000	chr5	0.171961	-1.13679	-0.105846	11	1.4141	1.40795	1.4139	1.276
chr5:138000000-138500000	chr5	-0.071	-0.906025	-0.296366	2	1.16033	1.13012	1.13542	1.25314
chr5:138500000-139000000	chr5	0.078277	-1.02184	0.01145	12	1.46667	1.43653	1.40059	1.54073
chr5:139000000-139500000	chr5	-0.087714	-0.6315	0.041301	4	1.36893	1.3611	1.31538	1.40352
chr5:139500000-140000000	chr5	-0.207839	-0.93078	0.200682	10	1.32202	1.24911	1.32974	1.3199
chr5:140000000-140500000	chr5	0.189932	-0.653256	0.214929	27	-0.260847	-0.370881	-0.37123	-0.0913083
chr5:140500000-141000000	chr5	0.122923	-0.196608	0.073753	38	0.23872	0.0193465	0.29964	0.205736
chr5:141000000-141500000	chr5	-0.107006	-0.575789	-0.197716	10	0.792845	0.698443	0.565889	0.566031
chr5:141500000-142000000	chr5	0.144407	-0.88333	-0.323599	1	-0.344635	-0.330182	-0.399566	-0.557871
chr5:142000000-142500000	chr5	0.023312	-0.924636	-0.039952	2	0.310687	0.419981	0.506084	0.299303
chr5:142500000-143000000	chr5	0.155466	-1.18229	-0.08919	1	1.15485	1.19477	1.06458	1.14705
chr5:143000000-143500000	chr5	0.001557	-0.907171	0.049747	1	0.740672	0.62074	0.669554	0.468095
chr5:143500000-144000000	chr5	0.222654	-0.241166	-0.025169	2	-0.936492	-0.97928	-0.897114	-1.0591
chr5:144000000-144500000	chr5	0.500396	0.057589	0.304476	0	-1.47836	-1.4088	-1.45051	-1.55823
chr5:144500000-145000000	chr5	0.121681	-0.157742	-0.128845	0	-1.46544	-1.35343	-1.44542	-1.55044
chr5:145000000-145500000	chr5	-0.11159	-0.229692	-0.318574	4	-1.003	-1.0992	-1.10496	-0.995442
chr5:145500000-146000000	chr5	0.044181	-0.675834	-0.063603	5	0.208142	0.501685	0.282	0.359597
chr5:146000000-146500000	chr5	0.04339	0.169672	0.138382	1	-1.28615	-1.33634	-1.19107	-1.20688
chr5:146500000-147000000	chr5	0.304331	-0.165823	0.242809	2	-1.02585	-0.884905	-0.96669	-0.94306
chr5:147000000-147500000	chr5	0.208935	0.103287	0.087286	5	-1.42591	-1.35666	-1.39206	-1.0186
chr5:147500000-148000000	chr5	0.058482	0.271695	0.131546	7	-1.18073	-1.08925	-1.22842	-1.04996
chr5:148000000-148500000	chr5	-0.03329	-0.457987	-0.038772	3	-0.940619	-1.00171	-0.866943	-0.634943
chr5:148500000-149000000	chr5	0.005701	-0.875475	-0.142269	7	0.674277	0.758146	0.661402	0.666263
chr5:149000000-149500000	chr5	0.023647	-0.870824	0.143814	6	1.41209	1.34997	1.29663	1.52533
chr5:149500000-150000000	chr5	-0.08648	-0.518913	0.136232	9	1.32112	1.38493	1.21709	1.10243
chr5:150000000-150500000	chr5	0.095566	-0.596949	0.234743	9	1.21361	1.2074	1.16305	1.11618
chr5:150500000-151000000	chr5	0.123187	0.021679	-0.017223	7	1.06451	1.05302	0.973388	0.994333
chr5:151000000-151500000	chr5	0.117055	0.43866	0.024266	4	0.415852	0.260868	0.391167	0.406045
chr5:151500000-152000000	chr5	0.185626	1.24885	0.528438	1	-0.914585	-0.990655	-0.916926	-1.02935
chr5:152000000-152500000	chr5	0.453961	0.985867	0.389645	0	-1.43157	-1.51605	-1.49949	-1.39691
chr5:152500000-153000000	chr5	0.035865	0.783188	-0.029956	1	-1.19383	-1.35787	-1.26804	-1.33022
chr5:153000000-153500000	chr5	-0.038493	0.612626	-0.303113	2	-0.844961	-0.950527	-0.888695	-0.83191
chr5:153500000-154000000	chr5	-0.029038	0.092799	-0.140121	3	0.682253	0.563376	0.7391	0.564986
chr5:154000000-154500000	chr5	0.026733	0.04681	-0.156108	6	0.645399	0.466626	0.707621	0.771929
chr5:154500000-155000000	chr5	0.231605	1.12497	0.147492	0	-1.29215	-1.27601	-1.21741	-1.2282
chr5:155000000-155500000	chr5	0.057158	1.23328	0.020348	0	-1.04847	-1.12775	-0.851417	-0.919666
chr5:155500000-156000000	chr5	0.221953	0.927305	0.10078	1	0.262609	0.174806	0.6745	0.582274
chr5:156000000-156500000	chr5	0.306685	1.08464	0.206652	3	0.526539	0.565673	0.851468	0.612597
chr5:156500000-157000000	chr5	-0.094793	-0.026728	0.032958	7	1.2673	1.26409	1.19782	1.11889
chr5:157000000-157500000	chr5	0.253857	-0.141618	-0.101577	6	1.29126	1.18451	1.21154	1.12295
chr5:157500000-158000000	chr5	0.373047	0.624369	0.11174	0	0.844493	0.619502	0.870422	0.75677
chr5:158000000-158500000	chr5	-0.124617	0.914606	-0.116511	0	0.850004	1.04834	1.11864	1.09511
chr5:158500000-159000000	chr5	0.091467	-0.178142	-0.158731	4	0.475835	0.473603	0.468111	0.420002
chr5:159000000-159500000	chr5	0.165134	0.053328	-0.43874	2	-0.364261	-0.25905	-0.339229	-0.325702
chr5:159500000-160000000	chr5	-0.162168	0.016821	-0.271431	7	0.943258	0.871389	0.807742	0.887786
chr5:160000000-160500000	chr5	-0.01687	1.16247	0.089977	1	-1.11986	-1.26195	-1.08501	-0.997909
chr5:160500000-161000000	chr5	0.471274	0.56606	0.400723	1	-1.39015	-1.42235	-1.42455	-0.93019
chr5:161000000-161500000	chr5	0.469309	0.626827	0.469498	3	-1.39904	-1.46359	-1.47112	-1.61859
chr5:161500000-162000000	chr5	0.399354	0.815719	0.248265	0	-0.996145	-1.10729	-0.989939	-1.02407
chr5:162000000-162500000	chr5	0.498755	0.838889	0.238712	0	-1.02992	-1.24272	-1.26066	-1.16853
chr5:162500000-163000000	chr5	0.132025	0.442658	0.096878	4	0.0915159	-0.0929913	-0.0522691	0.0123862
chr5:163000000-163500000	chr5	0.059557	0.418065	-0.099106	0	-1.16402	-1.04448	-1.30963	-1.12448
chr5:163500000-164000000	chr5	0.275111	0.352256	0.12425	0	-0.219248	-0.0757369	-0.12709	0.188151
chr5:164000000-164500000	chr5	0.284291	0.475441	0.499313	0	-0.162364	-0.00702267	0.0460609	-0.0201001
chr5:164500000-165000000	chr5	0.10624	0.303929	0.022386	0	-1.02812	-1.10293	-1.19928	-1.03879
chr5:165000000-165500000	chr5	0.550526	0.357149	0.272337	0	-1.41039	-1.44962	-1.47505	-1.52919
chr5:165500000-166000000	chr5	0.187195	0.310999	-0.101134	0	-1.50124	-1.48483	-1.44166	-1.19818
chr5:166000000-166500000	chr5	-0.082911	0.05198	-0.337533	1	-1.27042	-1.41083	-1.44766	-1.39887
chr5:166500000-167000000	chr5	0.119101	-0.110388	-0.163731	0	-1.12311	-0.986722	-1.39003	-1.14119
chr5:167000000-167500000	chr5	0.075874	-0.676373	-0.202958	0	-0.915224	-0.781379	-0.858836	-0.994464
chr5:167500000-168000000	chr5	-0.161644	-0.288213	-0.413947	3	0.978646	1.05267	0.979071	1.00061
chr5:168000000-168500000	chr5	-0.142292	0.336697	-0.434989	1	0.137359	-0.00786319	0.0269076	0.0441665
chr5:168500000-169000000	chr5	0.183333	-0.179204	-0.526442	1	-0.318083	-0.345488	-0.312555	-0.342949
chr5:169000000-169500000	chr5	-0.237643	-0.172608	-0.363935	3	0.819293	0.6586	0.689438	0.737209
chr5:169500000-170000000	chr5	-0.092936	0.014822	-0.364697	5	0.577387	0.590304	0.48298	0.423822
chr5:170000000-170500000	chr5	-0.115032	-0.321941	-0.238638	2	-0.55833	-0.477346	-0.661469	-0.547249
chr5:170500000-171000000	chr5	-0.09608	-0.624639	-0.357366	3	0.108127	0.125524	0.111219	0.0323005
chr5:171000000-171500000	chr5	0.017262	-0.889114	-0.317146	2	0.918031	1.01624	0.905858	0.959641
chr5:171500000-172000000	chr5	0.0769	-0.897347	-0.266876	4	1.20539	1.20277	1.18265	1.10092
chr5:172000000-172500000	chr5	0.002512	-0.935806	-0.327702	6	1.14554	1.13036	1.09686	1.24289
chr5:172500000-173000000	chr5	0.077274	-0.910138	-0.238534	3	0.823501	0.848212	0.778498	0.87678
chr5:173000000-173500000	chr5	0.099642	-0.904581	-0.224315	4	1.36248	1.31176	1.29166	1.29915
chr5:173500000-174000000	chr5	-0.089433	-0.306125	-0.314641	0	0.455529	0.473654	0.435328	0.461603
chr5:174000000-174500000	chr5	-0.043899	-0.445643	-0.358883	1	-0.228657	-0.166068	-0.223799	-0.295228
chr5:174500000-175000000	chr5	-0.16587	-0.221046	-0.265205	2	-0.0783776	-0.0379553	-0.0540625	-0.0395387
chr5:175000000-175500000	chr5	-0.230903	0.310975	-0.251641	3	0.408572	0.308627	0.201305	0.210729
chr5:175500000-176000000	chr5	-0.270552	-0.288243	-0.019598	9	1.0763	0.776614	1.00057	0.86686
chr5:176000000-176500000	chr5	-0.143079	-0.572443	-0.179994	8	1.09062	1.11569	1.11839	1.15583
chr5:176500000-177000000	chr5	0.100575	-0.988025	0.18454	17	1.32398	1.26993	1.16194	1.44879
chr5:177000000-177500000	chr5	-0.228408	0.032733	-0.398651	4	0.708784	0.66897	0.536722	0.641777
chr5:177500000-178000000	chr5	-0.214613	0.464937	-0.042301	6	0.817806	0.857274	0.798269	0.608461
chr5:178000000-178500000	chr5	-0.016363	0.260513	0.044901	10	0.891865	0.895504	0.751421	0.818699
chr5:178500000-179000000	chr5	-0.329768	0.589171	-0.0479	2	0.431767	0.457532	0.361411	0.404558
chr5:179000000-179500000	chr5	0.065847	-0.607189	-0.052666	10	1.12287	1.1288	1.09255	1.07718
chr5:179500000-180000000	chr5	-0.264038	0.112602	-0.053774	4	0.794287	0.868937	0.910015	0.769799
chr5:180000000-180500000	chr5	0.013522	0.200313	-0.137957	8	0.873454	1.05492	1.2212	1.18464
chr6:3000000-3500000	chr6	-0.094794	-0.560423	-0.254929	7	1.09036	1.0474	1.1123	1.22316
chr6:3500000-4000000	chr6	-0.149962	-0.596475	-0.231372	2	0.425337	0.407041	0.54502	0.504386
chr6:4000000-4500000	chr6	-0.305003	-0.582264	-0.424616	3	0.546154	0.608436	0.574697	0.563238
chr6:4500000-5000000	chr6	-0.142222	-0.551929	-0.250418	1	0.928369	0.915139	0.876892	0.822165
chr6:5000000-5500000	chr6	-0.198932	0.160345	-0.103578	4	0.991866	0.974506	0.932563	0.977533
chr6:5500000-6000000	chr6	-0.300547	1.38349	-0.121096	0	0.868165	0.922603	0.744867	0.6478
chr6:6000000-6500000	chr6	0.082074	1.40008	0.205861	2	0.600774	0.584453	0.537732	0.508587
chr6:6500000-7000000	chr6	-0.04893	0.222119	-0.060424	1	1.04544	1.06161	1.00382	1.04714
chr6:7000000-7500000	chr6	-0.118693	-0.209842	-0.187695	4	1.00858	0.977313	0.963215	0.954859
chr6:7500000-8000000	chr6	-0.030839	0.122991	-0.11467	4	0.449442	0.394844	0.264832	0.245622
chr6:8000000-8500000	chr6	0.011538	0.645173	0.016657	3	-0.264658	-0.277156	-0.310072	-0.310803
chr6:8500000-9000000	chr6	0.135154	0.831006	0.333148	1	-0.826615	-0.939746	-0.823424	-0.730123
chr6:9000000-9500000	chr6	-0.079959	0.274688	0.173568	0	-0.886526	-0.814791	-1.15002	-1.14693
chr6:9500000-10000000	chr6	-0.020205	0.257978	-0.011975	0	-0.534693	-0.538883	-1.17055	-1.08328
chr6:10000000-10500000	chr6	-0.238903	0.071888	-0.025375	1	-0.777649	-0.682025	-0.936425	-0.826779
chr6:10500000-11000000	chr6	-0.096083	-0.216916	-0.437641	8	0.809406	0.82633	0.708421	0.723468
chr6:11000000-11500000	chr6	-0.148804	-0.675838	0.010807	4	1.03787	0.991226	1.01722	1.03102
chr6:11500000-12000000	chr6	-0.077839	-0.737088	-0.311281	2	1.1267	1.14184	1.02913	1.11255
chr6:12000000-12500000	chr6	0.204893	-0.942732	-0.256415	2	1.14778	1.04067	1.03226	1.03326
chr6:12500000-13000000	chr6	-0.027625	-0.23214	-0.342777	1	0.60409	0.668676	0.573277	0.500958
chr6:13000000-13500000	chr6	-0.076238	-0.071181	-0.178005	2	1.0991	1.12692	1.12186	1.18279
chr6:13500000-14000000	chr6	-0.004144	-0.947479	-0.030112	5	1.19576	1.23337	1.19931	1.17362
chr6:14000000-14500000	chr6	-0.043475	-0.594988	-0.31629	1	0.986093	1.02914	0.944624	0.885813
chr6:14500000-15000000	chr6	0.104325	-0.877279	-0.141438	0	0.876495	0.88976	0.904877	0.732009
chr6:15000000-15500000	chr6	-0.17072	-0.799304	-0.327261	1	1.10276	1.1158	1.15949	1.1565
chr6:15500000-16000000	chr6	0.081974	-0.83712	-0.370049	1	1.19214	1.18242	1.15046	1.1855
chr6:16000000-16500000	chr6	-0.24267	-0.634686	-0.243597	3	1.05752	1.071	1.03613	0.940427
chr6:16500000-17000000	chr6	0.235997	-1.41577	-0.134405	1	0.6436	0.747229	0.629779	0.693579
chr6:17000000-17500000	chr6	0.00956	-1.09566	-0.145278	3	-0.299816	-0.312706	-0.313058	-0.25636
chr6:17500000-18000000	chr6	0.160288	-1.17646	-0.011525	3	0.482448	0.468603	0.525653	0.394431
chr6:18000000-18500000	chr6	-0.065221	-0.549429	-0.362676	5	0.394626	0.380221	0.337606	0.351734
chr6:18500000-19000000	chr6	0.260651	0.741641	0.184425	0	-0.974646	-0.937233	-1.01024	-1.02419
chr6:19000000-19500000	chr6	0.321231	0.450974	0.017146	0	-1.08211	-1.15425	-1.15598	-1.2163
chr6:19500000-20000000	chr6	0.117548	0.398059	-0.008411	1	-0.976529	-0.977998	-1.09767	-0.977985
chr6:20000000-20500000	chr6	-0.213707	0.34069	-0.287467	2	0.467278	0.37112	0.182138	0.211378
chr6:20500000-21000000	chr6	-0.090007	-0.552291	-0.187644	1	0.814517	0.812918	0.668701	0.659405
chr6:21000000-21500000	chr6	-0.143244	-0.154969	-0.198144	0	0.605373	0.65836	0.559177	0.595365
chr6:21500000-22000000	chr6	-0.302285	-0.499218	-0.137037	1	0.736437	0.749206	0.409085	0.542035
chr6:22000000-22500000	chr6	-0.012989	-0.676948	-0.226599	1	0.836121	0.777045	0.802527	0.758104
chr6:22500000-23000000	chr6	0.05892	-0.681189	-0.316625	1	0.243846	0.165239	-0.0653243	0.0305403
chr6:23000000-23500000	chr6	0.171432	-0.072467	-0.150492	0	-0.619438	-0.595166	-0.996627	-1.01212
chr6:23500000-24000000	chr6	0.062734	0.707444	0.106437	0	-0.992614	-0.917578	-1.10199	-1.10045
chr6:24000000-24500000	chr6	-0.03969	0.424569	-0.150954	5	-0.12682	-0.169593	-0.395405	-0.416865
chr6:24500000-25000000	chr6	0.012607	-0.449394	-0.287959	7	1.04591	1.07975	0.968438	1.07329
chr6:25000000-25500000	chr6	-0.094407	-0.043519	-0.08458	1	1.1613	1.11779	1.05765	1.13676
chr6:25500000-26000000	chr6	-0.116763	0.388194	-0.236664	8	0.909388	0.838377	0.813026	0.699412
chr6:26000000-26500000	chr6	0.03753	-1.76487	0.168308	38	1.24042	1.24365	1.21341	1.33635
chr6:26500000-27000000	chr6	0.311606	-0.765676	-0.120934	4	0.826783	0.779949	0.774141	0.816537
chr6:27000000-27500000	chr6	0.029179	-1.244	0.09462	9	0.968137	0.936314	0.93335	0.871559
chr6:27500000-28000000	chr6	0.231085	-1.2836	0.064019	18	1.13673	1.08002	1.05286	0.975645
chr6:28000000-28500000	chr6	-0.107899	0.106498	-0.331162	14	1.1961	1.14353	1.12501	1.16652
chr6:28500000-29000000	chr6	0.040947	-1.07236	0.096706	3	0.857067	0.920503	0.936158	0.885097
chr6:29000000-29500000	chr6	-0.022708	0.994316	0.257663	13	-0.0517508	-0.127379	-0.062188	-0.0890701
chr6:29500000-30000000	chr6	-0.164203	0.324589	0.12921	9	1.04204	0.925356	0.964239	0.830998
chr6:30000000-30500000	chr6	-0.324772	-0.366921	-0.187803	11	1.20574	1.27224	1.24794	1.18417
chr6:30500000-31000000	chr6	-0.289999	-0.82522	0.000453	21	1.15243	1.22212	1.16354	1.23506
chr6:31000000-31500000	chr6	0.103042	-0.978719	-0.172624	12	1.17925	1.1222	1.16859	1.16374
chr6:31500000-32000000	chr6	-0.003256	-0.824365	-0.056399	44	1.12847	1.18046	1.0659	1.07088
chr6:32000000-32500000	chr6	-0.166194	-0.330526	-0.109131	17	1.02553	1.03777	1.05527	0.925495
chr6:32500000-33000000	chr6	0.014626	-0.612881	-0.032323	14	1.00466	1.03409	1.02063	1.08657
chr6:33000000-33500000	chr6	0.139604	-0.927153	-0.049585	22	1.17781	1.17763	1.15077	1.24633
chr6:33500000-34000000	chr6	-0.415736	-0.347163	-0.103158	6	0.980567	1.02481	0.938689	0.97393
chr6:34000000-34500000	chr6	-0.14075	-0.715477	-0.1095	6	1.17934	1.14339	1.14412	1.13447
chr6:34500000-35000000	chr6	0.171472	-1.20219	-0.312061	6	1.12765	1.14977	1.19524	1.15356
chr6:35000000-35500000	chr6	0.039603	-0.92637	-0.111216	9	1.14454	1.01277	1.15746	1.10497
chr6:35500000-36000000	chr6	0.089832	-1.21574	0.125573	9	1.21679	1.18555	1.21589	1.24275
chr6:36000000-36500000	chr6	0.315094	-1.11113	-0.056876	7	1.27857	1.23351	1.195	1.23789
chr6:36500000-37000000	chr6	0.175748	-1.13716	-0.041042	10	1.21357	1.23964	1.19913	1.26232
chr6:37000000-37500000	chr6	-0.001528	-0.95963	-0.365939	6	1.3046	1.32778	1.2691	1.36381
chr6:37500000-38000000	chr6	0.124172	-1.19433	-0.054311	2	1.15974	1.14524	1.21033	1.32089
chr6:38000000-38500000	chr6	0.069356	-0.807249	0.008608	0	1.00396	1.02934	1.05816	1.11579
chr6:38500000-39000000	chr6	0.064381	-0.33922	0.186507	3	0.829367	0.783741	0.744889	0.910462
chr6:39000000-39500000	chr6	-0.168087	0.739616	0.104157	5	0.394571	0.415659	0.390134	0.460734
chr6:39500000-40000000	chr6	-0.152697	0.068784	0.070941	3	0.256366	0.164191	0.428724	0.352392
chr6:40000000-40500000	chr6	-0.020162	1.04307	-0.105266	0	0.678361	0.716134	0.802115	0.893184
chr6:40500000-41000000	chr6	-0.197782	0.545666	-0.255644	1	0.410067	0.369941	0.439233	0.446983
chr6:41000000-41500000	chr6	0.11776	-0.419819	0.077867	11	1.27665	1.234	1.17314	1.2151
chr6:41500000-42000000	chr6	0.063949	-0.801913	-0.098743	11	1.21298	1.28972	1.2017	1.35823
chr6:42000000-42500000	chr6	-0.154684	-0.703057	-0.016417	7	1.22027	1.22918	1.2323	1.14739
chr6:42500000-43000000	chr6	0.274941	-1.25628	-0.041127	14	1.25287	1.30457	1.25573	1.33297
chr6:43000000-43500000	chr6	0.095946	-0.961337	-0.132687	17	1.2855	1.29815	1.26466	1.32175
chr6:43500000-44000000	chr6	-0.024532	-0.843425	0.219126	7	1.26533	1.22918	1.25468	1.28425
chr6:44000000-44500000	chr6	-0.195002	-0.802301	0.118555	13	1.24981	1.2615	1.26478	1.34151
chr6:44500000-45000000	chr6	-0.229392	-0.330944	-0.164848	0	0.606673	0.564516	0.526263	0.452493
chr6:45000000-45500000	chr6	-0.208832	-0.899892	-0.172394	2	0.500744	0.542612	0.505349	0.535724
chr6:45500000-46000000	chr6	-0.280396	-0.228786	-0.296226	1	0.215417	0.188512	0.0905902	0.109574
chr6:46000000-46500000	chr6	0.194321	0.265976	-0.234103	3	-0.366422	-0.283869	-0.294869	-0.380444
chr6:46500000-47000000	chr6	0.009186	-0.042466	-0.105186	7	-0.745688	-0.772403	-0.761117	-0.744116
chr6:47000000-47500000	chr6	-0.128414	-0.242861	-0.049882	3	0.549367	0.567997	0.525764	0.557734
chr6:47500000-48000000	chr6	-0.121588	0.388006	0.092808	2	-0.433017	-0.531351	-0.455418	-0.37071
chr6:48000000-48500000	chr6	0.109154	0.360472	0.311565	1	-1.24747	-1.25966	-1.33395	-1.2434
chr6:48500000-49000000	chr6	-0.115422	0.426426	0.15395	0	-1.30524	-1.21024	-1.2793	-1.30467
chr6:49000000-49500000	chr6	-0.197528	0.805573	0.25916	3	-1.1785	-1.1544	-1.19783	-1.28617
chr6:49500000-50000000	chr6	0.117525	0.76878	0.318178	9	-1.28167	-1.29258	-1.21737	-1.18619
chr6:50000000-50500000	chr6	0.479682	0.644291	0.612367	1	-1.23113	-1.26949	-1.22543	-1.14122
chr6:50500000-51000000	chr6	0.226302	0.747934	0.450439	2	-1.12559	-1.14951	-1.16216	-1.10068
chr6:51000000-51500000	chr6	0.119802	1.21639	0.62325	0	-0.609449	-0.538022	-0.718392	-0.558887
chr6:51500000-52000000	chr6	0.197855	1.29457	0.284439	1	-0.156443	-0.191389	-0.225358	-0.204151
chr6:52000000-52500000	chr6	-0.232987	0.216419	-0.031773	6	0.912299	0.849385	0.833165	0.92295
chr6:52500000-53000000	chr6	-0.19159	-0.000343	-0.15101	10	0.242696	0.210523	0.272845	0.119556
chr6:53000000-53500000	chr6	-0.295036	-0.346672	-0.212988	3	0.654725	0.786495	0.821121	0.846668
chr6:53500000-54000000	chr6	0.062441	-0.680286	-0.108276	3	-0.863077	-0.980773	-0.982905	-0.973563
chr6:54000000-54500000	chr6	-0.272306	-0.3928	-0.261669	1	-1.29742	-1.28093	-1.33411	-1.35395
chr6:54500000-55000000	chr6	0.046376	-0.545244	-0.114918	1	-1.07918	-1.11999	-1.09489	-1.18533
chr6:55000000-55500000	chr6	0.216602	-0.407369	0.132628	3	-1.30704	-1.32725	-1.35498	-1.36086
chr6:55500000-56000000	chr6	0.165231	-1.05096	0.35168	1	-1.29845	-1.34208	-1.28651	-1.34007
chr6:56000000-56500000	chr6	0.161099	-1.23275	0.076782	1	-0.599964	-0.462218	-0.387058	-0.305909
chr6:56500000-57000000	chr6	-0.026516	-1.14374	0.353908	4	0.887098	0.885538	0.864683	0.839319
chr6:57000000-57500000	chr6	-0.010823	0.314395	0.323111	3	-0.269385	-0.356712	-0.289176	-0.177669
chr6:57500000-58000000	chr6	0.233515	1.05008	0.120362	0	-1.02181	-0.987121	-0.945604	-1.00803
chr6:58000000-58500000	chr6	0.256153	0.894464	0.282665	0	-0.811441	-0.842129	-0.679176	-0.778493
chr6:58500000-59000000	chr6	0.148881	1.11569	0.403948	0	-1.1352	-1.03708	-1.10659	-1.08041
chr6:62000000-62500000	chr6	0.296125	0.890573	0.250615	0	-1.0274	-1.0151	-0.894208	-0.982024
chr6:62500000-63000000	chr6	0.392686	0.580959	0.587534	1	-1.25377	-1.24192	-1.16451	-1.27038
chr6:63000000-63500000	chr6	0.254782	0.696112	0.294644	0	-1.29267	-1.33193	-1.28649	-1.36983
chr6:63500000-64000000	chr6	0.308263	0.693951	0.413959	1	-1.38209	-1.38798	-1.34813	-1.38537
chr6:64000000-64500000	chr6	0.016479	-0.035608	0.067586	3	-0.113666	-0.132066	-0.0208272	0.0549969
chr6:64500000-65000000	chr6	0.221419	-0.010125	0.04248	0	-0.858084	-0.823853	-1.08576	-0.914036
chr6:65000000-65500000	chr6	-0.108378	0.186628	0.221458	0	-1.34943	-1.34284	-1.38808	-1.33156
chr6:65500000-66000000	chr6	0.208647	0.296473	0.687711	0	-1.3833	-1.36443	-1.39632	-1.47682
chr6:66000000-66500000	chr6	0.266281	0.108027	0.637696	2	-1.34524	-1.33946	-1.36638	-1.38285
chr6:66500000-67000000	chr6	0.250216	0.291058	0.354118	0	-1.22636	-1.23417	-1.37178	-1.36405
chr6:67000000-67500000	chr6	0.135818	0.37235	0.362954	0	-1.33052	-1.3379	-1.35381	-1.36406
chr6:67500000-68000000	chr6	0.375211	0.178792	0.465537	0	-1.29076	-1.34668	-1.34707	-1.31039
chr6:68000000-68500000	chr6	0.508279	0.050844	0.543381	0	-0.930652	-1.03934	-1.06062	-1.08678
chr6:68500000-69000000	chr6	0.53062	0.276044	0.320202	0	-0.038673	-0.0888919	0.0969427	0.20258
chr6:69000000-69500000	chr6	0.271547	0.399424	0.198494	2	-1.38844	-1.40743	-1.34259	-1.39977
chr6:69500000-70000000	chr6	0.037216	0.137023	0.084387	0	-1.40657	-1.43494	-1.44343	-1.48416
chr6:70000000-70500000	chr6	0.051448	0.549898	0.121636	0	-0.565184	-0.591564	-0.857768	-0.633152
chr6:70500000-71000000	chr6	-0.157158	0.580074	0.082851	2	0.369004	0.290705	0.425178	0.31291
chr6:71000000-71500000	chr6	-0.10156	0.48206	-0.183073	4	0.420056	0.376927	0.490974	0.466467
chr6:71500000-72000000	chr6	-0.194993	0.487145	-0.204882	2	-1.1853	-1.08218	-1.05565	-1.04554
chr6:72000000-72500000	chr6	-0.305986	0.324269	0.050425	0	-1.39255	-1.40085	-1.42992	-1.46374
chr6:72500000-73000000	chr6	0.049229	0.661309	0.128264	1	-1.40062	-1.42135	-1.45548	-1.44834
chr6:73000000-73500000	chr6	-0.315296	-0.141497	0.031011	1	-0.445554	-0.474294	-0.465284	-0.332135
chr6:73500000-74000000	chr6	-0.166581	-0.008218	-0.334304	2	-0.112613	-0.0621017	0.0764624	-0.0457228
chr6:74000000-74500000	chr6	-0.250197	-0.3736	-0.193508	9	0.640576	0.60594	0.54475	0.616383
chr6:74500000-75000000	chr6	-0.07417	0.398047	0.117402	0	-1.35001	-1.4215	-1.35341	-1.47527
chr6:75000000-75500000	chr6	-0.054281	0.254483	0.287207	0	-1.35886	-1.40624	-1.43021	-1.41729
chr6:75500000-76000000	chr6	-0.241133	-0.193711	0.09408	3	-1.244	-1.15113	-1.24034	-1.17798
chr6:76000000-76500000	chr6	-0.208638	-0.868537	0.001742	3	0.178295	0.0380143	0.161735	0.0849459
chr6:76500000-77000000	chr6	0.070954	0.904788	0.163705	1	-1.22352	-1.294	-1.2913	-1.28524
chr6:77000000-77500000	chr6	0.045119	0.769272	0.326129	0	-1.40128	-1.42821	-1.44331	-1.50892
chr6:77500000-78000000	chr6	0.038246	0.125151	0.181092	0	-1.08163	-1.18967	-1.26791	-1.11587
chr6:78000000-78500000	chr6	0.098238	0.45492	-0.073914	2	-0.295106	-0.249889	-0.250206	-0.0823979
chr6:78500000-79000000	chr6	0.066871	1.01674	0.114298	0	-1.27309	-1.29352	-1.32496	-1.36504
chr6:79000000-79500000	chr6	0.017577	0.710003	-0.02998	0	-1.35336	-1.41934	-1.42577	-1.38323
chr6:79500000-80000000	chr6	-0.196064	0.424833	-0.0797	3	-0.278415	-0.217189	-0.20985	-0.102239
chr6:80000000-80500000	chr6	0.000466	0.731983	-0.138894	2	-1.15634	-1.15432	-1.08722	-0.827604
chr6:80500000-81000000	chr6	-0.344106	0.405949	0.011651	3	-0.775726	-0.77705	-0.874299	-0.770682
chr6:81000000-81500000	chr6	0.023762	-0.185758	-0.095362	0	-1.25761	-1.2271	-1.19575	-1.07164
chr6:81500000-82000000	chr6	0.146387	0.181013	0.216341	0	-1.45908	-1.46759	-1.48116	-1.52642
chr6:82000000-82500000	chr6	-0.362804	-0.047342	0.007948	1	-1.30617	-1.2987	-1.35136	-1.19953
chr6:82500000-83000000	chr6	0.004004	-0.45477	-0.051499	1	-0.87085	-0.884296	-0.910726	-0.730081
chr6:83000000-83500000	chr6	-0.110264	0.439344	-0.241446	1	-0.988858	-1.02058	-0.954878	-0.84634
chr6:83500000-84000000	chr6	-0.188245	-0.062483	0.049324	4	-0.128854	-0.229026	-0.349553	-0.277475
chr6:84000000-84500000	chr6	0.017301	0.626331	-0.209305	3	-0.429772	-0.536961	-0.353155	-0.215029
chr6:84500000-85000000	chr6	-0.192236	0.982352	0.036357	4	-0.617778	-0.64512	-0.389824	-0.149006
chr6:85000000-85500000	chr6	0.075371	0.39259	0.230049	1	-1.27397	-1.36046	-1.11923	-1.01762
chr6:85500000-86000000	chr6	0.096184	1.24592	0.272811	0	-1.42197	-1.42364	-1.45863	-1.48001
chr6:86000000-86500000	chr6	-0.063976	0.033442	0.028392	3	0.0880337	0.0683905	0.309061	0.310598
chr6:86500000-87000000	chr6	0.087421	1.28072	0.084016	0	-1.01196	-0.948888	-0.800695	-0.475839
chr6:87000000-87500000	chr6	0.231412	1.20242	0.122409	0	-1.41595	-1.41492	-1.38185	-1.30457
chr6:87500000-88000000	chr6	0.171369	0.287951	0.611821	3	-0.1336	-0.14838	0.0462751	0.189477
chr6:88000000-88500000	chr6	-0.150431	-0.079069	-0.075207	8	1.1679	1.17571	1.18013	1.29331
chr6:88500000-89000000	chr6	0.084716	0.876815	-0.057376	2	1.15618	1.22687	1.23109	1.27616
chr6:89000000-89500000	chr6	-0.120096	0.702934	0.088854	0	1.11489	1.14991	1.16262	1.18315
chr6:89500000-90000000	chr6	-0.165835	-0.060463	0.050546	5	1.22974	1.27275	1.26117	1.35962
chr6:90000000-90500000	chr6	-0.158327	-0.025582	-0.388003	5	1.16908	1.18067	1.19772	1.23864
chr6:90500000-91000000	chr6	-0.016819	-0.580902	-0.326271	2	0.269196	0.446872	0.378221	0.196185
chr6:91000000-91500000	chr6	0.234307	-0.391747	-0.105881	2	-0.336974	-0.445241	-0.371663	-0.234106
chr6:91500000-92000000	chr6	0.118815	0.358314	0.133967	0	-1.308	-1.2677	-1.34992	-1.30456
chr6:92000000-92500000	chr6	-0.042717	0.202463	0.194299	0	0.283248	0.216028	-0.461838	-0.445883
chr6:92500000-93000000	chr6	0.41472	0.162267	0.444134	0	-0.639025	-0.729807	-1.08634	-0.992989
chr6:93000000-93500000	chr6	0.312533	0.023746	0.218722	0	-1.29981	-1.29631	-1.34052	-1.29034
chr6:93500000-94000000	chr6	0.075812	0.365053	0.244354	0	-1.23296	-1.14544	-1.32005	-1.2947
chr6:94000000-94500000	chr6	0.496778	0.118401	0.474791	1	-1.36794	-1.42064	-1.41826	-1.42497
chr6:94500000-95000000	chr6	0.183588	0.440201	0.525795	0	-1.41825	-1.43572	-1.44679	-1.49415
chr6:95000000-95500000	chr6	0.305972	0.606936	0.672895	0	-1.38073	-1.41568	-1.35963	-1.30875
chr6:95500000-96000000	chr6	0.240569	0.696219	0.406191	0	-1.29188	-1.19957	-0.970298	-1.16216
chr6:96000000-96500000	chr6	0.354801	0.784316	0.605992	2	-1.04245	-1.04878	-1.0048	-1.01215
chr6:96500000-97000000	chr6	0.21323	0.860568	0.469507	1	0.310941	0.173871	0.398951	0.34744
chr6:97000000-97500000	chr6	0.013631	0.932353	-0.102621	4	-0.304033	-0.242346	-0.273079	-0.134216
chr6:97500000-98000000	chr6	-0.056168	0.593196	0.101355	1	-0.945694	-0.92931	-0.951715	-0.937199
chr6:98000000-98500000	chr6	0.555812	0.302055	0.217048	0	-1.46669	-1.42444	-1.44869	-1.46173
chr6:98500000-99000000	chr6	0.287336	1.17639	0.229375	0	-1.461	-1.45817	-1.4502	-1.45461
chr6:99000000-99500000	chr6	-0.191413	0.797887	0.088422	2	-1.15265	-1.12447	-1.20982	-1.15324
chr6:99500000-100000000	chr6	-0.078791	0.619244	-0.068189	4	-0.638765	-0.552353	-0.548952	-0.4245
chr6:100000000-100500000	chr6	0.019292	0.709495	-0.26455	3	-1.18537	-1.25405	-1.2018	-1.17151
chr6:100500000-101000000	chr6	-0.080984	-0.164606	0.118373	1	0.00523986	-0.207737	0.169839	0.161496
chr6:101000000-101500000	chr6	0.087753	-0.478564	0.353566	1	-0.126302	-0.124638	-0.0621415	-0.0889635
chr6:101500000-102000000	chr6	0.167424	0.379069	0.110168	1	-1.44147	-1.43418	-1.43682	-1.50783
chr6:102000000-102500000	chr6	0.430972	-0.383789	0.502205	0	-1.32318	-1.39152	-1.37549	-1.45481
chr6:102500000-103000000	chr6	0.455006	0.293438	0.574963	0	-1.45138	-1.42606	-1.43091	-1.45027
chr6:103000000-103500000	chr6	0.219367	0.324515	0.348146	0	-1.42224	-1.43257	-1.44128	-1.51649
chr6:103500000-104000000	chr6	0.389904	0.620776	0.468716	0	-1.41661	-1.42965	-1.41164	-1.49805
chr6:104000000-104500000	chr6	0.107473	0.826462	0.309435	0	-1.46534	-1.46573	-1.46578	-1.49631
chr6:104500000-105000000	chr6	-0.082682	0.979037	0.13192	0	-1.44276	-1.48416	-1.47405	-1.50594
chr6:105000000-105500000	chr6	-0.021707	-0.458165	-0.267042	2	0.0851366	-0.0167727	-0.318639	-0.0886627
chr6:105500000-106000000	chr6	0.143643	-0.786512	-0.305475	3	0.599739	0.515293	0.416121	0.509225
chr6:106000000-106500000	chr6	-0.033247	-0.645235	0.000225	0	0.666866	0.788322	0.59468	0.599166
chr6:106500000-107000000	chr6	-0.077243	-0.982946	0.100336	3	1.18923	1.1834	1.16585	1.18031
chr6:107000000-107500000	chr6	-0.239844	-0.455607	-0.325501	4	1.18191	1.18873	1.1771	1.15394
chr6:107500000-108000000	chr6	-0.23858	-0.541947	-0.448654	2	1.1502	1.10154	1.15859	1.13805
chr6:108000000-108500000	chr6	-0.143399	-0.60486	-0.088096	4	1.15205	1.18436	1.14061	1.07624
chr6:108500000-109000000	chr6	-0.030828	-0.764386	-0.175198	3	1.26442	1.25573	1.27946	1.31701
chr6:109000000-109500000	chr6	-0.10945	-0.77432	-0.327224	3	1.06475	1.09096	1.0259	1.03143
chr6:109500000-110000000	chr6	-0.129923	-0.30129	-0.173197	5	1.06642	1.06556	0.993842	0.96753
chr6:110000000-110500000	chr6	-0.252648	0.141045	-0.418217	3	0.500282	0.447365	0.563541	0.718794
chr6:110500000-111000000	chr6	-0.246819	-0.287481	-0.446301	5	0.963522	0.96473	0.9884	0.985145
chr6:111000000-111500000	chr6	-0.126949	-0.506862	-0.157325	5	1.27834	1.28348	1.29724	1.29617
chr6:111500000-112000000	chr6	0.062398	-1.17418	-0.253307	3	1.1967	1.20158	1.16502	1.13053
chr6:112000000-112500000	chr6	-0.093606	-0.789435	-0.142773	4	0.605793	0.550214	0.59824	0.602698
chr6:112500000-113000000	chr6	0.100921	-1.11208	-0.078051	2	-1.38589	-1.39521	-1.39931	-1.50278
chr6:113000000-113500000	chr6	0.07606	-1.32982	0.162122	0	-1.36128	-1.39589	-1.43314	-1.4465
chr6:113500000-114000000	chr6	-0.27323	-1.01669	-0.108576	0	0.312743	0.257307	0.32861	0.457499
chr6:114000000-114500000	chr6	-0.04977	-0.676861	0.057504	2	-0.278335	-0.307237	-0.314204	-0.130542
chr6:114500000-115000000	chr6	0.285607	0.565354	0.167553	1	-1.43017	-1.4315	-1.44613	-1.54528
chr6:115000000-115500000	chr6	0.578911	0.344429	0.377069	0	-1.40789	-1.43374	-1.42048	-1.33568
chr6:115500000-116000000	chr6	0.281886	0.624105	0.280772	0	-1.4506	-1.46219	-1.48134	-1.45977
chr6:116000000-116500000	chr6	0.071424	0.44571	-0.021624	3	-0.841382	-0.756784	-0.945564	-0.709105
chr6:116500000-117000000	chr6	0.179808	-0.819301	0.265703	10	0.78618	0.851466	0.788567	0.850384
chr6:117000000-117500000	chr6	0.021132	0.889962	0.232573	4	-1.32271	-1.33037	-1.38138	-1.34502
chr6:117500000-118000000	chr6	-0.129029	0.232225	0.018926	5	-0.969003	-0.922137	-0.847702	-0.70757
chr6:118000000-118500000	chr6	0.012273	1.09282	0.310063	1	-1.28587	-1.34172	-1.20618	-1.15109
chr6:118500000-119000000	chr6	0.008457	-0.193164	0.175903	2	-0.770322	-0.788329	-0.784309	-0.734362
chr6:119000000-119500000	chr6	-0.013382	0.226723	-0.246526	3	-0.060628	0.0432326	0.0573666	0.145262
chr6:119500000-120000000	chr6	-0.09028	0.158635	-0.026657	1	-0.858571	-0.845176	-0.68294	-0.582373
chr6:120000000-120500000	chr6	0.491638	0.116991	0.417046	0	-1.37609	-1.43895	-1.36144	-1.37526
chr6:120500000-121000000	chr6	0.446623	0.597622	0.666257	0	-1.43968	-1.4522	-1.44791	-1.45718
chr6:121000000-121500000	chr6	0.318258	0.822825	0.29853	0	-0.922181	-1.01923	-1.14701	-1.16584
chr6:121500000-122000000	chr6	0.031851	-0.209079	-0.176069	2	-1.05358	-1.00451	-1.17836	-1.0716
chr6:122000000-122500000	chr6	0.186372	-0.344822	0.398807	0	-1.34825	-1.34646	-1.36165	-1.29799
chr6:122500000-123000000	chr6	0.12329	0.143045	0.109675	3	-0.993245	-1.01893	-0.920877	-0.737481
chr6:123000000-123500000	chr6	0.115891	0.718164	0.328936	3	-1.35033	-1.32982	-1.37585	-1.34092
chr6:123500000-124000000	chr6	0.234613	0.394863	0.222718	1	-1.37944	-1.44237	-1.42055	-1.44491
chr6:124000000-124500000	chr6	0.139731	0.373145	0.127611	1	-1.34994	-1.39928	-1.39135	-1.36393
chr6:124500000-125000000	chr6	0.041404	0.344722	-0.030067	0	-1.44933	-1.43188	-1.43619	-1.40765
chr6:125000000-125500000	chr6	-0.172189	-0.131974	0.083702	2	-1.36562	-1.36943	-1.4178	-1.41452
chr6:125500000-126000000	chr6	0.025695	0.51068	-0.091296	1	-1.02609	-0.998566	-1.02822	-1.03425
chr6:126000000-126500000	chr6	-0.180628	-0.071365	-0.417562	4	0.445109	0.396621	0.501105	0.4608
chr6:126500000-127000000	chr6	-0.21796	0.439574	-0.379464	1	-1.26434	-1.17682	-1.20402	-1.12957
chr6:127000000-127500000	chr6	0.024638	-0.141705	-0.212296	1	-1.39534	-1.4001	-1.40305	-1.38783
chr6:127500000-128000000	chr6	-0.327637	-0.315641	-0.306038	5	-1.06651	-0.897326	-0.935836	-0.759065
chr6:128000000-128500000	chr6	0.072522	-0.711787	-0.207923	1	-1.45332	-1.45157	-1.46264	-1.48703
chr6:128500000-129000000	chr6	0.013526	-1.13985	-0.050407	1	-1.38558	-1.41731	-1.41363	-1.46385
chr6:129000000-129500000	chr6	-0.38998	-0.541403	-0.068688	1	-1.43698	-1.42168	-1.40864	-1.4843
chr6:129500000-130000000	chr6	-0.2843	-0.578332	-0.292815	0	-0.585436	-0.578983	-0.46026	-0.36094
chr6:130000000-130500000	chr6	-0.105584	-0.421614	-0.066337	3	0.800063	0.678112	0.96717	0.865531
chr6:130500000-131000000	chr6	-0.178068	-0.250013	-0.26422	2	0.736699	0.789667	0.834356	1.05039
chr6:131000000-131500000	chr6	-0.256881	-0.274255	-0.044871	3	-0.0980069	-0.0415532	0.195469	0.253103
chr6:131500000-132000000	chr6	-0.274557	0.097289	-0.265707	3	-0.742797	-0.708346	-0.645638	-0.597937
chr6:132000000-132500000	chr6	-0.035109	-0.826588	-0.028956	4	-1.38267	-1.32869	-1.39481	-1.39992
chr6:132500000-133000000	chr6	-0.193089	-0.611887	-0.0237	8	-0.831228	-0.939424	-0.967525	-0.679045
chr6:133000000-133500000	chr6	-0.16356	-0.258017	-0.197041	4	-1.01173	-1.02089	-1.07557	-0.787032
chr6:133500000-134000000	chr6	-0.153274	-0.546674	-0.165286	1	-1.36419	-1.39834	-1.42309	-1.42833
chr6:134000000-134500000	chr6	-0.235256	-0.840911	-0.535122	4	-0.842172	-0.820899	-0.944914	-0.841172
chr6:134500000-135000000	chr6	-0.005823	-0.979348	-0.247746	1	0.560986	0.487637	0.275354	0.218547
chr6:135000000-135500000	chr6	-0.122398	-0.755327	-0.129385	2	1.05125	1.04657	0.817898	0.919728
chr6:135500000-136000000	chr6	-0.335013	-0.608724	-0.207314	2	1.19129	1.26487	1.22064	1.21378
chr6:136000000-136500000	chr6	-0.281803	-0.499531	-0.223073	1	0.776063	0.742546	0.374385	0.315835
chr6:136500000-137000000	chr6	-0.119217	-0.306898	-0.22616	3	0.852849	0.717242	0.673003	0.757804
chr6:137000000-137500000	chr6	-0.324704	0.018573	-0.525937	5	1.28053	1.23113	1.23457	1.1737
chr6:137500000-138000000	chr6	-0.324469	-0.00476	-0.42362	2	1.27721	1.1911	1.24351	1.23472
chr6:138000000-138500000	chr6	-0.131412	-0.42598	-0.451694	3	1.29266	1.32257	1.27081	1.3632
chr6:138500000-139000000	chr6	-0.222896	-0.270482	-0.436478	4	1.08094	1.0472	0.912996	0.802125
chr6:139000000-139500000	chr6	-0.208647	-0.661898	-0.21452	5	1.09958	1.01408	0.962568	1.09835
chr6:139500000-140000000	chr6	-0.119828	-0.963144	-0.076977	2	0.533818	0.497468	0.1675	0.101792
chr6:140000000-140500000	chr6	0.176057	-1.48959	0.131943	0	-0.908062	-0.822138	-1.08821	-0.922128
chr6:140500000-141000000	chr6	-0.02766	-1.42746	0.108617	0	-0.892863	-0.924111	-1.15682	-1.09031
chr6:141000000-141500000	chr6	-0.090729	-1.43172	-0.146874	0	-0.794887	-0.787932	-0.680072	-0.668642
chr6:141500000-142000000	chr6	0.029037	-1.28217	0.047118	0	-0.762936	-0.707329	-0.537705	-0.448757
chr6:142000000-142500000	chr6	-0.392554	-0.416556	-0.18666	3	-1.40372	-1.46014	-1.37728	-1.41711
chr6:142500000-143000000	chr6	0.063339	-1.22501	0.023049	1	-1.30947	-1.31355	-1.27001	-1.3661
chr6:143000000-143500000	chr6	-0.165767	-0.993168	0.087198	2	0.220703	0.384491	0.383118	0.515663
chr6:143500000-144000000	chr6	0.036036	-0.705395	-0.316713	4	-0.572687	-0.602737	-0.721831	-0.495113
chr6:144000000-144500000	chr6	-0.143026	-0.529409	-0.172534	5	0.180459	0.174151	0.0952741	0.0761737
chr6:144500000-145000000	chr6	-0.252032	-0.729367	-0.363836	1	0.905225	0.783873	0.838428	0.850805
chr6:145000000-145500000	chr6	-0.199755	-0.559298	-0.362387	0	-0.488918	-0.514231	-0.493462	-0.541189
chr6:145500000-146000000	chr6	-0.187042	-0.076178	-0.259274	0	-0.4048	-0.429798	-0.694029	-0.614932
chr6:146000000-146500000	chr6	0.016296	0.007192	-0.053273	4	-0.727165	-0.644787	-0.645211	-0.319444
chr6:146500000-147000000	chr6	0.14055	0.190429	0.016986	2	-1.39738	-1.42001	-1.43965	-1.48911
chr6:147000000-147500000	chr6	-0.118682	-0.316588	-0.223687	0	-1.42461	-1.43357	-1.38777	-1.49189
chr6:147500000-148000000	chr6	0.003934	-0.387401	-0.031568	2	-1.19746	-1.25989	-1.26874	-1.36061
chr6:148000000-148500000	chr6	-0.116518	0.010977	-0.078544	0	-1.40516	-1.35526	-1.36984	-1.42958
chr6:148500000-149000000	chr6	-0.263894	-0.39372	-0.502285	1	-0.640622	-0.772927	-0.67517	-0.628367
chr6:149000000-149500000	chr6	0.032449	-0.864148	-0.064415	1	0.931208	0.92953	0.958114	0.900017
chr6:149500000-150000000	chr6	-0.032676	-1.2008	-0.137751	6	1.3207	1.29699	1.26809	1.3815
chr6:150000000-150500000	chr6	-0.057037	-0.854044	-0.328507	11	1.09816	1.07891	1.12391	1.13347
chr6:150500000-151000000	chr6	0.081432	-0.530439	-0.02436	2	0.26101	0.293258	0.443452	0.38362
chr6:151000000-151500000	chr6	0.088641	-0.730763	-0.36984	1	0.495791	0.668344	0.577964	0.49586
chr6:151500000-152000000	chr6	0.031541	-0.297622	-0.194794	5	0.00315231	0.114142	0.0490996	0.225298
chr6:152000000-152500000	chr6	0.029672	0.486052	-0.307299	1	-0.774346	-0.698618	-0.503571	-0.447853
chr6:152500000-153000000	chr6	-0.260383	0.411491	-0.017482	1	-1.03365	-1.09007	-1.02126	-1.00519
chr6:153000000-153500000	chr6	0.146023	0.56209	0.253874	5	-1.28269	-1.23509	-1.26148	-1.21942
chr6:153500000-154000000	chr6	0.159856	0.838562	0.267681	0	-1.34436	-1.42848	-1.44464	-1.4818
chr6:154000000-154500000	chr6	0.384341	0.633554	0.002402	1	-1.41451	-1.40414	-1.40206	-1.45641
chr6:154500000-155000000	chr6	-0.174781	-0.058215	-0.228124	2	-0.897044	-0.949234	-0.711908	-0.681093
chr6:155000000-155500000	chr6	-0.075711	-0.591036	-0.199659	2	0.689096	0.677831	0.834508	0.76155
chr6:155500000-156000000	chr6	0.156232	-0.22774	-0.114839	3	0.55196	0.37838	0.776109	0.753327
chr6:156000000-156500000	chr6	0.277415	0.680689	0.378191	0	-0.982794	-1.09276	-0.906288	-0.744286
chr6:156500000-157000000	chr6	-0.01662	0.750714	0.04325	0	0.243191	0.250687	0.319398	0.491179
chr6:157000000-157500000	chr6	0.011763	-0.838059	0.321984	1	1.02238	1.00786	1.0738	1.12804
chr6:157500000-158000000	chr6	0.071678	-0.463446	-0.330393	2	1.12508	1.17011	1.09696	1.09782
chr6:158000000-158500000	chr6	0.0883	-0.706683	-0.138241	2	0.800183	0.83357	0.846473	0.793084
chr6:158500000-159000000	chr6	-0.007802	-0.676005	-0.191331	4	1.26853	1.22243	1.20411	1.16014
chr6:159000000-159500000	chr6	0.016577	-0.442167	-0.115948	5	1.2942	1.28909	1.30093	1.40934
chr6:159500000-160000000	chr6	0.069079	1.03113	0.159534	1	0.364414	0.345858	0.210914	0.185556
chr6:160000000-160500000	chr6	-0.189765	0.422759	-0.25272	8	0.93669	0.92279	0.938497	0.749692
chr6:160500000-161000000	chr6	-0.023441	1.21	0.202672	3	-0.724764	-0.711446	-0.832064	-0.700723
chr6:161000000-161500000	chr6	-0.022705	0.718137	0.276324	3	-0.674597	-0.606977	-0.572672	-0.582516
chr6:161500000-162000000	chr6	-0.094825	0.489717	-0.105428	1	-0.627222	-0.522722	-0.761634	-0.626347
chr6:162000000-162500000	chr6	-0.123784	1.09075	-0.004845	0	-1.30283	-1.26638	-1.18955	-1.27207
chr6:162500000-163000000	chr6	0.340956	0.771633	0.082273	0	-1.35557	-1.34495	-1.30502	-1.35029
chr6:163000000-163500000	chr6	0.333253	0.410396	0.249617	2	-1.35448	-1.421	-1.3903	-1.35193
chr6:163500000-164000000	chr6	0.144606	-0.249019	-0.095164	1	-0.655501	-0.615401	-0.572034	-0.586594
chr6:164000000-164500000	chr6	0.058158	0.347157	0.013816	0	-0.840079	-0.827354	-0.618996	-0.696133
chr6:164500000-165000000	chr6	0.279624	0.645195	0.540341	0	-1.37389	-1.36721	-1.37122	-1.30173
chr6:165000000-165500000	chr6	0.312222	0.581797	0.61729	0	-1.35727	-1.40962	-1.33285	-1.34054
chr6:165500000-166000000	chr6	0.408017	0.611327	0.184283	1	-1.33162	-1.32462	-1.27107	-1.23309
chr6:166000000-166500000	chr6	0.083674	0.568209	0.202094	1	-0.939112	-0.994265	-0.831881	-0.860795
chr6:166500000-167000000	chr6	-0.081041	0.549793	0.067671	4	0.21688	0.246131	0.386646	0.372786
chr6:167000000-167500000	chr6	0.046053	0.633003	-0.169006	4	0.922009	0.867682	0.867918	0.915415
chr6:167500000-168000000	chr6	0.057018	1.03371	0.145559	4	0.652237	0.61762	0.669097	0.74563
chr6:168000000-168500000	chr6	0.09098	0.067344	-0.180603	3	0.372433	0.292475	0.353076	0.338771
chr6:168500000-169000000	chr6	-0.037262	0.975579	-0.030027	2	-0.401437	-0.336568	-0.313663	-0.266775
chr6:169000000-169500000	chr6	0.202718	0.830719	0.036441	0	-0.552558	-0.650877	-0.61008	-0.419792
chr6:169500000-170000000	chr6	-0.078553	0.591645	-0.051008	1	-0.627209	-0.616805	-0.49455	-0.534714
chr6:170000000-170500000	chr6	-0.029172	0.625903	0.019898	5	0.350334	0.391511	0.451235	0.29931
chr6:170500000-171000000	chr6	0.037413	0.179069	0.043956	5	0.700159	0.676531	0.763678	0.785053
chr7:3000000-3500000	chr7	-0.023458	-0.464377	-0.185062	2	0.434247	0.443211	0.426696	0.540085
chr7:3500000-4000000	chr7	-0.266634	-0.088487	-0.336056	0	-0.415581	-0.390257	-0.295793	-0.147813
chr7:4000000-4500000	chr7	-0.471851	0.502942	-0.209962	0	-0.133507	-0.276322	-0.122023	0.0166009
chr7:4500000-5000000	chr7	-0.393087	-0.017964	-0.136259	5	0.918147	1.04276	0.917301	1.04197
chr7:5000000-5500000	chr7	-0.231721	-0.402218	0.043328	4	1.37019	1.39105	1.35797	1.42955
chr7:5500000-6000000	chr7	0.025319	-0.794641	0.076013	6	1.36735	1.44913	1.3531	1.36451
chr7:6000000-6500000	chr7	0.064944	-0.98777	-0.080912	10	1.32053	1.29491	1.25725	1.35228
chr7:6500000-7000000	chr7	-0.34343	0.225893	-0.057161	9	1.2508	1.27373	1.2661	1.18662
chr7:7000000-7500000	chr7	-0.107418	0.483289	0.12681	1	0.00233063	-0.0725703	0.153808	0.154177
chr7:7500000-8000000	chr7	-0.351677	0.25517	-0.008397	4	0.884902	0.934871	0.820406	0.900392
chr7:8000000-8500000	chr7	0.207134	0.667257	-0.291955	3	0.223229	0.23989	0.0839173	0.336758
chr7:8500000-9000000	chr7	0.52838	0.874229	0.398744	0	-1.16296	-1.19976	-1.14869	-0.925479
chr7:9000000-9500000	chr7	0.143056	0.513829	0.181691	0	-1.35229	-1.37878	-1.42787	-1.31972
chr7:9500000-10000000	chr7	0.0945	0.468866	0.421766	0	-1.34168	-1.42845	-1.3472	-1.38506
chr7:10000000-10500000	chr7	0.322321	0.488431	0.235476	0	-1.41567	-1.30171	-1.45937	-1.29487
chr7:10500000-11000000	chr7	0.082668	0.971606	0.255058	1	-0.977416	-0.901016	-1.19242	-0.864992
chr7:11000000-11500000	chr7	0.122451	0.360197	0.041841	1	-0.159074	-0.106827	-0.240381	-0.0327937
chr7:11500000-12000000	chr7	0.001271	0.443053	0.422142	1	-0.737221	-0.748307	-0.672847	-0.51144
chr7:12000000-12500000	chr7	-0.061685	0.280184	0.007752	2	-1.00859	-1.07165	-1.16884	-1.09315
chr7:12500000-13000000	chr7	-0.230533	0.116385	-0.049531	3	-1.13416	-1.22829	-1.31171	-1.10817
chr7:13000000-13500000	chr7	-0.120469	0.143365	-0.119232	0	-1.30814	-1.26758	-1.34124	-1.20856
chr7:13500000-14000000	chr7	0.121836	0.076551	0.140833	0	-1.25981	-1.29111	-1.27858	-1.2878
chr7:14000000-14500000	chr7	0.15278	0.002297	0.309569	1	-1.20319	-1.23971	-1.29544	-1.12845
chr7:14500000-15000000	chr7	0.149995	-0.037135	0.561151	1	-1.24649	-1.31951	-1.33236	-1.18445
chr7:15000000-15500000	chr7	0.00235	0.162002	-0.061282	0	-1.32678	-1.36286	-1.36834	-1.41459
chr7:15500000-16000000	chr7	0.159774	0.021614	0.297782	2	-1.38944	-1.33803	-1.41031	-1.2995
chr7:16000000-16500000	chr7	-0.215874	0.284087	-0.171866	1	-1.35025	-1.41716	-1.42056	-1.2866
chr7:16500000-17000000	chr7	-0.227379	-0.49093	-0.374436	7	-1.12299	-1.24185	-1.19256	-1.31029
chr7:17000000-17500000	chr7	-0.251673	-0.903263	-0.289804	1	0.68074	0.657192	0.506556	0.438396
chr7:17500000-18000000	chr7	0.168399	-0.925991	-0.168316	1	-0.178305	-0.151062	-0.180844	-0.0769595
chr7:18000000-18500000	chr7	-0.121399	-0.661869	0.043488	1	-1.25152	-1.18794	-1.31242	-1.15443
chr7:18500000-19000000	chr7	-0.108705	-0.667979	0.122293	1	-1.27534	-1.28047	-1.47223	-1.29206
chr7:19000000-19500000	chr7	-0.007853	-0.33774	-0.100419	2	-1.35401	-1.37274	-1.47235	-1.49535
chr7:19500000-20000000	chr7	0.514839	-0.014528	0.160962	2	-1.19158	-1.17963	-1.2256	-1.23828
chr7:20000000-20500000	chr7	0.153091	0.05341	0.133961	2	0.582889	0.642877	0.531255	0.740768
chr7:20500000-21000000	chr7	0.141193	0.608476	0.020401	2	-1.26872	-1.26329	-1.18943	-1.21464
chr7:21000000-21500000	chr7	0.209236	0.711317	0.167786	1	-0.342917	-0.369369	-0.353196	-0.182917
chr7:21500000-22000000	chr7	-0.048904	0.662237	-0.075033	2	-0.636124	-0.408194	-0.50987	-0.33412
chr7:22000000-22500000	chr7	0.082624	0.438895	0.074984	1	-0.589665	-0.413764	-0.759865	-0.51668
chr7:22500000-23000000	chr7	-0.226631	-0.471899	-0.167886	3	0.420117	0.558597	0.278499	0.342184
chr7:23000000-23500000	chr7	0.044849	-0.990422	-0.209338	5	1.32663	1.38571	1.29625	1.40413
chr7:23500000-24000000	chr7	-0.083247	-0.497918	-0.147901	5	1.27796	1.21533	1.11465	0.998932
chr7:24000000-24500000	chr7	-0.07765	0.050575	-0.101876	1	1.2462	1.13595	0.73015	0.755508
chr7:24500000-25000000	chr7	-0.182201	-0.266094	-0.200243	2	1.32279	1.32558	1.22867	1.26743
chr7:25000000-25500000	chr7	-0.022259	0.380337	-0.267832	4	0.684621	0.548509	0.619537	0.822415
chr7:25500000-26000000	chr7	-0.145846	0.727109	-0.090579	0	0.0577475	-0.128118	-0.0441763	0.219648
chr7:26000000-26500000	chr7	-0.17921	0.406511	-0.071347	4	1.39931	1.33305	1.32292	1.23849
chr7:26500000-27000000	chr7	-0.047366	0.803754	0.062486	1	0.79011	0.502414	0.52038	0.47009
chr7:27000000-27500000	chr7	-0.148591	-0.007895	-0.126177	12	0.0402193	0.0240376	0.0980864	0.29144
chr7:27500000-28000000	chr7	0.074279	-0.887852	0.008354	2	0.817387	0.893747	0.941695	0.700575
chr7:28000000-28500000	chr7	-0.014641	-0.897455	-0.227503	2	0.38887	0.318473	0.344289	0.220204
chr7:28500000-29000000	chr7	0.029541	-0.849311	-0.348182	1	0.189355	0.0720696	0.187072	0.097503
chr7:29000000-29500000	chr7	-0.076875	-0.597592	-0.105017	2	-0.662512	-0.627923	-0.544114	-0.531061
chr7:29500000-30000000	chr7	-0.113645	-0.590034	-0.179733	2	-0.328236	-0.455637	-0.295303	-0.452177
chr7:30000000-30500000	chr7	-0.07511	-0.954238	0.034425	5	1.33758	1.25586	1.2486	1.28248
chr7:30500000-31000000	chr7	-0.264905	-0.018068	-0.319097	7	0.557511	0.685222	0.612616	0.532826
chr7:31000000-31500000	chr7	-0.268584	0.999877	0.0087	3	-0.751781	-0.866602	-0.809709	-0.750981
chr7:31500000-32000000	chr7	0.009122	0.987875	0.017596	2	-0.907348	-1.03676	-0.691187	-0.740824
chr7:32000000-32500000	chr7	0.073634	0.837043	0.139171	1	-0.883944	-0.917285	-0.700683	-0.722136
chr7:32500000-33000000	chr7	-0.226073	-0.12275	-0.149127	4	0.563529	0.58124	0.616423	0.685256
chr7:33000000-33500000	chr7	-0.216569	0.106456	-0.041373	3	-0.0565414	-0.0154232	0.228882	0.183999
chr7:33500000-34000000	chr7	-0.229046	0.351072	-0.36948	1	-0.352953	-0.493242	-0.364517	-0.301976
chr7:34000000-34500000	chr7	-0.066841	0.415832	0.015879	0	-1.08463	-1.146	-1.17047	-1.19192
chr7:34500000-35000000	chr7	-0.132471	0.67476	0.184218	1	-1.21762	-1.27084	-1.22342	-1.10452
chr7:35000000-35500000	chr7	-0.154127	0.078157	0.14499	2	-0.783137	-0.812834	-0.709232	-0.700367
chr7:35500000-36000000	chr7	-0.093931	-0.428261	0.018231	2	0.839211	0.793017	0.786148	0.842937
chr7:36000000-36500000	chr7	-0.232906	-0.174187	-0.307802	3	0.656982	0.771814	0.761286	0.405011
chr7:36500000-37000000	chr7	-0.068832	0.377532	-0.311157	1	0.00240707	0.0263642	-0.0856472	-0.00860683
chr7:37000000-37500000	chr7	0.346539	0.603216	-0.246618	1	0.583458	0.705473	0.726421	0.601094
chr7:37500000-38000000	chr7	0.273586	0.754963	-0.119661	4	0.708643	0.706719	0.586302	0.447524
chr7:38000000-38500000	chr7	0.037101	0.55681	-0.031822	2	0.695715	0.655473	0.791598	0.688322
chr7:38500000-39000000	chr7	0.01182	0.513407	0.068899	2	-0.342822	-0.273216	-0.554559	-0.370258
chr7:39000000-39500000	chr7	0.181925	0.483134	-0.083273	1	-0.946444	-0.94972	-0.918334	-0.71977
chr7:39500000-40000000	chr7	-0.047041	-0.637352	-0.129835	3	0.824901	0.819872	0.740106	0.642549
chr7:40000000-40500000	chr7	0.188283	-1.17057	-0.059905	2	-0.0665627	-0.0947986	-0.288361	-0.168308
chr7:40500000-41000000	chr7	0.012935	-0.964956	0.021461	0	-1.14525	-1.09385	-1.097	-1.00777
chr7:41000000-41500000	chr7	0.23766	-1.22823	-0.163463	0	-0.494102	-0.505392	-0.57598	-0.68438
chr7:41500000-42000000	chr7	-0.234382	-0.785187	-0.08435	1	-0.0968086	-0.400343	-0.260608	-0.17468
chr7:42000000-42500000	chr7	-0.463515	-0.417378	-0.220849	1	-0.841438	-0.878673	-0.837476	-0.759106
chr7:42500000-43000000	chr7	-0.14115	-0.485979	-0.149953	3	-0.624428	-0.725915	-0.81144	-0.473138
chr7:43000000-43500000	chr7	-0.168558	-0.51997	-0.246688	1	0.79873	0.582407	0.525312	0.530326
chr7:43500000-44000000	chr7	-0.252654	-0.796648	0.125318	6	1.25508	1.36662	1.35117	1.46988
chr7:44000000-44500000	chr7	-0.114801	-0.519807	-0.071484	10	1.38503	1.32074	1.39732	1.49227
chr7:44500000-45000000	chr7	-0.1735	-0.813361	-0.111796	9	1.46194	1.43932	1.48388	1.60339
chr7:45000000-45500000	chr7	-0.370523	0.092076	-0.087723	5	0.979528	0.93992	0.892009	0.932346
chr7:45500000-46000000	chr7	-0.285487	0.141168	0.008682	4	0.183773	0.331866	0.140935	0.106176
chr7:46000000-46500000	chr7	-0.045197	-0.877879	-0.061733	0	0.598527	0.501855	0.107551	-0.0290861
chr7:46500000-47000000	chr7	0.142568	-0.976175	-0.000635	0	-0.0988803	-0.11749	-0.812239	-0.611256
chr7:47000000-47500000	chr7	-0.121866	-0.548165	-0.12615	0	-0.371708	-0.415743	-0.566944	-0.694889
chr7:47500000-48000000	chr7	-0.107082	-0.365441	-0.241877	2	-0.307021	-0.351043	-0.382393	-0.414771
chr7:48000000-48500000	chr7	-0.154377	0.153267	-0.136586	5	-0.835052	-0.702669	-0.650502	-0.742902
chr7:48500000-49000000	chr7	0.28252	0.689869	0.040875	1	-1.30612	-1.37182	-1.21779	-1.35259
chr7:49000000-49500000	chr7	0.105604	0.756378	0.313012	0	0.353598	0.336185	-0.378102	-0.2492
chr7:49500000-50000000	chr7	0.117384	0.833477	0.12824	1	-0.00835695	-0.190349	-0.732746	-0.495542
chr7:50000000-50500000	chr7	0.135483	0.899545	-0.030006	3	0.57084	0.56386	0.632927	0.760432
chr7:50500000-51000000	chr7	-0.27478	0.813312	-0.217314	3	-0.52504	-0.680779	-0.479803	-0.61922
chr7:51000000-51500000	chr7	-0.29875	0.776917	-0.026793	1	-0.792121	-0.775066	-0.890741	-0.926197
chr7:51500000-52000000	chr7	0.00151	1.01833	-0.004068	0	-1.3228	-1.27961	-1.2468	-1.41289
chr7:52000000-52500000	chr7	-0.059266	0.50088	0.098456	0	-0.983382	-0.93414	-0.968394	-0.800175
chr7:52500000-53000000	chr7	0.297829	0.135132	0.072998	0	-1.07989	-1.04238	-0.658334	-0.666799
chr7:53000000-53500000	chr7	0.259337	0.337251	0.40454	1	-1.38237	-1.44958	-1.40567	-1.36168
chr7:53500000-54000000	chr7	0.229613	0.619912	0.23609	0	-1.44528	-1.49795	-1.45041	-1.50141
chr7:54000000-54500000	chr7	0.332582	0.634448	0.198789	0	-1.43716	-1.38582	-1.41096	-1.47443
chr7:54500000-55000000	chr7	-0.074108	0.545636	0.034898	2	-1.05645	-1.06844	-1.06447	-1.04613
chr7:55000000-55500000	chr7	-0.177828	-0.04497	-0.35657	2	0.418303	0.417521	0.167239	0.280032
chr7:55500000-56000000	chr7	-0.105422	0.398523	-0.089442	3	0.48156	0.547836	0.428863	0.568534
chr7:56000000-56500000	chr7	0.060251	0.467968	0.155093	8	0.219876	0.168951	0.192954	0.196485
chr7:56500000-57000000	chr7	-0.172839	0.968528	0.144647	0	-0.436058	-0.468927	-0.428255	-0.360066
chr7:57000000-57500000	chr7	-0.152065	0.91221	0.22288	1	-0.354417	-0.453838	-0.402988	-0.427885
chr7:57500000-58000000	chr7	0.129685	0.895963	0.364097	1	-0.829965	-0.820795	-0.774163	-0.806777
chr7:62000000-62500000	chr7	-0.327579	0.856719	0.24462	0	-0.547809	-0.592644	-0.598825	-0.625739
chr7:62500000-63000000	chr7	0.174883	0.629937	0.253769	0	-0.770693	-0.820663	-0.642026	-0.723696
chr7:63000000-63500000	chr7	0.017183	0.870306	0.031741	1	-0.368917	-0.465157	-0.389708	-0.384263
chr7:63500000-64000000	chr7	-0.050363	0.625926	-0.029929	4	-0.535823	-0.450953	-0.360218	-0.531048
chr7:64000000-64500000	chr7	-0.199727	0.395924	-0.287088	6	0.511618	0.582717	0.604458	0.7461
chr7:64500000-65000000	chr7	-0.109441	-0.212109	-0.029399	1	0.826764	0.605909	0.835146	0.993318
chr7:65000000-65500000	chr7	-0.267011	-0.273584	-0.354531	2	1.12135	1.11551	1.06856	1.15591
chr7:65500000-66000000	chr7	-0.225349	-0.590832	-0.022716	3	1.26071	1.33099	1.26804	1.32352
chr7:66000000-66500000	chr7	-0.022976	-0.772734	-0.23058	5	1.46478	1.44202	1.44843	1.65185
chr7:66500000-67000000	chr7	-0.120612	-0.08289	-0.213832	1	0.765231	0.802857	0.812621	0.834369
chr7:67000000-67500000	chr7	0.15807	0.503355	-0.106517	0	0.0776071	0.095168	0.0925773	0.0851052
chr7:67500000-68000000	chr7	-0.083778	0.561315	-0.18618	0	-0.0556491	-0.0362654	0.0958507	0.103008
chr7:68000000-68500000	chr7	-0.012747	0.166572	-0.141682	0	0.0892068	0.0721211	0.0698586	0.190817
chr7:68500000-69000000	chr7	-0.009259	0.380334	-0.19376	0	0.604383	0.52311	0.379836	0.215634
chr7:69000000-69500000	chr7	0.031571	-0.210361	-0.19308	1	1.22493	1.2439	1.20639	1.30425
chr7:69500000-70000000	chr7	0.293299	-0.118492	-0.044226	0	0.798684	0.822293	0.845426	0.903147
chr7:70000000-70500000	chr7	0.104994	0.289223	-0.063616	0	0.598341	0.636841	0.57805	0.753696
chr7:70500000-71000000	chr7	0.098089	0.764616	-0.000189	1	0.103848	0.15371	0.124791	0.191602
chr7:71000000-71500000	chr7	-0.059952	0.675178	-0.038482	0	0.887228	0.938577	0.794934	0.948976
chr7:71500000-72000000	chr7	0.030265	0.705926	-0.056798	1	1.27189	1.25039	1.2402	1.30482
chr7:72000000-72500000	chr7	0.006457	-0.645672	-0.127817	2	0.960791	0.981946	0.980545	1.07603
chr7:72500000-73000000	chr7	0.008515	-0.872946	-0.163194	9	1.33766	1.33364	1.35124	1.50619
chr7:73000000-73500000	chr7	-0.204386	-0.702163	-0.078338	12	1.23806	1.25402	1.25117	1.30355
chr7:73500000-74000000	chr7	-0.050332	-0.832689	-0.081646	5	1.40235	1.3841	1.44527	1.43631
chr7:74000000-74500000	chr7	0.024721	-1.01424	0.110047	6	1.40478	1.31866	1.33756	1.40507
chr7:74500000-75000000	chr7	0.031679	-0.871799	-0.142712	4	0.796524	0.679274	0.802845	0.741506
chr7:75000000-75500000	chr7	-0.157133	-0.701947	-0.21527	6	1.39073	1.42663	1.3863	1.51735
chr7:75500000-76000000	chr7	-0.083137	-0.716449	-0.069313	8	1.39727	1.39958	1.41328	1.52612
chr7:76000000-76500000	chr7	-0.223359	-0.20017	0.02921	6	1.06225	1.13462	0.993706	1.04201
chr7:76500000-77000000	chr7	-0.465821	-0.134679	-0.211063	4	0.594278	0.658564	0.582685	0.655802
chr7:77000000-77500000	chr7	-0.168761	-1.11744	-0.058339	5	0.542474	0.617583	0.563345	0.579831
chr7:77500000-78000000	chr7	-0.366449	-0.074501	-0.044186	0	-0.940812	-0.961077	-0.994338	-0.85101
chr7:78000000-78500000	chr7	-0.130191	-0.249736	-0.119517	0	-1.46198	-1.50311	-1.50978	-1.54172
chr7:78500000-79000000	chr7	-0.135448	-0.311807	-0.138207	0	-1.51262	-1.51923	-1.54713	-1.60409
chr7:79000000-79500000	chr7	-0.228172	-0.945494	0.050789	1	-1.47989	-1.47334	-1.55533	-1.58203
chr7:79500000-80000000	chr7	-0.115644	-0.944368	-0.007925	1	-1.43665	-1.46595	-1.51298	-1.55891
chr7:80000000-80500000	chr7	0.072516	-1.51438	0.058574	2	-1.43815	-1.44175	-1.4291	-1.59594
chr7:80500000-81000000	chr7	0.030471	-1.25617	0.20926	1	-1.49429	-1.39554	-1.47055	-1.56946
chr7:81000000-81500000	chr7	-0.188756	-0.892845	0.02923	1	-0.113998	-0.13097	-0.0720708	-0.212073
chr7:81500000-82000000	chr7	-0.140537	-0.928423	-0.030361	0	0.596121	0.620782	0.529301	0.536172
chr7:82000000-82500000	chr7	-0.16571	-0.919534	0.102367	1	-0.138381	-0.0396714	-0.17003	-0.00814419
chr7:82500000-83000000	chr7	-0.031367	-0.372444	-0.051488	1	-1.50314	-1.50284	-1.53288	-1.57365
chr7:83000000-83500000	chr7	-0.168284	-0.207771	-0.019614	1	-0.858365	-0.769301	-0.90744	-0.996656
chr7:83500000-84000000	chr7	-0.168293	-1.03956	-0.075079	1	-0.364932	-0.38425	-0.638734	-0.715165
chr7:84000000-84500000	chr7	-0.289008	-0.693327	-0.197681	0	-1.25292	-1.15605	-1.31568	-1.26934
chr7:84500000-85000000	chr7	-0.064059	-0.606027	0.110467	1	-1.36143	-1.41783	-1.47673	-1.42757
chr7:85000000-85500000	chr7	-0.10384	-0.306411	0.186757	0	-1.47303	-1.46707	-1.40774	-1.41827
chr7:85500000-86000000	chr7	0.366818	0.611358	0.654563	0	-1.53216	-1.52104	-1.536	-1.60293
chr7:86000000-86500000	chr7	0.250655	1.03766	0.363673	1	-1.20035	-1.25173	-1.33787	-1.3478
chr7:86500000-87000000	chr7	-0.066296	0.553426	0.170029	4	-0.387877	-0.360499	-0.378482	-0.337987
chr7:87000000-87500000	chr7	-0.062729	0.620567	-0.015602	3	-0.80401	-0.580625	-0.627488	-0.681204
chr7:87500000-88000000	chr7	0.114083	0.835905	-0.026632	5	0.318767	0.39748	0.277625	0.346897
chr7:88000000-88500000	chr7	0.375129	0.95541	0.512051	2	-1.13735	-1.16516	-1.21427	-1.21387
chr7:88500000-89000000	chr7	0.254494	0.631337	0.393617	0	-1.28612	-1.41269	-1.45842	-1.60308
chr7:89000000-89500000	chr7	0.180512	0.843868	0.509092	0	-1.57945	-1.55205	-1.5584	-1.55855
chr7:89500000-90000000	chr7	0.026642	0.472679	-0.081419	5	-0.649119	-0.744015	-0.892273	-0.604377
chr7:90000000-90500000	chr7	-0.189804	0.01826	-0.246277	3	0.516807	0.610221	0.43892	0.626573
chr7:90500000-91000000	chr7	-0.281348	0.350416	-0.383946	1	-0.636258	-0.566564	-0.713321	-0.523467
chr7:91000000-91500000	chr7	-0.013214	0.681651	-0.096247	0	-1.38028	-1.42022	-1.3977	-1.35487
chr7:91500000-92000000	chr7	0.040022	-0.741764	0.215863	6	0.885646	0.977273	0.843303	0.96588
chr7:92000000-92500000	chr7	0.114772	-0.939616	-0.285915	6	0.713861	0.704914	0.526544	0.56313
chr7:92500000-93000000	chr7	-0.132236	-0.186686	0.013935	4	-0.178226	-0.292424	-0.478554	-0.512404
chr7:93000000-93500000	chr7	0.21435	0.450122	0.015117	1	-1.44823	-1.41005	-1.50322	-1.44424
chr7:93500000-94000000	chr7	-0.011303	-0.240426	-0.049548	4	0.196865	0.159127	-0.0459505	0.12101
chr7:94000000-94500000	chr7	-0.069874	-0.100352	-0.041326	4	-0.933142	-1.06901	-1.13551	-0.900161
chr7:94500000-95000000	chr7	0.114667	0.570923	-0.049092	2	-1.37122	-1.37975	-1.40533	-1.17925
chr7:95000000-95500000	chr7	-0.128269	0.732934	0.008856	5	-0.744062	-0.843641	-0.754125	-0.706532
chr7:95500000-96000000	chr7	-0.063669	0.921009	0.018065	1	-0.92411	-0.790691	-1.02965	-1.03038
chr7:96000000-96500000	chr7	0.009157	1.01255	0.090684	1	-1.14844	-1.21426	-1.26717	-1.14276
chr7:96500000-97000000	chr7	0.098777	0.989644	0.129956	3	-0.69227	-0.79998	-0.922269	-0.892337
chr7:97000000-97500000	chr7	0.140483	1.24998	0.093068	1	-0.940153	-1.01081	-1.07866	-0.973495
chr7:97500000-98000000	chr7	-0.524931	0.602083	0.007489	6	0.981423	0.951674	0.960776	0.971393
chr7:98000000-98500000	chr7	-0.075713	0.679187	-0.132144	4	0.895362	0.705972	0.639836	0.825824
chr7:98500000-99000000	chr7	-0.01077	-0.537828	-0.153267	5	1.47697	1.42673	1.38153	1.4592
chr7:99000000-99500000	chr7	-0.185988	-0.264692	-0.136345	17	1.34458	1.37901	1.34595	1.45953
chr7:99500000-100000000	chr7	-0.120403	-0.765846	-0.097051	21	1.45522	1.38911	1.43612	1.597
chr7:100000000-100500000	chr7	-0.183488	-0.799008	0.065393	24	1.36699	1.39721	1.35551	1.55823
chr7:100500000-101000000	chr7	-0.257897	-0.642002	0.034088	14	1.31891	1.26625	1.2723	1.4485
chr7:101000000-101500000	chr7	-0.104532	-0.706711	0.169789	3	1.28805	1.19827	1.22543	1.34477
chr7:101500000-102000000	chr7	0.190052	-0.768296	-0.133155	2	1.45447	1.45515	1.3934	1.52399
chr7:102000000-102500000	chr7	-0.236931	-0.409241	-0.264002	14	0.702071	0.798834	0.770528	0.829739
chr7:102500000-103000000	chr7	-0.203298	0.012622	-0.364428	7	0.885617	0.859396	0.826687	0.934439
chr7:103000000-103500000	chr7	0.034044	0.397084	-0.289678	1	-0.824643	-0.85457	-0.796914	-0.674096
chr7:103500000-104000000	chr7	-0.367358	0.842548	-0.003979	3	-0.654057	-0.754141	-0.840132	-0.638069
chr7:104000000-104500000	chr7	0.310652	1.0972	0.321607	0	-0.743468	-0.900722	-0.825698	-0.76873
chr7:104500000-105000000	chr7	-0.05651	-0.911698	-0.079073	1	1.29893	1.34479	1.25706	1.25423
chr7:105000000-105500000	chr7	-0.304623	-0.372984	-0.1	4	1.22979	1.20734	1.17053	1.32258
chr7:105500000-106000000	chr7	-0.054954	-0.626688	-0.23769	4	1.25399	1.13645	1.18518	1.1596
chr7:106000000-106500000	chr7	0.09573	-0.753313	-0.278905	1	1.05913	1.02637	1.04921	1.18579
chr7:106500000-107000000	chr7	-0.111112	-0.785636	-0.113716	3	0.80927	0.79262	0.792147	0.789935
chr7:107000000-107500000	chr7	-0.201643	-0.999753	0.132725	7	0.985539	0.983884	0.923519	0.7716
chr7:107500000-108000000	chr7	-0.009498	-0.606425	-0.130514	3	0.57516	0.584838	0.520825	0.620675
chr7:108000000-108500000	chr7	0.00566	0.218115	-0.15767	4	-0.608121	-0.596141	-0.796236	-0.644209
chr7:108500000-109000000	chr7	0.384971	0.805126	0.323001	0	-1.54913	-1.55229	-1.58475	-1.71182
chr7:109000000-109500000	chr7	0.198356	0.617397	0.348091	0	-1.5404	-1.49663	-1.50085	-1.60214
chr7:109500000-110000000	chr7	-0.05302	0.608158	0.177029	0	-1.46019	-1.47525	-1.53311	-1.58332
chr7:110000000-110500000	chr7	0.13401	0.653769	0.280652	0	-1.37035	-1.37082	-1.5188	-1.46824
chr7:110500000-111000000	chr7	-0.122123	0.058146	0.074593	1	-0.201342	-0.0466166	-0.133736	-0.0562263
chr7:111000000-111500000	chr7	-0.100811	0.332059	-0.32127	1	-0.391202	-0.400652	-0.597949	-0.384361
chr7:111500000-112000000	chr7	-0.471924	0.022644	-0.349678	2	0.000373963	-0.0586935	-0.490556	-0.409554
chr7:112000000-112500000	chr7	-0.103033	0.012888	0.015484	4	-0.4781	-0.47807	-0.536498	-0.501486
chr7:112500000-113000000	chr7	0.234478	-0.186787	0.242928	3	-0.859346	-0.660772	-0.497583	-0.496779
chr7:113000000-113500000	chr7	0.582323	0.380256	0.3155	0	-1.49709	-1.50503	-1.51878	-1.44081
chr7:113500000-114000000	chr7	0.05256	0.691855	0.382246	1	-1.07561	-1.1259	-1.28326	-1.10478
chr7:114000000-114500000	chr7	0.022565	0.354864	0.09938	1	-0.843802	-0.663626	-0.836267	-0.817181
chr7:114500000-115000000	chr7	-0.072853	-0.353171	-0.159168	1	-0.874568	-0.779783	-0.871677	-0.809178
chr7:115000000-115500000	chr7	0.019221	0.114193	-0.065627	0	-1.40493	-1.41117	-1.37183	-1.14544
chr7:115500000-116000000	chr7	0.062549	-0.683063	-0.148033	2	-1.30252	-1.3566	-1.34278	-1.39243
chr7:116000000-116500000	chr7	-0.069198	-0.881813	-0.060611	3	-1.01197	-0.962916	-0.997753	-0.960601
chr7:116500000-117000000	chr7	-0.013092	-0.733119	0.061866	3	1.01114	1.0103	0.969494	1.05957
chr7:117000000-117500000	chr7	0.034556	0.259097	0.137361	2	1.00141	0.905245	0.937784	1.01254
chr7:117500000-118000000	chr7	0.133354	0.516806	0.166106	3	-0.538885	-0.302096	-0.377101	-0.355935
chr7:118000000-118500000	chr7	0.39144	0.791277	0.451447	0	-1.56129	-1.56245	-1.52307	-1.59354
chr7:118500000-119000000	chr7	0.63555	0.578291	0.71005	0	-1.48672	-1.54833	-1.5444	-1.61993
chr7:119000000-119500000	chr7	0.22527	0.368511	0.269499	0	-1.528	-1.51153	-1.57883	-1.44887
chr7:119500000-120000000	chr7	0.230466	0.485959	0.477188	1	-1.31073	-1.23978	-1.33849	-1.33075
chr7:120000000-120500000	chr7	0.215036	0.633726	0.088872	1	-0.0825277	-0.169641	-0.283023	-0.274369
chr7:120500000-121000000	chr7	-0.101313	0.066501	-0.09641	3	-0.298744	-0.165189	-0.457733	-0.30573
chr7:121000000-121500000	chr7	-0.012038	0.64099	0.199446	1	-0.520225	-0.505387	-0.577052	-0.454996
chr7:121500000-122000000	chr7	0.103036	0.692794	0.376797	3	-1.48138	-1.43388	-1.52797	-1.57213
chr7:122000000-122500000	chr7	0.163984	1.22604	0.480086	2	-1.5236	-1.5431	-1.48684	-1.43374
chr7:122500000-123000000	chr7	0.493124	0.669465	0.399217	3	-1.21069	-1.23177	-1.18213	-1.25892
chr7:123000000-123500000	chr7	0.183371	-0.025437	0.11962	6	-0.76908	-0.791409	-0.773629	-0.87284
chr7:123500000-124000000	chr7	0.300261	0.644894	0.208604	2	-1.28656	-1.41871	-1.33886	-1.32923
chr7:124000000-124500000	chr7	0.114841	0.271149	0.04949	2	-1.26973	-1.30124	-1.40474	-1.21311
chr7:124500000-125000000	chr7	0.239598	0.645026	0.078425	1	-0.102764	-0.183133	-1.06762	-1.07772
chr7:125000000-125500000	chr7	0.246706	0.743028	0.641052	0	0.143561	0.0883061	-1.0982	-0.664867
chr7:125500000-126000000	chr7	0.379281	0.646988	0.504141	0	0.537639	0.639924	0.343031	0.164695
chr7:126000000-126500000	chr7	0.046629	0.653668	0.207025	0	0.66303	0.631631	0.492966	0.562641
chr7:126500000-127000000	chr7	0.253307	0.878441	0.284029	1	-1.05151	-1.1361	-1.25365	-1.22295
chr7:127000000-127500000	chr7	0.08866	-0.214114	0.027126	6	0.606438	0.501467	0.264528	0.367994
chr7:127500000-128000000	chr7	0.002612	-0.390698	-0.152215	3	0.584217	0.718984	0.384563	0.466452
chr7:128000000-128500000	chr7	0.019165	-0.900161	-0.114688	10	1.46065	1.46506	1.33192	1.45902
chr7:128500000-129000000	chr7	0.198201	-1.13281	0.109414	8	1.44977	1.49134	1.446	1.52695
chr7:129000000-129500000	chr7	0.041145	-1.16046	-0.153341	4	1.45786	1.43518	1.34723	1.40312
chr7:129500000-130000000	chr7	0.158728	-1.12822	-0.161315	8	1.43264	1.48978	1.45736	1.62272
chr7:130000000-130500000	chr7	-0.218304	-0.734082	-0.298899	6	1.35106	1.33174	1.28177	1.10016
chr7:130500000-131000000	chr7	-0.08997	-1.06687	-0.206292	0	1.35695	1.33894	1.27253	1.21336
chr7:131000000-131500000	chr7	-0.215755	-0.481684	-0.049034	2	1.04224	1.0029	0.85212	0.836356
chr7:131500000-132000000	chr7	-0.209266	0.744382	-0.361419	0	-0.112351	-0.237446	-0.165316	-0.190006
chr7:132000000-132500000	chr7	-0.051419	0.524041	-0.322164	1	0.0224047	-0.0131204	0.136753	-0.0969071
chr7:132500000-133000000	chr7	0.071828	-0.158078	-0.026734	2	0.927545	0.91702	1.05073	0.617813
chr7:133000000-133500000	chr7	-0.292884	-0.357084	-0.019268	0	0.606138	0.523549	0.365253	0.164282
chr7:133500000-134000000	chr7	-0.012705	0.093102	0.02803	1	0.107693	0.11978	-0.0907444	0.0864157
chr7:134000000-134500000	chr7	-0.113392	-0.598873	-0.01943	6	0.299781	0.449077	0.176958	0.24537
chr7:134500000-135000000	chr7	-0.045003	-0.6112	0.206174	5	0.923784	1.13549	0.892478	1.04927
chr7:135000000-135500000	chr7	-0.077641	-0.660405	-0.278884	5	0.88203	0.833214	0.707616	0.425976
chr7:135500000-136000000	chr7	0.203687	-0.067213	0.047735	1	-0.784423	-0.544399	-0.684147	-0.511502
chr7:136000000-136500000	chr7	0.108009	-0.146097	0.085158	0	-1.50486	-1.46475	-1.52173	-1.56809
chr7:136500000-137000000	chr7	0.137686	-0.811037	0.058741	1	-1.53891	-1.53861	-1.56358	-1.59678
chr7:137000000-137500000	chr7	0.009365	-0.506078	-0.05051	1	-1.29343	-1.26159	-1.32017	-1.16212
chr7:137500000-138000000	chr7	0.224228	-0.418718	0.141939	3	0.184662	0.264094	0.0740053	0.259084
chr7:138000000-138500000	chr7	-0.077022	0.014659	-0.305428	4	-0.0995144	-0.0138182	-0.0968842	0.107896
chr7:138500000-139000000	chr7	-0.144147	-0.475407	-0.09739	5	0.94436	0.989215	0.850689	0.902108
chr7:139000000-139500000	chr7	-0.288891	-0.449126	-0.350245	5	1.32387	1.23747	1.15237	1.18378
chr7:139500000-140000000	chr7	-0.244702	-0.332324	-0.240783	3	1.22959	1.38631	1.30387	1.24845
chr7:140000000-140500000	chr7	-0.231745	-0.012536	-0.432774	6	1.23526	1.2043	1.25384	0.984143
chr7:140500000-141000000	chr7	-0.051425	0.991589	-0.150859	3	1.16018	1.13659	1.17638	0.98886
chr7:141000000-141500000	chr7	-0.130972	1.21928	0.009731	7	0.772482	0.778897	0.847136	0.867665
chr7:141500000-142000000	chr7	-0.044639	1.22715	-0.01862	7	-0.665197	-0.87438	-0.906789	-0.871275
chr7:142000000-142500000	chr7	0.020868	1.07236	0.074173	1	-0.260901	-0.405319	-0.533446	-0.338941
chr7:142500000-143000000	chr7	-0.017594	1.21679	0.035838	13	-0.0373694	-0.0302687	-0.369109	-0.0399952
chr7:143000000-143500000	chr7	-0.266651	0.510892	-0.133735	9	-0.24718	-0.255938	-0.308549	-0.300037
chr7:143500000-144000000	chr7	0.066975	0.429579	0.125065	14	-0.919468	-0.84496	-0.967222	-0.873757
chr7:144000000-144500000	chr7	0.107629	1.26573	0.680119	3	-1.41999	-1.36498	-1.35248	-1.16597
chr7:144500000-145000000	chr7	0.398496	0.780718	0.341157	1	-1.38527	-1.41786	-1.41903	-1.43954
chr7:145000000-145500000	chr7	0.321577	0.780531	0.289558	0	-1.5091	-1.40899	-1.47809	-1.47543
chr7:145500000-146000000	chr7	0.291697	0.611163	0.31177	1	-1.49599	-1.52592	-1.48945	-1.5561
chr7:146000000-146500000	chr7	0.288619	0.598017	0.379443	0	-1.49373	-1.52859	-1.53098	-1.52374
chr7:146500000-147000000	chr7	0.352877	0.353641	0.496162	0	-1.50003	-1.5043	-1.49578	-1.45516
chr7:147000000-147500000	chr7	0.306051	0.652982	0.084162	0	-1.52658	-1.48544	-1.51609	-1.53864
chr7:147500000-148000000	chr7	0.28548	0.780067	-0.055574	0	-1.34834	-1.3488	-1.30663	-1.39815
chr7:148000000-148500000	chr7	0.038786	0.180021	-0.234661	2	0.255252	0.229525	0.303954	0.384251
chr7:148500000-149000000	chr7	-0.066745	-0.358561	-0.127563	8	1.28168	1.26582	1.23654	1.31046
chr7:149000000-149500000	chr7	-0.055033	0.235694	0.048603	4	1.18424	1.26137	1.18966	1.26722
chr7:149500000-150000000	chr7	0.07679	0.882535	0.261774	2	0.567177	0.401012	0.568356	0.428415
chr7:150000000-150500000	chr7	0.263614	0.725272	0.104321	15	1.292	1.32038	1.18932	1.19892
chr7:150500000-151000000	chr7	-0.080068	0.142794	0.089363	19	1.2944	1.24954	1.2221	1.22262
chr7:151000000-151500000	chr7	0.239909	-0.796544	-0.206103	4	1.22957	1.23969	1.16485	1.20733
chr7:151500000-152000000	chr7	0.046493	-0.367049	-0.03267	3	1.17992	1.16675	1.17864	1.01344
chr7:152000000-152500000	chr7	-0.16541	-0.089992	-0.296064	3	1.3755	1.36947	1.42989	1.11432
chr7:152500000-153000000	chr7	0.039957	1.21712	0.051432	0	-0.237667	-0.304098	-0.0169928	-0.016814
chr7:153000000-153500000	chr7	0.326312	1.1557	0.317027	0	-0.69537	-0.779827	-0.567115	-0.337237
chr7:153500000-154000000	chr7	-0.028129	1.38062	0.264653	1	-0.607748	-0.620732	-0.380251	-0.59256
chr7:154000000-154500000	chr7	0.036648	1.3369	0.260803	0	-0.66702	-0.609271	-0.353589	-0.320391
chr7:154500000-155000000	chr7	-0.192639	1.431	-0.082353	2	0.668357	0.63555	0.6966	0.569304
chr7:155000000-155500000	chr7	-0.229194	0.935382	-0.088538	4	1.0189	0.948686	1.00134	1.0092
chr7:155500000-156000000	chr7	-0.075392	1.18206	0.010949	1	0.698151	0.64223	0.658062	0.478897
chr7:156000000-156500000	chr7	-0.046581	1.34168	0.086377	1	1.04445	0.850445	1.03148	1.02822
chr7:156500000-157000000	chr7	-0.302702	0.391815	0.031431	4	1.26362	1.20874	1.24433	1.38041
chr7:157000000-157500000	chr7	-0.105605	0.630288	0.279825	1	0.802149	0.599381	0.740938	0.661469
chr7:157500000-158000000	chr7	-0.139931	1.22624	0.219149	0	-0.116026	-0.236785	0.016536	0.0559339
chr7:158000000-158500000	chr7	-0.204585	1.1532	0.304186	2	0.518168	0.466948	0.588672	0.471478
chr7:158500000-159000000	chr7	-0.05985	0.826907	0.068397	3	1.0121	0.982535	1.06624	1.04403
chr8:3000000-3500000	chr8	0.222002	0.784129	0.378064	0	-0.43226	-0.302165	-0.466244	-0.546312
chr8:3500000-4000000	chr8	0.056512	0.890006	0.375511	0	-1.17735	-1.24639	-1.25211	-1.16471
chr8:4000000-4500000	chr8	0.463181	0.533858	0.303392	0	-1.22941	-1.25755	-1.27077	-1.21069
chr8:4500000-5000000	chr8	0.304141	0.639193	0.349044	1	-1.18442	-1.21974	-1.25958	-1.28874
chr8:5000000-5500000	chr8	0.149931	0.966783	0.256183	0	-1.24022	-1.18227	-1.24916	-1.25631
chr8:5500000-6000000	chr8	0.175869	1.00496	0.172459	0	-1.18439	-1.21791	-1.17356	-1.25245
chr8:6000000-6500000	chr8	-0.208572	0.909167	-0.117108	2	0.498043	0.538015	0.413332	0.484229
chr8:6500000-7000000	chr8	-0.306243	1.21869	-0.045148	9	0.472192	0.562114	0.463688	0.531875
chr8:8000000-8500000	chr8	0.000805	-0.65288	0.030794	1	1.2563	1.24479	1.27198	1.36574
chr8:8500000-9000000	chr8	-0.052036	-0.43882	-0.084953	3	1.18898	1.29686	1.32191	1.3281
chr8:9000000-9500000	chr8	-0.086989	0.399764	-0.230968	2	0.729429	0.715343	0.66971	0.692526
chr8:9500000-10000000	chr8	-0.183097	0.722074	-0.003433	1	0.296055	0.254066	0.244626	0.345191
chr8:10000000-10500000	chr8	-0.376748	1.33356	-0.101898	1	0.381132	0.316617	0.193383	0.135876
chr8:10500000-11000000	chr8	-0.457225	0.870548	-0.291168	4	1.0069	0.935826	0.968139	0.970756
chr8:11000000-11500000	chr8	-0.123419	0.031258	0.06741	5	1.44291	1.36434	1.4539	1.42756
chr8:11500000-12000000	chr8	-0.193496	-0.281799	-0.12691	11	1.068	0.917071	0.942648	1.03746
chr8:12500000-13000000	chr8	0.200815	-0.155775	-0.144076	2	-0.211029	-0.228601	-0.121412	-0.059769
chr8:13000000-13500000	chr8	0.064082	-0.995978	-0.032834	2	-1.27611	-1.24706	-1.22002	-1.28743
chr8:13500000-14000000	chr8	0.033896	0.66659	0.493976	0	-1.37961	-1.3622	-1.49384	-1.39544
chr8:14000000-14500000	chr8	0.258078	0.650382	0.621489	0	-1.37456	-1.43573	-1.45106	-1.48795
chr8:14500000-15000000	chr8	0.316708	0.754482	0.169646	0	-1.35587	-1.39979	-1.42195	-1.52112
chr8:15000000-15500000	chr8	0.088186	0.182477	0.059858	2	-1.37718	-1.32916	-1.40496	-1.33157
chr8:15500000-16000000	chr8	-0.046208	0.449304	0.113577	0	-1.42321	-1.29913	-1.41614	-1.34282
chr8:16000000-16500000	chr8	0.001519	-0.192339	0.303899	1	-1.43938	-1.40639	-1.47317	-1.47995
chr8:16500000-17000000	chr8	-0.098021	-0.604848	0.127688	2	-1.41991	-1.38673	-1.42759	-1.38894
chr8:17000000-17500000	chr8	-0.086786	-0.798364	-0.209985	6	-0.546375	-0.427545	-0.76916	-0.764702
chr8:17500000-18000000	chr8	0.049944	-1.06342	-0.140478	4	0.704042	0.788007	0.674116	0.769499
chr8:18000000-18500000	chr8	-0.105796	-0.074389	-0.166408	2	-1.0125	-0.843567	-0.869815	-0.944547
chr8:18500000-19000000	chr8	0.142857	-0.891029	-0.31871	1	-0.934625	-0.812639	-0.967674	-0.946295
chr8:19000000-19500000	chr8	-0.049692	-0.445525	-0.14636	1	-0.851425	-0.954992	-0.953582	-0.918524
chr8:19500000-20000000	chr8	-0.116658	-0.08818	-0.113286	3	-0.542771	-0.358641	-0.552913	-0.377059
chr8:20000000-20500000	chr8	-0.008148	0.387453	-0.060941	3	-0.20736	-0.208521	-0.261912	-0.330462
chr8:20500000-21000000	chr8	0.223578	0.869612	-0.140745	0	-0.219959	-0.250976	-0.333442	-0.203378
chr8:21000000-21500000	chr8	-0.010197	0.954287	0.03864	0	0.630696	0.69281	0.724018	0.670195
chr8:21500000-22000000	chr8	-0.163786	0.316118	-0.017387	10	1.17623	0.971645	1.05878	1.14551
chr8:22000000-22500000	chr8	-0.13692	-0.798509	-0.11677	12	1.43314	1.44411	1.41686	1.38727
chr8:22500000-23000000	chr8	-0.022345	-0.688424	0.105008	6	1.48664	1.49163	1.49406	1.55719
chr8:23000000-23500000	chr8	-0.084168	-0.665092	-0.040371	7	1.43296	1.34109	1.29455	1.29196
chr8:23500000-24000000	chr8	-0.023759	-0.238028	-0.225541	3	-0.635571	-0.739775	-0.682496	-0.626062
chr8:24000000-24500000	chr8	0.228415	0.083438	0.18576	3	-0.853426	-0.854864	-0.85296	-0.849996
chr8:24500000-25000000	chr8	-0.171336	0.445897	-0.098219	2	-1.03433	-1.15085	-1.07444	-1.00364
chr8:25000000-25500000	chr8	0.059165	-0.2667	-0.164733	4	0.0909089	0.168175	-0.0193956	-0.130669
chr8:25500000-26000000	chr8	0.036665	0.393868	-0.221035	1	-0.906131	-0.82451	-0.936842	-0.748828
chr8:26000000-26500000	chr8	0.030727	-0.395384	-0.120917	4	0.908805	1.07313	0.853615	0.759737
chr8:26500000-27000000	chr8	0.169317	0.471849	0.089632	1	-0.580982	-0.574958	-0.766496	-0.725626
chr8:27000000-27500000	chr8	-0.510627	0.739146	-0.039872	7	0.919594	0.874581	0.833563	0.821564
chr8:27500000-28000000	chr8	-0.253503	0.013827	-0.240131	6	1.08991	1.17446	1.0324	1.25742
chr8:28000000-28500000	chr8	-0.256658	-0.413145	-0.380286	4	1.20906	1.19678	1.21175	1.18969
chr8:28500000-29000000	chr8	-0.046806	-1.10359	-0.177834	3	1.30562	1.4437	1.47141	1.46649
chr8:29000000-29500000	chr8	0.289401	-1.09796	-0.276275	2	1.43355	1.43866	1.43606	1.47062
chr8:29500000-30000000	chr8	-0.021756	-0.943681	-0.14534	2	1.19812	1.13573	1.15652	1.1192
chr8:30000000-30500000	chr8	-0.125701	-0.929212	0.031958	4	0.837253	0.807768	0.604514	0.66498
chr8:30500000-31000000	chr8	-0.121956	-0.379322	0.013713	7	1.20585	1.26177	1.2501	1.06388
chr8:31000000-31500000	chr8	0.037356	0.631088	-0.081495	0	-0.815777	-0.847408	-1.22095	-1.04838
chr8:31500000-32000000	chr8	-0.252651	0.645583	-0.086073	0	-1.4647	-1.38728	-1.40918	-1.50777
chr8:32000000-32500000	chr8	-0.236564	-0.213337	-0.107565	1	-1.32059	-1.28887	-1.31254	-1.32147
chr8:32500000-33000000	chr8	0.175681	-0.456251	-0.168596	1	-0.981116	-0.947134	-1.148	-1.16925
chr8:33000000-33500000	chr8	-0.130894	0.123067	-0.40546	5	0.274192	0.193566	0.109858	0.126713
chr8:33500000-34000000	chr8	0.206162	1.02696	-0.031286	0	-1.20174	-1.17647	-1.25262	-1.18303
chr8:34000000-34500000	chr8	0.204084	0.980897	0.239327	0	-1.38036	-1.37666	-1.43537	-1.50017
chr8:34500000-35000000	chr8	0.032457	0.36528	-0.114205	0	-1.36699	-1.35894	-1.36603	-1.36504
chr8:35000000-35500000	chr8	-0.190171	0.502095	-0.121267	1	-1.27072	-1.28488	-1.32101	-1.2573
chr8:35500000-36000000	chr8	-0.002493	1.06982	0.264757	0	-1.01737	-1.04347	-1.04024	-1.00904
chr8:36000000-36500000	chr8	-0.209264	1.15783	0.018352	0	-1.34886	-1.25053	-1.35524	-1.208
chr8:36500000-37000000	chr8	-0.03628	-0.073673	0.008127	1	-0.768549	-0.702577	-0.681106	-0.725692
chr8:37000000-37500000	chr8	-0.174288	-0.002046	-0.352898	0	-0.159963	-0.0532278	-0.120019	-0.121058
chr8:37500000-38000000	chr8	0.060412	-0.624718	-0.279405	10	1.34811	1.29644	1.34939	1.39359
chr8:38000000-38500000	chr8	0.026417	-1.11093	-0.198807	8	1.38396	1.37313	1.2952	1.32086
chr8:38500000-39000000	chr8	-0.107185	-0.923908	0.103951	6	1.23736	1.21394	1.36979	1.35156
chr8:39000000-39500000	chr8	-0.213582	-0.237724	0.108493	1	-0.424021	-0.388538	0.704137	0.62291
chr8:39500000-40000000	chr8	-0.024599	-0.306046	-0.130241	3	-1.12363	-1.08359	-0.660906	-0.399812
chr8:40000000-40500000	chr8	-0.15126	-0.701256	-0.297323	1	-1.17542	-1.14692	-1.15698	-1.14697
chr8:40500000-41000000	chr8	-0.484981	-0.131662	-0.310861	1	-0.927098	-0.845314	-0.929183	-0.824833
chr8:41000000-41500000	chr8	-0.156762	-0.552389	-0.416281	4	0.251847	0.301445	0.221265	0.474097
chr8:41500000-42000000	chr8	-0.106328	-0.534774	0.040818	3	1.09113	1.13453	1.10141	1.12219
chr8:42000000-42500000	chr8	-0.048093	-0.714875	-0.052584	9	1.31736	1.34018	1.32883	1.43716
chr8:42500000-43000000	chr8	-0.131393	-0.535729	-0.121346	8	1.19297	1.18868	1.2403	1.31756
chr8:43000000-43500000	chr8	0.179802	0.906739	0.112794	1	-0.634759	-0.689132	-0.662966	-0.589602
chr8:43500000-44000000	chr8	0.057875	0.778468	0.311157	0	-0.610427	-0.624382	-0.578878	-0.516843
chr8:47000000-47500000	chr8	-0.21256	1.61512	0.644172	0	-0.512706	-0.567507	-0.656876	-0.607972
chr8:47500000-48000000	chr8	0.151724	1.28133	-0.000148	0	-1.19265	-1.13152	-1.13927	-1.30212
chr8:48000000-48500000	chr8	-0.161156	0.442055	0.284541	1	0.51588	0.546682	0.36499	0.472601
chr8:48500000-49000000	chr8	-0.378939	0.085522	0.13763	4	1.19341	1.15483	1.14701	1.19408
chr8:49000000-49500000	chr8	0.027043	-0.256246	-0.068788	0	-0.822985	-0.903694	-0.849835	-0.662076
chr8:49500000-50000000	chr8	-0.017644	-0.00784	-0.358108	3	-0.295035	-0.437445	-0.374397	-0.404632
chr8:50000000-50500000	chr8	0.454813	0.628963	0.623161	0	0.632981	0.570585	0.487307	0.365439
chr8:50500000-51000000	chr8	0.299044	0.735614	0.322674	1	-1.32244	-1.23915	-1.3245	-1.24737
chr8:51000000-51500000	chr8	0.351514	0.518888	0.282478	0	-1.25339	-1.24614	-1.14809	-1.30256
chr8:51500000-52000000	chr8	0.145847	0.594844	0.5164	0	-0.936338	-0.908725	-0.546057	-0.63823
chr8:52000000-52500000	chr8	-0.071156	0.829153	0.385099	0	0.503371	0.502244	0.667228	0.705981
chr8:52500000-53000000	chr8	0.017232	0.670766	0.118816	2	0.386952	0.330027	0.490775	0.304007
chr8:53000000-53500000	chr8	0.127145	0.72877	-0.017738	2	-1.29748	-1.26897	-1.36421	-1.27197
chr8:53500000-54000000	chr8	0.086066	0.407204	0.055376	2	-0.249731	-0.356696	0.0258442	-0.117034
chr8:54000000-54500000	chr8	0.136681	1.19876	0.210299	1	-1.30372	-1.29656	-1.2269	-1.15723
chr8:54500000-55000000	chr8	-0.280027	0.187041	-0.0926	3	0.92216	1.01935	0.977997	1.04309
chr8:55000000-55500000	chr8	-0.070466	0.362103	-0.047519	3	-0.790116	-0.832956	-0.89814	-0.58762
chr8:55500000-56000000	chr8	0.115145	0.828357	0.476706	1	-1.31718	-1.23456	-1.40691	-1.32091
chr8:56000000-56500000	chr8	0.123222	1.25244	0.262413	1	-0.946536	-0.913827	-0.960755	-0.842281
chr8:56500000-57000000	chr8	-0.15831	0.39445	-0.216651	4	0.996305	0.898945	0.963317	1.13076
chr8:57000000-57500000	chr8	0.203593	0.81541	-0.140926	5	-0.849037	-0.935649	-1.03872	-0.994737
chr8:57500000-58000000	chr8	-0.015761	0.542013	0.421131	1	-0.626559	-0.786213	-1.1989	-0.984955
chr8:58000000-58500000	chr8	-0.023697	0.727386	0.10097	0	-0.328145	-0.26704	-0.468566	-0.164642
chr8:58500000-59000000	chr8	-0.022162	0.198521	-0.135218	1	-0.756202	-0.86919	-1.11666	-0.998385
chr8:59000000-59500000	chr8	-0.104719	-0.008245	0.043244	3	1.05662	0.994438	0.942514	0.763703
chr8:59500000-60000000	chr8	-0.20629	-0.168247	-0.005581	1	-0.650254	-0.483297	-0.282005	-0.381764
chr8:60000000-60500000	chr8	0.16766	0.02713	-0.249374	1	-1.46799	-1.48998	-1.4319	-1.4736
chr8:60500000-61000000	chr8	-0.03252	0.303241	-0.024834	0	-1.49773	-1.50686	-1.46612	-1.48432
chr8:61000000-61500000	chr8	-0.097896	0.566197	0.079635	2	-0.416202	-0.578992	-0.653953	-0.546419
chr8:61500000-62000000	chr8	-0.264794	-0.243812	-0.148501	1	1.31784	1.35765	1.3234	1.38222
chr8:62000000-62500000	chr8	-0.023188	0.80568	-0.036824	1	-0.481272	-0.533256	-0.393374	-0.65405
chr8:62500000-63000000	chr8	0.081754	0.24437	0.404314	1	-0.888667	-0.795639	-0.655449	-0.735649
chr8:63000000-63500000	chr8	0.333036	0.882813	0.185577	1	-1.42053	-1.43179	-1.42287	-1.39803
chr8:63500000-64000000	chr8	0.2829	0.914532	0.082662	2	-0.719347	-0.842783	-0.963607	-0.947257
chr8:64000000-64500000	chr8	-0.10849	0.856597	0.025524	1	-0.860385	-0.944351	-0.853249	-0.64048
chr8:64500000-65000000	chr8	0.312788	0.833148	0.507991	0	-1.51442	-1.55135	-1.51287	-1.53309
chr8:65000000-65500000	chr8	0.075968	1.15638	0.487836	1	-1.4627	-1.38777	-1.33893	-1.41966
chr8:65500000-66000000	chr8	0.213186	1.03495	0.400471	1	0.782059	0.814406	0.828298	0.665999
chr8:66000000-66500000	chr8	0.168421	1.27959	0.139185	0	-1.37236	-1.34359	-1.30439	-1.31021
chr8:66500000-67000000	chr8	-0.026574	0.083985	-0.023053	4	1.26029	1.20942	1.19798	1.3139
chr8:67000000-67500000	chr8	-0.113584	-0.02139	-0.072887	5	0.323106	0.353687	0.436477	0.338973
chr8:67500000-68000000	chr8	-0.098816	-0.397522	-0.213022	8	0.877274	0.881515	0.620479	0.821601
chr8:68000000-68500000	chr8	-0.121811	-0.007487	0.041149	1	0.763588	0.645221	0.616087	0.588314
chr8:68500000-69000000	chr8	0.130859	0.956369	-0.017498	2	-1.18437	-1.2172	-1.20362	-1.1117
chr8:69000000-69500000	chr8	-0.025584	0.816946	0.212962	1	-1.50315	-1.51678	-1.53342	-1.54377
chr8:69500000-70000000	chr8	-0.153866	-0.313578	0.109254	0	-1.55941	-1.52411	-1.58704	-1.60015
chr8:70000000-70500000	chr8	0.045182	-0.245879	0.053693	1	-1.46681	-1.4791	-1.52713	-1.49745
chr8:70500000-71000000	chr8	-0.027718	0.793404	0.017894	2	0.923654	0.933752	0.952349	0.81128
chr8:71000000-71500000	chr8	-0.080076	-0.003736	-0.112594	1	1.29732	1.33781	1.31024	1.38771
chr8:71500000-72000000	chr8	0.226329	0.785757	0.232549	3	-0.619753	-0.660659	-0.345406	-0.213365
chr8:72000000-72500000	chr8	0.021021	0.751844	0.157416	1	-1.45535	-1.38055	-1.44237	-1.39904
chr8:72500000-73000000	chr8	0.142014	0.253131	-0.161066	2	0.380637	0.352705	0.137135	0.209014
chr8:73000000-73500000	chr8	0.263701	0.96147	0.170652	1	-1.18173	-1.16447	-1.2546	-1.13141
chr8:73500000-74000000	chr8	0.016172	1.11399	0.137554	1	-0.889762	-0.822427	-1.1187	-0.934874
chr8:74000000-74500000	chr8	-0.136697	-0.011533	0.199124	4	0.653042	0.48964	0.301822	0.257653
chr8:74500000-75000000	chr8	-0.214802	-0.438132	0.012839	5	1.31158	1.29616	1.2131	1.34268
chr8:75000000-75500000	chr8	-0.041711	0.477876	-0.117394	2	-1.25181	-1.2921	-1.30097	-1.28301
chr8:75500000-76000000	chr8	0.041145	0.437816	0.230845	3	-1.55467	-1.52329	-1.56772	-1.64054
chr8:76000000-76500000	chr8	0.226458	0.353	0.479919	1	-0.777269	-0.895021	-0.972754	-0.852448
chr8:76500000-77000000	chr8	0.005239	0.163481	0.316597	0	-0.794435	-0.755014	-0.555882	-0.644249
chr8:77000000-77500000	chr8	0.026028	0.059343	0.193482	0	-1.42064	-1.3323	-1.41699	-1.41559
chr8:77500000-78000000	chr8	-0.153396	-0.169836	-0.145566	2	-0.870882	-0.877789	-1.12297	-0.757048
chr8:78000000-78500000	chr8	0.189681	0.175868	0.470343	0	-1.32771	-1.3808	-1.34929	-1.23415
chr8:78500000-79000000	chr8	0.238581	0.874151	0.683013	0	-1.46551	-1.51079	-1.45951	-1.50619
chr8:79000000-79500000	chr8	0.173984	0.576716	0.183466	1	-1.41505	-1.46711	-1.44509	-1.48537
chr8:79500000-80000000	chr8	0.032055	0.391549	-0.01604	2	-0.764757	-0.762549	-0.748967	-0.560715
chr8:80000000-80500000	chr8	-0.121452	0.447262	-0.229384	0	-1.56264	-1.53202	-1.51928	-1.61079
chr8:80500000-81000000	chr8	-0.137031	-0.542479	-0.191921	3	0.404055	0.447871	0.376556	0.435499
chr8:81000000-81500000	chr8	-0.188174	-0.002119	-0.152716	2	0.976893	1.04043	0.995782	0.982741
chr8:81500000-82000000	chr8	-0.291465	0.19938	-0.128096	1	-0.158066	-0.119838	-0.291519	-0.230534
chr8:82000000-82500000	chr8	-0.038977	-0.240705	0.268413	6	-0.098042	0.0665635	-0.261636	-0.368096
chr8:82500000-83000000	chr8	-0.047633	0.330695	0.229257	5	-0.810452	-0.761532	-0.849153	-0.680826
chr8:83000000-83500000	chr8	-0.068896	0.14479	0.434694	0	-1.50719	-1.56313	-1.53187	-1.60228
chr8:83500000-84000000	chr8	0.138016	-0.229797	0.287293	0	-1.53589	-1.53731	-1.53209	-1.54724
chr8:84000000-84500000	chr8	0.018595	0.480661	0.405315	0	-1.48559	-1.48559	-1.47066	-1.38578
chr8:84500000-85000000	chr8	0.412886	0.437828	0.57703	0	-1.53577	-1.53321	-1.41791	-1.51486
chr8:85000000-85500000	chr8	0.488568	0.374064	0.462189	1	-1.53958	-1.56672	-1.56391	-1.58263
chr8:85500000-86000000	chr8	0.420288	0.676571	0.174488	0	-0.431657	-0.493493	-0.512291	-0.332517
chr8:86000000-86500000	chr8	0.166002	0.574314	0.234257	7	0.0712623	0.203709	0.24541	0.405552
chr8:87000000-87500000	chr8	0.144897	0.12202	-0.003951	4	-0.606009	-0.817457	-0.613887	-0.517472
chr8:87500000-88000000	chr8	-0.075042	1.00317	0.110208	4	0.808893	0.710687	0.794511	0.814373
chr8:88000000-88500000	chr8	0.496522	0.739929	0.580923	0	0.174666	0.27973	-0.104919	-0.259656
chr8:88500000-89000000	chr8	0.007535	0.386173	0.06769	1	-0.977534	-0.982087	-1.2865	-1.32353
chr8:89000000-89500000	chr8	0.092752	-0.339963	-0.048343	1	-1.42305	-1.42824	-1.41334	-1.36738
chr8:89500000-90000000	chr8	-0.311125	0.08383	-0.140036	0	-1.44375	-1.47897	-1.50103	-1.50999
chr8:90000000-90500000	chr8	-0.069801	0.113334	-0.041322	0	-0.988714	-0.905815	-0.541917	-0.392569
chr8:90500000-91000000	chr8	-0.174065	-0.443926	-0.212337	3	1.07756	1.07487	1.15424	1.21389
chr8:91000000-91500000	chr8	0.046775	0.416658	0.273745	2	-0.00287489	-0.011995	0.337595	0.49391
chr8:91500000-92000000	chr8	0.079603	-0.070751	0.02864	3	0.116446	0.0312311	0.237587	0.239808
chr8:92000000-92500000	chr8	0.028709	0.076373	-0.014105	4	-0.927979	-0.789174	-1.04051	-0.785372
chr8:92500000-93000000	chr8	0.453132	0.191505	0.212128	0	-1.54843	-1.57604	-1.56801	-1.48819
chr8:93000000-93500000	chr8	-0.071579	-0.459587	-0.12771	1	-1.53794	-1.488	-1.50661	-1.56645
chr8:93500000-94000000	chr8	-0.02327	-0.730607	-0.057994	1	-1.41366	-1.4259	-1.40607	-1.4485
chr8:94000000-94500000	chr8	0.096129	0.327032	-0.164713	0	-1.48233	-1.51216	-1.51835	-1.4697
chr8:94500000-95000000	chr8	0.053034	-0.507523	-0.102495	4	0.525252	0.555473	0.374269	0.407812
chr8:95000000-95500000	chr8	-0.077232	-0.814645	-0.023528	4	1.43602	1.48186	1.3952	1.46952
chr8:95500000-96000000	chr8	-0.044595	-0.86717	-0.061969	6	1.38244	1.40163	1.37654	1.46109
chr8:96000000-96500000	chr8	-0.269064	-0.52465	-0.189538	3	1.07462	1.17656	1.11968	1.116
chr8:96500000-97000000	chr8	-0.419629	-0.590419	-0.073986	0	-1.18942	-1.13697	-1.08477	-1.04638
chr8:97000000-97500000	chr8	0.088612	-0.988379	-0.244831	4	-0.545227	-0.51107	-0.43488	-0.556922
chr8:97500000-98000000	chr8	0.001446	-0.968468	-0.092981	2	-1.3302	-1.40641	-1.38828	-1.28801
chr8:98000000-98500000	chr8	-0.117005	-0.78445	0.017737	1	-1.18776	-1.06943	-1.31617	-1.07694
chr8:98500000-99000000	chr8	0.153965	-1.29238	-0.11229	3	0.977958	0.999978	1.01641	1.01116
chr8:99000000-99500000	chr8	0.004476	-1.00683	0.082074	6	1.37761	1.30107	1.33824	1.25374
chr8:99500000-100000000	chr8	0.0681	-1.22382	-0.127255	2	1.38078	1.4153	1.32075	1.21129
chr8:100000000-100500000	chr8	0.102867	-1.37734	0.065889	1	1.37122	1.35843	1.29604	1.41449
chr8:100500000-101000000	chr8	-0.134818	-0.767898	-0.267737	1	1.29762	1.40683	1.26116	1.2609
chr8:101000000-101500000	chr8	-0.059612	-0.974612	-0.200547	5	1.4507	1.4266	1.39218	1.42711
chr8:101500000-102000000	chr8	0.082855	-1.06818	-0.340304	4	1.43602	1.41772	1.36213	1.42528
chr8:102000000-102500000	chr8	0.096611	-1.05609	0.076777	1	1.3355	1.28324	1.30519	1.35658
chr8:102500000-103000000	chr8	-0.02872	-0.688776	-0.098206	2	1.34069	1.30708	1.3479	1.30091
chr8:103000000-103500000	chr8	-0.038422	-0.954264	-0.114929	2	1.52145	1.46492	1.46665	1.51353
chr8:103500000-104000000	chr8	-0.066132	-0.844637	-0.012258	3	1.5039	1.49396	1.48593	1.65133
chr8:104000000-104500000	chr8	-0.140567	-0.582282	-0.150146	6	0.594674	0.596517	0.584435	0.664083
chr8:104500000-105000000	chr8	-0.05053	-0.057592	0.136068	1	-1.33753	-1.22151	-1.29051	-1.2543
chr8:105000000-105500000	chr8	0.156205	-0.165196	0.033912	2	-0.0740153	-0.150257	-0.270261	-0.332012
chr8:105500000-106000000	chr8	0.168579	0.006109	-0.10071	1	-0.112131	0.0379738	-0.0261232	-0.265151
chr8:106000000-106500000	chr8	0.43542	-0.499388	0.21768	1	-1.41126	-1.46298	-1.46123	-1.49227
chr8:106500000-107000000	chr8	-0.163692	-0.622912	-0.133453	0	-1.43548	-1.44624	-1.49734	-1.51608
chr8:107000000-107500000	chr8	-0.245738	-0.53118	-0.377657	1	-1.41826	-1.43373	-1.35092	-1.49121
chr8:107500000-108000000	chr8	-0.06918	-0.384843	0.077212	1	-1.08591	-1.0316	-1.07125	-1.09727
chr8:108000000-108500000	chr8	-0.128495	-0.076053	-0.21131	0	-1.46926	-1.43736	-1.33545	-1.39985
chr8:108500000-109000000	chr8	-0.175584	0.683853	0.075894	1	-1.41511	-1.41146	-1.39314	-1.35914
chr8:109000000-109500000	chr8	0.128183	0.501733	0.190796	3	0.110592	0.0401482	0.0473584	0.058817
chr8:109500000-110000000	chr8	0.287652	0.843877	0.224192	1	-0.965059	-0.931626	-0.946601	-0.720792
chr8:110000000-110500000	chr8	-0.085596	0.710033	0.113371	4	0.121487	0.294204	0.02897	0.127376
chr8:110500000-111000000	chr8	0.096558	0.604956	-0.051846	3	-0.292174	-0.427728	-0.324806	-0.252184
chr8:111000000-111500000	chr8	0.395028	0.258857	0.289505	0	-1.37178	-1.35156	-1.32697	-1.4021
chr8:111500000-112000000	chr8	-0.036027	-0.212986	0.195119	0	-1.41788	-1.35983	-1.34397	-1.47542
chr8:112000000-112500000	chr8	0.196003	0.388514	0.331658	0	-1.40719	-1.4099	-1.36388	-1.35155
chr8:112500000-113000000	chr8	0.316355	0.674078	0.262747	0	-1.28523	-1.30181	-1.41479	-1.27227
chr8:113000000-113500000	chr8	-0.069641	0.543086	0.246092	0	-1.32296	-1.36124	-1.29583	-1.38338
chr8:113500000-114000000	chr8	-0.085722	0.52405	0.145084	0	-1.31916	-1.3251	-1.35956	-1.41081
chr8:114000000-114500000	chr8	0.00809	0.611197	0.635629	1	-1.13781	-1.23256	-1.25564	-1.26508
chr8:114500000-115000000	chr8	0.031855	0.836177	0.604199	0	0.643235	0.732025	-0.241204	-0.265334
chr8:115000000-115500000	chr8	0.094498	0.580034	0.511577	0	0.724986	0.797166	0.484103	0.402887
chr8:115500000-116000000	chr8	-0.02884	-0.053891	0.268589	0	-1.01512	-0.949	-1.30771	-1.35038
chr8:116000000-116500000	chr8	-0.144609	-0.555831	-0.084608	0	-1.23464	-1.28848	-1.30736	-1.31178
chr8:116500000-117000000	chr8	-0.322989	-0.837761	-0.063517	1	-1.37179	-1.37014	-1.4669	-1.41904
chr8:117000000-117500000	chr8	-0.164498	-0.481911	-0.175298	0	-1.33702	-1.40616	-1.37108	-1.32925
chr8:117500000-118000000	chr8	-0.245588	-0.668345	-0.171063	4	0.252008	0.511126	0.26604	0.466841
chr8:118000000-118500000	chr8	-0.38963	-0.06847	-0.041883	1	-0.927218	-1.05771	-1.11648	-1.16388
chr8:118500000-119000000	chr8	0.106138	-0.787827	-0.300108	1	0.0325801	0.126293	0.024922	-0.152373
chr8:119000000-119500000	chr8	0.106406	-0.913515	-0.138604	1	0.669071	0.573133	0.599258	0.64171
chr8:119500000-120000000	chr8	-0.22776	-0.378753	-0.151784	2	0.43726	0.549132	0.765028	0.795854
chr8:120000000-120500000	chr8	-0.252329	0.445305	-0.209231	3	-1.17212	-1.18386	-1.06256	-1.00338
chr8:120500000-121000000	chr8	-0.353534	0.535707	-0.416449	4	0.265732	0.331918	0.381896	0.460998
chr8:121000000-121500000	chr8	-0.243867	0.494146	-0.102059	3	-1.01782	-0.975777	-1.09241	-1.16985
chr8:121500000-122000000	chr8	-0.247284	0.404656	-0.429249	1	-1.03964	-0.977351	-0.953548	-0.846647
chr8:122000000-122500000	chr8	-0.20106	-0.158021	-0.229112	0	-1.43208	-1.43576	-1.46632	-1.47143
chr8:122500000-123000000	chr8	-0.065751	-0.60301	-0.0291	1	-1.37683	-1.36331	-1.42738	-1.27835
chr8:123000000-123500000	chr8	-0.160288	-0.133711	-0.226265	0	-1.33055	-1.36132	-1.34874	-1.14327
chr8:123500000-124000000	chr8	-0.069189	-0.281494	-0.396714	1	0.212697	0.31247	0.333655	0.331954
chr8:124000000-124500000	chr8	-0.183754	-0.88542	-0.390353	7	1.2726	1.23148	1.21253	1.21143
chr8:124500000-125000000	chr8	0.013668	-0.841562	-0.523963	5	0.691289	0.533615	0.716344	0.762891
chr8:125000000-125500000	chr8	-0.214491	-0.789296	-0.419533	3	0.104353	-0.0355282	0.129254	0.185087
chr8:125500000-126000000	chr8	-0.020631	-0.149793	-0.604454	4	0.945703	0.998635	0.994439	0.857305
chr8:126000000-126500000	chr8	0.002626	-1.01058	0.142455	4	1.38161	1.43109	1.35491	1.43328
chr8:126500000-127000000	chr8	-0.061754	-0.240354	-0.406632	0	0.329091	0.287475	0.264037	0.414294
chr8:127000000-127500000	chr8	-0.032336	-0.123153	-0.177317	0	-0.961575	-0.934106	-0.986107	-0.925017
chr8:127500000-128000000	chr8	-0.057971	-0.383763	-0.181735	1	-0.453079	-0.535227	-0.472924	-0.61868
chr8:128000000-128500000	chr8	-0.223821	-0.274569	-0.467768	2	1.07446	1.11327	0.961485	0.959262
chr8:128500000-129000000	chr8	0.060783	-0.55566	-0.310594	2	1.13706	1.16698	0.991209	1.09476
chr8:129000000-129500000	chr8	0.098289	-0.858918	-0.4015	0	0.122925	0.102842	0.0228155	0.159228
chr8:129500000-130000000	chr8	0.030939	-0.959148	-0.159553	0	-0.423253	-0.419751	-0.605254	-0.614556
chr8:130000000-130500000	chr8	0.113658	-0.985188	-0.301335	0	0.757035	0.77734	0.527618	0.344423
chr8:130500000-131000000	chr8	0.008488	-0.931379	-0.012985	1	0.603506	0.554118	0.516147	0.523673
chr8:131000000-131500000	chr8	0.035281	-0.850998	-0.302908	2	1.06269	1.10245	1.12111	1.06309
chr8:131500000-132000000	chr8	0.012994	-0.197363	-0.134767	0	-0.62784	-0.723037	-0.779985	-0.759512
chr8:132000000-132500000	chr8	0.205725	0.934023	0.236948	1	-1.33566	-1.26557	-1.35437	-1.32476
chr8:132500000-133000000	chr8	0.277764	0.457581	0.097807	1	-0.832097	-0.825559	-0.689934	-0.721744
chr8:133000000-133500000	chr8	-0.083354	1.42979	0.039943	3	-0.696206	-0.722043	-0.719286	-0.723684
chr8:133500000-134000000	chr8	-0.111551	0.530404	0.001629	4	-0.0350625	-0.0811	0.0103064	-0.132965
chr8:134000000-134500000	chr8	-0.199943	0.098978	-0.168666	3	0.238337	0.321506	0.430569	0.593104
chr8:134500000-135000000	chr8	-0.140062	0.497843	-0.12336	1	1.0472	0.993252	1.09092	1.10997
chr8:135000000-135500000	chr8	-0.051735	1.1832	0.121874	0	0.458745	0.585412	0.292155	0.185008
chr8:135500000-136000000	chr8	-0.336754	0.781264	-0.16322	1	0.841844	0.728667	0.81291	0.757048
chr8:136000000-136500000	chr8	0.034231	1.18558	0.267023	1	-0.772476	-0.65532	-0.72165	-0.655292
chr8:136500000-137000000	chr8	-0.082558	0.858247	-0.153652	0	0.0968886	-0.00682816	-0.0811185	-0.0647077
chr8:137000000-137500000	chr8	0.441995	0.609064	0.300982	0	1.13944	1.1478	1.10479	1.04275
chr8:137500000-138000000	chr8	0.442261	0.487942	0.491967	0	0.554466	0.540916	0.587011	0.640228
chr8:138000000-138500000	chr8	0.139088	0.373145	0.361793	0	-0.922779	-0.918681	-0.904984	-1.07215
chr8:138500000-139000000	chr8	0.35392	0.964634	0.463146	0	0.0837937	0.0828959	-0.00780605	-0.0611217
chr8:139000000-139500000	chr8	0.184967	1.51722	0.190054	0	-0.623106	-0.563117	-0.536315	-0.497654
chr8:139500000-140000000	chr8	0.234663	1.17207	0.099731	2	-0.579959	-0.720831	-0.594903	-0.528072
chr8:140000000-140500000	chr8	0.102292	1.24865	0.214563	0	-0.485719	-0.461357	-0.473972	-0.535064
chr8:140500000-141000000	chr8	-0.214205	1.48497	0.332105	1	0.0163898	-0.201028	7.81982e-05	-0.0517913
chr8:141000000-141500000	chr8	0.02709	0.692803	-0.144634	1	0.530251	0.560138	0.520239	0.470785
chr8:141500000-142000000	chr8	-0.03337	-0.857951	0.16695	2	1.12866	1.09556	1.024	0.958792
chr8:142000000-142500000	chr8	-0.208915	-0.093987	0.049092	5	1.19796	1.23881	1.16242	1.21986
chr8:142500000-143000000	chr8	-0.260137	0.877596	-1.2e-05	1	0.305035	0.280876	0.178122	0.195682
chr8:143000000-143500000	chr8	-0.243821	0.692012	0.280833	1	0.300691	0.410423	0.203931	0.23811
chr8:143500000-144000000	chr8	-0.272389	0.339595	0.217163	14	0.566554	0.648248	0.418074	0.509325
chr8:144000000-144500000	chr8	-0.363173	0.025744	0.18081	10	0.872991	0.919982	0.829761	0.910989
chr8:144500000-145000000	chr8	-0.021345	-0.590972	0.341196	19	1.11726	1.08239	1.09184	1.15057
chr8:145000000-145500000	chr8	-0.152742	-0.727408	0.510448	15	0.857302	1.00119	1.03557	0.953161
chr8:145500000-146000000	chr8	-0.220578	-0.671986	0.41445	24	0.974001	1.02114	1.05642	1.03611
chr8:146000000-146364022	chr8	0.024854	-0.60418	-0.157628	8	0.974499	1.03918	1.02566	0.788857
chr9:3000000-3500000	chr9	-0.144567	-0.39644	-0.196649	0	0.201035	0.180436	0.139691	0.264972
chr9:3500000-4000000	chr9	-0.080953	-0.310259	-0.066842	1	0.218029	0.100198	-0.131229	-0.375155
chr9:4000000-4500000	chr9	-0.289295	-0.374979	0.090633	2	0.0658057	0.146468	0.227771	0.279503
chr9:4500000-5000000	chr9	-0.335724	-0.207199	-0.111087	6	1.28677	1.21318	1.26359	1.32783
chr9:5000000-5500000	chr9	0.015384	-0.233756	0.049648	6	1.05871	1.05153	1.06984	1.02607
chr9:5500000-6000000	chr9	-0.02749	-0.58084	-0.255078	4	1.21689	1.29421	1.24243	1.36244
chr9:6000000-6500000	chr9	0.021461	-0.054545	-0.010758	5	1.14189	1.26666	1.24141	1.31278
chr9:6500000-7000000	chr9	-0.249602	-0.185237	-0.213437	2	1.09912	1.13351	1.21618	1.22002
chr9:7000000-7500000	chr9	0.039612	0.396121	-0.240717	0	-0.493513	-0.505898	-0.655896	-0.459276
chr9:7500000-8000000	chr9	0.265858	0.533962	-0.011005	1	-1.12063	-1.22776	-1.16119	-1.11328
chr9:8000000-8500000	chr9	0.207377	0.389606	0.161917	0	-1.45954	-1.38701	-1.38801	-1.44519
chr9:8500000-9000000	chr9	0.112331	-0.222381	-0.078989	0	-1.47148	-1.27786	-1.48864	-1.42725
chr9:9000000-9500000	chr9	0.336191	0.684	0.225208	0	-1.41669	-1.54426	-1.54772	-1.48055
chr9:9500000-10000000	chr9	0.116022	0.392831	0.288427	0	-1.17903	-1.37221	-1.36269	-1.3477
chr9:10000000-10500000	chr9	0.251191	-0.023192	0.234238	0	-1.42321	-1.30198	-1.5158	-1.05934
chr9:10500000-11000000	chr9	0.30636	0.487125	0.395406	1	-1.44568	-1.34755	-1.43536	-1.41023
chr9:11000000-11500000	chr9	0.442694	0.330201	0.49566	0	-1.38549	-1.2822	-1.48136	-1.3107
chr9:11500000-12000000	chr9	0.450705	0.260999	0.525874	0	-1.3735	-1.42269	-1.40118	-1.30724
chr9:12000000-12500000	chr9	0.213293	0.397074	0.628823	0	-1.26715	-1.38526	-1.19752	-1.22536
chr9:12500000-13000000	chr9	0.029358	-0.336435	0.18994	2	-0.906012	-0.745818	-1.11448	-0.924377
chr9:13000000-13500000	chr9	-0.368414	-0.032416	-0.138162	1	-1.36621	-1.32409	-1.44658	-1.39707
chr9:13500000-14000000	chr9	0.305581	0.437516	-0.026534	0	-1.42497	-1.01433	-1.40856	-1.34113
chr9:14000000-14500000	chr9	-0.041564	-0.199914	0.124999	2	-1.1929	-1.17227	-1.22405	-1.11996
chr9:14500000-15000000	chr9	0.031836	0.720915	0.18797	3	-0.684099	-0.573257	-0.670422	-0.603937
chr9:15000000-15500000	chr9	0.087585	0.339397	-0.095568	2	-0.0168833	0.00859066	-0.268271	-0.148473
chr9:15500000-16000000	chr9	-0.128341	0.068327	0.006932	2	0.177166	0.0809065	-0.417616	-0.33095
chr9:16000000-16500000	chr9	0.002184	-0.28472	-0.43471	0	-0.331305	-0.360879	-0.40217	-0.60508
chr9:16500000-17000000	chr9	0.010183	-0.696555	0.073638	1	-1.12096	-1.01689	-1.14032	-0.854159
chr9:17000000-17500000	chr9	-0.350143	0.163392	-0.122794	1	-1.16036	-1.08108	-1.2549	-1.29351
chr9:17500000-18000000	chr9	-0.136455	0.567691	-0.110174	1	-1.23397	-1.1865	-1.18303	-1.07184
chr9:18000000-18500000	chr9	0.116679	-0.212334	0.11268	1	-1.09231	-1.11418	-1.06689	-1.074
chr9:18500000-19000000	chr9	-0.087416	-0.076227	0.008333	0	-0.783063	-0.498591	-0.700704	-0.59998
chr9:19000000-19500000	chr9	-0.260374	-0.17466	-0.294301	7	1.19946	1.19745	1.25132	1.29894
chr9:19500000-20000000	chr9	0.116198	0.736313	0.22746	1	-1.03556	-1.09516	-1.2605	-1.15702
chr9:20000000-20500000	chr9	-0.124541	0.064922	0.007225	0	-0.119406	-0.110184	-0.254245	-0.304904
chr9:20500000-21000000	chr9	0.141241	-0.870213	-0.042136	2	1.02703	1.13703	1.12272	1.20833
chr9:21000000-21500000	chr9	-0.166939	-0.120432	-0.083215	18	0.192128	0.0800599	0.0707439	0.256935
chr9:21500000-22000000	chr9	-0.002708	-0.468306	-0.180405	3	-1.00699	-0.920609	-0.787611	-0.554616
chr9:22000000-22500000	chr9	-0.072623	-0.423299	-0.026573	2	-1.07245	-1.06685	-0.950772	-0.790187
chr9:22500000-23000000	chr9	0.13795	0.103383	-0.033215	0	-1.28931	-1.45163	-1.19916	-1.39905
chr9:23000000-23500000	chr9	0.015918	0.205431	0.060157	0	-1.21991	-1.38457	-1.30894	-1.19823
chr9:23500000-24000000	chr9	-0.131729	0.462073	-0.101246	1	-0.151014	-0.0507525	-0.119024	0.215428
chr9:24000000-24500000	chr9	0.114954	0.587849	0.109119	0	-1.34528	-1.41393	-1.41216	-0.995613
chr9:24500000-25000000	chr9	0.288876	0.489392	0.509668	1	-1.29699	-1.38287	-1.48314	-1.5416
chr9:25000000-25500000	chr9	0.075841	0.66326	0.391977	0	-1.46504	-1.41811	-1.41818	-1.45536
chr9:25500000-26000000	chr9	0.039563	0.750432	0.302109	1	-1.5307	-1.47502	-1.39913	-1.4723
chr9:26000000-26500000	chr9	-0.132119	0.344438	0.162486	0	-1.34966	-1.52226	-1.36308	-1.26629
chr9:26500000-27000000	chr9	-0.063583	0.68031	-0.129786	3	-0.314254	-0.359878	-0.416485	-0.342775
chr9:27000000-27500000	chr9	-0.395763	0.770028	-0.111758	3	-0.895334	-0.807731	-1.00213	-0.754025
chr9:27500000-28000000	chr9	0.155055	0.883887	0.173532	3	-1.14987	-1.3148	-1.34977	-1.28308
chr9:28000000-28500000	chr9	0.133109	0.837519	0.296356	0	-1.48697	-1.44102	-1.57882	-1.57431
chr9:28500000-29000000	chr9	0.154458	0.433436	0.217368	0	-1.65039	-1.51317	-1.49698	-1.55214
chr9:29000000-29500000	chr9	0.27183	0.129699	0.165714	1	-1.46932	-1.49493	-1.50688	-1.33323
chr9:29500000-30000000	chr9	0.113203	0.248463	0.205689	0	-1.54258	-1.47842	-1.50275	-1.53883
chr9:30000000-30500000	chr9	0.550889	0.352543	0.641847	0	-1.54235	-1.59388	-1.60023	-1.49557
chr9:30500000-31000000	chr9	0.345214	0.401381	0.545924	0	-1.39796	-1.46352	-1.52409	-1.42894
chr9:31000000-31500000	chr9	0.466412	0.195413	0.116059	0	-1.33881	-1.34063	-1.28528	-1.19766
chr9:31500000-32000000	chr9	0.025165	0.677592	0.258159	0	-1.47206	-1.43007	-1.31214	-1.00153
chr9:32000000-32500000	chr9	0.146286	0.717629	-0.13168	1	-1.24937	-1.20803	-1.28046	-1.14827
chr9:32500000-33000000	chr9	0.128228	0.647842	0.138624	6	-0.633911	-0.574172	-0.696097	-0.603048
chr9:33000000-33500000	chr9	-0.045784	-0.654108	-0.050194	11	1.26865	1.17109	1.12223	1.33477
chr9:33500000-34000000	chr9	0.124603	-1.10433	0.041096	3	1.32191	1.2572	1.19203	1.3549
chr9:34000000-34500000	chr9	-0.115454	-0.928816	-0.041764	9	1.45641	1.54041	1.52243	1.44968
chr9:34500000-35000000	chr9	-0.072196	-0.555294	-0.002394	16	1.0981	1.11293	1.03191	1.10309
chr9:35000000-35500000	chr9	0.023546	-0.801711	0.032608	8	0.909204	0.922093	0.740434	0.985985
chr9:35500000-36000000	chr9	-0.054569	-0.952735	0.077082	23	1.54193	1.42574	1.47135	1.52188
chr9:36000000-36500000	chr9	-0.104072	-1.04037	-0.212791	6	1.41952	1.50722	1.38421	1.69382
chr9:36500000-37000000	chr9	-0.15414	-0.526283	-0.147955	1	1.24878	1.31114	1.22986	1.20949
chr9:37000000-37500000	chr9	-0.191895	-0.882023	-0.00166	5	1.37595	1.37911	1.32922	1.41011
chr9:37500000-38000000	chr9	0.068265	-0.678024	-0.222219	7	1.11279	0.836245	1.01146	1.17103
chr9:38000000-38500000	chr9	-0.217676	-0.388331	-0.101162	3	0.685737	0.865637	0.806316	0.875004
chr9:38500000-39000000	chr9	-0.26022	-0.050088	-0.413207	2	-0.700189	-0.585317	-0.600344	-0.391197
chr9:39000000-39500000	chr9	-0.12681	0.109794	0.052638	2	-0.719938	-0.904667	-0.788757	-0.611067
chr9:41500000-42000000	chr9	-0.114937	0.335959	-0.118284	1	-0.171223	-0.209922	-0.21589	-0.155589
chr9:44000000-44500000	chr9	-0.053864	1.00336	0.282815	0	-0.791607	-0.930727	-0.698996	-0.888567
chr9:44500000-45000000	chr9	-0.074286	0.9803	-0.018651	0	-0.478673	-0.673193	-0.577556	-0.499566
chr9:71000000-71500000	chr9	0.351045	0.867481	0.030705	3	0.349579	0.336424	0.112661	0.483703
chr9:71500000-72000000	chr9	0.135708	0.319772	-0.025875	4	0.177242	-0.102388	-0.0332918	0.17231
chr9:72000000-72500000	chr9	0.044968	0.079097	0.16721	3	-1.03822	-1.05184	-1.11714	-1.03664
chr9:72500000-73000000	chr9	-0.176999	-0.431799	-0.089247	2	-0.91636	-0.964718	-0.964146	-0.782712
chr9:73000000-73500000	chr9	0.039974	0.331362	-0.161564	1	-1.15356	-1.19265	-1.29144	-1.17261
chr9:73500000-74000000	chr9	0.130104	0.735076	0.210517	1	-1.54336	-1.56268	-1.66043	-1.63943
chr9:74000000-74500000	chr9	0.053013	0.218321	0.040278	1	-1.26726	-1.35257	-1.37667	-1.43786
chr9:74500000-75000000	chr9	0.123639	0.314412	0.101111	5	-0.621312	-0.54631	-0.667383	-0.659857
chr9:75000000-75500000	chr9	0.101346	0.086966	0.239968	1	-0.5246	-0.450239	-0.827806	-0.539159
chr9:75500000-76000000	chr9	-0.019968	0.369029	0.440183	2	-1.58585	-1.53318	-1.61477	-1.46847
chr9:76000000-76500000	chr9	0.340896	0.534004	0.508559	0	-1.65317	-1.57842	-1.49674	-1.67663
chr9:76500000-77000000	chr9	0.428651	0.775357	0.426347	0	-1.53327	-1.61567	-1.54395	-1.59619
chr9:77000000-77500000	chr9	0.212959	0.818433	0.03044	1	-1.42846	-1.48796	-1.61107	-1.51026
chr9:77500000-78000000	chr9	0.102933	0.596095	0.108399	5	-0.99351	-1.07519	-1.13847	-0.720882
chr9:78000000-78500000	chr9	0.248671	1.05088	0.201851	0	-1.55679	-1.60324	-1.56275	-1.71585
chr9:78500000-79000000	chr9	-0.070636	0.691593	-0.086467	1	-1.41996	-1.38302	-1.42277	-1.59754
chr9:79000000-79500000	chr9	-0.109027	0.402377	-0.189933	3	-0.847796	-0.790088	-0.791874	-0.886989
chr9:79500000-80000000	chr9	0.021785	-0.023746	-0.04354	3	-0.197627	-0.153814	-0.154323	-0.180661
chr9:80000000-80500000	chr9	-0.071654	-0.178394	-0.2432	1	-0.0465063	-0.213693	-0.239113	0.0213026
chr9:80500000-81000000	chr9	-0.0111	-0.149047	0.049325	3	0.208234	0.396819	0.0247994	0.211669
chr9:81000000-81500000	chr9	0.095395	-0.271465	-0.252931	0	-1.48422	-1.38068	-1.48142	-1.56447
chr9:81500000-82000000	chr9	-0.233236	-0.077377	-0.16796	0	-1.54001	-1.57163	-1.65283	-1.71864
chr9:82000000-82500000	chr9	-0.063642	-0.158375	-0.113191	1	-1.04692	-0.927846	-0.853934	-0.797357
chr9:82500000-83000000	chr9	-0.14986	0.131528	-0.008061	0	-1.54443	-1.58277	-1.56463	-1.51614
chr9:83000000-83500000	chr9	0.116326	-0.184775	-0.31331	0	-1.56059	-1.48106	-1.34414	-1.36298
chr9:83500000-84000000	chr9	-0.166324	-0.259818	-0.301843	0	-1.56838	-1.56475	-1.33498	-1.24077
chr9:84000000-84500000	chr9	-0.203026	-0.283271	-0.288485	1	-0.993933	-0.935447	-0.35478	0.199909
chr9:84500000-85000000	chr9	-0.118339	-0.068918	0.048322	3	-0.680555	-0.569136	0.128348	0.0438013
chr9:85000000-85500000	chr9	0.187066	0.266517	-0.173888	0	-1.54264	-1.44265	-1.45182	-1.36367
chr9:85500000-86000000	chr9	-0.107186	0.59462	0.128891	1	-1.43215	-1.49106	-1.44716	-1.452
chr9:86000000-86500000	chr9	-0.174591	0.436797	0.044333	4	0.144797	0.195783	0.124305	0.219431
chr9:86500000-87000000	chr9	-0.00182	0.031631	-0.146992	5	0.74912	0.792793	0.764618	0.740847
chr9:87000000-87500000	chr9	-0.038111	0.663804	0.173443	1	-0.500051	-0.282762	-0.717307	-0.545122
chr9:87500000-88000000	chr9	0.029973	0.341124	-0.235503	0	-0.102948	-0.107459	-0.316389	-0.0950874
chr9:88000000-88500000	chr9	-0.024198	0.155327	-0.112712	1	0.510466	0.61009	0.708091	0.340451
chr9:88500000-89000000	chr9	-0.07067	-0.129808	-0.305005	5	0.724727	0.832717	0.913755	0.810929
chr9:89000000-89500000	chr9	-0.362577	-0.411753	-0.179487	0	-0.996581	-0.832092	-0.650358	-0.528055
chr9:89500000-90000000	chr9	0.058103	-0.641741	-0.16509	1	-1.06569	-1.08659	-0.925215	-0.70509
chr9:90000000-90500000	chr9	0.03826	-0.495141	-0.44225	3	-0.408629	-0.168157	0.142553	0.226758
chr9:90500000-91000000	chr9	-0.239757	-0.328035	-0.385885	4	-0.720274	-0.706502	-0.726478	-0.702945
chr9:91000000-91500000	chr9	0.135493	-0.871263	-0.110976	2	-0.325196	-0.402303	-0.106786	-0.214272
chr9:91500000-92000000	chr9	-0.114474	-0.547581	-0.382522	4	0.05878	0.0981767	0.464404	0.100845
chr9:92000000-92500000	chr9	-0.296773	0.496797	-0.343176	2	1.31292	1.12914	1.22279	1.661
chr9:92500000-93000000	chr9	-0.067601	0.271189	-0.1971	0	0.51306	0.601826	0.442895	0.30079
chr9:93000000-93500000	chr9	0.233789	0.378528	0.135111	1	-0.749392	-0.584127	-0.692563	-0.747814
chr9:93500000-94000000	chr9	-0.097384	-0.414931	-0.120894	1	0.659495	0.523555	0.201725	0.314249
chr9:94000000-94500000	chr9	0.041597	-0.609892	-0.019844	2	0.201652	0.352212	0.361857	0.385901
chr9:94500000-95000000	chr9	0.03283	-0.595566	-0.150064	2	0.722648	0.843052	0.529691	1.07941
chr9:95000000-95500000	chr9	0.153958	-0.848883	-0.058609	7	1.47908	1.31758	1.55271	1.60309
chr9:95500000-96000000	chr9	-0.15063	0.023931	0.093494	7	1.55738	1.62977	1.45078	1.83366
chr9:96000000-96500000	chr9	-0.220895	0.078162	0.145782	3	0.979399	1.17396	1.22671	1.2918
chr9:96500000-97000000	chr9	-0.144418	-0.020282	0.089672	2	0.316442	0.450821	0.608022	0.680413
chr9:97000000-97500000	chr9	-0.213926	-0.525635	-0.314691	7	1.29471	1.03945	1.04978	0.669395
chr9:97500000-98000000	chr9	0.233355	-1.08217	-0.153854	0	1.35415	1.25708	1.08417	1.11981
chr9:98000000-98500000	chr9	-0.024937	-0.618135	-0.128304	2	0.742204	0.886787	0.484822	0.492429
chr9:98500000-99000000	chr9	0.062814	-0.85817	-0.121301	1	0.920132	0.708166	0.850143	0.892508
chr9:99000000-99500000	chr9	-0.098448	-0.807015	-0.105979	6	1.29135	1.1182	1.19679	1.31426
chr9:99500000-100000000	chr9	0.103548	-0.15546	-0.007582	4	0.944699	1.01131	1.01807	1.09138
chr9:100000000-100500000	chr9	-0.202333	-0.062263	-0.144553	6	1.27235	1.23572	1.12716	1.42795
chr9:100500000-101000000	chr9	-0.282741	-0.324733	-0.009686	7	1.14064	1.19423	1.08955	1.3428
chr9:101000000-101500000	chr9	-0.50014	0.016333	-0.265231	2	-0.0754348	-0.0882241	-0.127511	0.160889
chr9:101500000-102000000	chr9	-0.081291	-0.411408	-0.039437	6	0.661073	0.481639	0.144571	0.227901
chr9:102000000-102500000	chr9	0.04976	0.015804	-0.21404	0	0.812446	0.970822	0.777666	0.532324
chr9:102500000-103000000	chr9	-0.026258	-0.721261	0.014932	4	0.809784	0.89369	0.775247	0.969467
chr9:103000000-103500000	chr9	0.036137	0.167749	0.22727	4	-0.281602	-0.389191	-0.316358	-0.444943
chr9:103500000-104000000	chr9	0.311199	1.14064	0.035958	1	-1.45849	-1.4709	-1.3893	-1.24502
chr9:104000000-104500000	chr9	-0.015787	0.756236	0.124341	7	-1.00061	-1.24191	-1.05465	-0.826314
chr9:104500000-105000000	chr9	0.327851	0.81186	0.38191	1	-1.56163	-1.51424	-1.4714	-1.73304
chr9:105000000-105500000	chr9	0.332642	0.382165	0.702532	0	-1.48159	-1.41457	-1.61193	-1.48926
chr9:105500000-106000000	chr9	0.640303	0.19747	0.63848	1	-1.6283	-1.51844	-1.497	-1.4088
chr9:106000000-106500000	chr9	0.399194	0.38428	0.791837	0	-1.46459	-1.39122	-1.45481	-1.58774
chr9:106500000-107000000	chr9	0.245159	0.441338	0.033588	1	-1.2426	-1.29015	-1.24523	-1.14208
chr9:107000000-107500000	chr9	0.16479	0.914477	0.226223	8	-1.42477	-1.32141	-1.34227	-1.09793
chr9:107500000-108000000	chr9	-0.113752	-0.406264	-0.386399	3	0.235451	0.0393689	0.535692	0.522089
chr9:108000000-108500000	chr9	-0.127708	-0.177784	-0.335973	5	0.58942	0.758623	0.602407	0.910923
chr9:108500000-109000000	chr9	-0.176824	0.839299	0.117219	0	-1.02916	-1.17866	-1.23226	-1.27527
chr9:109000000-109500000	chr9	0.139656	0.093258	-0.114591	0	-0.533569	-0.709763	-1.28052	-1.54102
chr9:109500000-110000000	chr9	-0.044785	-0.251188	-0.257055	1	0.0161562	0.0148962	-0.212565	-0.473636
chr9:110000000-110500000	chr9	-0.272229	0.066631	-0.282389	2	-0.612413	-0.454503	-0.88801	-0.698686
chr9:110500000-111000000	chr9	-0.311251	0.562162	-0.22038	0	-1.00836	-1.07374	-1.20583	-0.992609
chr9:111000000-111500000	chr9	-0.121864	0.205007	-0.220255	0	-1.28398	-1.29417	-1.20598	-1.3159
chr9:111500000-112000000	chr9	-0.336027	-0.242074	-0.060462	7	0.463944	0.325476	0.318362	0.0873081
chr9:112000000-112500000	chr9	-0.165238	-0.561586	-0.48759	2	0.181245	-0.169367	-0.422702	0.00467363
chr9:112500000-113000000	chr9	0.04962	-0.866521	-0.279968	2	0.250634	0.429393	0.12743	0.445506
chr9:113000000-113500000	chr9	0.048856	-0.941636	-0.196338	4	-0.329695	-0.409697	-0.674412	-0.528511
chr9:113500000-114000000	chr9	-0.053469	-0.838568	-0.002613	1	-0.330114	-0.312326	-0.910443	-0.556283
chr9:114000000-114500000	chr9	-0.15892	-0.927071	-0.137244	6	0.239238	0.266106	-0.12155	0.0614227
chr9:114500000-115000000	chr9	0.021325	-1.20646	-0.182525	3	0.887954	0.911202	0.874664	0.736493
chr9:115000000-115500000	chr9	-0.324552	-0.920858	-0.039164	4	0.875956	0.780874	0.726735	0.811287
chr9:115500000-116000000	chr9	-0.137932	-0.330556	-0.405113	7	-0.00910909	0.00250479	-0.0707658	-0.0848525
chr9:116000000-116500000	chr9	-0.105283	-0.566246	-0.215172	10	0.787354	0.729124	0.786878	0.897211
chr9:116500000-117000000	chr9	-0.230271	-0.355203	-0.227503	4	-0.506663	-0.748886	-0.516642	-0.430252
chr9:117000000-117500000	chr9	0.013857	-0.428647	0.074588	8	0.455969	0.540783	0.624632	0.31612
chr9:117500000-118000000	chr9	-0.149569	-0.474832	0.157617	3	-0.896379	-0.745673	-0.885232	-0.72347
chr9:118000000-118500000	chr9	0.049981	-0.621781	-0.18974	0	-1.40129	-1.35551	-1.49595	-1.44873
chr9:118500000-119000000	chr9	-0.010696	-0.515002	-0.1179	1	-1.36479	-1.42793	-1.39437	-1.30467
chr9:119000000-119500000	chr9	-0.078318	0.084424	-0.273281	1	-0.805795	-1.01965	-0.854472	-0.765311
chr9:119500000-120000000	chr9	0.170083	0.955409	-0.087878	0	-0.901652	-0.789802	-0.898318	-0.658589
chr9:120000000-120500000	chr9	0.093273	1.31518	-0.227409	2	-1.26912	-1.18321	-1.27603	-1.18448
chr9:120500000-121000000	chr9	0.304424	1.01754	0.127213	0	-1.27971	-1.31981	-1.39243	-1.22698
chr9:121000000-121500000	chr9	0.232906	0.712557	0.151885	0	-1.29182	-1.35279	-1.25806	-1.46294
chr9:121500000-122000000	chr9	0.263666	0.68624	0.472243	0	-1.41234	-1.37439	-1.39749	-1.4198
chr9:122000000-122500000	chr9	0.285995	1.12341	0.143938	1	-1.36792	-1.438	-1.46168	-1.09791
chr9:122500000-123000000	chr9	0.024314	1.51515	-0.073085	0	-1.0807	-1.17131	-1.11263	-1.19405
chr9:123000000-123500000	chr9	-0.151032	0.473367	-0.183415	2	0.209228	0.170037	-0.0335265	0.0193017
chr9:123500000-124000000	chr9	-0.042058	-0.475043	-0.032018	8	1.05241	1.10034	1.13653	1.40132
chr9:124000000-124500000	chr9	-0.050497	-0.285383	0.034305	4	0.677863	0.35185	0.610366	0.532523
chr9:124500000-125000000	chr9	-0.030866	-0.040868	-0.156443	4	0.371618	0.446195	0.622562	0.648812
chr9:125000000-125500000	chr9	-0.091366	0.668802	0.180619	14	0.281016	0.0780182	0.360256	0.186942
chr9:125500000-126000000	chr9	0.0928	-0.587562	-0.008345	9	0.980422	1.01735	0.799839	1.24573
chr9:126000000-126500000	chr9	-0.188975	-0.225118	-0.390846	2	0.953804	0.899281	0.896219	0.848893
chr9:126500000-127000000	chr9	-0.281562	-0.493936	0.096617	2	0.885155	1.02999	0.872355	1.12607
chr9:127000000-127500000	chr9	0.11021	-1.08448	-0.003609	4	0.916045	0.914527	1.05028	1.16929
chr9:127500000-128000000	chr9	-0.002096	-1.09926	-0.256819	9	1.32933	1.34713	1.23011	1.37113
chr9:128000000-128500000	chr9	-0.07679	-1.06101	-0.113868	3	1.37535	1.26084	1.21287	1.31378
chr9:128500000-129000000	chr9	-0.156358	-0.971774	-0.119955	1	1.08292	1.04078	0.894362	0.56923
chr9:129000000-129500000	chr9	0.000181	-0.676986	-0.057233	2	1.03767	1.06642	0.943191	0.643428
chr9:129500000-130000000	chr9	-0.075647	-0.810997	0.052844	4	1.28928	1.3625	1.10366	1.55637
chr9:130000000-130500000	chr9	0.175776	-0.997219	0.097448	11	1.24258	1.24134	1.40161	1.2496
chr9:130500000-131000000	chr9	0.149364	-1.04276	-0.032911	17	1.37334	1.32904	1.20278	1.41726
chr9:131000000-131500000	chr9	0.20303	-1.07965	0.07271	14	1.20334	1.27812	1.3089	1.42858
chr9:131500000-132000000	chr9	-0.103579	-0.821028	0.143335	15	1.33248	1.22121	1.39548	1.40546
chr9:132000000-132500000	chr9	-0.216747	-0.695598	0.09292	4	1.33119	1.22737	1.27201	1.36127
chr9:132500000-133000000	chr9	0.071219	-0.972969	0.138789	8	1.02036	1.2391	1.16674	1.26578
chr9:133000000-133500000	chr9	0.020258	-0.781686	0.045317	3	1.09442	1.14004	0.928203	0.82115
chr9:133500000-134000000	chr9	0.02457	-0.916398	0.098805	8	1.19195	1.31392	1.25838	0.965836
chr9:134000000-134500000	chr9	0.14644	-0.942388	0.05886	7	1.32508	1.22483	1.12374	0.920809
chr9:134500000-135000000	chr9	-0.092471	-0.887965	-0.066128	2	1.2808	1.17513	1.13317	0.895352
chr9:135000000-135500000	chr9	-0.109119	-0.690585	-0.071507	5	1.27673	1.10153	1.19533	0.962984
chr9:135500000-136000000	chr9	-0.048256	-0.792298	-0.021216	9	1.27297	1.36279	1.32506	1.29203
chr9:136000000-136500000	chr9	-0.031848	-0.672401	0.113672	17	1.35786	1.34229	1.28888	1.368
chr9:136500000-137000000	chr9	-0.032515	-0.584514	0.003419	5	1.30478	1.36759	1.39781	1.48202
chr9:137000000-137500000	chr9	-0.318123	-0.520535	0.276877	2	0.94478	0.853787	1.0626	0.773848
chr9:137500000-138000000	chr9	-0.29917	-0.196733	0.046876	4	0.665164	0.637885	0.390532	0.653596
chr9:138000000-138500000	chr9	-0.366605	0.022647	-0.010905	6	0.639283	0.768335	0.568571	0.82512
chr9:138500000-139000000	chr9	-0.231198	-0.282436	0.007574	8	1.0676	1.25985	1.22553	0.811539
chr9:139000000-139500000	chr9	-0.171706	-0.544925	0.313115	13	1.12623	0.983564	1.24393	0.857607
chr9:139500000-140000000	chr9	-0.103739	-0.777176	0.232273	29	1.3134	1.22202	1.09199	1.22215
chr9:140000000-140500000	chr9	-0.12056	-0.610513	0.19346	28	1.20242	1.02498	1.25646	0.935718
chr9:140500000-141000000	chr9	-0.09149	0.330507	0.211971	3	0.799531	1.07097	1.03155	0.976497
chr10:3000000-3500000	chr10	0.050159	-0.689084	-0.140478	2	-0.433292	-0.45101	-0.527314	-0.359587
chr10:3500000-4000000	chr10	-0.212683	-0.884582	-0.03385	1	0.315539	0.26221	0.532958	0.608855
chr10:4000000-4500000	chr10	-0.037215	-0.872639	-0.278503	0	-0.937875	-0.931319	-0.832081	-0.791908
chr10:4500000-5000000	chr10	0.002276	-0.817308	-0.058274	1	-1.23093	-1.19174	-1.23286	-1.13163
chr10:5000000-5500000	chr10	0.069868	0.281308	0.133182	8	-1.14734	-1.14638	-1.25901	-1.08452
chr10:5500000-6000000	chr10	0.025458	-0.293859	-0.315933	7	1.10066	1.15907	1.1875	1.02938
chr10:6000000-6500000	chr10	-0.302844	0.080026	-0.173204	4	1.17756	1.21311	1.21626	1.22994
chr10:6500000-7000000	chr10	-0.143815	0.643399	-0.160685	1	-0.68982	-0.699531	-0.759051	-0.68066
chr10:7000000-7500000	chr10	-0.375568	0.77374	-0.186838	1	0.137618	0.317912	0.0544979	0.177867
chr10:7500000-8000000	chr10	-0.282312	0.533045	0.039181	5	0.526479	0.273085	0.229877	0.339599
chr10:8000000-8500000	chr10	-0.362804	0.155171	-0.245182	1	0.926576	0.951405	0.434723	0.479014
chr10:8500000-9000000	chr10	-0.49736	0.430788	-0.264305	0	-0.595701	-0.552032	-1.16264	-1.16041
chr10:9000000-9500000	chr10	-0.142729	0.283742	0.080391	0	-0.919623	-0.93436	-1.17231	-1.11917
chr10:9500000-10000000	chr10	0.453704	-0.056504	0.374496	0	-1.20776	-1.28148	-1.27395	-1.1124
chr10:10000000-10500000	chr10	0.4655	0.291923	0.253006	0	-1.22577	-1.30189	-1.18536	-1.10581
chr10:10500000-11000000	chr10	0.012048	0.267158	-0.0171	0	-1.25967	-1.36344	-1.36789	-1.4011
chr10:11000000-11500000	chr10	-0.061476	0.728609	-0.193927	1	-0.414405	-0.278564	-0.255817	-0.162594
chr10:11500000-12000000	chr10	-0.340313	-0.105445	0.049127	3	0.762601	0.801685	0.892292	1.05885
chr10:12000000-12500000	chr10	-0.07216	-0.616236	-0.24337	6	1.53024	1.49184	1.50586	1.58476
chr10:12500000-13000000	chr10	-0.439407	-0.114732	-0.28521	0	0.967629	0.868921	0.967779	0.678996
chr10:13000000-13500000	chr10	-0.295258	-0.204371	-0.487961	6	0.697434	0.747008	0.599954	0.701022
chr10:13500000-14000000	chr10	-0.207519	-0.251902	-0.302708	2	0.497235	0.526039	0.581154	0.527495
chr10:14000000-14500000	chr10	-0.299548	-0.218372	-0.177304	1	0.301039	0.0915481	0.410566	0.360146
chr10:14500000-15000000	chr10	-0.131703	-0.363695	-0.396404	6	1.44294	1.44963	1.45982	1.49263
chr10:15000000-15500000	chr10	-0.422096	-0.074416	-0.292749	6	0.526665	0.600805	0.428682	0.306909
chr10:15500000-16000000	chr10	-0.193523	-0.001646	-0.369929	2	-0.642914	-0.568118	-0.967446	-0.880607
chr10:16000000-16500000	chr10	0.197236	1.08433	-0.099707	1	-0.890252	-0.89834	-1.09576	-0.864499
chr10:16500000-17000000	chr10	-0.258729	0.416237	-0.164559	2	-0.085992	-0.0174376	-0.150112	-0.0811251
chr10:17000000-17500000	chr10	-0.073058	-0.473541	-0.190946	4	0.265439	0.179464	0.0944885	0.17012
chr10:17500000-18000000	chr10	0.119978	-0.490239	-0.096816	3	1.13257	1.09885	1.22686	1.15381
chr10:18000000-18500000	chr10	-0.280543	-0.322417	-0.122477	3	-0.434816	-0.279073	-0.188081	0.0261722
chr10:18500000-19000000	chr10	0.287665	0.020528	-0.181053	2	-0.516337	-0.591037	-0.685357	-0.596006
chr10:19000000-19500000	chr10	0.124466	0.428228	0.350285	1	-1.01617	-1.11109	-1.08031	-1.18847
chr10:19500000-20000000	chr10	0.119972	0.214208	0.277069	0	-0.447348	-0.559665	-1.04046	-0.877159
chr10:20000000-20500000	chr10	0.209524	0.423509	0.012645	1	0.983367	0.964285	0.3072	0.268477
chr10:20500000-21000000	chr10	0.150478	0.758094	0.27511	0	0.903206	0.979302	-0.0184907	-0.0336013
chr10:21000000-21500000	chr10	0.227186	0.003469	0.027339	1	-0.11138	0.0212548	-0.511614	-0.518263
chr10:21500000-22000000	chr10	-0.126422	-0.771896	-0.036178	2	1.06725	1.04381	1.13026	0.945378
chr10:22000000-22500000	chr10	-0.005396	-0.38595	0.058016	1	0.847918	0.847121	0.83221	0.71496
chr10:22500000-23000000	chr10	-0.21929	-0.219428	-0.11787	4	0.879025	0.805692	0.919968	0.854743
chr10:23000000-23500000	chr10	-0.013065	0.183852	0.121945	4	-0.331007	-0.420441	-0.322753	-0.415295
chr10:23500000-24000000	chr10	0.276878	0.624525	0.234055	2	-1.28772	-1.35137	-1.37821	-1.4788
chr10:24000000-24500000	chr10	0.110388	1.11923	0.167355	1	-1.32928	-1.30609	-1.37346	-1.406
chr10:24500000-25000000	chr10	-0.109094	0.289697	-0.27015	0	-0.701154	-0.620246	-0.688274	-0.513073
chr10:25000000-25500000	chr10	-0.016455	0.233215	-0.066925	5	0.597312	0.629046	0.772272	0.80337
chr10:25500000-26000000	chr10	0.326352	0.761953	0.329342	0	-1.36685	-1.42092	-1.51118	-1.49504
chr10:26000000-26500000	chr10	0.401517	0.981395	0.191068	1	-1.41523	-1.34236	-1.43699	-1.41271
chr10:26500000-27000000	chr10	-0.240477	0.73152	-0.136132	3	0.696898	0.686603	0.47443	0.46404
chr10:27000000-27500000	chr10	-0.2464	0.079563	-0.271877	4	1.31701	1.30434	1.29009	1.29883
chr10:27500000-28000000	chr10	-0.228539	-0.077156	-0.195959	2	0.142756	0.0160939	0.0546027	0.0123491
chr10:28000000-28500000	chr10	-0.032265	-0.438442	0.058276	2	-1.33108	-1.28446	-1.40338	-1.34236
chr10:28500000-29000000	chr10	-0.019378	-0.879692	-0.113565	3	-0.568039	-0.493754	-0.584548	-0.420565
chr10:29000000-29500000	chr10	-0.010137	-0.940179	-0.228488	0	-1.22664	-1.24361	-1.33983	-1.34091
chr10:29500000-30000000	chr10	0.058851	-1.02433	-0.249114	2	-1.26002	-1.2156	-1.22239	-1.20053
chr10:30000000-30500000	chr10	-0.156421	-0.795608	-0.014518	1	-1.24454	-1.0682	-1.28445	-1.10202
chr10:30500000-31000000	chr10	-0.021711	-0.893547	0.131263	3	1.22729	1.35974	1.16831	1.19922
chr10:31000000-31500000	chr10	-0.084928	-0.741322	-0.11408	1	1.26942	1.20822	1.00172	1.15032
chr10:31500000-32000000	chr10	0.04963	-1.13284	0.100119	1	1.1752	1.14771	1.20051	1.14927
chr10:32000000-32500000	chr10	0.035657	-1.06571	-0.293465	2	1.30506	1.24205	1.11109	1.09899
chr10:32500000-33000000	chr10	-0.136694	-0.751588	-0.129521	2	0.342538	0.345883	0.622629	0.35595
chr10:33000000-33500000	chr10	0.099062	-0.784936	-0.047591	1	-1.18291	-1.03058	-1.23219	-1.11214
chr10:33500000-34000000	chr10	-0.011047	-0.824342	-0.343776	1	-0.928367	-0.908977	-0.850838	-0.963337
chr10:34000000-34500000	chr10	-0.097192	-0.681195	-0.318654	0	-0.595729	-0.728499	-0.567791	-0.506229
chr10:34500000-35000000	chr10	0.136391	-1.22699	-0.135506	0	0.888146	0.841222	0.971921	0.898795
chr10:35000000-35500000	chr10	-0.086215	-0.98868	0.022651	3	1.10482	0.964734	0.977131	0.971158
chr10:35500000-36000000	chr10	-0.055805	-0.560996	-0.165817	3	0.0672861	0.154647	0.104025	-0.0598445
chr10:36000000-36500000	chr10	-0.099195	-0.576262	-0.24626	0	-1.21506	-1.2091	-1.18255	-1.00007
chr10:36500000-37000000	chr10	-0.105802	-0.673984	-0.073084	0	-1.49199	-1.4275	-1.54339	-1.55178
chr10:37000000-37500000	chr10	0.092799	0.274147	0.271921	1	-1.09738	-1.14111	-1.41206	-1.44031
chr10:37500000-38000000	chr10	0.063279	1.08899	0.142364	0	-1.06898	-1.06855	-1.34855	-1.2386
chr10:38000000-38500000	chr10	-0.157135	0.96239	-0.02117	4	-0.266303	-0.425743	-0.394748	-0.239565
chr10:38500000-39000000	chr10	-0.093039	0.860193	0.109448	0	-0.941881	-0.765078	-0.664707	-0.750932
chr10:42500000-43000000	chr10	0.24103	0.642811	0.358434	0	-1.10322	-1.14486	-1.00632	-1.08404
chr10:43000000-43500000	chr10	-0.196356	1.02876	0.112756	2	-0.760632	-0.670968	-0.76415	-0.653345
chr10:43500000-44000000	chr10	-0.128917	0.481346	0.185003	8	-0.100742	-0.0838105	-0.156725	-0.0970764
chr10:44000000-44500000	chr10	-0.046678	-0.087114	-0.077566	3	-0.573674	-0.669145	-0.643564	-0.620827
chr10:44500000-45000000	chr10	0.085793	-0.061195	-0.141307	1	-0.331489	-0.293117	-0.354902	-0.112742
chr10:45000000-45500000	chr10	-0.218812	0.036799	-0.295915	4	-1.07055	-1.10266	-1.0506	-0.963221
chr10:45500000-46000000	chr10	0.139329	0.533382	-0.037171	2	-0.0486856	-0.024252	-0.0588317	0.0406093
chr10:46000000-46500000	chr10	-0.170459	0.134452	-0.110611	4	0.59151	0.614801	0.522148	0.652553
chr10:47000000-47500000	chr10	-0.314893	0.302356	-0.109116	2	-0.706205	-0.750969	-0.827598	-0.733072
chr10:47500000-48000000	chr10	-0.216722	0.367789	0.05639	1	-0.319311	-0.351558	-0.363697	-0.19574
chr10:48000000-48500000	chr10	-0.104037	0.572253	-0.374523	7	-0.857952	-0.758331	-0.846645	-0.967253
chr10:48500000-49000000	chr10	-0.137242	0.574854	0.034383	1	-0.834991	-0.776472	-0.817527	-0.676958
chr10:49000000-49500000	chr10	-0.193401	0.010781	-0.010561	2	0.984299	0.909639	0.931601	0.917098
chr10:49500000-50000000	chr10	-0.187987	0.239031	0.168021	3	0.639565	0.738694	0.683633	0.57454
chr10:50000000-50500000	chr10	-0.231507	1.4558	0.131402	4	-0.283568	-0.216949	-0.33052	-0.273907
chr10:50500000-51000000	chr10	-0.056555	0.708679	0.022233	8	-0.579425	-0.595319	-0.450838	-0.387121
chr10:51500000-52000000	chr10	-0.145784	0.203706	-0.304443	5	0.168268	0.131847	0.115252	0.256151
chr10:52000000-52500000	chr10	-0.053656	0.076974	-0.074532	3	-0.89474	-0.946175	-0.635878	-0.490697
chr10:52500000-53000000	chr10	-0.009105	0.424913	0.205756	2	-1.59222	-1.55333	-1.57254	-1.6203
chr10:53000000-53500000	chr10	0.039569	0.652074	0.065758	1	-1.49632	-1.42904	-1.53716	-1.62704
chr10:53500000-54000000	chr10	0.16608	0.649399	-0.114006	0	-1.56378	-1.56092	-1.58219	-1.63398
chr10:54000000-54500000	chr10	-0.255181	-0.105222	-0.147185	1	-1.56651	-1.52227	-1.61191	-1.62355
chr10:54500000-55000000	chr10	0.096633	0.578821	0.032448	1	-0.913059	-0.968626	-0.980978	-1.06745
chr10:55000000-55500000	chr10	0.010638	0.363632	0.228012	0	-1.46053	-1.41919	-1.35124	-1.42715
chr10:55500000-56000000	chr10	0.397115	0.621883	0.383262	0	-1.45046	-1.47879	-1.41681	-1.40287
chr10:56000000-56500000	chr10	0.046266	0.593179	0.486325	0	-1.47827	-1.4824	-1.54329	-1.43727
chr10:56500000-57000000	chr10	-0.01579	0.163353	0.140016	1	-1.41655	-1.50625	-1.35531	-1.50959
chr10:57000000-57500000	chr10	0.064402	-0.067186	0.133453	0	-1.35675	-1.29029	-1.47066	-1.40813
chr10:57500000-58000000	chr10	0.200183	0.65336	0.408156	0	-0.549263	-0.633338	-1.13256	-1.1182
chr10:58000000-58500000	chr10	0.161561	0.678174	0.497156	1	-0.4384	-0.273427	-0.70709	-0.398919
chr10:58500000-59000000	chr10	0.166371	0.868704	0.403923	0	-1.37766	-1.44305	-1.44095	-1.51507
chr10:59000000-59500000	chr10	0.266	0.597806	0.232951	0	-1.52939	-1.54747	-1.47397	-1.63707
chr10:59500000-60000000	chr10	0.055468	0.298791	-0.005229	0	-1.37552	-1.46763	-1.46302	-1.40826
chr10:60000000-60500000	chr10	-0.16204	-0.123152	-0.312961	5	-0.954767	-0.929032	-0.927076	-0.860477
chr10:60500000-61000000	chr10	-0.184635	0.169361	-0.128712	1	0.418051	0.641514	0.741885	0.704892
chr10:61000000-61500000	chr10	0.088883	0.356858	-0.06151	2	-1.17957	-1.20643	-1.16275	-0.971472
chr10:61500000-62000000	chr10	-0.024821	-0.161694	-0.199122	2	-0.74414	-0.865554	-0.808302	-0.718761
chr10:62000000-62500000	chr10	0.197972	-1.06858	-0.266782	1	-1.34077	-1.40194	-1.38511	-1.38767
chr10:62500000-63000000	chr10	-0.267489	-0.285933	-0.275515	2	-1.2893	-1.29687	-1.30952	-1.19184
chr10:63000000-63500000	chr10	0.00124	-0.255781	-0.39947	2	-1.50094	-1.61827	-1.52935	-1.62391
chr10:63500000-64000000	chr10	-0.13732	-0.705333	-0.319581	1	-0.306178	-0.310864	0.192943	0.370045
chr10:64000000-64500000	chr10	-0.01327	-0.354176	0.007428	2	0.62122	0.453708	0.823624	0.829934
chr10:64500000-65000000	chr10	-0.055498	-0.396922	-0.160819	3	1.06164	1.08679	1.10998	1.06535
chr10:65000000-65500000	chr10	0.284797	-1.4471	0.080002	2	1.28171	1.18139	1.29405	1.38905
chr10:65500000-66000000	chr10	-0.034865	0.900593	-0.05298	0	-1.33203	-1.3651	-1.28551	-1.30378
chr10:66000000-66500000	chr10	0.31475	0.542169	0.071605	0	-1.54694	-1.5384	-1.49274	-1.5792
chr10:66500000-67000000	chr10	0.360412	0.495383	0.516135	0	-1.55604	-1.55501	-1.56431	-1.62293
chr10:67000000-67500000	chr10	0.227889	0.162019	0.28956	0	-1.33578	-1.32079	-1.44638	-1.42783
chr10:67500000-68000000	chr10	0.134009	0.627162	0.161312	0	-1.24233	-1.22695	-1.15553	-1.20702
chr10:68000000-68500000	chr10	0.299165	0.280894	0.060886	0	-1.52404	-1.59389	-1.52689	-1.52466
chr10:68500000-69000000	chr10	0.284947	0.175935	0.227551	1	-1.52554	-1.54978	-1.48338	-1.61315
chr10:69000000-69500000	chr10	0.011008	0.503311	0.308128	1	-1.33576	-1.29226	-1.34562	-1.33699
chr10:69500000-70000000	chr10	0.086641	-0.992534	0.149925	5	0.980173	1.01836	1.0125	1.00425
chr10:70000000-70500000	chr10	0.053673	-1.06562	-0.154903	7	1.37513	1.39317	1.21365	1.17835
chr10:70500000-71000000	chr10	-0.044648	-1.11804	-0.048874	8	1.42305	1.45331	1.38153	1.29107
chr10:71000000-71500000	chr10	-0.047971	-0.734322	-0.271261	5	0.511433	0.424997	0.28013	0.395081
chr10:71500000-72000000	chr10	-0.054653	-0.677919	-0.256513	6	0.296582	0.28155	0.298467	0.348485
chr10:72000000-72500000	chr10	-0.12946	-0.69248	0.068276	7	0.883225	1.0311	0.906639	1.01801
chr10:72500000-73000000	chr10	-0.447643	-0.502968	-0.013674	4	0.135123	0.0381132	-0.0550204	0.0760624
chr10:73000000-73500000	chr10	-0.376858	-0.261868	-0.120069	3	0.414678	0.425288	0.385934	0.477842
chr10:73500000-74000000	chr10	-0.046285	-0.896789	-0.053476	6	1.24996	1.424	1.31096	1.33957
chr10:74000000-74500000	chr10	0.012109	-1.08773	0.206719	4	1.38634	1.36101	1.33176	1.28074
chr10:74500000-75000000	chr10	0.184996	-1.51809	-0.057709	6	1.31292	1.34283	1.33736	1.32011
chr10:75000000-75500000	chr10	-0.174258	-1.14792	-0.109782	10	1.37778	1.33666	1.34538	1.44949
chr10:75500000-76000000	chr10	0.231035	-1.40645	0.014979	10	1.45192	1.46985	1.48005	1.56828
chr10:76000000-76500000	chr10	-0.011373	-1.51134	-0.139519	0	1.36694	1.36484	1.33618	1.4388
chr10:76500000-77000000	chr10	0.077456	-1.28099	-0.222734	7	1.45733	1.43408	1.4067	1.49908
chr10:77000000-77500000	chr10	-0.319652	-0.469458	-0.213757	2	-0.804757	-0.766554	-0.853602	-0.8003
chr10:77500000-78000000	chr10	-0.206503	-0.484575	-0.478695	0	-1.28767	-1.24891	-1.26724	-1.3704
chr10:78000000-78500000	chr10	-0.187516	-0.757787	-0.092278	0	-1.41062	-1.43389	-1.45208	-1.49654
chr10:78500000-79000000	chr10	-0.078731	-0.730554	-0.05526	0	-0.811576	-0.837265	-0.852353	-0.786966
chr10:79000000-79500000	chr10	-0.058999	-0.737487	-0.198251	1	0.655298	0.753499	0.622451	0.567377
chr10:79500000-80000000	chr10	-0.22057	-0.584031	-0.225166	3	0.0062808	0.214295	0.0587484	0.249994
chr10:80000000-80500000	chr10	-0.07866	-0.684435	-0.298558	0	-0.662663	-0.584717	-0.70026	-0.759833
chr10:80500000-81000000	chr10	-0.240959	-0.532752	-0.257605	1	-0.255012	-0.237846	-0.116713	0.097646
chr10:81000000-81500000	chr10	-0.346331	-0.089277	0.033055	6	0.181561	0.137119	0.215331	0.390151
chr10:81500000-82000000	chr10	-0.185614	-0.334881	-0.151125	5	-0.161956	-0.00910931	0.163399	-0.13404
chr10:82000000-82500000	chr10	-0.414511	0.742389	-0.105048	6	-0.579034	-0.694901	-0.582463	-0.446899
chr10:82500000-83000000	chr10	0.331241	0.770421	0.323442	0	-1.46055	-1.50636	-1.16528	-1.21676
chr10:83000000-83500000	chr10	0.22792	0.773423	0.682396	0	-1.52445	-1.56049	-1.53098	-1.55693
chr10:83500000-84000000	chr10	0.211452	0.843509	0.177802	1	-1.57557	-1.55368	-1.57595	-1.65501
chr10:84000000-84500000	chr10	0.190154	0.70672	0.279123	0	-1.491	-1.51756	-1.61765	-1.58605
chr10:84500000-85000000	chr10	0.083204	0.359509	-0.109731	0	-0.797853	-0.878963	-1.04068	-1.02529
chr10:85000000-85500000	chr10	-0.135302	0.073309	0.035249	0	0.0194271	0.0257859	-0.381815	-0.336562
chr10:85500000-86000000	chr10	0.041697	0.65674	-0.138302	4	-0.674949	-0.711853	-0.996795	-1.18353
chr10:86000000-86500000	chr10	0.210581	-0.221169	-0.176121	3	-0.674814	-0.582868	-0.528697	-0.552534
chr10:86500000-87000000	chr10	0.291957	0.461057	0.068702	0	-1.5248	-1.56268	-1.57425	-1.70828
chr10:87000000-87500000	chr10	0.224386	0.418572	0.292988	0	-1.42531	-1.31744	-1.29618	-1.33908
chr10:87500000-88000000	chr10	0.237906	0.889219	-0.007602	0	-0.955534	-1.06936	-0.841266	-0.730878
chr10:88000000-88500000	chr10	-0.124078	-0.211024	0.130399	4	0.438226	0.482541	0.663833	0.492575
chr10:88500000-89000000	chr10	0.161403	-0.958386	-0.0824	8	0.799667	0.916251	0.759391	0.925767
chr10:89000000-89500000	chr10	0.195358	-1.24091	-0.018244	3	1.09504	1.1867	1.18454	1.2135
chr10:89500000-90000000	chr10	-0.232472	-1.21868	-0.116486	3	1.54637	1.55741	1.51569	1.4629
chr10:90000000-90500000	chr10	0.225386	-1.22731	0.006222	4	1.37547	1.45547	1.27714	1.29847
chr10:90500000-91000000	chr10	0.111018	-1.03785	-0.012058	7	1.20196	1.1472	1.14267	1.09597
chr10:91000000-91500000	chr10	-0.131712	-0.877716	-0.048069	9	1.20424	1.20794	1.2067	1.13633
chr10:91500000-92000000	chr10	-0.060536	-0.512246	-0.380029	0	0.697857	0.606583	0.67667	0.728288
chr10:92000000-92500000	chr10	-0.193494	-0.571071	-0.067864	0	-0.873336	-1.0144	-0.951814	-1.02085
chr10:92500000-93000000	chr10	0.007329	-0.982415	-0.036246	4	1.39598	1.28684	1.33121	1.14807
chr10:93000000-93500000	chr10	-0.212965	-0.893037	0.00753	2	-0.130013	-0.0400716	-0.116908	-0.188212
chr10:93500000-94000000	chr10	-0.037986	-1.3594	-0.0736	3	1.441	1.43808	1.40399	1.23438
chr10:94000000-94500000	chr10	-0.288415	-0.800331	-0.174863	5	1.49023	1.445	1.45009	1.31767
chr10:94500000-95000000	chr10	-0.051665	-0.869472	-0.078491	3	0.506953	0.408632	0.348347	0.421714
chr10:95000000-95500000	chr10	0.071773	-0.813855	-0.236592	6	-0.0851194	0.0172355	-0.236408	-0.0711044
chr10:95500000-96000000	chr10	-0.41882	-0.083859	-0.514624	3	-1.03686	-1.05919	-1.16874	-1.0404
chr10:96000000-96500000	chr10	-0.29939	0.061324	-0.100901	4	0.224855	0.420793	0.271955	0.126688
chr10:96500000-97000000	chr10	-0.260627	1.25313	0.151899	4	-1.31713	-1.28038	-1.29984	-1.30485
chr10:97000000-97500000	chr10	-0.130812	0.54254	-0.137375	4	0.550824	0.620612	0.559081	0.489756
chr10:97500000-98000000	chr10	-0.115334	0.828488	0.059824	4	1.1663	1.14312	1.17468	1.1982
chr10:98000000-98500000	chr10	-0.223966	0.181695	-0.22447	6	1.42997	1.38167	1.37687	1.2655
chr10:98500000-99000000	chr10	-0.132173	-0.517386	-0.276725	2	1.26291	1.36776	1.28282	1.20226
chr10:99000000-99500000	chr10	-0.259829	-0.561917	-0.344092	17	1.42094	1.38217	1.30982	1.34751
chr10:99500000-100000000	chr10	-0.216827	0.243499	-0.208497	4	-0.0196914	0.0268695	-0.214535	-0.0959113
chr10:100000000-100500000	chr10	0.02296	0.205827	0.018224	3	-0.233251	-0.318994	-0.700939	-0.416541
chr10:100500000-101000000	chr10	0.082211	0.288011	0.068021	1	-1.38417	-1.3833	-1.39319	-1.19994
chr10:101000000-101500000	chr10	-0.178477	-0.4975	-0.022174	7	0.249782	0.32105	0.17626	0.121309
chr10:101500000-102000000	chr10	-0.019487	-0.966721	-0.055035	5	1.43483	1.32623	1.31821	1.30053
chr10:102000000-102500000	chr10	-0.323302	-0.562781	-0.241108	8	1.06945	1.01679	1.05382	1.0578
chr10:102500000-103000000	chr10	-0.12834	-0.885943	-0.337736	11	0.968724	1.05191	0.971752	1.14409
chr10:103000000-103500000	chr10	0.040771	-1.05906	-0.040991	4	1.31557	1.1248	1.14056	1.11091
chr10:103500000-104000000	chr10	0.022148	-1.07804	0.107262	10	1.47342	1.48619	1.50601	1.65106
chr10:104000000-104500000	chr10	0.0019	-1.03137	0.068837	13	1.4775	1.47526	1.43094	1.60782
chr10:104500000-105000000	chr10	0.135861	-1.22938	0.090047	6	1.4732	1.47483	1.43853	1.52224
chr10:105000000-105500000	chr10	-0.129714	-0.658702	-0.036697	10	1.4096	1.4766	1.45677	1.33108
chr10:105500000-106000000	chr10	-0.092257	-0.597858	-0.04624	6	0.983575	0.974843	0.869805	0.847036
chr10:106000000-106500000	chr10	0.200411	0.139799	0.221096	5	-0.531304	-0.692494	-0.90646	-0.80459
chr10:106500000-107000000	chr10	0.348696	0.898472	0.123242	0	-1.57278	-1.55844	-1.53975	-1.67448
chr10:107000000-107500000	chr10	0.351645	0.650653	0.045687	0	-1.62743	-1.64634	-1.5935	-1.72231
chr10:107500000-108000000	chr10	0.257816	0.640461	0.549021	0	-1.47815	-1.48079	-1.43218	-1.45646
chr10:108000000-108500000	chr10	0.319324	0.61992	0.487783	0	-1.56956	-1.52589	-1.56386	-1.68694
chr10:108500000-109000000	chr10	0.244105	0.75322	0.172804	1	-1.12291	-1.04698	-1.15003	-1.25266
chr10:109000000-109500000	chr10	0.151223	0.487696	0.089683	0	0.208715	0.288086	0.383367	0.385312
chr10:109500000-110000000	chr10	0.068488	0.41615	0.058253	0	0.721106	0.701958	0.834572	0.719563
chr10:110000000-110500000	chr10	-0.322402	0.204504	-0.088998	0	-0.892491	-1.05189	-1.03424	-1.24051
chr10:110500000-111000000	chr10	-0.154934	0.169697	-0.228525	0	-1.45055	-1.47828	-1.51998	-1.53108
chr10:111000000-111500000	chr10	-0.078133	0.475167	-0.149746	0	-1.62992	-1.54035	-1.58187	-1.65729
chr10:111500000-112000000	chr10	0.161218	-0.665117	-0.124732	3	0.445488	0.515739	0.319379	0.58592
chr10:112000000-112500000	chr10	-0.073166	-0.867009	0.056528	4	1.08765	1.06349	1.07317	1.04451
chr10:112500000-113000000	chr10	0.225406	-0.17835	-0.084455	4	0.764664	0.839331	0.838232	0.957838
chr10:113000000-113500000	chr10	0.171349	1.22764	0.147322	0	-1.27913	-1.27799	-1.28533	-1.28313
chr10:113500000-114000000	chr10	0.224731	1.20455	0.169182	1	-1.4181	-1.38447	-1.3454	-1.15644
chr10:114000000-114500000	chr10	0.109015	-0.254761	-0.031398	4	-0.332353	-0.495829	-0.459944	-0.394783
chr10:114500000-115000000	chr10	-0.136798	-0.345735	-0.372571	1	-1.07302	-1.01166	-1.03797	-1.05016
chr10:115000000-115500000	chr10	-0.146397	0.046368	-0.453788	3	-1.01391	-0.929918	-1.0158	-1.01726
chr10:115500000-116000000	chr10	-0.142701	-0.478225	-0.297164	7	1.12017	0.95594	1.08005	1.0086
chr10:116000000-116500000	chr10	0.118097	-0.575138	-0.233026	2	-0.724048	-0.789246	-0.764738	-0.928405
chr10:116500000-117000000	chr10	0.051841	-0.239521	0.177417	3	-0.143319	-0.230122	-0.175521	-0.232587
chr10:117000000-117500000	chr10	0.393518	0.764236	0.535313	0	-1.35682	-1.30518	-1.38133	-1.3287
chr10:117500000-118000000	chr10	0.134879	0.889938	-0.101387	0	-1.48276	-1.4523	-1.59917	-1.57986
chr10:118000000-118500000	chr10	0.253288	1.05827	0.20826	6	-1.50854	-1.46444	-1.54097	-1.52976
chr10:118500000-119000000	chr10	-0.117956	0.825136	-0.201819	5	-1.41637	-1.35518	-1.30728	-1.30068
chr10:119000000-119500000	chr10	-0.12563	0.897045	-0.053523	3	0.193248	0.186115	0.172537	0.32273
chr10:119500000-120000000	chr10	0.102947	1.16507	0.07255	1	-0.640808	-0.674151	-0.512385	-0.32251
chr10:120000000-120500000	chr10	0.050234	0.703167	0.176949	2	-0.516094	-0.304601	-0.513905	-0.423282
chr10:120500000-121000000	chr10	-0.220044	-0.079399	0.116672	8	0.929787	0.912367	0.870124	0.855344
chr10:121000000-121500000	chr10	-0.256705	-0.273095	-0.305942	4	1.49604	1.42765	1.36521	1.53264
chr10:121500000-122000000	chr10	0.080234	0.332404	0.076761	2	0.15282	0.182392	0.363636	0.271697
chr10:122000000-122500000	chr10	-0.034768	0.70725	-0.047763	1	-0.880908	-1.05696	-0.898303	-0.762833
chr10:122500000-123000000	chr10	0.176724	0.903398	0.147041	1	-0.891011	-0.940422	-0.83859	-0.91506
chr10:123000000-123500000	chr10	0.167901	0.924658	-0.008284	1	-1.11394	-1.10234	-1.10535	-1.14331
chr10:123500000-124000000	chr10	-0.157174	0.263556	-0.073369	3	-0.39166	-0.236675	-0.298193	-0.415698
chr10:124000000-124500000	chr10	0.018654	0.790645	-0.109048	7	-0.967048	-0.885869	-1.00867	-0.943856
chr10:124500000-125000000	chr10	-0.099759	0.872154	-0.185257	10	0.789599	0.65183	0.643617	0.788059
chr10:125000000-125500000	chr10	-0.074444	1.36191	0.027626	1	0.766349	0.709913	0.702005	0.555873
chr10:125500000-126000000	chr10	-0.06125	1.16113	-0.00231	2	0.0941414	0.192268	0.172537	0.523488
chr10:126000000-126500000	chr10	-0.261592	0.539229	-0.237591	6	0.57613	0.676895	0.718525	0.5139
chr10:126500000-127000000	chr10	-0.27561	0.173972	0.023719	2	0.0823883	0.0947122	0.0630012	0.00174697
chr10:127000000-127500000	chr10	0.057935	0.632851	0.106972	3	-0.555771	-0.623148	-0.65195	-0.535116
chr10:127500000-128000000	chr10	-0.337498	0.357957	-0.010854	4	-0.917244	-0.993921	-0.9211	-0.691474
chr10:128000000-128500000	chr10	-0.224961	0.57632	-0.123884	2	-1.39755	-1.44634	-1.3765	-1.43704
chr10:128500000-129000000	chr10	-0.388726	0.76022	-0.278613	2	-1.30317	-1.28451	-1.25125	-1.19773
chr10:129000000-129500000	chr10	-0.165552	1.35561	-0.212836	1	-1.29824	-1.28581	-1.28258	-1.33266
chr10:129500000-130000000	chr10	-0.009187	1.16064	0.077043	4	-0.908553	-0.926693	-0.748136	-0.761937
chr10:130000000-130500000	chr10	-0.007634	1.29451	0.099315	0	-1.27989	-1.29281	-1.22094	-1.26489
chr10:130500000-131000000	chr10	-0.042804	1.2638	0.155864	0	-1.367	-1.33983	-1.3385	-1.31555
chr10:131000000-131500000	chr10	-0.067353	1.33916	0.170823	1	-1.19379	-1.14779	-1.19176	-1.15329
chr10:131500000-132000000	chr10	-0.081726	1.14278	-0.031778	3	-0.84136	-0.851057	-0.815467	-0.902161
chr10:132000000-132500000	chr10	0.009591	1.36723	0.225885	0	-1.20934	-1.1749	-1.08083	-1.06764
chr10:132500000-133000000	chr10	-0.040887	1.33158	-0.093559	0	-1.1789	-1.08944	-1.08432	-1.0046
chr10:133000000-133500000	chr10	-0.088629	1.26763	0.18729	1	-0.961769	-0.934502	-1.0387	-0.9096
chr10:133500000-134000000	chr10	-0.389569	0.846744	0.021347	3	-0.33876	-0.361023	-0.316543	-0.302919
chr10:134000000-134500000	chr10	-0.432529	0.195528	0.187192	5	-0.271713	-0.0926596	-0.151879	-0.228891
chr10:134500000-135000000	chr10	-0.457064	0.489336	0.376133	4	-0.29147	-0.331665	-0.410896	-0.224935
chr10:135000000-135500000	chr10	-0.488223	0.507898	0.227225	16	0.439524	0.401073	0.435831	0.528567
chr11:3000000-3500000	chr11	-0.110693	-0.497008	-0.001918	6	1.14177	1.12789	1.12398	1.18638
chr11:3500000-4000000	chr11	0.086763	-0.488903	-0.191802	7	1.14273	1.11542	1.16523	1.28234
chr11:4000000-4500000	chr11	0.150484	0.70478	0.049684	9	0.10693	0.0259602	0.0828194	0.17324
chr11:4500000-5000000	chr11	0.178027	1.18186	0.275289	19	-1.21344	-1.23225	-1.16102	-1.10217
chr11:5000000-5500000	chr11	-0.045272	1.07723	0.211192	19	-1.23625	-1.34119	-1.26445	-1.11345
chr11:5500000-6000000	chr11	-0.05931	1.0605	0.108429	21	-1.04168	-0.829051	-0.984935	-0.672375
chr11:6000000-6500000	chr11	-0.070343	1.13103	0.033969	15	-0.634854	-0.658924	-0.743225	-0.573921
chr11:6500000-7000000	chr11	-0.176591	0.752455	0.057213	18	-0.0773343	-0.197649	-0.0662231	-0.0738537
chr11:7000000-7500000	chr11	0.017625	0.732203	0.013568	4	-1.19997	-1.20916	-1.25005	-1.02059
chr11:7500000-8000000	chr11	-0.131907	0.771154	-0.148619	9	-0.544419	-0.768632	-0.758031	-0.507818
chr11:8000000-8500000	chr11	-0.357581	0.343647	-0.272523	4	-0.199939	-0.0561707	-0.331303	-0.426466
chr11:8500000-9000000	chr11	-0.12863	-0.413724	-0.108749	8	0.805629	0.847521	0.647062	0.743804
chr11:9000000-9500000	chr11	0.093503	-0.920276	0.122239	6	1.04847	1.05959	0.992433	1.03151
chr11:9500000-10000000	chr11	-0.120545	-1.25744	-0.035409	2	0.582661	0.725442	0.614016	0.668259
chr11:10000000-10500000	chr11	0.214111	-1.39178	-0.025627	3	-0.301584	-0.137403	-0.358202	-0.244634
chr11:10500000-11000000	chr11	-0.007714	-0.852425	-0.22375	6	0.399309	0.610773	0.561537	0.544097
chr11:11000000-11500000	chr11	-0.29123	0.103646	-0.2066	1	-0.300297	-0.360843	-0.351052	-0.282539
chr11:11500000-12000000	chr11	0.103475	-0.662645	-0.189759	2	0.192993	0.281995	0.199235	0.315986
chr11:12000000-12500000	chr11	0.181988	-0.937769	-0.110961	3	-0.46424	-0.536397	-0.548852	-0.552921
chr11:12500000-13000000	chr11	0.192507	-0.984577	0.138602	1	-0.876993	-0.927987	-1.0113	-0.795407
chr11:13000000-13500000	chr11	-0.023662	-0.467917	-0.373561	3	-0.295871	-0.172821	-0.179584	-0.24434
chr11:13500000-14000000	chr11	-0.013752	0.397253	-0.303598	3	-0.803954	-0.78098	-0.909005	-0.698483
chr11:14000000-14500000	chr11	0.190242	-0.189586	-0.314851	1	0.0675448	-0.000951551	-0.156147	-0.157944
chr11:14500000-15000000	chr11	0.089874	0.232127	0.066067	5	0.254058	0.441884	0.00636671	-0.00561266
chr11:15000000-15500000	chr11	-0.009055	1.09378	0.034268	2	-1.22447	-1.15606	-1.15124	-1.27447
chr11:15500000-16000000	chr11	-0.081012	0.543597	0.044782	0	-1.3145	-1.2586	-1.30316	-1.29544
chr11:16000000-16500000	chr11	0.137101	-0.186217	0.263228	1	-1.39384	-1.41365	-1.40387	-1.36675
chr11:16500000-17000000	chr11	-0.034394	-0.049488	-0.058065	1	-0.776957	-0.824918	-0.783377	-0.58909
chr11:17000000-17500000	chr11	-0.247183	-0.070195	-0.33464	7	0.53626	0.694789	0.541344	0.684268
chr11:17500000-18000000	chr11	-0.437178	0.965757	-0.325401	4	0.00333753	-0.130637	-0.148183	0.0240529
chr11:18000000-18500000	chr11	-0.030217	0.186988	-0.497842	13	0.931673	0.93285	0.904698	0.937971
chr11:18500000-19000000	chr11	-0.223174	0.591333	-0.220322	8	0.350457	0.316782	0.238205	0.2996
chr11:19000000-19500000	chr11	-0.011814	0.294573	-0.358395	4	0.14577	0.186351	0.0336688	0.191414
chr11:19500000-20000000	chr11	-0.190587	0.052048	-0.348239	1	-0.158744	-0.193451	-0.202368	-0.214036
chr11:20000000-20500000	chr11	0.071326	0.101671	0.094953	3	-0.489935	-0.505856	-0.420835	-0.415646
chr11:20500000-21000000	chr11	0.152332	1.23913	0.176577	2	-1.26206	-1.22121	-1.26833	-1.22732
chr11:21000000-21500000	chr11	0.272781	1.05596	0.516309	0	-1.42984	-1.42748	-1.4238	-1.37953
chr11:21500000-22000000	chr11	0.244463	0.973108	0.314564	0	-1.44105	-1.45008	-1.44257	-1.48132
chr11:22000000-22500000	chr11	0.116164	0.893216	0.239296	2	-1.258	-1.22414	-1.35555	-1.22105
chr11:22500000-23000000	chr11	0.079292	0.585887	0.108323	4	-0.190156	-0.216325	-0.257328	-0.305388
chr11:23000000-23500000	chr11	-0.158934	0.250363	0.029175	0	-1.36171	-1.31244	-1.39115	-1.42063
chr11:23500000-24000000	chr11	-0.34953	0.027343	-0.157974	0	-1.4064	-1.39491	-1.40772	-1.41859
chr11:24000000-24500000	chr11	0.076258	0.032421	0.13328	0	-1.38639	-1.41475	-1.42818	-1.44068
chr11:24500000-25000000	chr11	0.04744	0.126701	0.170026	1	-1.40087	-1.42836	-1.42284	-1.43599
chr11:25000000-25500000	chr11	0.332929	0.579142	0.681411	0	-1.42305	-1.43348	-1.45489	-1.40311
chr11:25500000-26000000	chr11	-0.018773	0.840521	0.39498	0	-1.3946	-1.41172	-1.41945	-1.42977
chr11:26000000-26500000	chr11	0.085953	0.532862	0.106455	1	-1.00153	-0.951738	-0.890829	-0.861537
chr11:26500000-27000000	chr11	0.094063	0.534883	-0.053475	2	-0.570038	-0.496615	-0.318514	-0.179031
chr11:27000000-27500000	chr11	-0.011168	-0.328379	-0.001493	4	-1.12341	-1.00918	-1.03905	-0.897583
chr11:27500000-28000000	chr11	-0.066747	-0.289196	-0.107864	2	-0.773614	-0.804992	-0.866365	-0.712942
chr11:28000000-28500000	chr11	-0.288647	-0.6209	-0.034212	2	-0.321435	-0.119528	-0.386181	-0.250959
chr11:28500000-29000000	chr11	-0.273002	-0.370599	-0.170896	0	-1.30522	-1.31384	-1.31114	-1.29192
chr11:29000000-29500000	chr11	-0.244362	-0.329695	-0.025678	0	-0.876527	-0.828851	-0.993193	-1.04321
chr11:29500000-30000000	chr11	-0.03781	0.845232	0.180862	0	-1.34686	-1.40717	-1.42642	-1.38939
chr11:30000000-30500000	chr11	0.172913	0.753018	0.097032	3	-0.527869	-0.477133	-0.591361	-0.571693
chr11:30500000-31000000	chr11	-0.097809	0.879315	0.027838	1	-1.31226	-1.37123	-1.32165	-1.37004
chr11:31000000-31500000	chr11	0.027175	0.705325	-0.199247	2	-1.08191	-1.06822	-1.16079	-1.07767
chr11:31500000-32000000	chr11	-0.364181	0.50436	-0.255917	3	-0.0408047	-0.0538551	0.0294278	0.0395452
chr11:32000000-32500000	chr11	-0.323217	0.402816	-0.239845	2	-0.317409	-0.271674	-0.563213	-0.313752
chr11:32500000-33000000	chr11	-0.087886	-0.22585	-0.125096	4	0.00195565	0.00809661	-0.142884	0.0230705
chr11:33000000-33500000	chr11	-0.077962	-1.01055	0.002808	5	0.873816	0.872748	0.765879	0.874665
chr11:33500000-34000000	chr11	0.059519	-0.724789	-0.164621	4	0.774593	0.707368	0.774913	0.823369
chr11:34000000-34500000	chr11	-0.316782	-0.634294	-0.171368	4	0.944981	1.09339	0.968746	1.01362
chr11:34500000-35000000	chr11	-0.068187	-0.717974	-0.416088	4	-0.087001	-0.0629154	-0.0022588	-0.0273311
chr11:35000000-35500000	chr11	-0.024436	-0.750853	-0.278007	2	0.801676	0.87745	0.857131	0.939821
chr11:35500000-36000000	chr11	-0.327577	-0.343647	-0.310028	4	-0.0516425	-0.124322	0.209796	0.160773
chr11:36000000-36500000	chr11	-0.254386	-0.125898	-0.11329	2	-0.437727	-0.548058	-0.0700404	-0.0905982
chr11:36500000-37000000	chr11	-0.118362	0.84714	-0.171465	4	-1.05416	-1.11373	-1.1186	-0.956165
chr11:37000000-37500000	chr11	0.219058	0.649092	0.205816	0	-1.46043	-1.46083	-1.46558	-1.47667
chr11:37500000-38000000	chr11	0.083414	-0.188533	0.204334	0	-1.40417	-1.46475	-1.41111	-1.45874
chr11:38000000-38500000	chr11	0.152146	0.151062	0.091722	0	-1.39944	-1.4182	-1.35615	-1.38308
chr11:38500000-39000000	chr11	0.257467	0.126654	0.021102	0	-1.41687	-1.38657	-1.31289	-1.27744
chr11:39000000-39500000	chr11	0.376323	0.446998	0.175704	0	-1.43575	-1.45552	-1.45348	-1.43997
chr11:39500000-40000000	chr11	0.413665	0.687078	0.129528	0	-1.39653	-1.42932	-1.45486	-1.46559
chr11:40000000-40500000	chr11	-0.02141	0.538217	0.330607	0	-1.42675	-1.46469	-1.42967	-1.41281
chr11:40500000-41000000	chr11	0.214652	0.656419	0.202999	0	-1.41829	-1.45407	-1.43806	-1.43161
chr11:41000000-41500000	chr11	0.084407	0.467204	0.007817	1	-1.3679	-1.3909	-1.4248	-1.35069
chr11:41500000-42000000	chr11	-0.18951	0.561572	0.058789	0	-1.35893	-1.37188	-1.41557	-1.39762
chr11:42000000-42500000	chr11	0.011389	0.472344	0.108501	0	-1.34279	-1.43075	-1.45291	-1.47199
chr11:42500000-43000000	chr11	0.250208	0.881212	0.258495	0	-1.41402	-1.39786	-1.40241	-1.38646
chr11:43000000-43500000	chr11	-0.092208	0.610773	0.084487	2	-0.905079	-0.887311	-0.972369	-0.76109
chr11:43500000-44000000	chr11	-0.136355	-0.31502	-0.156703	3	-0.0557322	0.0253201	-0.0646867	0.109811
chr11:44000000-44500000	chr11	-0.297119	0.109576	-0.2927	4	-0.0231593	0.00852468	-0.121251	-0.0471934
chr11:44500000-45000000	chr11	-0.310087	0.197163	-0.343026	3	0.216395	0.303097	0.249027	0.262211
chr11:45000000-45500000	chr11	-0.299637	0.167005	-0.147108	2	-0.196949	-0.156373	-0.184339	-0.0659397
chr11:45500000-46000000	chr11	-0.354776	0.245656	-0.120845	7	0.497515	0.494045	0.468912	0.572615
chr11:46000000-46500000	chr11	-0.186836	-0.856327	0.025299	5	1.1218	1.12785	1.09766	1.22084
chr11:46500000-47000000	chr11	0.160059	-1.11349	-0.213224	9	1.2053	1.23793	1.21372	1.24776
chr11:47000000-47500000	chr11	-0.05056	-0.794152	-0.097367	11	1.11292	1.1445	1.11635	1.25962
chr11:47500000-48000000	chr11	-0.037757	-0.751011	0.077132	10	0.847959	0.874953	0.800657	0.935405
chr11:48000000-48500000	chr11	-0.017495	0.540726	-0.059103	7	-0.962407	-0.987676	-1.08004	-0.972231
chr11:48500000-49000000	chr11	-0.01762	1.00324	-0.133013	1	-1.32774	-1.38237	-1.31263	-1.33724
chr11:49000000-49500000	chr11	0.230395	0.704952	0.484835	4	-0.902534	-1.03564	-1.04273	-1.14598
chr11:49500000-50000000	chr11	0.163811	0.902577	0.218876	1	-0.88429	-1.00854	-0.972783	-1.00773
chr11:50000000-50500000	chr11	-0.080067	1.02729	0.000784	1	-1.32977	-1.31309	-1.23332	-1.29334
chr11:50500000-51000000	chr11	-0.383754	1.12693	0.379033	0	-0.953837	-0.872458	-0.968317	-0.640858
chr11:51000000-51500000	chr11	0.251242	0.858101	-0.14193	1	-0.604599	-0.57811	-0.563487	-0.649828
chr11:54500000-55000000	chr11	0.096768	0.573641	-0.083165	0	-0.551747	-0.499628	-0.499961	-0.523052
chr11:55000000-55500000	chr11	0.129621	1.00458	0.357221	10	-1.06479	-1.04529	-1.04877	-1.09779
chr11:55500000-56000000	chr11	0.426433	0.758946	0.342304	18	-1.44718	-1.44386	-1.4738	-1.55737
chr11:56000000-56500000	chr11	0.130234	1.04352	0.27041	18	-1.46116	-1.4455	-1.45289	-1.48243
chr11:56500000-57000000	chr11	0.113863	1.01089	0.027991	3	-1.34632	-1.3731	-1.39426	-1.42628
chr11:57000000-57500000	chr11	0.034164	0.200164	-0.258899	18	0.377623	0.401979	0.414823	0.445996
chr11:57500000-58000000	chr11	0.007231	0.820732	-0.218456	10	-0.772743	-0.892253	-0.907199	-0.723454
chr11:58000000-58500000	chr11	0.10875	0.394537	-0.078056	10	-0.658446	-0.614795	-0.569379	-0.328306
chr11:58500000-59000000	chr11	0.168209	1.17116	0.122955	7	-0.441543	-0.231037	-0.148159	-0.139701
chr11:59000000-59500000	chr11	0.076904	0.510622	0.213957	10	0.274882	0.350327	0.396695	0.425216
chr11:59500000-60000000	chr11	0.121807	0.946585	-0.269985	12	-0.36319	-0.190198	-0.277624	-0.326989
chr11:60000000-60500000	chr11	0.259838	0.903077	0.236045	11	0.822982	0.821051	0.718273	0.750712
chr11:60500000-61000000	chr11	-0.233435	0.336594	-0.208646	14	1.26663	1.24949	1.23941	1.26625
chr11:61000000-61500000	chr11	-0.094668	-0.366959	-0.18605	13	1.26755	1.25033	1.22518	1.34871
chr11:61500000-62000000	chr11	-0.083527	-0.44245	-0.286714	12	1.31463	1.29383	1.27031	1.30694
chr11:62000000-62500000	chr11	-0.055558	-0.684299	-0.202188	24	1.29437	1.33166	1.25146	1.33624
chr11:62500000-63000000	chr11	-0.03458	0.202883	-0.053957	14	1.16365	1.13645	1.12727	1.14596
chr11:63000000-63500000	chr11	-0.042175	0.248493	-0.240686	10	1.08164	1.09601	1.06845	1.19477
chr11:63500000-64000000	chr11	-0.012923	-0.536334	0.069299	14	1.41947	1.31117	1.30253	1.29737
chr11:64000000-64500000	chr11	-0.239041	-0.592306	-0.133027	16	1.23598	1.18108	1.2461	1.32461
chr11:64500000-65000000	chr11	0.074824	-1.08931	0.331336	27	1.35417	1.27654	1.30157	1.30983
chr11:65000000-65500000	chr11	0.072858	-1.48016	0.322982	20	1.28473	1.10016	1.18276	1.24488
chr11:65500000-66000000	chr11	0.172757	-1.23164	0.208002	21	1.29202	1.27468	1.27161	1.24227
chr11:66000000-66500000	chr11	0.000644	-1.04708	-0.020666	24	1.26228	1.30506	1.34841	1.36375
chr11:66500000-67000000	chr11	0.024157	-0.975973	0.158922	8	1.34473	1.41627	1.32666	1.31004
chr11:67000000-67500000	chr11	-0.35339	-0.753561	0.051041	25	1.26073	1.30485	1.29435	1.34506
chr11:67500000-68000000	chr11	-0.215778	-0.547502	-0.100586	6	1.29867	1.26933	1.33233	1.38272
chr11:68000000-68500000	chr11	0.099698	-0.905731	-0.030359	4	1.32871	1.34083	1.39989	1.42067
chr11:68500000-69000000	chr11	-0.257275	-0.570874	-0.053739	8	1.16764	1.13651	1.06041	1.07545
chr11:69000000-69500000	chr11	-0.045995	-0.773239	-0.075144	5	1.00786	0.962502	0.961799	0.940531
chr11:69500000-70000000	chr11	-0.484212	-0.233245	-0.193025	4	0.688858	0.64716	0.649261	0.75586
chr11:70000000-70500000	chr11	-0.253704	-0.047987	-0.03688	3	1.0029	1.02572	0.993903	1.06212
chr11:70500000-71000000	chr11	-0.240549	0.618346	-0.080249	1	0.658343	0.63662	0.63395	0.655827
chr11:71000000-71500000	chr11	-0.130158	0.216013	-0.149209	7	0.988781	1.10628	1.13364	1.15378
chr11:71500000-72000000	chr11	-0.003423	-0.825249	-0.033584	14	1.43701	1.41352	1.37661	1.45257
chr11:72000000-72500000	chr11	-0.246371	-0.564852	-0.088757	3	1.39553	1.34272	1.34586	1.3442
chr11:72500000-73000000	chr11	-0.038016	-1.14842	0.097491	5	1.3672	1.37517	1.31671	1.32121
chr11:73000000-73500000	chr11	0.078909	-1.06695	0.062482	6	1.41939	1.3814	1.39611	1.47592
chr11:73500000-74000000	chr11	0.083193	-1.16822	0.0418	7	1.38916	1.3648	1.4101	1.43298
chr11:74000000-74500000	chr11	-0.117133	-0.911022	-0.211066	7	1.21381	1.17664	1.17312	1.25207
chr11:74500000-75000000	chr11	0.124092	-0.839871	-0.135588	6	1.23587	1.102	1.12655	1.23234
chr11:75000000-75500000	chr11	-0.010799	-0.641451	-0.245204	8	1.33504	1.19088	1.22796	1.28517
chr11:75500000-76000000	chr11	-0.126921	-0.829509	-0.199766	2	1.15516	1.16999	1.1439	1.22958
chr11:76000000-76500000	chr11	-0.012373	-0.814348	0.02049	5	1.0748	1.03902	1.08182	1.09693
chr11:76500000-77000000	chr11	-0.176184	-0.696811	-0.138355	5	0.97524	0.860994	0.878351	0.91886
chr11:77000000-77500000	chr11	0.167961	-1.08273	-0.0745	4	1.04908	1.09367	1.06772	1.08994
chr11:77500000-78000000	chr11	0.019771	-0.614129	-0.222199	9	1.02146	0.892892	0.976025	0.985793
chr11:78000000-78500000	chr11	-0.178622	-0.22706	-0.129345	2	0.259139	0.316202	0.193898	0.21692
chr11:78500000-79000000	chr11	-0.061144	0.405894	-0.531974	0	-0.64609	-0.69453	-0.658654	-0.607721
chr11:79000000-79500000	chr11	0.138606	0.542581	-0.30507	1	-0.9397	-0.993685	-0.949743	-0.886648
chr11:79500000-80000000	chr11	0.458672	0.084705	0.015263	0	-1.33817	-1.3452	-1.31063	-1.36128
chr11:80000000-80500000	chr11	0.353985	0.347369	0.087306	0	-1.38091	-1.40016	-1.36284	-1.39903
chr11:80500000-81000000	chr11	0.487064	0.376156	0.228623	0	-1.42732	-1.39018	-1.42093	-1.38072
chr11:81000000-81500000	chr11	0.184702	0.770594	0.451211	0	-1.46108	-1.46816	-1.45969	-1.44815
chr11:81500000-82000000	chr11	0.211298	0.811362	0.628777	0	-1.37603	-1.42336	-1.40413	-1.41063
chr11:82000000-82500000	chr11	0.259643	1.06518	0.153567	1	-1.19421	-1.13339	-1.34407	-1.31968
chr11:82500000-83000000	chr11	-0.271586	0.070857	-0.048645	6	0.413554	0.528552	0.492832	0.535002
chr11:83000000-83500000	chr11	0.133506	1.20785	-0.192215	0	-1.15851	-1.10637	-1.17827	-1.15476
chr11:83500000-84000000	chr11	0.365284	0.879815	0.231085	0	-1.44239	-1.43472	-1.43648	-1.39695
chr11:84000000-84500000	chr11	0.269311	1.00266	0.031634	0	-1.41516	-1.37382	-1.45078	-1.42296
chr11:84500000-85000000	chr11	0.179976	0.534444	0.06096	0	-1.38956	-1.44746	-1.46587	-1.34228
chr11:85000000-85500000	chr11	0.197362	0.344179	0.084728	5	-1.12979	-1.23668	-1.14103	-1.09695
chr11:85500000-86000000	chr11	0.241197	-1.1212	-0.175791	4	0.480023	0.617446	0.626781	0.60983
chr11:86000000-86500000	chr11	-0.102625	-0.358502	-0.134618	3	-0.886514	-0.884158	-0.905013	-0.750566
chr11:86500000-87000000	chr11	-0.007154	-0.286534	-0.222154	3	-0.240194	-0.204222	-0.187765	-0.14127
chr11:87000000-87500000	chr11	0.235704	0.723388	-0.090367	0	-1.33902	-1.37532	-1.40112	-1.30778
chr11:87500000-88000000	chr11	0.068451	0.734578	0.033324	1	-0.870511	-0.811588	-0.836586	-0.673039
chr11:88000000-88500000	chr11	0.217783	0.312488	-0.067235	1	-0.522235	-0.38442	-0.530339	-0.358563
chr11:88500000-89000000	chr11	-0.005569	0.616913	0.266211	2	-0.771712	-0.86254	-0.865497	-0.928666
chr11:89000000-89500000	chr11	-0.025222	0.347166	-0.027664	2	-0.86348	-0.973355	-1.0015	-1.08381
chr11:89500000-90000000	chr11	0.11884	0.867169	0.219459	9	-1.1521	-1.18101	-1.2083	-1.05132
chr11:90000000-90500000	chr11	0.183652	0.648799	0.138604	0	-1.41347	-1.32987	-1.37308	-1.34617
chr11:90500000-91000000	chr11	0.14773	-0.0691	0.382248	0	-1.43385	-1.45752	-1.4435	-1.43709
chr11:91000000-91500000	chr11	0.33597	0.305316	0.041735	0	-1.4358	-1.42123	-1.4522	-1.40124
chr11:91500000-92000000	chr11	0.09048	0.407359	-0.012364	1	-1.46717	-1.47967	-1.43076	-1.44553
chr11:92000000-92500000	chr11	0.113684	0.354551	0.06445	0	-1.41594	-1.4031	-1.48704	-1.35333
chr11:92500000-93000000	chr11	0.081313	0.234368	0.043691	2	-1.21697	-1.24321	-1.29051	-1.23932
chr11:93000000-93500000	chr11	-0.297441	0.430666	-0.01423	5	-0.489791	-0.52147	-0.296552	-0.453942
chr11:93500000-94000000	chr11	-0.139988	0.214621	-0.151355	4	-0.746249	-0.764863	-0.827519	-0.688526
chr11:94000000-94500000	chr11	-0.090323	0.263851	-0.370944	7	-0.574722	-0.588296	-0.445015	-0.472923
chr11:94500000-95000000	chr11	-0.05537	-0.233702	-0.383513	8	0.0320944	0.105284	0.10963	0.218235
chr11:95000000-95500000	chr11	-0.220632	0.146297	-0.233047	0	-0.0266638	-0.0682104	-0.0880017	-0.0862449
chr11:95500000-96000000	chr11	-0.075253	-0.825743	-0.462777	3	0.463423	0.447903	0.489574	0.542419
chr11:96000000-96500000	chr11	0.078719	-0.542072	-0.280127	3	-0.46648	-0.556109	-0.571054	-0.426983
chr11:96500000-97000000	chr11	0.283318	0.418051	0.237514	0	-1.38502	-1.47611	-1.47691	-1.55697
chr11:97000000-97500000	chr11	0.182688	0.263817	0.121969	0	-1.48183	-1.44941	-1.49643	-1.50187
chr11:97500000-98000000	chr11	-0.086052	0.014525	-0.186833	0	-1.45434	-1.49185	-1.50137	-1.45584
chr11:98000000-98500000	chr11	0.061212	0.438676	0.016637	0	-1.45384	-1.46265	-1.46371	-1.41032
chr11:98500000-99000000	chr11	0.415167	0.414917	0.171256	1	-1.41622	-1.40299	-1.40442	-1.46196
chr11:99000000-99500000	chr11	-0.056319	0.131708	0.081434	0	-1.44515	-1.41694	-1.4507	-1.39608
chr11:99500000-100000000	chr11	0.294272	0.34518	0.375787	0	-1.43792	-1.42394	-1.43829	-1.46939
chr11:100000000-100500000	chr11	0.098605	0.434298	-0.101782	0	-1.44104	-1.4669	-1.44114	-1.45798
chr11:100500000-101000000	chr11	-0.059524	-0.377056	-0.00027	1	-1.35243	-1.33951	-1.34908	-1.13248
chr11:101000000-101500000	chr11	0.334163	0.634622	0.085029	2	-1.44081	-1.45301	-1.42289	-1.45412
chr11:101500000-102000000	chr11	-0.062822	0.186103	-0.086399	4	-1.38172	-1.35549	-1.43477	-1.349
chr11:102000000-102500000	chr11	0.010608	-0.760697	-0.443091	5	0.435792	0.470953	0.415237	0.545782
chr11:102500000-103000000	chr11	-0.169893	-0.438976	-0.388226	9	-0.941232	-0.967931	-0.936884	-0.983641
chr11:103000000-103500000	chr11	-0.124209	-0.473813	-0.340376	0	-1.45938	-1.40859	-1.44252	-1.38272
chr11:103500000-104000000	chr11	0.013007	-0.435894	-0.317326	1	-1.43249	-1.44384	-1.4518	-1.44198
chr11:104000000-104500000	chr11	0.021435	-0.656674	-0.463405	1	-1.41996	-1.49926	-1.49543	-1.39787
chr11:104500000-105000000	chr11	-0.042659	-0.553159	-0.377971	4	-1.3906	-1.3987	-1.42548	-1.33504
chr11:105000000-105500000	chr11	0.010558	-0.456058	-0.221915	2	-1.4727	-1.45797	-1.47281	-1.40211
chr11:105500000-106000000	chr11	0.15107	-0.382931	-0.025123	3	-1.30155	-1.21272	-1.29023	-1.11683
chr11:106000000-106500000	chr11	-0.247473	-0.033346	-0.388057	0	-1.39954	-1.34394	-1.40666	-1.2461
chr11:106500000-107000000	chr11	-0.267471	-0.215474	-0.117666	1	-1.33401	-1.28475	-1.40511	-1.35743
chr11:107000000-107500000	chr11	-0.338771	0.430388	-0.357941	3	-0.657436	-0.567765	-0.675152	-0.499219
chr11:107500000-108000000	chr11	-0.364052	-0.148515	-0.172066	5	0.697252	0.61211	0.535863	0.570748
chr11:108000000-108500000	chr11	-0.297903	-0.222043	-0.462423	5	0.828032	0.84244	0.903754	0.848063
chr11:108500000-109000000	chr11	-0.022368	-0.561795	-0.115538	1	-0.0753796	0.00437317	-0.190167	-0.125426
chr11:109000000-109500000	chr11	0.198334	0.021768	-0.134213	1	-1.36097	-1.36456	-1.39347	-1.30472
chr11:109500000-110000000	chr11	-0.007377	-0.08588	-0.148219	1	-0.810212	-0.751647	-0.783176	-0.608133
chr11:110000000-110500000	chr11	-0.072693	-0.088722	-0.171222	2	-0.143724	-0.151884	-0.325651	-0.18791
chr11:110500000-111000000	chr11	0.268196	0.874243	0.250963	1	-1.29988	-1.25797	-1.27532	-1.2345
chr11:111000000-111500000	chr11	0.087516	0.170218	-0.278392	7	-0.0516063	-0.00971372	0.0454117	0.108886
chr11:111500000-112000000	chr11	0.006449	-0.793229	-0.343395	13	0.806284	0.803959	0.813548	0.866041
chr11:112000000-112500000	chr11	0.131318	0.16327	0.081363	5	-0.560928	-0.630292	-0.538354	-0.568725
chr11:112500000-113000000	chr11	0.212388	0.588295	-0.032463	1	-1.01205	-1.10971	-1.035	-0.945528
chr11:113000000-113500000	chr11	-0.159727	0.422167	-0.544309	3	-0.751471	-0.723342	-0.700835	-0.734799
chr11:113500000-114000000	chr11	0.143135	0.237667	-0.141543	7	-0.37571	-0.323021	-0.343773	-0.271727
chr11:114000000-114500000	chr11	-0.086289	0.064385	-0.281702	6	-1.25425	-1.18517	-1.15988	-1.32519
chr11:114500000-115000000	chr11	-0.044993	0.736771	0.031098	1	-1.17095	-1.171	-1.1446	-1.03651
chr11:115000000-115500000	chr11	0.025092	-0.328473	-0.152611	1	-0.528289	-0.532754	-0.538498	-0.523963
chr11:115500000-116000000	chr11	0.023666	-0.022383	-0.147445	0	0.311645	0.252671	0.238515	0.144801
chr11:116000000-116500000	chr11	-0.240016	0.774453	-0.308686	0	-0.391403	-0.306296	-0.333286	-0.27913
chr11:116500000-117000000	chr11	-0.254979	-0.648495	-0.280013	7	1.09367	1.04433	1.03576	1.19901
chr11:117000000-117500000	chr11	-0.191624	-0.1485	-0.608351	8	1.23662	1.21453	1.14838	1.22775
chr11:117500000-118000000	chr11	-0.281995	0.07446	-0.530696	7	1.32048	1.22637	1.25058	1.25955
chr11:118000000-118500000	chr11	0.056249	-0.958306	-0.201091	16	1.41773	1.36042	1.37956	1.41868
chr11:118500000-119000000	chr11	-0.049748	-0.971386	0.010037	16	1.43033	1.39487	1.35667	1.4632
chr11:119000000-119500000	chr11	-0.090714	-0.902552	-0.088744	11	1.37158	1.3326	1.40344	1.38418
chr11:119500000-120000000	chr11	-0.526044	0.024431	-0.220049	1	1.03906	1.01251	1.08383	1.07477
chr11:120000000-120500000	chr11	0.112844	-0.93004	-0.138975	6	1.34194	1.34972	1.34064	1.22371
chr11:120500000-121000000	chr11	-0.32802	0.04422	-0.363451	2	0.990916	0.993557	0.996907	0.835778
chr11:121000000-121500000	chr11	-0.348474	-0.208741	-0.489401	3	1.10996	1.15999	1.17914	1.11745
chr11:121500000-122000000	chr11	-0.265267	-0.876543	-0.11289	1	-0.599779	-0.696868	-0.671016	-0.401638
chr11:122000000-122500000	chr11	-0.087203	-0.64171	-0.305522	0	-0.532255	-0.688977	-0.680101	-0.494286
chr11:122500000-123000000	chr11	-0.053605	-0.572967	-0.461555	5	0.710129	0.618072	0.905865	0.731764
chr11:123000000-123500000	chr11	-0.208881	0.060056	-0.407587	2	0.799356	0.883752	0.792144	0.780662
chr11:123500000-124000000	chr11	0.140947	0.925816	-0.171637	15	-1.06474	-1.05465	-1.07258	-0.928219
chr11:124000000-124500000	chr11	-0.090702	1.0224	0.118636	12	-1.19349	-1.24158	-1.22975	-1.04849
chr11:124500000-125000000	chr11	-0.069089	0.397416	-0.230501	13	0.182998	0.0491403	0.0644295	0.230659
chr11:125000000-125500000	chr11	-0.392965	0.475721	-0.204859	5	0.773787	0.795196	0.860726	0.806216
chr11:125500000-126000000	chr11	-0.108051	0.623073	-0.04345	10	0.881898	0.878035	0.710106	0.92239
chr11:126000000-126500000	chr11	-0.194301	0.784986	-0.343687	7	0.533473	0.601251	0.636582	0.679613
chr11:126500000-127000000	chr11	0.017208	1.35233	-0.214151	1	-0.64211	-0.588571	-0.591711	-0.563441
chr11:127000000-127500000	chr11	0.110337	1.09029	-0.057406	0	-1.25279	-1.25154	-1.23211	-1.06395
chr11:127500000-128000000	chr11	0.141752	0.392942	0.290619	0	-1.22847	-1.35008	-1.17926	-1.15835
chr11:128000000-128500000	chr11	-0.222249	-0.567257	-0.32615	1	0.338138	0.285237	0.385169	0.37144
chr11:128500000-129000000	chr11	-0.206249	0.071871	0.194674	4	-0.749958	-0.571666	-0.630509	-0.45267
chr11:129000000-129500000	chr11	-0.033065	0.464447	-0.025315	2	-1.33639	-1.39869	-1.30693	-1.37264
chr11:129500000-130000000	chr11	-0.360098	-0.002516	-0.232179	4	-0.245221	-0.241414	-0.200499	-0.00134038
chr11:130000000-130500000	chr11	-0.089346	-0.111568	-0.340011	4	-0.0909624	0.00851002	0.042511	0.199021
chr11:130500000-131000000	chr11	-0.175114	0.180753	-0.199869	1	-0.766057	-0.756868	-0.756281	-0.526221
chr11:131000000-131500000	chr11	0.171219	1.38363	0.114836	1	-1.01085	-0.974011	-0.874918	-0.950439
chr11:131500000-132000000	chr11	-0.114245	0.296207	-0.299636	0	-0.498224	-0.552103	-0.416322	-0.363665
chr11:132000000-132500000	chr11	0.027829	0.754336	0.148769	0	-0.538884	-0.563477	-0.508786	-0.476252
chr11:132500000-133000000	chr11	0.040562	0.616349	-0.204291	0	-0.904592	-0.940719	-0.938184	-0.900298
chr11:133000000-133500000	chr11	0.270179	1.37244	0.077336	1	-0.370279	-0.312654	-0.25687	-0.280617
chr11:133500000-134000000	chr11	-0.158779	1.3112	0.112944	3	-0.204007	-0.198075	-0.282884	-0.0926965
chr11:134000000-134500000	chr11	0.021057	1.05932	0.144176	7	0.344927	0.343843	0.223578	0.475727
chr11:134500000-135000000	chr11	-0.004794	1.03282	-0.180969	0	-0.120432	-0.231929	-0.19118	-0.0996408
chr12:3000000-3500000	chr12	0.021992	-0.144381	-0.184114	3	0.668143	0.724197	0.72283	0.784534
chr12:3500000-4000000	chr12	-0.123438	0.078378	-0.124872	3	0.832702	0.833136	0.800395	0.810406
chr12:4000000-4500000	chr12	0.01167	0.00576	-0.309205	3	1.14497	1.15757	1.17846	1.31518
chr12:4500000-5000000	chr12	-0.11427	0.236605	-0.175013	8	0.923362	0.871493	0.999521	1.02585
chr12:5000000-5500000	chr12	-0.153878	0.375515	-0.216902	2	0.525707	0.508848	0.472915	0.482329
chr12:5500000-6000000	chr12	-0.246896	0.502392	-0.17575	1	0.274252	0.290398	0.374556	0.428528
chr12:6000000-6500000	chr12	-0.03256	-0.322515	-0.173208	7	0.980481	0.982227	0.819994	1.02264
chr12:6500000-7000000	chr12	0.044706	-0.836355	0.107374	26	1.2414	1.2471	1.22767	1.32252
chr12:7000000-7500000	chr12	-0.060758	-0.002474	0.001342	15	1.11222	0.99035	1.06309	1.15803
chr12:7500000-8000000	chr12	0.194683	0.214933	0.098764	8	0.305643	0.278298	0.303847	0.298951
chr12:8000000-8500000	chr12	-0.134384	0.054235	-0.224821	8	0.766598	0.819908	0.870684	0.89397
chr12:8500000-9000000	chr12	-0.010309	0.579994	-0.415782	7	0.261783	0.301693	0.366249	0.328951
chr12:9000000-9500000	chr12	0.071933	0.80944	-0.020159	5	0.220848	0.178807	0.18106	0.343221
chr12:9500000-10000000	chr12	-0.28702	0.559265	-0.108753	4	0.33256	0.334186	0.286711	0.355054
chr12:10000000-10500000	chr12	-0.326112	0.369358	-0.028147	13	0.256726	0.196704	0.121415	0.256526
chr12:10500000-11000000	chr12	-0.298096	-0.225227	-0.051395	13	0.653191	0.55431	0.558708	0.441978
chr12:11000000-11500000	chr12	-0.178949	0.423153	-0.076682	16	-0.124788	-0.240485	-0.26525	-0.32655
chr12:11500000-12000000	chr12	0.082189	-0.146933	-0.254352	2	0.295593	0.278428	0.164189	0.172573
chr12:12000000-12500000	chr12	-0.102633	-0.563022	-0.260175	2	0.260536	0.276771	0.0223462	0.219395
chr12:12500000-13000000	chr12	0.144997	-1.05372	-0.097192	8	0.759981	0.907868	0.806976	0.849422
chr12:13000000-13500000	chr12	0.039389	-0.225693	-0.208457	6	0.121055	0.0100034	0.00133888	-0.000111954
chr12:13500000-14000000	chr12	0.110086	0.926999	0.110651	0	-0.121643	-0.121625	-0.0550174	-0.0898208
chr12:14000000-14500000	chr12	0.293942	0.531502	0.20786	1	0.339568	0.16082	0.339108	0.297213
chr12:14500000-15000000	chr12	0.0537	-0.187359	0.058417	9	0.36452	0.323333	0.39436	0.333373
chr12:15000000-15500000	chr12	-0.012325	0.65859	0.188763	6	-0.573784	-0.676883	-0.89384	-0.836461
chr12:15500000-16000000	chr12	-0.159841	-0.021686	0.035222	1	-0.97363	-1.03733	-0.852043	-0.924853
chr12:16000000-16500000	chr12	0.024283	0.466719	-0.126285	3	-0.944034	-1.05211	-0.990404	-0.977047
chr12:16500000-17000000	chr12	-0.092447	0.683022	0.211149	2	-1.33238	-1.3512	-1.43926	-1.29556
chr12:17000000-17500000	chr12	0.147824	0.851388	0.551617	0	-1.40282	-1.4694	-1.48121	-1.34755
chr12:17500000-18000000	chr12	0.280564	0.802897	0.45194	0	-1.43275	-1.42408	-1.49602	-1.39356
chr12:18000000-18500000	chr12	-0.022664	0.401725	0.139976	2	-1.41967	-1.41316	-1.4516	-1.46433
chr12:18500000-19000000	chr12	-0.045023	-0.038926	0.079256	2	-1.39759	-1.33097	-1.36542	-1.30265
chr12:19000000-19500000	chr12	-0.100893	-0.207563	-0.169174	1	-1.37494	-1.37572	-1.41366	-1.3946
chr12:19500000-20000000	chr12	-0.28659	0.253113	-0.149278	1	-0.177822	-0.0909249	-0.238933	-0.166807
chr12:20000000-20500000	chr12	0.094976	0.139223	0.113613	0	-0.123194	-0.14429	-0.0602656	-0.0347841
chr12:20500000-21000000	chr12	0.013739	0.346449	0.349068	3	-1.31081	-1.36908	-1.40918	-1.30795
chr12:21000000-21500000	chr12	0.226039	0.938101	0.323597	2	-1.37017	-1.42452	-1.43842	-1.37075
chr12:21500000-22000000	chr12	-0.029717	0.54764	0.093136	8	-1.26191	-1.25812	-1.22291	-1.16483
chr12:22000000-22500000	chr12	0.163796	0.569202	0.170333	3	-1.38202	-1.42239	-1.36994	-1.2518
chr12:22500000-23000000	chr12	0.07966	0.278576	0.082972	2	-0.660859	-0.625616	-0.795836	-0.643152
chr12:23000000-23500000	chr12	0.08178	0.630899	0.054802	0	-1.37264	-1.41373	-1.39853	-1.32101
chr12:23500000-24000000	chr12	-0.199956	0.686009	0.305306	0	-1.40209	-1.46383	-1.43677	-1.47025
chr12:24000000-24500000	chr12	-0.077854	-0.062274	-0.070237	1	-1.4314	-1.41016	-1.41255	-1.35524
chr12:24500000-25000000	chr12	0.004905	-0.22704	-0.249697	0	-1.28849	-1.21351	-1.41482	-1.13045
chr12:25000000-25500000	chr12	-0.078682	-0.70733	-0.049303	5	0.328525	0.277922	0.153453	0.137985
chr12:25500000-26000000	chr12	-0.03144	-0.606059	0.020133	1	-1.13622	-1.23153	-1.20461	-0.989593
chr12:26000000-26500000	chr12	0.004581	-0.745118	-0.123345	3	-0.693206	-0.72307	-0.818553	-0.702163
chr12:26500000-27000000	chr12	-0.372134	-0.576397	-0.111804	1	0.128632	0.241281	0.072456	-0.054951
chr12:27000000-27500000	chr12	-0.014195	-1.12017	-0.173514	7	0.938611	0.890154	0.969113	0.888259
chr12:27500000-28000000	chr12	0.161991	-1.05317	-0.215121	6	0.327317	0.379651	0.449312	0.470406
chr12:28000000-28500000	chr12	-0.168724	-0.486692	-0.177943	2	0.349338	0.137902	0.427112	0.417805
chr12:28500000-29000000	chr12	-0.106504	-0.092774	-0.103725	0	-0.63056	-0.490835	-0.199627	-0.266256
chr12:29000000-29500000	chr12	-0.161229	0.195649	-0.173343	1	-1.20525	-1.16456	-1.02631	-0.804443
chr12:29500000-30000000	chr12	-0.213569	0.298865	-0.116624	3	-0.988746	-0.998601	-1.106	-1.0813
chr12:30000000-30500000	chr12	-0.013289	0.704444	-0.032581	0	-1.2743	-1.30259	-1.21025	-1.16468
chr12:30500000-31000000	chr12	-0.260988	0.454147	0.012245	2	-1.05192	-1.05962	-0.981924	-0.881831
chr12:31000000-31500000	chr12	-0.273635	0.410884	-0.278089	3	0.0232759	0.120249	-0.0354295	0.112896
chr12:31500000-32000000	chr12	0.000214	-0.758479	-0.08757	4	0.415253	0.543519	0.498753	0.649065
chr12:32000000-32500000	chr12	-0.025381	-0.483646	-0.440017	2	0.734549	0.716777	0.587671	0.708452
chr12:32500000-33000000	chr12	-0.063706	-0.549071	-0.018767	3	-0.528215	-0.326813	-0.521783	-0.373007
chr12:33000000-33500000	chr12	0.044835	0.778039	0.243119	1	-1.34968	-1.3598	-1.31806	-1.27135
chr12:33500000-34000000	chr12	0.073902	0.444075	0.233914	1	-1.39755	-1.42674	-1.34588	-1.35924
chr12:34000000-34500000	chr12	-0.047022	1.19019	0.170202	1	-1.13903	-1.1173	-1.17418	-1.00461
chr12:34500000-35000000	chr12	-0.347071	1.50907	0.472218	0	-0.871834	-0.811484	-0.679113	-0.618676
chr12:38000000-38500000	chr12	-0.072642	1.09972	0.457898	0	-1.03821	-0.967415	-1.01314	-0.815553
chr12:38500000-39000000	chr12	0.504809	0.779826	0.54218	1	-1.00204	-0.998206	-1.10607	-0.960231
chr12:39000000-39500000	chr12	0.091026	0.921275	0.297245	1	-0.744676	-0.668791	-0.707353	-0.770914
chr12:39500000-40000000	chr12	0.254228	0.284113	0.321326	1	-0.929758	-0.927764	-0.897849	-0.811197
chr12:40000000-40500000	chr12	0.204654	0.854689	0.309005	3	-1.28337	-1.29088	-1.35641	-1.25688
chr12:40500000-41000000	chr12	0.485423	0.848089	0.327097	2	-0.891453	-0.857756	-1.07866	-1.04329
chr12:41000000-41500000	chr12	0.35646	0.507687	0.436172	1	-1.41113	-1.47577	-1.41826	-1.51194
chr12:41500000-42000000	chr12	0.227128	0.511987	0.384241	1	-1.35892	-1.38537	-1.41728	-1.33421
chr12:42000000-42500000	chr12	0.075005	0.617839	0.048132	0	-1.33725	-1.37871	-1.402	-1.33962
chr12:42500000-43000000	chr12	-0.010083	-0.621818	-0.163299	5	-0.353548	-0.284241	-0.311637	-0.389623
chr12:43000000-43500000	chr12	-0.075459	-0.513917	0.117467	0	-1.39809	-1.39603	-1.45819	-1.47315
chr12:43500000-44000000	chr12	0.054704	-0.422263	0.022344	1	-1.39566	-1.4163	-1.45158	-1.48406
chr12:44000000-44500000	chr12	0.074016	0.08418	0.090718	4	-0.944403	-1.02139	-0.941044	-1.00964
chr12:44500000-45000000	chr12	0.003686	0.955678	0.148681	0	-0.651242	-0.589293	-0.744007	-0.79625
chr12:45000000-45500000	chr12	0.117455	0.673011	0.164774	2	-1.40548	-1.42405	-1.43775	-1.45304
chr12:45500000-46000000	chr12	0.047702	-0.55741	-0.080424	1	-0.790665	-0.92934	-0.903806	-0.745375
chr12:46000000-46500000	chr12	0.111196	-0.950233	-0.248192	2	0.021744	-0.0554789	-0.0989831	-0.103417
chr12:46500000-47000000	chr12	-0.043538	-1.16413	0.264858	2	0.164426	0.0530038	0.225619	0.253689
chr12:47000000-47500000	chr12	0.060811	-1.04357	0.120774	3	-1.16584	-1.12465	-1.01765	-1.12024
chr12:47500000-48000000	chr12	-0.175949	-0.647501	0.004908	0	-1.11366	-0.984546	-0.968561	-0.771806
chr12:48000000-48500000	chr12	-0.2384	-0.454379	-0.238463	9	0.695171	0.669801	0.670342	0.839256
chr12:48500000-49000000	chr12	-0.270314	-0.044421	-0.034405	11	0.583764	0.560169	0.513405	0.502786
chr12:49000000-49500000	chr12	0.091231	-0.826401	-0.035229	17	1.22999	1.28713	1.26461	1.32444
chr12:49500000-50000000	chr12	0.105528	-1.2956	0.202305	12	1.34777	1.23717	1.21189	1.27207
chr12:50000000-50500000	chr12	0.062186	-0.956456	0.12714	13	1.32277	1.34619	1.31456	1.36255
chr12:50500000-51000000	chr12	0.401535	-1.42174	0.098219	6	1.28175	1.30391	1.25948	1.35485
chr12:51000000-51500000	chr12	0.253212	-1.22733	-0.25506	7	1.34755	1.30322	1.28635	1.32741
chr12:51500000-52000000	chr12	0.200127	-1.00375	0.118248	9	1.29081	1.3147	1.26733	1.30929
chr12:52000000-52500000	chr12	0.034897	-0.925476	0.013371	9	0.881842	0.860073	0.819042	0.975629
chr12:52500000-53000000	chr12	-0.090407	-0.500613	0.007854	16	0.843394	0.826309	0.725301	0.827714
chr12:53000000-53500000	chr12	-0.000547	-0.608816	-0.067565	16	0.948336	0.914869	0.925506	0.99744
chr12:53500000-54000000	chr12	-0.069638	-0.979669	0.128805	18	1.3011	1.36306	1.3137	1.41519
chr12:54000000-54500000	chr12	0.0688	-0.367537	0.128395	14	1.30024	1.2409	1.23556	1.3533
chr12:54500000-55000000	chr12	-0.121524	0.002571	0.015193	12	1.25369	1.23354	1.20491	1.22558
chr12:55000000-55500000	chr12	0.173699	1.05012	0.302057	5	-0.337025	-0.268044	-0.0853825	-0.00939522
chr12:55500000-56000000	chr12	-0.054227	0.896439	0.494986	14	-0.614483	-0.802656	-0.635733	-0.511
chr12:56000000-56500000	chr12	0.254275	-0.675145	0.149225	21	1.01346	1.02749	1.01606	1.09707
chr12:56500000-57000000	chr12	0.202662	-1.10726	0.074364	22	1.22159	1.24121	1.18487	1.3238
chr12:57000000-57500000	chr12	0.097635	-0.829412	-0.16994	14	1.28392	1.25735	1.23157	1.1768
chr12:57500000-58000000	chr12	0.066223	-0.719797	0.024926	20	1.20777	1.19756	1.19351	1.2075
chr12:58000000-58500000	chr12	-0.030267	-0.152164	-0.12679	14	0.366482	0.398598	0.482883	0.561023
chr12:58500000-59000000	chr12	0.08441	-0.143797	-0.192142	0	-1.38802	-1.43076	-1.33154	-1.37022
chr12:59000000-59500000	chr12	-0.079973	-0.330185	0.027207	1	-1.41258	-1.47518	-1.47262	-1.5295
chr12:59500000-60000000	chr12	-0.216067	0.303922	-0.056753	1	-1.50127	-1.5084	-1.51416	-1.53666
chr12:60000000-60500000	chr12	0.070836	-0.201609	0.011582	0	-1.4959	-1.49424	-1.50569	-1.49789
chr12:60500000-61000000	chr12	0.385635	-0.447338	0.223777	0	-1.51222	-1.52572	-1.54158	-1.57757
chr12:61000000-61500000	chr12	0.346933	0.599601	0.28724	0	-1.41079	-1.38957	-1.01467	-1.05833
chr12:61500000-62000000	chr12	0.348577	0.74343	0.209896	0	-1.4952	-1.44349	-1.45013	-1.4354
chr12:62000000-62500000	chr12	0.251291	1.14917	0.445686	0	-1.51294	-1.51076	-1.48668	-1.55108
chr12:62500000-63000000	chr12	0.012048	-0.334242	-0.024945	3	-0.541395	-0.544072	-0.556691	-0.682172
chr12:63000000-63500000	chr12	-0.086282	0.394797	0.226633	1	-1.3107	-1.28674	-1.3112	-1.26223
chr12:63500000-64000000	chr12	0.324231	0.514254	-0.004702	1	-1.4951	-1.53813	-1.53977	-1.53821
chr12:64000000-64500000	chr12	0.03131	-0.365033	-0.003839	3	-0.561797	-0.689135	-0.829523	-0.752318
chr12:64500000-65000000	chr12	-0.083793	-0.440725	-0.240789	4	-0.0229526	0.0580181	-0.269409	-0.27577
chr12:65000000-65500000	chr12	-0.010289	-0.30455	-0.251222	3	-0.401812	-0.488445	-0.596096	-0.556223
chr12:65500000-66000000	chr12	0.011426	-1.14887	0.143281	3	-1.20318	-1.19949	-1.18211	-1.02388
chr12:66000000-66500000	chr12	0.204002	-1.41404	-0.032737	1	-1.08945	-1.08353	-1.1712	-1.05912
chr12:66500000-67000000	chr12	-0.173272	-0.162419	-0.248643	4	0.342589	0.286615	0.284863	0.356869
chr12:67000000-67500000	chr12	-0.262262	-0.146126	-0.237295	1	-0.884147	-0.979603	-1.10666	-0.906575
chr12:67500000-68000000	chr12	0.011851	-0.630925	-0.265199	1	-1.00381	-1.01677	-0.988649	-0.862724
chr12:68000000-68500000	chr12	0.257502	-0.969304	-0.239125	2	-0.934097	-0.816178	-0.897233	-0.787498
chr12:68500000-69000000	chr12	-0.076001	-0.953853	-0.271937	4	0.595253	0.561326	0.487985	0.62797
chr12:69000000-69500000	chr12	-0.112065	-0.886234	-0.098561	5	0.413266	0.366894	0.361604	0.454096
chr12:69500000-70000000	chr12	0.014635	-1.02575	-0.367378	5	0.226973	0.245976	0.0478483	0.087254
chr12:70000000-70500000	chr12	0.034374	-0.151578	0.040636	4	-1.22541	-1.12984	-1.23018	-1.16062
chr12:70500000-71000000	chr12	0.127828	-0.254702	0.077357	2	-0.778598	-0.768829	-0.76255	-0.784117
chr12:71000000-71500000	chr12	0.273051	-0.142702	-0.073631	2	-1.45285	-1.47157	-1.46323	-1.4775
chr12:71500000-72000000	chr12	0.128126	-0.050242	0.063065	2	-1.37323	-1.45766	-1.4449	-1.50215
chr12:72000000-72500000	chr12	0.123667	-0.188568	-0.178896	6	-0.633423	-0.677935	-0.809039	-0.562655
chr12:72500000-73000000	chr12	0.093449	0.220553	0.099597	1	-1.41663	-1.42901	-1.47046	-1.52206
chr12:73000000-73500000	chr12	0.226276	0.720105	0.440891	0	-1.43842	-1.45387	-1.49462	-1.45416
chr12:73500000-74000000	chr12	0.376862	0.603111	0.61263	0	-1.40789	-1.41742	-1.2852	-1.20747
chr12:74000000-74500000	chr12	0.376548	0.51993	0.258526	0	-1.4484	-1.47587	-1.46535	-1.50346
chr12:74500000-75000000	chr12	0.003917	0.616186	0.340602	1	-1.42737	-1.40496	-1.4262	-1.47793
chr12:75000000-75500000	chr12	0.016106	0.208736	0.148683	0	-1.47572	-1.51588	-1.51337	-1.53255
chr12:75500000-76000000	chr12	-0.024897	-0.588986	0.199687	6	-1.2623	-1.32443	-1.37727	-1.35604
chr12:76000000-76500000	chr12	-0.074169	-1.04412	-0.232494	2	-0.586721	-0.447385	-0.527037	-0.356856
chr12:76500000-77000000	chr12	0.15227	-1.02662	0.036549	2	-0.199126	-0.320451	-0.249646	-0.27266
chr12:77000000-77500000	chr12	0.041081	-0.783681	0.046074	3	-1.02985	-0.899202	-1.0996	-0.958883
chr12:77500000-78000000	chr12	-0.181878	0.680084	-0.139002	0	-1.46264	-1.43305	-1.47409	-1.44114
chr12:78000000-78500000	chr12	-0.028557	0.086797	-0.035684	1	-1.28997	-1.20685	-1.35946	-1.20644
chr12:78500000-79000000	chr12	-0.125177	0.225236	0.023945	0	-1.50015	-1.47299	-1.50905	-1.39605
chr12:79000000-79500000	chr12	-0.160994	-0.222079	-0.203426	1	-1.42561	-1.49966	-1.47307	-1.54454
chr12:79500000-80000000	chr12	-0.011879	-0.167129	0.193212	0	-1.3569	-1.40415	-1.38734	-1.2984
chr12:80000000-80500000	chr12	0.161617	-1.12465	0.195152	3	-0.297549	-0.229468	-0.385759	-0.416579
chr12:80500000-81000000	chr12	0.230113	-0.590517	0.104802	1	-1.29441	-1.35625	-1.29104	-1.10009
chr12:81000000-81500000	chr12	0.159808	0.069529	0.043123	4	-1.18321	-1.19085	-1.25059	-1.16836
chr12:81500000-82000000	chr12	0.374342	0.273663	0.237948	0	-1.5102	-1.54555	-1.48296	-1.53937
chr12:82000000-82500000	chr12	0.520072	0.533206	0.367117	1	-1.45821	-1.47128	-1.48414	-1.56474
chr12:82500000-83000000	chr12	0.201826	0.659737	0.047231	2	-1.31997	-1.30113	-1.28962	-1.42037
chr12:83000000-83500000	chr12	0.078743	0.713968	0.251865	1	-0.659178	-0.716384	-0.851256	-0.823848
chr12:83500000-84000000	chr12	0.392787	0.625428	0.377991	0	-1.384	-1.46306	-1.47779	-1.41576
chr12:84000000-84500000	chr12	0.285046	0.421987	0.283591	0	-1.45337	-1.44765	-1.41616	-1.36841
chr12:84500000-85000000	chr12	0.30771	-0.139754	0.2957	0	-1.46598	-1.42879	-1.44645	-1.43596
chr12:85000000-85500000	chr12	0.220155	-0.11308	0.221941	3	-1.47075	-1.47778	-1.50917	-1.55464
chr12:85500000-86000000	chr12	-0.023235	0.494026	0.281421	1	-1.3551	-1.32809	-1.42204	-1.4345
chr12:86000000-86500000	chr12	0.152571	0.20816	0.144621	2	-1.40808	-1.40723	-1.4883	-1.48366
chr12:86500000-87000000	chr12	-0.049151	-0.105549	0.196307	1	-1.42467	-1.40303	-1.37947	-1.47655
chr12:87000000-87500000	chr12	0.284211	-0.283625	0.233402	0	-1.51301	-1.48745	-1.49815	-1.45382
chr12:87500000-88000000	chr12	0.241529	-0.091259	-0.197779	0	-1.45332	-1.45025	-1.47491	-1.48819
chr12:88000000-88500000	chr12	-0.056551	-0.15137	-0.21576	2	-1.41484	-1.34009	-1.43631	-1.35203
chr12:88500000-89000000	chr12	-0.011596	-1.08811	-0.027322	3	-0.473544	-0.516023	-0.788052	-0.741445
chr12:89000000-89500000	chr12	-0.14367	-0.790877	-0.213849	0	-1.19469	-1.27999	-1.29127	-1.28835
chr12:89500000-90000000	chr12	-0.077467	-0.669736	-0.459738	3	-0.590045	-0.735008	-0.733252	-0.798791
chr12:90000000-90500000	chr12	0.119107	-1.00476	-0.164312	1	0.168344	0.275199	0.207614	0.186902
chr12:90500000-91000000	chr12	-0.288124	-0.529186	-0.410317	0	-1.4445	-1.42607	-1.4713	-1.41705
chr12:91000000-91500000	chr12	-0.062158	-0.925609	-0.332314	3	-1.48255	-1.43738	-1.51207	-1.45122
chr12:91500000-92000000	chr12	0.097666	-0.945614	-0.177301	2	-1.15192	-1.22949	-1.09886	-1.05723
chr12:92000000-92500000	chr12	-0.033572	-0.772101	-0.032812	0	0.101275	0.10076	0.303998	0.226923
chr12:92500000-93000000	chr12	-0.148622	-0.65846	-0.29838	1	0.377804	0.413255	0.460998	0.59238
chr12:93000000-93500000	chr12	0.100809	-1.28936	-0.246569	2	0.384549	0.287296	0.254316	0.264104
chr12:93500000-94000000	chr12	0.20859	-1.22491	-0.068577	4	0.847637	0.687962	0.725691	0.767328
chr12:94000000-94500000	chr12	-0.156681	-0.805114	-0.13157	1	-0.178265	-0.0214965	0.0710217	-0.0730693
chr12:94500000-95000000	chr12	-0.070646	-0.761608	-0.244682	2	0.550862	0.528125	0.465556	0.456959
chr12:95000000-95500000	chr12	0.070828	-0.780091	-0.316806	3	0.413378	0.537095	0.33407	0.273363
chr12:95500000-96000000	chr12	0.044683	-1.00352	-0.245569	4	0.503209	0.605684	0.399549	0.605548
chr12:96000000-96500000	chr12	-0.233913	-0.599984	-0.256008	6	0.0143772	0.0611095	-0.0677448	0.0513602
chr12:96500000-97000000	chr12	0.073853	-0.717062	-0.046703	3	0.432675	0.364491	0.30529	0.278857
chr12:97000000-97500000	chr12	-0.098746	0.754992	0.058596	1	-1.06691	-1.11138	-1.04775	-0.88806
chr12:97500000-98000000	chr12	0.20223	1.21902	0.306975	1	-1.20313	-1.23807	-1.1866	-1.01945
chr12:98000000-98500000	chr12	0.208344	1.25241	-0.024099	0	-0.987623	-0.846249	-1.12478	-0.956245
chr12:98500000-99000000	chr12	0.020464	0.561581	-0.181069	2	0.133984	0.107573	0.0199316	0.117221
chr12:99000000-99500000	chr12	0.100206	1.02748	0.244978	2	-1.10402	-1.12822	-1.20624	-1.14414
chr12:99500000-100000000	chr12	0.266111	1.10797	0.219761	0	-1.35603	-1.31637	-1.41196	-1.36251
chr12:100000000-100500000	chr12	-0.082376	0.956497	0.199606	2	-1.35556	-1.38814	-1.3506	-1.32181
chr12:100500000-101000000	chr12	-0.093237	0.495889	0.020093	7	-0.765303	-0.81012	-0.929693	-0.750611
chr12:101000000-101500000	chr12	-0.14407	0.417501	-0.091275	1	-1.31348	-1.18598	-1.25293	-1.10517
chr12:101500000-102000000	chr12	-0.137666	0.759533	-0.430212	5	-0.9086	-0.88192	-0.864658	-0.74926
chr12:102000000-102500000	chr12	-0.05505	0.40952	-0.369475	5	0.0974969	0.0389854	0.0934966	-0.0355474
chr12:102500000-103000000	chr12	-0.228916	1.02516	-0.09869	4	0.178697	0.24024	0.170234	0.302527
chr12:103000000-103500000	chr12	-0.014991	1.2833	-0.046867	2	0.151124	0.0801746	0.115032	0.231846
chr12:103500000-104000000	chr12	-0.011927	1.20439	0.084711	2	0.4297	0.347261	0.244564	0.430963
chr12:104000000-104500000	chr12	-0.039785	-0.437347	-0.102245	6	0.830279	0.863393	0.824197	0.763465
chr12:104500000-105000000	chr12	-0.082287	-0.725966	-0.235716	4	0.967541	0.915548	0.89162	0.896042
chr12:105000000-105500000	chr12	0.039949	-0.927087	-0.217656	3	0.906415	0.82143	0.813259	0.795323
chr12:105500000-106000000	chr12	0.1877	-0.829308	-0.296402	3	0.643135	0.634295	0.564755	0.606398
chr12:106000000-106500000	chr12	-0.091823	-0.561943	-0.063376	0	-0.0125136	-0.0231193	0.00980325	0.0256108
chr12:106500000-107000000	chr12	-0.24851	-0.38798	-0.166622	5	0.48505	0.418949	0.556282	0.503687
chr12:107000000-107500000	chr12	0.029046	-0.502396	-0.205968	4	0.740006	0.816693	0.852716	0.850323
chr12:107500000-108000000	chr12	-0.148549	0.01007	-0.451328	1	0.40439	0.36746	0.357942	0.543318
chr12:108000000-108500000	chr12	0.01418	0.483875	-0.047587	3	0.80754	0.74323	0.684895	0.70789
chr12:108500000-109000000	chr12	-0.396459	0.801057	-0.107101	6	1.07946	0.969045	0.969454	1.03233
chr12:109000000-109500000	chr12	0.209608	-0.952873	-0.059347	6	1.20402	1.22729	1.17522	1.27442
chr12:109500000-110000000	chr12	-0.296337	-0.261247	-0.313649	7	0.933221	0.922534	0.894411	1.00336
chr12:110000000-110500000	chr12	-0.066353	-0.463274	-0.217111	9	1.28181	1.25724	1.34583	1.33487
chr12:110500000-111000000	chr12	0.151863	-1.30964	-0.054521	8	1.20568	1.23194	1.17762	1.3241
chr12:111000000-111500000	chr12	-0.142799	-0.37252	-0.275471	7	1.1994	1.25903	1.1678	1.2365
chr12:111500000-112000000	chr12	-0.293584	-0.248539	-0.156071	2	1.11353	1.17162	1.12267	1.13604
chr12:112000000-112500000	chr12	-0.060362	-0.888555	-0.067579	7	1.23267	1.24362	1.23471	1.28052
chr12:112500000-113000000	chr12	-0.092445	-0.731853	-0.146805	5	1.35955	1.384	1.36965	1.27522
chr12:113000000-113500000	chr12	-0.241507	0.5285	-0.184758	5	0.952394	0.911756	0.892662	0.970981
chr12:113500000-114000000	chr12	-0.332638	0.340305	-0.23544	11	1.29428	1.23672	1.25014	1.28755
chr12:114000000-114500000	chr12	-0.068278	0.88119	-0.297932	1	0.548409	0.681673	0.616243	0.702906
chr12:114500000-115000000	chr12	0.187568	0.817015	-0.144165	1	0.338665	0.337753	0.334021	0.391407
chr12:115000000-115500000	chr12	-0.09956	-0.031079	-0.203493	1	0.161474	0.23791	0.171095	0.340841
chr12:115500000-116000000	chr12	-0.25549	0.013975	-0.248798	0	0.440438	0.457178	0.421213	0.350643
chr12:116000000-116500000	chr12	0.08519	-0.159807	-0.296437	0	0.537186	0.599175	0.577423	0.573566
chr12:116500000-117000000	chr12	0.232192	-1.24921	0.268172	2	1.10386	1.06639	1.17435	1.05725
chr12:117000000-117500000	chr12	-0.072939	-0.217355	-0.437803	4	1.13793	1.13517	1.17008	1.06161
chr12:117500000-118000000	chr12	-0.260359	0.733523	-0.116095	3	0.58958	0.676395	0.579098	0.613203
chr12:118000000-118500000	chr12	-0.246541	0.622878	-0.362726	3	0.867318	0.850498	0.745917	0.725551
chr12:118500000-119000000	chr12	0.028069	0.181406	-0.183315	4	1.06834	1.11056	1.16092	1.12376
chr12:119000000-119500000	chr12	0.090793	1.24189	-0.071064	1	0.291864	0.235936	0.310787	0.293235
chr12:119500000-120000000	chr12	-0.086323	1.11261	0.071228	2	0.372571	0.351548	0.386115	0.489312
chr12:120000000-120500000	chr12	0.0821	0.266925	-0.38495	4	1.22185	1.19084	1.25823	1.21551
chr12:120500000-121000000	chr12	0.055842	-0.92189	-0.024423	16	1.2716	1.25144	1.17571	1.29017
chr12:121000000-121500000	chr12	0.111953	-1.03085	-0.105995	9	1.18555	1.19066	1.09516	1.14914
chr12:121500000-122000000	chr12	-0.052495	-0.893368	-0.184681	5	1.16622	1.18205	1.1695	1.22271
chr12:122000000-122500000	chr12	0.193607	-1.06809	0.101372	9	1.21297	1.17173	1.13767	1.29982
chr12:122500000-123000000	chr12	0.233209	-1.21803	-0.077157	9	1.0996	1.02584	1.02741	1.09797
chr12:123000000-123500000	chr12	0.169765	-0.997818	-0.008728	12	1.24687	1.22046	1.1981	1.17354
chr12:123500000-124000000	chr12	-0.014667	-0.845981	-0.126379	8	1.20228	1.25656	1.19718	1.21927
chr12:124000000-124500000	chr12	-0.193334	-0.718223	-0.179187	10	1.26188	1.22186	1.28872	1.33594
chr12:124500000-125000000	chr12	-0.024272	-0.431019	-0.042351	1	1.07025	1.15881	1.14953	1.03345
chr12:125000000-125500000	chr12	-0.026292	-0.461607	-0.02527	5	1.25758	1.209	1.20311	1.38639
chr12:125500000-126000000	chr12	-0.094224	1.05776	0.023558	2	0.51402	0.474565	0.62476	0.342568
chr12:126000000-126500000	chr12	0.186927	1.15177	0.137878	0	-0.399542	-0.303962	-0.313042	-0.199462
chr12:126500000-127000000	chr12	0.143705	1.10523	-0.041242	0	-0.467269	-0.406531	-0.442715	-0.487499
chr12:127000000-127500000	chr12	-0.070211	1.23627	0.304975	0	-0.259466	-0.328084	-0.24708	-0.390352
chr12:127500000-128000000	chr12	0.193127	1.02817	0.098917	0	-0.235356	-0.411602	-0.337661	-0.195286
chr12:128000000-128500000	chr12	0.008159	1.08716	0.156513	0	-0.487244	-0.364419	-0.298633	-0.274625
chr12:128500000-129000000	chr12	0.253959	1.10744	0.280022	1	-0.021497	-0.101442	-0.0604297	-0.0152649
chr12:129000000-129500000	chr12	0.320234	0.836494	0.195567	2	0.794851	0.806668	0.617767	0.91055
chr12:129500000-130000000	chr12	-0.172007	0.983122	-0.161528	0	0.316276	0.304503	0.335727	0.370571
chr12:130000000-130500000	chr12	0.01844	0.706458	-0.027573	1	0.27907	0.306451	0.362244	0.341774
chr12:130500000-131000000	chr12	-0.026522	1.37355	0.163212	2	0.436809	0.470137	0.343	0.440649
chr12:131000000-131500000	chr12	0.011268	0.899863	-0.025353	4	1.02822	1.05247	1.12575	1.10083
chr12:131500000-132000000	chr12	-0.265615	1.40113	0.081371	0	0.897394	0.995024	0.915354	1.06729
chr12:132000000-132500000	chr12	-0.235401	0.460754	0.094559	5	1.17731	1.16982	1.19494	1.17249
chr12:132500000-133000000	chr12	-0.051519	-0.235795	0.253859	3	1.02871	1.1262	1.08888	1.06527
chr12:133000000-133500000	chr12	-0.172189	-0.384212	-0.034272	9	1.21615	1.15902	1.07604	1.28096
chr12:133500000-133851895	chr12	0.060342	-0.466876	-0.490319	8	0.759329	0.618883	0.745066	0.626245
chr13:19000000-19500000	chr13	0.040486	0.6962	0.111393	0	-0.819448	-0.798886	-0.685046	-0.548139
chr13:19500000-20000000	chr13	-0.080141	1.01323	0.168737	1	-0.555513	-0.674992	-0.497141	-0.542322
chr13:20000000-20500000	chr13	-0.050638	-0.154504	-0.04515	4	0.976297	1.15661	0.980814	1.01284
chr13:20500000-21000000	chr13	-0.086427	-0.677386	0.148953	4	1.29358	1.21744	1.1525	0.969108
chr13:21000000-21500000	chr13	-0.071539	-0.870397	-0.18728	5	1.15246	1.233	1.13628	1.15644
chr13:21500000-22000000	chr13	-0.233511	-0.429836	-0.045801	4	1.26697	1.27058	1.1431	1.04977
chr13:22000000-22500000	chr13	-0.076592	-0.168346	-0.141814	3	0.796587	0.492773	0.748945	0.563265
chr13:22500000-23000000	chr13	-0.0166	0.159629	-0.07112	0	0.887871	0.987122	0.820607	0.874447
chr13:23000000-23500000	chr13	-0.267409	0.083632	0.102923	0	-0.23153	-0.208466	-0.0151728	-0.206246
chr13:23500000-24000000	chr13	0.081843	-0.191427	0.014217	1	0.333509	0.527091	0.416347	0.510401
chr13:24000000-24500000	chr13	-0.155095	-0.789361	-0.075557	4	1.06432	0.944818	0.833289	0.74591
chr13:24500000-25000000	chr13	-0.461114	0.050012	-0.18576	2	0.764478	0.774195	0.646777	0.611631
chr13:25000000-25500000	chr13	-0.27207	-0.02172	-0.305796	4	0.841768	0.777345	1.04073	0.872046
chr13:25500000-26000000	chr13	-0.162196	-0.134435	0.040828	5	0.977578	0.980916	1.07877	0.931881
chr13:26000000-26500000	chr13	-0.151688	-0.089435	-0.179233	0	-0.659511	-0.617515	-0.487668	-0.563661
chr13:26500000-27000000	chr13	-0.094719	-0.544662	-0.216955	3	0.0924153	0.174847	0.0543851	-0.0795006
chr13:27000000-27500000	chr13	-0.165715	-0.155882	-0.214376	2	-0.307996	-0.592193	-0.225116	-0.293516
chr13:27500000-28000000	chr13	0.076213	-0.885754	-0.212273	4	1.12909	1.0386	1.06468	1.16376
chr13:28000000-28500000	chr13	-0.161759	-0.327356	-0.098164	5	1.10383	1.04064	0.843356	1.09653
chr13:28500000-29000000	chr13	-0.156439	-0.76812	0.053464	4	1.31981	1.31202	1.30914	1.44897
chr13:29000000-29500000	chr13	-0.005949	-0.553409	-0.25136	4	1.11458	0.985569	1.1435	1.11267
chr13:29500000-30000000	chr13	-0.018792	-0.089059	-0.008607	0	-0.505593	-0.632064	-0.421861	-0.710207
chr13:30000000-30500000	chr13	-0.256136	-0.719727	-0.064161	2	0.720745	0.577506	0.71596	0.505008
chr13:30500000-31000000	chr13	-0.179328	-1.00883	-0.09475	2	1.18744	1.06409	1.05305	1.02258
chr13:31000000-31500000	chr13	-0.038816	-1.01258	-0.122034	4	1.06552	1.23445	1.17603	1.16588
chr13:31500000-32000000	chr13	0.067897	-0.594303	-0.102472	3	-0.377619	-0.400946	-0.27821	-0.251099
chr13:32000000-32500000	chr13	-0.100243	-0.488223	-0.080467	1	-0.966456	-0.981822	-0.870014	-0.633791
chr13:32500000-33000000	chr13	-0.040174	-0.796841	-0.247929	3	0.565318	0.491848	0.350383	0.434506
chr13:33000000-33500000	chr13	-0.311178	-0.860331	0.118664	3	1.22933	1.1174	1.13906	1.24464
chr13:33500000-34000000	chr13	-0.117407	-0.679325	-0.026975	2	0.812358	0.943821	1.04117	1.04764
chr13:34000000-34500000	chr13	-0.06548	-0.876815	-0.190828	1	1.02704	0.957988	0.877111	0.980151
chr13:34500000-35000000	chr13	-0.154116	-0.444653	-0.249842	0	-0.53588	-0.468412	-0.424099	-0.498544
chr13:35000000-35500000	chr13	-0.15	-0.217605	-0.376701	0	-1.17309	-1.20406	-1.19926	-1.3486
chr13:35500000-36000000	chr13	0.054825	-0.535393	-0.1785	1	-1.24211	-1.26049	-1.21371	-1.31643
chr13:36000000-36500000	chr13	-0.150075	-0.06524	0.068513	1	-1.24041	-1.27145	-1.21033	-1.18443
chr13:36500000-37000000	chr13	-0.217078	0.049457	-0.056909	4	-1.2286	-1.18299	-1.25826	-1.11714
chr13:37000000-37500000	chr13	-0.29086	0.405381	-0.225553	4	-0.963327	-0.93275	-0.98315	-1.10518
chr13:37500000-38000000	chr13	-0.030343	-0.666302	-0.252145	4	-0.864818	-0.787025	-0.81695	-0.961314
chr13:38000000-38500000	chr13	-0.075026	-0.948833	-0.03029	2	-1.37638	-1.39616	-1.35651	-1.44365
chr13:38500000-39000000	chr13	-0.111735	0.265105	-0.199465	1	-1.27697	-1.26262	-1.18547	-1.12632
chr13:39000000-39500000	chr13	0.006281	0.265202	-0.100266	1	-1.36765	-1.34832	-1.36169	-1.41215
chr13:39500000-40000000	chr13	0.088174	-0.266928	-0.141697	3	-0.415354	-0.433795	-0.75495	-0.852039
chr13:40000000-40500000	chr13	-0.113552	-0.78279	-0.007625	2	-0.16945	-0.181268	-0.206032	0.130315
chr13:40500000-41000000	chr13	-0.164264	-0.340639	-0.217389	0	0.410144	0.422316	0.654387	0.769312
chr13:41000000-41500000	chr13	-0.093342	-0.587433	-0.32363	3	0.826162	0.84223	0.856838	0.866968
chr13:41500000-42000000	chr13	-0.08624	-1.22968	0.042086	6	1.36479	1.31834	1.3137	1.34494
chr13:42000000-42500000	chr13	-0.053965	-1.19064	-0.178006	1	1.24319	1.26445	1.20631	1.22389
chr13:42500000-43000000	chr13	-0.141642	-1.16569	-0.207798	3	1.38821	1.32239	1.32034	1.50509
chr13:43000000-43500000	chr13	-0.308154	-0.737055	-0.517811	2	1.28286	1.13854	1.15762	1.11238
chr13:43500000-44000000	chr13	0.072562	-1.11738	-0.160921	2	0.989492	0.949034	0.869288	0.742267
chr13:44000000-44500000	chr13	0.041012	-1.2748	-0.219732	3	-0.614232	-0.572134	-0.486559	-0.44199
chr13:44500000-45000000	chr13	-0.159693	-0.924918	-0.305911	1	-0.509204	-0.528988	-0.313988	-0.373338
chr13:45000000-45500000	chr13	-0.158508	-1.08783	-0.23722	1	0.359558	0.123502	0.473238	0.457423
chr13:45500000-46000000	chr13	0.178884	-1.40712	0.065664	6	1.31536	1.3414	1.32675	1.35367
chr13:46000000-46500000	chr13	-0.072161	-0.559236	-0.464137	4	1.03337	1.02232	0.891544	0.96753
chr13:46500000-47000000	chr13	-0.252954	-0.797823	-0.300257	5	0.906449	1.00278	1.10196	1.18387
chr13:47000000-47500000	chr13	-0.005305	-0.813602	-0.134377	3	0.539631	0.665005	0.712315	0.645275
chr13:47500000-48000000	chr13	-0.063457	-0.151089	-0.097652	0	-1.14909	-1.0928	-1.09703	-1.07872
chr13:48000000-48500000	chr13	-0.173415	0.283673	-0.35134	0	-1.139	-1.18098	-1.07849	-0.898323
chr13:48500000-49000000	chr13	-0.258938	-0.529886	-0.324837	6	0.548044	0.602703	0.440123	0.416342
chr13:49000000-49500000	chr13	0.026969	-0.639305	-0.181497	2	0.139638	0.0779894	-0.112061	-0.0984764
chr13:49500000-50000000	chr13	0.138904	-1.1922	-0.169786	3	1.20957	1.24464	1.19161	1.2536
chr13:50000000-50500000	chr13	-0.112707	-0.955196	-0.215709	7	1.33043	1.35003	1.29692	1.40359
chr13:50500000-51000000	chr13	-0.255486	-1.22858	-0.02726	3	1.16205	1.16908	1.20603	1.26322
chr13:51000000-51500000	chr13	-0.07014	-1.02739	-0.125488	2	1.30857	1.26918	1.27638	1.32424
chr13:51500000-52000000	chr13	0.24468	-0.885436	-0.332569	3	1.1963	1.12919	1.17087	1.23038
chr13:52000000-52500000	chr13	0.095982	-0.778076	-0.298441	5	1.36243	1.34993	1.3101	1.43778
chr13:52500000-53000000	chr13	-0.038879	-0.571722	-0.268294	6	0.527992	0.50011	0.524192	0.515158
chr13:53000000-53500000	chr13	-0.072837	0.074976	-0.187217	6	1.00907	1.13766	0.99449	0.983359
chr13:53500000-54000000	chr13	0.183242	0.873696	0.027	1	-0.815397	-0.795028	-0.869505	-0.908296
chr13:54000000-54500000	chr13	0.116389	0.637374	0.105613	0	-1.39094	-1.38829	-1.38831	-1.54
chr13:54500000-55000000	chr13	0.234613	0.456528	0.315856	0	-1.36069	-1.36336	-1.3667	-1.44422
chr13:55000000-55500000	chr13	0.161086	0.562235	0.444324	0	-1.35379	-1.36205	-1.43713	-1.36737
chr13:55500000-56000000	chr13	0.3303	0.184052	0.488012	0	-1.38359	-1.35543	-1.42706	-1.39414
chr13:56000000-56500000	chr13	0.105604	0.276296	0.627434	0	-1.40134	-1.38595	-1.41869	-1.45447
chr13:56500000-57000000	chr13	0.428409	0.113593	0.635513	0	-1.42429	-1.39574	-1.40722	-1.43111
chr13:57000000-57500000	chr13	0.235477	0.099497	0.671906	0	-1.40053	-1.40827	-1.41465	-1.38046
chr13:57500000-58000000	chr13	0.407567	-0.019983	0.558193	5	-1.28222	-1.33176	-1.40556	-1.25979
chr13:58000000-58500000	chr13	0.193957	0.230783	0.34134	1	-1.34303	-1.39967	-1.41659	-1.3639
chr13:58500000-59000000	chr13	0.209114	0.348901	0.202403	0	-1.13943	-1.22593	-1.34007	-1.32889
chr13:59000000-59500000	chr13	0.35489	0.177046	0.218139	0	-0.95337	-1.0104	-1.20959	-1.01179
chr13:59500000-60000000	chr13	-0.092389	-0.148187	-0.270227	0	-1.20724	-1.16799	-1.15439	-1.24206
chr13:60000000-60500000	chr13	-0.257392	-0.241662	-0.469522	0	-0.0902933	0.101745	-0.148701	-0.0968436
chr13:60500000-61000000	chr13	-0.170907	-0.078503	-0.068716	2	0.888415	0.97615	0.736637	0.768617
chr13:61000000-61500000	chr13	0.179526	0.505599	0.044431	0	0.173972	0.124017	0.0619443	-0.205238
chr13:61500000-62000000	chr13	0.128276	0.339834	0.138019	1	-0.551827	-0.613701	-0.471614	-0.549231
chr13:62000000-62500000	chr13	0.298302	0.488523	0.229489	0	-1.3606	-1.39595	-1.39806	-1.33981
chr13:62500000-63000000	chr13	0.311663	0.335614	0.091449	0	0.155206	0.140005	0.0797182	0.180393
chr13:63000000-63500000	chr13	0.225149	-0.042114	0.247408	0	-1.03854	-0.915058	-0.961921	-1.03982
chr13:63500000-64000000	chr13	0.089449	-0.298556	0.100483	0	-1.35663	-1.33402	-1.38957	-1.16157
chr13:64000000-64500000	chr13	-0.037451	-0.072867	-0.086556	2	-1.24535	-1.25411	-1.34942	-0.921657
chr13:64500000-65000000	chr13	0.024753	-0.291184	-0.047747	0	-0.827944	-0.811086	-0.95354	-0.795183
chr13:65000000-65500000	chr13	0.088653	-0.670642	-0.053298	0	-1.23258	-1.31851	-1.43939	-1.38463
chr13:65500000-66000000	chr13	-0.317227	-0.291613	-0.084321	0	-0.527916	-0.601512	-1.18165	-1.19743
chr13:66000000-66500000	chr13	-0.192157	-0.581097	-0.159365	0	-0.999529	-1.01522	-1.3652	-1.23264
chr13:66500000-67000000	chr13	-0.297389	-0.189021	-0.073999	0	-1.28311	-1.22543	-1.23821	-1.1409
chr13:67000000-67500000	chr13	-0.291815	-0.410717	-0.046908	0	-1.39108	-1.34589	-1.39545	-1.4335
chr13:67500000-68000000	chr13	-0.047936	-0.5132	-0.001663	1	-1.24585	-1.26917	-1.3027	-1.38665
chr13:68000000-68500000	chr13	0.088213	0.179829	0.36156	0	-1.40246	-1.38794	-1.51044	-1.40041
chr13:68500000-69000000	chr13	0.261193	0.154388	0.125975	0	-1.02877	-0.959043	-1.05124	-1.01775
chr13:69000000-69500000	chr13	0.264569	0.078404	0.43139	0	-1.31228	-1.27432	-1.30334	-1.11384
chr13:69500000-70000000	chr13	0.536256	0.295783	0.383311	0	-1.34098	-1.35571	-1.17332	-1.08854
chr13:70000000-70500000	chr13	0.254322	0.489298	0.63818	0	-0.768769	-0.745155	-0.926621	-0.663137
chr13:70500000-71000000	chr13	0.243882	0.404623	0.571839	2	-1.39954	-1.44109	-1.44265	-1.46212
chr13:71000000-71500000	chr13	0.073641	0.275703	0.249931	0	-1.44008	-1.46367	-1.38153	-1.4455
chr13:71500000-72000000	chr13	-0.033723	0.250209	0.100746	0	-1.23987	-1.16784	-1.28405	-1.30048
chr13:72000000-72500000	chr13	-0.260708	0.057164	0.112491	1	-1.31845	-1.33618	-1.43099	-1.31082
chr13:72500000-73000000	chr13	-0.111636	0.171982	-0.261916	0	-1.43447	-1.3984	-1.43307	-1.5514
chr13:73000000-73500000	chr13	-0.097517	-0.029159	-0.265105	4	0.218967	0.183349	0.0445345	-0.0400027
chr13:73500000-74000000	chr13	-0.260192	-0.219221	-0.173559	1	-0.579678	-0.730978	-0.574652	-0.69702
chr13:74000000-74500000	chr13	-0.094387	-0.219602	-0.164407	0	-0.978974	-0.832159	-0.885888	-1.00254
chr13:74500000-75000000	chr13	-0.0971	-0.642345	-0.144284	1	-0.804047	-0.795998	-0.736305	-0.587515
chr13:75000000-75500000	chr13	-0.130303	-0.178608	-0.346874	0	-1.14933	-1.3231	-1.38109	-1.36188
chr13:75500000-76000000	chr13	-0.068397	-0.460947	-0.488845	0	-0.247775	-0.361445	-0.483084	-0.236636
chr13:76000000-76500000	chr13	-0.169585	-0.81692	-0.166793	4	1.23776	1.21438	1.08026	1.18525
chr13:76500000-77000000	chr13	0.100179	-0.298161	-0.203297	0	-1.39159	-1.38536	-1.38657	-1.45592
chr13:77000000-77500000	chr13	0.023089	-0.322375	-0.095684	1	-1.31388	-1.32716	-1.27391	-1.29747
chr13:77500000-78000000	chr13	-0.135248	-0.013938	-0.099901	5	1.27184	1.34436	1.30639	1.29762
chr13:78000000-78500000	chr13	-0.04668	0.818466	-0.080831	3	1.17056	1.17679	1.16394	1.15106
chr13:78500000-79000000	chr13	0.029643	0.676608	0.228319	0	0.502454	0.434119	0.572366	0.609058
chr13:79000000-79500000	chr13	0.132669	1.0073	-0.287559	2	-0.410734	-0.595186	-0.307858	-0.234593
chr13:79500000-80000000	chr13	0.168503	0.59454	-0.137218	1	1.08982	1.19659	1.21255	1.21874
chr13:80000000-80500000	chr13	-0.117877	-0.296385	-0.252457	1	-0.073734	0.18348	0.176946	-0.103753
chr13:80500000-81000000	chr13	0.007458	-0.614377	-0.007056	1	0.196852	0.230592	0.0865391	0.0752591
chr13:81000000-81500000	chr13	0.316948	0.260658	0.315363	0	-1.11572	-1.07832	-1.14518	-1.1036
chr13:81500000-82000000	chr13	0.382726	0.43458	0.426519	0	-1.39606	-1.43009	-1.42681	-1.41598
chr13:82000000-82500000	chr13	0.309456	0.349395	0.454235	0	-1.28199	-1.26673	-1.35664	-1.38791
chr13:82500000-83000000	chr13	0.256956	0.28338	0.223601	0	-1.42171	-1.43729	-1.43764	-1.45153
chr13:83000000-83500000	chr13	0.511363	-0.10742	0.590455	0	-1.29943	-1.27266	-1.29628	-1.23783
chr13:83500000-84000000	chr13	0.337101	-0.139163	0.303489	0	-0.33429	-0.306473	-0.957339	-0.852626
chr13:84000000-84500000	chr13	0.230781	-0.117166	0.240257	1	0.684621	0.681653	-0.355954	-0.47575
chr13:84500000-85000000	chr13	0.044879	0.049623	0.013134	0	0.874302	0.910614	-0.00104917	0.197364
chr13:85000000-85500000	chr13	0.132143	-0.013103	0.298994	0	-0.684669	-0.587396	-1.09456	-0.850141
chr13:85500000-86000000	chr13	-0.005844	0.088405	-0.081998	0	-1.2509	-1.23407	-1.43126	-1.44939
chr13:86000000-86500000	chr13	0.059852	-0.042273	-0.149954	1	0.0786387	0.134488	-0.43452	-0.347518
chr13:86500000-87000000	chr13	0.346263	0.17483	0.207819	0	-1.39173	-1.38775	-1.27997	-1.23071
chr13:87000000-87500000	chr13	0.16397	0.366471	0.212041	0	-1.45036	-1.39189	-1.4225	-1.42207
chr13:87500000-88000000	chr13	-0.035143	-0.46648	-0.000911	0	-1.27502	-1.35016	-1.30048	-1.23123
chr13:88000000-88500000	chr13	0.152823	0.127951	0.275988	1	-0.331173	-0.225011	-0.285941	-0.27414
chr13:88500000-89000000	chr13	0.119912	0.096946	0.251148	0	-0.773034	-0.984939	-1.18804	-1.03932
chr13:89000000-89500000	chr13	0.339362	0.386643	0.208857	0	-0.941115	-1.02089	-0.958637	-0.912343
chr13:89500000-90000000	chr13	0.313172	0.105011	0.558662	0	-1.1957	-1.14382	-1.23661	-1.23493
chr13:90000000-90500000	chr13	0.22255	-0.304204	0.270765	0	-1.37037	-1.29468	-1.37116	-1.18311
chr13:90500000-91000000	chr13	-0.124133	0.005758	0.147729	0	-1.3686	-1.28725	-1.35067	-1.32312
chr13:91000000-91500000	chr13	-0.277964	0.215889	-0.007292	0	-1.36271	-1.28135	-1.3684	-1.35568
chr13:91500000-92000000	chr13	0.055332	0.468458	-0.214914	1	-0.559783	-0.457984	-0.685497	-0.331768
chr13:92000000-92500000	chr13	0.220773	0.174486	-0.100502	1	-1.28527	-1.21988	-1.22996	-1.237
chr13:92500000-93000000	chr13	0.220473	-0.203138	-0.128385	0	-1.43525	-1.4005	-1.3726	-1.33789
chr13:93000000-93500000	chr13	-0.169459	-0.180054	-0.172979	0	-1.38097	-1.35432	-1.38057	-1.45304
chr13:93500000-94000000	chr13	0.156216	-0.65813	-0.162549	1	-1.32757	-1.34216	-1.34736	-1.29129
chr13:94000000-94500000	chr13	-0.129042	-0.714331	-0.08044	0	-1.39157	-1.40219	-1.39295	-1.47211
chr13:94500000-95000000	chr13	-0.108263	-0.503106	-0.22606	0	-1.32611	-1.35074	-1.37269	-1.46074
chr13:95000000-95500000	chr13	-0.157831	0.222496	-0.486397	4	-0.435068	-0.41854	-0.52782	-0.688548
chr13:95500000-96000000	chr13	-0.387674	0.294267	-0.391279	1	0.903681	0.888511	0.681442	0.746897
chr13:96000000-96500000	chr13	-0.063449	-0.138878	-0.376579	3	0.848643	0.762141	0.559756	0.424528
chr13:96500000-97000000	chr13	-0.083364	0.609748	-0.195547	2	-0.695565	-0.838939	-0.932494	-0.675004
chr13:97000000-97500000	chr13	0.29386	0.933328	0.298204	0	-1.46277	-1.44862	-1.49724	-1.49419
chr13:97500000-98000000	chr13	0.0055	-0.079853	-0.051693	2	-0.74956	-0.624998	-0.75888	-0.679249
chr13:98000000-98500000	chr13	-0.074316	0.159583	-0.095857	1	0.210996	0.0772579	-0.158363	-0.149072
chr13:98500000-99000000	chr13	0.077537	-0.643034	-0.356534	3	-0.170674	-0.172805	-0.212924	-0.197345
chr13:99000000-99500000	chr13	-0.05361	-0.522788	-0.405495	2	0.592309	0.59424	0.675912	0.810864
chr13:99500000-100000000	chr13	-0.226552	-0.536827	-0.111724	4	0.868821	0.99517	0.982319	0.913796
chr13:100000000-100500000	chr13	-0.092649	-0.074796	-0.210087	2	1.12774	1.22302	1.17064	1.16244
chr13:100500000-101000000	chr13	-0.119345	-0.345046	-0.267084	3	0.986991	0.940842	0.897248	0.941078
chr13:101000000-101500000	chr13	-0.183807	0.323034	-0.411542	2	0.169893	0.18156	0.240497	0.180409
chr13:101500000-102000000	chr13	-0.012623	0.398184	-0.197221	0	-1.21859	-1.24395	-1.26826	-1.19105
chr13:102000000-102500000	chr13	-0.106066	0.180783	-0.013773	2	-1.30288	-1.38751	-1.42067	-1.34417
chr13:102500000-103000000	chr13	0.210602	0.992282	0.148239	1	-1.31981	-1.38806	-1.3361	-1.39456
chr13:103000000-103500000	chr13	0.024818	0.602294	-0.015853	7	-0.257131	-0.101559	-0.104679	-0.075968
chr13:103500000-104000000	chr13	0.178515	0.636439	-0.110171	1	0.957856	1.0005	0.902398	1.14019
chr13:104000000-104500000	chr13	0.314218	0.422279	0.203267	0	-0.555565	-0.501469	-0.707344	-0.586658
chr13:104500000-105000000	chr13	0.14454	-0.184476	0.041721	0	-1.10294	-1.14939	-1.2353	-1.22078
chr13:105000000-105500000	chr13	0.344305	-0.022974	-0.007321	0	-0.964211	-0.999607	-1.32129	-1.2561
chr13:105500000-106000000	chr13	0.048629	-0.197232	-0.317617	0	-1.12805	-1.0888	-1.27849	-1.1294
chr13:106000000-106500000	chr13	-0.081112	-0.635788	-0.181753	1	-1.30935	-1.37762	-1.37098	-1.31311
chr13:106500000-107000000	chr13	-0.134935	-0.404717	-0.441837	0	-1.18529	-1.22829	-1.03654	-1.08158
chr13:107000000-107500000	chr13	0.102515	0.247462	-0.100531	2	-0.64329	-0.553347	-0.636127	-0.445485
chr13:107500000-108000000	chr13	-0.03559	0.61612	0.016518	0	-1.11687	-1.18107	-1.11679	-1.0763
chr13:108000000-108500000	chr13	-0.303836	0.222144	-0.246562	0	-1.35257	-1.3572	-1.41727	-1.40138
chr13:108500000-109000000	chr13	-0.298765	0.192911	-0.093953	4	-1.09556	-1.06438	-1.12622	-1.12189
chr13:109000000-109500000	chr13	-0.046755	-0.100122	-0.315729	1	-1.17097	-1.14887	-1.1724	-1.2597
chr13:109500000-110000000	chr13	-0.060617	-0.675808	-0.430225	0	-0.797358	-0.77459	-0.580379	-0.589501
chr13:110000000-110500000	chr13	-0.044204	-0.558128	-0.258958	1	-0.752312	-0.84901	-0.864291	-0.75974
chr13:110500000-111000000	chr13	-0.194209	-0.751291	-0.006863	2	-0.28384	-0.155201	-0.264068	-0.0793856
chr13:111000000-111500000	chr13	0.019348	-0.614017	-0.117297	4	1.10834	1.16722	1.0815	1.14926
chr13:111500000-112000000	chr13	-0.048163	-0.145775	-0.207306	3	1.08521	1.07236	1.00706	1.10008
chr13:112000000-112500000	chr13	0.015887	0.810016	0.075807	0	0.220549	0.0545316	0.102746	0.0863077
chr13:112500000-113000000	chr13	0.009683	0.902629	-0.000138	1	-0.0517198	-0.202445	-0.0856993	-0.123564
chr13:113000000-113500000	chr13	-0.223612	0.195567	0.119279	3	0.908327	0.77865	0.863933	0.818582
chr13:113500000-114000000	chr13	-0.165543	-0.366827	-0.001378	7	1.12697	1.08116	1.06667	1.17446
chr13:114000000-114500000	chr13	-0.176817	-0.637563	-0.055395	8	1.16813	1.13522	1.09231	1.24493
chr13:114500000-115000000	chr13	0.097419	-0.666016	0.001974	4	1.09647	1.13167	1.04179	1.12638
chr14:20000000-20500000	chr14	-0.038434	0.882778	0.382243	10	-1.26018	-1.26457	-1.31841	-1.26195
chr14:20500000-21000000	chr14	0.302994	0.07711	0.112465	17	-0.321295	-0.222799	-0.266308	-0.0569247
chr14:21000000-21500000	chr14	-0.158207	0.261468	0.131886	16	0.0754518	0.250453	0.0721114	-0.063646
chr14:21500000-22000000	chr14	-0.109592	-0.640989	-0.017147	15	0.982106	0.944508	0.998163	0.906208
chr14:22000000-22500000	chr14	0.134226	0.482191	0.139818	3	-0.758132	-0.626953	-0.787416	-0.793373
chr14:22500000-23000000	chr14	0.09933	-0.218508	-0.14984	0	0.159705	-0.0580935	-0.0822702	0.0606649
chr14:23000000-23500000	chr14	-0.182833	-0.578099	0.033531	14	1.16716	1.14237	1.11681	1.2265
chr14:23500000-24000000	chr14	0.06955	-0.442562	-0.095209	20	0.927641	0.938147	0.829412	0.894575
chr14:24000000-24500000	chr14	-0.086284	0.185166	0.205034	7	0.274451	0.337171	0.156273	0.195163
chr14:24500000-25000000	chr14	-0.30624	0.210426	0.106614	35	0.96941	1.04419	0.997203	1.09138
chr14:25000000-25500000	chr14	0.095689	0.589271	0.128464	3	-0.173996	-0.155109	-0.166434	-0.0107757
chr14:25500000-26000000	chr14	0.11244	0.849518	0.198347	1	-1.22477	-1.27048	-1.24917	-1.13215
chr14:26000000-26500000	chr14	0.406381	0.759618	0.292618	0	-1.38809	-1.39748	-1.40279	-1.40547
chr14:26500000-27000000	chr14	0.211407	0.272688	0.200871	0	-1.38319	-1.37931	-1.37833	-1.45312
chr14:27000000-27500000	chr14	0.035096	0.253645	0.333852	1	-1.39485	-1.37553	-1.36298	-1.42631
chr14:27500000-28000000	chr14	0.326546	0.362004	0.511987	0	-1.37578	-1.39705	-1.39494	-1.43147
chr14:28000000-28500000	chr14	0.262867	0.48436	0.259431	0	-1.33451	-1.4198	-1.38068	-1.37735
chr14:28500000-29000000	chr14	0.379803	0.245898	0.213523	0	-1.37648	-1.41051	-1.42025	-1.41312
chr14:29000000-29500000	chr14	-0.08991	0.46473	0.329168	1	-1.2914	-1.30035	-1.32039	-1.21493
chr14:29500000-30000000	chr14	-0.167744	0.630055	0.251478	0	-1.32651	-1.30858	-1.33198	-1.32303
chr14:30000000-30500000	chr14	-0.060093	0.447933	-0.121088	1	-1.34573	-1.37586	-1.32091	-1.23888
chr14:30500000-31000000	chr14	-0.150872	0.718526	0.083692	0	-0.986958	-0.945322	-0.67018	-0.693853
chr14:31000000-31500000	chr14	-0.066894	-0.729018	-0.233735	5	0.561465	0.504258	0.806917	0.649989
chr14:31500000-32000000	chr14	-0.058034	-1.09778	-0.089047	4	0.935586	0.993112	0.944151	0.977954
chr14:32000000-32500000	chr14	-0.206709	-0.472586	-0.131026	1	-0.75498	-0.636705	-0.500483	-0.52407
chr14:32500000-33000000	chr14	0.061692	-1.12704	0.049058	2	-1.11534	-1.10715	-1.11459	-0.950507
chr14:33000000-33500000	chr14	0.118841	-0.922907	0.127442	1	-1.34527	-1.37898	-1.36216	-1.45264
chr14:33500000-34000000	chr14	-0.178391	-0.535445	-0.155435	0	-1.3791	-1.38445	-1.37326	-1.46088
chr14:34000000-34500000	chr14	-0.181145	-0.307202	-0.164604	1	-1.28882	-1.3036	-1.29846	-1.32503
chr14:34500000-35000000	chr14	-0.055933	-0.321274	-0.406532	1	-0.707623	-0.635322	-0.548336	-0.360335
chr14:35000000-35500000	chr14	-0.013737	-0.850203	0.015815	5	1.01795	1.01617	0.963869	1.0227
chr14:35500000-36000000	chr14	-0.317433	-0.431785	-0.328855	5	0.96429	0.95208	0.954788	1.01936
chr14:36000000-36500000	chr14	-0.119664	-0.024185	0.006814	3	0.426194	0.404161	0.438332	0.271115
chr14:36500000-37000000	chr14	0.355045	0.769573	0.002315	3	-1.04179	-1.06506	-1.02706	-0.984587
chr14:37000000-37500000	chr14	-0.085441	0.888041	0.1326	2	-1.20114	-1.23412	-1.32434	-1.23313
chr14:37500000-38000000	chr14	-0.19851	0.559044	-0.009362	2	-1.3428	-1.35049	-1.37186	-1.41702
chr14:38000000-38500000	chr14	0.046232	0.685547	0.221341	2	-1.37492	-1.36174	-1.40135	-1.40403
chr14:38500000-39000000	chr14	-0.148293	0.501047	0.246954	2	-1.37468	-1.37504	-1.36485	-1.37897
chr14:39000000-39500000	chr14	0.246539	0.702081	0.33654	0	-1.29973	-1.28438	-1.32348	-1.33731
chr14:39500000-40000000	chr14	-0.141309	-0.261867	0.23023	6	0.30784	0.284274	0.42062	0.458119
chr14:40000000-40500000	chr14	0.059622	0.873117	-0.054592	0	-0.983528	-0.967159	-1.06906	-1.17066
chr14:40500000-41000000	chr14	0.173627	0.472345	0.433738	0	-1.06959	-1.1622	-1.28779	-1.3128
chr14:41000000-41500000	chr14	0.134282	0.124797	0.537859	0	-1.30742	-1.35467	-1.37262	-1.34374
chr14:41500000-42000000	chr14	-0.017039	0.250464	0.446997	0	-1.33551	-1.3559	-1.34009	-1.33264
chr14:42000000-42500000	chr14	-0.115142	-0.169683	0.178645	1	-1.11855	-1.10094	-1.24491	-1.29872
chr14:42500000-43000000	chr14	-0.139278	0.056767	0.25976	0	-0.123932	-0.0927678	-0.270837	-0.295452
chr14:43000000-43500000	chr14	-0.008813	-0.08673	0.216852	0	-0.374098	-0.572262	-1.03636	-0.953011
chr14:43500000-44000000	chr14	0.381859	0.15719	0.500825	0	-0.849658	-0.879357	-1.32746	-1.41915
chr14:44000000-44500000	chr14	0.142882	0.435789	0.249544	0	-1.21318	-1.21187	-1.34251	-1.38463
chr14:44500000-45000000	chr14	0.21113	0.122647	0.462124	1	-1.32259	-1.36251	-1.35206	-1.42763
chr14:45000000-45500000	chr14	0.010093	0.222993	0.027703	3	-0.722427	-0.78922	-0.821027	-0.749875
chr14:45500000-46000000	chr14	0.139078	0.341079	0.253609	4	-0.4439	-0.540109	-0.373874	-0.328281
chr14:46000000-46500000	chr14	0.195253	0.635166	0.451414	0	-1.35401	-1.37975	-1.39136	-1.39294
chr14:46500000-47000000	chr14	0.116968	0.461698	0.436782	0	-1.37646	-1.3792	-1.37943	-1.40629
chr14:47000000-47500000	chr14	0.175213	0.426539	0.382629	1	-1.29329	-1.34653	-1.33053	-1.37446
chr14:47500000-48000000	chr14	0.174131	0.182567	0.192898	0	-1.3468	-1.35297	-1.35175	-1.40481
chr14:48000000-48500000	chr14	0.278685	0.437824	0.467309	1	-1.36495	-1.35354	-1.3254	-1.33326
chr14:48500000-49000000	chr14	0.235338	0.21576	0.800851	0	-1.37895	-1.36235	-1.36256	-1.36532
chr14:49000000-49500000	chr14	0.111842	0.431396	0.496993	0	-1.35983	-1.36118	-1.38877	-1.40893
chr14:49500000-50000000	chr14	0.213487	1.05729	0.020381	0	-1.33025	-1.31347	-1.26631	-1.37343
chr14:50000000-50500000	chr14	0.240702	-0.951892	-0.078552	10	0.888269	0.904758	0.932935	0.994603
chr14:50500000-51000000	chr14	0.058813	-1.20606	0.021561	6	1.05423	1.05151	1.13054	1.1211
chr14:51000000-51500000	chr14	-0.213487	-1.01526	-0.280514	5	0.805782	0.674952	0.805958	0.756861
chr14:51500000-52000000	chr14	-0.047948	-0.91729	-0.220591	2	-0.439449	-0.431463	-0.456579	-0.289834
chr14:52000000-52500000	chr14	0.153126	-1.15496	0.02691	3	0.011481	-0.0531	0.106789	-0.00494316
chr14:52500000-53000000	chr14	-0.011915	-0.722932	-0.145452	3	-0.837782	-0.752707	-0.745019	-0.748199
chr14:53000000-53500000	chr14	0.256193	-1.32395	-0.073062	7	0.754203	0.734161	0.851131	0.688671
chr14:53500000-54000000	chr14	-0.096508	-0.695395	-0.205252	1	0.00659664	-0.127898	0.0412374	0.125701
chr14:54000000-54500000	chr14	0.034358	-0.961736	0.040162	1	-1.08689	-0.955461	-0.897393	-0.776106
chr14:54500000-55000000	chr14	-0.129887	-0.919759	-0.123648	4	-0.132149	-0.148965	-0.0629165	-0.130432
chr14:55000000-55500000	chr14	-0.00508	-0.911107	-0.156847	4	0.641418	0.632038	0.606934	0.633632
chr14:55500000-56000000	chr14	-0.173387	-0.707038	-0.025266	6	0.856466	0.7952	0.811325	0.840808
chr14:56000000-56500000	chr14	0.045034	-0.051602	0.048688	1	-0.692685	-0.702523	-0.7655	-0.702097
chr14:56500000-57000000	chr14	-0.259901	0.396822	-0.027238	1	-1.14282	-1.22425	-1.26825	-1.11808
chr14:57000000-57500000	chr14	0.00774	0.760498	0.32463	2	-1.1632	-1.13897	-1.26398	-1.24975
chr14:57500000-58000000	chr14	0.008515	0.428157	0.344666	4	-0.817912	-0.980292	-0.918903	-0.808565
chr14:58000000-58500000	chr14	0.085339	1.37118	-0.033469	1	-1.37453	-1.32529	-1.33071	-1.39214
chr14:58500000-59000000	chr14	-0.131025	-0.637639	-0.115394	7	0.38046	0.438634	0.422304	0.29752
chr14:59000000-59500000	chr14	-0.217924	-0.47584	-0.359485	1	0.197761	-0.0482281	0.120032	0.0474428
chr14:59500000-60000000	chr14	0.017438	-0.736441	-0.078437	4	0.460102	0.274503	0.305524	0.301701
chr14:60000000-60500000	chr14	-0.147916	0.925553	0.319259	3	-1.18432	-1.226	-1.22254	-1.27939
chr14:60500000-61000000	chr14	-0.095479	0.082737	0.024651	5	0.0816496	0.0404565	0.205281	0.257312
chr14:61000000-61500000	chr14	-0.201566	-0.255096	-0.172619	5	0.569796	0.405313	0.524593	0.530763
chr14:61500000-62000000	chr14	-0.004751	-0.166681	-0.06411	2	0.131614	0.207383	0.120044	-0.0853981
chr14:62000000-62500000	chr14	0.105041	-0.615467	-0.036728	3	-0.112898	-0.129741	-0.0490359	0.110853
chr14:62500000-63000000	chr14	-0.1699	0.674621	0.010776	0	-1.31474	-1.33198	-1.31435	-1.26806
chr14:63000000-63500000	chr14	0.275466	0.469415	0.109368	0	-1.34812	-1.3933	-1.40512	-1.30395
chr14:63500000-64000000	chr14	-0.044584	0.163815	-0.039822	3	-0.606971	-0.634939	-0.590721	-0.641058
chr14:64000000-64500000	chr14	0.045073	-0.529494	-0.32052	4	1.01939	1.01882	1.08037	1.00615
chr14:64500000-65000000	chr14	0.009643	-0.458505	-0.154595	5	1.12022	1.08297	1.14924	1.13032
chr14:65000000-65500000	chr14	0.023525	-0.539705	-0.21877	8	1.03943	1.03904	0.952064	0.992823
chr14:65500000-66000000	chr14	-0.125831	-0.310674	-0.101271	2	1.19856	1.18102	1.15889	1.12781
chr14:66000000-66500000	chr14	-0.15747	0.142742	-0.177798	0	0.768405	0.743134	0.6584	0.509916
chr14:66500000-67000000	chr14	0.059303	0.609622	-0.050677	2	0.0496402	0.102865	-0.21551	-0.0173959
chr14:67000000-67500000	chr14	-0.161085	0.101644	-0.019244	0	0.668484	0.581077	0.620655	0.496255
chr14:67500000-68000000	chr14	-0.141973	-0.309967	0.021711	6	1.01806	1.0028	0.950954	1.00109
chr14:68000000-68500000	chr14	0.089773	-1.01365	0.160801	8	1.25685	1.23447	1.16133	1.25078
chr14:68500000-69000000	chr14	0.092715	-1.16012	0.317263	0	1.23352	1.12505	1.19365	1.23947
chr14:69000000-69500000	chr14	-0.05198	-0.744518	0.111257	2	1.05984	1.05024	0.938808	1.11452
chr14:69500000-70000000	chr14	0.22631	-1.03348	-0.025565	6	1.29873	1.25389	1.27877	1.18706
chr14:70000000-70500000	chr14	-0.104314	0.209769	-0.334868	5	0.983858	1.05158	1.04752	1.01552
chr14:70500000-71000000	chr14	0.31945	0.625723	0.010874	4	0.812737	0.748736	0.819094	0.618484
chr14:71000000-71500000	chr14	0.014734	-0.321433	-0.317394	5	1.24776	1.33661	1.27581	1.25658
chr14:71500000-72000000	chr14	0.181789	-0.939338	-0.023377	1	1.17981	1.17137	1.19442	1.17839
chr14:72000000-72500000	chr14	0.089423	-0.270428	0.029254	1	1.11769	1.10999	1.16103	1.11916
chr14:72500000-73000000	chr14	0.047195	0.507111	0.010036	0	0.88133	0.961399	0.86121	0.841926
chr14:73000000-73500000	chr14	-0.244723	-0.326509	-0.105393	3	1.35858	1.27284	1.33818	1.3565
chr14:73500000-74000000	chr14	0.037189	-0.926386	-0.046612	5	1.32141	1.32572	1.30463	1.31979
chr14:74000000-74500000	chr14	0.105921	-0.981875	0.109629	14	1.311	1.28238	1.26486	1.39287
chr14:74500000-75000000	chr14	0.022117	-0.755636	-0.163218	8	1.19793	1.18401	1.1954	1.19728
chr14:75000000-75500000	chr14	0.035157	-0.864992	-0.213264	9	1.29831	1.30796	1.27756	1.30796
chr14:75500000-76000000	chr14	-0.126084	-0.688249	-0.049062	8	1.31811	1.26949	1.30529	1.33357
chr14:76000000-76500000	chr14	-0.090304	-0.571974	-0.163404	5	1.27757	1.23348	1.18745	1.22924
chr14:76500000-77000000	chr14	-0.326228	0.431631	-0.336076	2	1.04954	1.01727	1.00462	1.12315
chr14:77000000-77500000	chr14	-0.024189	0.101053	-0.108169	4	1.12661	1.10109	1.10434	1.11228
chr14:77500000-78000000	chr14	-0.1939	-0.070568	-0.378914	12	1.07391	1.07287	1.07968	1.0423
chr14:78000000-78500000	chr14	0.075355	0.565616	-0.092648	5	0.448926	0.459297	0.48632	0.534803
chr14:78500000-79000000	chr14	0.154714	1.44049	0.210627	1	-0.814512	-0.832885	-0.865701	-0.818261
chr14:79000000-79500000	chr14	0.062001	0.938614	0.186756	0	-1.10862	-1.13855	-1.16305	-1.19849
chr14:79500000-80000000	chr14	0.022463	0.257706	0.041285	0	-1.31023	-1.32568	-1.31768	-1.3917
chr14:80000000-80500000	chr14	-0.057895	0.307744	0.183921	0	-1.32033	-1.31883	-1.31444	-1.40496
chr14:80500000-81000000	chr14	-0.055101	0.321358	-0.003001	1	-1.3141	-1.30355	-1.26425	-1.41275
chr14:81000000-81500000	chr14	0.011831	0.124831	-0.134997	2	-0.890679	-0.902508	-0.852441	-0.720919
chr14:81500000-82000000	chr14	-0.068014	0.88935	-0.089484	2	-0.393374	-0.367794	-0.345925	-0.281251
chr14:82000000-82500000	chr14	0.217193	1.12673	0.252156	1	-1.30063	-1.31027	-1.30302	-1.33793
chr14:82500000-83000000	chr14	0.337041	0.845132	0.46249	0	-1.30145	-1.29944	-1.32139	-1.23544
chr14:83000000-83500000	chr14	0.237797	0.561323	0.364438	0	-1.33272	-1.34728	-1.28768	-1.33155
chr14:83500000-84000000	chr14	-0.101751	-0.291848	0.114285	0	-1.31895	-1.32539	-1.36119	-1.34102
chr14:84000000-84500000	chr14	-0.130349	-0.294526	-0.21893	0	-1.29022	-1.29232	-1.28586	-1.31776
chr14:84500000-85000000	chr14	0.024457	-0.486403	0.00635	0	-1.30246	-1.32964	-1.3095	-1.27249
chr14:85000000-85500000	chr14	0.315615	-0.389549	0.183453	0	-1.27125	-1.31789	-1.31286	-1.39289
chr14:85500000-86000000	chr14	-0.077936	-0.515261	-0.04403	1	-1.30382	-1.33905	-1.34804	-1.35665
chr14:86000000-86500000	chr14	0.084884	0.222734	0.249295	0	-1.29809	-1.25763	-1.27236	-1.25089
chr14:86500000-87000000	chr14	0.342796	0.616576	0.617626	0	-1.34887	-1.3828	-1.32067	-1.34636
chr14:87000000-87500000	chr14	0.030387	0.329397	0.300278	0	-1.36613	-1.31424	-1.35102	-1.36621
chr14:87500000-88000000	chr14	0.525101	0.713664	0.381532	0	-1.03607	-1.03602	-1.06938	-0.991797
chr14:88000000-88500000	chr14	0.065767	1.12892	0.262434	2	-1.1319	-1.1895	-1.19243	-1.16276
chr14:88500000-89000000	chr14	0.124492	0.963778	-0.003456	2	-0.975151	-1.02047	-1.03657	-0.941854
chr14:89000000-89500000	chr14	-0.21686	0.04581	-0.101983	4	-0.638307	-0.638032	-0.74821	-0.774238
chr14:89500000-90000000	chr14	-0.26265	-0.004479	-0.144503	1	0.305914	0.271151	0.269942	0.441939
chr14:90000000-90500000	chr14	-0.357012	-0.392243	-0.037364	2	-0.0525028	-0.024208	-0.0746664	-0.0588287
chr14:90500000-91000000	chr14	-0.203382	-0.130483	-0.221511	4	-0.0974674	0.0453649	-0.135108	-0.140138
chr14:91000000-91500000	chr14	-0.258236	-0.101014	-0.255569	1	0.427639	0.359134	0.384587	0.328906
chr14:91500000-92000000	chr14	-0.326564	0.1949	-0.252541	5	1.04885	1.09809	1.02189	1.09271
chr14:92000000-92500000	chr14	0.019423	0.513918	0.085782	3	0.207922	0.239272	0.188549	0.316131
chr14:92500000-93000000	chr14	-0.247863	0.458355	-0.247938	6	1.00413	1.01789	0.84231	0.860984
chr14:93000000-93500000	chr14	-0.11338	0.297513	-0.24944	3	1.06126	1.00291	0.969022	0.803233
chr14:93500000-94000000	chr14	-0.021914	0.43722	0.020483	8	1.05514	0.979142	1.00301	0.974547
chr14:94000000-94500000	chr14	-0.03384	1.26151	0.161765	5	0.564518	0.476912	0.402864	0.432727
chr14:94500000-95000000	chr14	0.175964	0.98267	0.432118	11	-0.00139822	-0.0246758	-0.137947	-0.19021
chr14:95000000-95500000	chr14	0.245414	1.11084	0.019133	4	-0.175348	-0.192931	-0.353569	-0.313807
chr14:95500000-96000000	chr14	-0.178808	0.853576	-0.001149	3	0.949635	0.901894	0.920694	1.00126
chr14:96000000-96500000	chr14	0.027807	1.26472	-0.130686	4	0.354154	0.352756	0.184277	0.312977
chr14:96500000-97000000	chr14	-0.297612	0.342742	-0.164478	7	1.08422	1.05041	1.08151	1.04645
chr14:97000000-97500000	chr14	0.189476	1.01793	0.147313	1	0.862963	0.860689	0.774473	0.721921
chr14:97500000-98000000	chr14	-0.067927	1.25755	-0.028175	0	0.549138	0.653524	0.111849	0.306315
chr14:98000000-98500000	chr14	-0.027234	1.30614	0.112864	0	0.153095	0.103964	-0.445679	-0.255071
chr14:98500000-99000000	chr14	0.29136	1.10313	0.079401	0	0.720689	0.691598	0.654564	0.656984
chr14:99000000-99500000	chr14	0.12715	1.14393	-0.143538	0	0.511177	0.317507	-0.108583	-0.136464
chr14:99500000-100000000	chr14	-0.19037	0.636435	0.060632	3	0.629137	0.540705	0.39417	0.517526
chr14:100000000-100500000	chr14	-0.310971	-0.284919	-0.023682	4	0.757004	0.886223	0.873553	0.800478
chr14:100500000-101000000	chr14	-0.203903	-0.259557	-0.055693	7	0.882588	1.0033	0.970061	1.0255
chr14:101000000-101500000	chr14	-0.127695	-0.003683	0.042467	4	-0.182495	-0.175741	-0.284279	-0.160814
chr14:101500000-102000000	chr14	-0.378472	0.482695	0.039943	0	-0.365395	-0.45684	-0.521361	-0.300236
chr14:102000000-102500000	chr14	-0.114735	-0.527941	0.034739	3	0.922718	0.859048	0.998164	0.900962
chr14:102500000-103000000	chr14	0.006192	-0.798685	-0.108662	7	1.18025	1.19627	1.16118	1.15001
chr14:103000000-103500000	chr14	-0.138319	-0.859987	-0.056246	3	1.30722	1.19806	1.23522	1.16129
chr14:103500000-104000000	chr14	-0.021504	-0.974299	0.128796	8	1.23519	1.24077	1.16888	1.30065
chr14:104000000-104500000	chr14	-0.103096	-0.631565	-0.05293	9	0.982908	1.08218	1.09723	0.928893
chr14:104500000-105000000	chr14	-0.314419	0.316753	0.039125	2	0.451929	0.494128	0.310436	0.318716
chr14:105000000-105500000	chr14	-0.324781	-0.091635	0.128221	12	1.07663	1.03355	0.962746	1.05169
chr14:105500000-106000000	chr14	-0.518931	0.090484	0.269416	12	1.01105	0.960249	1.05929	1.11299
chr14:106000000-106500000	chr14	-0.037931	0.957127	0.514589	0	0.903938	0.950567	0.664358	0.751954
chr14:106500000-107000000	chr14	0.27006	0.68966	0.306219	0	0.724459	0.847588	0.78056	0.578069
chr14:107000000-107349540	chr14	0.419456	1.10989	0.182871	0	0.683937	0.75679	0.730206	0.590212
chr15:22500000-23000000	chr15	-0.084764	0.129704	-0.297369	3	-0.404379	-0.393016	-0.465021	-0.530077
chr15:23000000-23500000	chr15	0.020068	-0.30384	-0.203689	3	0.262295	0.287281	0.307642	0.383446
chr15:23500000-24000000	chr15	0.265464	0.831213	-0.049338	6	-1.37096	-1.32215	-1.36225	-1.45795
chr15:24000000-24500000	chr15	0.247291	0.732053	0.253087	0	-1.2755	-1.30221	-1.36076	-1.45904
chr15:24500000-25000000	chr15	0.225549	0.783182	0.175657	1	-1.3646	-1.30404	-1.41815	-1.50367
chr15:25000000-25500000	chr15	0.078529	0.166955	-0.013221	1	-1.34002	-1.24414	-1.26154	-1.29871
chr15:25500000-26000000	chr15	0.26883	0.093072	0.330902	1	-0.916395	-0.848164	-1.14792	-0.838136
chr15:26000000-26500000	chr15	0.050819	0.676867	0.068475	1	-1.50884	-1.53825	-1.51001	-1.60004
chr15:26500000-27000000	chr15	-0.074473	0.85332	0.378806	0	-1.37124	-1.40852	-1.37796	-1.53868
chr15:27000000-27500000	chr15	0.121469	0.551824	0.113176	3	-1.4133	-1.29817	-1.39237	-0.960514
chr15:27500000-28000000	chr15	-0.01276	0.635833	0.142621	0	-1.41596	-1.3676	-1.41661	-1.47302
chr15:28000000-28500000	chr15	-0.12078	0.488277	-0.099013	1	-1.34047	-1.36978	-1.41064	-1.32685
chr15:29000000-29500000	chr15	-0.454307	0.369638	-0.229849	2	-1.16972	-1.35118	-1.08588	-1.41522
chr15:29500000-30000000	chr15	0.006897	0.050607	0.130034	2	-1.08979	-1.02703	-0.849418	-0.695136
chr15:30000000-30500000	chr15	0.049612	-0.932455	-0.149797	3	-1.49638	-1.5157	-1.54389	-1.64803
chr15:31000000-31500000	chr15	-0.236652	0.105471	-0.199825	3	1.03591	0.972389	0.862905	0.742059
chr15:31500000-32000000	chr15	-0.20561	0.636884	-0.212099	1	0.824475	0.8124	0.792002	0.716107
chr15:32000000-32500000	chr15	-0.042608	0.922424	0.012986	2	-1.2292	-1.36855	-1.41453	-1.30951
chr15:33000000-33500000	chr15	-0.192182	-0.523221	-0.016417	2	-1.07345	-0.979561	-0.942146	-1.11659
chr15:33500000-34000000	chr15	-0.343555	0.558379	-0.147258	1	-1.39112	-1.42352	-1.41304	-1.41724
chr15:34000000-34500000	chr15	-0.196559	-0.300255	-0.104636	4	-0.402586	-0.42118	-0.405502	-0.437214
chr15:34500000-35000000	chr15	-0.113012	-0.687411	0.1156	8	0.503262	0.515611	0.411582	0.637436
chr15:35000000-35500000	chr15	-0.325323	-0.733522	-0.07398	5	0.10293	0.168678	0.0635624	-0.0482721
chr15:35500000-36000000	chr15	-0.152452	-1.11755	-0.07632	1	-0.203788	-0.147091	0.0585884	-0.106126
chr15:36000000-36500000	chr15	-0.126739	-0.897497	-0.008697	0	-1.26269	-1.30229	-1.33526	-1.18421
chr15:36500000-37000000	chr15	-0.109009	-1.31866	0.090604	1	-0.897235	-0.827967	-0.921825	-0.789996
chr15:37000000-37500000	chr15	-0.095207	-1.35312	0.117197	1	-0.582207	-0.678122	-0.441525	-0.548548
chr15:37500000-38000000	chr15	0.092081	-0.566053	0.053097	0	-1.532	-1.51321	-1.52287	-1.58545
chr15:38000000-38500000	chr15	-0.054375	-0.982794	-0.158009	1	-1.27517	-1.25936	-1.32686	-1.3194
chr15:38500000-39000000	chr15	0.090414	-1.29621	0.009432	3	-0.247464	-0.429469	-0.331931	-0.461468
chr15:39000000-39500000	chr15	-0.025601	-1.13295	0.006591	0	-1.50498	-1.50697	-1.55427	-1.54738
chr15:39500000-40000000	chr15	0.003836	-1.30491	0.060132	1	-1.37617	-1.38727	-1.2102	-1.2076
chr15:40000000-40500000	chr15	0.083963	-1.36589	0.220814	6	0.818813	0.832783	0.771076	0.642035
chr15:40500000-41000000	chr15	-0.051612	-1.10694	0.202047	15	1.35711	1.31411	1.2395	1.4337
chr15:41000000-41500000	chr15	-0.137938	-0.940301	-0.003108	12	1.38983	1.37887	1.35808	1.44904
chr15:41500000-42000000	chr15	0.059716	-1.14685	0.037801	11	1.42909	1.39019	1.36349	1.47247
chr15:42000000-42500000	chr15	0.002227	-0.895254	0.140753	8	1.22878	1.22062	1.08699	1.26705
chr15:42500000-43000000	chr15	0.002313	-1.04451	-0.019714	9	1.34632	1.32362	1.28602	1.3236
chr15:43000000-43500000	chr15	0.240366	-1.32025	0.010079	5	1.32979	1.34895	1.32098	1.37177
chr15:43500000-44000000	chr15	-0.422902	-0.655003	-0.045128	14	1.2754	1.26537	1.29797	1.20965
chr15:44000000-44500000	chr15	0.031274	-1.15217	-0.001757	8	0.75111	0.644113	0.570371	0.861295
chr15:44500000-45000000	chr15	0.083342	-1.01768	0.07599	4	1.27207	1.27199	1.34261	1.33934
chr15:45000000-45500000	chr15	-0.205636	-0.05892	-0.070653	10	1.15535	1.1145	1.1052	1.07594
chr15:45500000-46000000	chr15	-0.195272	-0.044601	0.166439	7	0.217456	0.14549	0.40417	0.134969
chr15:46000000-46500000	chr15	-0.031349	1.0158	0.297638	0	-0.97034	-0.926147	-1.0457	-0.766348
chr15:46500000-47000000	chr15	0.024605	0.937515	0.177967	0	-0.498249	-0.403946	-0.586747	-0.611852
chr15:47000000-47500000	chr15	0.133277	0.596823	0.564621	0	-0.263254	-0.341561	-0.475227	-0.671007
chr15:47500000-48000000	chr15	0.018919	0.559212	0.054194	0	-1.42417	-1.44684	-1.45193	-1.56426
chr15:48000000-48500000	chr15	-0.302857	0.695547	-0.100473	5	-1.1888	-1.24355	-1.35775	-1.41224
chr15:48500000-49000000	chr15	0.238017	-0.637473	-0.013496	2	0.0117114	-0.304022	-0.438793	-0.379203
chr15:49000000-49500000	chr15	-0.050908	-0.727845	-0.128628	6	0.722193	0.686328	0.365248	0.745549
chr15:49500000-50000000	chr15	-0.176563	-0.01281	0.036784	3	-0.557315	-0.637296	-0.44082	-0.249218
chr15:50000000-50500000	chr15	0.245964	0.02778	-0.09584	2	-1.15541	-1.13966	-1.1017	-0.936365
chr15:50500000-51000000	chr15	-0.11239	-0.682271	-0.013421	6	1.03445	1.0357	1.15116	1.09075
chr15:51000000-51500000	chr15	-0.156903	-0.410557	-0.045873	3	0.0458411	-0.0938406	-0.0440176	0.212078
chr15:51500000-52000000	chr15	-0.407188	-0.011283	0.03449	4	-0.851621	-0.783762	-0.77514	-0.618369
chr15:52000000-52500000	chr15	0.050203	-0.792633	-0.058935	7	1.09064	0.937939	0.730244	0.940075
chr15:52500000-53000000	chr15	-0.011043	-0.760987	-0.096623	4	0.613941	0.475255	0.677012	0.493241
chr15:53000000-53500000	chr15	-0.064301	0.939596	0.063432	1	-1.49351	-1.51474	-1.46348	-1.51995
chr15:53500000-54000000	chr15	0.321893	0.81517	0.23866	0	-1.53694	-1.51897	-1.56035	-1.5939
chr15:54000000-54500000	chr15	0.277873	0.817483	0.376387	2	-0.880505	-0.859245	-0.745215	-0.85203
chr15:54500000-55000000	chr15	0.443976	0.654049	0.677784	0	0.767621	0.686216	0.730352	0.760498
chr15:55000000-55500000	chr15	-0.076924	1.02691	0.124572	1	-0.799733	-0.863315	-0.738528	-0.980438
chr15:55500000-56000000	chr15	-0.023347	-0.002831	-0.194057	7	0.0744816	0.210496	0.0945111	-0.0031009
chr15:56000000-56500000	chr15	-0.084972	-0.335535	-0.031321	2	-0.869057	-0.90925	-0.964399	-0.987153
chr15:56500000-57000000	chr15	0.066098	-0.556124	-0.088019	3	-0.976601	-0.936695	-1.06602	-1.00374
chr15:57000000-57500000	chr15	0.064692	-1.27841	0.070043	2	0.732585	0.665981	0.649043	0.145778
chr15:57500000-58000000	chr15	-0.145156	-0.624741	-0.134572	3	-0.895112	-0.880342	-0.98014	-0.986042
chr15:58000000-58500000	chr15	-0.035116	-0.352569	-0.153593	2	-1.41038	-1.43701	-1.44686	-1.43084
chr15:58500000-59000000	chr15	-0.233794	-0.558541	-0.003676	1	0.148837	0.0819573	0.497032	0.686615
chr15:59000000-59500000	chr15	0.029332	-1.17611	-0.204773	6	1.05143	1.12668	1.13707	1.0909
chr15:59500000-60000000	chr15	-0.108109	-0.703662	0.04274	5	0.122757	0.306257	0.240674	0.212022
chr15:60000000-60500000	chr15	-0.22606	-0.082212	-0.158624	1	-1.47466	-1.34437	-1.43252	-1.47912
chr15:60500000-61000000	chr15	-0.218306	-0.384086	-0.057491	2	-0.298506	-0.371427	-0.25814	-0.207748
chr15:61000000-61500000	chr15	-0.391887	0.397194	-0.427204	0	-1.11821	-1.09315	-1.14441	-1.21845
chr15:61500000-62000000	chr15	-0.457596	0.38274	-0.033708	1	-1.43118	-1.44547	-1.5354	-1.59266
chr15:62000000-62500000	chr15	-0.273568	-0.636747	-0.135427	3	-0.599918	-0.519609	-0.536824	-0.516605
chr15:62500000-63000000	chr15	-0.239933	-0.662032	-0.219676	1	-1.11057	-1.08788	-0.992127	-1.10149
chr15:63000000-63500000	chr15	-0.057585	-1.10074	0.3218	4	-0.298766	-0.14776	-0.541926	-0.35306
chr15:63500000-64000000	chr15	-0.090608	-1.182	0.111371	4	1.39075	1.36121	1.26705	1.25956
chr15:64000000-64500000	chr15	-0.036461	-0.957564	0.059798	6	1.32806	1.38572	1.3654	1.50354
chr15:64500000-65000000	chr15	0.317486	-1.41934	-0.042806	5	1.40378	1.38946	1.44501	1.41728
chr15:65000000-65500000	chr15	0.112571	-1.0217	-0.057073	12	1.30518	1.43143	1.40898	1.36485
chr15:65500000-66000000	chr15	0.065496	-1.10027	-0.100037	8	1.31323	1.37531	1.39638	1.41985
chr15:66000000-66500000	chr15	-0.287526	-0.748106	0.021938	2	1.3441	1.27201	1.28935	1.33185
chr15:66500000-67000000	chr15	-0.176579	-0.759547	0.000259	9	1.21061	1.2045	1.26785	1.2915
chr15:67000000-67500000	chr15	0.033138	-1.01143	-0.117741	1	0.299406	0.452493	0.343466	0.150511
chr15:67500000-68000000	chr15	0.223687	-1.29644	0.015068	4	0.786267	0.838923	0.875284	0.756548
chr15:68000000-68500000	chr15	-0.05412	-1.11971	-0.024166	3	1.33878	1.33388	1.25901	1.43519
chr15:68500000-69000000	chr15	-0.231385	-0.945831	0.013407	4	0.178343	0.248671	0.240556	0.359299
chr15:69000000-69500000	chr15	0.149704	-1.12494	0.010524	4	-0.692371	-0.833866	-0.661581	-0.871734
chr15:69500000-70000000	chr15	-0.01582	-0.882417	-0.108813	3	-1.05955	-0.983984	-0.922564	-0.959337
chr15:70000000-70500000	chr15	0.031773	-0.900844	-0.14699	1	-1.07856	-0.99511	-0.929372	-0.900576
chr15:70500000-71000000	chr15	-0.109928	-0.970003	-0.147374	0	-1.05748	-0.931735	-1.34264	-1.22601
chr15:71000000-71500000	chr15	0.1693	-1.5566	0.068631	5	-1.52427	-1.50023	-1.50246	-1.59201
chr15:71500000-72000000	chr15	0.107748	-0.932466	-0.210707	0	-1.4692	-1.45942	-1.48057	-1.50213
chr15:72000000-72500000	chr15	-0.079184	-1.16447	0.152404	4	0.638848	0.701779	0.446616	0.348937
chr15:72500000-73000000	chr15	-0.062551	-1.0602	0.040084	9	0.716239	0.771898	0.785073	0.72622
chr15:73000000-73500000	chr15	-0.101918	-0.735232	-0.25932	2	-1.02163	-0.890451	-1.08948	-1.05154
chr15:73500000-74000000	chr15	-0.144189	-0.802751	0.127656	4	-0.82826	-0.847925	-1.12738	-1.04426
chr15:74000000-74500000	chr15	-0.316403	-0.485105	0.036816	9	0.24679	0.463329	-0.0521827	-0.0857734
chr15:74500000-75000000	chr15	-0.093518	-0.797661	0.176848	7	1.21191	1.33232	1.28767	1.39494
chr15:75000000-75500000	chr15	-0.044648	-0.905065	0.184613	14	1.42897	1.41316	1.3615	1.49453
chr15:75500000-76000000	chr15	0.303683	-1.21144	-0.096094	10	1.44818	1.40535	1.30319	1.37955
chr15:76000000-76500000	chr15	-0.20485	-0.837124	0.018681	6	0.735521	0.64705	0.509028	0.571378
chr15:76500000-77000000	chr15	-0.270148	-0.656923	-0.089574	2	-0.631793	-0.523014	-0.536606	-0.42449
chr15:77000000-77500000	chr15	-0.171026	-0.905547	-0.306918	4	0.288832	0.190424	0.448036	0.0448285
chr15:77500000-78000000	chr15	-0.047799	-0.997178	-0.190675	3	1.14038	1.02361	1.15042	0.997381
chr15:78000000-78500000	chr15	-0.140257	-0.626985	0.075907	4	0.997	1.10805	0.884713	0.910499
chr15:78500000-79000000	chr15	-0.16289	-0.778228	-0.042219	10	1.06873	1.11407	0.963151	1.00508
chr15:79000000-79500000	chr15	-0.139132	-0.451426	-0.218333	4	0.428373	0.476046	0.247329	0.399375
chr15:79500000-80000000	chr15	-0.279232	-0.025311	-0.058822	3	-1.03004	-0.925208	-1.11094	-0.960466
chr15:80000000-80500000	chr15	0.083396	-0.650781	-0.181905	4	0.812194	0.999264	0.712438	0.551859
chr15:80500000-81000000	chr15	-0.190943	-0.18283	-0.120404	3	-1.11992	-1.15767	-1.18725	-1.11131
chr15:81000000-81500000	chr15	-0.23431	0.029214	-0.098451	6	-0.743798	-0.845468	-0.82419	-0.715113
chr15:81500000-82000000	chr15	-0.156349	0.016286	-0.188673	2	-1.0584	-0.936966	-0.946753	-0.716789
chr15:82000000-82500000	chr15	0.110164	-0.384158	0.01673	1	-1.05151	-1.0693	-1.14243	-1.01933
chr15:83000000-83500000	chr15	-0.018151	-0.370984	-0.312117	5	0.26515	0.122167	0.0166896	0.283324
chr15:83500000-84000000	chr15	-0.14699	-0.391453	-0.077735	7	0.484134	0.420243	0.437749	0.386419
chr15:84000000-84500000	chr15	-0.069627	0.41719	-0.027956	2	-0.787897	-0.81764	-0.881718	-0.789053
chr15:84500000-85000000	chr15	-0.08107	0.101853	0.103671	1	0.56467	0.483377	0.598716	0.779976
chr15:85000000-85500000	chr15	0.144382	-0.969551	-0.056225	7	1.09925	1.19414	1.16661	1.07011
chr15:85500000-86000000	chr15	0.172934	-0.929346	0.17079	2	1.06513	1.06936	1.19578	1.03835
chr15:86000000-86500000	chr15	0.164733	-0.580606	0.305823	1	0.0102868	0.0677114	0.119415	0.0531747
chr15:86500000-87000000	chr15	0.195322	1.01883	0.002432	1	-1.52314	-1.45523	-1.4406	-1.50007
chr15:87000000-87500000	chr15	0.259293	0.688217	0.154277	0	-1.50358	-1.55834	-1.51213	-1.56786
chr15:87500000-88000000	chr15	0.079579	0.423754	0.346179	0	-1.49663	-1.49278	-1.47691	-1.44473
chr15:88000000-88500000	chr15	-0.053394	0.324318	-0.070481	0	-1.48117	-1.4349	-1.42664	-1.41936
chr15:88500000-89000000	chr15	0.009624	0.858524	0.079279	1	-1.4458	-1.43234	-1.29617	-1.5023
chr15:89000000-89500000	chr15	-0.293952	0.001762	-0.014883	8	-0.539682	-0.473544	-0.621548	-0.133815
chr15:89500000-90000000	chr15	-0.202751	-0.533409	0.023055	5	0.128119	0.22174	0.147682	-0.173665
chr15:90000000-90500000	chr15	-0.272722	-0.426752	0.029598	11	0.30222	0.478966	0.172716	0.189775
chr15:90500000-91000000	chr15	0.00092	-0.756474	0.139401	9	1.44186	1.43195	1.42529	1.46412
chr15:91000000-91500000	chr15	-0.095681	-0.457718	0.091576	8	1.42863	1.4314	1.43203	1.46588
chr15:91500000-92000000	chr15	0.033847	0.672763	0.082824	3	-0.0269855	0.109686	-0.0692162	0.0862185
chr15:92000000-92500000	chr15	0.117881	0.885161	0.315903	1	-1.31661	-1.28406	-1.24929	-0.596312
chr15:92500000-93000000	chr15	0.195067	0.870245	0.146378	1	-1.34882	-1.29186	-1.41992	-1.36154
chr15:93000000-93500000	chr15	-0.054106	0.09479	0.26424	2	0.411696	0.396415	0.283014	0.250831
chr15:93500000-94000000	chr15	-0.333397	0.97294	0.258545	1	-1.30476	-1.17954	-1.34576	-1.19315
chr15:94000000-94500000	chr15	0.290658	1.02703	0.38854	0	-1.46366	-1.46465	-1.4442	-1.45327
chr15:94500000-95000000	chr15	0.269944	0.800822	0.332562	1	-1.37902	-1.3849	-1.40499	-1.51985
chr15:95000000-95500000	chr15	0.250028	1.00731	0.178964	0	-1.19985	-1.20322	-1.2576	-0.838772
chr15:95500000-96000000	chr15	0.04383	-0.22068	-0.14981	0	-0.599827	-0.616934	-0.754377	-0.71723
chr15:96000000-96500000	chr15	-0.041256	-0.360389	-0.161305	0	0.683121	0.709921	0.883129	0.600481
chr15:96500000-97000000	chr15	-0.131421	-0.207976	-0.049404	1	0.50661	0.381897	0.411879	0.361728
chr15:97000000-97500000	chr15	-0.139598	0.889272	0.123653	0	-1.09041	-1.1373	-1.25316	-0.359588
chr15:97500000-98000000	chr15	0.319942	0.654923	0.257516	0	-1.10961	-1.23968	-1.18966	-1.36619
chr15:98000000-98500000	chr15	0.108549	0.916656	0.314716	0	-1.30698	-1.272	-1.31195	-1.43796
chr15:98500000-99000000	chr15	0.173245	1.04133	0.281745	1	-1.41246	-1.37317	-1.38034	-1.53557
chr15:99000000-99500000	chr15	-0.237564	-0.269651	0.12848	1	-0.851443	-0.903434	-0.825269	-0.681773
chr15:99500000-100000000	chr15	0.015737	-0.424717	0.077963	4	0.515466	0.569596	0.680626	0.52113
chr15:100000000-100500000	chr15	-0.076178	-0.23768	0.199861	2	0.435724	0.650153	0.518943	0.600038
chr15:100500000-101000000	chr15	0.066782	0.953902	0.181543	1	-1.43886	-1.41386	-1.41656	-1.37428
chr15:101000000-101500000	chr15	-0.161607	0.483676	-0.120693	5	-0.707551	-0.638936	-0.886244	-0.860612
chr15:101500000-102000000	chr15	0.021184	0.141865	0.083349	3	0.549901	0.758945	0.642087	0.425124
chr15:102000000-102500000	chr15	0.179938	0.288576	0.148825	5	-0.37464	-0.253074	-0.521551	-0.598912
chr16:3000000-3500000	chr16	-0.078262	-1.10895	0.22932	26	1.27616	1.27433	1.24681	1.29925
chr16:3500000-4000000	chr16	-0.031477	-0.776462	-0.037325	7	1.18133	1.2551	1.23635	1.1007
chr16:4000000-4500000	chr16	-0.266785	-0.736411	0.310362	8	0.994125	0.979046	0.9855	1.01392
chr16:4500000-5000000	chr16	-0.175575	-0.431409	0.016248	16	1.09052	1.1247	1.12179	1.16994
chr16:5000000-5500000	chr16	-0.055249	0.693553	0.038391	5	-0.401395	-0.329777	-0.415613	-0.106663
chr16:5500000-6000000	chr16	0.020946	1.38788	0.27965	0	-1.24017	-1.18835	-1.21151	-1.18611
chr16:6000000-6500000	chr16	0.176017	1.00329	0.285586	1	-1.33262	-1.305	-1.31428	-1.38897
chr16:6500000-7000000	chr16	-0.032611	1.19076	0.380403	0	-1.30152	-1.30192	-1.35067	-1.3744
chr16:7000000-7500000	chr16	0.000252	1.04508	0.213804	0	-1.36396	-1.31508	-1.34285	-1.33204
chr16:7500000-8000000	chr16	-0.05132	1.21813	0.122769	0	-1.32507	-1.3809	-1.38483	-1.33654
chr16:8000000-8500000	chr16	-0.015364	1.32625	0.269888	0	-1.36865	-1.32237	-1.36325	-1.36653
chr16:8500000-9000000	chr16	-0.305514	0.76735	-0.047564	7	-0.292396	-0.349475	-0.444345	-0.245882
chr16:9000000-9500000	chr16	-0.136994	0.525518	0.07078	2	-0.31091	-0.255116	-0.4407	-0.290911
chr16:9500000-10000000	chr16	0.065281	1.15346	-0.013299	0	-1.18501	-1.14844	-1.18353	-1.10132
chr16:10000000-10500000	chr16	-0.168545	0.886588	0.212451	2	-0.549157	-0.467327	-0.690944	-0.630449
chr16:10500000-11000000	chr16	-0.183557	0.459564	-0.124903	5	0.455897	0.618417	0.409854	0.419476
chr16:11000000-11500000	chr16	-0.342885	-0.072647	-0.034964	8	0.935103	0.895997	0.7584	0.933463
chr16:11500000-12000000	chr16	-0.178416	-0.440915	0.051892	6	1.22022	1.25317	1.26008	1.03614
chr16:12000000-12500000	chr16	-0.225974	0.41482	-0.144695	4	0.588801	0.597188	0.6302	0.545434
chr16:12500000-13000000	chr16	-0.433893	0.934419	-0.025363	2	0.261351	0.138342	0.0168761	-0.074962
chr16:13000000-13500000	chr16	0.023253	1.11393	-0.059496	0	0.522006	0.554093	0.330044	0.254508
chr16:13500000-14000000	chr16	0.129578	1.0765	0.212367	0	-0.119371	-0.259243	-0.448104	-0.398393
chr16:14000000-14500000	chr16	-0.146951	-0.061419	-0.006822	2	1.05524	1.06767	1.00683	0.93529
chr16:14500000-15000000	chr16	-0.065592	-0.245286	-0.006398	6	1.08674	1.06421	1.09025	0.72012
chr16:15000000-15500000	chr16	-0.107261	-0.147631	-0.105051	6	0.478276	0.566504	0.587668	0.538288
chr16:15500000-16000000	chr16	-0.13378	-0.398653	-0.177811	5	0.899548	0.782001	0.725297	0.645833
chr16:16000000-16500000	chr16	-0.128148	-0.003768	-0.066092	5	1.00483	0.955257	1.07793	0.928968
chr16:16500000-17000000	chr16	0.061301	0.922389	0.005179	0	-0.335006	-0.28898	-0.536079	-0.512226
chr16:17000000-17500000	chr16	0.034719	0.838844	0.049882	0	0.515425	0.323699	0.296411	0.299708
chr16:17500000-18000000	chr16	-0.100508	0.954353	0.080304	1	-0.656627	-0.603068	-0.670435	-0.56908
chr16:18000000-18500000	chr16	-0.016986	0.761914	0.055026	2	-0.487495	-0.419765	-0.496585	-0.522306
chr16:18500000-19000000	chr16	-0.086911	0.159829	-0.440074	5	0.795659	0.955861	0.763147	0.934611
chr16:19000000-19500000	chr16	-0.069357	0.754307	-0.078385	5	0.341185	0.55207	0.338875	0.376832
chr16:19500000-20000000	chr16	-0.277733	0.512562	-0.399448	6	0.0519442	-0.0721106	-0.288127	-0.169442
chr16:20000000-20500000	chr16	0.050319	1.29387	0.184395	6	-0.838809	-0.924537	-0.925688	-0.90649
chr16:20500000-21000000	chr16	0.169637	0.385147	0.119588	8	0.268054	0.390285	0.183711	0.383741
chr16:21000000-21500000	chr16	-0.165962	-0.027218	-0.129871	6	0.652302	0.63528	0.470972	0.621145
chr16:21500000-22000000	chr16	-0.038238	-0.298571	-0.152243	5	1.22153	1.19554	1.11122	1.07754
chr16:22000000-22500000	chr16	-0.042374	-0.236913	-0.031692	7	1.20691	1.25359	1.21163	1.16151
chr16:22500000-23000000	chr16	-0.262422	1.02227	-0.054527	2	0.113613	0.165533	-0.137792	-0.0347495
chr16:23000000-23500000	chr16	-0.29549	0.778408	-0.280848	4	0.918043	0.851469	0.762215	0.710149
chr16:23500000-24000000	chr16	-0.032189	0.735355	-0.23997	10	1.04819	1.14732	1.06715	0.848434
chr16:24000000-24500000	chr16	0.089717	0.898891	0.110239	1	-0.0461936	0.0532641	-0.123049	-0.244758
chr16:24500000-25000000	chr16	-0.139509	-0.436369	-0.078074	3	0.877285	0.879027	0.892937	0.96138
chr16:25000000-25500000	chr16	-0.025988	0.434331	-0.017929	4	0.0612413	0.00828359	-0.236678	-0.210736
chr16:25500000-26000000	chr16	0.239811	1.06485	0.100182	1	-1.00243	-1.02384	-1.032	-0.998073
chr16:26000000-26500000	chr16	0.12607	1.10838	0.384804	0	-1.10362	-1.05998	-1.13719	-1.19908
chr16:26500000-27000000	chr16	-0.006544	1.223	0.164008	0	-0.935418	-1.06143	-1.048	-1.08003
chr16:27000000-27500000	chr16	-0.257141	0.638886	-0.121867	5	0.416262	0.453975	0.294406	0.443577
chr16:27500000-28000000	chr16	-0.246915	0.403569	-0.173614	2	0.0964951	0.119291	-0.139826	0.0571621
chr16:28000000-28500000	chr16	-0.121799	-0.294931	-0.246013	6	0.755582	0.799782	0.87046	0.753346
chr16:28500000-29000000	chr16	-0.164353	-0.648957	-0.089497	19	1.26113	1.23386	1.24613	1.29341
chr16:29000000-29500000	chr16	-0.148153	-0.604252	-0.149584	4	0.296149	0.303226	0.304219	0.324238
chr16:29500000-30000000	chr16	-0.034542	-0.796301	-0.095231	16	1.28534	1.26099	1.27794	1.31313
chr16:30000000-30500000	chr16	-0.148965	-0.835122	0.144984	26	1.24882	1.25486	1.2782	1.25912
chr16:30500000-31000000	chr16	0.146584	-0.885774	0.409171	20	1.25942	1.24338	1.24475	1.29819
chr16:31000000-31500000	chr16	-0.147818	-0.060467	0.174443	22	1.05843	1.03905	1.06282	1.07679
chr16:31500000-32000000	chr16	-0.247213	0.549262	0.318577	4	-0.371721	-0.20494	-0.3972	-0.189914
chr16:32000000-32500000	chr16	0.252414	0.633541	0.495527	1	-1.29481	-1.25145	-1.34612	-1.3292
chr16:32500000-33000000	chr16	0.14703	0.637435	0.40574	1	-1.26095	-1.28876	-1.28974	-1.28916
chr16:33000000-33500000	chr16	0.13146	0.735637	0.450704	2	-0.999896	-0.960099	-1.07806	-1.02913
chr16:33500000-34000000	chr16	0.005339	0.868235	0.274543	0	-1.28658	-1.30272	-1.21388	-1.19986
chr16:34500000-35000000	chr16	0.013746	1.34237	0.328427	0	-0.767721	-0.756189	-0.751735	-0.835651
chr16:35000000-35500000	chr16	-0.174741	1.00511	0.759159	0	-0.579424	-0.647284	-0.541004	-0.511797
chr16:46500000-47000000	chr16	-0.033895	-0.013764	0.017929	6	-0.373864	-0.481805	-0.375122	-0.385975
chr16:47000000-47500000	chr16	-0.416996	0.274092	-0.226527	4	-0.144244	-0.0503692	-0.0155972	-0.148993
chr16:47500000-48000000	chr16	-0.189485	0.26857	-0.404558	0	-0.718629	-0.746508	-0.749875	-0.818318
chr16:48000000-48500000	chr16	-0.214207	0.128116	-0.002377	4	-0.339349	-0.426185	-0.178649	-0.16818
chr16:48500000-49000000	chr16	0.096721	0.548027	-0.024318	1	-1.01093	-1.06659	-1.05248	-1.05806
chr16:49000000-49500000	chr16	-0.199443	1.28429	0.026026	2	-1.19191	-1.22719	-1.22643	-1.32953
chr16:49500000-50000000	chr16	-0.450232	1.09646	0.110318	1	-0.997212	-1.0276	-1.14805	-1.0734
chr16:50000000-50500000	chr16	-0.16715	0.078192	-0.095389	5	0.286667	0.175696	0.301624	0.197447
chr16:50500000-51000000	chr16	-0.246996	0.910632	0.044154	4	-0.553436	-0.49813	-0.644911	-0.663914
chr16:51000000-51500000	chr16	-0.072166	0.882666	-0.098728	1	-1.31907	-1.34071	-1.31047	-1.33718
chr16:51500000-52000000	chr16	0.058358	0.753194	-0.147657	1	-1.37196	-1.40487	-1.41728	-1.36107
chr16:52000000-52500000	chr16	0.456757	0.840668	0.483211	0	-1.39686	-1.4291	-1.38658	-1.441
chr16:52500000-53000000	chr16	0.169024	1.02484	0.395846	1	-1.45631	-1.4748	-1.45827	-1.47408
chr16:53000000-53500000	chr16	0.192334	-0.480601	-0.015374	3	0.0407381	0.0470807	-0.0378005	0.33789
chr16:53500000-54000000	chr16	-0.147147	-0.239358	-0.060763	3	-0.470164	-0.518806	-0.746012	-0.756304
chr16:54000000-54500000	chr16	-0.241914	0.32823	-0.319898	1	-1.40414	-1.40177	-1.42465	-1.50577
chr16:54500000-55000000	chr16	0.030114	0.631965	0.198718	1	-1.40359	-1.42411	-1.44411	-1.44467
chr16:55000000-55500000	chr16	0.095845	1.04342	0.119129	1	-1.41467	-1.36565	-1.42429	-1.48032
chr16:55500000-56000000	chr16	-0.063461	0.691166	0.09774	6	-1.41252	-1.43657	-1.42138	-1.45577
chr16:56000000-56500000	chr16	0.276374	0.35764	0.360508	4	-1.08285	-1.04296	-1.1461	-1.15194
chr16:56500000-57000000	chr16	-0.183271	-0.485046	-0.04753	16	0.75376	0.705008	0.628328	0.605159
chr16:57000000-57500000	chr16	0.181116	-0.85358	0.002928	12	1.17431	1.168	1.22519	1.12455
chr16:57500000-58000000	chr16	-0.19271	-0.429135	-0.028702	8	0.178645	0.0502272	0.196943	0.11959
chr16:58000000-58500000	chr16	0.102631	-0.551371	-0.323929	10	0.0372536	0.0741787	-0.201892	-0.112358
chr16:58500000-59000000	chr16	-0.134621	0.054389	0.103821	5	-0.617975	-0.641503	-0.685546	-0.620347
chr16:59000000-59500000	chr16	0.094537	0.232319	0.069109	0	-1.30966	-1.30406	-1.31825	-1.36391
chr16:59500000-60000000	chr16	-0.026645	-0.249072	0.088082	0	-1.38115	-1.37328	-1.3472	-1.41165
chr16:60000000-60500000	chr16	0.038898	0.508467	0.12273	0	-1.36204	-1.36706	-1.28977	-1.37009
chr16:60500000-61000000	chr16	0.31335	0.510225	0.234458	0	-1.23056	-1.2504	-1.31225	-1.35017
chr16:61000000-61500000	chr16	0.174936	0.683171	0.52606	0	-1.26135	-1.30246	-1.29077	-1.23897
chr16:61500000-62000000	chr16	0.038487	0.743924	0.543487	0	-1.35116	-1.41842	-1.3145	-1.37763
chr16:62000000-62500000	chr16	0.380599	0.759392	0.483012	1	-1.29011	-1.30581	-1.3568	-1.33492
chr16:62500000-63000000	chr16	0.318592	0.81076	0.236456	0	-1.39035	-1.40271	-1.39315	-1.43202
chr16:63000000-63500000	chr16	0.065716	0.62231	0.432254	0	-1.38525	-1.36254	-1.39656	-1.4387
chr16:63500000-64000000	chr16	0.036945	0.234879	0.38153	0	-1.42409	-1.42887	-1.45038	-1.46773
chr16:64000000-64500000	chr16	0.054028	-0.574187	-0.031687	0	-1.42464	-1.41417	-1.40874	-1.47628
chr16:64500000-65000000	chr16	-0.111418	-0.575679	-0.007852	0	-1.44008	-1.45633	-1.3707	-1.43267
chr16:65000000-65500000	chr16	-0.153261	-0.736406	0.01457	1	-1.45863	-1.46411	-1.42424	-1.47929
chr16:65500000-66000000	chr16	-0.071521	-0.362074	-0.102555	0	-1.44044	-1.4351	-1.44678	-1.53929
chr16:66000000-66500000	chr16	-0.128038	-0.502243	-0.108596	2	-1.25985	-1.23317	-1.3102	-1.30646
chr16:66500000-67000000	chr16	-0.11508	-0.919176	0.021432	16	0.810346	0.720709	0.742827	0.734107
chr16:67000000-67500000	chr16	-0.140707	-0.824968	0.127699	21	1.21348	1.21274	1.19214	1.19244
chr16:67500000-68000000	chr16	0.041453	-1.02538	0.034269	21	1.2955	1.28916	1.32814	1.38422
chr16:68000000-68500000	chr16	0.070934	-0.964508	-0.02493	13	1.36752	1.26433	1.38393	1.36818
chr16:68500000-69000000	chr16	-0.149314	-0.735475	-0.222726	4	1.23368	1.19192	1.24038	1.2322
chr16:69000000-69500000	chr16	-0.043714	-1.08252	0.085395	11	1.30232	1.37923	1.33238	1.29093
chr16:69500000-70000000	chr16	0.03781	-1.12592	0.112364	5	1.34445	1.31261	1.31357	1.26287
chr16:70000000-70500000	chr16	0.087765	-0.84992	0.152415	8	0.574591	0.62214	0.749716	0.7264
chr16:70500000-71000000	chr16	-0.241667	-0.213001	-0.130974	5	0.58449	0.376519	0.389387	0.536325
chr16:71000000-71500000	chr16	-0.267176	0.226486	-0.096116	5	-0.999751	-0.902263	-0.924172	-0.820506
chr16:71500000-72000000	chr16	-0.01446	-0.597426	-0.018792	9	0.824685	0.864817	0.705281	0.764576
chr16:72000000-72500000	chr16	-0.141416	0.393875	-0.250058	7	-0.966318	-0.723184	-0.950623	-0.760568
chr16:72500000-73000000	chr16	-0.080729	0.035815	-0.177539	0	-0.395206	-0.411482	-0.500333	-0.401097
chr16:73000000-73500000	chr16	-0.046696	0.41303	-0.153898	1	-1.3647	-1.34772	-1.40241	-1.34543
chr16:73500000-74000000	chr16	-0.079874	0.885823	-0.027171	0	-1.43262	-1.47661	-1.43805	-1.4446
chr16:74000000-74500000	chr16	0.214254	0.340111	0.084899	3	-1.03912	-1.0734	-0.972999	-0.934999
chr16:74500000-75000000	chr16	-0.28738	-0.323899	-0.033893	4	0.633542	0.561687	0.652658	0.592049
chr16:75000000-75500000	chr16	-0.141084	-0.555054	-0.089511	9	0.543517	0.664812	0.601635	0.729935
chr16:75500000-76000000	chr16	-0.10688	0.456602	0.00996	10	-0.790857	-0.774917	-0.792012	-0.842819
chr16:76000000-76500000	chr16	0.353739	0.840003	0.496607	1	-1.43249	-1.47096	-1.45195	-1.5194
chr16:76500000-77000000	chr16	0.332679	0.806424	0.373838	0	-1.40315	-1.41952	-1.43289	-1.44118
chr16:77000000-77500000	chr16	-0.0809	0.855846	0.001211	3	-1.33124	-1.31403	-1.44905	-1.34542
chr16:77500000-78000000	chr16	-0.284464	0.874075	-0.157675	2	-1.40105	-1.36745	-1.44653	-1.43464
chr16:78000000-78500000	chr16	-0.161605	0.824832	-0.075652	2	-1.38385	-1.30101	-1.40973	-1.44049
chr16:78500000-79000000	chr16	-0.059991	1.04858	0.146046	0	-1.32356	-1.28193	-1.35573	-1.32729
chr16:79000000-79500000	chr16	0.075508	1.11454	0.030928	0	-1.32807	-1.33097	-1.42472	-1.39063
chr16:79500000-80000000	chr16	0.107436	0.552391	0.125921	1	-1.16774	-1.20822	-1.16017	-1.18142
chr16:80000000-80500000	chr16	-0.037722	0.495771	0.054484	0	-0.896512	-0.865797	-0.945062	-1.00562
chr16:80500000-81000000	chr16	0.005743	0.700624	0.058996	2	0.323585	0.319697	0.0640659	0.340544
chr16:81000000-81500000	chr16	-0.388395	0.094401	-0.250165	8	0.160293	0.170039	-0.0220619	0.172249
chr16:81500000-82000000	chr16	-0.314336	0.312871	-0.413066	1	0.337755	0.315279	0.281794	0.318445
chr16:82000000-82500000	chr16	-0.165899	0.454533	-0.180474	3	-1.26245	-1.23729	-1.31543	-1.30632
chr16:82500000-83000000	chr16	-0.341581	0.254683	-0.170393	1	-1.34688	-1.29227	-1.34865	-1.36944
chr16:83000000-83500000	chr16	-0.204101	0.145463	-0.292925	0	-1.31712	-1.37203	-1.36448	-1.38183
chr16:83500000-84000000	chr16	-0.256991	-0.054471	-0.198395	3	-1.13203	-1.17037	-1.14352	-1.14701
chr16:84000000-84500000	chr16	-0.074941	-0.580538	-0.064107	10	-0.0646602	0.0380233	-0.288018	0.0152106
chr16:84500000-85000000	chr16	-0.048403	-0.862348	0.062599	5	0.717094	0.896091	0.717398	0.734639
chr16:85000000-85500000	chr16	-0.239742	-0.556245	0.19469	3	0.859852	0.926647	0.83694	0.812839
chr16:85500000-86000000	chr16	-0.090408	-0.666106	0.011603	6	1.04447	1.08767	0.997433	0.918159
chr16:86000000-86500000	chr16	-0.055195	-0.733923	-0.128485	0	-0.592428	-0.513479	-0.568529	-0.497683
chr16:86500000-87000000	chr16	-0.07513	-0.760405	0.058407	4	-0.843022	-0.892362	-0.951473	-0.931391
chr16:87000000-87500000	chr16	-0.023395	-0.77034	-0.026151	3	-0.43161	-0.52599	-0.558483	-0.459976
chr16:87500000-88000000	chr16	-0.263239	-0.645297	0.295457	6	0.547557	0.599092	0.339054	0.427314
chr16:88000000-88500000	chr16	-0.206768	-0.615499	0.094451	1	0.125259	0.149722	0.104691	0.148422
chr16:88500000-89000000	chr16	-0.157944	-0.691478	0.40049	14	1.20919	1.19861	1.13645	1.15633
chr16:89000000-89500000	chr16	-0.215639	-0.655442	0.387621	6	1.25337	1.15443	1.18268	1.16019
chr16:89500000-90000000	chr16	-0.081895	-0.743102	-0.011056	16	1.24462	1.2833	1.32964	1.32489
chr17:3000000-3500000	chr17	-0.010535	0.397334	0.08028	13	-0.788198	-0.832781	-0.853723	-0.827216
chr17:3500000-4000000	chr17	-0.009473	-0.650612	0.080942	12	1.04412	1.07696	0.949625	1.02872
chr17:4000000-4500000	chr17	0.098228	-1.03925	0.052088	9	1.18601	1.18009	1.14561	1.12605
chr17:4500000-5000000	chr17	0.10372	-0.789759	0.007346	26	1.10813	1.21347	1.25313	1.26238
chr17:5000000-5500000	chr17	0.037854	-0.594913	-0.097782	13	0.813009	0.719061	0.708074	0.50168
chr17:5500000-6000000	chr17	-0.059329	0.762615	-0.208556	1	-0.931499	-1.02392	-1.07955	-1.06728
chr17:6000000-6500000	chr17	-0.262419	0.55083	-0.198135	3	-0.732102	-0.840572	-0.846956	-0.827143
chr17:6500000-7000000	chr17	-0.148959	-0.195949	-0.223936	16	0.362622	0.403851	0.167377	0.219733
chr17:7000000-7500000	chr17	0.291141	-1.12056	0.092244	37	1.10615	1.17827	1.16365	1.16231
chr17:7500000-8000000	chr17	0.185065	-1.22522	0.068181	20	1.08976	1.14676	1.18662	1.22188
chr17:8000000-8500000	chr17	0.075635	-1.31297	0.067019	18	0.886496	0.970083	0.982677	0.872492
chr17:8500000-9000000	chr17	-0.159195	0.120013	0.073672	7	0.172455	-0.062655	0.26443	0.126451
chr17:9000000-9500000	chr17	-0.142783	0.226405	-0.13112	2	-0.461101	-0.528787	-0.416849	-0.343557
chr17:9500000-10000000	chr17	-0.250463	0.414122	-0.190348	5	-1.21945	-1.11782	-1.23121	-1.31131
chr17:10000000-10500000	chr17	-0.111641	0.452514	-0.079864	6	-1.2995	-1.2803	-1.27434	-1.30811
chr17:10500000-11000000	chr17	-0.129777	1.03358	0.119013	6	-1.25458	-1.28066	-1.27145	-1.29516
chr17:11000000-11500000	chr17	0.138665	1.13213	0.121638	1	-1.32888	-1.30508	-1.29542	-1.39463
chr17:11500000-12000000	chr17	0.152668	0.55066	0.190299	3	-1.20132	-1.24127	-1.14294	-1.24006
chr17:12000000-12500000	chr17	-0.099294	-0.318687	0.092312	0	-1.27203	-1.26154	-1.2738	-1.16148
chr17:12500000-13000000	chr17	-0.068012	-0.029045	-0.219869	3	-1.2104	-1.18383	-1.04938	-0.967172
chr17:13000000-13500000	chr17	-0.294264	-0.288608	-0.25155	0	-1.10033	-1.07473	-1.08013	-0.99631
chr17:13500000-14000000	chr17	-0.308943	-0.08805	-0.082171	2	-1.34617	-1.29317	-1.28798	-1.36328
chr17:14000000-14500000	chr17	-0.396926	0.233819	-0.317762	2	-1.35792	-1.3518	-1.38675	-1.30321
chr17:14500000-15000000	chr17	-0.162354	0.015855	-0.137217	0	-1.32948	-1.30876	-1.34701	-1.3966
chr17:15000000-15500000	chr17	-0.180462	-0.557037	-0.109797	4	-1.28854	-1.25943	-1.3229	-1.39452
chr17:15500000-16000000	chr17	0.001563	-0.831985	-0.033491	7	-0.412214	-0.563743	-0.531673	-0.536902
chr17:16000000-16500000	chr17	-0.102865	-0.903936	-0.061498	7	0.582496	0.749077	0.754049	0.818461
chr17:16500000-17000000	chr17	-0.288574	-0.451289	0.113927	4	0.243291	0.125318	0.101565	0.257893
chr17:17000000-17500000	chr17	-0.08178	-0.596233	0.047881	7	0.892006	0.653433	0.707465	0.834991
chr17:17500000-18000000	chr17	0.030192	-0.741045	0.072571	7	0.959916	0.903772	1.0175	0.908451
chr17:18000000-18500000	chr17	-0.196638	-0.49699	0.03114	10	0.974606	0.896608	0.758864	0.823174
chr17:18500000-19000000	chr17	-0.266765	-0.656894	-0.309875	8	0.546086	0.590476	0.549888	0.610516
chr17:19000000-19500000	chr17	-0.270428	-0.383216	0.048768	7	-0.123758	-0.159194	-0.20741	-0.0147527
chr17:19500000-20000000	chr17	-0.214161	-0.690553	-0.166045	6	-0.918349	-0.948995	-0.95677	-0.9204
chr17:20000000-20500000	chr17	-0.176872	-0.424165	0.038269	2	-1.14732	-1.24297	-1.208	-1.24069
chr17:20500000-21000000	chr17	-0.194935	-0.276496	-0.251765	1	-1.28895	-1.19939	-1.24792	-1.2345
chr17:21000000-21500000	chr17	-0.119776	0.620481	0.124135	5	-1.13043	-1.15253	-1.08932	-0.997705
chr17:21500000-22000000	chr17	-0.040179	1.26868	0.251473	0	-1.21231	-1.25669	-1.18319	-1.25135
chr17:25500000-26000000	chr17	-0.109098	0.030428	0.112082	3	-0.62439	-0.637605	-0.648311	-0.651375
chr17:26000000-26500000	chr17	-0.173435	-0.008516	-0.317731	3	-0.384076	-0.365019	-0.274778	-0.464108
chr17:26500000-27000000	chr17	-0.106932	-0.615193	-0.020163	19	0.919466	0.90011	0.982231	0.953726
chr17:27000000-27500000	chr17	-0.029662	-0.947142	0.160067	13	1.26939	1.32687	1.28374	1.3189
chr17:27500000-28000000	chr17	-0.018763	-1.29036	0.021815	9	1.23131	1.22795	1.25645	1.1477
chr17:28000000-28500000	chr17	0.131597	-1.46227	0.148412	3	1.15217	1.08933	1.10889	1.14919
chr17:28500000-29000000	chr17	0.067299	-1.21091	-0.091273	5	1.29475	1.28753	1.19368	1.11455
chr17:29000000-29500000	chr17	0.105467	-1.3064	0.134679	6	1.27554	1.20184	1.26443	1.2196
chr17:29500000-30000000	chr17	-0.237334	-1.03142	0.21487	4	1.05214	1.07098	1.01731	0.979551
chr17:30000000-30500000	chr17	0.037724	-1.14922	-0.237768	5	1.04467	1.03588	0.934608	0.817246
chr17:30500000-31000000	chr17	-0.128892	-0.29455	-0.158478	5	0.748194	0.639127	0.593799	0.736023
chr17:31000000-31500000	chr17	0.029438	0.720809	0.038725	4	-0.753994	-0.777915	-0.946068	-1.01803
chr17:31500000-32000000	chr17	-0.192112	1.33506	0.095852	1	-1.26283	-1.25935	-1.32984	-1.36699
chr17:32000000-32500000	chr17	0.352195	1.15475	0.130438	0	-1.2282	-1.29159	-1.30996	-1.30046
chr17:32500000-33000000	chr17	0.005631	1.33672	0.032416	7	-1.14652	-1.13405	-1.11529	-1.23143
chr17:33000000-33500000	chr17	-0.179544	0.92366	-0.217771	8	-0.65229	-0.494125	-0.707858	-0.644752
chr17:33500000-34000000	chr17	-0.162664	0.25644	-0.142928	9	-0.452741	-0.167881	-0.3039	-0.425925
chr17:34000000-34500000	chr17	-0.234993	0.278577	-0.102193	16	0.481028	0.561464	0.492587	0.32793
chr17:34500000-35000000	chr17	-0.328082	-0.004077	0.118813	12	0.606213	0.919121	0.770855	0.622691
chr17:35000000-35500000	chr17	-0.389113	-0.154698	-0.103022	2	-0.0403876	-0.0559735	-0.406166	-0.284399
chr17:35500000-36000000	chr17	0.165602	-1.13003	-0.005619	5	1.02037	1.03164	1.01386	1.05779
chr17:36000000-36500000	chr17	-0.159976	-0.470436	-0.115527	6	0.756856	0.70007	0.816167	0.746287
chr17:36500000-37000000	chr17	-0.047944	-0.880672	0.036531	11	1.29028	1.28033	1.25748	1.38025
chr17:37000000-37500000	chr17	0.042697	-1.02713	0.234066	9	1.28237	1.27867	1.20802	1.06899
chr17:37500000-38000000	chr17	0.141403	-1.11043	0.100441	12	1.33459	1.23435	1.26757	1.24918
chr17:38000000-38500000	chr17	0.096464	-1.16994	-0.056732	17	1.28709	1.27547	1.29316	1.26542
chr17:38500000-39000000	chr17	-0.162977	-0.859013	0.150549	13	0.614003	0.662983	0.492948	0.337223
chr17:39000000-39500000	chr17	0.237155	-1.26401	-0.034702	39	-0.883589	-0.96165	-1.07183	-1.03919
chr17:39500000-40000000	chr17	-0.098708	-0.751793	-0.011367	24	0.115952	0.0811985	-0.108103	0.156368
chr17:40000000-40500000	chr17	0.169981	-1.07417	0.180545	17	1.32188	1.36773	1.36057	1.2862
chr17:40500000-41000000	chr17	-0.15533	-1.0465	-0.194169	23	1.32208	1.33681	1.29826	1.35413
chr17:41000000-41500000	chr17	0.025023	-1.13446	-0.066261	14	1.11592	1.09218	0.975354	0.975188
chr17:41500000-42000000	chr17	0.163507	-1.02043	-0.186191	9	0.73034	0.771193	0.710262	0.667803
chr17:42000000-42500000	chr17	0.006655	-1.12193	0.080139	18	1.25343	1.20993	1.24319	1.23401
chr17:42500000-43000000	chr17	-0.002002	-1.15039	-0.089829	12	1.25744	1.21777	1.27711	1.21403
chr17:43000000-43500000	chr17	0.150626	-1.10464	0.148752	11	1.26216	1.24634	1.22634	1.31545
chr17:43500000-44000000	chr17	-0.275926	-0.483841	-0.009853	5	0.250596	0.253163	0.0112986	0.0254096
chr17:44000000-44500000	chr17	0.081639	-1.51345	-0.075772	4	0.570845	0.583747	0.564417	0.519571
chr17:44500000-45000000	chr17	0.206725	-1.27954	0.107205	5	0.284199	0.2098	0.309249	0.0975577
chr17:45000000-45500000	chr17	0.206582	-1.28454	0.004354	6	1.12853	1.06781	1.02834	0.927291
chr17:45500000-46000000	chr17	0.196409	-1.24089	0.107631	10	0.979659	1.05726	0.926952	1.05067
chr17:46000000-46500000	chr17	0.016588	-1.26924	-0.026522	7	0.657088	0.64144	0.704584	0.6688
chr17:46500000-47000000	chr17	-0.075805	-1.14231	-0.025629	17	0.909987	0.982782	0.893514	0.978408
chr17:47000000-47500000	chr17	0.01796	-1.032	0.096776	9	0.837534	0.887041	0.850513	0.901748
chr17:47500000-48000000	chr17	-0.017005	-0.913647	-0.111265	7	1.14063	1.11009	1.11079	1.19103
chr17:48000000-48500000	chr17	0.038162	-0.951447	0.035516	13	1.08899	1.02484	1.11376	1.20287
chr17:48500000-49000000	chr17	-0.069593	-0.735607	-0.029455	13	0.963401	0.882294	0.984499	1.00366
chr17:49000000-49500000	chr17	0.13838	-0.434549	-0.101903	5	0.126135	0.0735654	0.202718	0.185285
chr17:49500000-50000000	chr17	0.032709	1.37707	-0.024374	0	-1.3375	-1.28032	-1.35604	-1.35404
chr17:50000000-50500000	chr17	0.120386	1.00429	0.172165	1	-1.36383	-1.33473	-1.3749	-1.47129
chr17:50500000-51000000	chr17	0.125732	0.97133	0.186907	0	-1.27374	-1.27635	-1.25417	-1.30725
chr17:51000000-51500000	chr17	0.289513	0.469597	0.464783	0	-1.22796	-1.24684	-1.23726	-1.35216
chr17:51500000-52000000	chr17	0.111492	0.227754	0.468385	1	-1.40208	-1.36992	-1.37143	-1.46484
chr17:52000000-52500000	chr17	0.345498	0.790128	0.308307	0	-1.34252	-1.34818	-1.34891	-1.43664
chr17:52500000-53000000	chr17	0.253973	0.9752	0.040955	1	-1.28911	-1.29433	-1.24015	-1.3145
chr17:53000000-53500000	chr17	-0.242802	0.940004	-0.278708	4	-1.07582	-1.02731	-1.02725	-1.07328
chr17:53500000-54000000	chr17	-0.012116	0.867767	-0.156941	3	-1.25093	-1.27357	-1.3116	-1.32847
chr17:54000000-54500000	chr17	-0.075995	1.06644	-0.200212	1	-1.30839	-1.31302	-1.34343	-1.41104
chr17:54500000-55000000	chr17	-0.047426	0.374506	-0.005899	4	-1.02504	-1.03381	-1.01593	-1.13199
chr17:55000000-55500000	chr17	-0.382373	-0.161355	-0.263263	4	-0.0978497	-0.0926727	-0.189331	-0.138746
chr17:55500000-56000000	chr17	-0.286678	-0.20279	-0.369894	2	-0.412558	-0.586785	-0.520364	-0.62036
chr17:56000000-56500000	chr17	-0.286204	-0.371564	-0.214357	13	0.66421	0.777768	0.779071	0.769846
chr17:56500000-57000000	chr17	-0.262753	-0.411114	-0.153682	6	0.718543	0.682957	0.502033	0.71101
chr17:57000000-57500000	chr17	0.048435	-1.09215	-0.027452	6	1.081	1.06379	1.00237	0.821696
chr17:57500000-58000000	chr17	0.20022	-1.72234	0.037562	6	1.12694	1.23916	1.192	1.17369
chr17:58000000-58500000	chr17	0.003329	-1.14876	-0.052616	5	1.03743	0.97694	0.844632	0.768029
chr17:58500000-59000000	chr17	0.054217	-1.10906	0.013664	3	0.570537	0.633638	0.360195	0.429806
chr17:59000000-59500000	chr17	0.030641	-0.801277	-0.203831	1	-0.371384	-0.4209	-0.728	-0.528635
chr17:59500000-60000000	chr17	-0.278962	-0.914191	-0.37211	3	-0.0818895	-0.00590012	-0.179338	-0.0787746
chr17:60000000-60500000	chr17	-0.194579	-0.720826	-0.182192	3	-0.313114	-0.486614	-0.632621	-0.331917
chr17:60500000-61000000	chr17	-0.038278	-0.945824	0.029486	4	-0.772066	-0.686516	-0.849251	-0.717268
chr17:61000000-61500000	chr17	0.000151	-1.48722	0.298915	1	-1.24076	-1.18817	-1.31599	-1.30822
chr17:61500000-62000000	chr17	0.121597	-1.03453	-0.130786	18	0.809492	0.929674	0.850737	0.850099
chr17:62000000-62500000	chr17	0.070557	-0.978618	-0.285061	9	0.970308	0.976837	1.03505	1.03413
chr17:62500000-63000000	chr17	0.047315	-1.27715	-0.046832	4	0.363958	0.370358	0.426195	0.279299
chr17:63000000-63500000	chr17	-0.160801	-0.643524	-0.078154	2	-0.93535	-0.983757	-1.04338	-0.942034
chr17:63500000-64000000	chr17	-0.146897	-0.597199	-0.335569	1	-1.38702	-1.35986	-1.41414	-1.39722
chr17:64000000-64500000	chr17	-0.096806	-0.834633	-0.440569	3	-1.31491	-1.30723	-1.35169	-1.45091
chr17:64500000-65000000	chr17	-0.252401	-0.363924	-0.360193	2	-1.08874	-1.05617	-1.10399	-0.999919
chr17:65000000-65500000	chr17	0.013247	-0.970732	-0.196691	4	0.452193	0.41681	0.498324	0.410157
chr17:65500000-66000000	chr17	-0.052844	-0.908306	-0.286037	3	0.770197	0.836889	0.828169	0.850617
chr17:66000000-66500000	chr17	-0.377574	-0.379562	-0.174341	5	0.306521	0.198261	0.370325	0.43728
chr17:66500000-67000000	chr17	0.093943	0.073351	-0.03728	3	-0.896902	-0.902326	-0.87143	-0.400666
chr17:67000000-67500000	chr17	-0.01256	-0.105579	-0.017578	5	-0.461379	-0.56518	-0.430255	-0.265124
chr17:67500000-68000000	chr17	-0.19819	-0.272208	-0.309682	0	-1.40319	-1.37448	-1.42974	-1.46499
chr17:68000000-68500000	chr17	0.137206	-0.328133	-0.102129	2	-1.43738	-1.40111	-1.32772	-1.36971
chr17:68500000-69000000	chr17	0.327748	-0.286938	0.02027	0	-1.34037	-1.34392	-1.34377	-1.28133
chr17:69000000-69500000	chr17	-0.002993	-0.526115	-0.24608	0	-1.19863	-1.24182	-1.15737	-1.00652
chr17:69500000-70000000	chr17	-0.127027	-0.482626	-0.444135	0	-1.30694	-1.39089	-1.40227	-1.36122
chr17:70000000-70500000	chr17	-0.168577	-0.056525	-0.40751	1	-1.03377	-0.97001	-0.995624	-1.01809
chr17:70500000-71000000	chr17	-0.291379	0.24999	-0.360823	0	-1.18051	-1.30528	-1.27344	-1.22722
chr17:71000000-71500000	chr17	-0.243961	0.214517	-0.138812	7	-0.707915	-0.727197	-0.804108	-0.576268
chr17:71500000-72000000	chr17	-0.144115	0.951796	0.01546	1	-1.24601	-1.2583	-1.26647	-1.31112
chr17:72000000-72500000	chr17	-0.090895	0.467958	-0.129488	8	-0.532714	-0.507606	-0.733114	-0.690365
chr17:72500000-73000000	chr17	0.071915	-0.139146	-0.081919	17	0.761306	0.792895	0.730922	0.83543
chr17:73000000-73500000	chr17	0.028189	-1.1015	0.009286	15	1.07731	1.10192	1.14844	1.16916
chr17:73500000-74000000	chr17	-0.159017	-0.753638	0.051712	21	1.11052	1.08234	1.11268	1.20373
chr17:74000000-74500000	chr17	-0.15896	-0.858813	0.212006	14	1.14684	1.15611	1.21235	1.09301
chr17:74500000-75000000	chr17	-0.127664	-0.88791	0.122498	11	1.02796	1.10714	1.11632	1.04583
chr17:75000000-75500000	chr17	-0.109109	-0.845137	0.06256	2	1.09979	1.04685	1.03993	1.19564
chr17:75500000-76000000	chr17	-0.09431	-0.758055	0.129636	1	0.497998	0.461856	0.305245	0.153776
chr17:76000000-76500000	chr17	-0.215974	-0.643022	-0.047182	10	1.12147	1.05769	0.99207	1.13898
chr17:76500000-77000000	chr17	-0.034719	-0.615551	-0.059877	6	0.762588	0.796019	0.706517	0.742887
chr17:77000000-77500000	chr17	-0.30204	0.12533	0.069165	4	-0.123307	0.0144457	-0.228366	-0.204388
chr17:77500000-78000000	chr17	-0.225902	-0.345247	-0.049563	4	0.615237	0.640838	0.425635	0.497542
chr17:78000000-78500000	chr17	-0.182948	-0.63546	0.004287	10	1.10465	0.954121	0.903474	0.95995
chr17:78500000-79000000	chr17	-0.047368	-0.730688	0.058314	2	0.981476	0.913757	0.785434	0.672356
chr17:79000000-79500000	chr17	-0.165643	-0.747187	0.442911	10	0.959398	1.09881	0.959601	1.03141
chr17:79500000-80000000	chr17	-0.069765	-1.07435	0.309425	29	1.2319	1.23743	1.24052	1.22828
chr17:80000000-80500000	chr17	0.006353	-0.871711	0.222695	16	1.22409	1.17272	1.18148	1.25668
chr17:80500000-81000000	chr17	-0.076933	-0.687867	-0.027798	6	0.968214	1.00251	0.984971	0.991417
chr18:3000000-3500000	chr18	0.125088	-0.654008	-0.095515	5	1.38187	1.41246	1.42478	1.47059
chr18:3500000-4000000	chr18	-0.137543	-0.145863	-0.342253	0	0.66492	0.640547	0.589607	0.608768
chr18:4000000-4500000	chr18	0.30027	0.986839	0.414251	1	0.577905	0.363428	0.758848	0.862181
chr18:4500000-5000000	chr18	0.201668	1.09853	0.271402	0	0.442506	0.447479	0.571201	0.527529
chr18:5000000-5500000	chr18	0.033717	0.992897	0.155398	2	-0.553903	-0.803381	-0.53884	-0.332271
chr18:5500000-6000000	chr18	0.157959	0.55791	0.078689	2	-0.874864	-0.891184	-0.917534	-0.646886
chr18:6000000-6500000	chr18	0.098935	0.52597	0.170546	1	-0.75705	-0.843487	-0.373313	-0.316743
chr18:6500000-7000000	chr18	-0.027144	0.337538	-0.216955	1	-0.963443	-0.990939	-0.925428	-1.03372
chr18:7000000-7500000	chr18	-0.245411	0.242482	-0.255412	2	-0.782854	-0.874775	-0.726493	-0.820607
chr18:7500000-8000000	chr18	-0.114934	-0.452585	-0.342903	1	-0.787991	-0.923766	-0.903435	-0.73616
chr18:8000000-8500000	chr18	-0.368063	-0.075565	-0.184217	0	-0.540019	-0.784466	-0.644114	-0.630413
chr18:8500000-9000000	chr18	0.046076	-0.70698	-0.279775	2	0.894407	0.931345	0.767696	0.788192
chr18:9000000-9500000	chr18	0.200864	-1.26414	-0.205964	4	1.41018	1.40487	1.42505	1.45168
chr18:9500000-10000000	chr18	-0.045541	-1.07724	-0.007048	4	1.23784	1.21898	1.34809	1.27393
chr18:10000000-10500000	chr18	-0.021951	-0.339668	0.012652	1	0.394503	0.36127	0.268395	0.474759
chr18:10500000-11000000	chr18	-0.175217	-0.280716	-0.104869	1	1.18055	1.28284	1.29612	1.30238
chr18:11000000-11500000	chr18	-0.107528	-0.410801	-0.327476	1	1.15826	1.11787	1.00244	1.00025
chr18:11500000-12000000	chr18	-0.110219	-0.36835	-0.228975	5	0.856276	0.745717	0.742164	0.724227
chr18:12000000-12500000	chr18	-0.21708	-0.600568	0.060476	5	1.22814	1.28533	1.2658	1.19319
chr18:12500000-13000000	chr18	0.173698	-1.08059	-0.092262	6	1.36599	1.3889	1.43144	1.50746
chr18:13000000-13500000	chr18	-0.091105	0.089345	-0.224747	1	0.925582	0.866299	0.900395	0.975238
chr18:13500000-14000000	chr18	0.010266	0.536026	-0.1551	4	0.611027	0.724792	0.757562	0.748911
chr18:14000000-14500000	chr18	-0.104926	0.968742	0.301464	1	-0.254903	-0.217765	-0.311567	-0.314487
chr18:14500000-15000000	chr18	0.011932	0.836399	0.42562	2	-0.843231	-0.832948	-0.871663	-0.895516
chr18:15000000-15500000	chr18	0.3816	0.711654	0.608834	0	-0.808327	-0.743898	-0.744416	-0.745131
chr18:18500000-19000000	chr18	0.200369	-0.466611	0.006384	2	-0.00510038	0.0145236	-0.111436	0.0309299
chr18:19000000-19500000	chr18	-0.043808	-0.783827	-0.193349	4	1.06947	1.09941	1.07677	1.23434
chr18:19500000-20000000	chr18	0.031499	-0.658152	-0.283846	2	-0.623468	-0.63486	-0.64029	-0.579815
chr18:20000000-20500000	chr18	-0.132102	-0.94063	-0.302773	0	-0.0692821	-0.149823	-0.110055	0.0401086
chr18:20500000-21000000	chr18	-0.190971	-0.598024	-0.248531	2	1.22157	1.20106	1.27263	1.2301
chr18:21000000-21500000	chr18	-0.161695	-0.847303	-0.21947	6	1.13956	1.06638	0.965407	1.1364
chr18:21500000-22000000	chr18	-0.062211	-0.702597	-0.116243	3	0.594498	0.597082	0.297175	0.275298
chr18:22000000-22500000	chr18	-0.173995	-0.097805	-0.436937	2	-1.04241	-1.02362	-0.990268	-0.983273
chr18:22500000-23000000	chr18	-0.376598	-0.387782	-0.23602	1	-1.11246	-1.12001	-1.15418	-0.915316
chr18:23000000-23500000	chr18	-0.285903	-0.237322	-0.2954	0	-0.459701	-0.604301	-0.675954	-0.569819
chr18:23500000-24000000	chr18	-0.125858	-0.117526	-0.51525	3	1.28229	1.32381	1.26559	1.41251
chr18:24000000-24500000	chr18	0.180277	0.323774	-0.111193	2	1.04785	1.15236	1.19475	1.18776
chr18:24500000-25000000	chr18	0.197187	0.557349	-0.127347	1	-0.828721	-0.844507	-0.734812	-0.907275
chr18:25000000-25500000	chr18	0.027171	-0.358608	-0.210288	0	-1.35611	-1.28717	-1.33655	-1.38111
chr18:25500000-26000000	chr18	0.055349	-0.972643	0.056387	1	-1.33752	-1.30111	-1.35426	-1.31531
chr18:26000000-26500000	chr18	0.006003	-0.645298	-0.082605	0	-1.27293	-1.30797	-1.37165	-1.36062
chr18:26500000-27000000	chr18	-0.068029	-0.462683	0.151075	0	-1.40206	-1.44516	-1.4502	-1.45273
chr18:27000000-27500000	chr18	-0.131704	-0.383361	0.15108	0	-1.35295	-1.34805	-1.34795	-1.41332
chr18:27500000-28000000	chr18	-0.003752	-0.114886	0.171136	0	-1.29376	-1.26133	-1.42223	-1.34829
chr18:28000000-28500000	chr18	0.153384	0.230388	-0.174573	0	-0.188139	-0.21008	0.0249611	0.0683604
chr18:28500000-29000000	chr18	-0.134093	-0.255384	-0.098102	5	0.688043	0.643204	-0.0565205	0.00827824
chr18:29000000-29500000	chr18	-0.277059	-0.024866	-0.041383	5	1.11261	1.2196	1.02262	1.07727
chr18:29500000-30000000	chr18	-0.116892	0.400682	-0.257713	4	0.0879645	0.0674896	-0.251305	0.0165038
chr18:30000000-30500000	chr18	0.128015	0.968706	0.166856	2	-1.22833	-1.29126	-1.37556	-1.30924
chr18:30500000-31000000	chr18	0.402889	0.487292	0.500718	0	-1.40584	-1.42334	-1.43631	-1.44626
chr18:31000000-31500000	chr18	0.399369	0.463672	-0.122811	2	-1.24347	-1.20651	-1.26837	-1.20152
chr18:31500000-32000000	chr18	0.279836	0.338314	0.280688	1	-0.0455679	-0.0767556	-0.290904	-0.0644121
chr18:32000000-32500000	chr18	0.062248	0.197298	-0.138864	1	-0.98916	-1.05023	-1.20975	-0.972908
chr18:32500000-33000000	chr18	0.016258	-0.441344	0.069846	5	1.01711	0.891662	0.966072	0.96984
chr18:33000000-33500000	chr18	0.100039	-0.015702	-0.252216	2	1.25301	1.25047	1.14554	1.04514
chr18:33500000-34000000	chr18	-0.021287	-0.679299	-0.000146	6	1.21852	1.20048	1.14408	1.13622
chr18:34000000-34500000	chr18	0.135879	-0.508686	-0.156944	2	0.753766	0.846099	0.493881	0.726503
chr18:34500000-35000000	chr18	-0.235247	1.07324	-0.020438	0	-0.514825	-0.436251	-0.588147	-0.377425
chr18:35000000-35500000	chr18	0.036749	1.32813	0.010419	1	-1.02011	-0.971844	-0.949109	-0.769788
chr18:35500000-36000000	chr18	0.471658	0.576516	0.030452	0	-1.32969	-1.34381	-1.23183	-1.19446
chr18:36000000-36500000	chr18	0.196513	0.801487	0.254881	0	-1.33956	-1.35627	-1.40773	-1.49601
chr18:36500000-37000000	chr18	0.201589	0.485414	0.090833	0	-1.27563	-1.24547	-1.22606	-1.20809
chr18:37000000-37500000	chr18	-0.083554	0.292761	-0.363977	0	-1.39575	-1.41271	-1.35713	-1.41961
chr18:37500000-38000000	chr18	0.081973	-0.203976	-0.217994	0	-1.27035	-1.15888	-1.26206	-1.12973
chr18:38000000-38500000	chr18	-0.000734	-0.490513	-0.052051	0	-1.4138	-1.41359	-1.44499	-1.46895
chr18:38500000-39000000	chr18	0.017313	-0.569914	-0.231885	0	-1.2964	-1.36205	-1.39593	-1.42166
chr18:39000000-39500000	chr18	-0.090949	-0.249924	-0.150514	0	-1.20439	-1.16612	-1.21604	-1.1971
chr18:39500000-40000000	chr18	0.143129	-0.201556	-0.040226	1	0.256978	0.301703	0.231305	0.134597
chr18:40000000-40500000	chr18	0.115113	0.377488	-0.18536	0	-1.35963	-1.37368	-1.43606	-1.40152
chr18:40500000-41000000	chr18	0.212128	0.333504	-0.015862	2	-1.3729	-1.40024	-1.42082	-1.46755
chr18:41000000-41500000	chr18	0.077858	-0.215499	0.052203	0	-1.35652	-1.34878	-1.42664	-1.45978
chr18:41500000-42000000	chr18	0.343399	-0.217048	-0.382185	0	-1.38839	-1.39863	-1.43792	-1.40064
chr18:42000000-42500000	chr18	-0.158439	0.001178	-0.450612	1	0.415551	0.144195	0.205553	0.306446
chr18:42500000-43000000	chr18	-0.033499	0.412506	-0.256088	0	0.0144372	0.0353271	-0.181111	-0.132976
chr18:43000000-43500000	chr18	-0.083754	0.085355	-0.464556	3	0.131172	0.256556	0.272295	0.420047
chr18:43500000-44000000	chr18	-0.048475	-0.334149	0.010955	6	1.21752	1.22569	1.17164	1.21795
chr18:44000000-44500000	chr18	0.139731	0.50933	-0.00467	4	0.347901	0.259453	0.296569	0.309
chr18:44500000-45000000	chr18	-0.028435	0.50608	-0.12013	4	0.219927	0.245173	0.116696	0.291279
chr18:45000000-45500000	chr18	-0.253165	0.527798	-0.087601	1	0.785956	0.840759	0.884259	0.717043
chr18:45500000-46000000	chr18	-0.054104	-0.003179	-0.324291	1	0.0691644	0.0359391	-0.109572	-0.0683889
chr18:46000000-46500000	chr18	0.017285	-0.508605	-0.203057	2	1.20253	1.28016	1.05273	1.25654
chr18:46500000-47000000	chr18	0.22826	-1.13292	-0.008525	1	1.24604	1.3022	1.31905	1.30158
chr18:47000000-47500000	chr18	-0.108256	-0.283376	-0.319342	4	0.999812	0.818387	0.712294	0.798962
chr18:47500000-48000000	chr18	0.101089	0.379476	-0.360251	5	1.24238	1.18357	1.24019	1.17498
chr18:48000000-48500000	chr18	-0.202871	0.493125	-0.09715	4	0.432271	0.453474	0.222976	0.538102
chr18:48500000-49000000	chr18	0.013459	0.107615	-0.016241	2	0.50862	0.399382	0.26282	0.266497
chr18:49000000-49500000	chr18	0.164074	0.878228	0.132145	0	0.357976	0.404832	0.492241	0.571514
chr18:49500000-50000000	chr18	0.26768	0.65623	0.034715	1	0.321708	0.0828633	0.663156	0.401659
chr18:50000000-50500000	chr18	-0.09448	0.691536	0.164627	0	-1.3689	-1.39256	-1.3603	-1.46013
chr18:50500000-51000000	chr18	0.485105	0.589927	0.337749	0	-1.3423	-1.30845	-1.43527	-1.38347
chr18:51000000-51500000	chr18	0.232515	0.756074	0.206893	0	-1.41132	-1.4257	-1.44625	-1.39384
chr18:51500000-52000000	chr18	0.067294	0.063397	0.002179	4	0.358101	0.422558	0.222196	0.554549
chr18:52000000-52500000	chr18	0.05845	-0.21912	-0.163105	2	-1.28014	-1.30819	-1.42028	-1.27573
chr18:52500000-53000000	chr18	-0.02627	-0.388338	-0.478411	1	-0.826837	-0.72169	-0.783467	-0.55613
chr18:53000000-53500000	chr18	-0.171853	-0.652995	-0.265026	1	-1.2538	-1.31402	-1.32722	-1.29205
chr18:53500000-54000000	chr18	-0.00229	-0.401142	-0.077283	0	-1.30657	-1.33776	-1.35079	-1.27073
chr18:54000000-54500000	chr18	-0.165499	-0.164315	-0.136494	2	0.158783	0.134727	-0.12784	0.0643155
chr18:54500000-55000000	chr18	-0.055249	0.82932	0.129175	1	0.665492	0.753396	0.48262	0.523456
chr18:55000000-55500000	chr18	0.010598	0.041313	-0.178658	5	0.681689	0.611641	0.217773	0.577939
chr18:55500000-56000000	chr18	0.026013	-0.655749	-0.323222	1	1.15756	1.24072	1.08212	0.918405
chr18:56000000-56500000	chr18	0.096451	-0.746635	-0.31224	2	1.32205	1.31212	1.27499	1.33352
chr18:56500000-57000000	chr18	-0.005929	-0.614447	-0.382883	5	1.09844	1.22266	1.03267	1.07282
chr18:57000000-57500000	chr18	0.005795	-0.530821	-0.374265	2	-0.316835	-0.437915	-0.546581	-0.637854
chr18:57500000-58000000	chr18	-0.139145	-0.194409	-0.163556	1	-0.0825663	-0.175282	-0.19865	-0.0804941
chr18:58000000-58500000	chr18	-0.010669	0.343431	0.093336	1	-1.32148	-1.38969	-1.37407	-1.38658
chr18:58500000-59000000	chr18	0.100845	0.951161	0.075738	0	-1.39885	-1.41372	-1.43435	-1.53654
chr18:59000000-59500000	chr18	-0.219139	0.677855	-0.316066	1	-0.969876	-0.975786	-1.18473	-1.08348
chr18:59500000-60000000	chr18	-0.383482	-0.271628	-0.182347	4	0.975396	0.937683	1.05673	1.04807
chr18:60000000-60500000	chr18	-0.238874	-0.138984	-0.417842	2	1.31707	1.39767	1.37874	1.42474
chr18:60500000-61000000	chr18	-0.198126	-0.065169	-0.619517	1	1.17488	1.19428	1.28978	1.30049
chr18:61000000-61500000	chr18	0.013585	-0.226637	-0.15415	8	0.69289	0.375704	0.711507	0.71415
chr18:61500000-62000000	chr18	0.060177	0.561834	-0.133561	5	-0.457033	-0.231729	-0.25755	-0.414758
chr18:62000000-62500000	chr18	0.208209	0.640229	0.318572	0	-1.35351	-1.39076	-1.461	-1.35877
chr18:62500000-63000000	chr18	0.256013	0.318996	0.651818	0	-1.42275	-1.39136	-1.45045	-1.49785
chr18:63000000-63500000	chr18	0.256574	0.412374	0.621922	1	-1.41049	-1.37173	-1.39393	-1.35675
chr18:63500000-64000000	chr18	0.125982	0.627122	0.645742	0	-1.28549	-1.21794	-1.30467	-1.16025
chr18:64000000-64500000	chr18	0.231783	0.411665	0.703347	1	-1.31101	-1.29275	-1.38643	-1.34906
chr18:64500000-65000000	chr18	-0.024434	-0.031789	0.258306	0	-1.27691	-1.33757	-1.37135	-1.32286
chr18:65000000-65500000	chr18	-0.113723	-0.545868	-0.160623	1	-1.27354	-1.31433	-1.35101	-1.28288
chr18:65500000-66000000	chr18	-0.270527	-0.53026	0.01228	0	-1.36647	-1.37884	-1.43388	-1.42909
chr18:66000000-66500000	chr18	-0.180061	-0.546563	0.056771	2	-1.07303	-1.12664	-1.17854	-1.32477
chr18:66500000-67000000	chr18	0.072544	0.374332	0.134482	0	-1.19437	-1.19553	-1.24606	-1.21815
chr18:67000000-67500000	chr18	0.056092	0.598846	0.220393	1	-1.2417	-1.23053	-1.36	-1.27136
chr18:67500000-68000000	chr18	-0.269737	0.357748	0.046527	3	0.814181	0.752667	0.559418	0.729152
chr18:68000000-68500000	chr18	0.053674	0.807591	0.008989	0	-1.26803	-1.19936	-1.29539	-1.25292
chr18:68500000-69000000	chr18	0.204148	0.757045	0.263427	0	-1.11266	-1.07895	-1.21515	-1.1061
chr18:69000000-69500000	chr18	0.279098	0.515355	0.490992	0	-1.39133	-1.34732	-1.39567	-1.40592
chr18:69500000-70000000	chr18	0.299334	0.525015	0.389731	0	-1.15436	-1.14623	-0.245405	-0.0999182
chr18:70000000-70500000	chr18	0.096919	0.569388	0.147752	1	-1.21634	-1.17449	-0.983697	-1.03364
chr18:70500000-71000000	chr18	0.071538	0.171647	0.141993	1	-0.523409	-0.598283	-0.480862	-0.431475
chr18:71000000-71500000	chr18	-0.054826	-0.263871	0.153432	0	-1.34407	-1.36929	-1.39303	-1.4188
chr18:71500000-72000000	chr18	-0.303211	0.703175	-0.26207	4	-0.690155	-0.542259	-0.583321	-0.53546
chr18:72000000-72500000	chr18	-0.19259	0.310142	-0.17506	4	0.814001	0.751292	0.781336	0.699583
chr18:72500000-73000000	chr18	-0.142527	0.216569	-0.230119	2	1.03048	0.942101	0.92598	0.914682
chr18:73000000-73500000	chr18	0.022615	0.631308	-0.320302	1	-0.633012	-0.7663	-0.82186	-0.775568
chr18:73500000-74000000	chr18	0.221377	1.1231	0.146244	0	-1.10878	-1.11705	-1.15887	-1.09668
chr18:74000000-74500000	chr18	-0.290669	0.472737	-0.149762	1	0.524272	0.386176	0.498311	0.313754
chr18:74500000-75000000	chr18	-0.350993	0.926148	-0.059783	3	0.770506	0.824216	0.820928	0.711454
chr18:75000000-75500000	chr18	0.113847	1.30805	0.146508	0	-0.906361	-0.838012	-0.881253	-0.750278
chr18:75500000-76000000	chr18	-0.02006	1.33233	0.33839	0	-0.801511	-0.913827	-0.947573	-0.910001
chr18:76000000-76500000	chr18	-0.237316	1.43246	0.035817	0	-0.66403	-0.761687	-0.63609	-0.541983
chr18:76500000-77000000	chr18	-0.019129	0.971716	0.033465	2	0.563612	0.445346	0.669212	0.654363
chr18:77000000-77500000	chr18	-0.468064	0.773709	-0.294864	2	0.724816	0.667675	0.911208	0.942724
chr18:77500000-78000000	chr18	-0.187042	0.302839	-0.002407	6	1.15043	1.10426	1.19973	1.24851
chr19:3000000-3500000	chr19	-0.018993	-0.960653	0.081828	10	1.19212	1.2446	1.33383	1.26537
chr19:3500000-4000000	chr19	-0.026729	-0.883384	0.238038	19	1.24646	1.16966	1.13957	1.36988
chr19:4000000-4500000	chr19	-0.074624	-0.973097	0.305225	17	1.28467	1.35008	1.37441	1.3511
chr19:4500000-5000000	chr19	-0.039837	-0.846603	0.092716	13	1.35503	1.27404	1.41622	1.4879
chr19:5000000-5500000	chr19	-0.157011	-0.590937	0.180049	2	0.782991	0.85341	0.780678	0.59173
chr19:5500000-6000000	chr19	-0.146818	-0.675179	-0.111493	17	1.23472	1.35773	1.33686	1.28209
chr19:6000000-6500000	chr19	0.172739	-0.697865	0.200053	13	1.30385	1.33451	1.20812	1.28986
chr19:6500000-7000000	chr19	-0.168438	0.176163	0.036269	10	1.22477	1.13706	1.18182	1.17393
chr19:7000000-7500000	chr19	0.224554	-0.408954	0.047664	8	1.1448	1.03217	1.09073	1.08107
chr19:7500000-8000000	chr19	-0.197345	-0.408842	-0.105968	24	1.29227	1.32443	1.37119	1.36406
chr19:8000000-8500000	chr19	-0.310194	-0.255127	0.007248	12	1.1717	1.18674	1.17945	1.12119
chr19:8500000-9000000	chr19	-0.277535	0.284435	-0.352066	10	-0.518287	-0.254959	-0.0778608	-0.24362
chr19:9000000-9500000	chr19	-0.263852	0.560353	-0.096843	11	-1.20663	-1.22805	-1.12032	-1.15857
chr19:9500000-10000000	chr19	-0.115037	0.059879	0.019932	10	-1.05766	-1.02471	-0.985419	-0.980483
chr19:10000000-10500000	chr19	-0.130727	-0.589644	0.070187	19	1.28235	1.23954	1.20348	1.18547
chr19:10500000-11000000	chr19	-0.050976	-0.955123	-0.056078	15	1.31083	1.27779	1.39005	1.27221
chr19:11000000-11500000	chr19	-0.099624	-0.855859	-0.053192	15	1.21161	1.14129	1.16504	1.15858
chr19:11500000-12000000	chr19	-0.092993	-0.899958	0.094562	16	-0.775776	-0.852961	-0.726124	-0.68354
chr19:12000000-12500000	chr19	-0.09562	-0.769562	-0.083382	11	-1.07452	-1.10952	-1.05502	-0.92809
chr19:12500000-13000000	chr19	0.112211	-0.939549	-0.130889	25	0.00451774	-0.0235516	0.0341789	0.0877116
chr19:13000000-13500000	chr19	-0.07315	-0.582617	-0.062721	13	1.1024	1.18046	1.14949	1.08282
chr19:13500000-14000000	chr19	-0.039212	-0.325583	0.050849	6	0.634101	0.588815	0.537984	0.519998
chr19:14000000-14500000	chr19	-0.202917	-0.517522	-0.178197	15	1.26248	1.24692	1.2526	1.22725
chr19:14500000-15000000	chr19	-0.11347	0.307223	0.118492	14	0.826281	0.683211	0.758392	0.682037
chr19:15000000-15500000	chr19	-0.207072	0.193651	-0.032087	11	0.51321	0.446073	0.506472	0.466052
chr19:15500000-16000000	chr19	-0.248491	0.758165	-0.021441	12	0.136345	0.344385	0.206352	0.393354
chr19:16000000-16500000	chr19	-0.196851	0.115063	0.115928	10	0.916345	0.895525	0.994867	0.931826
chr19:16500000-17000000	chr19	-0.023114	-0.5973	-0.087917	11	1.24413	1.18579	1.17983	1.10511
chr19:17000000-17500000	chr19	-0.018821	-0.790653	-0.02417	15	1.20644	1.23657	1.24387	1.24296
chr19:17500000-18000000	chr19	-0.174689	-0.752134	-0.03341	17	1.23754	1.2748	1.28046	1.24557
chr19:18000000-18500000	chr19	-0.150567	-0.909621	-0.033282	16	1.27004	1.28454	1.30416	1.38208
chr19:18500000-19000000	chr19	-0.020019	-0.829805	0.002043	14	1.19217	1.16863	1.17314	1.17825
chr19:19000000-19500000	chr19	-0.274429	-0.566077	-0.019846	17	0.885559	0.882501	0.90768	0.908465
chr19:19500000-20000000	chr19	-0.185773	-0.115037	0.330287	13	-0.799917	-0.840729	-0.740081	-0.685722
chr19:20000000-20500000	chr19	0.082168	0.372201	-0.063088	4	-1.30816	-1.32192	-1.34475	-1.34325
chr19:20500000-21000000	chr19	0.062752	0.406803	0.087232	3	-1.31527	-1.34875	-1.35314	-1.36734
chr19:21000000-21500000	chr19	-0.147554	0.423304	-0.059817	4	-1.27792	-1.29579	-1.33019	-1.30388
chr19:21500000-22000000	chr19	-0.006475	0.475922	0.19433	5	-1.31169	-1.37086	-1.35213	-1.33881
chr19:22000000-22500000	chr19	0.06965	0.857016	0.099881	5	-1.34718	-1.25883	-1.33574	-1.29735
chr19:22500000-23000000	chr19	0.078374	0.750237	0.27458	3	-1.26105	-1.33141	-1.2878	-1.38017
chr19:23000000-23500000	chr19	-0.083459	0.700353	0.020702	4	-1.37136	-1.33393	-1.38036	-1.38593
chr19:23500000-24000000	chr19	0.07192	0.579317	0.404599	4	-1.31214	-1.2908	-1.35055	-1.34779
chr19:24000000-24500000	chr19	0.113857	0.477791	0.40989	2	-1.37135	-1.40525	-1.40865	-1.46307
chr19:28000000-28500000	chr19	0.308547	0.738401	0.055546	0	-1.25863	-1.31916	-1.27496	-1.28621
chr19:28500000-29000000	chr19	0.158074	1.01027	0.253194	0	-0.804639	-0.923139	-0.947471	-0.954602
chr19:29000000-29500000	chr19	-0.14542	1.16979	0.194994	0	-0.974292	-1.07816	-1.02049	-1.05645
chr19:29500000-30000000	chr19	0.059778	1.28585	0.176884	1	-0.864523	-0.851947	-0.721254	-0.806407
chr19:30000000-30500000	chr19	-0.067802	0.552677	0.223752	6	-0.126169	-0.221366	-0.13721	-0.20364
chr19:30500000-31000000	chr19	-0.104738	1.19472	-0.053215	1	-0.627647	-0.557019	-0.589298	-0.502616
chr19:31000000-31500000	chr19	-0.019919	1.20254	0.123208	0	-0.76713	-0.732256	-0.650136	-0.771819
chr19:31500000-32000000	chr19	-0.176476	0.961874	-0.036244	1	-1.00402	-0.926524	-0.890036	-0.944198
chr19:32000000-32500000	chr19	-0.222849	1.38571	0.115525	0	-1.02236	-1.10159	-0.974919	-1.04084
chr19:32500000-33000000	chr19	-0.328347	0.934993	0.120251	2	-0.608831	-0.605384	-0.546961	-0.722434
chr19:33000000-33500000	chr19	-0.456769	0.722157	-0.214855	8	-0.354071	-0.0964037	-0.0217852	-0.124651
chr19:33500000-34000000	chr19	-0.488228	0.769889	0.097508	7	-0.06639	-0.128551	-0.129896	-0.220305
chr19:34000000-34500000	chr19	-0.026658	0.632704	-0.030193	3	-0.580968	-0.515606	-0.50133	-0.558683
chr19:34500000-35000000	chr19	0.053446	-0.316753	0.252447	6	0.319035	0.253143	0.266007	0.174461
chr19:35000000-35500000	chr19	-0.050228	0.547809	0.014215	7	-0.323635	-0.416209	-0.378012	-0.250612
chr19:35500000-36000000	chr19	-0.149237	0.165717	0.129598	18	0.832969	0.910716	0.868401	1.00583
chr19:36000000-36500000	chr19	-0.210967	-0.416468	0.147969	30	1.00589	1.0607	1.0946	1.1704
chr19:36500000-37000000	chr19	-0.064268	-0.459533	0.173993	14	-0.525516	-0.537479	-0.574302	-0.548705
chr19:37000000-37500000	chr19	0.075727	-0.469859	-0.201221	10	-0.917228	-0.92539	-0.94512	-0.92059
chr19:37500000-38000000	chr19	0.005129	-0.205046	-0.095923	9	-0.921613	-0.919741	-0.899517	-0.984504
chr19:38000000-38500000	chr19	0.045449	-0.410609	-0.003741	7	-0.749444	-0.79673	-0.868103	-0.801553
chr19:38500000-39000000	chr19	0.157607	-0.600716	-0.013446	13	0.503243	0.494536	0.467548	0.594398
chr19:39000000-39500000	chr19	0.173979	-0.9058	0.074959	16	1.20405	1.15328	1.14695	1.1719
chr19:39500000-40000000	chr19	0.05153	-0.798251	-0.059826	19	1.13174	1.21068	1.20523	1.21663
chr19:40000000-40500000	chr19	-0.192983	0.091538	-0.310025	11	1.09794	0.794394	1.1078	1.08917
chr19:40500000-41000000	chr19	-0.189081	-0.430118	0.011574	15	0.999624	1.00478	0.888474	0.87382
chr19:41000000-41500000	chr19	-0.107965	-0.35956	-0.170308	13	1.11128	1.09326	1.09969	0.980697
chr19:41500000-42000000	chr19	-0.320842	0.034054	-0.263618	14	0.849858	0.762029	0.729908	0.894457
chr19:42000000-42500000	chr19	-0.122202	0.39774	0.054392	14	0.806731	0.844272	1.01302	0.816341
chr19:42500000-43000000	chr19	-0.250457	0.073326	-0.001064	15	1.17081	1.20783	1.20125	1.23885
chr19:43000000-43500000	chr19	0.095747	1.06594	0.354877	6	-0.281265	-0.210125	-0.134725	-0.144578
chr19:43500000-44000000	chr19	-0.035085	1.20799	0.089813	8	-0.456522	-0.36624	-0.415401	-0.57231
chr19:44000000-44500000	chr19	-0.130144	-0.018933	0.086992	20	-0.20027	-0.244866	-0.348303	0.0240836
chr19:44500000-45000000	chr19	-0.098116	-0.105902	-0.179361	14	-0.760187	-0.840142	-0.768676	-0.894018
chr19:45000000-45500000	chr19	-0.040365	-0.67318	0.105311	16	0.519243	0.456455	0.454237	0.420137
chr19:45500000-46000000	chr19	-0.037564	-1.01836	0.312417	17	1.32397	1.26901	1.31908	1.40383
chr19:46000000-46500000	chr19	0.08913	-1.06606	0.09181	22	1.3647	1.40444	1.40769	1.41178
chr19:46500000-47000000	chr19	-0.003992	-1.13226	0.046289	11	0.85534	0.789371	0.945815	0.772844
chr19:47000000-47500000	chr19	-0.186522	-1.05609	0.178605	10	1.38683	1.39975	1.42395	1.41827
chr19:47500000-48000000	chr19	-0.154513	-1.03314	0.069	13	1.3885	1.36626	1.41764	1.45338
chr19:48000000-48500000	chr19	-0.040481	-0.96659	-0.111174	12	1.06662	1.05348	1.1478	1.05565
chr19:48500000-49000000	chr19	-0.125938	-0.848262	0.018594	15	1.26642	1.22624	1.26081	1.3205
chr19:49000000-49500000	chr19	0.114175	-1.08301	-0.041185	26	1.38334	1.40497	1.37574	1.47905
chr19:49500000-50000000	chr19	0.073977	-0.972489	0.068731	29	1.35917	1.36295	1.40464	1.28948
chr19:50000000-50500000	chr19	-0.023357	-0.698777	0.284105	25	1.30646	1.32502	1.36793	1.40415
chr19:50500000-51000000	chr19	0.22828	0.143853	0.236561	12	1.20565	1.16255	1.20157	0.96061
chr19:51000000-51500000	chr19	-0.118312	0.568383	0.172824	18	0.675323	0.794643	0.754091	0.68389
chr19:51500000-52000000	chr19	-0.074973	1.0197	0.12156	22	0.240014	0.157096	0.205766	0.128745
chr19:52000000-52500000	chr19	-0.155503	0.708548	0.033879	14	-0.899581	-0.945099	-0.836466	-0.66351
chr19:52500000-53000000	chr19	-0.026045	0.042348	-0.100618	14	-0.907855	-0.960498	-0.915463	-0.86841
chr19:53000000-53500000	chr19	-0.196905	-0.034109	-0.1295	11	-0.784129	-0.775953	-0.666997	-0.719195
chr19:53500000-54000000	chr19	0.083311	0.158356	0.055999	14	-1.06613	-1.15329	-1.03522	-0.967966
chr19:54000000-54500000	chr19	-0.077045	0.365225	0.334915	8	-1.21729	-1.05246	-0.86113	-1.00729
chr19:54500000-55000000	chr19	-0.00483	0.245504	0.159621	22	0.476969	0.447728	0.591205	0.51378
chr19:55000000-55500000	chr19	0.108437	0.878026	0.314203	15	-0.265376	-0.205057	-0.0789591	-0.323239
chr19:55500000-56000000	chr19	-0.210625	-0.296954	0.130066	28	0.905449	0.862744	0.972024	1.10381
chr19:56000000-56500000	chr19	-0.062571	0.420104	0.066135	19	-0.0153858	0.111604	0.12196	0.205294
chr19:56500000-57000000	chr19	-0.081693	0.636711	0.000777	11	-0.903237	-0.87033	-0.718604	-0.663817
chr19:57000000-57500000	chr19	0.160728	0.839938	0.034138	7	-1.30977	-1.3807	-1.35056	-1.42704
chr19:57500000-58000000	chr19	-0.109701	0.231877	-0.064736	16	-0.982125	-0.920902	-0.825703	-0.941194
chr19:58000000-58500000	chr19	0.090995	-0.428706	0.086073	22	-0.805685	-0.881992	-0.900442	-0.925504
chr19:58500000-59000000	chr19	0.136033	-0.436857	0.168197	20	-0.872483	-0.800593	-0.78559	-0.757667
chr20:3000000-3500000	chr20	-0.108201	-0.515666	-0.13763	11	0.921905	0.997466	0.937635	0.964014
chr20:3500000-4000000	chr20	-0.078265	-0.63051	-0.068153	12	0.921875	0.92246	1.12303	1.00365
chr20:4000000-4500000	chr20	-0.128779	-0.229308	-0.111379	2	-0.664167	-0.78563	-0.928467	-0.624743
chr20:4500000-5000000	chr20	-0.437655	0.05459	-0.397923	4	0.118334	0.153525	0.35494	0.273578
chr20:5000000-5500000	chr20	-0.016309	0.281882	-0.380643	4	-0.27211	-0.415491	-0.159311	-0.194141
chr20:5500000-6000000	chr20	-0.424891	-0.068396	-0.374952	6	0.606718	0.594087	0.567387	0.473742
chr20:6000000-6500000	chr20	-0.085379	0.281048	-0.425461	2	-1.32234	-1.3288	-1.33863	-1.30894
chr20:6500000-7000000	chr20	-0.065135	0.037229	-0.168542	1	-1.17979	-1.17118	-1.2078	-1.25893
chr20:7000000-7500000	chr20	-0.326858	0.342056	-0.12558	0	-1.26182	-1.23776	-1.34971	-1.23658
chr20:7500000-8000000	chr20	-0.212312	0.090018	-0.431275	1	-1.30413	-1.26667	-1.33753	-1.24351
chr20:8000000-8500000	chr20	-0.287922	-0.082486	-0.207946	2	-0.88867	-0.930252	-0.600624	-0.483791
chr20:8500000-9000000	chr20	-0.050052	-0.133182	-0.129659	0	-1.17723	-1.25341	-1.23432	-1.21241
chr20:9000000-9500000	chr20	0.062394	-0.326956	-0.044418	2	-1.35771	-1.40483	-1.3912	-1.41074
chr20:9500000-10000000	chr20	0.152629	0.763095	0.203672	1	-1.33854	-1.31109	-1.31133	-1.34058
chr20:10000000-10500000	chr20	-0.273362	0.221937	-0.316131	4	-0.97521	-0.969752	-0.886902	-0.869482
chr20:10500000-11000000	chr20	-0.059695	-0.447418	-0.17004	1	-1.2466	-1.24059	-1.21543	-1.075
chr20:11000000-11500000	chr20	-0.133186	-0.540495	-0.188363	0	-1.06509	-1.0955	-0.936809	-0.847017
chr20:11500000-12000000	chr20	-0.105476	0.694116	0.003091	1	-1.30569	-1.3526	-1.32958	-1.36544
chr20:12000000-12500000	chr20	0.377474	0.997529	0.175684	0	-1.34679	-1.39893	-1.37257	-1.42452
chr20:12500000-13000000	chr20	0.242006	1.11061	0.237863	1	-1.3986	-1.35118	-1.41244	-1.45426
chr20:13000000-13500000	chr20	0.006065	0.952165	-0.131137	1	-1.24637	-1.22741	-1.26482	-1.21409
chr20:13500000-14000000	chr20	-0.165093	0.672909	0.150092	5	-0.872229	-0.797008	-0.740635	-0.78311
chr20:14000000-14500000	chr20	0.131056	0.151536	-0.071255	1	-1.24996	-1.29182	-1.33365	-1.33295
chr20:14500000-15000000	chr20	-0.106383	-0.032084	-0.145566	0	-1.29911	-1.29757	-1.39037	-1.36052
chr20:15000000-15500000	chr20	-0.03228	0.071818	0.037115	0	-1.39058	-1.3808	-1.40977	-1.36047
chr20:15500000-16000000	chr20	-0.018655	0.303915	-0.076348	0	-1.3737	-1.39213	-1.36252	-1.44318
chr20:16000000-16500000	chr20	-0.161557	1.06658	-0.110034	0	-1.24352	-1.30973	-1.33973	-1.28177
chr20:16500000-17000000	chr20	0.153279	0.89303	0.108859	3	-1.3355	-1.35322	-1.42688	-1.49128
chr20:17000000-17500000	chr20	0.34781	1.06349	0.409922	1	-1.3805	-1.41674	-1.45236	-1.43877
chr20:17500000-18000000	chr20	-0.04832	-0.014971	-0.122306	6	-0.267939	-0.0693652	-0.134376	-0.095787
chr20:18000000-18500000	chr20	-0.220892	1.0412	-0.38848	7	-0.624566	-0.510552	-0.384992	-0.446351
chr20:18500000-19000000	chr20	0.055072	1.21859	-0.196563	3	-0.753807	-0.592283	-0.486218	-0.444942
chr20:19000000-19500000	chr20	0.113878	1.30045	0.116656	1	-1.29635	-1.24769	-1.31167	-1.25671
chr20:19500000-20000000	chr20	-0.245047	0.465933	-0.093786	2	-1.15246	-1.05295	-1.13994	-1.14971
chr20:20000000-20500000	chr20	0.033123	1.20072	0.00879	3	-0.145618	-0.0400121	0.0228018	0.239033
chr20:20500000-21000000	chr20	-0.067496	1.46634	-0.158991	1	-0.487167	-0.619025	-0.61193	-0.544941
chr20:21000000-21500000	chr20	-0.003397	0.468247	0.229213	5	-0.443549	-0.43696	-0.379051	-0.472389
chr20:21500000-22000000	chr20	0.281396	1.31316	0.027765	1	-1.31395	-1.39544	-1.36766	-1.40849
chr20:22000000-22500000	chr20	0.233925	1.16407	0.136635	0	-1.33476	-1.34985	-1.36709	-1.37023
chr20:22500000-23000000	chr20	0.083044	0.578422	-0.059046	1	-1.20253	-1.22093	-1.27557	-1.29459
chr20:23000000-23500000	chr20	-0.159736	0.836235	-0.185977	9	-0.676758	-0.540963	-0.696589	-0.687481
chr20:23500000-24000000	chr20	0.087844	1.37431	-0.0197	8	-1.14618	-1.09726	-1.19016	-1.15533
chr20:24000000-24500000	chr20	0.200182	1.06922	-0.077286	1	-1.16914	-1.26394	-1.16573	-1.19816
chr20:24500000-25000000	chr20	0.043517	0.978457	0.098262	2	-1.00672	-0.996351	-0.999544	-1.12098
chr20:25000000-25500000	chr20	-0.073145	0.427402	0.040867	6	-0.493699	-0.426945	-0.415701	-0.42333
chr20:25500000-26000000	chr20	-0.085742	0.831042	0.148932	3	-0.921983	-0.818173	-0.922575	-0.967707
chr20:26000000-26500000	chr20	-0.086746	0.801109	0.147949	0	-1.26809	-1.32955	-1.22321	-1.24871
chr20:29500000-30000000	chr20	0.225101	1.04156	0.405945	5	-1.22057	-1.18202	-1.30915	-1.25342
chr20:30000000-30500000	chr20	0.143054	-0.349889	0.300784	13	-0.0666518	-0.0370279	0.0309866	-0.0451155
chr20:30500000-31000000	chr20	-0.110972	-0.558695	0.072267	9	1.08408	0.941389	1.04654	1.00156
chr20:31000000-31500000	chr20	-0.173079	-0.432613	-0.236471	6	1.06366	1.03245	1.03144	1.1316
chr20:31500000-32000000	chr20	-0.377368	0.230537	-0.414987	10	0.503831	0.442269	0.378851	0.42926
chr20:32000000-32500000	chr20	-0.054359	-0.826667	-0.091921	9	1.26768	1.34724	1.32251	1.30868
chr20:32500000-33000000	chr20	0.098256	-1.00693	0.161752	5	1.29428	1.28153	1.28939	1.23672
chr20:33000000-33500000	chr20	0.163729	-1.33968	0.065967	7	1.31543	1.32542	1.34251	1.36254
chr20:33500000-34000000	chr20	0.195142	-1.12706	0.027106	10	1.25336	1.26618	1.26796	1.32364
chr20:34000000-34500000	chr20	0.162408	-1.19397	-0.137353	10	1.26654	1.34378	1.35394	1.35687
chr20:34500000-35000000	chr20	-0.057996	-0.69854	0.001686	5	1.16765	1.22526	1.24242	1.26432
chr20:35000000-35500000	chr20	-0.127188	-0.548713	-0.073489	7	1.29912	1.28807	1.27363	1.24212
chr20:35500000-36000000	chr20	-0.265566	-0.706168	-0.032944	7	1.42205	1.39139	1.37454	1.35603
chr20:36000000-36500000	chr20	-0.256615	-0.558586	-0.419356	3	1.11227	1.07576	1.08509	1.09178
chr20:36500000-37000000	chr20	-0.119671	-0.71918	-0.171029	7	1.08864	1.04202	0.916633	1.07077
chr20:37000000-37500000	chr20	-0.255493	-0.209315	-0.160864	7	0.771531	0.676748	0.796085	0.93512
chr20:37500000-38000000	chr20	0.042882	0.903455	-0.006596	2	-0.152975	-0.249517	-0.122202	0.102534
chr20:38000000-38500000	chr20	0.235436	1.02716	0.074116	0	-0.977775	-1.02303	-0.826986	-0.890655
chr20:38500000-39000000	chr20	0.138711	0.829054	0.216078	0	-1.02752	-1.11775	-1.01438	-1.0282
chr20:39000000-39500000	chr20	0.05397	1.29776	-0.02324	1	-0.821511	-0.914056	-0.875583	-1.00646
chr20:39500000-40000000	chr20	0.074337	0.078316	-0.25203	5	0.394339	0.40812	0.548866	0.573049
chr20:40000000-40500000	chr20	-0.247515	0.868957	0.187604	1	-0.393264	-0.356005	-0.330509	-0.27535
chr20:40500000-41000000	chr20	-0.12485	1.50699	0.178662	0	-1.0167	-1.06646	-0.969421	-1.06409
chr20:41000000-41500000	chr20	0.447952	1.01591	0.261284	0	-0.986428	-1.08852	-1.04454	-1.01106
chr20:41500000-42000000	chr20	0.015824	1.28573	0.15305	1	-0.947163	-0.915624	-1.01159	-1.0526
chr20:42000000-42500000	chr20	-0.184409	0.094028	-0.281243	6	0.803959	0.809714	0.760368	0.774643
chr20:42500000-43000000	chr20	-0.044583	-0.090144	-0.058834	7	0.706455	0.686036	0.726205	0.750616
chr20:43000000-43500000	chr20	0.092431	-0.492244	-0.079876	7	1.00419	0.968564	1.046	1.01533
chr20:43500000-44000000	chr20	0.046143	-0.204571	-0.213454	15	0.803886	0.771539	0.723451	0.902282
chr20:44000000-44500000	chr20	-0.124555	0.272165	-0.253402	21	0.449534	0.442828	0.413874	0.356979
chr20:44500000-45000000	chr20	-0.167295	-0.280736	-0.064417	13	1.11931	1.12994	1.11976	1.05428
chr20:45000000-45500000	chr20	-0.396849	-0.202277	-0.094763	6	0.826052	0.807016	0.560435	0.427179
chr20:45500000-46000000	chr20	-0.043664	-0.698327	-0.26385	2	0.986956	0.985436	0.633583	0.687998
chr20:46000000-46500000	chr20	-0.001204	-0.831318	-0.240106	2	1.19892	1.19258	1.20295	1.14617
chr20:46500000-47000000	chr20	-0.261392	-0.538514	-0.456565	0	1.2381	1.24129	1.25775	1.25978
chr20:47000000-47500000	chr20	-0.424844	-0.250706	-0.293532	1	1.20388	1.19158	1.13626	1.20403
chr20:47500000-48000000	chr20	-0.178766	-0.806594	-0.490157	5	1.35611	1.39027	1.38838	1.40987
chr20:48000000-48500000	chr20	-0.309101	-0.657916	-0.133809	4	1.26332	1.24467	1.18588	1.21714
chr20:48500000-49000000	chr20	-0.076059	-0.822186	0.045665	6	1.09728	1.11931	1.18027	1.1757
chr20:49000000-49500000	chr20	0.083825	-0.992575	-0.120934	4	0.912807	0.794345	0.936613	0.867421
chr20:49500000-50000000	chr20	-0.125931	-0.58961	-0.061735	4	-0.407897	-0.560106	-0.445705	-0.488852
chr20:50000000-50500000	chr20	-0.137723	-0.382087	-0.195723	3	-0.684503	-0.732386	-0.627577	-0.491818
chr20:50500000-51000000	chr20	-0.06947	-0.195749	-0.115925	1	-0.985809	-1.00413	-1.00038	-0.938652
chr20:51000000-51500000	chr20	-0.060821	0.487579	0.010931	0	-1.19308	-1.22254	-1.24078	-1.2507
chr20:51500000-52000000	chr20	-0.077196	0.86928	0.175114	1	-1.08772	-1.04092	-0.917807	-0.835536
chr20:52000000-52500000	chr20	-0.059392	-0.274616	-0.084689	1	0.593761	0.545422	0.498936	0.532374
chr20:52500000-53000000	chr20	-0.006796	-0.050163	-0.030327	3	-0.616946	-0.69879	-0.683548	-0.5227
chr20:53000000-53500000	chr20	0.316618	0.743663	0.155946	1	-1.28496	-1.29659	-1.20269	-1.20546
chr20:53500000-54000000	chr20	0.461716	0.652143	0.529862	0	-1.31977	-1.28885	-1.2999	-1.34256
chr20:54000000-54500000	chr20	0.306862	0.891232	0.426068	0	-1.19526	-1.22705	-1.2377	-1.33273
chr20:54500000-55000000	chr20	0.004367	1.05995	0.349298	6	-1.09544	-1.14476	-1.21524	-1.21682
chr20:55000000-55500000	chr20	-0.346702	0.51226	-0.351401	4	-0.839181	-0.891207	-0.746673	-0.680551
chr20:55500000-56000000	chr20	-0.242355	0.442655	-0.210926	4	-0.543157	-0.654256	-0.509458	-0.388973
chr20:56000000-56500000	chr20	-0.20029	0.305394	-0.112485	4	-0.0353874	-0.130763	0.0362831	-0.0846602
chr20:56500000-57000000	chr20	-0.273252	0.063374	0.005208	4	0.224034	0.255366	0.478309	0.385123
chr20:57000000-57500000	chr20	-0.259306	0.195179	-0.043555	5	0.160677	0.278996	0.530362	0.509805
chr20:57500000-58000000	chr20	-0.095487	0.52554	-0.064323	7	0.265028	0.182625	0.462575	0.49788
chr20:58000000-58500000	chr20	0.010019	0.741553	0.28854	1	-0.532557	-0.55725	-0.525075	-0.478321
chr20:58500000-59000000	chr20	0.152832	0.524573	0.113457	4	-1.01818	-0.995947	-0.966164	-0.969987
chr20:59000000-59500000	chr20	0.04529	0.823907	-0.088899	0	-1.1155	-1.18195	-1.06195	-1.15427
chr20:59500000-60000000	chr20	-0.060301	0.698964	-0.136458	1	-1.00091	-1.04085	-0.947546	-1.03658
chr20:60000000-60500000	chr20	-0.056033	0.531532	0.061493	0	-0.598035	-0.689114	-0.539334	-0.546982
chr20:60500000-61000000	chr20	-0.13836	-0.240724	-0.018299	11	0.96016	0.95586	1.04289	1.13573
chr20:61000000-61500000	chr20	-0.145902	-0.528793	0.025717	8	1.13485	1.10304	1.00712	1.19314
chr20:61500000-62000000	chr20	0.034009	-0.822648	0.331212	10	1.27446	1.31767	1.27748	1.21564
chr20:62000000-62500000	chr20	-0.155911	-0.632793	0.305683	18	1.20856	1.24528	1.24238	1.18807
chr20:62500000-63000000	chr20	-0.243681	-0.664091	0.022786	14	1.22294	1.19721	1.24863	1.18208
chr21:9500000-10000000	chr21	-0.421316	0.438659	0.538065	0	0.529796	0.346737	0.61819	0.762383
chr21:14500000-15000000	chr21	-0.077372	0.817068	0.316111	1	-1.45464	-1.46827	-1.36017	-1.3627
chr21:15000000-15500000	chr21	0.119865	0.83123	0.119473	0	-0.990463	-1.04174	-0.794399	-0.994997
chr21:15500000-16000000	chr21	0.227809	0.606506	0.685616	4	-0.298463	-0.378382	-0.708227	-0.277894
chr21:16000000-16500000	chr21	-0.120162	0.244535	0.093286	1	0.566237	0.362194	0.165215	0.218091
chr21:16500000-17000000	chr21	-0.026278	0.374861	-0.051309	0	-1.21372	-1.25756	-1.42733	-1.20553
chr21:17000000-17500000	chr21	-0.221079	-0.037975	0.0882	1	-1.04585	-1.25895	-1.13392	-1.28298
chr21:17500000-18000000	chr21	0.205402	0.109156	0.360791	0	-1.31665	-1.25173	-1.49916	-1.43495
chr21:18000000-18500000	chr21	0.154816	0.625356	0.355777	0	-1.52884	-1.51503	-1.43846	-1.68303
chr21:18500000-19000000	chr21	-0.00253	0.574429	0.011563	2	-1.50549	-1.58979	-1.40184	-1.4097
chr21:19000000-19500000	chr21	0.019941	0.645306	0.229592	1	-0.385029	-0.59146	-0.403637	-0.645233
chr21:19500000-20000000	chr21	0.10529	0.337581	0.337482	2	-1.17356	-1.21513	-1.13513	-1.21098
chr21:20000000-20500000	chr21	0.199053	0.20301	0.131856	0	-0.476082	-0.71127	-0.645943	-0.499237
chr21:20500000-21000000	chr21	0.236335	0.223211	0.456	0	0.406944	0.35681	0.375268	0.265741
chr21:21000000-21500000	chr21	0.031147	0.395876	0.393125	0	-1.12535	-1.0719	-1.45733	-1.13552
chr21:21500000-22000000	chr21	-0.077165	0.301834	0.331463	0	-1.4535	-1.49717	-1.73048	-1.6037
chr21:22000000-22500000	chr21	0.246223	0.185513	0.369503	1	-1.5206	-1.72238	-1.58162	-1.81418
chr21:22500000-23000000	chr21	-0.128061	0.207013	0.170468	0	-1.6394	-1.73506	-1.80931	-1.86776
chr21:23000000-23500000	chr21	-0.130511	0.295463	0.365289	0	-1.85496	-1.72539	-2.0849	-1.84147
chr21:23500000-24000000	chr21	0.132719	0.24424	0.312397	0	-1.69908	-1.78902	-1.80506	-1.61704
chr21:24000000-24500000	chr21	0.316407	0.23944	0.509994	0	-1.70321	-1.94816	-1.84942	-2.0325
chr21:24500000-25000000	chr21	0.172368	0.08587	0.34869	0	-1.99111	-2.07198	-2.10699	-1.89939
chr21:25000000-25500000	chr21	-0.303476	0.546096	0.265599	0	-2.02548	-2.13767	-2.03094	-1.93363
chr21:25500000-26000000	chr21	0.033609	0.402999	0.431166	0	-2.0013	-2.15293	-2.14769	-2.01312
chr21:26000000-26500000	chr21	0.123929	0.563224	0.457022	0	-1.82219	-1.88322	-1.92437	-1.93844
chr21:26500000-27000000	chr21	-0.02678	0.280101	-0.071118	1	-0.582613	-0.842001	-0.976528	-1.09683
chr21:27000000-27500000	chr21	-0.162338	-0.228898	-0.244818	3	-1.16213	-1.23245	-1.47998	-1.26448
chr21:27500000-28000000	chr21	-0.00121	-0.059239	0.113867	2	-2.00338	-2.13006	-2.14077	-2.22311
chr21:28000000-28500000	chr21	-0.153502	-0.622594	-0.20525	2	-1.99905	-2.06152	-2.15809	-2.12597
chr21:28500000-29000000	chr21	0.023024	-1.12903	0.062283	0	-1.94658	-2.05018	-2.11452	-2.0864
chr21:29000000-29500000	chr21	-0.271325	-0.601615	0.169273	0	-1.90516	-1.88103	-2.00865	-2.0564
chr21:29500000-30000000	chr21	-0.09899	-0.633629	-0.125743	0	-1.91406	-1.88951	-2.0936	-2.20488
chr21:30000000-30500000	chr21	-0.077647	-0.568975	-0.006966	5	-0.992914	-1.21919	-1.45531	-1.09554
chr21:30500000-31000000	chr21	-0.260259	0.099864	-0.219874	2	-1.04975	-1.10775	-1.24997	-1.10832
chr21:31000000-31500000	chr21	0.012492	0.715278	0.223097	1	-1.84928	-1.90692	-2.06745	-1.98271
chr21:31500000-32000000	chr21	0.461129	0.500996	0.170394	26	-1.67228	-1.59995	-1.86496	-1.77186
chr21:32000000-32500000	chr21	0.063239	0.668659	-0.004616	9	-1.65999	-1.66347	-1.68618	-1.60345
chr21:32500000-33000000	chr21	-0.458524	0.390392	-0.516577	1	-1.55331	-1.75794	-1.93452	-1.49612
chr21:33000000-33500000	chr21	-0.052011	0.429465	-0.280503	3	-0.711667	-0.887279	-0.957303	-0.791185
chr21:33500000-34000000	chr21	-0.424095	0.17724	0.053869	6	-0.726218	-0.805334	-0.778681	-0.478185
chr21:34000000-34500000	chr21	-0.449982	-0.027313	-0.30746	5	-0.0250451	-0.135676	-0.365189	0.191848
chr21:34500000-35000000	chr21	-0.348756	-0.604051	-0.231767	9	0.702386	0.514007	0.323271	0.348492
chr21:35000000-35500000	chr21	0.011072	-0.923538	0.000297	4	0.655844	0.561332	0.253047	0.340924
chr21:35500000-36000000	chr21	-0.174658	-0.741701	0.018656	6	0.298239	0.0217547	-0.375358	-0.0762775
chr21:36000000-36500000	chr21	-0.190386	-0.943353	0.088365	2	-0.37466	-0.319182	-0.918173	-0.699125
chr21:36500000-37000000	chr21	0.078435	-1.05204	-0.27821	0	-1.35723	-1.69868	-1.85615	-1.8017
chr21:37000000-37500000	chr21	0.000563	-0.848722	-0.339144	2	-0.590547	-0.672475	-1.22228	-1.00541
chr21:37500000-38000000	chr21	0.074009	-0.902701	-0.025982	5	0.874432	0.621956	0.366002	0.604251
chr21:38000000-38500000	chr21	-0.099356	-0.878887	0.003633	5	0.0363645	0.172243	-0.333769	-0.460094
chr21:38500000-39000000	chr21	-0.071709	-1.18631	-0.044972	2	0.378664	0.14485	-0.0585614	-0.0711083
chr21:39000000-39500000	chr21	-0.373592	-0.548622	-0.16482	1	-1.09756	-1.21297	-1.65719	-1.39565
chr21:39500000-40000000	chr21	0.042845	-1.01922	-0.140187	2	-0.730297	-0.838311	-1.22654	-0.853163
chr21:40000000-40500000	chr21	-0.126977	-0.939032	-0.151503	1	-1.01254	-0.989565	-1.03556	-1.0058
chr21:40500000-41000000	chr21	0.076324	-0.764414	0.028662	7	-0.776794	-0.647702	-0.96669	-0.575762
chr21:41000000-41500000	chr21	-0.126211	0.55747	0.272399	2	-1.5765	-1.48516	-1.63177	-1.62509
chr21:41500000-42000000	chr21	0.139274	0.391255	0.25863	0	-1.3587	-1.37157	-1.11563	-1.34587
chr21:42000000-42500000	chr21	0.181681	0.447346	-0.131112	1	-1.44957	-1.40531	-1.53964	-1.26217
chr21:42500000-43000000	chr21	-0.311866	0.32292	0.151435	5	-0.78535	-0.893006	-0.142975	-0.600705
chr21:43000000-43500000	chr21	-0.526708	-0.079292	0.188419	5	0.416758	0.152021	0.201786	0.117674
chr21:43500000-44000000	chr21	-0.410813	-0.280782	0.055941	8	0.773731	0.670092	0.650567	0.892648
chr21:44000000-44500000	chr21	-0.158042	-0.619869	0.037571	6	0.939421	0.761438	0.959408	0.753518
chr21:44500000-45000000	chr21	-0.142847	-0.587377	0.033346	4	0.84443	0.93389	0.670283	0.94386
chr21:45000000-45500000	chr21	-0.005372	-0.792544	-0.038321	7	1.26218	0.985779	1.22421	1.18022
chr21:45500000-46000000	chr21	-0.185123	-0.476337	0.049764	13	1.10654	1.27896	1.35147	1.07716
chr21:46000000-46500000	chr21	-0.188438	-0.710149	0.078419	19	1.21402	1.02252	1.25897	1.39206
chr21:46500000-47000000	chr21	-0.179854	-0.734888	0.254984	3	1.20213	1.37515	1.14227	1.29334
chr21:47000000-47500000	chr21	-0.297592	-0.772228	0.150171	2	0.817302	0.542988	0.634258	0.575926
chr21:47500000-48000000	chr21	-0.209545	-0.61693	0.065173	10	0.814316	1.04894	0.453537	1.09831
chr22:17000000-17500000	chr22	0.076756	0.854496	0.243093	3	-1.41573	-1.44887	-1.31066	-1.41311
chr22:17500000-18000000	chr22	-0.36417	0.43845	-0.150555	5	-0.910853	-0.816208	-0.796185	-0.95816
chr22:18000000-18500000	chr22	-0.247229	-0.560896	-0.133047	4	0.0146851	0.0268759	0.0645938	-0.0487907
chr22:19000000-19500000	chr22	0.016733	-0.720463	-0.021203	12	0.0832688	0.407604	-0.108405	-0.11593
chr22:19500000-20000000	chr22	-0.148275	-0.60916	0.410872	7	-0.194561	0.0370067	-0.197381	-0.116079
chr22:20000000-20500000	chr22	-0.312882	-0.517464	0.454961	13	0.604366	0.483613	0.609094	0.556852
chr22:20500000-21000000	chr22	0.129435	-0.835928	0.015397	4	0.464997	0.566689	0.428014	0.311115
chr22:21000000-21500000	chr22	-0.368502	-0.741868	0.035723	10	0.77646	0.872707	0.658398	0.677635
chr22:22000000-22500000	chr22	-0.062503	-0.599351	-0.095745	5	1.25463	1.19279	1.22451	1.18777
chr22:22500000-23000000	chr22	-0.095087	0.158224	-0.246643	5	1.08743	1.04396	1.02971	1.08531
chr22:23000000-23500000	chr22	-0.264891	0.368869	0.117912	4	1.06944	1.08905	0.851097	1.14816
chr22:23500000-24000000	chr22	-0.32063	0.002679	-0.149221	3	0.108838	0.293042	0.113185	0.0290905
chr22:24000000-24500000	chr22	-0.321464	-0.279206	-0.222198	15	0.873769	1.0585	0.822283	0.863816
chr22:24500000-25000000	chr22	-0.298566	-0.579235	-0.103294	9	0.845843	0.710861	0.624368	0.628483
chr22:25000000-25500000	chr22	0.206324	-0.377259	-0.429349	4	-1.19121	-1.17512	-1.37084	-1.38617
chr22:25500000-26000000	chr22	-0.064807	0.124602	-0.508451	3	-0.938938	-0.807171	-1.02891	-1.18206
chr22:26000000-26500000	chr22	0.002185	0.187567	-0.087559	1	-1.07966	-1.15229	-1.17161	-1.27861
chr22:26500000-27000000	chr22	-0.153614	-0.115317	-0.34798	6	-0.863267	-0.72514	-1.00066	-0.974155
chr22:27000000-27500000	chr22	-0.133321	-0.747616	-0.340159	3	-1.18324	-1.20043	-1.30302	-1.37549
chr22:27500000-28000000	chr22	-0.121453	-0.739911	-0.223043	0	-1.41268	-1.46405	-1.50304	-1.49313
chr22:28000000-28500000	chr22	-0.167084	-0.826444	-0.033689	2	-1.1863	-1.14103	-1.25223	-1.21328
chr22:28500000-29000000	chr22	-0.050076	-1.10763	0.104426	0	-1.3492	-1.32291	-1.439	-1.43177
chr22:29000000-29500000	chr22	0.027396	-0.934014	-0.04049	8	-0.5495	-0.389191	-0.543842	-0.52435
chr22:29500000-30000000	chr22	-0.127303	-0.752483	0.191496	11	0.559444	0.573096	0.532494	0.396383
chr22:30000000-30500000	chr22	0.146863	-1.15062	-0.122478	6	1.02392	0.843274	0.880241	0.761586
chr22:30500000-31000000	chr22	-0.151482	-0.986003	0.2593	14	0.68046	0.714692	0.44819	0.50474
chr22:31000000-31500000	chr22	-0.065822	-0.800886	-0.053341	7	0.620871	0.654604	0.573814	0.555943
chr22:31500000-32000000	chr22	-0.028548	-0.917826	-0.117461	10	1.00435	1.04164	1.00214	0.84721
chr22:32000000-32500000	chr22	-0.151569	-0.420346	-0.197529	5	0.0852508	0.0682355	-0.266981	-0.201023
chr22:32500000-33000000	chr22	-0.301603	0.176724	-0.182652	7	-1.068	-1.13892	-1.21858	-1.19925
chr22:33000000-33500000	chr22	-0.103634	0.029987	-0.405633	2	-1.38767	-1.40602	-1.48356	-1.44539
chr22:33500000-34000000	chr22	-0.042585	0.249821	-0.087429	0	-0.934412	-0.978312	-0.906118	-1.01396
chr22:34000000-34500000	chr22	0.252704	0.232322	-0.206753	1	-1.43224	-1.41576	-1.47165	-1.45122
chr22:34500000-35000000	chr22	0.289992	0.453003	0.072424	0	-1.38957	-1.41667	-1.3966	-1.44882
chr22:35000000-35500000	chr22	0.15118	0.461164	-0.060389	1	-1.43325	-1.41268	-1.46963	-1.46935
chr22:35500000-36000000	chr22	-0.138049	-0.360458	0.067792	5	-0.706419	-0.652177	-0.876988	-0.743332
chr22:36000000-36500000	chr22	0.041971	-1.29807	0.024309	4	-0.966811	-0.892478	-0.930229	-1.09125
chr22:36500000-37000000	chr22	0.127537	-1.01333	0.108072	8	0.454658	0.601268	0.52577	0.421978
chr22:37000000-37500000	chr22	-0.047364	-0.787047	0.06306	9	0.201125	0.143364	0.0262089	-0.141025
chr22:37500000-38000000	chr22	-0.164436	-0.717043	0.051751	11	0.945812	1.0764	0.74314	0.775759
chr22:38000000-38500000	chr22	-0.154955	-0.882083	0.164318	17	1.31498	1.33709	1.24187	1.2548
chr22:38500000-39000000	chr22	-0.016375	-1.12153	0.170721	9	1.21684	1.29474	1.227	1.22281
chr22:39000000-39500000	chr22	-0.10366	-0.850922	0.020622	16	1.37102	1.29813	1.37868	1.41449
chr22:39500000-40000000	chr22	-0.049495	-0.8741	0.050158	11	1.31174	1.3627	1.20967	1.35041
chr22:40000000-40500000	chr22	-0.076271	-0.832371	0.114775	4	1.02203	0.928098	0.983344	0.858227
chr22:40500000-41000000	chr22	-0.283299	-1.02108	-0.169546	3	1.28254	1.31001	1.25335	1.32045
chr22:41000000-41500000	chr22	0.069322	-1.46053	0.039652	8	1.33772	1.26547	1.334	1.35595
chr22:41500000-42000000	chr22	-0.236623	-0.829248	0.084529	11	1.31692	1.32523	1.3141	1.32118
chr22:42000000-42500000	chr22	0.033663	-0.940355	0.077099	16	1.33538	1.38521	1.3724	1.31215
chr22:42500000-43000000	chr22	-0.132306	-0.660656	-0.013804	5	1.18665	1.23371	1.17971	1.13623
chr22:43000000-43500000	chr22	-0.053132	-0.95158	0.217335	8	1.06928	1.10926	1.00272	0.982326
chr22:43500000-44000000	chr22	-0.283935	-0.230126	0.007583	6	-0.687351	-0.619589	-1.04275	-0.998611
chr22:44000000-44500000	chr22	-0.251334	-0.140881	-0.313072	6	-1.03799	-0.930298	-1.17441	-0.946793
chr22:44500000-45000000	chr22	-0.28464	-0.269036	0.080477	3	-0.979791	-1.00558	-1.13017	-1.24402
chr22:45000000-45500000	chr22	-0.125561	-0.477205	-0.028337	3	-0.842119	-0.658159	-0.975636	-0.719956
chr22:45500000-46000000	chr22	-0.149392	-0.680381	0.090829	7	-0.47335	-0.419648	-0.463954	-0.341507
chr22:46000000-46500000	chr22	0.009187	-0.808999	0.286319	2	-0.20158	-0.0339881	-0.0299343	-0.499558
chr22:46500000-47000000	chr22	-0.280351	-0.216757	0.140391	7	0.00891962	0.236355	0.0832888	0.125938
chr22:47000000-47500000	chr22	-0.430959	0.392893	0.142641	3	-0.531819	-0.560501	-0.711504	-0.839359
chr22:47500000-48000000	chr22	-0.128189	0.762466	0.297926	0	-1.41698	-1.43723	-1.48575	-1.44836
chr22:48000000-48500000	chr22	-0.153397	0.914947	0.397232	0	-1.44682	-1.46441	-1.44605	-1.44226
chr22:48500000-49000000	chr22	-0.101396	0.931082	0.168322	1	-1.43381	-1.42485	-1.4126	-1.42373
chr22:49000000-49500000	chr22	-0.290285	1.023	0.179852	0	-1.32932	-1.3233	-1.35278	-1.33085
chr22:49500000-50000000	chr22	-0.115016	0.85752	0.133746	0	-1.37916	-1.35295	-1.34464	-1.31866
chr22:50000000-50500000	chr22	-0.229126	-0.015702	-0.01761	7	-0.429933	-0.205796	-0.187308	-0.208563
chr22:50500000-51000000	chr22	-0.171681	-0.568504	0.122739	21	0.882237	0.990908	0.963198	0.946777
