tile_id	chrom	start	tss_count	gc	n_frac	cpg_n
chr1:0-500000	chr1	0	0	nan	1	0
chr1:500000-1000000	chr1	500000	0	nan	1	0
chr1:1000000-1500000	chr1	1000000	0	nan	1	0
chr1:1500000-2000000	chr1	1500000	0	nan	1	0
chr1:2000000-2500000	chr1	2000000	0	nan	1	0
chr1:2500000-3000000	chr1	2500000	0	nan	1	0
chr1:3000000-3500000	chr1	3000000	0	0.38633	0.001978	0
chr1:3500000-4000000	chr1	3500000	1	0.387474	0	3
chr1:4000000-4500000	chr1	4000000	2	0.390548	0	2
chr1:4500000-5000000	chr1	4500000	3	0.410256	0	5
chr1:5000000-5500000	chr1	5000000	2	0.400804	0	2
chr1:5500000-6000000	chr1	5500000	2	0.387562	0	1
chr1:6000000-6500000	chr1	6000000	3	0.399466	0	4
chr1:6500000-7000000	chr1	6500000	0	0.39082	0	0
chr1:7000000-7500000	chr1	7000000	1	0.398422	0	2
chr1:7500000-8000000	chr1	7500000	0	0.38529	0	0
chr1:8000000-8500000	chr1	8000000	0	0.38151	0	0
chr1:8500000-9000000	chr1	8500000	0	0.381416	0	0
chr1:9000000-9500000	chr1	9000000	1	0.38685	0	1
chr1:9500000-10000000	chr1	9500000	12	0.412256	0	7
chr1:10000000-10500000	chr1	10000000	4	0.399916	0	3
chr1:10500000-11000000	chr1	10500000	3	0.40056	0	2
chr1:11000000-11500000	chr1	11000000	1	0.388552	0	1
chr1:11500000-12000000	chr1	11500000	0	0.386586	0	0
chr1:12000000-12500000	chr1	12000000	1	0.390078	0	0
chr1:12500000-13000000	chr1	12500000	3	0.420816	0	3
chr1:13000000-13500000	chr1	13000000	2	0.438754	0	2
chr1:13500000-14000000	chr1	13500000	4	0.419836	0	2
chr1:14000000-14500000	chr1	14000000	1	0.406224	0	1
chr1:14500000-15000000	chr1	14500000	2	0.403128	0	2
chr1:15000000-15500000	chr1	15000000	1	0.398798	0	1
chr1:15500000-16000000	chr1	15500000	2	0.40993	0	2
chr1:16000000-16500000	chr1	16000000	3	0.41901	0	2
chr1:16500000-17000000	chr1	16500000	6	0.415316	0	4
chr1:17000000-17500000	chr1	17000000	2	0.392622	0	3
chr1:17500000-18000000	chr1	17500000	3	0.3832	0	0
chr1:18000000-18500000	chr1	18000000	4	0.379674	0	1
chr1:18500000-19000000	chr1	18500000	0	0.382122	0	0
chr1:19000000-19500000	chr1	19000000	3	0.395182	0	4
chr1:19500000-20000000	chr1	19500000	0	0.3849	0	0
chr1:20000000-20500000	chr1	20000000	1	0.391746	0	0
chr1:20500000-21000000	chr1	20500000	10	0.425278	0	4
chr1:21000000-21500000	chr1	21000000	7	0.430658	0	1
chr1:21500000-22000000	chr1	21500000	1	0.384076	0	1
chr1:22000000-22500000	chr1	22000000	0	0.389452	0.066684	0
chr1:22500000-23000000	chr1	22500000	2	0.390878	0	2
chr1:23000000-23500000	chr1	23000000	4	0.400228	0	3
chr1:23500000-24000000	chr1	23500000	3	0.413832	0	2
chr1:24000000-24500000	chr1	24000000	3	0.399544	0	2
chr1:24500000-25000000	chr1	24500000	2	0.398648	0	2
chr1:25000000-25500000	chr1	25000000	1	0.383528	0	0
chr1:25500000-26000000	chr1	25500000	2	0.372757	2e-06	1
chr1:26000000-26500000	chr1	26000000	0	0.37267	0	0
chr1:26500000-27000000	chr1	26500000	1	0.36782	0	0
chr1:27000000-27500000	chr1	27000000	0	0.369018	0	0
chr1:27500000-28000000	chr1	27500000	1	0.361722	0	0
chr1:28000000-28500000	chr1	28000000	0	0.366014	0	0
chr1:28500000-29000000	chr1	28500000	1	0.358122	0	0
chr1:29000000-29500000	chr1	29000000	1	0.360398	0	0
chr1:29500000-30000000	chr1	29500000	0	0.37449	0	0
chr1:30000000-30500000	chr1	30000000	1	0.378802	0	0
chr1:30500000-31000000	chr1	30500000	4	0.404458	0	2
chr1:31000000-31500000	chr1	31000000	5	0.394172	0	0
chr1:31500000-32000000	chr1	31500000	0	0.37613	0	0
chr1:32000000-32500000	chr1	32000000	1	0.375254	0	1
chr1:32500000-33000000	chr1	32500000	2	0.384808	0	0
chr1:33000000-33500000	chr1	33000000	0	0.401712	0	0
chr1:33500000-34000000	chr1	33500000	9	0.431266	0	8
chr1:34000000-34500000	chr1	34000000	7	0.443074	0	6
chr1:34500000-35000000	chr1	34500000	7	0.458604	0	7
chr1:35000000-35500000	chr1	35000000	0	0.431528	0	0
chr1:35500000-36000000	chr1	35500000	0	0.446324	0	0
chr1:36000000-36500000	chr1	36000000	11	0.47192	0	8
chr1:36500000-37000000	chr1	36500000	10	0.471184	0	9
chr1:37000000-37500000	chr1	37000000	6	0.456984	0	3
chr1:37500000-38000000	chr1	37500000	10	0.44085	0	7
chr1:38000000-38500000	chr1	38000000	2	0.434202	0	2
chr1:38500000-39000000	chr1	38500000	5	0.445192	0	4
chr1:39000000-39500000	chr1	39000000	4	0.46091	0	3
chr1:39500000-40000000	chr1	39500000	9	0.454	0	4
chr1:40000000-40500000	chr1	40000000	6	0.437468	0	2
chr1:40500000-41000000	chr1	40500000	6	0.426368	0	2
chr1:41000000-41500000	chr1	41000000	1	0.400418	0	0
chr1:41500000-42000000	chr1	41500000	1	0.380202	0	0
chr1:42000000-42500000	chr1	42000000	0	0.407508	0	1
chr1:42500000-43000000	chr1	42500000	8	0.42987	0	7
chr1:43000000-43500000	chr1	43000000	4	0.435614	0	4
chr1:43500000-44000000	chr1	43500000	3	0.414234	0	3
chr1:44000000-44500000	chr1	44000000	7	0.398276	0	2
chr1:44500000-45000000	chr1	44500000	2	0.379786	0	1
chr1:45000000-45500000	chr1	45000000	1	0.374956	0	0
chr1:45500000-46000000	chr1	45500000	3	0.394276	0	1
chr1:46000000-46500000	chr1	46000000	3	0.3997	0	1
chr1:46500000-47000000	chr1	46500000	1	0.396674	0	1
chr1:47000000-47500000	chr1	47000000	1	0.381606	0	0
chr1:47500000-48000000	chr1	47500000	0	0.371714	0	0
chr1:48000000-48500000	chr1	48000000	0	0.373134	0	0
chr1:48500000-49000000	chr1	48500000	0	0.366902	0	0
chr1:49000000-49500000	chr1	49000000	1	0.361294	0	0
chr1:49500000-50000000	chr1	49500000	0	0.362996	0	0
chr1:50000000-50500000	chr1	50000000	0	0.365588	0	0
chr1:50500000-51000000	chr1	50500000	1	0.367014	0	1
chr1:51000000-51500000	chr1	51000000	3	0.396764	0	1
chr1:51500000-52000000	chr1	51500000	3	0.4233	0	1
chr1:52000000-52500000	chr1	52000000	2	0.41204	0	3
chr1:52500000-53000000	chr1	52500000	8	0.41367	0	6
chr1:53000000-53500000	chr1	53000000	7	0.39771	0	2
chr1:53500000-54000000	chr1	53500000	3	0.403668	0	2
chr1:54000000-54500000	chr1	54000000	4	0.407636	0	3
chr1:54500000-55000000	chr1	54500000	2	0.419462	0	3
chr1:55000000-55500000	chr1	55000000	10	0.416326	0	7
chr1:55500000-56000000	chr1	55500000	1	0.407556	0	0
chr1:56000000-56500000	chr1	56000000	1	0.381294	0	0
chr1:56500000-57000000	chr1	56500000	3	0.404008	0	4
chr1:57000000-57500000	chr1	57000000	6	0.413492	0	2
chr1:57500000-58000000	chr1	57500000	3	0.425896	0	3
chr1:58000000-58500000	chr1	58000000	8	0.437038	0	3
chr1:58500000-59000000	chr1	58500000	9	0.421134	0	6
chr1:59000000-59500000	chr1	59000000	7	0.435168	0	3
chr1:59500000-60000000	chr1	59500000	7	0.416748	0	4
chr1:60000000-60500000	chr1	60000000	6	0.393612	0	5
chr1:60500000-61000000	chr1	60500000	4	0.411666	0	1
chr1:61000000-61500000	chr1	61000000	1	0.411766	0	0
chr1:61500000-62000000	chr1	61500000	1	0.392872	0	1
chr1:62000000-62500000	chr1	62000000	1	0.392222	0	0
chr1:62500000-63000000	chr1	62500000	2	0.439476	0	2
chr1:63000000-63500000	chr1	63000000	8	0.420306	0	6
chr1:63500000-64000000	chr1	63500000	6	0.412598	0	0
chr1:64000000-64500000	chr1	64000000	2	0.425046	0	1
chr1:64500000-65000000	chr1	64500000	7	0.424388	0	6
chr1:65000000-65500000	chr1	65000000	10	0.406694	0	2
chr1:65500000-66000000	chr1	65500000	1	0.385588	0	0
chr1:66000000-66500000	chr1	66000000	2	0.385418	0	2
chr1:66500000-67000000	chr1	66500000	4	0.39435	0	4
chr1:67000000-67500000	chr1	67000000	2	0.390376	0	1
chr1:67500000-68000000	chr1	67500000	0	0.38373	0	0
chr1:68000000-68500000	chr1	68000000	0	0.362404	0	0
chr1:68500000-69000000	chr1	68500000	0	0.358126	0	0
chr1:69000000-69500000	chr1	69000000	1	0.388498	0	3
chr1:69500000-70000000	chr1	69500000	2	0.388406	0	1
chr1:70000000-70500000	chr1	70000000	0	0.378214	0	0
chr1:70500000-71000000	chr1	70500000	1	0.38631	0	0
chr1:71000000-71500000	chr1	71000000	2	0.398092	0	1
chr1:71500000-72000000	chr1	71500000	4	0.422724	0	2
chr1:72000000-72500000	chr1	72000000	8	0.442396	0	5
chr1:72500000-73000000	chr1	72500000	6	0.446618	0	7
chr1:73000000-73500000	chr1	73000000	6	0.427256	0	0
chr1:73500000-74000000	chr1	73500000	2	0.446892	0	1
chr1:74000000-74500000	chr1	74000000	16	0.474216	0	9
chr1:74500000-75000000	chr1	74500000	19	0.46671	0	20
chr1:75000000-75500000	chr1	75000000	23	0.49138	0.132	23
chr1:75500000-76000000	chr1	75500000	4	0.445662	0	4
chr1:76000000-76500000	chr1	76000000	1	0.40975	0	0
chr1:76500000-77000000	chr1	76500000	1	0.394854	0	0
chr1:77000000-77500000	chr1	77000000	1	0.414714	0	0
chr1:77500000-78000000	chr1	77500000	1	0.40898	0	1
chr1:78000000-78500000	chr1	78000000	5	0.42755	0	7
chr1:78500000-79000000	chr1	78500000	4	0.4253	0.003926	2
chr1:79000000-79500000	chr1	79000000	2	0.39628	0	0
chr1:79500000-80000000	chr1	79500000	4	0.427606	0	4
chr1:80000000-80500000	chr1	80000000	3	0.404088	0	0
chr1:80500000-81000000	chr1	80500000	1	0.39316	0	1
chr1:81000000-81500000	chr1	81000000	1	0.381896	0	0
chr1:81500000-82000000	chr1	81500000	0	0.388218	0	0
chr1:82000000-82500000	chr1	82000000	3	0.41786	0	3
chr1:82500000-83000000	chr1	82500000	6	0.423118	0	2
chr1:83000000-83500000	chr1	83000000	5	0.405464	0	0
chr1:83500000-84000000	chr1	83500000	0	0.395508	0	0
chr1:84000000-84500000	chr1	84000000	2	0.41351	0	1
chr1:84500000-85000000	chr1	84500000	5	0.426212	0	3
chr1:85000000-85500000	chr1	85000000	7	0.439397	0.2	0
chr1:85500000-86000000	chr1	85500000	11	0.447802	0	2
chr1:86000000-86500000	chr1	86000000	14	0.460288	0	9
chr1:86500000-87000000	chr1	86500000	5	0.430426	0	6
chr1:87000000-87500000	chr1	87000000	12	0.463284	0	8
chr1:87500000-88000000	chr1	87500000	9	0.45586	0	3
chr1:88000000-88500000	chr1	88000000	18	0.445762	0	3
chr1:88500000-89000000	chr1	88500000	4	0.455634	0	1
chr1:89000000-89500000	chr1	89000000	4	0.467458	0	2
chr1:89500000-90000000	chr1	89500000	2	0.484706	0	8
chr1:90000000-90500000	chr1	90000000	3	0.470746	0	0
chr1:90500000-91000000	chr1	90500000	6	0.468336	0	2
chr1:91000000-91500000	chr1	91000000	12	0.47824	0	10
chr1:91500000-92000000	chr1	91500000	2	0.478658	0	2
chr1:92000000-92500000	chr1	92000000	5	0.46709	0	2
chr1:92500000-93000000	chr1	92500000	19	0.480016	0	7
chr1:93000000-93500000	chr1	93000000	16	0.483794	0	9
chr1:93500000-94000000	chr1	93500000	12	0.453064	0	8
chr1:94000000-94500000	chr1	94000000	2	0.401188	0	0
chr1:94500000-95000000	chr1	94500000	1	0.370034	0	0
chr1:95000000-95500000	chr1	95000000	1	0.369468	0	1
chr1:95500000-96000000	chr1	95500000	3	0.370484	0	1
chr1:96000000-96500000	chr1	96000000	1	0.36606	0	0
chr1:96500000-97000000	chr1	96500000	4	0.380426	0	1
chr1:97000000-97500000	chr1	97000000	1	0.378706	0	0
chr1:97500000-98000000	chr1	97500000	3	0.39633	0	3
chr1:98000000-98500000	chr1	98000000	5	0.392714	0	1
chr1:98500000-99000000	chr1	98500000	1	0.38327	0	0
chr1:99000000-99500000	chr1	99000000	0	0.375272	0	0
chr1:99500000-100000000	chr1	99500000	1	0.37873	0	0
chr1:100000000-100500000	chr1	100000000	0	0.382118	0	0
chr1:100500000-101000000	chr1	100500000	0	0.387108	0	0
chr1:101000000-101500000	chr1	101000000	1	0.379616	0	0
chr1:101500000-102000000	chr1	101500000	0	0.376154	0	0
chr1:102000000-102500000	chr1	102000000	0	0.38472	0	0
chr1:102500000-103000000	chr1	102500000	0	0.376932	0	0
chr1:103000000-103500000	chr1	103000000	0	0.388258	0	0
chr1:103500000-104000000	chr1	103500000	0	0.369062	0	0
chr1:104000000-104500000	chr1	104000000	0	0.373928	0	0
chr1:104500000-105000000	chr1	104500000	1	0.389254	0	2
chr1:105000000-105500000	chr1	105000000	3	0.417368	0	1
chr1:105500000-106000000	chr1	105500000	5	0.407744	0	3
chr1:106000000-106500000	chr1	106000000	2	0.419602	0	1
chr1:106500000-107000000	chr1	106500000	7	0.421056	0	4
chr1:107000000-107500000	chr1	107000000	6	0.38927	0	0
chr1:107500000-108000000	chr1	107500000	4	0.388414	0	0
chr1:108000000-108500000	chr1	108000000	0	0.373058	0	0
chr1:108500000-109000000	chr1	108500000	0	0.36266	0	0
chr1:109000000-109500000	chr1	109000000	0	0.365674	0	0
chr1:109500000-110000000	chr1	109500000	1	0.364706	0	1
chr1:110000000-110500000	chr1	110000000	0	0.359842	0	0
chr1:110500000-111000000	chr1	110500000	1	0.359924	0	0
chr1:111000000-111500000	chr1	111000000	0	0.363072	0	0
chr1:111500000-112000000	chr1	111500000	1	0.371804	0	1
chr1:112000000-112500000	chr1	112000000	1	0.375074	0	1
chr1:112500000-113000000	chr1	112500000	0	0.383962	0	0
chr1:113000000-113500000	chr1	113000000	0	0.387484	0	0
chr1:113500000-114000000	chr1	113500000	0	0.39395	0	0
chr1:114000000-114500000	chr1	114000000	0	0.381928	0	0
chr1:114500000-115000000	chr1	114500000	0	0.379348	0	0
chr1:115000000-115500000	chr1	115000000	0	0.372282	0	0
chr1:115500000-116000000	chr1	115500000	1	0.382292	0	0
chr1:116000000-116500000	chr1	116000000	0	0.391116	0	0
chr1:116500000-117000000	chr1	116500000	0	0.380292	0	0
chr1:117000000-117500000	chr1	117000000	0	0.387554	0	0
chr1:117500000-118000000	chr1	117500000	1	0.390178	0	0
chr1:118000000-118500000	chr1	118000000	5	0.421356	0	5
chr1:118500000-119000000	chr1	118500000	2	0.47379	0	2
chr1:119000000-119500000	chr1	119000000	2	0.482858	0	3
chr1:119500000-120000000	chr1	119500000	7	0.417852	0	5
chr1:120000000-120500000	chr1	120000000	6	0.473054	0	4
chr1:120500000-121000000	chr1	120500000	2	0.443746	0	2
chr1:121000000-121500000	chr1	121000000	3	0.441754	0	3
chr1:121500000-122000000	chr1	121500000	2	0.419646	0	2
chr1:122000000-122500000	chr1	122000000	1	0.395088	0	0
chr1:122500000-123000000	chr1	122500000	0	0.389414	0	0
chr1:123000000-123500000	chr1	123000000	0	0.378994	0	0
chr1:123500000-124000000	chr1	123500000	0	0.379782	0	0
chr1:124000000-124500000	chr1	124000000	1	0.381602	0	1
chr1:124500000-125000000	chr1	124500000	0	0.393744	0	0
chr1:125000000-125500000	chr1	125000000	1	0.424222	0	1
chr1:125500000-126000000	chr1	125500000	3	0.434448	0	2
chr1:126000000-126500000	chr1	126000000	0	0.418972	0	1
chr1:126500000-127000000	chr1	126500000	1	0.429714	0	0
chr1:127000000-127500000	chr1	127000000	1	0.449388	0	1
chr1:127500000-128000000	chr1	127500000	7	0.434778	0	3
chr1:128000000-128500000	chr1	128000000	7	0.410844	0	5
chr1:128500000-129000000	chr1	128500000	1	0.44217	0	1
chr1:129000000-129500000	chr1	129000000	1	0.40213	0	1
chr1:129500000-130000000	chr1	129500000	0	0.386334	0	0
chr1:130000000-130500000	chr1	130000000	3	0.39867	0	0
chr1:130500000-131000000	chr1	130500000	14	0.430148	0	3
chr1:131000000-131500000	chr1	131000000	6	0.449084	0	5
chr1:131500000-132000000	chr1	131500000	11	0.454182	0	5
chr1:132000000-132500000	chr1	132000000	12	0.475118	0	10
chr1:132500000-133000000	chr1	132500000	5	0.484194	0	2
chr1:133000000-133500000	chr1	133000000	11	0.485956	0	7
chr1:133500000-134000000	chr1	133500000	8	0.461334	0	2
chr1:134000000-134500000	chr1	134000000	16	0.475282	0	11
chr1:134500000-135000000	chr1	134500000	6	0.452434	0	9
chr1:135000000-135500000	chr1	135000000	12	0.47817	0	7
chr1:135500000-136000000	chr1	135500000	8	0.49142	0	7
chr1:136000000-136500000	chr1	136000000	13	0.465822	0	9
chr1:136500000-137000000	chr1	136500000	4	0.444812	0	4
chr1:137000000-137500000	chr1	137000000	0	0.41289	0	0
chr1:137500000-138000000	chr1	137500000	2	0.386902	0	0
chr1:138000000-138500000	chr1	138000000	2	0.393266	0	0
chr1:138500000-139000000	chr1	138500000	7	0.410054	0	6
chr1:139000000-139500000	chr1	139000000	5	0.390672	0	2
chr1:139500000-140000000	chr1	139500000	5	0.378076	0	0
chr1:140000000-140500000	chr1	140000000	2	0.365444	0	0
chr1:140500000-141000000	chr1	140500000	1	0.37155	0	0
chr1:141000000-141500000	chr1	141000000	0	0.36704	0	0
chr1:141500000-142000000	chr1	141500000	0	0.361362	0	0
chr1:142000000-142500000	chr1	142000000	0	0.359744	0	0
chr1:142500000-143000000	chr1	142500000	0	0.369226	0	0
chr1:143000000-143500000	chr1	143000000	1	0.389707	0.1	0
chr1:143500000-144000000	chr1	143500000	5	0.39434	0	3
chr1:144000000-144500000	chr1	144000000	3	0.389462	0	1
chr1:144500000-145000000	chr1	144500000	2	0.366832	0	0
chr1:145000000-145500000	chr1	145000000	0	0.362932	0	0
chr1:145500000-146000000	chr1	145500000	0	0.36451	0	0
chr1:146000000-146500000	chr1	146000000	2	0.374	0	0
chr1:146500000-147000000	chr1	146500000	0	0.35001	0	0
chr1:147000000-147500000	chr1	147000000	0	0.363456	0	0
chr1:147500000-148000000	chr1	147500000	0	0.362226	0	0
chr1:148000000-148500000	chr1	148000000	0	0.36927	0	0
chr1:148500000-149000000	chr1	148500000	0	0.363272	0	0
chr1:149000000-149500000	chr1	149000000	0	0.372404	0	0
chr1:149500000-150000000	chr1	149500000	1	0.387954	0	0
chr1:150000000-150500000	chr1	150000000	8	0.394866	0	1
chr1:150500000-151000000	chr1	150500000	1	0.395804	0	1
chr1:151000000-151500000	chr1	151000000	6	0.42039	0	2
chr1:151500000-152000000	chr1	151500000	4	0.435042	0	3
chr1:152000000-152500000	chr1	152000000	3	0.431168	0	3
chr1:152500000-153000000	chr1	152500000	7	0.440556	0	4
chr1:153000000-153500000	chr1	153000000	5	0.44541	0	4
chr1:153500000-154000000	chr1	153500000	11	0.45068	0	3
chr1:154000000-154500000	chr1	154000000	4	0.42885	0	1
chr1:154500000-155000000	chr1	154500000	1	0.435028	0	1
chr1:155000000-155500000	chr1	155000000	6	0.4438	0	5
chr1:155500000-156000000	chr1	155500000	5	0.431546	0	5
chr1:156000000-156500000	chr1	156000000	7	0.438802	0.1	5
chr1:156500000-157000000	chr1	156500000	5	0.436484	0	4
chr1:157000000-157500000	chr1	157000000	5	0.409932	0	1
chr1:157500000-158000000	chr1	157500000	2	0.41502	0	0
chr1:158000000-158500000	chr1	158000000	2	0.413866	0	2
chr1:158500000-159000000	chr1	158500000	3	0.411962	0	0
chr1:159000000-159500000	chr1	159000000	4	0.402496	0	1
chr1:159500000-160000000	chr1	159500000	1	0.42862	0	0
chr1:160000000-160500000	chr1	160000000	7	0.410562	0	2
chr1:160500000-161000000	chr1	160500000	4	0.391976	0	2
chr1:161000000-161500000	chr1	161000000	11	0.415412	0	5
chr1:161500000-162000000	chr1	161500000	4	0.407236	0	3
chr1:162000000-162500000	chr1	162000000	5	0.414372	0	1
chr1:162500000-163000000	chr1	162500000	10	0.415436	0	3
chr1:163000000-163500000	chr1	163000000	3	0.399768	0	1
chr1:163500000-164000000	chr1	163500000	6	0.397192	0	2
chr1:164000000-164500000	chr1	164000000	12	0.425046	0	4
chr1:164500000-165000000	chr1	164500000	5	0.418366	0	0
chr1:165000000-165500000	chr1	165000000	8	0.428468	0	4
chr1:165500000-166000000	chr1	165500000	4	0.440636	0	5
chr1:166000000-166500000	chr1	166000000	9	0.438744	0	7
chr1:166500000-167000000	chr1	166500000	3	0.41468	0	0
chr1:167000000-167500000	chr1	167000000	7	0.456792	0	6
chr1:167500000-168000000	chr1	167500000	2	0.445108	8e-05	5
chr1:168000000-168500000	chr1	168000000	2	0.434948	0	0
chr1:168500000-169000000	chr1	168500000	0	0.395464	0	0
chr1:169000000-169500000	chr1	169000000	1	0.407354	0	0
chr1:169500000-170000000	chr1	169500000	6	0.417012	0	2
chr1:170000000-170500000	chr1	170000000	8	0.436658	0	3
chr1:170500000-171000000	chr1	170500000	8	0.441488	0	6
chr1:171000000-171500000	chr1	171000000	27	0.46768	1.2e-05	20
chr1:171500000-172000000	chr1	171500000	12	0.427936	0	2
chr1:172000000-172500000	chr1	172000000	16	0.466388	0	10
chr1:172500000-173000000	chr1	172500000	11	0.422292	0	3
chr1:173000000-173500000	chr1	173000000	11	0.397716	0	1
chr1:173500000-174000000	chr1	173500000	10	0.384	0	0
chr1:174000000-174500000	chr1	174000000	18	0.388014	0	0
chr1:174500000-175000000	chr1	174500000	2	0.400722	0	3
chr1:175000000-175500000	chr1	175000000	1	0.40386	0	1
chr1:175500000-176000000	chr1	175500000	7	0.421414	0	3
chr1:176000000-176500000	chr1	176000000	1	0.411522	0	1
chr1:176500000-177000000	chr1	176500000	5	0.412202	0	1
chr1:177000000-177500000	chr1	177000000	2	0.403628	0	5
chr1:177500000-178000000	chr1	177500000	6	0.428944	0	2
chr1:178000000-178500000	chr1	178000000	4	0.422264	0	6
chr1:178500000-179000000	chr1	178500000	1	0.454488	0	1
chr1:179000000-179500000	chr1	179000000	0	0.438272	0	0
chr1:179500000-180000000	chr1	179500000	7	0.438372	0	5
chr1:180000000-180500000	chr1	180000000	6	0.456556	0	4
chr1:180500000-181000000	chr1	180500000	11	0.467918	0	12
chr1:181000000-181500000	chr1	181000000	7	0.452074	0	4
chr1:181500000-182000000	chr1	181500000	3	0.432938	0	2
chr1:182000000-182500000	chr1	182000000	8	0.448422	0	5
chr1:182500000-183000000	chr1	182500000	5	0.470259	0.02022	2
chr1:183000000-183500000	chr1	183000000	6	0.450416	0.175158	6
chr1:183500000-184000000	chr1	183500000	1	0.430388	0.007862	0
chr1:184000000-184500000	chr1	184000000	2	0.433902	0	1
chr1:184500000-185000000	chr1	184500000	8	0.45109	0	7
chr1:185000000-185500000	chr1	185000000	12	0.444418	0	5
chr1:185500000-186000000	chr1	185500000	1	0.428186	0	0
chr1:186000000-186500000	chr1	186000000	1	0.419166	0	1
chr1:186500000-187000000	chr1	186500000	5	0.433042	0	4
chr1:187000000-187500000	chr1	187000000	4	0.423464	0	1
chr1:187500000-188000000	chr1	187500000	1	0.435018	0	2
chr1:188000000-188500000	chr1	188000000	2	0.415998	0	0
chr1:188500000-189000000	chr1	188500000	0	0.428206	0	0
chr1:189000000-189500000	chr1	189000000	3	0.435522	0	2
chr1:189500000-190000000	chr1	189500000	3	0.462912	0	3
chr1:190000000-190500000	chr1	190000000	3	0.460268	0	4
chr1:190500000-191000000	chr1	190500000	3	0.466784	0	4
chr1:191000000-191500000	chr1	191000000	13	0.467606	0	11
chr1:191500000-192000000	chr1	191500000	8	0.454837	0.000416	5
chr1:192000000-192500000	chr1	192000000	4	0.454677	0.11722	3
chr1:192500000-193000000	chr1	192500000	5	0.445166	0	4
chr1:193000000-193500000	chr1	193000000	9	0.455308	0	4
chr1:193500000-194000000	chr1	193500000	2	0.421546	0	0
chr1:194000000-194500000	chr1	194000000	1	0.405796	0	0
chr1:194500000-195000000	chr1	194500000	4	0.42142	0	2
chr1:195000000-195471971	chr1	195000000	6	0.398813	0.211877	1
chr2:0-500000	chr2	0	0	nan	1	0
chr2:500000-1000000	chr2	500000	0	nan	1	0
chr2:1000000-1500000	chr2	1000000	0	nan	1	0
chr2:1500000-2000000	chr2	1500000	0	nan	1	0
chr2:2000000-2500000	chr2	2000000	0	nan	1	0
chr2:2500000-3000000	chr2	2500000	0	nan	1	0
chr2:3000000-3500000	chr2	3000000	8	0.428044	0.1	5
chr2:3500000-4000000	chr2	3500000	3	0.43137	0	2
chr2:4000000-4500000	chr2	4000000	2	0.43802	0	1
chr2:4500000-5000000	chr2	4500000	5	0.447448	0	3
chr2:5000000-5500000	chr2	5000000	4	0.444326	0	4
chr2:5500000-6000000	chr2	5500000	8	0.436834	0	6
chr2:6000000-6500000	chr2	6000000	5	0.444888	0	3
chr2:6500000-7000000	chr2	6500000	1	0.405838	0	1
chr2:7000000-7500000	chr2	7000000	1	0.400988	0	0
chr2:7500000-8000000	chr2	7500000	0	0.382112	0	0
chr2:8000000-8500000	chr2	8000000	0	0.380046	0	0
chr2:8500000-9000000	chr2	8500000	1	0.37578	0	0
chr2:9000000-9500000	chr2	9000000	2	0.387916	0	0
chr2:9500000-10000000	chr2	9500000	4	0.433064	0	4
chr2:10000000-10500000	chr2	10000000	43	0.43303	0	5
chr2:10500000-11000000	chr2	10500000	14	0.414978	0	0
chr2:11000000-11500000	chr2	11000000	4	0.434042	0	2
chr2:11500000-12000000	chr2	11500000	6	0.425968	0	8
chr2:12000000-12500000	chr2	12000000	3	0.405076	0	2
chr2:12500000-13000000	chr2	12500000	1	0.391568	0	0
chr2:13000000-13500000	chr2	13000000	3	0.410246	0	3
chr2:13500000-14000000	chr2	13500000	3	0.402496	0	2
chr2:14000000-14500000	chr2	14000000	7	0.399758	0	2
chr2:14500000-15000000	chr2	14500000	3	0.400638	0	2
chr2:15000000-15500000	chr2	15000000	2	0.39347	0	1
chr2:15500000-16000000	chr2	15500000	1	0.371936	0	0
chr2:16000000-16500000	chr2	16000000	1	0.383972	0	1
chr2:16500000-17000000	chr2	16500000	0	0.382832	0	0
chr2:17000000-17500000	chr2	17000000	1	0.392356	0	0
chr2:17500000-18000000	chr2	17500000	3	0.425784	0	1
chr2:18000000-18500000	chr2	18000000	7	0.401458	0	8
chr2:18500000-19000000	chr2	18500000	7	0.427898	0	9
chr2:19000000-19500000	chr2	19000000	5	0.421738	0	4
chr2:19500000-20000000	chr2	19500000	4	0.408454	0	2
chr2:20000000-20500000	chr2	20000000	1	0.407538	0	0
chr2:20500000-21000000	chr2	20500000	2	0.423134	0	2
chr2:21000000-21500000	chr2	21000000	3	0.415132	0	4
chr2:21500000-22000000	chr2	21500000	0	0.396958	0	0
chr2:22000000-22500000	chr2	22000000	1	0.396925	0.148772	0
chr2:22500000-23000000	chr2	22500000	4	0.403058	0.083864	2
chr2:23000000-23500000	chr2	23000000	6	0.393148	0	5
chr2:23500000-24000000	chr2	23500000	1	0.384618	0	2
chr2:24000000-24500000	chr2	24000000	11	0.41864	0	2
chr2:24500000-25000000	chr2	24500000	7	0.450858	0	7
chr2:25000000-25500000	chr2	25000000	39	0.503992	0	25
chr2:25500000-26000000	chr2	25500000	26	0.490546	0	11
chr2:26000000-26500000	chr2	26000000	16	0.50609	0	16
chr2:26500000-27000000	chr2	26500000	23	0.468926	0	11
chr2:27000000-27500000	chr2	27000000	12	0.509308	0	7
chr2:27500000-28000000	chr2	27500000	4	0.505894	0	4
chr2:28000000-28500000	chr2	28000000	6	0.492362	0	5
chr2:28500000-29000000	chr2	28500000	11	0.491396	0	13
chr2:29000000-29500000	chr2	29000000	7	0.469214	0	8
chr2:29500000-30000000	chr2	29500000	14	0.48981	0	12
chr2:30000000-30500000	chr2	30000000	20	0.49717	0	20
chr2:30500000-31000000	chr2	30500000	13	0.50826	0	18
chr2:31000000-31500000	chr2	31000000	7	0.505902	0	6
chr2:31500000-32000000	chr2	31500000	11	0.494674	0	14
chr2:32000000-32500000	chr2	32000000	18	0.49882	0	16
chr2:32500000-33000000	chr2	32500000	27	0.508098	0	20
chr2:33000000-33500000	chr2	33000000	5	0.47535	0	4
chr2:33500000-34000000	chr2	33500000	5	0.49131	0	8
chr2:34000000-34500000	chr2	34000000	3	0.428562	0	3
chr2:34500000-35000000	chr2	34500000	9	0.454374	0	8
chr2:35000000-35500000	chr2	35000000	10	0.447878	0	7
chr2:35500000-36000000	chr2	35500000	6	0.48868	0	4
chr2:36000000-36500000	chr2	36000000	11	0.433134	0	10
chr2:36500000-37000000	chr2	36500000	16	0.389236	0	0
chr2:37000000-37500000	chr2	37000000	14	0.393274	0	5
chr2:37500000-38000000	chr2	37500000	4	0.428818	0	3
chr2:38000000-38500000	chr2	38000000	2	0.424062	0	6
chr2:38500000-39000000	chr2	38500000	8	0.448588	0	6
chr2:39000000-39500000	chr2	39000000	6	0.404978	0	5
chr2:39500000-40000000	chr2	39500000	0	0.381926	0	0
chr2:40000000-40500000	chr2	40000000	0	0.372804	0	0
chr2:40500000-41000000	chr2	40500000	0	0.360956	0	0
chr2:41000000-41500000	chr2	41000000	0	0.364978	0	0
chr2:41500000-42000000	chr2	41500000	0	0.367684	0	0
chr2:42000000-42500000	chr2	42000000	1	0.364072	0	0
chr2:42500000-43000000	chr2	42500000	1	0.368254	0	1
chr2:43000000-43500000	chr2	43000000	1	0.372908	0	0
chr2:43500000-44000000	chr2	43500000	2	0.384206	0	0
chr2:44000000-44500000	chr2	44000000	1	0.387364	0	0
chr2:44500000-45000000	chr2	44500000	1	0.386926	0	2
chr2:45000000-45500000	chr2	45000000	3	0.396072	0	2
chr2:45500000-46000000	chr2	45500000	1	0.37909	0	0
chr2:46000000-46500000	chr2	46000000	1	0.373128	0	0
chr2:46500000-47000000	chr2	46500000	0	0.367476	0	0
chr2:47000000-47500000	chr2	47000000	0	0.365134	0	0
chr2:47500000-48000000	chr2	47500000	0	0.377784	0	0
chr2:48000000-48500000	chr2	48000000	1	0.385792	0	0
chr2:48500000-49000000	chr2	48500000	3	0.387312	0	2
chr2:49000000-49500000	chr2	49000000	1	0.393994	0	1
chr2:49500000-50000000	chr2	49500000	2	0.433224	0	2
chr2:50000000-50500000	chr2	50000000	4	0.411004	0	2
chr2:50500000-51000000	chr2	50500000	1	0.403724	0	0
chr2:51000000-51500000	chr2	51000000	3	0.404524	0	2
chr2:51500000-52000000	chr2	51500000	4	0.419704	0	2
chr2:52000000-52500000	chr2	52000000	7	0.417022	0	2
chr2:52500000-53000000	chr2	52500000	4	0.431086	0	3
chr2:53000000-53500000	chr2	53000000	2	0.396376	0	1
chr2:53500000-54000000	chr2	53500000	0	0.383	0	0
chr2:54000000-54500000	chr2	54000000	2	0.382118	0	2
chr2:54500000-55000000	chr2	54500000	0	0.366698	0	0
chr2:55000000-55500000	chr2	55000000	1	0.368692	0	1
chr2:55500000-56000000	chr2	55500000	0	0.373056	0	0
chr2:56000000-56500000	chr2	56000000	0	0.367086	0	0
chr2:56500000-57000000	chr2	56500000	1	0.38031	0	0
chr2:57000000-57500000	chr2	57000000	4	0.413826	0	6
chr2:57500000-58000000	chr2	57500000	1	0.38564	0	0
chr2:58000000-58500000	chr2	58000000	5	0.402066	0	1
chr2:58500000-59000000	chr2	58500000	2	0.424008	0	0
chr2:59000000-59500000	chr2	59000000	4	0.431412	0.128824	1
chr2:59500000-60000000	chr2	59500000	2	0.442102	0	2
chr2:60000000-60500000	chr2	60000000	7	0.417568	0	5
chr2:60500000-61000000	chr2	60500000	4	0.42506	0	2
chr2:61000000-61500000	chr2	61000000	0	0.404552	0	0
chr2:61500000-62000000	chr2	61500000	3	0.388494	0	6
chr2:62000000-62500000	chr2	62000000	3	0.382522	0	1
chr2:62500000-63000000	chr2	62500000	4	0.378374	0	1
chr2:63000000-63500000	chr2	63000000	1	0.366748	0	1
chr2:63500000-64000000	chr2	63500000	1	0.377544	0	0
chr2:64000000-64500000	chr2	64000000	1	0.383012	0	1
chr2:64500000-65000000	chr2	64500000	0	0.388432	0	0
chr2:65000000-65500000	chr2	65000000	4	0.404026	0	2
chr2:65500000-66000000	chr2	65500000	3	0.397124	0	0
chr2:66000000-66500000	chr2	66000000	4	0.397548	0	2
chr2:66500000-67000000	chr2	66500000	2	0.37386	0	1
chr2:67000000-67500000	chr2	67000000	2	0.376446	0	0
chr2:67500000-68000000	chr2	67500000	3	0.380544	0	1
chr2:68000000-68500000	chr2	68000000	1	0.424088	0	1
chr2:68500000-69000000	chr2	68500000	4	0.405852	0	1
chr2:69000000-69500000	chr2	69000000	5	0.417088	0	1
chr2:69500000-70000000	chr2	69500000	11	0.416582	0	8
chr2:70000000-70500000	chr2	70000000	2	0.437098	0	2
chr2:70500000-71000000	chr2	70500000	5	0.42859	0	4
chr2:71000000-71500000	chr2	71000000	8	0.424896	0	7
chr2:71500000-72000000	chr2	71500000	7	0.448894	0	8
chr2:72000000-72500000	chr2	72000000	2	0.436046	0	2
chr2:72500000-73000000	chr2	72500000	4	0.43124	0	2
chr2:73000000-73500000	chr2	73000000	5	0.427388	0	7
chr2:73500000-74000000	chr2	73500000	7	0.416836	0	3
chr2:74000000-74500000	chr2	74000000	1	0.419092	0	0
chr2:74500000-75000000	chr2	74500000	18	0.421436	0	23
chr2:75000000-75500000	chr2	75000000	2	0.423464	0	1
chr2:75500000-76000000	chr2	75500000	8	0.425192	0	4
chr2:76000000-76500000	chr2	76000000	4	0.4254	0	2
chr2:76500000-77000000	chr2	76500000	5	0.421722	0	2
chr2:77000000-77500000	chr2	77000000	3	0.419334	0	1
chr2:77500000-78000000	chr2	77500000	2	0.411228	0	2
chr2:78000000-78500000	chr2	78000000	2	0.389392	0	0
chr2:78500000-79000000	chr2	78500000	1	0.39074	0	2
chr2:79000000-79500000	chr2	79000000	3	0.398196	0	4
chr2:79500000-80000000	chr2	79500000	2	0.39331	0	1
chr2:80000000-80500000	chr2	80000000	5	0.40161	0	3
chr2:80500000-81000000	chr2	80500000	4	0.401596	0	2
chr2:81000000-81500000	chr2	81000000	0	0.37474	0	0
chr2:81500000-82000000	chr2	81500000	0	0.370508	0	0
chr2:82000000-82500000	chr2	82000000	2	0.361602	0	1
chr2:82500000-83000000	chr2	82500000	1	0.369778	0	0
chr2:83000000-83500000	chr2	83000000	0	0.386878	0	0
chr2:83500000-84000000	chr2	83500000	4	0.411192	0	10
chr2:84000000-84500000	chr2	84000000	2	0.384046	0	0
chr2:84500000-85000000	chr2	84500000	20	0.450864	0	13
chr2:85000000-85500000	chr2	85000000	12	0.418788	0	2
chr2:85500000-86000000	chr2	85500000	27	0.370664	0	0
chr2:86000000-86500000	chr2	86000000	30	0.362778	0	0
chr2:86500000-87000000	chr2	86500000	21	0.362744	0	0
chr2:87000000-87500000	chr2	87000000	21	0.370924	0	0
chr2:87500000-88000000	chr2	87500000	28	0.373494	0	1
chr2:88000000-88500000	chr2	88000000	19	0.362354	0	0
chr2:88500000-89000000	chr2	88500000	21	0.364606	0	0
chr2:89000000-89500000	chr2	89000000	23	0.367832	0	0
chr2:89500000-90000000	chr2	89500000	19	0.377048	0	0
chr2:90000000-90500000	chr2	90000000	15	0.410066	0	0
chr2:90500000-91000000	chr2	90500000	10	0.434914	0	10
chr2:91000000-91500000	chr2	91000000	15	0.460672	0	10
chr2:91500000-92000000	chr2	91500000	12	0.439582	0	11
chr2:92000000-92500000	chr2	92000000	11	0.456986	0	11
chr2:92500000-93000000	chr2	92500000	4	0.480566	0	2
chr2:93000000-93500000	chr2	93000000	8	0.504038	0	5
chr2:93500000-94000000	chr2	93500000	6	0.483776	0	6
chr2:94000000-94500000	chr2	94000000	8	0.427274	0	6
chr2:94500000-95000000	chr2	94500000	1	0.408866	0	0
chr2:95000000-95500000	chr2	95000000	0	0.38827	0	0
chr2:95500000-96000000	chr2	95500000	0	0.376046	0	0
chr2:96000000-96500000	chr2	96000000	1	0.372512	0	0
chr2:96500000-97000000	chr2	96500000	0	0.3633	0	0
chr2:97000000-97500000	chr2	97000000	0	0.367694	0	0
chr2:97500000-98000000	chr2	97500000	0	0.369776	0	0
chr2:98000000-98500000	chr2	98000000	0	0.366848	0	0
chr2:98500000-99000000	chr2	98500000	0	0.362682	0	0
chr2:99000000-99500000	chr2	99000000	0	0.367688	0	0
chr2:99500000-100000000	chr2	99500000	0	0.36826	0	0
chr2:100000000-100500000	chr2	100000000	0	0.363774	0	0
chr2:100500000-101000000	chr2	100500000	0	0.371106	0	0
chr2:101000000-101500000	chr2	101000000	0	0.39196	0	0
chr2:101500000-102000000	chr2	101500000	6	0.438256	0	2
chr2:102000000-102500000	chr2	102000000	3	0.44217	0	4
chr2:102500000-103000000	chr2	102500000	4	0.42919	0	1
chr2:103000000-103500000	chr2	103000000	8	0.429388	0	2
chr2:103500000-104000000	chr2	103500000	6	0.44702	0	5
chr2:104000000-104500000	chr2	104000000	8	0.442338	0	4
chr2:104500000-105000000	chr2	104500000	10	0.408958	0	6
chr2:105000000-105500000	chr2	105000000	7	0.444686	0	6
chr2:105500000-106000000	chr2	105500000	5	0.40716	0	10
chr2:106000000-106500000	chr2	106000000	2	0.395412	0	1
chr2:106500000-107000000	chr2	106500000	5	0.420296	0	3
chr2:107000000-107500000	chr2	107000000	2	0.389436	0	0
chr2:107500000-108000000	chr2	107500000	0	0.38005	0	0
chr2:108000000-108500000	chr2	108000000	0	0.3717	0	0
chr2:108500000-109000000	chr2	108500000	0	0.379228	0	0
chr2:109000000-109500000	chr2	109000000	3	0.3781	0	1
chr2:109500000-110000000	chr2	109500000	4	0.404714	0	6
chr2:110000000-110500000	chr2	110000000	4	0.395232	0	1
chr2:110500000-111000000	chr2	110500000	3	0.373286	0	0
chr2:111000000-111500000	chr2	111000000	17	0.361226	0	0
chr2:111500000-112000000	chr2	111500000	14	0.381242	0	0
chr2:112000000-112500000	chr2	112000000	17	0.405108	0	6
chr2:112500000-113000000	chr2	112500000	0	0.415158	0	0
chr2:113000000-113500000	chr2	113000000	3	0.411962	0	2
chr2:113500000-114000000	chr2	113500000	4	0.416496	0.00533	3
chr2:114000000-114500000	chr2	114000000	7	0.39849	0	3
chr2:114500000-115000000	chr2	114500000	2	0.377748	0	1
chr2:115000000-115500000	chr2	115000000	1	0.37938	0	0
chr2:115500000-116000000	chr2	115500000	3	0.40758	0	3
chr2:116000000-116500000	chr2	116000000	3	0.397022	0	1
chr2:116500000-117000000	chr2	116500000	2	0.41281	0	1
chr2:117000000-117500000	chr2	117000000	4	0.422386	0	4
chr2:117500000-118000000	chr2	117500000	2	0.406446	0	0
chr2:118000000-118500000	chr2	118000000	7	0.440094	0	5
chr2:118500000-119000000	chr2	118500000	13	0.478846	0	15
chr2:119000000-119500000	chr2	119000000	17	0.44899	0	15
chr2:119500000-120000000	chr2	119500000	14	0.434446	0	14
chr2:120000000-120500000	chr2	120000000	14	0.462052	0	4
chr2:120500000-121000000	chr2	120500000	10	0.418912	0	8
chr2:121000000-121500000	chr2	121000000	20	0.446466	0	12
chr2:121500000-122000000	chr2	121500000	6	0.427384	0	5
chr2:122000000-122500000	chr2	122000000	17	0.44541	0	8
chr2:122500000-123000000	chr2	122500000	8	0.416332	0	6
chr2:123000000-123500000	chr2	123000000	0	0.387984	0	0
chr2:123500000-124000000	chr2	123500000	0	0.381046	0	0
chr2:124000000-124500000	chr2	124000000	3	0.399422	0	2
chr2:124500000-125000000	chr2	124500000	0	0.425224	0	1
chr2:125000000-125500000	chr2	125000000	5	0.427232	0	2
chr2:125500000-126000000	chr2	125500000	7	0.431592	0	6
chr2:126000000-126500000	chr2	126000000	4	0.409538	0	1
chr2:126500000-127000000	chr2	126500000	9	0.420808	0	5
chr2:127000000-127500000	chr2	127000000	14	0.460004	0	11
chr2:127500000-128000000	chr2	127500000	11	0.450172	0	7
chr2:128000000-128500000	chr2	128000000	3	0.456736	0	1
chr2:128500000-129000000	chr2	128500000	7	0.435446	0	6
chr2:129000000-129500000	chr2	129000000	13	0.43612	0	7
chr2:129500000-130000000	chr2	129500000	6	0.44592	0	3
chr2:130000000-130500000	chr2	130000000	18	0.448864	0	9
chr2:130500000-131000000	chr2	130500000	14	0.446976	0	11
chr2:131000000-131500000	chr2	131000000	15	0.459332	0	11
chr2:131500000-132000000	chr2	131500000	6	0.447468	0	4
chr2:132000000-132500000	chr2	132000000	8	0.44609	0	7
chr2:132500000-133000000	chr2	132500000	9	0.433128	0	7
chr2:133000000-133500000	chr2	133000000	0	0.409684	0	0
chr2:133500000-134000000	chr2	133500000	2	0.401316	0	2
chr2:134000000-134500000	chr2	134000000	0	0.384906	0	0
chr2:134500000-135000000	chr2	134500000	3	0.397332	0	2
chr2:135000000-135500000	chr2	135000000	1	0.400598	0	0
chr2:135500000-136000000	chr2	135500000	4	0.42133	0	1
chr2:136000000-136500000	chr2	136000000	2	0.392158	0	1
chr2:136500000-137000000	chr2	136500000	4	0.402738	0	2
chr2:137000000-137500000	chr2	137000000	1	0.406746	0	2
chr2:137500000-138000000	chr2	137500000	1	0.383936	0	0
chr2:138000000-138500000	chr2	138000000	1	0.394622	0	1
chr2:138500000-139000000	chr2	138500000	1	0.392758	0	0
chr2:139000000-139500000	chr2	139000000	1	0.382534	0	0
chr2:139500000-140000000	chr2	139500000	1	0.403366	0	1
chr2:140000000-140500000	chr2	140000000	5	0.399428	0	3
chr2:140500000-141000000	chr2	140500000	1	0.38677	0	0
chr2:141000000-141500000	chr2	141000000	0	0.382286	0	0
chr2:141500000-142000000	chr2	141500000	0	0.385752	0	0
chr2:142000000-142500000	chr2	142000000	0	0.396206	0	0
chr2:142500000-143000000	chr2	142500000	2	0.415654	0	1
chr2:143000000-143500000	chr2	143000000	2	0.404184	0	1
chr2:143500000-144000000	chr2	143500000	5	0.431418	0	2
chr2:144000000-144500000	chr2	144000000	12	0.459482	0	6
chr2:144500000-145000000	chr2	144500000	7	0.42607	0	4
chr2:145000000-145500000	chr2	145000000	1	0.418326	0	1
chr2:145500000-146000000	chr2	145500000	6	0.441466	0	4
chr2:146000000-146500000	chr2	146000000	2	0.428788	0	2
chr2:146500000-147000000	chr2	146500000	3	0.42266	0	3
chr2:147000000-147500000	chr2	147000000	7	0.422934	0	7
chr2:147500000-148000000	chr2	147500000	1	0.416908	0	0
chr2:148000000-148500000	chr2	148000000	4	0.42973	0	6
chr2:148500000-149000000	chr2	148500000	12	0.421422	0	4
chr2:149000000-149500000	chr2	149000000	1	0.38147	0	0
chr2:149500000-150000000	chr2	149500000	2	0.405042	0	1
chr2:150000000-150500000	chr2	150000000	8	0.40661	0	1
chr2:150500000-151000000	chr2	150500000	9	0.447836	0	7
chr2:151000000-151500000	chr2	151000000	10	0.42015	0	3
chr2:151500000-152000000	chr2	151500000	14	0.469604	0	9
chr2:152000000-152500000	chr2	152000000	15	0.473414	0	13
chr2:152500000-153000000	chr2	152500000	23	0.472984	0	13
chr2:153000000-153500000	chr2	153000000	11	0.47393	0	12
chr2:153500000-154000000	chr2	153500000	11	0.485222	0	5
chr2:154000000-154500000	chr2	154000000	11	0.442978	0	3
chr2:154500000-155000000	chr2	154500000	9	0.451514	0	8
chr2:155000000-155500000	chr2	155000000	10	0.433702	0	8
chr2:155500000-156000000	chr2	155500000	16	0.46804	0	12
chr2:156000000-156500000	chr2	156000000	14	0.463346	0	8
chr2:156500000-157000000	chr2	156500000	10	0.486874	0	7
chr2:157000000-157500000	chr2	157000000	10	0.47711	0	10
chr2:157500000-158000000	chr2	157500000	5	0.4815	0	6
chr2:158000000-158500000	chr2	158000000	12	0.464452	0	5
chr2:158500000-159000000	chr2	158500000	9	0.482862	0	8
chr2:159000000-159500000	chr2	159000000	0	0.42333	0	0
chr2:159500000-160000000	chr2	159500000	1	0.408552	0	0
chr2:160000000-160500000	chr2	160000000	3	0.450736	0	2
chr2:160500000-161000000	chr2	160500000	6	0.44712	0	5
chr2:161000000-161500000	chr2	161000000	1	0.42448	0	1
chr2:161500000-162000000	chr2	161500000	0	0.414182	0	0
chr2:162000000-162500000	chr2	162000000	1	0.423446	0	0
chr2:162500000-163000000	chr2	162500000	5	0.454784	0	4
chr2:163000000-163500000	chr2	163000000	13	0.480044	0	8
chr2:163500000-164000000	chr2	163500000	12	0.47761	0	8
chr2:164000000-164500000	chr2	164000000	23	0.454812	0	14
chr2:164500000-165000000	chr2	164500000	31	0.487414	0	18
chr2:165000000-165500000	chr2	165000000	12	0.505618	0	15
chr2:165500000-166000000	chr2	165500000	4	0.490848	0	8
chr2:166000000-166500000	chr2	166000000	4	0.49558	0	1
chr2:166500000-167000000	chr2	166500000	7	0.489974	0	6
chr2:167000000-167500000	chr2	167000000	10	0.49551	0	8
chr2:167500000-168000000	chr2	167500000	7	0.519908	0	9
chr2:168000000-168500000	chr2	168000000	8	0.498606	0	10
chr2:168500000-169000000	chr2	168500000	7	0.495044	0	15
chr2:169000000-169500000	chr2	169000000	3	0.456798	0	0
chr2:169500000-170000000	chr2	169500000	2	0.4672	0	2
chr2:170000000-170500000	chr2	170000000	8	0.466048	0	4
chr2:170500000-171000000	chr2	170500000	4	0.45244	0	1
chr2:171000000-171500000	chr2	171000000	0	0.42364	0	0
chr2:171500000-172000000	chr2	171500000	1	0.437642	0	0
chr2:172000000-172500000	chr2	172000000	10	0.470758	0	4
chr2:172500000-173000000	chr2	172500000	3	0.501874	0.006356	6
chr2:173000000-173500000	chr2	173000000	8	0.50122	0	1
chr2:173500000-174000000	chr2	173500000	7	0.465242	0	4
chr2:174000000-174500000	chr2	174000000	13	0.46234	0	14
chr2:174500000-175000000	chr2	174500000	3	0.458296	0	1
chr2:175000000-175500000	chr2	175000000	10	0.400888	0.001398	0
chr2:175500000-176000000	chr2	175500000	7	0.401667	0.211814	0
chr2:176000000-176500000	chr2	176000000	4	0.401789	0.386788	0
chr2:176500000-177000000	chr2	176500000	2	0.400891	0.1	0
chr2:177000000-177500000	chr2	177000000	3	0.402144	0	0
chr2:177500000-178000000	chr2	177500000	5	0.403048	0.2	0
chr2:178000000-178500000	chr2	178000000	7	0.445452	0	4
chr2:178500000-179000000	chr2	178500000	2	0.4687	0	0
chr2:179000000-179500000	chr2	179000000	2	0.470676	0	2
chr2:179500000-180000000	chr2	179500000	2	0.492826	0	3
chr2:180000000-180500000	chr2	180000000	21	0.509688	0	13
chr2:180500000-181000000	chr2	180500000	14	0.481902	0	12
chr2:181000000-181500000	chr2	181000000	18	0.479162	0	12
chr2:181500000-182000000	chr2	181500000	18	0.436844	0	11
chr2:182000000-182113224	chr2	182000000	0	nan	0.883205	0
chr3:0-500000	chr3	0	0	nan	1	0
chr3:500000-1000000	chr3	500000	0	nan	1	0
chr3:1000000-1500000	chr3	1000000	0	nan	1	0
chr3:1500000-2000000	chr3	1500000	0	nan	1	0
chr3:2000000-2500000	chr3	2000000	0	nan	1	0
chr3:2500000-3000000	chr3	2500000	0	nan	1	0
chr3:3000000-3500000	chr3	3000000	0	0.407415	0.00152	1
chr3:3500000-4000000	chr3	3500000	1	0.374104	0	0
chr3:4000000-4500000	chr3	4000000	0	0.372094	0	0
chr3:4500000-5000000	chr3	4500000	1	0.378734	0	0
chr3:5000000-5500000	chr3	5000000	3	0.378538	0	1
chr3:5500000-6000000	chr3	5500000	2	0.379126	0	1
chr3:6000000-6500000	chr3	6000000	0	0.378028	0	0
chr3:6500000-7000000	chr3	6500000	1	0.374288	0	0
chr3:7000000-7500000	chr3	7000000	1	0.38467	0	1
chr3:7500000-8000000	chr3	7500000	4	0.384694	0	2
chr3:8000000-8500000	chr3	8000000	1	0.39518	0	2
chr3:8500000-9000000	chr3	8500000	5	0.44074	0	7
chr3:9000000-9500000	chr3	9000000	4	0.445662	0	3
chr3:9500000-10000000	chr3	9500000	2	0.446778	0	4
chr3:10000000-10500000	chr3	10000000	11	0.422664	0	4
chr3:10500000-11000000	chr3	10500000	0	0.388924	0	0
chr3:11000000-11500000	chr3	11000000	0	0.380418	0	0
chr3:11500000-12000000	chr3	11500000	1	0.37349	0	0
chr3:12000000-12500000	chr3	12000000	0	0.37049	0	0
chr3:12500000-13000000	chr3	12500000	0	0.37123	0	0
chr3:13000000-13500000	chr3	13000000	1	0.371848	0	2
chr3:13500000-14000000	chr3	13500000	2	0.368316	0	0
chr3:14000000-14500000	chr3	14000000	2	0.384236	0	0
chr3:14500000-15000000	chr3	14500000	9	0.39656	0	5
chr3:15000000-15500000	chr3	15000000	2	0.387834	0	0
chr3:15500000-16000000	chr3	15500000	2	0.385211	0.3	0
chr3:16000000-16500000	chr3	16000000	2	0.4005	0	1
chr3:16500000-17000000	chr3	16500000	1	0.378176	0	0
chr3:17000000-17500000	chr3	17000000	0	0.37391	0	0
chr3:17500000-18000000	chr3	17500000	3	0.381268	0	2
chr3:18000000-18500000	chr3	18000000	4	0.386976	0	2
chr3:18500000-19000000	chr3	18500000	1	0.394576	0	0
chr3:19000000-19500000	chr3	19000000	3	0.41082	0	3
chr3:19500000-20000000	chr3	19500000	5	0.409652	0	2
chr3:20000000-20500000	chr3	20000000	7	0.390692	4e-06	3
chr3:20500000-21000000	chr3	20500000	0	0.39231	0	0
chr3:21000000-21500000	chr3	21000000	0	0.391142	0	0
chr3:21500000-22000000	chr3	21500000	1	0.414498	0	0
chr3:22000000-22500000	chr3	22000000	2	0.411524	0	1
chr3:22500000-23000000	chr3	22500000	0	0.39132	0	0
chr3:23000000-23500000	chr3	23000000	0	0.377774	0	0
chr3:23500000-24000000	chr3	23500000	0	0.372646	0	0
chr3:24000000-24500000	chr3	24000000	0	0.36598	0	0
chr3:24500000-25000000	chr3	24500000	1	0.368196	0	0
chr3:25000000-25500000	chr3	25000000	0	0.380178	0	1
chr3:25500000-26000000	chr3	25500000	0	0.373344	0	0
chr3:26000000-26500000	chr3	26000000	1	0.380158	0	1
chr3:26500000-27000000	chr3	26500000	1	0.409112	0	1
chr3:27000000-27500000	chr3	27000000	6	0.442622	0	3
chr3:27500000-28000000	chr3	27500000	4	0.443486	0	2
chr3:28000000-28500000	chr3	28000000	2	0.42832	0	2
chr3:28500000-29000000	chr3	28500000	6	0.415616	0	2
chr3:29000000-29500000	chr3	29000000	2	0.39659	0	1
chr3:29500000-30000000	chr3	29500000	2	0.391514	0	0
chr3:30000000-30500000	chr3	30000000	0	0.413596	0	0
chr3:30500000-31000000	chr3	30500000	12	0.424678	0	9
chr3:31000000-31500000	chr3	31000000	4	0.437354	0	5
chr3:31500000-32000000	chr3	31500000	1	0.408558	0	0
chr3:32000000-32500000	chr3	32000000	4	0.42981	0	2
chr3:32500000-33000000	chr3	32500000	7	0.439384	0	6
chr3:33000000-33500000	chr3	33000000	2	0.409844	0	1
chr3:33500000-34000000	chr3	33500000	2	0.4083	0	1
chr3:34000000-34500000	chr3	34000000	3	0.421304	0	3
chr3:34500000-35000000	chr3	34500000	6	0.444806	0	5
chr3:35000000-35500000	chr3	35000000	0	0.426568	0	0
chr3:35500000-36000000	chr3	35500000	4	0.406236	0	2
chr3:36000000-36500000	chr3	36000000	8	0.421244	0	4
chr3:36500000-37000000	chr3	36500000	7	0.40969	0	6
chr3:37000000-37500000	chr3	37000000	9	0.41185	0	4
chr3:37500000-38000000	chr3	37500000	4	0.431784	0	2
chr3:38000000-38500000	chr3	38000000	2	0.424662	0	2
chr3:38500000-39000000	chr3	38500000	1	0.417816	0	1
chr3:39000000-39500000	chr3	39000000	0	0.399892	0	0
chr3:39500000-40000000	chr3	39500000	0	0.393888	0	0
chr3:40000000-40500000	chr3	40000000	0	0.40657	0	0
chr3:40500000-41000000	chr3	40500000	12	0.409172	0.2	8
chr3:41000000-41500000	chr3	41000000	2	0.437136	0	1
chr3:41500000-42000000	chr3	41500000	4	0.405226	0	4
chr3:42000000-42500000	chr3	42000000	0	0.388758	0	0
chr3:42500000-43000000	chr3	42500000	0	0.371096	0	0
chr3:43000000-43500000	chr3	43000000	0	0.366816	0	0
chr3:43500000-44000000	chr3	43500000	0	0.366676	0	0
chr3:44000000-44500000	chr3	44000000	0	0.363464	0	0
chr3:44500000-45000000	chr3	44500000	0	0.363264	0	0
chr3:45000000-45500000	chr3	45000000	3	0.369648	0	3
chr3:45500000-46000000	chr3	45500000	0	0.368182	0	0
chr3:46000000-46500000	chr3	46000000	1	0.366548	0	0
chr3:46500000-47000000	chr3	46500000	1	0.3645	0	0
chr3:47000000-47500000	chr3	47000000	0	0.363544	0	0
chr3:47500000-48000000	chr3	47500000	0	0.366382	0	0
chr3:48000000-48500000	chr3	48000000	1	0.36822	0	0
chr3:48500000-49000000	chr3	48500000	1	0.370624	0	0
chr3:49000000-49500000	chr3	49000000	0	0.377258	0	1
chr3:49500000-50000000	chr3	49500000	1	0.381714	0	0
chr3:50000000-50500000	chr3	50000000	1	0.38992	0	0
chr3:50500000-51000000	chr3	50500000	0	0.41542	0.1	0
chr3:51000000-51500000	chr3	51000000	7	0.441706	0	8
chr3:51500000-52000000	chr3	51500000	3	0.460826	0	1
chr3:52000000-52500000	chr3	52000000	2	0.447372	0	3
chr3:52500000-53000000	chr3	52500000	4	0.436893	2e-06	0
chr3:53000000-53500000	chr3	53000000	5	0.433398	0	4
chr3:53500000-54000000	chr3	53500000	3	0.421138	0	2
chr3:54000000-54500000	chr3	54000000	2	0.40404	0	1
chr3:54500000-55000000	chr3	54500000	6	0.430208	0	10
chr3:55000000-55500000	chr3	55000000	7	0.430502	0	3
chr3:55500000-56000000	chr3	55500000	3	0.410066	0	3
chr3:56000000-56500000	chr3	56000000	1	0.391576	0	1
chr3:56500000-57000000	chr3	56500000	0	0.39705	0	0
chr3:57000000-57500000	chr3	57000000	3	0.401976	0	1
chr3:57500000-58000000	chr3	57500000	7	0.411282	0	4
chr3:58000000-58500000	chr3	58000000	2	0.406982	0	1
chr3:58500000-59000000	chr3	58500000	8	0.420584	0	4
chr3:59000000-59500000	chr3	59000000	8	0.409834	0	1
chr3:59500000-60000000	chr3	59500000	5	0.384486	0	0
chr3:60000000-60500000	chr3	60000000	4	0.377796	0	0
chr3:60500000-61000000	chr3	60500000	0	0.385384	0	1
chr3:61000000-61500000	chr3	61000000	2	0.392336	0	2
chr3:61500000-62000000	chr3	61500000	0	0.377904	0	0
chr3:62000000-62500000	chr3	62000000	1	0.395382	0	1
chr3:62500000-63000000	chr3	62500000	2	0.380702	0	2
chr3:63000000-63500000	chr3	63000000	3	0.387956	0	1
chr3:63500000-64000000	chr3	63500000	4	0.405006	0	5
chr3:64000000-64500000	chr3	64000000	4	0.390608	0	0
chr3:64500000-65000000	chr3	64500000	5	0.394366	0	0
chr3:65000000-65500000	chr3	65000000	3	0.412618	0	1
chr3:65500000-66000000	chr3	65500000	5	0.419636	0	5
chr3:66000000-66500000	chr3	66000000	2	0.411976	0	2
chr3:66500000-67000000	chr3	66500000	2	0.405186	0	5
chr3:67000000-67500000	chr3	67000000	3	0.389148	0	3
chr3:67500000-68000000	chr3	67500000	4	0.419758	0	2
chr3:68000000-68500000	chr3	68000000	1	0.409432	0	1
chr3:68500000-69000000	chr3	68500000	3	0.433984	0	2
chr3:69000000-69500000	chr3	69000000	9	0.421272	0	4
chr3:69500000-70000000	chr3	69500000	3	0.428256	0	2
chr3:70000000-70500000	chr3	70000000	1	0.391954	0	0
chr3:70500000-71000000	chr3	70500000	1	0.371834	0	0
chr3:71000000-71500000	chr3	71000000	0	0.363858	0	0
chr3:71500000-72000000	chr3	71500000	0	0.35957	0	0
chr3:72000000-72500000	chr3	72000000	0	0.36171	0	0
chr3:72500000-73000000	chr3	72500000	1	0.36234	0	0
chr3:73000000-73500000	chr3	73000000	3	0.370912	0	1
chr3:73500000-74000000	chr3	73500000	1	0.363648	0	0
chr3:74000000-74500000	chr3	74000000	2	0.364338	0	0
chr3:74500000-75000000	chr3	74500000	0	0.371328	0	0
chr3:75000000-75500000	chr3	75000000	3	0.378546	0	0
chr3:75500000-76000000	chr3	75500000	4	0.390504	0	3
chr3:76000000-76500000	chr3	76000000	1	0.362628	0	0
chr3:76500000-77000000	chr3	76500000	0	0.367198	0	0
chr3:77000000-77500000	chr3	77000000	0	0.367766	0	0
chr3:77500000-78000000	chr3	77500000	0	0.369464	0	0
chr3:78000000-78500000	chr3	78000000	0	0.378752	0	0
chr3:78500000-79000000	chr3	78500000	0	0.40267	0	1
chr3:79000000-79500000	chr3	79000000	4	0.425744	0	2
chr3:79500000-80000000	chr3	79500000	8	0.420264	0	2
chr3:80000000-80500000	chr3	80000000	0	0.386078	0	0
chr3:80500000-81000000	chr3	80500000	2	0.376718	0	1
chr3:81000000-81500000	chr3	81000000	1	0.381636	0	1
chr3:81500000-82000000	chr3	81500000	4	0.382708	0	0
chr3:82000000-82500000	chr3	82000000	4	0.399254	0	2
chr3:82500000-83000000	chr3	82500000	4	0.406526	0	2
chr3:83000000-83500000	chr3	83000000	6	0.418576	0	2
chr3:83500000-84000000	chr3	83500000	3	0.43628	0	4
chr3:84000000-84500000	chr3	84000000	6	0.453576	0	5
chr3:84500000-85000000	chr3	84500000	6	0.424012	0	2
chr3:85000000-85500000	chr3	85000000	2	0.445772	0	0
chr3:85500000-86000000	chr3	85500000	4	0.429974	0	2
chr3:86000000-86500000	chr3	86000000	5	0.39889	0	2
chr3:86500000-87000000	chr3	86500000	4	0.402772	0	2
chr3:87000000-87500000	chr3	87000000	5	0.43718	4e-06	1
chr3:87500000-88000000	chr3	87500000	17	0.478406	0	13
chr3:88000000-88500000	chr3	88000000	27	0.489922	0	15
chr3:88500000-89000000	chr3	88500000	18	0.458112	0	16
chr3:89000000-89500000	chr3	89000000	32	0.489958	0	24
chr3:89500000-90000000	chr3	89500000	10	0.479198	0	7
chr3:90000000-90500000	chr3	90000000	22	0.446856	0	15
chr3:90500000-91000000	chr3	90500000	14	0.424818	0	1
chr3:91000000-91500000	chr3	91000000	2	0.386308	0	0
chr3:91500000-92000000	chr3	91500000	2	0.37835	0	0
chr3:92000000-92500000	chr3	92000000	19	0.393794	0	1
chr3:92500000-93000000	chr3	92500000	25	0.396796	0	0
chr3:93000000-93500000	chr3	93000000	10	0.420528	0	1
chr3:93500000-94000000	chr3	93500000	9	0.419364	0	2
chr3:94000000-94500000	chr3	94000000	12	0.4333	0	4
chr3:94500000-95000000	chr3	94500000	10	0.445604	1e-05	9
chr3:95000000-95500000	chr3	95000000	27	0.451684	0	14
chr3:95500000-96000000	chr3	95500000	20	0.451061	2e-06	11
chr3:96000000-96500000	chr3	96000000	21	0.450822	0	25
chr3:96500000-97000000	chr3	96500000	20	0.453204	0	12
chr3:97000000-97500000	chr3	97000000	5	0.440112	0	2
chr3:97500000-98000000	chr3	97500000	7	0.441342	0	7
chr3:98000000-98500000	chr3	98000000	7	0.451604	0	4
chr3:98500000-99000000	chr3	98500000	8	0.410912	0	0
chr3:99000000-99500000	chr3	99000000	4	0.416088	0	3
chr3:99500000-100000000	chr3	99500000	1	0.400872	0	0
chr3:100000000-100500000	chr3	100000000	4	0.426498	0	2
chr3:100500000-101000000	chr3	100500000	5	0.43331	0	3
chr3:101000000-101500000	chr3	101000000	5	0.466236	0	6
chr3:101500000-102000000	chr3	101500000	3	0.457522	0	2
chr3:102000000-102500000	chr3	102000000	5	0.446256	0	3
chr3:102500000-103000000	chr3	102500000	6	0.419566	0	3
chr3:103000000-103500000	chr3	103000000	6	0.429172	0	5
chr3:103500000-104000000	chr3	103500000	11	0.437864	0	5
chr3:104000000-104500000	chr3	104000000	1	0.411848	0	0
chr3:104500000-105000000	chr3	104500000	9	0.443504	0	10
chr3:105000000-105500000	chr3	105000000	4	0.448492	0	3
chr3:105500000-106000000	chr3	105500000	10	0.438772	0	5
chr3:106000000-106500000	chr3	106000000	8	0.391082	0	1
chr3:106500000-107000000	chr3	106500000	5	0.39095	0	2
chr3:107000000-107500000	chr3	107000000	11	0.449648	0	6
chr3:107500000-108000000	chr3	107500000	13	0.46573	0	7
chr3:108000000-108500000	chr3	108000000	18	0.468844	0	15
chr3:108500000-109000000	chr3	108500000	13	0.435274	0	9
chr3:109000000-109500000	chr3	109000000	4	0.417704	0	3
chr3:109500000-110000000	chr3	109500000	0	0.396042	0	0
chr3:110000000-110500000	chr3	110000000	2	0.389546	0	3
chr3:110500000-111000000	chr3	110500000	0	0.36793	0	0
chr3:111000000-111500000	chr3	111000000	0	0.362262	0	0
chr3:111500000-112000000	chr3	111500000	1	0.365018	0	0
chr3:112000000-112500000	chr3	112000000	0	0.363604	0	0
chr3:112500000-113000000	chr3	112500000	0	0.366434	0	0
chr3:113000000-113500000	chr3	113000000	5	0.383182	0.244546	0
chr3:113500000-114000000	chr3	113500000	2	0.376248	0.055454	1
chr3:114000000-114500000	chr3	114000000	1	0.362294	0	0
chr3:114500000-115000000	chr3	114500000	1	0.367088	0	0
chr3:115000000-115500000	chr3	115000000	0	0.378364	0	0
chr3:115500000-116000000	chr3	115500000	4	0.41652	0	2
chr3:116000000-116500000	chr3	116000000	5	0.425706	0	4
chr3:116500000-117000000	chr3	116500000	12	0.422512	0	5
chr3:117000000-117500000	chr3	117000000	2	0.401516	0	1
chr3:117500000-118000000	chr3	117500000	2	0.387798	0	2
chr3:118000000-118500000	chr3	118000000	1	0.38145	0	0
chr3:118500000-119000000	chr3	118500000	1	0.374118	0	0
chr3:119000000-119500000	chr3	119000000	0	0.381688	0	0
chr3:119500000-120000000	chr3	119500000	1	0.398244	0	1
chr3:120000000-120500000	chr3	120000000	0	0.390674	0	0
chr3:120500000-121000000	chr3	120500000	1	0.401038	0	0
chr3:121000000-121500000	chr3	121000000	4	0.439772	0	3
chr3:121500000-122000000	chr3	121500000	6	0.432936	0	5
chr3:122000000-122500000	chr3	122000000	6	0.455994	0	4
chr3:122500000-123000000	chr3	122500000	9	0.411252	0	4
chr3:123000000-123500000	chr3	123000000	5	0.424226	0	3
chr3:123500000-124000000	chr3	123500000	3	0.400458	0	2
chr3:124000000-124500000	chr3	124000000	2	0.377948	0	1
chr3:124500000-125000000	chr3	124500000	1	0.36565	0	0
chr3:125000000-125500000	chr3	125000000	1	0.366824	0	0
chr3:125500000-126000000	chr3	125500000	1	0.375134	0	1
chr3:126000000-126500000	chr3	126000000	1	0.386802	0	1
chr3:126500000-127000000	chr3	126500000	2	0.402616	0	1
chr3:127000000-127500000	chr3	127000000	2	0.415392	0	1
chr3:127500000-128000000	chr3	127500000	14	0.426356	0	7
chr3:128000000-128500000	chr3	128000000	1	0.395554	0	0
chr3:128500000-129000000	chr3	128500000	0	0.388164	0	0
chr3:129000000-129500000	chr3	129000000	3	0.426566	0	5
chr3:129500000-130000000	chr3	129500000	11	0.4396	0	5
chr3:130000000-130500000	chr3	130000000	2	0.420238	0	3
chr3:130500000-131000000	chr3	130500000	4	0.432584	0	2
chr3:131000000-131500000	chr3	131000000	4	0.456514	0.180108	5
chr3:131500000-132000000	chr3	131500000	1	0.416856	0	1
chr3:132000000-132500000	chr3	132000000	1	0.390356	0	1
chr3:132500000-133000000	chr3	132500000	5	0.410602	0	2
chr3:133000000-133500000	chr3	133000000	4	0.409416	0	2
chr3:133500000-134000000	chr3	133500000	2	0.404634	0	1
chr3:134000000-134500000	chr3	134000000	4	0.384056	0	1
chr3:134500000-135000000	chr3	134500000	1	0.38105	0	1
chr3:135000000-135500000	chr3	135000000	8	0.409532	0	4
chr3:135500000-136000000	chr3	135500000	3	0.42523	0	2
chr3:136000000-136500000	chr3	136000000	2	0.387838	0	0
chr3:136500000-137000000	chr3	136500000	1	0.399804	0	1
chr3:137000000-137500000	chr3	137000000	2	0.391434	0	0
chr3:137500000-138000000	chr3	137500000	8	0.425886	0	4
chr3:138000000-138500000	chr3	138000000	14	0.430456	0	3
chr3:138500000-139000000	chr3	138500000	4	0.437074	0	2
chr3:139000000-139500000	chr3	139000000	2	0.396894	0	2
chr3:139500000-140000000	chr3	139500000	1	0.382814	0	0
chr3:140000000-140500000	chr3	140000000	1	0.37328	0	0
chr3:140500000-141000000	chr3	140500000	2	0.372006	0	0
chr3:141000000-141500000	chr3	141000000	2	0.373968	0	2
chr3:141500000-142000000	chr3	141500000	0	0.383552	0	0
chr3:142000000-142500000	chr3	142000000	3	0.398216	0	2
chr3:142500000-143000000	chr3	142500000	9	0.4093	0	3
chr3:143000000-143500000	chr3	143000000	2	0.396128	0	1
chr3:143500000-144000000	chr3	143500000	1	0.404582	0	0
chr3:144000000-144500000	chr3	144000000	1	0.439962	0	3
chr3:144500000-145000000	chr3	144500000	9	0.417266	0	2
chr3:145000000-145500000	chr3	145000000	4	0.41156	0	1
chr3:145500000-146000000	chr3	145500000	6	0.442214	0	7
chr3:146000000-146500000	chr3	146000000	9	0.447344	0	6
chr3:146500000-147000000	chr3	146500000	7	0.42444	0	4
chr3:147000000-147500000	chr3	147000000	0	0.406196	0	0
chr3:147500000-148000000	chr3	147500000	0	0.388748	0	0
chr3:148000000-148500000	chr3	148000000	0	0.391628	0	0
chr3:148500000-149000000	chr3	148500000	1	0.41388	0	3
chr3:149000000-149500000	chr3	149000000	1	0.420228	0	0
chr3:149500000-150000000	chr3	149500000	0	0.385832	0	0
chr3:150000000-150500000	chr3	150000000	1	0.37052	0	0
chr3:150500000-151000000	chr3	150500000	0	0.37102	0	0
chr3:151000000-151500000	chr3	151000000	3	0.379338	0	0
chr3:151500000-152000000	chr3	151500000	4	0.403186	0	0
chr3:152000000-152500000	chr3	152000000	8	0.433964	0	7
chr3:152500000-153000000	chr3	152500000	4	0.44749	0	2
chr3:153000000-153500000	chr3	153000000	2	0.441082	0	0
chr3:153500000-154000000	chr3	153500000	10	0.453926	0	5
chr3:154000000-154500000	chr3	154000000	2	0.435956	0	2
chr3:154500000-155000000	chr3	154500000	4	0.427514	0	1
chr3:155000000-155500000	chr3	155000000	3	0.390842	0	1
chr3:155500000-156000000	chr3	155500000	1	0.377734	0	0
chr3:156000000-156500000	chr3	156000000	0	0.38308	0	0
chr3:156500000-157000000	chr3	156500000	2	0.39275	0	2
chr3:157000000-157500000	chr3	157000000	0	0.406938	0	0
chr3:157500000-158000000	chr3	157500000	6	0.411502	0	3
chr3:158000000-158500000	chr3	158000000	2	0.381496	0	2
chr3:158500000-159000000	chr3	158500000	1	0.384464	0	1
chr3:159000000-159500000	chr3	159000000	2	0.382668	0	0
chr3:159500000-160000000	chr3	159500000	2	0.383995	0.12064	0
chr3:160000000-160039680	chr3	160000000	0	nan	1	0
chr4:0-500000	chr4	0	0	nan	1	0
chr4:500000-1000000	chr4	500000	0	nan	1	0
chr4:1000000-1500000	chr4	1000000	0	nan	1	0
chr4:1500000-2000000	chr4	1500000	0	nan	1	0
chr4:2000000-2500000	chr4	2000000	0	nan	1	0
chr4:2500000-3000000	chr4	2500000	0	nan	1	0
chr4:3000000-3500000	chr4	3000000	3	0.424758	0.1	1
chr4:3500000-4000000	chr4	3500000	11	0.413102	0	5
chr4:4000000-4500000	chr4	4000000	3	0.39716	0	1
chr4:4500000-5000000	chr4	4500000	2	0.395664	0	1
chr4:5000000-5500000	chr4	5000000	0	0.395106	0	0
chr4:5500000-6000000	chr4	5500000	2	0.405862	0	1
chr4:6000000-6500000	chr4	6000000	4	0.405486	0	3
chr4:6500000-7000000	chr4	6500000	1	0.39725	0	1
chr4:7000000-7500000	chr4	7000000	0	0.386148	0	0
chr4:7500000-8000000	chr4	7500000	1	0.383862	0	0
chr4:8000000-8500000	chr4	8000000	1	0.413346	0	1
chr4:8500000-9000000	chr4	8500000	4	0.441974	0	7
chr4:9000000-9500000	chr4	9000000	1	0.426308	0	0
chr4:9500000-10000000	chr4	9500000	4	0.42112	0	3
chr4:10000000-10500000	chr4	10000000	0	0.403616	0	0
chr4:10500000-11000000	chr4	10500000	3	0.41834	0	1
chr4:11000000-11500000	chr4	11000000	10	0.43015	0	9
chr4:11500000-12000000	chr4	11500000	7	0.426952	0	2
chr4:12000000-12500000	chr4	12000000	4	0.41088	0	4
chr4:12500000-13000000	chr4	12500000	1	0.388404	0	1
chr4:13000000-13500000	chr4	13000000	0	0.388658	0	0
chr4:13500000-14000000	chr4	13500000	1	0.395734	0	1
chr4:14000000-14500000	chr4	14000000	1	0.387858	0	0
chr4:14500000-15000000	chr4	14500000	5	0.39675	0	3
chr4:15000000-15500000	chr4	15000000	2	0.39995	0	2
chr4:15500000-16000000	chr4	15500000	4	0.391586	0	2
chr4:16000000-16500000	chr4	16000000	3	0.394984	0	2
chr4:16500000-17000000	chr4	16500000	0	0.376292	0	0
chr4:17000000-17500000	chr4	17000000	0	0.367306	0	0
chr4:17500000-18000000	chr4	17500000	2	0.369104	0	1
chr4:18000000-18500000	chr4	18000000	0	0.370928	0	0
chr4:18500000-19000000	chr4	18500000	0	0.36455	0	0
chr4:19000000-19500000	chr4	19000000	2	0.381692	0	0
chr4:19500000-20000000	chr4	19500000	6	0.393752	0	3
chr4:20000000-20500000	chr4	20000000	3	0.393126	0	2
chr4:20500000-21000000	chr4	20500000	1	0.379086	0	1
chr4:21000000-21500000	chr4	21000000	0	0.395094	0	0
chr4:21500000-22000000	chr4	21500000	8	0.414104	0	8
chr4:22000000-22500000	chr4	22000000	3	0.410746	0	6
chr4:22500000-23000000	chr4	22500000	2	0.38514	0	0
chr4:23000000-23500000	chr4	23000000	0	0.376494	0	0
chr4:23500000-24000000	chr4	23500000	0	0.367462	0	1
chr4:24000000-24500000	chr4	24000000	1	0.385818	0	1
chr4:24500000-25000000	chr4	24500000	3	0.400572	0	3
chr4:25000000-25500000	chr4	25000000	2	0.393606	0	1
chr4:25500000-26000000	chr4	25500000	1	0.379352	0	1
chr4:26000000-26500000	chr4	26000000	1	0.379832	0	1
chr4:26500000-27000000	chr4	26500000	1	0.365714	0	0
chr4:27000000-27500000	chr4	27000000	0	0.363438	0	0
chr4:27500000-28000000	chr4	27500000	0	0.36167	0	0
chr4:28000000-28500000	chr4	28000000	0	0.36452	0	0
chr4:28500000-29000000	chr4	28500000	1	0.371928	0	1
chr4:29000000-29500000	chr4	29000000	1	0.3774	0	0
chr4:29500000-30000000	chr4	29500000	0	0.36305	0	0
chr4:30000000-30500000	chr4	30000000	0	0.369596	0	0
chr4:30500000-31000000	chr4	30500000	1	0.37662	0	0
chr4:31000000-31500000	chr4	31000000	0	0.386684	0	0
chr4:31500000-32000000	chr4	31500000	1	0.413728	0	2
chr4:32000000-32500000	chr4	32000000	1	0.440224	0	1
chr4:32500000-33000000	chr4	32500000	7	0.443392	0	5
chr4:33000000-33500000	chr4	33000000	9	0.42414	0	5
chr4:33500000-34000000	chr4	33500000	1	0.422682	0	1
chr4:34000000-34500000	chr4	34000000	2	0.408735	0.004048	1
chr4:34500000-35000000	chr4	34500000	10	0.417338	0	7
chr4:35000000-35500000	chr4	35000000	3	0.422136	0	2
chr4:35500000-36000000	chr4	35500000	0	0.386386	0	0
chr4:36000000-36500000	chr4	36000000	0	0.369424	0	0
chr4:36500000-37000000	chr4	36500000	5	0.363342	0	2
chr4:37000000-37500000	chr4	37000000	1	0.36761	0	0
chr4:37500000-38000000	chr4	37500000	0	0.365574	0	0
chr4:38000000-38500000	chr4	38000000	0	0.36416	0	0
chr4:38500000-39000000	chr4	38500000	1	0.372894	0	0
chr4:39000000-39500000	chr4	39000000	1	0.380388	0	0
chr4:39500000-40000000	chr4	39500000	0	0.391758	0	0
chr4:40000000-40500000	chr4	40000000	7	0.433058	0	5
chr4:40500000-41000000	chr4	40500000	13	0.447328	0	6
chr4:41000000-41500000	chr4	41000000	10	0.448788	0	7
chr4:41500000-42000000	chr4	41500000	24	0.482392	0	15
chr4:42000000-42500000	chr4	42000000	16	0.471191	0.1	7
chr4:42500000-43000000	chr4	42500000	18	0.467964	0	8
chr4:43000000-43500000	chr4	43000000	15	0.449752	0	9
chr4:43500000-44000000	chr4	43500000	26	0.470098	0	8
chr4:44000000-44500000	chr4	44000000	6	0.449614	0	5
chr4:44500000-45000000	chr4	44500000	6	0.44376	0	5
chr4:45000000-45500000	chr4	45000000	11	0.46543	0	9
chr4:45500000-46000000	chr4	45500000	9	0.477358	0	5
chr4:46000000-46500000	chr4	46000000	10	0.466376	0	8
chr4:46500000-47000000	chr4	46500000	5	0.493382	0	8
chr4:47000000-47500000	chr4	47000000	6	0.466234	0	6
chr4:47500000-48000000	chr4	47500000	0	0.431378	0	0
chr4:48000000-48500000	chr4	48000000	6	0.413048	0	7
chr4:48500000-49000000	chr4	48500000	3	0.423046	0	3
chr4:49000000-49500000	chr4	49000000	3	0.406544	0	1
chr4:49500000-50000000	chr4	49500000	9	0.401062	0	4
chr4:50000000-50500000	chr4	50000000	0	0.375776	0	0
chr4:50500000-51000000	chr4	50500000	0	0.368122	0	0
chr4:51000000-51500000	chr4	51000000	1	0.369762	0	0
chr4:51500000-52000000	chr4	51500000	0	0.373874	0	0
chr4:52000000-52500000	chr4	52000000	3	0.386302	0	1
chr4:52500000-53000000	chr4	52500000	7	0.394276	0	0
chr4:53000000-53500000	chr4	53000000	5	0.43607	0	3
chr4:53500000-54000000	chr4	53500000	4	0.421878	0	4
chr4:54000000-54500000	chr4	54000000	0	0.4062	0	0
chr4:54500000-55000000	chr4	54500000	1	0.415022	0	1
chr4:55000000-55500000	chr4	55000000	2	0.438286	0	2
chr4:55500000-56000000	chr4	55500000	1	0.434884	0	3
chr4:56000000-56500000	chr4	56000000	0	0.413394	0	0
chr4:56500000-57000000	chr4	56500000	8	0.437308	0	5
chr4:57000000-57500000	chr4	57000000	5	0.46058	0	4
chr4:57500000-58000000	chr4	57500000	2	0.449394	0	3
chr4:58000000-58500000	chr4	58000000	4	0.415458	0	1
chr4:58500000-59000000	chr4	58500000	5	0.412302	0	3
chr4:59000000-59500000	chr4	59000000	6	0.427828	0	4
chr4:59500000-60000000	chr4	59500000	7	0.42742	0	5
chr4:60000000-60500000	chr4	60000000	5	0.409847	0.1	0
chr4:60500000-61000000	chr4	60500000	5	0.406068	0.300778	0
chr4:61000000-61500000	chr4	61000000	3	0.405391	0.399222	0
chr4:61500000-62000000	chr4	61500000	5	0.410914	0	0
chr4:62000000-62500000	chr4	62000000	12	0.430556	0	6
chr4:62500000-63000000	chr4	62500000	8	0.468236	0	4
chr4:63000000-63500000	chr4	63000000	9	0.496318	0	4
chr4:63500000-64000000	chr4	63500000	7	0.436122	0	2
chr4:64000000-64500000	chr4	64000000	2	0.39832	0	1
chr4:64500000-65000000	chr4	64500000	0	0.38187	0	0
chr4:65000000-65500000	chr4	65000000	1	0.401796	0	1
chr4:65500000-66000000	chr4	65500000	1	0.403264	0	1
chr4:66000000-66500000	chr4	66000000	1	0.400936	0	2
chr4:66500000-67000000	chr4	66500000	1	0.387912	0	0
chr4:67000000-67500000	chr4	67000000	0	0.371494	0	0
chr4:67500000-68000000	chr4	67500000	0	0.367038	0	0
chr4:68000000-68500000	chr4	68000000	1	0.372868	0	0
chr4:68500000-69000000	chr4	68500000	1	0.380824	0	1
chr4:69000000-69500000	chr4	69000000	0	0.38008	0	0
chr4:69500000-70000000	chr4	69500000	0	0.401676	0	0
chr4:70000000-70500000	chr4	70000000	1	0.419958	0	2
chr4:70500000-71000000	chr4	70500000	2	0.388178	0	1
chr4:71000000-71500000	chr4	71000000	0	0.376874	0	0
chr4:71500000-72000000	chr4	71500000	0	0.38349	0	0
chr4:72000000-72500000	chr4	72000000	2	0.395346	0	1
chr4:72500000-73000000	chr4	72500000	1	0.377704	0	0
chr4:73000000-73500000	chr4	73000000	1	0.379174	0	0
chr4:73500000-74000000	chr4	73500000	13	0.400264	0	1
chr4:74000000-74500000	chr4	74000000	2	0.386766	0	2
chr4:74500000-75000000	chr4	74500000	0	0.3861	0	0
chr4:75000000-75500000	chr4	75000000	1	0.37647	0	1
chr4:75500000-76000000	chr4	75500000	0	0.382942	0	0
chr4:76000000-76500000	chr4	76000000	1	0.380034	0	1
chr4:76500000-77000000	chr4	76500000	0	0.370704	0	0
chr4:77000000-77500000	chr4	77000000	0	0.367896	0	0
chr4:77500000-78000000	chr4	77500000	0	0.363814	0	0
chr4:78000000-78500000	chr4	78000000	1	0.368224	0	1
chr4:78500000-79000000	chr4	78500000	1	0.370408	0	0
chr4:79000000-79500000	chr4	79000000	0	0.365704	0	0
chr4:79500000-80000000	chr4	79500000	0	0.363726	0	0
chr4:80000000-80500000	chr4	80000000	0	0.37373	0	0
chr4:80500000-81000000	chr4	80500000	2	0.38995	0	1
chr4:81000000-81500000	chr4	81000000	2	0.400762	0	1
chr4:81500000-82000000	chr4	81500000	0	0.394218	0	0
chr4:82000000-82500000	chr4	82000000	2	0.406498	0	0
chr4:82500000-83000000	chr4	82500000	4	0.421936	0	4
chr4:83000000-83500000	chr4	83000000	5	0.42979	0	3
chr4:83500000-84000000	chr4	83500000	1	0.415742	0	1
chr4:84000000-84500000	chr4	84000000	1	0.424992	0	0
chr4:84500000-85000000	chr4	84500000	3	0.402222	0	3
chr4:85000000-85500000	chr4	85000000	1	0.40776	0	1
chr4:85500000-86000000	chr4	85500000	0	0.395584	0	1
chr4:86000000-86500000	chr4	86000000	1	0.410406	0	0
chr4:86500000-87000000	chr4	86500000	11	0.428482	0	5
chr4:87000000-87500000	chr4	87000000	1	0.415536	0	1
chr4:87500000-88000000	chr4	87500000	0	0.41044	0	0
chr4:88000000-88500000	chr4	88000000	4	0.40762	0	2
chr4:88500000-89000000	chr4	88500000	36	0.41981	0	17
chr4:89000000-89500000	chr4	89000000	6	0.415445	0.0608	5
chr4:89500000-90000000	chr4	89500000	1	0.387484	0	1
chr4:90000000-90500000	chr4	90000000	2	0.375158	0	0
chr4:90500000-91000000	chr4	90500000	0	0.381046	0	0
chr4:91000000-91500000	chr4	91000000	2	0.39961	0	3
chr4:91500000-92000000	chr4	91500000	0	0.379668	0	0
chr4:92000000-92500000	chr4	92000000	1	0.36427	0	0
chr4:92500000-93000000	chr4	92500000	0	0.364858	0	0
chr4:93000000-93500000	chr4	93000000	1	0.370268	0	1
chr4:93500000-94000000	chr4	93500000	0	0.379766	0	0
chr4:94000000-94500000	chr4	94000000	0	0.393674	0	0
chr4:94500000-95000000	chr4	94500000	9	0.398046	0	4
chr4:95000000-95500000	chr4	95000000	2	0.430134	0	2
chr4:95500000-96000000	chr4	95500000	3	0.408966	0	1
chr4:96000000-96500000	chr4	96000000	3	0.391468	0	0
chr4:96500000-97000000	chr4	96500000	5	0.38797	0	0
chr4:97000000-97500000	chr4	97000000	0	0.383874	0	0
chr4:97500000-98000000	chr4	97500000	2	0.413124	0	4
chr4:98000000-98500000	chr4	98000000	2	0.41922	0	2
chr4:98500000-99000000	chr4	98500000	7	0.438138	0	2
chr4:99000000-99500000	chr4	99000000	3	0.423802	0	2
chr4:99500000-100000000	chr4	99500000	5	0.42237	0.068248	6
chr4:100000000-100500000	chr4	100000000	2	0.433082	0	1
chr4:100500000-101000000	chr4	100500000	1	0.43263	0	1
chr4:101000000-101500000	chr4	101000000	7	0.44277	0	7
chr4:101500000-102000000	chr4	101500000	8	0.424974	0	4
chr4:102000000-102500000	chr4	102000000	1	0.401838	0	1
chr4:102500000-103000000	chr4	102500000	3	0.420452	0	2
chr4:103000000-103500000	chr4	103000000	9	0.421566	0	4
chr4:103500000-104000000	chr4	103500000	1	0.426488	0	1
chr4:104000000-104500000	chr4	104000000	0	0.422676	0	1
chr4:104500000-105000000	chr4	104500000	3	0.438954	0	0
chr4:105000000-105500000	chr4	105000000	2	0.435596	0	3
chr4:105500000-106000000	chr4	105500000	0	0.419882	0	0
chr4:106000000-106500000	chr4	106000000	4	0.447992	0	2
chr4:106500000-107000000	chr4	106500000	10	0.492446	0	8
chr4:107000000-107500000	chr4	107000000	12	0.475482	0	6
chr4:107500000-108000000	chr4	107500000	10	0.489964	0	7
chr4:108000000-108500000	chr4	108000000	10	0.445692	0	11
chr4:108500000-109000000	chr4	108500000	9	0.415414	0	6
chr4:109000000-109500000	chr4	109000000	8	0.422592	0	6
chr4:109500000-110000000	chr4	109500000	5	0.393342	0	6
chr4:110000000-110500000	chr4	110000000	3	0.411044	0	3
chr4:110500000-111000000	chr4	110500000	0	0.379922	0	0
chr4:111000000-111500000	chr4	111000000	1	0.404538	0	1
chr4:111500000-112000000	chr4	111500000	4	0.410596	0	1
chr4:112000000-112500000	chr4	112000000	4	0.380418	0	0
chr4:112500000-113000000	chr4	112500000	2	0.372804	0	1
chr4:113000000-113500000	chr4	113000000	1	0.375528	0	0
chr4:113500000-114000000	chr4	113500000	1	0.364254	0	0
chr4:114000000-114500000	chr4	114000000	2	0.41195	0	1
chr4:114500000-115000000	chr4	114500000	5	0.462282	0	8
chr4:115000000-115500000	chr4	115000000	10	0.420846	0	2
chr4:115500000-116000000	chr4	115500000	13	0.44516	0	11
chr4:116000000-116500000	chr4	116000000	12	0.42884	0	6
chr4:116500000-117000000	chr4	116500000	18	0.426678	0	13
chr4:117000000-117500000	chr4	117000000	12	0.475408	0	12
chr4:117500000-118000000	chr4	117500000	13	0.479118	0	11
chr4:118000000-118500000	chr4	118000000	11	0.489362	0	8
chr4:118500000-119000000	chr4	118500000	21	0.448102	0	2
chr4:119000000-119500000	chr4	119000000	16	0.470638	0	10
chr4:119500000-120000000	chr4	119500000	5	0.451854	0	4
chr4:120000000-120500000	chr4	120000000	4	0.47499	0	6
chr4:120500000-121000000	chr4	120500000	13	0.461148	0	9
chr4:121000000-121500000	chr4	121000000	7	0.41908	0	3
chr4:121500000-122000000	chr4	121500000	2	0.402949	0.1	0
chr4:122000000-122500000	chr4	122000000	0	0.402663	0.038734	0
chr4:122500000-123000000	chr4	122500000	6	0.422062	0	3
chr4:123000000-123500000	chr4	123000000	11	0.458014	0	11
chr4:123500000-124000000	chr4	123500000	10	0.445266	0	7
chr4:124000000-124500000	chr4	124000000	2	0.46626	0	2
chr4:124500000-125000000	chr4	124500000	20	0.48935	0	18
chr4:125000000-125500000	chr4	125000000	6	0.490846	0	5
chr4:125500000-126000000	chr4	125500000	1	0.493952	0	2
chr4:126000000-126500000	chr4	126000000	15	0.463028	0	17
chr4:126500000-127000000	chr4	126500000	9	0.440426	0	8
chr4:127000000-127500000	chr4	127000000	11	0.466668	0	11
chr4:127500000-128000000	chr4	127500000	2	0.457466	0	3
chr4:128000000-128500000	chr4	128000000	2	0.478666	0	0
chr4:128500000-129000000	chr4	128500000	8	0.487396	0	9
chr4:129000000-129500000	chr4	129000000	16	0.473054	0	14
chr4:129500000-130000000	chr4	129500000	19	0.472288	0	14
chr4:130000000-130500000	chr4	130000000	9	0.497845	0.21355	8
chr4:130500000-131000000	chr4	130500000	6	0.48615	0.133062	5
chr4:131000000-131500000	chr4	131000000	1	0.488908	0	1
chr4:131500000-132000000	chr4	131500000	6	0.481144	0	5
chr4:132000000-132500000	chr4	132000000	18	0.455452	0	14
chr4:132500000-133000000	chr4	132500000	13	0.45977	0	9
chr4:133000000-133500000	chr4	133000000	13	0.49868	0	19
chr4:133500000-134000000	chr4	133500000	14	0.478036	0	14
chr4:134000000-134500000	chr4	134000000	22	0.491204	0	12
chr4:134500000-135000000	chr4	134500000	11	0.495072	0	10
chr4:135000000-135500000	chr4	135000000	8	0.493966	0	9
chr4:135500000-136000000	chr4	135500000	13	0.49001	0	12
chr4:136000000-136500000	chr4	136000000	12	0.471478	0	16
chr4:136500000-137000000	chr4	136500000	8	0.493968	0	8
chr4:137000000-137500000	chr4	137000000	9	0.490932	0	6
chr4:137500000-138000000	chr4	137500000	8	0.506788	0	12
chr4:138000000-138500000	chr4	138000000	12	0.482082	0	8
chr4:138500000-139000000	chr4	138500000	12	0.492106	0	2
chr4:139000000-139500000	chr4	139000000	10	0.49698	0	8
chr4:139500000-140000000	chr4	139500000	8	0.508794	0	9
chr4:140000000-140500000	chr4	140000000	4	0.515178	0	4
chr4:140500000-141000000	chr4	140500000	12	0.520954	0	5
chr4:141000000-141500000	chr4	141000000	17	0.514712	0	19
chr4:141500000-142000000	chr4	141500000	18	0.49096	0	7
chr4:142000000-142500000	chr4	142000000	5	0.495525	0.019924	3
chr4:142500000-143000000	chr4	142500000	0	0.456676	0	0
chr4:143000000-143500000	chr4	143000000	7	0.45669	0	5
chr4:143500000-144000000	chr4	143500000	14	0.412206	0	0
chr4:144000000-144500000	chr4	144000000	12	0.421176	0	0
chr4:144500000-145000000	chr4	144500000	7	0.424908	0	2
chr4:145000000-145500000	chr4	145000000	4	0.43918	0	3
chr4:145500000-146000000	chr4	145500000	5	0.39956	0.20005	6
chr4:146000000-146500000	chr4	146000000	5	0.402525	0.363692	5
chr4:146500000-147000000	chr4	146500000	2	0.40544	0.3	6
chr4:147000000-147500000	chr4	147000000	5	0.405704	0	7
chr4:147500000-148000000	chr4	147500000	12	0.424954	0	5
chr4:148000000-148500000	chr4	148000000	13	0.504476	0	12
chr4:148500000-149000000	chr4	148500000	8	0.50428	0	10
chr4:149000000-149500000	chr4	149000000	12	0.461582	0	9
chr4:149500000-150000000	chr4	149500000	8	0.49719	0	7
chr4:150000000-150500000	chr4	150000000	8	0.463914	0	7
chr4:150500000-151000000	chr4	150500000	8	0.476614	0	5
chr4:151000000-151500000	chr4	151000000	3	0.495968	0	5
chr4:151500000-152000000	chr4	151500000	4	0.484764	0	4
chr4:152000000-152500000	chr4	152000000	17	0.52769	0	27
chr4:152500000-153000000	chr4	152500000	1	0.497994	0	0
chr4:153000000-153500000	chr4	153000000	1	0.491444	0	3
chr4:153500000-154000000	chr4	153500000	4	0.493992	0	2
chr4:154000000-154500000	chr4	154000000	9	0.520854	0	9
chr4:154500000-155000000	chr4	154500000	13	0.512456	0	6
chr4:155000000-155500000	chr4	155000000	12	0.505754	0	10
chr4:155500000-156000000	chr4	155500000	29	0.472422	0	24
chr4:156000000-156500000	chr4	156000000	21	0.475141	0.38667	8
chr4:156500000-156508116	chr4	156500000	0	nan	1	0
chr5:0-500000	chr5	0	0	nan	1	0
chr5:500000-1000000	chr5	500000	0	nan	1	0
chr5:1000000-1500000	chr5	1000000	0	nan	1	0
chr5:1500000-2000000	chr5	1500000	0	nan	1	0
chr5:2000000-2500000	chr5	2000000	0	nan	1	0
chr5:2500000-3000000	chr5	2500000	0	nan	1	0
chr5:3000000-3500000	chr5	3000000	2	0.420858	0	1
chr5:3500000-4000000	chr5	3500000	11	0.409202	0	6
chr5:4000000-4500000	chr5	4000000	2	0.411082	0	2
chr5:4500000-5000000	chr5	4500000	1	0.41154	0	2
chr5:5000000-5500000	chr5	5000000	2	0.403444	0	1
chr5:5500000-6000000	chr5	5500000	6	0.402418	0	5
chr5:6000000-6500000	chr5	6000000	0	0.384034	0	0
chr5:6500000-7000000	chr5	6500000	0	0.375346	0	0
chr5:7000000-7500000	chr5	7000000	2	0.368332	0	1
chr5:7500000-8000000	chr5	7500000	1	0.39386	0	0
chr5:8000000-8500000	chr5	8000000	4	0.405458	0	4
chr5:8500000-9000000	chr5	8500000	6	0.402322	0	6
chr5:9000000-9500000	chr5	9000000	5	0.404272	0	3
chr5:9500000-10000000	chr5	9500000	1	0.3822	0	0
chr5:10000000-10500000	chr5	10000000	0	0.373406	0	0
chr5:10500000-11000000	chr5	10500000	1	0.375998	0	0
chr5:11000000-11500000	chr5	11000000	2	0.378142	0	0
chr5:11500000-12000000	chr5	11500000	4	0.379422	0	0
chr5:12000000-12500000	chr5	12000000	1	0.367898	0	1
chr5:12500000-13000000	chr5	12500000	0	0.37248	0	0
chr5:13000000-13500000	chr5	13000000	1	0.362454	0	0
chr5:13500000-14000000	chr5	13500000	3	0.380822	0	0
chr5:14000000-14500000	chr5	14000000	1	0.378016	0	1
chr5:14500000-15000000	chr5	14500000	5	0.382758	0	1
chr5:15000000-15500000	chr5	15000000	2	nan	0.79	0
chr5:15500000-16000000	chr5	15500000	8	0.398356	0	1
chr5:16000000-16500000	chr5	16000000	0	0.377624	0	0
chr5:16500000-17000000	chr5	16500000	2	0.373184	0	0
chr5:17000000-17500000	chr5	17000000	2	0.383182	0	0
chr5:17500000-18000000	chr5	17500000	3	0.377336	0	1
chr5:18000000-18500000	chr5	18000000	2	0.391602	0	1
chr5:18500000-19000000	chr5	18500000	0	0.3801	0	0
chr5:19000000-19500000	chr5	19000000	2	0.377186	0	2
chr5:19500000-20000000	chr5	19500000	0	0.382934	0	0
chr5:20000000-20500000	chr5	20000000	0	0.39522	0	0
chr5:20500000-21000000	chr5	20500000	4	0.419352	0	3
chr5:21000000-21500000	chr5	21000000	6	0.419158	0	3
chr5:21500000-22000000	chr5	21500000	9	0.429652	0	5
chr5:22000000-22500000	chr5	22000000	1	0.411978	0	1
chr5:22500000-23000000	chr5	22500000	6	0.404194	0	1
chr5:23000000-23500000	chr5	23000000	2	0.414088	0	2
chr5:23500000-24000000	chr5	23500000	7	0.43433	0	7
chr5:24000000-24500000	chr5	24000000	13	0.471178	0	15
chr5:24500000-25000000	chr5	24500000	14	0.480976	0	11
chr5:25000000-25500000	chr5	25000000	6	0.432154	0	3
chr5:25500000-26000000	chr5	25500000	8	0.444964	0	4
chr5:26000000-26500000	chr5	26000000	9	0.431818	0	1
chr5:26500000-27000000	chr5	26500000	1	0.421742	0	1
chr5:27000000-27500000	chr5	27000000	0	0.437252	0	1
chr5:27500000-28000000	chr5	27500000	4	0.443612	0	1
chr5:28000000-28500000	chr5	28000000	6	0.45418	0	9
chr5:28500000-29000000	chr5	28500000	0	0.439638	0	0
chr5:29000000-29500000	chr5	29000000	4	0.419884	0	6
chr5:29500000-30000000	chr5	29500000	4	0.421844	0	2
chr5:30000000-30500000	chr5	30000000	13	0.459576	0.1	5
chr5:30500000-31000000	chr5	30500000	17	0.482192	0	14
chr5:31000000-31500000	chr5	31000000	21	0.45428	0	19
chr5:31500000-32000000	chr5	31500000	7	0.424728	0	3
chr5:32000000-32500000	chr5	32000000	5	0.4572	0	3
chr5:32500000-33000000	chr5	32500000	5	0.424462	0	5
chr5:33000000-33500000	chr5	33000000	7	0.46614	0	7
chr5:33500000-34000000	chr5	33500000	11	0.468576	0	12
chr5:34000000-34500000	chr5	34000000	8	0.43956	0	7
chr5:34500000-35000000	chr5	34500000	12	0.447026	0	9
chr5:35000000-35500000	chr5	35000000	8	0.5083	0	7
chr5:35500000-36000000	chr5	35500000	8	0.509708	0	5
chr5:36000000-36500000	chr5	36000000	7	0.503976	0	3
chr5:36500000-37000000	chr5	36500000	8	0.487034	0.06	9
chr5:37000000-37500000	chr5	37000000	5	0.484556	0	7
chr5:37500000-38000000	chr5	37500000	5	0.463956	0	5
chr5:38000000-38500000	chr5	38000000	8	0.469746	0	6
chr5:38500000-39000000	chr5	38500000	4	0.43985	0	2
chr5:39000000-39500000	chr5	39000000	0	0.4012	0	0
chr5:39500000-40000000	chr5	39500000	3	0.393922	0	1
chr5:40000000-40500000	chr5	40000000	0	0.377002	0	0
chr5:40500000-41000000	chr5	40500000	0	0.379482	0	0
chr5:41000000-41500000	chr5	41000000	0	0.395326	0	0
chr5:41500000-42000000	chr5	41500000	4	0.408608	0	4
chr5:42000000-42500000	chr5	42000000	1	0.398086	0	0
chr5:42500000-43000000	chr5	42500000	0	0.391122	0	0
chr5:43000000-43500000	chr5	43000000	2	0.412564	0	1
chr5:43500000-44000000	chr5	43500000	7	0.424212	0	2
chr5:44000000-44500000	chr5	44000000	2	0.429204	0	2
chr5:44500000-45000000	chr5	44500000	2	0.40913	0	0
chr5:45000000-45500000	chr5	45000000	4	0.412406	0	2
chr5:45500000-46000000	chr5	45500000	8	0.395992	0	4
chr5:46000000-46500000	chr5	46000000	1	0.388706	0	0
chr5:46500000-47000000	chr5	46500000	0	0.37352	0	0
chr5:47000000-47500000	chr5	47000000	0	0.369656	0	0
chr5:47500000-48000000	chr5	47500000	1	0.376116	0	2
chr5:48000000-48500000	chr5	48000000	3	0.37907	0	1
chr5:48500000-49000000	chr5	48500000	0	0.377768	0	0
chr5:49000000-49500000	chr5	49000000	1	0.374612	0	0
chr5:49500000-50000000	chr5	49500000	0	0.397724	0	1
chr5:50000000-50500000	chr5	50000000	3	0.397648	0	1
chr5:50500000-51000000	chr5	50500000	1	0.376134	0	0
chr5:51000000-51500000	chr5	51000000	0	0.386988	0	0
chr5:51500000-52000000	chr5	51500000	1	0.41249	0	0
chr5:52000000-52500000	chr5	52000000	7	0.44084	0	5
chr5:52500000-53000000	chr5	52500000	7	0.448352	0	6
chr5:53000000-53500000	chr5	53000000	4	0.460228	0	3
chr5:53500000-54000000	chr5	53500000	5	0.423182	0	5
chr5:54000000-54500000	chr5	54000000	1	0.405826	0	1
chr5:54500000-55000000	chr5	54500000	0	0.374314	0	0
chr5:55000000-55500000	chr5	55000000	0	0.366404	0	0
chr5:55500000-56000000	chr5	55500000	0	0.370048	0	0
chr5:56000000-56500000	chr5	56000000	0	0.360684	0	0
chr5:56500000-57000000	chr5	56500000	0	0.359434	0	0
chr5:57000000-57500000	chr5	57000000	0	0.360394	0	0
chr5:57500000-58000000	chr5	57500000	2	0.374264	0	2
chr5:58000000-58500000	chr5	58000000	1	0.370596	0	0
chr5:58500000-59000000	chr5	58500000	0	0.367764	0	0
chr5:59000000-59500000	chr5	59000000	0	0.364098	0	0
chr5:59500000-60000000	chr5	59500000	1	0.361354	0	0
chr5:60000000-60500000	chr5	60000000	0	0.361038	0	0
chr5:60500000-61000000	chr5	60500000	0	0.370576	0	0
chr5:61000000-61500000	chr5	61000000	0	0.363712	0	0
chr5:61500000-62000000	chr5	61500000	1	0.362314	0	0
chr5:62000000-62500000	chr5	62000000	0	0.372976	0	0
chr5:62500000-63000000	chr5	62500000	2	0.382192	0	1
chr5:63000000-63500000	chr5	63000000	0	0.376064	0	0
chr5:63500000-64000000	chr5	63500000	3	0.42061	0	3
chr5:64000000-64500000	chr5	64000000	5	0.449336	0	4
chr5:64500000-65000000	chr5	64500000	7	0.443248	0	3
chr5:65000000-65500000	chr5	65000000	8	0.438306	0	6
chr5:65500000-66000000	chr5	65500000	7	0.426024	0	3
chr5:66000000-66500000	chr5	66000000	4	0.44856	0	2
chr5:66500000-67000000	chr5	66500000	4	0.443162	0	4
chr5:67000000-67500000	chr5	67000000	7	0.437256	0	8
chr5:67500000-68000000	chr5	67500000	4	0.42128	0	2
chr5:68000000-68500000	chr5	68000000	1	0.392458	0	0
chr5:68500000-69000000	chr5	68500000	0	0.368328	0	0
chr5:69000000-69500000	chr5	69000000	1	0.377722	0	1
chr5:69500000-70000000	chr5	69500000	3	0.377884	0	2
chr5:70000000-70500000	chr5	70000000	0	0.37102	0	0
chr5:70500000-71000000	chr5	70500000	1	0.36823	0	0
chr5:71000000-71500000	chr5	71000000	1	0.37677	0	1
chr5:71500000-72000000	chr5	71500000	3	0.380496	0	2
chr5:72000000-72500000	chr5	72000000	2	0.411252	0	1
chr5:72500000-73000000	chr5	72500000	9	0.430746	0	6
chr5:73000000-73500000	chr5	73000000	7	0.444992	0	7
chr5:73500000-74000000	chr5	73500000	4	0.43815	0.001434	2
chr5:74000000-74500000	chr5	74000000	4	0.442594	0	3
chr5:74500000-75000000	chr5	74500000	4	0.443346	0	3
chr5:75000000-75500000	chr5	75000000	5	0.442246	0	6
chr5:75500000-76000000	chr5	75500000	2	0.443994	0	3
chr5:76000000-76500000	chr5	76000000	8	0.422611	0.034752	3
chr5:76500000-77000000	chr5	76500000	7	0.440196	0	7
chr5:77000000-77500000	chr5	77000000	11	0.449196	0	5
chr5:77500000-78000000	chr5	77500000	0	0.418874	0	0
chr5:78000000-78500000	chr5	78000000	0	0.380354	0	0
chr5:78500000-79000000	chr5	78500000	0	0.359602	0	0
chr5:79000000-79500000	chr5	79000000	0	0.366234	0	0
chr5:79500000-80000000	chr5	79500000	0	0.364916	0	0
chr5:80000000-80500000	chr5	80000000	0	0.360062	0	0
chr5:80500000-81000000	chr5	80500000	0	0.371156	0	0
chr5:81000000-81500000	chr5	81000000	1	0.370026	0	2
chr5:81500000-82000000	chr5	81500000	0	0.374322	0	1
chr5:82000000-82500000	chr5	82000000	1	0.364438	0	0
chr5:82500000-83000000	chr5	82500000	1	0.366286	0	0
chr5:83000000-83500000	chr5	83000000	1	0.360564	0	0
chr5:83500000-84000000	chr5	83500000	0	0.366618	0	0
chr5:84000000-84500000	chr5	84000000	1	0.357148	0	2
chr5:84500000-85000000	chr5	84500000	0	0.36156	0	0
chr5:85000000-85500000	chr5	85000000	0	0.369844	0	0
chr5:85500000-86000000	chr5	85500000	0	0.385428	0	0
chr5:86000000-86500000	chr5	86000000	7	0.381686	0	2
chr5:86500000-87000000	chr5	86500000	7	0.38556	0	1
chr5:87000000-87500000	chr5	87000000	8	0.372726	0	0
chr5:87500000-88000000	chr5	87500000	15	0.368604	0	0
chr5:88000000-88500000	chr5	88000000	8	0.386624	0	0
chr5:88500000-89000000	chr5	88500000	8	0.424226	0	7
chr5:89000000-89500000	chr5	89000000	1	0.40317	0	0
chr5:89500000-90000000	chr5	89500000	3	0.403006	0	3
chr5:90000000-90500000	chr5	90000000	5	0.40308	0	3
chr5:90500000-91000000	chr5	90500000	11	0.413978	0	1
chr5:91000000-91500000	chr5	91000000	5	0.405664	0	1
chr5:91500000-92000000	chr5	91500000	5	0.425896	0	2
chr5:92000000-92500000	chr5	92000000	13	0.438466	0	8
chr5:92500000-93000000	chr5	92500000	6	0.449376	0	7
chr5:93000000-93500000	chr5	93000000	5	0.426542	0	4
chr5:93500000-94000000	chr5	93500000	1	0.409406	0	0
chr5:94000000-94500000	chr5	94000000	3	0.409962	0.1	0
chr5:94500000-95000000	chr5	94500000	6	0.411318	0	0
chr5:95000000-95500000	chr5	95000000	3	0.409528	0	0
chr5:95500000-96000000	chr5	95500000	3	0.41264	0	0
chr5:96000000-96500000	chr5	96000000	3	0.40729	0	3
chr5:96500000-97000000	chr5	96500000	5	0.429394	0	1
chr5:97000000-97500000	chr5	97000000	4	0.405848	0	1
chr5:97500000-98000000	chr5	97500000	0	0.38823	0	1
chr5:98000000-98500000	chr5	98000000	6	0.415166	0	6
chr5:98500000-99000000	chr5	98500000	1	0.398504	0	1
chr5:99000000-99500000	chr5	99000000	2	0.430392	0	2
chr5:99500000-100000000	chr5	99500000	5	0.43901	0	3
chr5:100000000-100500000	chr5	100000000	8	0.451718	0	6
chr5:100500000-101000000	chr5	100500000	10	0.44449	0	6
chr5:101000000-101500000	chr5	101000000	2	0.422538	0	0
chr5:101500000-102000000	chr5	101500000	2	0.450566	0	6
chr5:102000000-102500000	chr5	102000000	3	0.423054	0	1
chr5:102500000-103000000	chr5	102500000	0	0.415864	0	0
chr5:103000000-103500000	chr5	103000000	4	0.421802	0	1
chr5:103500000-104000000	chr5	103500000	5	0.445196	0	4
chr5:104000000-104500000	chr5	104000000	11	0.429094	0	2
chr5:104500000-105000000	chr5	104500000	4	0.407336	0	1
chr5:105000000-105500000	chr5	105000000	8	0.424514	0	2
chr5:105500000-106000000	chr5	105500000	3	0.450612	0	4
chr5:106000000-106500000	chr5	106000000	2	0.439848	0	4
chr5:106500000-107000000	chr5	106500000	3	0.425892	0	5
chr5:107000000-107500000	chr5	107000000	5	0.44079	0	4
chr5:107500000-108000000	chr5	107500000	10	0.420228	0	8
chr5:108000000-108500000	chr5	108000000	12	0.416986	0	8
chr5:108500000-109000000	chr5	108500000	13	0.427332	0	8
chr5:109000000-109500000	chr5	109000000	8	0.386372	0	0
chr5:109500000-110000000	chr5	109500000	7	0.410202	0	2
chr5:110000000-110500000	chr5	110000000	13	0.452668	0	13
chr5:110500000-111000000	chr5	110500000	12	0.458488	0	8
chr5:111000000-111500000	chr5	111000000	3	0.483516	0	6
chr5:111500000-112000000	chr5	111500000	2	0.499884	0	2
chr5:112000000-112500000	chr5	112000000	12	0.50554	0	8
chr5:112500000-113000000	chr5	112500000	5	0.49154	0	2
chr5:113000000-113500000	chr5	113000000	10	0.50677	0	7
chr5:113500000-114000000	chr5	113500000	10	0.505399	0.028	7
chr5:114000000-114500000	chr5	114000000	14	0.507404	0	7
chr5:114500000-115000000	chr5	114500000	18	0.501818	0	13
chr5:115000000-115500000	chr5	115000000	20	0.480538	0	23
chr5:115500000-116000000	chr5	115500000	9	0.489102	0	6
chr5:116000000-116500000	chr5	116000000	8	0.47772	0	3
chr5:116500000-117000000	chr5	116500000	1	0.461664	0	1
chr5:117000000-117500000	chr5	117000000	8	0.481152	0	7
chr5:117500000-118000000	chr5	117500000	2	0.490072	0	2
chr5:118000000-118500000	chr5	118000000	5	0.50015	0	8
chr5:118500000-119000000	chr5	118500000	2	0.471528	0	1
chr5:119000000-119500000	chr5	119000000	3	0.470126	0	1
chr5:119500000-120000000	chr5	119500000	8	0.47731	0	8
chr5:120000000-120500000	chr5	120000000	6	0.505174	0	7
chr5:120500000-121000000	chr5	120500000	19	0.504576	0	7
chr5:121000000-121500000	chr5	121000000	9	0.475042	0	6
chr5:121500000-122000000	chr5	121500000	11	0.489662	0	14
chr5:122000000-122500000	chr5	122000000	14	0.484106	0	7
chr5:122500000-123000000	chr5	122500000	11	0.466886	0	14
chr5:123000000-123500000	chr5	123000000	13	0.478282	0	16
chr5:123500000-124000000	chr5	123500000	14	0.456454	0	9
chr5:124000000-124500000	chr5	124000000	15	0.48411	0	15
chr5:124500000-125000000	chr5	124500000	10	0.490329	0.1242	7
chr5:125000000-125500000	chr5	125000000	7	0.519118	0	10
chr5:125500000-126000000	chr5	125500000	4	0.461998	0	1
chr5:126000000-126500000	chr5	126000000	0	0.42807	0	0
chr5:126500000-127000000	chr5	126500000	1	0.427406	0	0
chr5:127000000-127500000	chr5	127000000	4	0.44953	0	1
chr5:127500000-128000000	chr5	127500000	2	0.458012	0	2
chr5:128000000-128500000	chr5	128000000	1	0.45388	0	1
chr5:128500000-129000000	chr5	128500000	4	0.482668	0	3
chr5:129000000-129500000	chr5	129000000	3	0.488922	0	3
chr5:129500000-130000000	chr5	129500000	15	0.458384	0.1	10
chr5:130000000-130500000	chr5	130000000	11	0.461738	0	8
chr5:130500000-131000000	chr5	130500000	0	0.440136	0	0
chr5:131000000-131500000	chr5	131000000	2	0.444664	0	3
chr5:131500000-132000000	chr5	131500000	1	0.447064	0	2
chr5:132000000-132500000	chr5	132000000	0	0.421422	0	0
chr5:132500000-133000000	chr5	132500000	1	0.437006	0	1
chr5:133000000-133500000	chr5	133000000	0	0.422914	0	1
chr5:133500000-134000000	chr5	133500000	0	0.43498	0	0
chr5:134000000-134500000	chr5	134000000	8	0.484942	0	6
chr5:134500000-135000000	chr5	134500000	14	0.494888	0	9
chr5:135000000-135500000	chr5	135000000	17	0.482722	0	16
chr5:135500000-136000000	chr5	135500000	15	0.485922	0	16
chr5:136000000-136500000	chr5	136000000	11	0.485752	0	10
chr5:136500000-137000000	chr5	136500000	10	0.48581	0	6
chr5:137000000-137500000	chr5	137000000	15	0.494695	0.115904	10
chr5:137500000-138000000	chr5	137500000	26	0.472868	0	13
chr5:138000000-138500000	chr5	138000000	25	0.434746	0	9
chr5:138500000-139000000	chr5	138500000	6	0.466812	0.047262	5
chr5:139000000-139500000	chr5	139000000	13	0.50418	0	11
chr5:139500000-140000000	chr5	139500000	9	0.512294	0	16
chr5:140000000-140500000	chr5	140000000	7	0.495042	0	5
chr5:140500000-141000000	chr5	140500000	8	0.499376	0	9
chr5:141000000-141500000	chr5	141000000	2	0.436076	0	0
chr5:141500000-142000000	chr5	141500000	0	0.450416	0	0
chr5:142000000-142500000	chr5	142000000	2	0.48419	0	2
chr5:142500000-143000000	chr5	142500000	9	0.5014	0	15
chr5:143000000-143500000	chr5	143000000	15	0.473466	0	16
chr5:143500000-144000000	chr5	143500000	9	0.465818	0.1	7
chr5:144000000-144500000	chr5	144000000	9	0.470528	0	7
chr5:144500000-145000000	chr5	144500000	5	0.481562	0	5
chr5:145000000-145500000	chr5	145000000	16	0.44597	0	7
chr5:145500000-146000000	chr5	145500000	4	0.415224	0	0
chr5:146000000-146500000	chr5	146000000	10	0.439338	0	3
chr5:146500000-147000000	chr5	146500000	12	0.468698	0	6
chr5:147000000-147500000	chr5	147000000	12	0.461272	0	11
chr5:147500000-148000000	chr5	147500000	5	0.456884	0	6
chr5:148000000-148500000	chr5	148000000	1	0.460362	0	1
chr5:148500000-149000000	chr5	148500000	7	0.466224	0	2
chr5:149000000-149500000	chr5	149000000	10	0.464291	0.028468	5
chr5:149500000-150000000	chr5	149500000	7	0.451824	0	2
chr5:150000000-150500000	chr5	150000000	2	0.44243	0	1
chr5:150500000-151000000	chr5	150500000	7	0.425156	0	5
chr5:151000000-151500000	chr5	151000000	3	0.422078	0	2
chr5:151500000-151834684	chr5	151500000	2	0.403342	0.298789	0
chr6:0-500000	chr6	0	0	nan	1	0
chr6:500000-1000000	chr6	500000	0	nan	1	0
chr6:1000000-1500000	chr6	1000000	0	nan	1	0
chr6:1500000-2000000	chr6	1500000	0	nan	1	0
chr6:2000000-2500000	chr6	2000000	0	nan	1	0
chr6:2500000-3000000	chr6	2500000	0	nan	1	0
chr6:3000000-3500000	chr6	3000000	4	0.406958	0.1	0
chr6:3500000-4000000	chr6	3500000	6	0.386904	0	1
chr6:4000000-4500000	chr6	4000000	3	0.3907	0	0
chr6:4500000-5000000	chr6	4500000	6	0.4082	0	3
chr6:5000000-5500000	chr6	5000000	5	0.417928	0	2
chr6:5500000-6000000	chr6	5500000	2	0.414038	0	1
chr6:6000000-6500000	chr6	6000000	2	0.41918	0	2
chr6:6500000-7000000	chr6	6500000	6	0.40816	0	9
chr6:7000000-7500000	chr6	7000000	1	0.40183	0	0
chr6:7500000-8000000	chr6	7500000	5	0.411318	0	3
chr6:8000000-8500000	chr6	8000000	4	0.397532	0	2
chr6:8500000-9000000	chr6	8500000	4	0.408042	0	4
chr6:9000000-9500000	chr6	9000000	0	0.37684	0	0
chr6:9500000-10000000	chr6	9500000	0	0.371782	0	0
chr6:10000000-10500000	chr6	10000000	0	0.36812	0	0
chr6:10500000-11000000	chr6	10500000	1	0.376	0	0
chr6:11000000-11500000	chr6	11000000	0	0.378986	0	0
chr6:11500000-12000000	chr6	11500000	2	0.386006	0	2
chr6:12000000-12500000	chr6	12000000	1	0.382422	0	0
chr6:12500000-13000000	chr6	12500000	1	0.377034	0	1
chr6:13000000-13500000	chr6	13000000	3	0.39141	0	1
chr6:13500000-14000000	chr6	13500000	5	0.389804	0	3
chr6:14000000-14500000	chr6	14000000	0	0.373918	0	0
chr6:14500000-15000000	chr6	14500000	2	0.378272	0	1
chr6:15000000-15500000	chr6	15000000	0	0.365774	0	0
chr6:15500000-16000000	chr6	15500000	1	0.386536	0	1
chr6:16000000-16500000	chr6	16000000	1	0.377632	0	0
chr6:16500000-17000000	chr6	16500000	2	0.377586	0	0
chr6:17000000-17500000	chr6	17000000	7	0.407958	0	2
chr6:17500000-18000000	chr6	17500000	2	0.412542	0	3
chr6:18000000-18500000	chr6	18000000	3	0.390152	0	1
chr6:18500000-19000000	chr6	18500000	3	0.390442	0	3
chr6:19000000-19500000	chr6	19000000	1	0.375788	0	0
chr6:19500000-20000000	chr6	19500000	1	0.368994	0	0
chr6:20000000-20500000	chr6	20000000	0	0.363982	0	0
chr6:20500000-21000000	chr6	20500000	0	0.369886	0	0
chr6:21000000-21500000	chr6	21000000	1	0.36956	0	1
chr6:21500000-22000000	chr6	21500000	3	0.38843	0	2
chr6:22000000-22500000	chr6	22000000	3	0.413266	0	1
chr6:22500000-23000000	chr6	22500000	1	0.39536	0	1
chr6:23000000-23500000	chr6	23000000	3	0.401248	0	4
chr6:23500000-24000000	chr6	23500000	4	0.395042	0	1
chr6:24000000-24500000	chr6	24000000	1	0.392964	0	0
chr6:24500000-25000000	chr6	24500000	10	0.39544	0	3
chr6:25000000-25500000	chr6	25000000	0	0.378596	0	0
chr6:25500000-26000000	chr6	25500000	3	0.375986	0	1
chr6:26000000-26500000	chr6	26000000	0	0.368218	0	0
chr6:26500000-27000000	chr6	26500000	0	0.367258	0	0
chr6:27000000-27500000	chr6	27000000	0	0.371808	0	0
chr6:27500000-28000000	chr6	27500000	1	0.384856	0	0
chr6:28000000-28500000	chr6	28000000	8	0.416316	0	7
chr6:28500000-29000000	chr6	28500000	1	0.441334	0	2
chr6:29000000-29500000	chr6	29000000	14	0.469464	0	13
chr6:29500000-30000000	chr6	29500000	8	0.436818	0	9
chr6:30000000-30500000	chr6	30000000	11	0.448372	0	7
chr6:30500000-31000000	chr6	30500000	12	0.428609	0.1	4
chr6:31000000-31500000	chr6	31000000	6	0.435924	0	5
chr6:31500000-32000000	chr6	31500000	3	0.45131	0	2
chr6:32000000-32500000	chr6	32000000	1	0.44983	0	0
chr6:32500000-33000000	chr6	32500000	2	0.427448	0	1
chr6:33000000-33500000	chr6	33000000	2	0.404276	0	1
chr6:33500000-34000000	chr6	33500000	1	0.404614	0	0
chr6:34000000-34500000	chr6	34000000	8	0.444508	0	2
chr6:34500000-35000000	chr6	34500000	8	0.437882	0	4
chr6:35000000-35500000	chr6	35000000	6	0.428786	0	3
chr6:35500000-36000000	chr6	35500000	1	0.39795	0	1
chr6:36000000-36500000	chr6	36000000	3	0.38543	0	1
chr6:36500000-37000000	chr6	36500000	1	0.397962	0	0
chr6:37000000-37500000	chr6	37000000	3	0.436324	0	2
chr6:37500000-38000000	chr6	37500000	2	0.415626	0	2
chr6:38000000-38500000	chr6	38000000	8	0.44414	0	4
chr6:38500000-39000000	chr6	38500000	7	0.441274	0	6
chr6:39000000-39500000	chr6	39000000	8	0.448572	0	5
chr6:39500000-40000000	chr6	39500000	7	0.4268	0	6
chr6:40000000-40500000	chr6	40000000	6	0.425752	0	3
chr6:40500000-41000000	chr6	40500000	11	0.39452	0	0
chr6:41000000-41500000	chr6	41000000	8	0.395558	0	0
chr6:41500000-42000000	chr6	41500000	11	0.400986	0	1
chr6:42000000-42500000	chr6	42000000	17	0.416526	0	4
chr6:42500000-43000000	chr6	42500000	13	0.396272	0	0
chr6:43000000-43500000	chr6	43000000	11	0.396726	0	1
chr6:43500000-44000000	chr6	43500000	1	0.394328	0	0
chr6:44000000-44500000	chr6	44000000	1	0.370732	0	0
chr6:44500000-45000000	chr6	44500000	0	0.370158	0	0
chr6:45000000-45500000	chr6	45000000	1	0.357806	0	0
chr6:45500000-46000000	chr6	45500000	0	0.365626	0	0
chr6:46000000-46500000	chr6	46000000	0	0.378018	0	0
chr6:46500000-47000000	chr6	46500000	0	0.387224	0	0
chr6:47000000-47500000	chr6	47000000	1	0.41318	0	2
chr6:47500000-48000000	chr6	47500000	11	0.448738	0.1	26
chr6:48000000-48500000	chr6	48000000	6	0.45512	0	7
chr6:48500000-49000000	chr6	48500000	25	0.457056	0	8
chr6:49000000-49500000	chr6	49000000	7	0.42766	0	7
chr6:49500000-50000000	chr6	49500000	1	0.431028	0	1
chr6:50000000-50500000	chr6	50000000	3	0.434646	0	3
chr6:50500000-51000000	chr6	50500000	7	0.439394	0	4
chr6:51000000-51500000	chr6	51000000	5	0.443534	0	6
chr6:51500000-52000000	chr6	51500000	1	0.43259	0	3
chr6:52000000-52500000	chr6	52000000	27	0.450342	0	28
chr6:52500000-53000000	chr6	52500000	2	0.42524	0	2
chr6:53000000-53500000	chr6	53000000	3	0.432044	0	1
chr6:53500000-54000000	chr6	53500000	3	0.438292	0	1
chr6:54000000-54500000	chr6	54000000	4	0.449468	0	4
chr6:54500000-55000000	chr6	54500000	7	0.443772	0	7
chr6:55000000-55500000	chr6	55000000	8	0.47987	0	3
chr6:55500000-56000000	chr6	55500000	3	0.40977	0	1
chr6:56000000-56500000	chr6	56000000	2	0.405894	0	0
chr6:56500000-57000000	chr6	56500000	7	0.411392	0	7
chr6:57000000-57500000	chr6	57000000	15	0.388112	0	0
chr6:57500000-58000000	chr6	57500000	10	0.393968	0	3
chr6:58000000-58500000	chr6	58000000	6	0.390362	0	0
chr6:58500000-59000000	chr6	58500000	3	0.40392	0	3
chr6:59000000-59500000	chr6	59000000	3	0.394414	0	2
chr6:59500000-60000000	chr6	59500000	0	0.37873	0	0
chr6:60000000-60500000	chr6	60000000	2	0.37214	0	0
chr6:60500000-61000000	chr6	60500000	3	0.385792	0	0
chr6:61000000-61500000	chr6	61000000	2	0.38598	0	1
chr6:61500000-62000000	chr6	61500000	0	0.368142	0	0
chr6:62000000-62500000	chr6	62000000	0	0.362174	0	0
chr6:62500000-63000000	chr6	62500000	0	0.37134	0	0
chr6:63000000-63500000	chr6	63000000	1	0.369846	0	1
chr6:63500000-64000000	chr6	63500000	0	0.363568	0	0
chr6:64000000-64500000	chr6	64000000	0	0.380614	0	0
chr6:64500000-65000000	chr6	64500000	1	0.40489	0	2
chr6:65000000-65500000	chr6	65000000	3	0.40403	0	2
chr6:65500000-66000000	chr6	65500000	4	0.394956	0	2
chr6:66000000-66500000	chr6	66000000	1	0.38828	0	0
chr6:66500000-67000000	chr6	66500000	10	0.402634	0	2
chr6:67000000-67500000	chr6	67000000	5	0.415392	0	3
chr6:67500000-68000000	chr6	67500000	2	0.393732	0	1
chr6:68000000-68500000	chr6	68000000	0	0.389218	0	0
chr6:68500000-69000000	chr6	68500000	0	0.383662	0	0
chr6:69000000-69500000	chr6	69000000	1	0.375538	0	0
chr6:69500000-70000000	chr6	69500000	0	0.377274	0	0
chr6:70000000-70500000	chr6	70000000	0	0.40135	0	0
chr6:70500000-71000000	chr6	70500000	4	0.423878	0	3
chr6:71000000-71500000	chr6	71000000	10	0.43987	0	5
chr6:71500000-72000000	chr6	71500000	7	0.43201	0	6
chr6:72000000-72500000	chr6	72000000	14	0.46601	0	9
chr6:72500000-73000000	chr6	72500000	10	0.46865	0	4
chr6:73000000-73500000	chr6	73000000	4	0.43756	0	1
chr6:73500000-74000000	chr6	73500000	1	0.393506	0	0
chr6:74000000-74500000	chr6	74000000	0	0.37102	0	0
chr6:74500000-75000000	chr6	74500000	0	0.365188	0	0
chr6:75000000-75500000	chr6	75000000	0	0.367476	0	0
chr6:75500000-76000000	chr6	75500000	0	0.365784	0	0
chr6:76000000-76500000	chr6	76000000	0	0.371456	0	1
chr6:76500000-77000000	chr6	76500000	0	0.379392	0	0
chr6:77000000-77500000	chr6	77000000	2	0.394274	0	2
chr6:77500000-78000000	chr6	77500000	1	0.390586	0	1
chr6:78000000-78500000	chr6	78000000	6	0.391318	0	1
chr6:78500000-79000000	chr6	78500000	0	0.380478	0	0
chr6:79000000-79500000	chr6	79000000	1	0.372714	0	0
chr6:79500000-80000000	chr6	79500000	1	0.37446	0	0
chr6:80000000-80500000	chr6	80000000	1	0.37433	0	0
chr6:80500000-81000000	chr6	80500000	0	0.377856	0	0
chr6:81000000-81500000	chr6	81000000	0	0.392144	0	0
chr6:81500000-82000000	chr6	81500000	6	0.421946	0	2
chr6:82000000-82500000	chr6	82000000	2	0.43208	0	2
chr6:82500000-83000000	chr6	82500000	5	0.450306	0	3
chr6:83000000-83500000	chr6	83000000	25	0.488266	0	23
chr6:83500000-84000000	chr6	83500000	17	0.445848	0	12
chr6:84000000-84500000	chr6	84000000	2	0.479572	0	4
chr6:84500000-85000000	chr6	84500000	1	0.420518	0	3
chr6:85000000-85500000	chr6	85000000	12	0.472872	0	14
chr6:85500000-86000000	chr6	85500000	15	0.432246	0	6
chr6:86000000-86500000	chr6	86000000	11	0.464432	0	9
chr6:86500000-87000000	chr6	86500000	9	0.455502	0	5
chr6:87000000-87500000	chr6	87000000	8	0.458354	0	3
chr6:87500000-88000000	chr6	87500000	13	0.456918	0	8
chr6:88000000-88500000	chr6	88000000	7	0.476976	0	9
chr6:88500000-89000000	chr6	88500000	8	0.476346	0	8
chr6:89000000-89500000	chr6	89000000	5	0.481148	0	2
chr6:89500000-90000000	chr6	89500000	9	0.425004	0	3
chr6:90000000-90500000	chr6	90000000	15	0.438576	0	5
chr6:90500000-91000000	chr6	90500000	4	0.483916	0	6
chr6:91000000-91500000	chr6	91000000	8	0.490954	0	8
chr6:91500000-92000000	chr6	91500000	7	0.48386	0	5
chr6:92000000-92500000	chr6	92000000	4	0.444504	0	3
chr6:92500000-93000000	chr6	92500000	5	0.425966	0	2
chr6:93000000-93500000	chr6	93000000	0	0.411716	0	0
chr6:93500000-94000000	chr6	93500000	0	0.423204	0	1
chr6:94000000-94500000	chr6	94000000	2	0.431788	0	1
chr6:94500000-95000000	chr6	94500000	4	0.443568	0	2
chr6:95000000-95500000	chr6	95000000	3	0.414182	0	1
chr6:95500000-96000000	chr6	95500000	1	0.418194	0	1
chr6:96000000-96500000	chr6	96000000	2	0.397752	0	0
chr6:96500000-97000000	chr6	96500000	0	0.402782	0	0
chr6:97000000-97500000	chr6	97000000	6	0.436346	0	5
chr6:97500000-98000000	chr6	97500000	2	0.428996	0	1
chr6:98000000-98500000	chr6	98000000	1	0.399886	0	0
chr6:98500000-99000000	chr6	98500000	0	0.416252	0	0
chr6:99000000-99500000	chr6	99000000	1	0.44315	0	1
chr6:99500000-100000000	chr6	99500000	4	0.46065	0	5
chr6:100000000-100500000	chr6	100000000	1	0.47318	0	1
chr6:100500000-101000000	chr6	100500000	4	0.44881	0	4
chr6:101000000-101500000	chr6	101000000	2	0.434966	0	1
chr6:101500000-102000000	chr6	101500000	1	0.393096	0	0
chr6:102000000-102500000	chr6	102000000	2	0.38306	0	0
chr6:102500000-103000000	chr6	102500000	1	0.383322	0	1
chr6:103000000-103500000	chr6	103000000	0	0.381152	0	0
chr6:103500000-104000000	chr6	103500000	2	0.380994	0	1
chr6:104000000-104500000	chr6	104000000	1	0.372862	0	0
chr6:104500000-105000000	chr6	104500000	0	0.368512	0	0
chr6:105000000-105500000	chr6	105000000	1	0.37424	0	0
chr6:105500000-106000000	chr6	105500000	2	0.374072	0	0
chr6:106000000-106500000	chr6	106000000	0	0.375856	0	0
chr6:106500000-107000000	chr6	106500000	3	0.39637	0	2
chr6:107000000-107500000	chr6	107000000	0	0.392292	0	0
chr6:107500000-108000000	chr6	107500000	1	0.400154	0	1
chr6:108000000-108500000	chr6	108000000	5	0.4312	0	2
chr6:108500000-109000000	chr6	108500000	4	0.436006	0	4
chr6:109000000-109500000	chr6	109000000	0	0.391722	0	0
chr6:109500000-110000000	chr6	109500000	0	0.376112	0	0
chr6:110000000-110500000	chr6	110000000	0	0.371134	0	0
chr6:110500000-111000000	chr6	110500000	1	0.374478	0	1
chr6:111000000-111500000	chr6	111000000	0	0.386298	0	0
chr6:111500000-112000000	chr6	111500000	0	0.40175	0	0
chr6:112000000-112500000	chr6	112000000	6	0.439136	0	1
chr6:112500000-113000000	chr6	112500000	2	0.450864	0	2
chr6:113000000-113500000	chr6	113000000	19	0.457738	0	16
chr6:113500000-114000000	chr6	113500000	11	0.482144	0	10
chr6:114000000-114500000	chr6	114000000	5	0.486656	0	4
chr6:114500000-115000000	chr6	114500000	2	0.502108	0	4
chr6:115000000-115500000	chr6	115000000	5	0.423488	0	3
chr6:115500000-116000000	chr6	115500000	16	0.481222	0	7
chr6:116000000-116500000	chr6	116000000	7	0.419832	0	5
chr6:116500000-117000000	chr6	116500000	9	0.43106	0	4
chr6:117000000-117500000	chr6	117000000	2	0.439344	0	1
chr6:117500000-118000000	chr6	117500000	7	0.452194	0	5
chr6:118000000-118500000	chr6	118000000	9	0.453878	0	6
chr6:118500000-119000000	chr6	118500000	2	0.45902	0	2
chr6:119000000-119500000	chr6	119000000	6	0.464962	0	6
chr6:119500000-120000000	chr6	119500000	4	0.41445	0	3
chr6:120000000-120500000	chr6	120000000	8	0.442572	0	5
chr6:120500000-121000000	chr6	120500000	8	0.458101	6e-06	5
chr6:121000000-121500000	chr6	121000000	9	0.478412	0	5
chr6:121500000-122000000	chr6	121500000	2	0.409152	0	0
chr6:122000000-122500000	chr6	122000000	9	0.420552	0	2
chr6:122500000-123000000	chr6	122500000	14	0.443428	0	5
chr6:123000000-123500000	chr6	123000000	8	0.39181	0	0
chr6:123500000-124000000	chr6	123500000	5	0.388028	0	0
chr6:124000000-124500000	chr6	124000000	9	0.413216	0	1
chr6:124500000-125000000	chr6	124500000	28	0.477232	0	15
chr6:125000000-125500000	chr6	125000000	26	0.48802	0	14
chr6:125500000-126000000	chr6	125500000	2	0.456064	0	0
chr6:126000000-126500000	chr6	126000000	2	0.438412	0	2
chr6:126500000-127000000	chr6	126500000	8	0.460248	0	4
chr6:127000000-127500000	chr6	127000000	7	0.461768	0	5
chr6:127500000-128000000	chr6	127500000	5	0.478838	0	3
chr6:128000000-128500000	chr6	128000000	11	0.480338	0	8
chr6:128500000-129000000	chr6	128500000	13	0.422326	0	5
chr6:129000000-129500000	chr6	129000000	14	0.397332	0	0
chr6:129500000-130000000	chr6	129500000	16	0.389674	0	1
chr6:130000000-130500000	chr6	130000000	17	0.372738	0	0
chr6:130500000-131000000	chr6	130500000	1	0.376252	0	0
chr6:131000000-131500000	chr6	131000000	5	0.396452	0	3
chr6:131500000-132000000	chr6	131500000	7	0.386458	0	0
chr6:132000000-132500000	chr6	132000000	4	0.377174	0	0
chr6:132500000-133000000	chr6	132500000	19	0.372318	0	0
chr6:133000000-133500000	chr6	133000000	4	0.375756	0	1
chr6:133500000-134000000	chr6	133500000	3	0.397254	0	0
chr6:134000000-134500000	chr6	134000000	5	0.446366	0	1
chr6:134500000-135000000	chr6	134500000	11	0.438286	0	11
chr6:135000000-135500000	chr6	135000000	10	0.459684	0	3
chr6:135500000-136000000	chr6	135500000	1	0.433478	0	1
chr6:136000000-136500000	chr6	136000000	4	0.440916	0	5
chr6:136500000-137000000	chr6	136500000	13	0.44183	0	6
chr6:137000000-137500000	chr6	137000000	2	0.433278	0	3
chr6:137500000-138000000	chr6	137500000	3	0.435028	0	3
chr6:138000000-138500000	chr6	138000000	4	0.407146	0	0
chr6:138500000-139000000	chr6	138500000	3	0.38244	0	0
chr6:139000000-139500000	chr6	139000000	1	0.380128	0	0
chr6:139500000-140000000	chr6	139500000	2	0.402196	0.1	0
chr6:140000000-140500000	chr6	140000000	3	0.431806	0	1
chr6:140500000-141000000	chr6	140500000	1	0.436806	0	1
chr6:141000000-141500000	chr6	141000000	2	0.411852	0	1
chr6:141500000-142000000	chr6	141500000	5	0.38797	0	0
chr6:142000000-142500000	chr6	142000000	9	0.409978	0	3
chr6:142500000-143000000	chr6	142500000	8	0.439886	0	4
chr6:143000000-143500000	chr6	143000000	4	0.436466	0	2
chr6:143500000-144000000	chr6	143500000	2	0.42269	0	1
chr6:144000000-144500000	chr6	144000000	1	0.421722	0	0
chr6:144500000-145000000	chr6	144500000	1	0.44231	0	1
chr6:145000000-145500000	chr6	145000000	9	0.455174	0	6
chr6:145500000-146000000	chr6	145500000	4	0.456912	0	3
chr6:146000000-146500000	chr6	146000000	0	0.447551	0.1	0
chr6:146500000-147000000	chr6	146500000	12	0.438354	0	8
chr6:147000000-147500000	chr6	147000000	8	0.434872	0	4
chr6:147500000-148000000	chr6	147500000	1	0.427754	0	0
chr6:148000000-148500000	chr6	148000000	5	0.42385	0	4
chr6:148500000-149000000	chr6	148500000	6	0.414316	0	3
chr6:149000000-149500000	chr6	149000000	5	0.40249	0	4
chr6:149500000-149736546	chr6	149500000	1	nan	0.634126	0
chr7:0-500000	chr7	0	0	nan	1	0
chr7:500000-1000000	chr7	500000	0	nan	1	0
chr7:1000000-1500000	chr7	1000000	0	nan	1	0
chr7:1500000-2000000	chr7	1500000	0	nan	1	0
chr7:2000000-2500000	chr7	2000000	0	nan	1	0
chr7:2500000-3000000	chr7	2500000	0	nan	1	0
chr7:3000000-3500000	chr7	3000000	20	0.448933	0.02091	6
chr7:3500000-4000000	chr7	3500000	22	0.439769	0.1	7
chr7:4000000-4500000	chr7	4000000	13	0.437282	0	4
chr7:4500000-5000000	chr7	4500000	30	0.484112	0	16
chr7:5000000-5500000	chr7	5000000	19	0.42417	0	14
chr7:5500000-6000000	chr7	5500000	7	0.398258	0	0
chr7:6000000-6500000	chr7	6000000	17	0.442614	0	8
chr7:6500000-7000000	chr7	6500000	11	0.436518	0	4
chr7:7000000-7500000	chr7	7000000	10	0.405554	0	4
chr7:7500000-8000000	chr7	7500000	4	0.38245	0	0
chr7:8000000-8500000	chr7	8000000	6	0.38197	0	0
chr7:8500000-9000000	chr7	8500000	3	0.3817	0	0
chr7:9000000-9500000	chr7	9000000	3	0.38244	0	0
chr7:9500000-10000000	chr7	9500000	3	0.383293	0.1	0
chr7:10000000-10500000	chr7	10000000	6	0.382532	0	1
chr7:10500000-11000000	chr7	10500000	7	0.397344	0	0
chr7:11000000-11500000	chr7	11000000	3	0.420658	0	0
chr7:11500000-12000000	chr7	11500000	5	0.397358	0	0
chr7:12000000-12500000	chr7	12000000	11	0.39169	0	1
chr7:12500000-13000000	chr7	12500000	16	0.426796	0	10
chr7:13000000-13500000	chr7	13000000	15	0.427306	0	10
chr7:13500000-14000000	chr7	13500000	5	0.392154	0	0
chr7:14000000-14500000	chr7	14000000	4	0.390262	0	0
chr7:14500000-15000000	chr7	14500000	3	0.415286	0	1
chr7:15000000-15500000	chr7	15000000	1	0.415714	0	0
chr7:15500000-16000000	chr7	15500000	11	0.436052	0	3
chr7:16000000-16500000	chr7	16000000	15	0.488846	0	25
chr7:16500000-17000000	chr7	16500000	20	0.477464	0	18
chr7:17000000-17500000	chr7	17000000	5	0.42241	0	3
chr7:17500000-18000000	chr7	17500000	5	0.403284	0	0
chr7:18000000-18500000	chr7	18000000	7	0.419766	0	2
chr7:18500000-19000000	chr7	18500000	15	0.4537	0	8
chr7:19000000-19500000	chr7	19000000	32	0.512704	0	39
chr7:19500000-20000000	chr7	19500000	26	0.503204	0	21
chr7:20000000-20500000	chr7	20000000	20	0.4098	0	0
chr7:20500000-21000000	chr7	20500000	22	0.408192	0	0
chr7:21000000-21500000	chr7	21000000	11	0.409884	0	0
chr7:21500000-22000000	chr7	21500000	12	0.410269	0.1	0
chr7:22000000-22500000	chr7	22000000	9	0.40939	0	0
chr7:22500000-23000000	chr7	22500000	7	0.409874	0	0
chr7:23000000-23500000	chr7	23000000	4	0.409698	0	0
chr7:23500000-24000000	chr7	23500000	15	0.396282	0	0
chr7:24000000-24500000	chr7	24000000	20	0.464718	0	9
chr7:24500000-25000000	chr7	24500000	26	0.494482	0	16
chr7:25000000-25500000	chr7	25000000	22	0.506072	0	26
chr7:25500000-26000000	chr7	25500000	14	0.462362	0	9
chr7:26000000-26500000	chr7	26000000	6	0.409128	0	0
chr7:26500000-27000000	chr7	26500000	7	0.41404	0	0
chr7:27000000-27500000	chr7	27000000	20	0.478678	0	25
chr7:27500000-28000000	chr7	27500000	14	0.45445	0	10
chr7:28000000-28500000	chr7	28000000	23	0.48646	0	21
chr7:28500000-29000000	chr7	28500000	25	0.495164	0	13
chr7:29000000-29500000	chr7	29000000	15	0.504998	0	19
chr7:29500000-30000000	chr7	29500000	13	0.44415	0	7
chr7:30000000-30500000	chr7	30000000	27	0.47822	0	20
chr7:30500000-31000000	chr7	30500000	35	0.496872	0	14
chr7:31000000-31500000	chr7	31000000	15	0.448254	0	6
chr7:31500000-32000000	chr7	31500000	3	0.40469	0	0
chr7:32000000-32500000	chr7	32000000	5	0.40552	0	0
chr7:32500000-33000000	chr7	32500000	1	0.408236	0	0
chr7:33000000-33500000	chr7	33000000	8	0.406178	0	0
chr7:33500000-34000000	chr7	33500000	6	0.41321	0	0
chr7:34000000-34500000	chr7	34000000	11	0.445666	0	7
chr7:34500000-35000000	chr7	34500000	4	0.482602	0	4
chr7:35000000-35500000	chr7	35000000	10	0.480764	0	8
chr7:35500000-36000000	chr7	35500000	8	0.46197	0	7
chr7:36000000-36500000	chr7	36000000	0	0.446828	0	0
chr7:36500000-37000000	chr7	36500000	1	0.454148	0	2
chr7:37000000-37500000	chr7	37000000	0	0.453696	0	1
chr7:37500000-38000000	chr7	37500000	2	0.45659	0	5
chr7:38000000-38500000	chr7	38000000	7	0.442916	0	9
chr7:38500000-39000000	chr7	38500000	3	0.413484	0.1	0
chr7:39000000-39500000	chr7	39000000	3	0.414992	0.2	0
chr7:39500000-40000000	chr7	39500000	2	0.420376	0	4
chr7:40000000-40500000	chr7	40000000	0	0.418374	0	0
chr7:40500000-41000000	chr7	40500000	4	0.432724	0	2
chr7:41000000-41500000	chr7	41000000	7	0.406612	0	0
chr7:41500000-42000000	chr7	41500000	4	0.390624	0	1
chr7:42000000-42500000	chr7	42000000	5	0.386898	0	0
chr7:42500000-43000000	chr7	42500000	7	0.407446	0	1
chr7:43000000-43500000	chr7	43000000	16	0.428732	0	4
chr7:43500000-44000000	chr7	43500000	27	0.465392	0	5
chr7:44000000-44500000	chr7	44000000	30	0.488086	0	11
chr7:44500000-45000000	chr7	44500000	30	0.507484	0	25
chr7:45000000-45500000	chr7	45000000	46	0.509422	0	34
chr7:45500000-46000000	chr7	45500000	33	0.506838	0	24
chr7:46000000-46500000	chr7	46000000	9	0.502402	0	7
chr7:46500000-47000000	chr7	46500000	15	0.456886	4e-05	6
chr7:47000000-47500000	chr7	47000000	10	0.429286	0	3
chr7:47500000-48000000	chr7	47500000	2	0.402946	0	0
chr7:48000000-48500000	chr7	48000000	6	0.396472	0	0
chr7:48500000-49000000	chr7	48500000	7	0.423066	0	2
chr7:49000000-49500000	chr7	49000000	1	0.477432	0	1
chr7:49500000-50000000	chr7	49500000	5	0.459346	0	6
chr7:50000000-50500000	chr7	50000000	0	0.414592	0	0
chr7:50500000-51000000	chr7	50500000	2	0.400926	0	0
chr7:51000000-51500000	chr7	51000000	0	0.403316	0	0
chr7:51500000-52000000	chr7	51500000	4	0.400176	0	2
chr7:52000000-52500000	chr7	52000000	2	0.387958	0	1
chr7:52500000-53000000	chr7	52500000	0	0.378974	0	0
chr7:53000000-53500000	chr7	53000000	0	0.378238	0	0
chr7:53500000-54000000	chr7	53500000	1	0.379936	0	0
chr7:54000000-54500000	chr7	54000000	0	0.377976	0	0
chr7:54500000-55000000	chr7	54500000	1	0.379876	0	0
chr7:55000000-55500000	chr7	55000000	0	0.377842	0	0
chr7:55500000-56000000	chr7	55500000	5	0.4098	0	3
chr7:56000000-56500000	chr7	56000000	4	0.408568	0	2
chr7:56500000-57000000	chr7	56500000	0	0.402594	0	0
chr7:57000000-57500000	chr7	57000000	2	0.406928	0	1
chr7:57500000-58000000	chr7	57500000	3	0.396072	0	2
chr7:58000000-58500000	chr7	58000000	0	0.396868	0	0
chr7:58500000-59000000	chr7	58500000	1	0.408332	0	1
chr7:59000000-59500000	chr7	59000000	4	0.396982	0	1
chr7:59500000-60000000	chr7	59500000	5	0.430869	0.1	0
chr7:60000000-60500000	chr7	60000000	3	0.377668	0	0
chr7:60500000-61000000	chr7	60500000	1	0.377332	0	0
chr7:61000000-61500000	chr7	61000000	1	0.3686	0	0
chr7:61500000-62000000	chr7	61500000	14	0.378382	0	0
chr7:62000000-62500000	chr7	62000000	7	0.381844	0	4
chr7:62500000-63000000	chr7	62500000	0	0.395106	0	0
chr7:63000000-63500000	chr7	63000000	3	0.409004	0	2
chr7:63500000-64000000	chr7	63500000	4	0.44897	0	4
chr7:64000000-64500000	chr7	64000000	7	0.445794	0	4
chr7:64500000-65000000	chr7	64500000	2	0.453852	0	2
chr7:65000000-65500000	chr7	65000000	3	0.437548	0	3
chr7:65500000-66000000	chr7	65500000	6	0.452346	0	4
chr7:66000000-66500000	chr7	66000000	6	0.464348	0	5
chr7:66500000-67000000	chr7	66500000	4	0.447574	0	2
chr7:67000000-67500000	chr7	67000000	3	0.437198	0	1
chr7:67500000-68000000	chr7	67500000	5	0.44874	0	5
chr7:68000000-68500000	chr7	68000000	5	0.456104	0	1
chr7:68500000-69000000	chr7	68500000	2	0.41833	0	1
chr7:69000000-69500000	chr7	69000000	1	0.385348	0	0
chr7:69500000-70000000	chr7	69500000	0	0.38947	0	0
chr7:70000000-70500000	chr7	70000000	3	0.416826	0	6
chr7:70500000-71000000	chr7	70500000	0	0.406806	0	0
chr7:71000000-71500000	chr7	71000000	0	0.398794	0	0
chr7:71500000-72000000	chr7	71500000	3	0.39806	0	1
chr7:72000000-72500000	chr7	72000000	1	0.399498	0	1
chr7:72500000-73000000	chr7	72500000	1	0.411656	0	0
chr7:73000000-73500000	chr7	73000000	5	0.449092	0	3
chr7:73500000-74000000	chr7	73500000	7	0.443124	0	4
chr7:74000000-74500000	chr7	74000000	1	0.44007	0	1
chr7:74500000-75000000	chr7	74500000	1	0.413222	0	2
chr7:75000000-75500000	chr7	75000000	4	0.41981	0	2
chr7:75500000-76000000	chr7	75500000	2	0.43352	0	2
chr7:76000000-76500000	chr7	76000000	1	0.4084	0	0
chr7:76500000-77000000	chr7	76500000	0	0.383948	0	0
chr7:77000000-77500000	chr7	77000000	0	0.382998	0	0
chr7:77500000-78000000	chr7	77500000	0	0.384846	0	0
chr7:78000000-78500000	chr7	78000000	0	0.41666	0	0
chr7:78500000-79000000	chr7	78500000	8	0.463606	0	7
chr7:79000000-79500000	chr7	79000000	9	0.47063	0	9
chr7:79500000-80000000	chr7	79500000	14	0.479348	0	14
chr7:80000000-80500000	chr7	80000000	17	0.484136	0	18
chr7:80500000-81000000	chr7	80500000	9	0.456708	0	10
chr7:81000000-81500000	chr7	81000000	7	0.455994	0	4
chr7:81500000-82000000	chr7	81500000	12	0.441736	0	7
chr7:82000000-82500000	chr7	82000000	3	0.444208	0.002752	2
chr7:82500000-83000000	chr7	82500000	5	0.429998	0	2
chr7:83000000-83500000	chr7	83000000	1	0.416318	0	0
chr7:83500000-84000000	chr7	83500000	7	0.44514	0	3
chr7:84000000-84500000	chr7	84000000	5	0.443348	0	3
chr7:84500000-85000000	chr7	84500000	7	0.403998	0	3
chr7:85000000-85500000	chr7	85000000	4	0.372822	0	0
chr7:85500000-86000000	chr7	85500000	5	0.36518	0	0
chr7:86000000-86500000	chr7	86000000	12	0.363582	0	0
chr7:86500000-87000000	chr7	86500000	9	0.372506	0	0
chr7:87000000-87500000	chr7	87000000	2	0.366966	0	1
chr7:87500000-88000000	chr7	87500000	1	0.371224	0	0
chr7:88000000-88500000	chr7	88000000	2	0.379188	0	2
chr7:88500000-89000000	chr7	88500000	0	0.3822	0	0
chr7:89000000-89500000	chr7	89000000	3	0.405388	0	3
chr7:89500000-90000000	chr7	89500000	5	0.422672	0	4
chr7:90000000-90500000	chr7	90000000	9	0.41393	0	4
chr7:90500000-91000000	chr7	90500000	0	0.378016	0	0
chr7:91000000-91500000	chr7	91000000	1	0.377066	0	0
chr7:91500000-92000000	chr7	91500000	0	0.375372	0	0
chr7:92000000-92500000	chr7	92000000	1	0.40168	0	0
chr7:92500000-93000000	chr7	92500000	7	0.411004	0	7
chr7:93000000-93500000	chr7	93000000	2	0.394618	0	1
chr7:93500000-94000000	chr7	93500000	0	0.366844	0	0
chr7:94000000-94500000	chr7	94000000	0	0.365292	0	0
chr7:94500000-95000000	chr7	94500000	0	0.372148	0	0
chr7:95000000-95500000	chr7	95000000	0	0.382018	0	0
chr7:95500000-96000000	chr7	95500000	0	0.406744	0	0
chr7:96000000-96500000	chr7	96000000	4	0.43698	0	2
chr7:96500000-97000000	chr7	96500000	2	0.455136	0	1
chr7:97000000-97500000	chr7	97000000	8	0.424764	0	4
chr7:97500000-98000000	chr7	97500000	8	0.412282	0	4
chr7:98000000-98500000	chr7	98000000	9	0.46908	0	8
chr7:98500000-99000000	chr7	98500000	4	0.46548	0	6
chr7:99000000-99500000	chr7	99000000	11	0.481694	0	8
chr7:99500000-100000000	chr7	99500000	11	0.4661	0	6
chr7:100000000-100500000	chr7	100000000	12	0.44302	0	8
chr7:100500000-101000000	chr7	100500000	10	0.454498	0	9
chr7:101000000-101500000	chr7	101000000	7	0.461414	0	7
chr7:101500000-102000000	chr7	101500000	13	0.456822	0	11
chr7:102000000-102500000	chr7	102000000	16	0.431438	0	10
chr7:102500000-103000000	chr7	102500000	30	0.400876	0	1
chr7:103000000-103500000	chr7	103000000	24	0.385502	0	0
chr7:103500000-104000000	chr7	103500000	34	0.377158	0	0
chr7:104000000-104500000	chr7	104000000	25	0.411788	0	0
chr7:104500000-105000000	chr7	104500000	24	0.391752	0	1
chr7:105000000-105500000	chr7	105000000	20	0.407866	0	4
chr7:105500000-106000000	chr7	105500000	16	0.436846	0.052252	9
chr7:106000000-106500000	chr7	106000000	4	0.393912	0.057748	0
chr7:106500000-107000000	chr7	106500000	19	0.38913	0	0
chr7:107000000-107500000	chr7	107000000	10	0.408442	0	2
chr7:107500000-108000000	chr7	107500000	13	0.42214	0	0
chr7:108000000-108500000	chr7	108000000	19	0.385542	0	0
chr7:108500000-109000000	chr7	108500000	17	0.406548	0	1
chr7:109000000-109500000	chr7	109000000	5	0.447134	0	5
chr7:109500000-110000000	chr7	109500000	12	0.444734	0	7
chr7:110000000-110500000	chr7	110000000	6	0.42096	0	4
chr7:110500000-111000000	chr7	110500000	7	0.441488	0	3
chr7:111000000-111500000	chr7	111000000	3	0.43837	0	4
chr7:111500000-112000000	chr7	111500000	1	0.450722	0	2
chr7:112000000-112500000	chr7	112000000	5	0.455654	0	4
chr7:112500000-113000000	chr7	112500000	3	0.459462	0	2
chr7:113000000-113500000	chr7	113000000	4	0.43901	0	2
chr7:113500000-114000000	chr7	113500000	3	0.430412	0	2
chr7:114000000-114500000	chr7	114000000	5	0.417798	0	4
chr7:114500000-115000000	chr7	114500000	5	0.415358	0	2
chr7:115000000-115500000	chr7	115000000	0	0.43259	0	0
chr7:115500000-116000000	chr7	115500000	0	0.399214	0	0
chr7:116000000-116500000	chr7	116000000	7	0.439682	0	7
chr7:116500000-117000000	chr7	116500000	1	0.432152	0	1
chr7:117000000-117500000	chr7	117000000	1	0.443484	0	1
chr7:117500000-118000000	chr7	117500000	0	0.447272	0	0
chr7:118000000-118500000	chr7	118000000	7	0.446256	0	5
chr7:118500000-119000000	chr7	118500000	10	0.468088	0	6
chr7:119000000-119500000	chr7	119000000	3	0.43906	0	1
chr7:119500000-120000000	chr7	119500000	12	0.422042	0	4
chr7:120000000-120500000	chr7	120000000	9	0.4106	0	1
chr7:120500000-121000000	chr7	120500000	10	0.44014	0	8
chr7:121000000-121500000	chr7	121000000	4	0.442992	0	2
chr7:121500000-122000000	chr7	121500000	6	0.452402	0	5
chr7:122000000-122500000	chr7	122000000	10	0.457702	0	6
chr7:122500000-123000000	chr7	122500000	3	0.444706	0	1
chr7:123000000-123500000	chr7	123000000	5	0.4499	0	4
chr7:123500000-124000000	chr7	123500000	2	0.424024	0	2
chr7:124000000-124500000	chr7	124000000	0	0.415478	0	0
chr7:124500000-125000000	chr7	124500000	1	0.42151	0	0
chr7:125000000-125500000	chr7	125000000	4	0.45715	0	3
chr7:125500000-126000000	chr7	125500000	4	0.484158	0	3
chr7:126000000-126500000	chr7	126000000	13	0.477606	0	9
chr7:126500000-127000000	chr7	126500000	30	0.480112	0	16
chr7:127000000-127500000	chr7	127000000	29	0.478406	0	26
chr7:127500000-128000000	chr7	127500000	29	0.475162	0	19
chr7:128000000-128500000	chr7	128000000	14	0.458244	0	6
chr7:128500000-129000000	chr7	128500000	4	0.438138	0	5
chr7:129000000-129500000	chr7	129000000	2	0.433234	0	1
chr7:129500000-130000000	chr7	129500000	2	0.442368	0	1
chr7:130000000-130500000	chr7	130000000	1	0.445772	0	1
chr7:130500000-131000000	chr7	130500000	8	0.465104	0	7
chr7:131000000-131500000	chr7	131000000	11	0.438453	2e-06	3
chr7:131500000-132000000	chr7	131500000	4	0.458084	0	6
chr7:132000000-132500000	chr7	132000000	3	0.469618	0	2
chr7:132500000-133000000	chr7	132500000	7	0.460582	0	8
chr7:133000000-133500000	chr7	133000000	2	0.457454	0	1
chr7:133500000-134000000	chr7	133500000	8	0.453446	0	3
chr7:134000000-134500000	chr7	134000000	2	0.43728	0	1
chr7:134500000-135000000	chr7	134500000	2	0.449092	0	2
chr7:135000000-135500000	chr7	135000000	4	0.44782	0	1
chr7:135500000-136000000	chr7	135500000	6	0.459014	0	2
chr7:136000000-136500000	chr7	136000000	4	0.443538	0	0
chr7:136500000-137000000	chr7	136500000	2	0.44731	0	1
chr7:137000000-137500000	chr7	137000000	5	0.465766	0	6
chr7:137500000-138000000	chr7	137500000	0	0.451038	0	0
chr7:138000000-138500000	chr7	138000000	1	0.454378	0	1
chr7:138500000-139000000	chr7	138500000	5	0.460762	0	4
chr7:139000000-139500000	chr7	139000000	5	0.492817	0.058	8
chr7:139500000-140000000	chr7	139500000	11	0.49328	0	8
chr7:140000000-140500000	chr7	140000000	23	0.44504	0	7
chr7:140500000-141000000	chr7	140500000	26	0.435536	0	5
chr7:141000000-141500000	chr7	141000000	35	0.499018	0	28
chr7:141500000-142000000	chr7	141500000	11	0.493147	0.0804	6
chr7:142000000-142500000	chr7	142000000	20	0.47917	0	5
chr7:142500000-143000000	chr7	142500000	11	0.467142	0	4
chr7:143000000-143500000	chr7	143000000	10	0.480666	0	10
chr7:143500000-144000000	chr7	143500000	15	0.478406	0	5
chr7:144000000-144500000	chr7	144000000	4	0.49321	0	2
chr7:144500000-145000000	chr7	144500000	8	0.49582	0	13
chr7:145000000-145441459	chr7	145000000	4	0.500458	0.226522	1
chr8:0-500000	chr8	0	0	nan	1	0
chr8:500000-1000000	chr8	500000	0	nan	1	0
chr8:1000000-1500000	chr8	1000000	0	nan	1	0
chr8:1500000-2000000	chr8	1500000	0	nan	1	0
chr8:2000000-2500000	chr8	2000000	0	nan	1	0
chr8:2500000-3000000	chr8	2500000	0	nan	1	0
chr8:3000000-3500000	chr8	3000000	5	0.443128	0	6
chr8:3500000-4000000	chr8	3500000	20	0.446206	0	10
chr8:4000000-4500000	chr8	4000000	13	0.444982	0	12
chr8:4500000-5000000	chr8	4500000	2	0.406588	0	2
chr8:5000000-5500000	chr8	5000000	1	0.380458	0	0
chr8:5500000-6000000	chr8	5500000	0	0.373014	0	0
chr8:6000000-6500000	chr8	6000000	0	0.364624	0	0
chr8:6500000-7000000	chr8	6500000	0	0.370426	0	0
chr8:7000000-7500000	chr8	7000000	1	0.371366	0	0
chr8:7500000-8000000	chr8	7500000	0	0.376738	0	0
chr8:8000000-8500000	chr8	8000000	0	0.412506	0	0
chr8:8500000-9000000	chr8	8500000	3	0.440992	0	2
chr8:9000000-9500000	chr8	9000000	2	0.421012	0	1
chr8:9500000-10000000	chr8	9500000	3	0.417728	0	4
chr8:10000000-10500000	chr8	10000000	2	0.432482	0	1
chr8:10500000-11000000	chr8	10500000	4	0.457564	0	1
chr8:11000000-11500000	chr8	11000000	7	0.47984	0	5
chr8:11500000-12000000	chr8	11500000	8	0.480122	0	7
chr8:12000000-12500000	chr8	12000000	2	0.477028	0	3
chr8:12500000-13000000	chr8	12500000	8	0.488228	0	3
chr8:13000000-13500000	chr8	13000000	18	0.489576	0	8
chr8:13500000-14000000	chr8	13500000	11	0.467076	0	7
chr8:14000000-14500000	chr8	14000000	2	0.448094	0	2
chr8:14500000-15000000	chr8	14500000	2	0.46446	0	4
chr8:15000000-15500000	chr8	15000000	3	0.441906	0	2
chr8:15500000-16000000	chr8	15500000	0	0.416574	0	0
chr8:16000000-16500000	chr8	16000000	1	0.411502	0	0
chr8:16500000-17000000	chr8	16500000	0	0.39872	0	0
chr8:17000000-17500000	chr8	17000000	0	0.394398	0	0
chr8:17500000-18000000	chr8	17500000	1	0.393836	0	1
chr8:18000000-18500000	chr8	18000000	0	0.412532	0	0
chr8:18500000-19000000	chr8	18500000	6	0.443168	0	3
chr8:19000000-19500000	chr8	19000000	16	0.408278	0	0
chr8:19500000-20000000	chr8	19500000	2	0.419637	0.2	3
chr8:20000000-20500000	chr8	20000000	3	0.414746	0.3	3
chr8:20500000-21000000	chr8	20500000	5	0.42463	0.2	2
chr8:21000000-21500000	chr8	21000000	18	0.398468	0	0
chr8:21500000-22000000	chr8	21500000	24	0.40976	0	0
chr8:22000000-22500000	chr8	22000000	13	0.433104	0	9
chr8:22500000-23000000	chr8	22500000	9	0.445252	0	7
chr8:23000000-23500000	chr8	23000000	8	0.463194	0	7
chr8:23500000-24000000	chr8	23500000	1	0.432108	0	1
chr8:24000000-24500000	chr8	24000000	1	0.4291	0	0
chr8:24500000-25000000	chr8	24500000	6	0.423972	0	0
chr8:25000000-25500000	chr8	25000000	8	0.461132	0	6
chr8:25500000-26000000	chr8	25500000	14	0.448438	0	10
chr8:26000000-26500000	chr8	26000000	5	0.426294	0	3
chr8:26500000-27000000	chr8	26500000	2	0.4525	0	2
chr8:27000000-27500000	chr8	27000000	14	0.453402	0	9
chr8:27500000-28000000	chr8	27500000	0	0.389718	0	0
chr8:28000000-28500000	chr8	28000000	1	0.389208	0	0
chr8:28500000-29000000	chr8	28500000	1	0.402514	0	0
chr8:29000000-29500000	chr8	29000000	1	0.39112	0	1
chr8:29500000-30000000	chr8	29500000	0	0.381622	0	0
chr8:30000000-30500000	chr8	30000000	0	0.379866	0	0
chr8:30500000-31000000	chr8	30500000	1	0.406574	0	0
chr8:31000000-31500000	chr8	31000000	7	0.42873	0	4
chr8:31500000-32000000	chr8	31500000	0	0.398134	0	0
chr8:32000000-32500000	chr8	32000000	2	0.398222	0	1
chr8:32500000-33000000	chr8	32500000	1	0.390932	0	1
chr8:33000000-33500000	chr8	33000000	3	0.408608	0	1
chr8:33500000-34000000	chr8	33500000	7	0.439232	0.001074	6
chr8:34000000-34500000	chr8	34000000	6	0.445577	0.086888	3
chr8:34500000-35000000	chr8	34500000	3	0.434228	0	2
chr8:35000000-35500000	chr8	35000000	3	0.441408	0	2
chr8:35500000-36000000	chr8	35500000	5	0.436324	0	3
chr8:36000000-36500000	chr8	36000000	5	0.438664	0	4
chr8:36500000-37000000	chr8	36500000	2	0.412448	0	3
chr8:37000000-37500000	chr8	37000000	1	0.385898	0	0
chr8:37500000-38000000	chr8	37500000	0	0.362456	0	0
chr8:38000000-38500000	chr8	38000000	1	0.35821	0	0
chr8:38500000-39000000	chr8	38500000	1	0.372958	0	1
chr8:39000000-39500000	chr8	39000000	2	0.388936	0.0396	1
chr8:39500000-40000000	chr8	39500000	1	0.372016	0	0
chr8:40000000-40500000	chr8	40000000	4	0.390472	0	3
chr8:40500000-41000000	chr8	40500000	9	0.413538	0	4
chr8:41000000-41500000	chr8	41000000	8	0.408982	0	4
chr8:41500000-42000000	chr8	41500000	1	0.390742	0	0
chr8:42000000-42500000	chr8	42000000	0	0.367014	0	0
chr8:42500000-43000000	chr8	42500000	0	0.377754	0	0
chr8:43000000-43500000	chr8	43000000	3	0.405508	0	0
chr8:43500000-44000000	chr8	43500000	5	0.385766	0	0
chr8:44000000-44500000	chr8	44000000	0	0.383654	0	0
chr8:44500000-45000000	chr8	44500000	1	0.411182	0	4
chr8:45000000-45500000	chr8	45000000	8	0.41921	0	9
chr8:45500000-46000000	chr8	45500000	7	0.41105	0	2
chr8:46000000-46500000	chr8	46000000	6	0.435584	0	7
chr8:46500000-47000000	chr8	46500000	6	0.439658	0	3
chr8:47000000-47500000	chr8	47000000	1	0.439874	0	4
chr8:47500000-48000000	chr8	47500000	10	0.450524	0	5
chr8:48000000-48500000	chr8	48000000	1	0.436716	0	3
chr8:48500000-49000000	chr8	48500000	1	0.412428	0	2
chr8:49000000-49500000	chr8	49000000	0	0.386604	0	0
chr8:49500000-50000000	chr8	49500000	0	0.374098	0	0
chr8:50000000-50500000	chr8	50000000	1	0.362606	0	0
chr8:50500000-51000000	chr8	50500000	0	0.361476	0	1
chr8:51000000-51500000	chr8	51000000	0	0.360752	0	0
chr8:51500000-52000000	chr8	51500000	0	0.362952	0	0
chr8:52000000-52500000	chr8	52000000	1	0.364496	0	0
chr8:52500000-53000000	chr8	52500000	0	0.366088	0	0
chr8:53000000-53500000	chr8	53000000	0	0.36408	0	0
chr8:53500000-54000000	chr8	53500000	2	0.376926	0	0
chr8:54000000-54500000	chr8	54000000	1	0.377958	0	1
chr8:54500000-55000000	chr8	54500000	5	0.378084	0	1
chr8:55000000-55500000	chr8	55000000	2	0.416719	0.444	0
chr8:55500000-56000000	chr8	55500000	2	0.377336	0	0
chr8:56000000-56500000	chr8	56000000	2	0.376678	0	1
chr8:56500000-57000000	chr8	56500000	2	0.386688	0	1
chr8:57000000-57500000	chr8	57000000	6	0.407524	0	4
chr8:57500000-58000000	chr8	57500000	4	0.418316	0	2
chr8:58000000-58500000	chr8	58000000	0	0.375538	0	0
chr8:58500000-59000000	chr8	58500000	3	0.360498	0	1
chr8:59000000-59500000	chr8	59000000	0	0.368466	0	0
chr8:59500000-60000000	chr8	59500000	1	0.374212	0	0
chr8:60000000-60500000	chr8	60000000	0	0.387684	0	0
chr8:60500000-61000000	chr8	60500000	5	0.40887	0	4
chr8:61000000-61500000	chr8	61000000	3	0.423892	0	2
chr8:61500000-62000000	chr8	61500000	2	0.414542	0	3
chr8:62000000-62500000	chr8	62000000	1	0.378394	0	0
chr8:62500000-63000000	chr8	62500000	1	0.37376	0	0
chr8:63000000-63500000	chr8	63000000	0	0.36322	0	0
chr8:63500000-64000000	chr8	63500000	1	0.37681	0	0
chr8:64000000-64500000	chr8	64000000	2	0.38206	0	1
chr8:64500000-65000000	chr8	64500000	6	0.430373	0.008	4
chr8:65000000-65500000	chr8	65000000	4	0.405692	0	0
chr8:65500000-66000000	chr8	65500000	1	0.377634	0	0
chr8:66000000-66500000	chr8	66000000	1	0.386412	0	1
chr8:66500000-67000000	chr8	66500000	4	0.397242	0	2
chr8:67000000-67500000	chr8	67000000	2	0.393958	0	0
chr8:67500000-68000000	chr8	67500000	2	0.39798	0	0
chr8:68000000-68500000	chr8	68000000	2	0.410638	0	1
chr8:68500000-69000000	chr8	68500000	3	0.411932	0	4
chr8:69000000-69500000	chr8	69000000	6	0.416848	0	3
chr8:69500000-70000000	chr8	69500000	14	0.45684	0	17
chr8:70000000-70500000	chr8	70000000	26	0.511298	0	26
chr8:70500000-71000000	chr8	70500000	34	0.515006	0	46
chr8:71000000-71500000	chr8	71000000	16	0.457494	0	16
chr8:71500000-72000000	chr8	71500000	20	0.47433	0	29
chr8:72000000-72500000	chr8	72000000	17	0.471994	0	9
chr8:72500000-73000000	chr8	72500000	6	0.443904	0.1	5
chr8:73000000-73500000	chr8	73000000	2	0.408616	0	1
chr8:73500000-74000000	chr8	73500000	0	0.392622	0	0
chr8:74000000-74500000	chr8	74000000	0	0.392076	0	0
chr8:74500000-75000000	chr8	74500000	2	0.424014	0	1
chr8:75000000-75500000	chr8	75000000	5	0.430086	0	4
chr8:75500000-76000000	chr8	75500000	0	0.38295	0	0
chr8:76000000-76500000	chr8	76000000	0	0.384618	0	0
chr8:76500000-77000000	chr8	76500000	2	0.391986	0	2
chr8:77000000-77500000	chr8	77000000	0	0.437548	0	1
chr8:77500000-78000000	chr8	77500000	6	0.423194	0	3
chr8:78000000-78500000	chr8	78000000	2	0.423106	0	3
chr8:78500000-79000000	chr8	78500000	3	0.436024	0	2
chr8:79000000-79500000	chr8	79000000	5	0.443394	0	4
chr8:79500000-80000000	chr8	79500000	3	0.408844	0	2
chr8:80000000-80500000	chr8	80000000	3	0.408918	0	2
chr8:80500000-81000000	chr8	80500000	4	0.428754	0	3
chr8:81000000-81500000	chr8	81000000	2	0.39879	0	2
chr8:81500000-82000000	chr8	81500000	0	0.385378	0	0
chr8:82000000-82500000	chr8	82000000	1	0.390236	0	0
chr8:82500000-83000000	chr8	82500000	2	0.410236	0	2
chr8:83000000-83500000	chr8	83000000	7	0.432694	0	4
chr8:83500000-84000000	chr8	83500000	17	0.480402	0	13
chr8:84000000-84500000	chr8	84000000	25	0.492792	0	19
chr8:84500000-85000000	chr8	84500000	24	0.500716	0	35
chr8:85000000-85500000	chr8	85000000	21	0.437556	0	11
chr8:85500000-86000000	chr8	85500000	5	0.404342	0	3
chr8:86000000-86500000	chr8	86000000	0	0.424748	0	0
chr8:86500000-87000000	chr8	86500000	5	0.446526	0	3
chr8:87000000-87500000	chr8	87000000	6	0.451054	0	4
chr8:87500000-88000000	chr8	87500000	3	0.487892	0	6
chr8:88000000-88500000	chr8	88000000	7	0.459922	0	6
chr8:88500000-89000000	chr8	88500000	5	0.47242	0	3
chr8:89000000-89500000	chr8	89000000	3	0.444016	0	4
chr8:89500000-90000000	chr8	89500000	0	0.421268	0	0
chr8:90000000-90500000	chr8	90000000	1	0.422302	0	1
chr8:90500000-91000000	chr8	90500000	2	0.430256	0	2
chr8:91000000-91500000	chr8	91000000	4	0.43226	0	3
chr8:91500000-92000000	chr8	91500000	1	0.47096	0	4
chr8:92000000-92500000	chr8	92000000	2	0.45661	0	3
chr8:92500000-93000000	chr8	92500000	5	0.447578	0	4
chr8:93000000-93500000	chr8	93000000	9	0.420406	0	0
chr8:93500000-94000000	chr8	93500000	4	0.448326	0	2
chr8:94000000-94500000	chr8	94000000	15	0.459044	0	9
chr8:94500000-95000000	chr8	94500000	16	0.477032	0	10
chr8:95000000-95500000	chr8	95000000	11	0.485748	0	7
chr8:95500000-96000000	chr8	95500000	10	0.451744	0	7
chr8:96000000-96500000	chr8	96000000	0	0.40127	0	0
chr8:96500000-97000000	chr8	96500000	0	0.38154	0	0
chr8:97000000-97500000	chr8	97000000	0	0.380516	0	0
chr8:97500000-98000000	chr8	97500000	0	0.375026	0	0
chr8:98000000-98500000	chr8	98000000	0	0.368952	0	0
chr8:98500000-99000000	chr8	98500000	0	0.371148	0	0
chr8:99000000-99500000	chr8	99000000	3	0.369898	0	1
chr8:99500000-100000000	chr8	99500000	0	0.374288	0	0
chr8:100000000-100500000	chr8	100000000	0	0.372644	0	0
chr8:100500000-101000000	chr8	100500000	0	0.369272	0	0
chr8:101000000-101500000	chr8	101000000	0	0.370398	0	0
chr8:101500000-102000000	chr8	101500000	0	0.369848	0	0
chr8:102000000-102500000	chr8	102000000	0	0.373578	0	0
chr8:102500000-103000000	chr8	102500000	1	0.388322	0	2
chr8:103000000-103500000	chr8	103000000	1	0.40673	0	0
chr8:103500000-104000000	chr8	103500000	1	0.433568	0	0
chr8:104000000-104500000	chr8	104000000	11	0.457874	0	8
chr8:104500000-105000000	chr8	104500000	14	0.441746	0	6
chr8:105000000-105500000	chr8	105000000	25	0.463828	0	18
chr8:105500000-106000000	chr8	105500000	30	0.474644	0	17
chr8:106000000-106500000	chr8	106000000	12	0.455288	0	10
chr8:106500000-107000000	chr8	106500000	9	0.457478	0	7
chr8:107000000-107500000	chr8	107000000	13	0.444058	0	10
chr8:107500000-108000000	chr8	107500000	2	0.44096	0	1
chr8:108000000-108500000	chr8	108000000	0	0.433434	0	1
chr8:108500000-109000000	chr8	108500000	4	0.465946	0	8
chr8:109000000-109500000	chr8	109000000	4	0.417668	0	1
chr8:109500000-110000000	chr8	109500000	13	0.447596	0	10
chr8:110000000-110500000	chr8	110000000	8	0.456412	0	4
chr8:110500000-111000000	chr8	110500000	10	0.47218	0	10
chr8:111000000-111500000	chr8	111000000	11	0.447534	0	9
chr8:111500000-112000000	chr8	111500000	13	0.464642	0	11
chr8:112000000-112500000	chr8	112000000	3	0.425936	0	1
chr8:112500000-113000000	chr8	112500000	2	0.399646	0	0
chr8:113000000-113500000	chr8	113000000	1	0.402212	0	0
chr8:113500000-114000000	chr8	113500000	5	0.437612	0	2
chr8:114000000-114500000	chr8	114000000	5	0.438384	0	2
chr8:114500000-115000000	chr8	114500000	0	0.458424	0	1
chr8:115000000-115500000	chr8	115000000	0	0.45486	0	0
chr8:115500000-116000000	chr8	115500000	2	0.438892	0	2
chr8:116000000-116500000	chr8	116000000	0	0.437298	0	0
chr8:116500000-117000000	chr8	116500000	9	0.458058	0	8
chr8:117000000-117500000	chr8	117000000	7	0.496322	0	3
chr8:117500000-118000000	chr8	117500000	4	0.467234	0	2
chr8:118000000-118500000	chr8	118000000	1	0.456558	0	1
chr8:118500000-119000000	chr8	118500000	0	0.452482	0	0
chr8:119000000-119500000	chr8	119000000	4	0.483802	0	4
chr8:119500000-120000000	chr8	119500000	14	0.505274	0	15
chr8:120000000-120500000	chr8	120000000	5	0.529132	0	6
chr8:120500000-121000000	chr8	120500000	9	0.519078	0	8
chr8:121000000-121500000	chr8	121000000	5	0.511656	0	10
chr8:121500000-122000000	chr8	121500000	14	0.514176	0	11
chr8:122000000-122500000	chr8	122000000	12	0.529684	0	10
chr8:122500000-123000000	chr8	122500000	12	0.507396	0	9
chr8:123000000-123500000	chr8	123000000	24	0.491254	0	18
chr8:123500000-124000000	chr8	123500000	16	0.509642	0	8
chr8:124000000-124500000	chr8	124000000	5	0.485058	0	3
chr8:124500000-125000000	chr8	124500000	13	0.4876	0	9
chr8:125000000-125500000	chr8	125000000	2	0.482378	0	3
chr8:125500000-126000000	chr8	125500000	9	0.478532	0	6
chr8:126000000-126500000	chr8	126000000	3	0.46378	0	4
chr8:126500000-127000000	chr8	126500000	5	0.470734	0	4
chr8:127000000-127500000	chr8	127000000	1	0.426734	0	1
chr8:127500000-128000000	chr8	127500000	0	0.426548	0	0
chr8:128000000-128500000	chr8	128000000	3	0.418614	0	3
chr8:128500000-129000000	chr8	128500000	1	0.398556	0	1
chr8:129000000-129401213	chr8	129000000	4	0.392918	0.249244	1
chr9:0-500000	chr9	0	0	nan	1	0
chr9:500000-1000000	chr9	500000	0	nan	1	0
chr9:1000000-1500000	chr9	1000000	0	nan	1	0
chr9:1500000-2000000	chr9	1500000	0	nan	1	0
chr9:2000000-2500000	chr9	2000000	0	nan	1	0
chr9:2500000-3000000	chr9	2500000	0	nan	1	0
chr9:3000000-3500000	chr9	3000000	5	0.407678	0	1
chr9:3500000-4000000	chr9	3500000	1	0.382364	0	1
chr9:4000000-4500000	chr9	4000000	3	0.387618	0	2
chr9:4500000-5000000	chr9	4500000	2	0.374172	0	1
chr9:5000000-5500000	chr9	5000000	3	0.37812	0	0
chr9:5500000-6000000	chr9	5500000	0	0.375542	0	0
chr9:6000000-6500000	chr9	6000000	2	0.38615	0	1
chr9:6500000-7000000	chr9	6500000	0	0.407052	0	0
chr9:7000000-7500000	chr9	7000000	7	0.394066	0	2
chr9:7500000-8000000	chr9	7500000	10	0.424322	0	3
chr9:8000000-8500000	chr9	8000000	5	0.405784	0	3
chr9:8500000-9000000	chr9	8500000	3	0.394222	0	3
chr9:9000000-9500000	chr9	9000000	2	0.406472	0	1
chr9:9500000-10000000	chr9	9500000	1	0.387782	0	0
chr9:10000000-10500000	chr9	10000000	1	0.382568	0	0
chr9:10500000-11000000	chr9	10500000	1	0.370062	0	0
chr9:11000000-11500000	chr9	11000000	0	0.376888	0	1
chr9:11500000-12000000	chr9	11500000	0	0.37712	0	0
chr9:12000000-12500000	chr9	12000000	0	0.384702	0	0
chr9:12500000-13000000	chr9	12500000	0	0.38372	0	0
chr9:13000000-13500000	chr9	13000000	4	0.402932	0.183322	0
chr9:13500000-14000000	chr9	13500000	4	0.425572	0	2
chr9:14000000-14500000	chr9	14000000	4	0.43329	0	2
chr9:14500000-15000000	chr9	14500000	11	0.453142	0	6
chr9:15000000-15500000	chr9	15000000	10	0.440032	0	5
chr9:15500000-16000000	chr9	15500000	4	0.434184	0	2
chr9:16000000-16500000	chr9	16000000	0	0.40614	0	0
chr9:16500000-17000000	chr9	16500000	1	0.396024	0	1
chr9:17000000-17500000	chr9	17000000	0	0.376388	0	0
chr9:17500000-18000000	chr9	17500000	0	0.37353	0	0
chr9:18000000-18500000	chr9	18000000	6	0.390038	0	2
chr9:18500000-19000000	chr9	18500000	7	0.386448	0	0
chr9:19000000-19500000	chr9	19000000	11	0.374166	0	0
chr9:19500000-20000000	chr9	19500000	11	0.382092	0	0
chr9:20000000-20500000	chr9	20000000	13	0.393748	0	3
chr9:20500000-21000000	chr9	20500000	16	0.478254	0	15
chr9:21000000-21500000	chr9	21000000	26	0.495278	0	27
chr9:21500000-22000000	chr9	21500000	22	0.493218	0	20
chr9:22000000-22500000	chr9	22000000	22	0.456204	0	18
chr9:22500000-23000000	chr9	22500000	0	0.420304	0	0
chr9:23000000-23500000	chr9	23000000	1	0.423342	0	1
chr9:23500000-24000000	chr9	23500000	0	0.396542	0	0
chr9:24000000-24500000	chr9	24000000	1	0.407408	0	0
chr9:24500000-25000000	chr9	24500000	5	0.411392	0	5
chr9:25000000-25500000	chr9	25000000	4	0.415088	0	3
chr9:25500000-26000000	chr9	25500000	0	0.403604	0	0
chr9:26000000-26500000	chr9	26000000	0	0.397778	0	0
chr9:26500000-27000000	chr9	26500000	6	0.42774	0	3
chr9:27000000-27500000	chr9	27000000	5	0.447866	0	3
chr9:27500000-28000000	chr9	27500000	0	0.419104	0	0
chr9:28000000-28500000	chr9	28000000	1	0.414874	0	1
chr9:28500000-29000000	chr9	28500000	0	0.40196	0	0
chr9:29000000-29500000	chr9	29000000	0	0.420462	0	1
chr9:29500000-30000000	chr9	29500000	1	0.432912	0	0
chr9:30000000-30500000	chr9	30000000	2	0.420812	0	1
chr9:30500000-31000000	chr9	30500000	2	0.437552	0	2
chr9:31000000-31500000	chr9	31000000	9	0.440446	0	6
chr9:31500000-32000000	chr9	31500000	1	0.43047	0	1
chr9:32000000-32500000	chr9	32000000	3	0.435148	0	2
chr9:32500000-33000000	chr9	32500000	3	0.436236	0	2
chr9:33000000-33500000	chr9	33000000	0	0.394436	0	0
chr9:33500000-34000000	chr9	33500000	0	0.387426	0	1
chr9:34000000-34500000	chr9	34000000	2	0.407328	0	2
chr9:34500000-35000000	chr9	34500000	0	0.451564	0	0
chr9:35000000-35500000	chr9	35000000	10	0.4477	0	6
chr9:35500000-36000000	chr9	35500000	14	0.402066	0	3
chr9:36000000-36500000	chr9	36000000	5	0.388348	0	0
chr9:36500000-37000000	chr9	36500000	10	0.422456	0	3
chr9:37000000-37500000	chr9	37000000	8	0.444536	0	11
chr9:37500000-38000000	chr9	37500000	16	0.404886	0	2
chr9:38000000-38500000	chr9	38000000	25	0.372368	0	0
chr9:38500000-39000000	chr9	38500000	23	0.375008	0	0
chr9:39000000-39500000	chr9	39000000	17	0.366384	0	0
chr9:39500000-40000000	chr9	39500000	22	0.380794	0	0
chr9:40000000-40500000	chr9	40000000	13	0.430702	0	3
chr9:40500000-41000000	chr9	40500000	6	0.44626	0	7
chr9:41000000-41500000	chr9	41000000	4	0.443494	0	2
chr9:41500000-42000000	chr9	41500000	3	0.42996	0	1
chr9:42000000-42500000	chr9	42000000	7	0.451078	0	4
chr9:42500000-43000000	chr9	42500000	1	0.47531	0	3
chr9:43000000-43500000	chr9	43000000	6	0.46839	0	5
chr9:43500000-44000000	chr9	43500000	1	0.491876	0	3
chr9:44000000-44500000	chr9	44000000	27	0.48099	0	23
chr9:44500000-45000000	chr9	44500000	14	0.46162	0	10
chr9:45000000-45500000	chr9	45000000	17	0.479268	0	5
chr9:45500000-46000000	chr9	45500000	8	0.483016	0	6
chr9:46000000-46500000	chr9	46000000	9	0.468878	0	5
chr9:46500000-47000000	chr9	46500000	2	0.454008	0	0
chr9:47000000-47500000	chr9	47000000	0	0.447086	0	0
chr9:47500000-48000000	chr9	47500000	2	0.440474	0	1
chr9:48000000-48500000	chr9	48000000	6	0.437104	0	2
chr9:48500000-49000000	chr9	48500000	5	0.46241	0	2
chr9:49000000-49500000	chr9	49000000	8	0.446924	0	2
chr9:49500000-50000000	chr9	49500000	2	0.432996	0	1
chr9:50000000-50500000	chr9	50000000	2	0.438978	0	0
chr9:50500000-51000000	chr9	50500000	18	0.436464	0	10
chr9:51000000-51500000	chr9	51000000	9	0.422854	0	3
chr9:51500000-52000000	chr9	51500000	4	0.415192	0	2
chr9:52000000-52500000	chr9	52000000	4	0.410628	0	2
chr9:52500000-53000000	chr9	52500000	2	0.407036	0	0
chr9:53000000-53500000	chr9	53000000	5	0.405116	0	2
chr9:53500000-54000000	chr9	53500000	9	0.418517	0.021176	6
chr9:54000000-54500000	chr9	54000000	4	0.424084	0	2
chr9:54500000-55000000	chr9	54500000	14	0.448522	0	10
chr9:55000000-55500000	chr9	55000000	6	0.441404	0	4
chr9:55500000-56000000	chr9	55500000	4	0.396764	0	6
chr9:56000000-56500000	chr9	56000000	6	0.425004	0	3
chr9:56500000-57000000	chr9	56500000	7	0.496456	0	9
chr9:57000000-57500000	chr9	57000000	13	0.453256	0	5
chr9:57500000-58000000	chr9	57500000	17	0.476768	0	11
chr9:58000000-58500000	chr9	58000000	14	0.491384	0	6
chr9:58500000-59000000	chr9	58500000	4	0.437548	0	4
chr9:59000000-59500000	chr9	59000000	5	0.419948	0	4
chr9:59500000-60000000	chr9	59500000	12	0.424024	0	7
chr9:60000000-60500000	chr9	60000000	0	0.453766	0	0
chr9:60500000-61000000	chr9	60500000	5	0.453004	0	4
chr9:61000000-61500000	chr9	61000000	5	0.488068	0	3
chr9:61500000-62000000	chr9	61500000	2	0.477884	0	2
chr9:62000000-62500000	chr9	62000000	7	0.464436	0	5
chr9:62500000-63000000	chr9	62500000	7	0.46548	0	5
chr9:63000000-63500000	chr9	63000000	3	0.43995	0	6
chr9:63500000-64000000	chr9	63500000	3	0.477812	0	4
chr9:64000000-64500000	chr9	64000000	14	0.466738	0	8
chr9:64500000-65000000	chr9	64500000	4	0.451898	0	4
chr9:65000000-65500000	chr9	65000000	14	0.464134	0	14
chr9:65500000-66000000	chr9	65500000	9	0.438944	0	6
chr9:66000000-66500000	chr9	66000000	6	0.429358	0	6
chr9:66500000-67000000	chr9	66500000	8	0.436432	0	8
chr9:67000000-67500000	chr9	67000000	4	0.457014	0	2
chr9:67500000-68000000	chr9	67500000	7	0.439152	0	4
chr9:68000000-68500000	chr9	68000000	1	0.42672	0	0
chr9:68500000-69000000	chr9	68500000	3	0.44054	0	1
chr9:69000000-69500000	chr9	69000000	4	0.442854	0	3
chr9:69500000-70000000	chr9	69500000	3	0.438536	0	3
chr9:70000000-70500000	chr9	70000000	6	0.44388	0	3
chr9:70500000-71000000	chr9	70500000	5	0.423638	0	4
chr9:71000000-71500000	chr9	71000000	6	0.439994	0	2
chr9:71500000-72000000	chr9	71500000	2	0.438214	0	1
chr9:72000000-72500000	chr9	72000000	5	0.402582	0	5
chr9:72500000-73000000	chr9	72500000	9	0.425606	0	8
chr9:73000000-73500000	chr9	73000000	6	0.43461	0	4
chr9:73500000-74000000	chr9	73500000	1	0.403426	0	0
chr9:74000000-74500000	chr9	74000000	1	0.40908	0	0
chr9:74500000-75000000	chr9	74500000	4	0.42908	0	3
chr9:75000000-75500000	chr9	75000000	9	0.438802	0	6
chr9:75500000-76000000	chr9	75500000	5	0.404578	0	4
chr9:76000000-76500000	chr9	76000000	3	0.378672	0	2
chr9:76500000-77000000	chr9	76500000	1	0.381624	0	1
chr9:77000000-77500000	chr9	77000000	3	0.404984	0	0
chr9:77500000-78000000	chr9	77500000	4	0.435346	0	6
chr9:78000000-78500000	chr9	78000000	18	0.448486	0	9
chr9:78500000-79000000	chr9	78500000	2	0.413184	0	3
chr9:79000000-79500000	chr9	79000000	0	0.385426	0	1
chr9:79500000-80000000	chr9	79500000	5	0.410988	0	4
chr9:80000000-80500000	chr9	80000000	5	0.407685	0.0524	2
chr9:80500000-81000000	chr9	80500000	0	0.380728	0	0
chr9:81000000-81500000	chr9	81000000	0	0.377128	0	0
chr9:81500000-82000000	chr9	81500000	3	0.379902	0	2
chr9:82000000-82500000	chr9	82000000	0	0.379748	0	0
chr9:82500000-83000000	chr9	82500000	2	0.386418	0	2
chr9:83000000-83500000	chr9	83000000	4	0.410336	0	3
chr9:83500000-84000000	chr9	83500000	5	0.425618	0	4
chr9:84000000-84500000	chr9	84000000	0	0.395192	0	0
chr9:84500000-85000000	chr9	84500000	1	0.3755	0	0
chr9:85000000-85500000	chr9	85000000	1	0.389812	0	1
chr9:85500000-86000000	chr9	85500000	2	0.405806	0	2
chr9:86000000-86500000	chr9	86000000	2	0.40645	0	2
chr9:86500000-87000000	chr9	86500000	6	0.41531	0	3
chr9:87000000-87500000	chr9	87000000	4	0.419548	0	3
chr9:87500000-88000000	chr9	87500000	1	0.407544	0	2
chr9:88000000-88500000	chr9	88000000	4	0.413924	0	4
chr9:88500000-89000000	chr9	88500000	12	0.41446	0	4
chr9:89000000-89500000	chr9	89000000	4	0.409824	0	2
chr9:89500000-90000000	chr9	89500000	6	0.435108	0	3
chr9:90000000-90500000	chr9	90000000	4	0.431776	0	4
chr9:90500000-91000000	chr9	90500000	1	0.378702	0	0
chr9:91000000-91500000	chr9	91000000	2	0.387938	0	8
chr9:91500000-92000000	chr9	91500000	0	0.374494	0	0
chr9:92000000-92500000	chr9	92000000	6	0.384684	0	2
chr9:92500000-93000000	chr9	92500000	3	0.392406	0	1
chr9:93000000-93500000	chr9	93000000	1	0.375504	0	0
chr9:93500000-94000000	chr9	93500000	0	0.375942	0	0
chr9:94000000-94500000	chr9	94000000	1	0.393912	0	0
chr9:94500000-95000000	chr9	94500000	3	0.41417	0	1
chr9:95000000-95500000	chr9	95000000	1	0.425364	0	1
chr9:95500000-96000000	chr9	95500000	8	0.41109	0	7
chr9:96000000-96500000	chr9	96000000	4	0.433358	0	4
chr9:96500000-97000000	chr9	96500000	6	0.454734	0	5
chr9:97000000-97500000	chr9	97000000	4	0.434254	0	3
chr9:97500000-98000000	chr9	97500000	0	0.432416	0	1
chr9:98000000-98500000	chr9	98000000	5	0.446184	0	3
chr9:98500000-99000000	chr9	98500000	11	0.452802	0	9
chr9:99000000-99500000	chr9	99000000	9	0.452768	0	5
chr9:99500000-100000000	chr9	99500000	6	0.432084	0	8
chr9:100000000-100500000	chr9	100000000	2	0.422338	0	0
chr9:100500000-101000000	chr9	100500000	3	0.38757	0	3
chr9:101000000-101500000	chr9	101000000	4	0.424509	0.013	4
chr9:101500000-102000000	chr9	101500000	0	0.427166	0	0
chr9:102000000-102500000	chr9	102000000	2	0.458992	0	1
chr9:102500000-103000000	chr9	102500000	6	0.462422	0	5
chr9:103000000-103500000	chr9	103000000	9	0.467132	0	5
chr9:103500000-104000000	chr9	103500000	3	0.441252	0	1
chr9:104000000-104500000	chr9	104000000	9	0.436288	0	3
chr9:104500000-105000000	chr9	104500000	1	0.419248	0	0
chr9:105000000-105500000	chr9	105000000	5	0.428054	0	4
chr9:105500000-106000000	chr9	105500000	4	0.445774	0	2
chr9:106000000-106500000	chr9	106000000	20	0.49065	0	13
chr9:106500000-107000000	chr9	106500000	10	0.443904	0	9
chr9:107000000-107500000	chr9	107000000	7	0.454014	0	7
chr9:107500000-108000000	chr9	107500000	29	0.488522	0	23
chr9:108000000-108500000	chr9	108000000	25	0.477804	0	16
chr9:108500000-109000000	chr9	108500000	22	0.473	0.1	18
chr9:109000000-109500000	chr9	109000000	16	0.444856	0	3
chr9:109500000-110000000	chr9	109500000	13	0.429166	0	2
chr9:110000000-110500000	chr9	110000000	11	0.451136	0	9
chr9:110500000-111000000	chr9	110500000	20	0.479262	0	13
chr9:111000000-111500000	chr9	111000000	7	0.44565	0	3
chr9:111500000-112000000	chr9	111500000	2	0.42746	0	1
chr9:112000000-112500000	chr9	112000000	4	0.411944	0	1
chr9:112500000-113000000	chr9	112500000	0	0.403392	0	0
chr9:113000000-113500000	chr9	113000000	1	0.433796	0	0
chr9:113500000-114000000	chr9	113500000	4	0.4326	0	3
chr9:114000000-114500000	chr9	114000000	12	0.445502	0	6
chr9:114500000-115000000	chr9	114500000	8	0.472418	0	9
chr9:115000000-115500000	chr9	115000000	4	0.461196	0	1
chr9:115500000-116000000	chr9	115500000	2	0.448408	0	0
chr9:116000000-116500000	chr9	116000000	2	0.446084	0	1
chr9:116500000-117000000	chr9	116500000	0	0.425204	0	0
chr9:117000000-117500000	chr9	117000000	1	0.431866	0	0
chr9:117500000-118000000	chr9	117500000	1	0.441218	0	1
chr9:118000000-118500000	chr9	118000000	6	0.438524	0	4
chr9:118500000-119000000	chr9	118500000	4	0.471468	0	5
chr9:119000000-119500000	chr9	119000000	14	0.487898	0	13
chr9:119500000-120000000	chr9	119500000	7	0.485356	0	6
chr9:120000000-120500000	chr9	120000000	10	0.474156	0	5
chr9:120500000-121000000	chr9	120500000	8	0.473942	0	3
chr9:121000000-121500000	chr9	121000000	3	0.491198	0	5
chr9:121500000-122000000	chr9	121500000	18	0.486818	0	12
chr9:122000000-122500000	chr9	122000000	6	0.460032	0	4
chr9:122500000-123000000	chr9	122500000	11	0.43974	0	10
chr9:123000000-123500000	chr9	123000000	9	0.449768	0	6
chr9:123500000-124000000	chr9	123500000	10	0.418817	0.101574	6
chr9:124000000-124500000	chr9	124000000	7	0.396042	0.214492	3
chr9:124500000-124595110	chr9	124500000	0	nan	1	0
chr10:0-500000	chr10	0	0	nan	1	0
chr10:500000-1000000	chr10	500000	0	nan	1	0
chr10:1000000-1500000	chr10	1000000	0	nan	1	0
chr10:1500000-2000000	chr10	1500000	0	nan	1	0
chr10:2000000-2500000	chr10	2000000	0	nan	1	0
chr10:2500000-3000000	chr10	2500000	0	nan	1	0
chr10:3000000-3500000	chr10	3000000	4	0.422408	0.2002	1
chr10:3500000-4000000	chr10	3500000	4	0.430978	0	2
chr10:4000000-4500000	chr10	4000000	7	0.450288	0	5
chr10:4500000-5000000	chr10	4500000	1	0.415626	0	1
chr10:5000000-5500000	chr10	5000000	0	0.415648	0	0
chr10:5500000-6000000	chr10	5500000	6	0.408516	0	3
chr10:6000000-6500000	chr10	6000000	0	0.395504	0	0
chr10:6500000-7000000	chr10	6500000	1	0.398146	0	0
chr10:7000000-7500000	chr10	7000000	3	0.434258	0	2
chr10:7500000-8000000	chr10	7500000	12	0.429608	0.151162	8
chr10:8000000-8500000	chr10	8000000	0	0.431376	0	0
chr10:8500000-9000000	chr10	8500000	2	0.439486	0	2
chr10:9000000-9500000	chr10	9000000	0	0.406482	0	0
chr10:9500000-10000000	chr10	9500000	3	0.40535	0	2
chr10:10000000-10500000	chr10	10000000	3	0.397338	0	0
chr10:10500000-11000000	chr10	10500000	3	0.396774	0	2
chr10:11000000-11500000	chr10	11000000	4	0.402564	0	3
chr10:11500000-12000000	chr10	11500000	1	0.399492	0	0
chr10:12000000-12500000	chr10	12000000	0	0.400466	0	0
chr10:12500000-13000000	chr10	12500000	3	0.423432	0	4
chr10:13000000-13500000	chr10	13000000	7	0.426336	0	6
chr10:13500000-14000000	chr10	13500000	6	0.41883	0	3
chr10:14000000-14500000	chr10	14000000	0	0.409718	0	0
chr10:14500000-15000000	chr10	14500000	5	0.386894	0	2
chr10:15000000-15500000	chr10	15000000	0	0.372052	0	0
chr10:15500000-16000000	chr10	15500000	1	0.371028	0	0
chr10:16000000-16500000	chr10	16000000	0	0.361502	0	0
chr10:16500000-17000000	chr10	16500000	0	0.367044	0	0
chr10:17000000-17500000	chr10	17000000	1	0.391144	0	0
chr10:17500000-18000000	chr10	17500000	3	0.40962	0	2
chr10:18000000-18500000	chr10	18000000	5	0.430362	0	3
chr10:18500000-19000000	chr10	18500000	6	0.418374	0	2
chr10:19000000-19500000	chr10	19000000	6	0.41527	0	2
chr10:19500000-20000000	chr10	19500000	6	0.423052	0	7
chr10:20000000-20500000	chr10	20000000	6	0.432688	0	3
chr10:20500000-21000000	chr10	20500000	2	0.410472	0	1
chr10:21000000-21500000	chr10	21000000	5	0.428432	0	2
chr10:21500000-22000000	chr10	21500000	3	0.430616	0	2
chr10:22000000-22500000	chr10	22000000	11	0.429376	0	5
chr10:22500000-23000000	chr10	22500000	4	0.426768	0	3
chr10:23000000-23500000	chr10	23000000	1	0.398566	0	2
chr10:23500000-24000000	chr10	23500000	14	0.414892	0	2
chr10:24000000-24500000	chr10	24000000	10	0.40718	0	2
chr10:24500000-25000000	chr10	24500000	7	0.41996	0	3
chr10:25000000-25500000	chr10	25000000	3	0.4272	0	3
chr10:25500000-26000000	chr10	25500000	4	0.417542	0	0
chr10:26000000-26500000	chr10	26000000	4	0.405674	0	2
chr10:26500000-27000000	chr10	26500000	2	0.402626	0	0
chr10:27000000-27500000	chr10	27000000	1	0.37621	0	0
chr10:27500000-28000000	chr10	27500000	1	0.388256	0	0
chr10:28000000-28500000	chr10	28000000	1	0.389376	0	1
chr10:28500000-29000000	chr10	28500000	2	0.3827	0	0
chr10:29000000-29500000	chr10	29000000	4	0.38912	0	5
chr10:29500000-30000000	chr10	29500000	1	0.379652	0	2
chr10:30000000-30500000	chr10	30000000	1	0.385848	0	1
chr10:30500000-31000000	chr10	30500000	5	0.400724	0	4
chr10:31000000-31500000	chr10	31000000	3	0.404922	0	2
chr10:31500000-32000000	chr10	31500000	1	0.38987	0	1
chr10:32000000-32500000	chr10	32000000	0	0.369288	0	0
chr10:32500000-33000000	chr10	32500000	1	0.376538	0	1
chr10:33000000-33500000	chr10	33000000	2	0.364866	0	0
chr10:33500000-34000000	chr10	33500000	7	0.39017	0	2
chr10:34000000-34500000	chr10	34000000	11	0.406458	0	6
chr10:34500000-35000000	chr10	34500000	0	0.381214	0	0
chr10:35000000-35500000	chr10	35000000	0	0.37301	0	0
chr10:35500000-36000000	chr10	35500000	0	0.36865	0	0
chr10:36000000-36500000	chr10	36000000	0	0.374536	0	0
chr10:36500000-37000000	chr10	36500000	2	0.39827	0	2
chr10:37000000-37500000	chr10	37000000	2	0.402842	0	1
chr10:37500000-38000000	chr10	37500000	0	0.378884	0	0
chr10:38000000-38500000	chr10	38000000	1	0.375908	0	0
chr10:38500000-39000000	chr10	38500000	2	0.400196	0	0
chr10:39000000-39500000	chr10	39000000	5	0.433442	0	2
chr10:39500000-40000000	chr10	39500000	9	0.428648	0	3
chr10:40000000-40500000	chr10	40000000	8	0.435312	0	6
chr10:40500000-41000000	chr10	40500000	5	0.429902	0	2
chr10:41000000-41500000	chr10	41000000	7	0.44698	0	5
chr10:41500000-42000000	chr10	41500000	6	0.443192	0	4
chr10:42000000-42500000	chr10	42000000	3	0.457602	0	4
chr10:42500000-43000000	chr10	42500000	8	0.448228	0	10
chr10:43000000-43500000	chr10	43000000	4	0.437506	0	5
chr10:43500000-44000000	chr10	43500000	7	0.449246	0	5
chr10:44000000-44500000	chr10	44000000	5	0.431586	0	4
chr10:44500000-45000000	chr10	44500000	1	0.40844	0	1
chr10:45000000-45500000	chr10	45000000	5	0.42154	0	5
chr10:45500000-46000000	chr10	45500000	2	0.397228	0	1
chr10:46000000-46500000	chr10	46000000	1	0.3841	0	0
chr10:46500000-47000000	chr10	46500000	0	0.373916	0	0
chr10:47000000-47500000	chr10	47000000	0	0.36732	0	0
chr10:47500000-48000000	chr10	47500000	0	0.372348	0	0
chr10:48000000-48500000	chr10	48000000	0	0.359418	0	0
chr10:48500000-49000000	chr10	48500000	0	0.369166	0	0
chr10:49000000-49500000	chr10	49000000	0	0.35751	0	0
chr10:49500000-50000000	chr10	49500000	1	0.369444	0	2
chr10:50000000-50500000	chr10	50000000	0	0.3837	0	0
chr10:50500000-51000000	chr10	50500000	2	0.380312	0	3
chr10:51000000-51500000	chr10	51000000	2	0.384772	0	0
chr10:51500000-52000000	chr10	51500000	4	0.393016	0	1
chr10:52000000-52500000	chr10	52000000	6	0.415494	0	5
chr10:52500000-53000000	chr10	52500000	2	0.39547	0	2
chr10:53000000-53500000	chr10	53000000	6	0.405132	0	2
chr10:53500000-54000000	chr10	53500000	4	0.412066	0	3
chr10:54000000-54500000	chr10	54000000	2	0.389424	0	1
chr10:54500000-55000000	chr10	54500000	0	0.376934	0	0
chr10:55000000-55500000	chr10	55000000	0	0.369132	0	0
chr10:55500000-56000000	chr10	55500000	0	0.380402	0	0
chr10:56000000-56500000	chr10	56000000	4	0.397816	0	2
chr10:56500000-57000000	chr10	56500000	0	0.390844	0	0
chr10:57000000-57500000	chr10	57000000	2	0.385106	0	1
chr10:57500000-58000000	chr10	57500000	4	0.391342	0.275514	3
chr10:58000000-58500000	chr10	58000000	6	0.412011	0.41173	4
chr10:58500000-59000000	chr10	58500000	3	0.438518	0	1
chr10:59000000-59500000	chr10	59000000	5	0.43885	0	4
chr10:59500000-60000000	chr10	59500000	5	0.455684	0	4
chr10:60000000-60500000	chr10	60000000	9	0.496566	0	7
chr10:60500000-61000000	chr10	60500000	7	0.502354	0	4
chr10:61000000-61500000	chr10	61000000	11	0.488124	0	9
chr10:61500000-62000000	chr10	61500000	9	0.485754	0	8
chr10:62000000-62500000	chr10	62000000	11	0.48243	0	8
chr10:62500000-63000000	chr10	62500000	12	0.444982	0	10
chr10:63000000-63500000	chr10	63000000	11	0.4346	0	6
chr10:63500000-64000000	chr10	63500000	0	0.41023	0	1
chr10:64000000-64500000	chr10	64000000	1	0.390554	0	0
chr10:64500000-65000000	chr10	64500000	0	0.377074	0	0
chr10:65000000-65500000	chr10	65000000	1	0.366906	0	0
chr10:65500000-66000000	chr10	65500000	1	0.375258	0	0
chr10:66000000-66500000	chr10	66000000	2	0.394078	0	0
chr10:66500000-67000000	chr10	66500000	1	0.436966	0	0
chr10:67000000-67500000	chr10	67000000	4	0.43132	0.016052	3
chr10:67500000-68000000	chr10	67500000	6	0.443106	0	5
chr10:68000000-68500000	chr10	68000000	2	0.430178	0	2
chr10:68500000-69000000	chr10	68500000	3	0.411284	0	0
chr10:69000000-69500000	chr10	69000000	4	0.441168	0	4
chr10:69500000-70000000	chr10	69500000	1	0.442138	0	2
chr10:70000000-70500000	chr10	70000000	4	0.454512	0	3
chr10:70500000-71000000	chr10	70500000	3	0.430574	0	1
chr10:71000000-71500000	chr10	71000000	8	0.445712	0	6
chr10:71500000-72000000	chr10	71500000	1	0.408246	0	0
chr10:72000000-72500000	chr10	72000000	0	0.386136	0	0
chr10:72500000-73000000	chr10	72500000	1	0.394454	0	1
chr10:73000000-73500000	chr10	73000000	1	0.386312	0	1
chr10:73500000-74000000	chr10	73500000	1	0.384142	0	0
chr10:74000000-74500000	chr10	74000000	0	0.386132	0	0
chr10:74500000-75000000	chr10	74500000	1	0.415734	0	3
chr10:75000000-75500000	chr10	75000000	8	0.46431	0	4
chr10:75500000-76000000	chr10	75500000	20	0.482326	4e-06	10
chr10:76000000-76500000	chr10	76000000	14	0.456074	0	6
chr10:76500000-77000000	chr10	76500000	8	0.466314	0	5
chr10:77000000-77500000	chr10	77000000	9	0.487194	0	5
chr10:77500000-78000000	chr10	77500000	33	0.49655	0	8
chr10:78000000-78500000	chr10	78000000	15	0.495172	0	13
chr10:78500000-79000000	chr10	78500000	14	0.419558	0	4
chr10:79000000-79500000	chr10	79000000	7	0.390252	0	0
chr10:79500000-80000000	chr10	79500000	36	0.52442	0	35
chr10:80000000-80500000	chr10	80000000	29	0.542216	0	46
chr10:80500000-81000000	chr10	80500000	30	0.531662	0	32
chr10:81000000-81500000	chr10	81000000	41	0.542476	0	43
chr10:81500000-82000000	chr10	81500000	14	0.452188	0	18
chr10:82000000-82500000	chr10	82000000	5	0.403074	0	5
chr10:82500000-83000000	chr10	82500000	11	0.44088	0	9
chr10:83000000-83500000	chr10	83000000	3	0.465976	0	3
chr10:83500000-84000000	chr10	83500000	4	0.45047	0	3
chr10:84000000-84500000	chr10	84000000	3	0.447122	0	1
chr10:84500000-85000000	chr10	84500000	6	0.45274	0	7
chr10:85000000-85500000	chr10	85000000	5	0.438536	0	4
chr10:85500000-86000000	chr10	85500000	6	0.451156	0	6
chr10:86000000-86500000	chr10	86000000	5	0.451248	0	2
chr10:86500000-87000000	chr10	86500000	7	0.447222	0	4
chr10:87000000-87500000	chr10	87000000	4	0.416934	0	2
chr10:87500000-88000000	chr10	87500000	3	0.415316	0	0
chr10:88000000-88500000	chr10	88000000	9	0.419828	0	4
chr10:88500000-89000000	chr10	88500000	7	0.42448	0	4
chr10:89000000-89500000	chr10	89000000	3	0.410516	0	1
chr10:89500000-90000000	chr10	89500000	8	0.418166	0	4
chr10:90000000-90500000	chr10	90000000	0	0.39342	0	2
chr10:90500000-91000000	chr10	90500000	0	0.424506	0	2
chr10:91000000-91500000	chr10	91000000	5	0.424948	0	5
chr10:91500000-92000000	chr10	91500000	1	0.405416	0	0
chr10:92000000-92500000	chr10	92000000	4	0.404216	0	0
chr10:92500000-93000000	chr10	92500000	1	0.416976	0	1
chr10:93000000-93500000	chr10	93000000	10	0.442512	0	3
chr10:93500000-94000000	chr10	93500000	10	0.435704	0	6
chr10:94000000-94500000	chr10	94000000	6	0.443564	0	4
chr10:94500000-95000000	chr10	94500000	4	0.438284	0	3
chr10:95000000-95500000	chr10	95000000	5	0.44679	0	2
chr10:95500000-96000000	chr10	95500000	7	0.43174	0	4
chr10:96000000-96500000	chr10	96000000	1	0.416888	0	0
chr10:96500000-97000000	chr10	96500000	1	0.413544	0	2
chr10:97000000-97500000	chr10	97000000	3	0.388658	0	0
chr10:97500000-98000000	chr10	97500000	7	0.377636	0	0
chr10:98000000-98500000	chr10	98000000	1	0.378072	0	0
chr10:98500000-99000000	chr10	98500000	1	0.402328	0	1
chr10:99000000-99500000	chr10	99000000	3	0.427902	0	2
chr10:99500000-100000000	chr10	99500000	4	0.40365	0	0
chr10:100000000-100500000	chr10	100000000	9	0.394038	0	2
chr10:100500000-101000000	chr10	100500000	3	0.377624	0	1
chr10:101000000-101500000	chr10	101000000	0	0.363072	0	0
chr10:101500000-102000000	chr10	101500000	2	0.361046	0	0
chr10:102000000-102500000	chr10	102000000	1	0.363696	0	0
chr10:102500000-103000000	chr10	102500000	1	0.370726	0	0
chr10:103000000-103500000	chr10	103000000	3	0.369354	0	2
chr10:103500000-104000000	chr10	103500000	0	0.372674	0	0
chr10:104000000-104500000	chr10	104000000	8	0.367908	0	0
chr10:104500000-105000000	chr10	104500000	0	0.377284	0	0
chr10:105000000-105500000	chr10	105000000	0	0.388224	0	0
chr10:105500000-106000000	chr10	105500000	4	0.398244	0	4
chr10:106000000-106500000	chr10	106000000	1	0.382084	0	0
chr10:106500000-107000000	chr10	106500000	1	0.36456	0	0
chr10:107000000-107500000	chr10	107000000	4	0.386972	0	1
chr10:107500000-108000000	chr10	107500000	3	0.382328	0	0
chr10:108000000-108500000	chr10	108000000	3	0.416616	0	2
chr10:108500000-109000000	chr10	108500000	1	0.38787	0	0
chr10:109000000-109500000	chr10	109000000	1	0.378524	0	0
chr10:109500000-110000000	chr10	109500000	0	0.38	0	0
chr10:110000000-110500000	chr10	110000000	1	0.391968	0	1
chr10:110500000-111000000	chr10	110500000	4	0.419524	0	2
chr10:111000000-111500000	chr10	111000000	5	0.430442	0	4
chr10:111500000-112000000	chr10	111500000	6	0.431608	0	2
chr10:112000000-112500000	chr10	112000000	5	0.390772	0	2
chr10:112500000-113000000	chr10	112500000	3	0.384392	0	1
chr10:113000000-113500000	chr10	113000000	0	0.367416	0	0
chr10:113500000-114000000	chr10	113500000	0	0.36516	0	0
chr10:114000000-114500000	chr10	114000000	0	0.370234	0	0
chr10:114500000-115000000	chr10	114500000	2	0.385922	0	1
chr10:115000000-115500000	chr10	115000000	6	0.421852	0	4
chr10:115500000-116000000	chr10	115500000	3	0.410422	0	1
chr10:116000000-116500000	chr10	116000000	6	0.42152	0	4
chr10:116500000-117000000	chr10	116500000	9	0.434768	0	2
chr10:117000000-117500000	chr10	117000000	9	0.440362	0	5
chr10:117500000-118000000	chr10	117500000	6	0.44854	0	6
chr10:118000000-118500000	chr10	118000000	4	0.439562	0	1
chr10:118500000-119000000	chr10	118500000	4	0.436608	0	1
chr10:119000000-119500000	chr10	119000000	6	0.43738	0	2
chr10:119500000-120000000	chr10	119500000	2	0.430632	0	0
chr10:120000000-120500000	chr10	120000000	8	0.441658	0	8
chr10:120500000-121000000	chr10	120500000	4	0.436512	0	3
chr10:121000000-121500000	chr10	121000000	5	0.453682	0	5
chr10:121500000-122000000	chr10	121500000	4	0.451542	0	7
chr10:122000000-122500000	chr10	122000000	5	0.418374	0	3
chr10:122500000-123000000	chr10	122500000	5	0.445804	0	3
chr10:123000000-123500000	chr10	123000000	3	0.409474	0	3
chr10:123500000-124000000	chr10	123500000	0	0.39261	0	0
chr10:124000000-124500000	chr10	124000000	1	0.370384	0	0
chr10:124500000-125000000	chr10	124500000	0	0.379752	0	0
chr10:125000000-125500000	chr10	125000000	1	0.394816	0	1
chr10:125500000-126000000	chr10	125500000	1	0.415386	0	1
chr10:126000000-126500000	chr10	126000000	2	0.421238	0	0
chr10:126500000-127000000	chr10	126500000	7	0.447552	0	4
chr10:127000000-127500000	chr10	127000000	27	0.486042	0	24
chr10:127500000-128000000	chr10	127500000	21	0.48022	0	11
chr10:128000000-128500000	chr10	128000000	31	0.468738	0	19
chr10:128500000-129000000	chr10	128500000	30	0.46039	0	20
chr10:129000000-129500000	chr10	129000000	22	0.388568	0	0
chr10:129500000-130000000	chr10	129500000	28	0.372138	0	0
chr10:130000000-130500000	chr10	130000000	14	0.378244	0	2
chr10:130500000-130694993	chr10	130500000	0	nan	0.512839	0
chr11:0-500000	chr11	0	0	nan	1	0
chr11:500000-1000000	chr11	500000	0	nan	1	0
chr11:1000000-1500000	chr11	1000000	0	nan	1	0
chr11:1500000-2000000	chr11	1500000	0	nan	1	0
chr11:2000000-2500000	chr11	2000000	0	nan	1	0
chr11:2500000-3000000	chr11	2500000	0	nan	1	0
chr11:3000000-3500000	chr11	3000000	13	0.458398	0.2	9
chr11:3500000-4000000	chr11	3500000	12	0.471614	0	11
chr11:4000000-4500000	chr11	4000000	14	0.468934	0	7
chr11:4500000-5000000	chr11	4500000	13	0.460128	0	7
chr11:5000000-5500000	chr11	5000000	8	0.46401	0	9
chr11:5500000-6000000	chr11	5500000	15	0.466294	0	13
chr11:6000000-6500000	chr11	6000000	13	0.464512	0	11
chr11:6500000-7000000	chr11	6500000	10	0.461102	0	4
chr11:7000000-7500000	chr11	7000000	4	0.43768	0	2
chr11:7500000-8000000	chr11	7500000	0	0.407648	0	0
chr11:8000000-8500000	chr11	8000000	0	0.422956	0	0
chr11:8500000-9000000	chr11	8500000	1	0.454364	0	2
chr11:9000000-9500000	chr11	9000000	5	0.413484	0	2
chr11:9500000-10000000	chr11	9500000	0	0.392014	0	0
chr11:10000000-10500000	chr11	10000000	0	0.38541	0	0
chr11:10500000-11000000	chr11	10500000	0	0.380286	0	0
chr11:11000000-11500000	chr11	11000000	3	0.39138	0	3
chr11:11500000-12000000	chr11	11500000	7	0.427584	0	2
chr11:12000000-12500000	chr11	12000000	2	0.414162	0	3
chr11:12500000-13000000	chr11	12500000	0	0.398396	0	0
chr11:13000000-13500000	chr11	13000000	0	0.375194	0	0
chr11:13500000-14000000	chr11	13500000	0	0.379018	0	0
chr11:14000000-14500000	chr11	14000000	1	0.371538	0	0
chr11:14500000-15000000	chr11	14500000	2	0.370352	0	0
chr11:15000000-15500000	chr11	15000000	0	0.37049	0	0
chr11:15500000-16000000	chr11	15500000	0	0.368872	0	0
chr11:16000000-16500000	chr11	16000000	1	0.38574	0	1
chr11:16500000-17000000	chr11	16500000	4	0.407952	0	3
chr11:17000000-17500000	chr11	17000000	6	0.406284	0	4
chr11:17500000-18000000	chr11	17500000	2	0.393862	0	1
chr11:18000000-18500000	chr11	18000000	2	0.390742	0	0
chr11:18500000-19000000	chr11	18500000	0	0.403438	0	1
chr11:19000000-19500000	chr11	19000000	2	0.418018	0	4
chr11:19500000-20000000	chr11	19500000	1	0.44911	0	2
chr11:20000000-20500000	chr11	20000000	4	0.450406	0	6
chr11:20500000-21000000	chr11	20500000	4	0.439192	0	5
chr11:21000000-21500000	chr11	21000000	5	0.405856	0	3
chr11:21500000-22000000	chr11	21500000	3	0.398024	0	3
chr11:22000000-22500000	chr11	22000000	2	0.397828	0	4
chr11:22500000-23000000	chr11	22500000	6	0.440724	0	6
chr11:23000000-23500000	chr11	23000000	6	0.409096	0	6
chr11:23500000-24000000	chr11	23500000	7	0.413196	0	4
chr11:24000000-24500000	chr11	24000000	3	0.441192	0	4
chr11:24500000-25000000	chr11	24500000	2	0.403632	0	0
chr11:25000000-25500000	chr11	25000000	2	0.389092	0	0
chr11:25500000-26000000	chr11	25500000	0	0.390154	0	0
chr11:26000000-26500000	chr11	26000000	3	0.390082	0	2
chr11:26500000-27000000	chr11	26500000	2	0.38058	0	1
chr11:27000000-27500000	chr11	27000000	0	0.38542	0	0
chr11:27500000-28000000	chr11	27500000	0	0.377728	0	0
chr11:28000000-28500000	chr11	28000000	0	0.382178	0	0
chr11:28500000-29000000	chr11	28500000	7	0.39039	0	1
chr11:29000000-29500000	chr11	29000000	4	0.389796	0	4
chr11:29500000-30000000	chr11	29500000	7	0.407028	0	5
chr11:30000000-30500000	chr11	30000000	4	0.414142	0	4
chr11:30500000-31000000	chr11	30500000	6	0.391762	0	6
chr11:31000000-31500000	chr11	31000000	1	0.410532	0	2
chr11:31500000-32000000	chr11	31500000	4	0.446672	0	3
chr11:32000000-32500000	chr11	32000000	14	0.465914	0	7
chr11:32500000-33000000	chr11	32500000	5	0.466366	0	3
chr11:33000000-33500000	chr11	33000000	3	0.430348	0	4
chr11:33500000-34000000	chr11	33500000	4	0.456188	0	3
chr11:34000000-34500000	chr11	34000000	5	0.450224	0	0
chr11:34500000-35000000	chr11	34500000	2	0.424965	0.273196	1
chr11:35000000-35500000	chr11	35000000	1	0.453248	0	1
chr11:35500000-36000000	chr11	35500000	6	0.467756	0	5
chr11:36000000-36500000	chr11	36000000	0	0.437602	0	4
chr11:36500000-37000000	chr11	36500000	1	0.394986	0	0
chr11:37000000-37500000	chr11	37000000	0	0.382514	0	1
chr11:37500000-38000000	chr11	37500000	1	0.376646	0	0
chr11:38000000-38500000	chr11	38000000	0	0.370646	0	0
chr11:38500000-39000000	chr11	38500000	1	0.364614	0	0
chr11:39000000-39500000	chr11	39000000	1	0.359132	0	0
chr11:39500000-40000000	chr11	39500000	0	0.368816	0	0
chr11:40000000-40500000	chr11	40000000	0	0.386412	0	0
chr11:40500000-41000000	chr11	40500000	4	0.404654	0	4
chr11:41000000-41500000	chr11	41000000	0	0.378752	0	0
chr11:41500000-42000000	chr11	41500000	0	0.37182	0	0
chr11:42000000-42500000	chr11	42000000	4	0.366806	0	0
chr11:42500000-43000000	chr11	42500000	0	0.38469	0	0
chr11:43000000-43500000	chr11	43000000	5	0.422284	0	3
chr11:43500000-44000000	chr11	43500000	5	0.446826	0	7
chr11:44000000-44500000	chr11	44000000	2	0.427896	0	1
chr11:44500000-45000000	chr11	44500000	3	0.42928	0	3
chr11:45000000-45500000	chr11	45000000	1	0.413574	0	0
chr11:45500000-46000000	chr11	45500000	5	0.43284	0	4
chr11:46000000-46500000	chr11	46000000	11	0.450542	0	4
chr11:46500000-47000000	chr11	46500000	7	0.417606	0	0
chr11:47000000-47500000	chr11	47000000	1	0.40287	0	0
chr11:47500000-48000000	chr11	47500000	0	0.391822	0	1
chr11:48000000-48500000	chr11	48000000	0	0.40031	0	0
chr11:48500000-49000000	chr11	48500000	12	0.431786	0	6
chr11:49000000-49500000	chr11	49000000	20	0.414172	0	4
chr11:49500000-50000000	chr11	49500000	12	0.44859	0	6
chr11:50000000-50500000	chr11	50000000	14	0.456522	0	14
chr11:50500000-51000000	chr11	50500000	12	0.469204	0	5
chr11:51000000-51500000	chr11	51000000	10	0.449482	0	3
chr11:51500000-52000000	chr11	51500000	11	0.473238	0	10
chr11:52000000-52500000	chr11	52000000	11	0.459234	0	9
chr11:52500000-53000000	chr11	52500000	1	0.462194	0	1
chr11:53000000-53500000	chr11	53000000	10	0.457348	0	8
chr11:53500000-54000000	chr11	53500000	13	0.460696	0	8
chr11:54000000-54500000	chr11	54000000	9	0.44834	0	4
chr11:54500000-55000000	chr11	54500000	7	0.431024	0	6
chr11:55000000-55500000	chr11	55000000	13	0.475176	0	5
chr11:55500000-56000000	chr11	55500000	2	0.437672	0	0
chr11:56000000-56500000	chr11	56000000	1	0.421644	0	1
chr11:56500000-57000000	chr11	56500000	0	0.413772	0	0
chr11:57000000-57500000	chr11	57000000	1	0.446688	0	0
chr11:57500000-58000000	chr11	57500000	7	0.478658	0	8
chr11:58000000-58500000	chr11	58000000	18	0.458586	0	11
chr11:58500000-59000000	chr11	58500000	33	0.442714	0	10
chr11:59000000-59500000	chr11	59000000	14	0.497822	0	14
chr11:59500000-60000000	chr11	59500000	17	0.467368	0	8
chr11:60000000-60500000	chr11	60000000	12	0.486796	0	13
chr11:60500000-61000000	chr11	60500000	13	0.472812	0	11
chr11:61000000-61500000	chr11	61000000	10	0.472092	0	9
chr11:61500000-62000000	chr11	61500000	9	0.449136	0	7
chr11:62000000-62500000	chr11	62000000	5	0.426034	0	5
chr11:62500000-63000000	chr11	62500000	15	0.452024	0	10
chr11:63000000-63500000	chr11	63000000	4	0.440534	0	2
chr11:63500000-64000000	chr11	63500000	2	0.44374	0	6
chr11:64000000-64500000	chr11	64000000	5	0.432784	0	2
chr11:64500000-65000000	chr11	64500000	1	0.423098	0	2
chr11:65000000-65500000	chr11	65000000	3	0.43942	0	2
chr11:65500000-66000000	chr11	65500000	3	0.41796	0	2
chr11:66000000-66500000	chr11	66000000	2	0.423138	0	1
chr11:66500000-67000000	chr11	66500000	4	0.429188	0	1
chr11:67000000-67500000	chr11	67000000	13	0.44559	0	4
chr11:67500000-68000000	chr11	67500000	8	0.458262	0	2
chr11:68000000-68500000	chr11	68000000	3	0.468402	0	5
chr11:68500000-69000000	chr11	68500000	15	0.459118	0	5
chr11:69000000-69500000	chr11	69000000	22	0.487436	0	21
chr11:69500000-70000000	chr11	69500000	48	0.49158	0	28
chr11:70000000-70500000	chr11	70000000	25	0.469118	0	17
chr11:70500000-71000000	chr11	70500000	26	0.460548	0	13
chr11:71000000-71500000	chr11	71000000	7	0.430204	0	3
chr11:71500000-72000000	chr11	71500000	4	0.453812	0	1
chr11:72000000-72500000	chr11	72000000	17	0.479864	0	11
chr11:72500000-73000000	chr11	72500000	7	0.440284	0	4
chr11:73000000-73500000	chr11	73000000	21	0.447422	0	7
chr11:73500000-74000000	chr11	73500000	14	0.385156	0	0
chr11:74000000-74500000	chr11	74000000	12	0.42595	0	0
chr11:74500000-75000000	chr11	74500000	12	0.455262	0	12
chr11:75000000-75500000	chr11	75000000	15	0.465274	0	11
chr11:75500000-76000000	chr11	75500000	15	0.483054	0	12
chr11:76000000-76500000	chr11	76000000	9	0.468974	0	9
chr11:76500000-77000000	chr11	76500000	8	0.454526	0	9
chr11:77000000-77500000	chr11	77000000	8	0.420914	0	11
chr11:77500000-78000000	chr11	77500000	11	0.461724	0	9
chr11:78000000-78500000	chr11	78000000	33	0.4764	0	18
chr11:78500000-79000000	chr11	78500000	11	0.451224	0	7
chr11:79000000-79500000	chr11	79000000	5	0.453146	0	4
chr11:79500000-80000000	chr11	79500000	11	0.467708	0	8
chr11:80000000-80500000	chr11	80000000	11	0.437042	0	9
chr11:80500000-81000000	chr11	80500000	5	0.445898	0	2
chr11:81000000-81500000	chr11	81000000	0	0.45426	0	1
chr11:81500000-82000000	chr11	81500000	4	0.447954	0	1
chr11:82000000-82500000	chr11	82000000	7	0.465114	0	2
chr11:82500000-83000000	chr11	82500000	15	0.469112	0	6
chr11:83000000-83500000	chr11	83000000	18	0.433196	0	9
chr11:83500000-84000000	chr11	83500000	14	0.447288	0	6
chr11:84000000-84500000	chr11	84000000	4	0.423862	0	3
chr11:84500000-85000000	chr11	84500000	13	0.472262	0	12
chr11:85000000-85500000	chr11	85000000	6	0.413958	0	5
chr11:85500000-86000000	chr11	85500000	6	0.453236	0	8
chr11:86000000-86500000	chr11	86000000	6	0.407806	0	5
chr11:86500000-87000000	chr11	86500000	10	0.427664	0	5
chr11:87000000-87500000	chr11	87000000	9	0.42642	0	11
chr11:87500000-88000000	chr11	87500000	18	0.464082	0	12
chr11:88000000-88500000	chr11	88000000	7	0.478024	0	7
chr11:88500000-89000000	chr11	88500000	11	0.472074	0	5
chr11:89000000-89500000	chr11	89000000	4	0.452036	0	4
chr11:89500000-90000000	chr11	89500000	1	0.429802	0	0
chr11:90000000-90500000	chr11	90000000	4	0.437632	0	5
chr11:90500000-91000000	chr11	90500000	5	0.408474	0	2
chr11:91000000-91500000	chr11	91000000	0	0.386628	0	0
chr11:91500000-92000000	chr11	91500000	1	0.372836	0	0
chr11:92000000-92500000	chr11	92000000	0	0.374954	0	0
chr11:92500000-93000000	chr11	92500000	0	0.383226	0	0
chr11:93000000-93500000	chr11	93000000	1	0.399364	0	1
chr11:93500000-94000000	chr11	93500000	5	0.433088	0	3
chr11:94000000-94500000	chr11	94000000	11	0.466832	0	8
chr11:94500000-95000000	chr11	94500000	17	0.48076	0	8
chr11:95000000-95500000	chr11	95000000	12	0.48345	0	15
chr11:95500000-96000000	chr11	95500000	13	0.481538	0	12
chr11:96000000-96500000	chr11	96000000	25	0.46846	0	27
chr11:96500000-97000000	chr11	96500000	11	0.46228	0	9
chr11:97000000-97500000	chr11	97000000	16	0.481586	0	14
chr11:97500000-98000000	chr11	97500000	20	0.496786	0	16
chr11:98000000-98500000	chr11	98000000	17	0.47692	0	20
chr11:98500000-99000000	chr11	98500000	20	0.486308	0	17
chr11:99000000-99500000	chr11	99000000	17	0.456802	0	3
chr11:99500000-100000000	chr11	99500000	39	0.421708	0	2
chr11:100000000-100500000	chr11	100000000	26	0.482534	0	9
chr11:100500000-101000000	chr11	100500000	17	0.483032	0	16
chr11:101000000-101500000	chr11	101000000	32	0.474492	0	24
chr11:101500000-102000000	chr11	101500000	14	0.469862	0	10
chr11:102000000-102500000	chr11	102000000	25	0.498806	0	24
chr11:102500000-103000000	chr11	102500000	17	0.469412	0	14
chr11:103000000-103500000	chr11	103000000	13	0.485504	0	16
chr11:103500000-104000000	chr11	103500000	10	0.457224	0	9
chr11:104000000-104500000	chr11	104000000	4	0.45995	0	5
chr11:104500000-105000000	chr11	104500000	4	0.412052	0	4
chr11:105000000-105500000	chr11	105000000	6	0.442318	0	6
chr11:105500000-106000000	chr11	105500000	5	0.411112	0	5
chr11:106000000-106500000	chr11	106000000	18	0.458666	0	12
chr11:106500000-107000000	chr11	106500000	11	0.453254	0	6
chr11:107000000-107500000	chr11	107000000	8	0.455564	0	9
chr11:107500000-108000000	chr11	107500000	7	0.4686	0	2
chr11:108000000-108500000	chr11	108000000	3	0.44042	0	2
chr11:108500000-109000000	chr11	108500000	2	0.42669	0	2
chr11:109000000-109500000	chr11	109000000	10	0.462458	0	4
chr11:109500000-110000000	chr11	109500000	6	0.445672	0	4
chr11:110000000-110500000	chr11	110000000	5	0.411834	0	1
chr11:110500000-111000000	chr11	110500000	2	0.404674	0	0
chr11:111000000-111500000	chr11	111000000	1	0.396316	0	0
chr11:111500000-112000000	chr11	111500000	1	0.393582	0	0
chr11:112000000-112500000	chr11	112000000	0	0.407704	0	0
chr11:112500000-113000000	chr11	112500000	4	0.451852	0	3
chr11:113000000-113500000	chr11	113000000	2	0.486772	0	1
chr11:113500000-114000000	chr11	113500000	8	0.494108	0	4
chr11:114000000-114500000	chr11	114000000	6	0.487578	0	2
chr11:114500000-115000000	chr11	114500000	11	0.489974	0	6
chr11:115000000-115500000	chr11	115000000	27	0.504294	0	24
chr11:115500000-116000000	chr11	115500000	20	0.494662	0	16
chr11:116000000-116500000	chr11	116000000	22	0.503644	0	22
chr11:116500000-117000000	chr11	116500000	19	0.500466	0	12
chr11:117000000-117500000	chr11	117000000	9	0.513376	0	7
chr11:117500000-118000000	chr11	117500000	14	0.497898	0	12
chr11:118000000-118500000	chr11	118000000	11	0.510948	0	5
chr11:118500000-119000000	chr11	118500000	2	0.516872	0	4
chr11:119000000-119500000	chr11	119000000	16	0.512202	0	20
chr11:119500000-120000000	chr11	119500000	6	0.493668	0	5
chr11:120000000-120500000	chr11	120000000	24	0.516784	0	21
chr11:120500000-121000000	chr11	120500000	29	0.503644	0	21
chr11:121000000-121500000	chr11	121000000	17	0.46414	0	8
chr11:121500000-122000000	chr11	121500000	4	0.435938	0.034914	4
chr11:122000000-122082543	chr11	122000000	0	nan	1	0
chr12:0-500000	chr12	0	0	nan	1	0
chr12:500000-1000000	chr12	500000	0	nan	1	0
chr12:1000000-1500000	chr12	1000000	0	nan	1	0
chr12:1500000-2000000	chr12	1500000	0	nan	1	0
chr12:2000000-2500000	chr12	2000000	0	nan	1	0
chr12:2500000-3000000	chr12	2500000	0	nan	1	0
chr12:3000000-3500000	chr12	3000000	7	0.42272	0	4
chr12:3500000-4000000	chr12	3500000	4	0.459232	0	5
chr12:4000000-4500000	chr12	4000000	6	0.438616	0	3
chr12:4500000-5000000	chr12	4500000	13	0.424532	0	8
chr12:5000000-5500000	chr12	5000000	2	0.457864	0	2
chr12:5500000-6000000	chr12	5500000	0	0.407498	0	0
chr12:6000000-6500000	chr12	6000000	0	0.379842	0	0
chr12:6500000-7000000	chr12	6500000	0	0.380304	0	0
chr12:7000000-7500000	chr12	7000000	1	0.385796	0	0
chr12:7500000-8000000	chr12	7500000	1	0.4031	0	0
chr12:8000000-8500000	chr12	8000000	3	0.45287	0	5
chr12:8500000-9000000	chr12	8500000	7	0.43868	0	5
chr12:9000000-9500000	chr12	9000000	1	0.425256	0	1
chr12:9500000-10000000	chr12	9500000	2	0.399896	0	2
chr12:10000000-10500000	chr12	10000000	3	0.389582	0	1
chr12:10500000-11000000	chr12	10500000	0	0.400886	0	0
chr12:11000000-11500000	chr12	11000000	10	0.4148	0	4
chr12:11500000-12000000	chr12	11500000	1	0.391258	0	0
chr12:12000000-12500000	chr12	12000000	2	0.416754	0	2
chr12:12500000-13000000	chr12	12500000	4	0.443858	0	4
chr12:13000000-13500000	chr12	13000000	2	0.42849	0	1
chr12:13500000-14000000	chr12	13500000	1	0.413272	0	0
chr12:14000000-14500000	chr12	14000000	2	0.385196	0	2
chr12:14500000-15000000	chr12	14500000	0	0.37486	0	0
chr12:15000000-15500000	chr12	15000000	1	0.379234	0	0
chr12:15500000-16000000	chr12	15500000	2	0.412604	0	1
chr12:16000000-16500000	chr12	16000000	0	0.421052	0	0
chr12:16500000-17000000	chr12	16500000	5	0.451782	0	6
chr12:17000000-17500000	chr12	17000000	7	0.465146	0	4
chr12:17500000-18000000	chr12	17500000	3	0.464034	0	4
chr12:18000000-18500000	chr12	18000000	1	0.43943	0	2
chr12:18500000-19000000	chr12	18500000	1	0.446074	0	3
chr12:19000000-19500000	chr12	19000000	1	0.450998	0	5
chr12:19500000-20000000	chr12	19500000	0	0.452248	0	4
chr12:20000000-20500000	chr12	20000000	0	0.449686	0	4
chr12:20500000-21000000	chr12	20500000	1	0.44973	0	4
chr12:21000000-21500000	chr12	21000000	7	0.452494	0	5
chr12:21500000-22000000	chr12	21500000	0	0.445304	0	4
chr12:22000000-22500000	chr12	22000000	1	0.44836	0	4
chr12:22500000-23000000	chr12	22500000	1	0.446092	0	3
chr12:23000000-23500000	chr12	23000000	2	0.449216	0	4
chr12:23500000-24000000	chr12	23500000	1	0.450094	0	3
chr12:24000000-24500000	chr12	24000000	3	0.444006	0	4
chr12:24500000-25000000	chr12	24500000	7	0.456058	0	6
chr12:25000000-25500000	chr12	25000000	2	0.453952	0	3
chr12:25500000-26000000	chr12	25500000	0	0.419642	0	0
chr12:26000000-26500000	chr12	26000000	8	0.435426	0	2
chr12:26500000-27000000	chr12	26500000	1	0.419644	0	0
chr12:27000000-27500000	chr12	27000000	3	0.427866	0	2
chr12:27500000-28000000	chr12	27500000	0	0.416032	0	0
chr12:28000000-28500000	chr12	28000000	0	0.415061	2e-06	0
chr12:28500000-29000000	chr12	28500000	10	0.466326	0	6
chr12:29000000-29500000	chr12	29000000	1	0.450264	0	0
chr12:29500000-30000000	chr12	29500000	3	0.441962	0	1
chr12:30000000-30500000	chr12	30000000	3	0.42976	0	2
chr12:30500000-31000000	chr12	30500000	4	0.411766	0	3
chr12:31000000-31500000	chr12	31000000	6	0.426628	0	4
chr12:31500000-32000000	chr12	31500000	6	0.406344	0	4
chr12:32000000-32500000	chr12	32000000	3	0.418236	0	2
chr12:32500000-33000000	chr12	32500000	5	0.42283	0	2
chr12:33000000-33500000	chr12	33000000	6	0.454758	0	2
chr12:33500000-34000000	chr12	33500000	2	0.388656	0	2
chr12:34000000-34500000	chr12	34000000	0	0.386282	0	0
chr12:34500000-35000000	chr12	34500000	2	0.396766	0	1
chr12:35000000-35500000	chr12	35000000	2	0.395886	0	1
chr12:35500000-36000000	chr12	35500000	4	0.401052	0	1
chr12:36000000-36500000	chr12	36000000	8	0.410178	0	4
chr12:36500000-37000000	chr12	36500000	1	0.378322	0	0
chr12:37000000-37500000	chr12	37000000	3	0.367132	0	0
chr12:37500000-38000000	chr12	37500000	1	0.371232	0	0
chr12:38000000-38500000	chr12	38000000	0	0.364618	0	0
chr12:38500000-39000000	chr12	38500000	2	0.38195	0	1
chr12:39000000-39500000	chr12	39000000	0	0.369946	0	0
chr12:39500000-40000000	chr12	39500000	0	0.389294	0	0
chr12:40000000-40500000	chr12	40000000	9	0.412908	0	4
chr12:40500000-41000000	chr12	40500000	0	0.408938	0	0
chr12:41000000-41500000	chr12	41000000	2	0.391322	0	1
chr12:41500000-42000000	chr12	41500000	0	0.383758	0.0132	0
chr12:42000000-42500000	chr12	42000000	0	0.374452	0	0
chr12:42500000-43000000	chr12	42500000	0	0.372468	0	0
chr12:43000000-43500000	chr12	43000000	1	0.362094	0	0
chr12:43500000-44000000	chr12	43500000	0	0.384702	0	0
chr12:44000000-44500000	chr12	44000000	5	0.399658	0	4
chr12:44500000-45000000	chr12	44500000	0	0.399024	0	0
chr12:45000000-45500000	chr12	45000000	1	0.39373	0	1
chr12:45500000-46000000	chr12	45500000	0	0.3759	0	0
chr12:46000000-46500000	chr12	46000000	0	0.38077	0	0
chr12:46500000-47000000	chr12	46500000	1	0.371558	0	1
chr12:47000000-47500000	chr12	47000000	0	0.366714	0	0
chr12:47500000-48000000	chr12	47500000	0	0.36604	0	0
chr12:48000000-48500000	chr12	48000000	0	0.368794	0	0
chr12:48500000-49000000	chr12	48500000	0	0.366594	0	0
chr12:49000000-49500000	chr12	49000000	4	0.385832	0	3
chr12:49500000-50000000	chr12	49500000	0	0.37356	0	0
chr12:50000000-50500000	chr12	50000000	0	0.375058	0	0
chr12:50500000-51000000	chr12	50500000	1	0.394354	0	1
chr12:51000000-51500000	chr12	51000000	3	0.4094	0	2
chr12:51500000-52000000	chr12	51500000	5	0.418412	0	4
chr12:52000000-52500000	chr12	52000000	4	0.41666	0	2
chr12:52500000-53000000	chr12	52500000	3	0.407962	0	2
chr12:53000000-53500000	chr12	53000000	1	0.404614	0	2
chr12:53500000-54000000	chr12	53500000	0	0.412222	0	1
chr12:54000000-54500000	chr12	54000000	3	0.439398	0	3
chr12:54500000-55000000	chr12	54500000	6	0.437536	0	9
chr12:55000000-55500000	chr12	55000000	10	0.430412	0	9
chr12:55500000-56000000	chr12	55500000	4	0.405364	0	4
chr12:56000000-56500000	chr12	56000000	2	0.406074	0	1
chr12:56500000-57000000	chr12	56500000	5	0.416344	0	10
chr12:57000000-57500000	chr12	57000000	3	0.386328	0	2
chr12:57500000-58000000	chr12	57500000	4	0.401822	0	4
chr12:58000000-58500000	chr12	58000000	2	0.385918	0	2
chr12:58500000-59000000	chr12	58500000	0	0.399514	0	0
chr12:59000000-59500000	chr12	59000000	6	0.414644	0	6
chr12:59500000-60000000	chr12	59500000	0	0.383864	0	0
chr12:60000000-60500000	chr12	60000000	0	0.3731	0	0
chr12:60500000-61000000	chr12	60500000	0	0.36322	0	0
chr12:61000000-61500000	chr12	61000000	0	0.369162	0	0
chr12:61500000-62000000	chr12	61500000	2	0.36313	0	1
chr12:62000000-62500000	chr12	62000000	0	0.370328	0	0
chr12:62500000-63000000	chr12	62500000	1	0.365792	0	0
chr12:63000000-63500000	chr12	63000000	0	0.366578	0	0
chr12:63500000-64000000	chr12	63500000	0	0.363634	0	0
chr12:64000000-64500000	chr12	64000000	1	0.374548	0	0
chr12:64500000-65000000	chr12	64500000	3	0.391138	0	2
chr12:65000000-65500000	chr12	65000000	5	0.397614	0	5
chr12:65500000-66000000	chr12	65500000	0	0.37614	0	0
chr12:66000000-66500000	chr12	66000000	1	0.3744	0	1
chr12:66500000-67000000	chr12	66500000	0	0.36362	0	0
chr12:67000000-67500000	chr12	67000000	1	0.370518	0	1
chr12:67500000-68000000	chr12	67500000	0	0.374724	0	0
chr12:68000000-68500000	chr12	68000000	0	0.372404	0	0
chr12:68500000-69000000	chr12	68500000	0	0.402716	0	0
chr12:69000000-69500000	chr12	69000000	13	0.433616	0	10
chr12:69500000-70000000	chr12	69500000	13	0.430242	0	6
chr12:70000000-70500000	chr12	70000000	7	0.43783	0	4
chr12:70500000-71000000	chr12	70500000	3	0.435614	0	4
chr12:71000000-71500000	chr12	71000000	7	0.433004	0	6
chr12:71500000-72000000	chr12	71500000	2	0.435196	0	1
chr12:72000000-72500000	chr12	72000000	7	0.427956	0	5
chr12:72500000-73000000	chr12	72500000	5	0.418426	0	6
chr12:73000000-73500000	chr12	73000000	7	0.427018	0	5
chr12:73500000-74000000	chr12	73500000	6	0.439144	0	6
chr12:74000000-74500000	chr12	74000000	2	0.416914	0	1
chr12:74500000-75000000	chr12	74500000	0	0.387326	0	0
chr12:75000000-75500000	chr12	75000000	3	0.413878	0	1
chr12:75500000-76000000	chr12	75500000	6	0.43205	0	4
chr12:76000000-76500000	chr12	76000000	10	0.448248	0	6
chr12:76500000-77000000	chr12	76500000	9	0.471826	0	7
chr12:77000000-77500000	chr12	77000000	1	0.406844	0	1
chr12:77500000-78000000	chr12	77500000	0	0.433058	0	0
chr12:78000000-78500000	chr12	78000000	2	0.38568	0	1
chr12:78500000-79000000	chr12	78500000	5	0.39602	0	4
chr12:79000000-79500000	chr12	79000000	10	0.432632	0	5
chr12:79500000-80000000	chr12	79500000	1	0.44206	0	0
chr12:80000000-80500000	chr12	80000000	7	0.460948	0	11
chr12:80500000-81000000	chr12	80500000	12	0.45324	0	7
chr12:81000000-81500000	chr12	81000000	7	0.43432	0	3
chr12:81500000-82000000	chr12	81500000	7	0.43977	0	6
chr12:82000000-82500000	chr12	82000000	2	0.447938	0	1
chr12:82500000-83000000	chr12	82500000	2	0.433788	0	1
chr12:83000000-83500000	chr12	83000000	1	0.465442	0	1
chr12:83500000-84000000	chr12	83500000	9	0.44138	0	9
chr12:84000000-84500000	chr12	84000000	17	0.44828	0	14
chr12:84500000-85000000	chr12	84500000	11	0.472072	0	9
chr12:85000000-85500000	chr12	85000000	12	0.452744	0	14
chr12:85500000-86000000	chr12	85500000	6	0.456286	0	4
chr12:86000000-86500000	chr12	86000000	5	0.47379	0	7
chr12:86500000-87000000	chr12	86500000	8	0.479618	0	8
chr12:87000000-87500000	chr12	87000000	17	0.450186	0	8
chr12:87500000-88000000	chr12	87500000	10	0.421347	0.2	0
chr12:88000000-88500000	chr12	88000000	9	0.434882	0	2
chr12:88500000-89000000	chr12	88500000	1	0.416134	0	0
chr12:89000000-89500000	chr12	89000000	0	0.391612	0	1
chr12:89500000-90000000	chr12	89500000	0	0.386616	0	0
chr12:90000000-90500000	chr12	90000000	0	0.384558	0	0
chr12:90500000-91000000	chr12	90500000	1	0.390718	0	0
chr12:91000000-91500000	chr12	91000000	4	0.409388	0	0
chr12:91500000-92000000	chr12	91500000	3	0.433224	0	4
chr12:92000000-92500000	chr12	92000000	0	0.390528	0	0
chr12:92500000-93000000	chr12	92500000	0	0.371136	0	0
chr12:93000000-93500000	chr12	93000000	1	0.371446	0	0
chr12:93500000-94000000	chr12	93500000	0	0.364696	0	0
chr12:94000000-94500000	chr12	94000000	0	0.368756	0	0
chr12:94500000-95000000	chr12	94500000	0	0.369328	0	0
chr12:95000000-95500000	chr12	95000000	0	0.3716	0	0
chr12:95500000-96000000	chr12	95500000	1	0.381626	0	1
chr12:96000000-96500000	chr12	96000000	1	0.371592	0	0
chr12:96500000-97000000	chr12	96500000	0	0.366084	0	0
chr12:97000000-97500000	chr12	97000000	0	0.372194	0	0
chr12:97500000-98000000	chr12	97500000	0	0.39522	0	0
chr12:98000000-98500000	chr12	98000000	3	0.422384	0	1
chr12:98500000-99000000	chr12	98500000	7	0.419564	0	6
chr12:99000000-99500000	chr12	99000000	3	0.460106	0	1
chr12:99500000-100000000	chr12	99500000	6	0.442678	0	6
chr12:100000000-100500000	chr12	100000000	5	0.46352	0	4
chr12:100500000-101000000	chr12	100500000	5	0.44633	0	4
chr12:101000000-101500000	chr12	101000000	6	0.40431	0	2
chr12:101500000-102000000	chr12	101500000	7	0.409434	0	5
chr12:102000000-102500000	chr12	102000000	4	0.46899	0	4
chr12:102500000-103000000	chr12	102500000	11	0.456984	0	5
chr12:103000000-103500000	chr12	103000000	10	0.46735	0	4
chr12:103500000-104000000	chr12	103500000	11	0.45067	0	1
chr12:104000000-104500000	chr12	104000000	17	0.457906	0	3
chr12:104500000-105000000	chr12	104500000	2	0.484296	0	2
chr12:105000000-105500000	chr12	105000000	15	0.48147	0	4
chr12:105500000-106000000	chr12	105500000	8	0.472292	0	6
chr12:106000000-106500000	chr12	106000000	3	0.468644	0	2
chr12:106500000-107000000	chr12	106500000	2	0.458858	0	0
chr12:107000000-107500000	chr12	107000000	0	0.453494	0	0
chr12:107500000-108000000	chr12	107500000	1	0.475244	0	2
chr12:108000000-108500000	chr12	108000000	7	0.495604	0	13
chr12:108500000-109000000	chr12	108500000	10	0.472922	0	7
chr12:109000000-109500000	chr12	109000000	2	0.455162	0	5
chr12:109500000-110000000	chr12	109500000	73	0.458646	0	1
chr12:110000000-110500000	chr12	110000000	6	0.47646	0	6
chr12:110500000-111000000	chr12	110500000	12	0.476672	0	11
chr12:111000000-111500000	chr12	111000000	9	0.484868	0	13
chr12:111500000-112000000	chr12	111500000	16	0.475086	0	10
chr12:112000000-112500000	chr12	112000000	10	0.507876	0	6
chr12:112500000-113000000	chr12	112500000	18	0.526952	0	24
chr12:113000000-113500000	chr12	113000000	10	0.488254	0	6
chr12:113500000-114000000	chr12	113500000	1	0.399592	0	0
chr12:114000000-114500000	chr12	114000000	1	0.389702	0	1
chr12:114500000-115000000	chr12	114500000	1	0.393808	0	0
chr12:115000000-115500000	chr12	115000000	1	0.386783	2e-06	0
chr12:115500000-116000000	chr12	115500000	1	0.391656	0	0
chr12:116000000-116500000	chr12	116000000	7	0.420412	0	6
chr12:116500000-117000000	chr12	116500000	0	0.442876	0	0
chr12:117000000-117500000	chr12	117000000	3	0.45527	0	1
chr12:117500000-118000000	chr12	117500000	2	0.427196	0	2
chr12:118000000-118500000	chr12	118000000	2	0.409562	0	2
chr12:118500000-119000000	chr12	118500000	3	0.404274	0	4
chr12:119000000-119500000	chr12	119000000	2	0.380622	0	1
chr12:119500000-120000000	chr12	119500000	1	0.382612	0	0
chr12:120000000-120129022	chr12	120000000	0	nan	0.775062	0
chr13:0-500000	chr13	0	0	nan	1	0
chr13:500000-1000000	chr13	500000	0	nan	1	0
chr13:1000000-1500000	chr13	1000000	0	nan	1	0
chr13:1500000-2000000	chr13	1500000	0	nan	1	0
chr13:2000000-2500000	chr13	2000000	0	nan	1	0
chr13:2500000-3000000	chr13	2500000	0	nan	1	0
chr13:3000000-3500000	chr13	3000000	2	0.419636	0	2
chr13:3500000-4000000	chr13	3500000	9	0.42624	0	5
chr13:4000000-4500000	chr13	4000000	7	0.390022	0	0
chr13:4500000-5000000	chr13	4500000	3	0.382914	0	0
chr13:5000000-5500000	chr13	5000000	0	0.38024	0	0
chr13:5500000-6000000	chr13	5500000	2	0.389568	0	1
chr13:6000000-6500000	chr13	6000000	0	0.397272	0	0
chr13:6500000-7000000	chr13	6500000	2	0.420804	0	2
chr13:7000000-7500000	chr13	7000000	0	0.386892	0	0
chr13:7500000-8000000	chr13	7500000	0	0.379556	0	0
chr13:8000000-8500000	chr13	8000000	1	0.395338	0	0
chr13:8500000-9000000	chr13	8500000	5	0.421758	0	3
chr13:9000000-9500000	chr13	9000000	2	0.419238	0	3
chr13:9500000-10000000	chr13	9500000	1	0.414594	0	1
chr13:10000000-10500000	chr13	10000000	1	0.398484	0	1
chr13:10500000-11000000	chr13	10500000	0	0.392486	0	0
chr13:11000000-11500000	chr13	11000000	0	0.399556	0.07649	0
chr13:11500000-12000000	chr13	11500000	1	0.41229	0	0
chr13:12000000-12500000	chr13	12000000	6	0.445134	0	4
chr13:12500000-13000000	chr13	12500000	5	0.410732	0	4
chr13:13000000-13500000	chr13	13000000	4	0.406692	0	3
chr13:13500000-14000000	chr13	13500000	3	0.41834	0	3
chr13:14000000-14500000	chr13	14000000	3	0.396424	0	2
chr13:14500000-15000000	chr13	14500000	4	0.393748	0	1
chr13:15000000-15500000	chr13	15000000	1	0.398776	0	1
chr13:15500000-16000000	chr13	15500000	2	0.406428	0	0
chr13:16000000-16500000	chr13	16000000	2	0.389552	0	0
chr13:16500000-17000000	chr13	16500000	0	0.386976	0	0
chr13:17000000-17500000	chr13	17000000	0	0.385098	0	0
chr13:17500000-18000000	chr13	17500000	6	0.39732	0	4
chr13:18000000-18500000	chr13	18000000	2	0.403968	0	0
chr13:18500000-19000000	chr13	18500000	2	0.399334	0	1
chr13:19000000-19500000	chr13	19000000	1	0.404776	0	1
chr13:19500000-20000000	chr13	19500000	6	0.400514	0	3
chr13:20000000-20500000	chr13	20000000	1	0.424186	0	1
chr13:20500000-21000000	chr13	20500000	1	0.41415	0	0
chr13:21000000-21500000	chr13	21000000	16	0.418438	0	6
chr13:21500000-22000000	chr13	21500000	31	0.413628	0	17
chr13:22000000-22500000	chr13	22000000	20	0.408738	0	6
chr13:22500000-23000000	chr13	22500000	11	0.400136	0	0
chr13:23000000-23500000	chr13	23000000	19	0.410808	0	5
chr13:23500000-24000000	chr13	23500000	39	0.420704	0	26
chr13:24000000-24500000	chr13	24000000	3	0.437452	0	1
chr13:24500000-25000000	chr13	24500000	13	0.447068	0	7
chr13:25000000-25500000	chr13	25000000	3	0.420876	0	3
chr13:25500000-26000000	chr13	25500000	1	0.386264	0	0
chr13:26000000-26500000	chr13	26000000	1	0.379452	0	0
chr13:26500000-27000000	chr13	26500000	1	0.3825	0	0
chr13:27000000-27500000	chr13	27000000	11	0.369096	0	0
chr13:27500000-28000000	chr13	27500000	10	0.373096	0	0
chr13:28000000-28500000	chr13	28000000	2	0.39273	0	0
chr13:28500000-29000000	chr13	28500000	3	0.429876	0	3
chr13:29000000-29500000	chr13	29000000	1	0.428682	0	0
chr13:29500000-30000000	chr13	29500000	2	0.422224	0	2
chr13:30000000-30500000	chr13	30000000	2	0.425666	0	1
chr13:30500000-31000000	chr13	30500000	6	0.42733	0	4
chr13:31000000-31500000	chr13	31000000	1	0.425854	0	0
chr13:31500000-32000000	chr13	31500000	4	0.43706	0	8
chr13:32000000-32500000	chr13	32000000	1	0.396766	0	1
chr13:32500000-33000000	chr13	32500000	5	0.419628	0	1
chr13:33000000-33500000	chr13	33000000	10	0.40035	0	0
chr13:33500000-34000000	chr13	33500000	6	0.409544	0	1
chr13:34000000-34500000	chr13	34000000	8	0.44244	0	6
chr13:34500000-35000000	chr13	34500000	8	0.43048	0	5
chr13:35000000-35500000	chr13	35000000	3	0.417444	0	0
chr13:35500000-36000000	chr13	35500000	3	0.432634	0	4
chr13:36000000-36500000	chr13	36000000	2	0.417292	0	1
chr13:36500000-37000000	chr13	36500000	1	0.426028	0	5
chr13:37000000-37500000	chr13	37000000	3	0.426394	0	0
chr13:37500000-38000000	chr13	37500000	3	0.45711	0	5
chr13:38000000-38500000	chr13	38000000	6	0.444466	0	4
chr13:38500000-39000000	chr13	38500000	5	0.433396	0	4
chr13:39000000-39500000	chr13	39000000	0	0.402576	0	0
chr13:39500000-40000000	chr13	39500000	2	0.397168	0.065	0
chr13:40000000-40500000	chr13	40000000	1	0.406596	0	0
chr13:40500000-41000000	chr13	40500000	3	0.440162	0	7
chr13:41000000-41500000	chr13	41000000	9	0.44214	0	7
chr13:41500000-42000000	chr13	41500000	3	0.428618	0	1
chr13:42000000-42500000	chr13	42000000	2	0.424962	0	3
chr13:42500000-43000000	chr13	42500000	1	0.425462	0	1
chr13:43000000-43500000	chr13	43000000	5	0.44967	0	6
chr13:43500000-44000000	chr13	43500000	4	0.448656	0	4
chr13:44000000-44500000	chr13	44000000	4	0.449512	0	0
chr13:44500000-45000000	chr13	44500000	1	0.437716	0	3
chr13:45000000-45500000	chr13	45000000	2	0.439084	0	3
chr13:45500000-46000000	chr13	45500000	3	0.447624	0	4
chr13:46000000-46500000	chr13	46000000	2	0.432688	0	1
chr13:46500000-47000000	chr13	46500000	4	0.444864	0	4
chr13:47000000-47500000	chr13	47000000	6	0.440792	0	5
chr13:47500000-48000000	chr13	47500000	2	0.41506	0	0
chr13:48000000-48500000	chr13	48000000	5	0.434222	0	2
chr13:48500000-49000000	chr13	48500000	10	0.46543	0	12
chr13:49000000-49500000	chr13	49000000	7	0.482442	0	8
chr13:49500000-50000000	chr13	49500000	7	0.419348	0	2
chr13:50000000-50500000	chr13	50000000	4	0.433238	0	1
chr13:50500000-51000000	chr13	50500000	5	0.431428	0	0
chr13:51000000-51500000	chr13	51000000	5	0.461326	0	4
chr13:51500000-52000000	chr13	51500000	5	0.47898	0	7
chr13:52000000-52500000	chr13	52000000	1	0.461218	0	0
chr13:52500000-53000000	chr13	52500000	6	0.472196	0	5
chr13:53000000-53500000	chr13	53000000	4	0.46857	0	7
chr13:53500000-54000000	chr13	53500000	3	0.448306	0	0
chr13:54000000-54500000	chr13	54000000	6	0.468256	0.014	6
chr13:54500000-55000000	chr13	54500000	18	0.48952	0	16
chr13:55000000-55500000	chr13	55000000	18	0.46439	0	16
chr13:55500000-56000000	chr13	55500000	15	0.479628	0	16
chr13:56000000-56500000	chr13	56000000	9	0.48395	0	5
chr13:56500000-57000000	chr13	56500000	7	0.465484	0	5
chr13:57000000-57500000	chr13	57000000	0	0.446266	0	0
chr13:57500000-58000000	chr13	57500000	1	0.464162	0	1
chr13:58000000-58500000	chr13	58000000	13	0.453114	0	6
chr13:58500000-59000000	chr13	58500000	3	0.452568	0	2
chr13:59000000-59500000	chr13	59000000	3	0.452114	0	0
chr13:59500000-60000000	chr13	59500000	12	0.455702	0	4
chr13:60000000-60500000	chr13	60000000	3	0.451562	0	1
chr13:60500000-61000000	chr13	60500000	8	0.434988	0	1
chr13:61000000-61500000	chr13	61000000	7	0.388302	0	0
chr13:61500000-62000000	chr13	61500000	4	0.403852	0	1
chr13:62000000-62500000	chr13	62000000	4	0.40991	0	0
chr13:62500000-63000000	chr13	62500000	8	0.421876	0	3
chr13:63000000-63500000	chr13	63000000	6	0.440528	0	2
chr13:63500000-64000000	chr13	63500000	3	0.432166	0	5
chr13:64000000-64500000	chr13	64000000	10	0.436228	0	6
chr13:64500000-65000000	chr13	64500000	2	0.39661	0	0
chr13:65000000-65500000	chr13	65000000	8	0.400974	0	9
chr13:65500000-66000000	chr13	65500000	2	0.402126	0	3
chr13:66000000-66500000	chr13	66000000	2	0.406794	0	3
chr13:66500000-67000000	chr13	66500000	4	0.40261	0	3
chr13:67000000-67500000	chr13	67000000	18	0.406018	0	1
chr13:67500000-68000000	chr13	67500000	15	0.417254	0	2
chr13:68000000-68500000	chr13	68000000	2	0.434944	0	0
chr13:68500000-69000000	chr13	68500000	4	0.424824	0	2
chr13:69000000-69500000	chr13	69000000	1	0.426708	0	0
chr13:69500000-70000000	chr13	69500000	7	0.458594	0	4
chr13:70000000-70500000	chr13	70000000	3	0.430748	0	0
chr13:70500000-71000000	chr13	70500000	5	0.438386	0	1
chr13:71000000-71500000	chr13	71000000	1	0.42344	0	0
chr13:71500000-72000000	chr13	71500000	1	0.426742	0	2
chr13:72000000-72500000	chr13	72000000	0	0.43427	0	0
chr13:72500000-73000000	chr13	72500000	3	0.44266	0	2
chr13:73000000-73500000	chr13	73000000	6	0.45686	0	8
chr13:73500000-74000000	chr13	73500000	11	0.470126	0	5
chr13:74000000-74500000	chr13	74000000	14	0.430188	0	10
chr13:74500000-75000000	chr13	74500000	3	0.398906	0	2
chr13:75000000-75500000	chr13	75000000	1	0.390204	0	0
chr13:75500000-76000000	chr13	75500000	5	0.406304	0	2
chr13:76000000-76500000	chr13	76000000	6	0.397694	0	3
chr13:76500000-77000000	chr13	76500000	0	0.386392	0	0
chr13:77000000-77500000	chr13	77000000	2	0.377364	0	1
chr13:77500000-78000000	chr13	77500000	1	0.389684	0	1
chr13:78000000-78500000	chr13	78000000	3	0.399658	0	6
chr13:78500000-79000000	chr13	78500000	0	0.377502	0	0
chr13:79000000-79500000	chr13	79000000	0	0.367262	0	0
chr13:79500000-80000000	chr13	79500000	0	0.374608	0	0
chr13:80000000-80500000	chr13	80000000	0	0.369332	0	0
chr13:80500000-81000000	chr13	80500000	3	0.390034	0	3
chr13:81000000-81500000	chr13	81000000	0	0.402836	0	1
chr13:81500000-82000000	chr13	81500000	5	0.39949	0	4
chr13:82000000-82500000	chr13	82000000	0	0.382446	0	0
chr13:82500000-83000000	chr13	82500000	1	0.365586	0	0
chr13:83000000-83500000	chr13	83000000	0	0.374866	0	0
chr13:83500000-84000000	chr13	83500000	5	0.3858	0	4
chr13:84000000-84500000	chr13	84000000	3	0.387608	0	1
chr13:84500000-85000000	chr13	84500000	0	0.375924	0	0
chr13:85000000-85500000	chr13	85000000	2	0.380628	0	2
chr13:85500000-86000000	chr13	85500000	0	0.37718	0	0
chr13:86000000-86500000	chr13	86000000	1	0.374512	0	1
chr13:86500000-87000000	chr13	86500000	0	0.370262	0	0
chr13:87000000-87500000	chr13	87000000	0	0.369454	0	0
chr13:87500000-88000000	chr13	87500000	0	0.367002	0	0
chr13:88000000-88500000	chr13	88000000	0	0.361776	0	0
chr13:88500000-89000000	chr13	88500000	2	0.365168	0	1
chr13:89000000-89500000	chr13	89000000	0	0.364524	0	0
chr13:89500000-90000000	chr13	89500000	2	0.380892	0	2
chr13:90000000-90500000	chr13	90000000	2	0.383242	0	1
chr13:90500000-91000000	chr13	90500000	2	0.401786	0	1
chr13:91000000-91500000	chr13	91000000	3	0.412926	0	2
chr13:91500000-92000000	chr13	91500000	4	0.408988	0.00531	2
chr13:92000000-92500000	chr13	92000000	5	0.423161	0.040092	3
chr13:92500000-93000000	chr13	92500000	5	0.43588	0	4
chr13:93000000-93500000	chr13	93000000	6	0.40806	0	3
chr13:93500000-94000000	chr13	93500000	6	0.441896	0	2
chr13:94000000-94500000	chr13	94000000	4	0.440136	0	4
chr13:94500000-95000000	chr13	94500000	3	0.431572	0	10
chr13:95000000-95500000	chr13	95000000	6	0.4446	0	4
chr13:95500000-96000000	chr13	95500000	4	0.447308	0	5
chr13:96000000-96500000	chr13	96000000	4	0.420732	0	2
chr13:96500000-97000000	chr13	96500000	5	0.408728	0	5
chr13:97000000-97500000	chr13	97000000	7	0.4437	0	4
chr13:97500000-98000000	chr13	97500000	3	0.439944	0	0
chr13:98000000-98500000	chr13	98000000	7	0.444978	0	6
chr13:98500000-99000000	chr13	98500000	5	0.434472	0	10
chr13:99000000-99500000	chr13	99000000	6	0.451656	0	1
chr13:99500000-100000000	chr13	99500000	3	0.441538	0	2
chr13:100000000-100500000	chr13	100000000	10	0.418762	0	5
chr13:100500000-101000000	chr13	100500000	11	0.432356	0	10
chr13:101000000-101500000	chr13	101000000	3	0.411372	0	0
chr13:101500000-102000000	chr13	101500000	3	0.41924	0	2
chr13:102000000-102500000	chr13	102000000	0	0.3984	0	0
chr13:102500000-103000000	chr13	102500000	2	0.429872	0	0
chr13:103000000-103500000	chr13	103000000	1	0.428758	0	1
chr13:103500000-104000000	chr13	103500000	3	0.4191	0	3
chr13:104000000-104500000	chr13	104000000	8	0.389436	0	3
chr13:104500000-105000000	chr13	104500000	3	0.412178	0	2
chr13:105000000-105500000	chr13	105000000	4	0.399528	0	3
chr13:105500000-106000000	chr13	105500000	0	0.376462	0	0
chr13:106000000-106500000	chr13	106000000	0	0.384344	0	0
chr13:106500000-107000000	chr13	106500000	4	0.408116	0	2
chr13:107000000-107500000	chr13	107000000	3	0.421494	0	1
chr13:107500000-108000000	chr13	107500000	2	0.44042	0	2
chr13:108000000-108500000	chr13	108000000	5	0.42314	0	4
chr13:108500000-109000000	chr13	108500000	1	0.395046	0	0
chr13:109000000-109500000	chr13	109000000	1	0.3951	0	1
chr13:109500000-110000000	chr13	109500000	1	0.41165	0	1
chr13:110000000-110500000	chr13	110000000	3	0.412524	0	1
chr13:110500000-111000000	chr13	110500000	3	0.397596	0	0
chr13:111000000-111500000	chr13	111000000	3	0.41246	0	1
chr13:111500000-112000000	chr13	111500000	4	0.444946	0	6
chr13:112000000-112500000	chr13	112000000	3	0.444306	0	1
chr13:112500000-113000000	chr13	112500000	8	0.428966	0	9
chr13:113000000-113500000	chr13	113000000	10	0.432222	0	2
chr13:113500000-114000000	chr13	113500000	4	0.436176	0	2
chr13:114000000-114500000	chr13	114000000	3	0.42053	0	3
chr13:114500000-115000000	chr13	114500000	4	0.406888	0	1
chr13:115000000-115500000	chr13	115000000	2	0.386592	0	1
chr13:115500000-116000000	chr13	115500000	0	0.37241	0	0
chr13:116000000-116500000	chr13	116000000	1	0.380844	0	1
chr13:116500000-117000000	chr13	116500000	1	0.392674	0	1
chr13:117000000-117500000	chr13	117000000	3	0.405006	0	2
chr13:117500000-118000000	chr13	117500000	2	0.365604	0	1
chr13:118000000-118500000	chr13	118000000	1	0.378624	0	1
chr13:118500000-119000000	chr13	118500000	3	0.376438	0	1
chr13:119000000-119500000	chr13	119000000	5	0.397629	0.00899	4
chr13:119500000-120000000	chr13	119500000	10	0.433565	0.19101	6
chr13:120000000-120421639	chr13	120000000	7	0.430716	0.23717	2
chr14:0-500000	chr14	0	0	nan	1	0
chr14:500000-1000000	chr14	500000	0	nan	1	0
chr14:1000000-1500000	chr14	1000000	0	nan	1	0
chr14:1500000-2000000	chr14	1500000	0	nan	1	0
chr14:2000000-2500000	chr14	2000000	0	nan	1	0
chr14:2500000-3000000	chr14	2500000	0	nan	1	0
chr14:3000000-3500000	chr14	3000000	11	0.424622	0	5
chr14:3500000-4000000	chr14	3500000	2	0.426452	0	3
chr14:4000000-4500000	chr14	4000000	3	0.423558	0	6
chr14:4500000-5000000	chr14	4500000	1	0.4236	0	2
chr14:5000000-5500000	chr14	5000000	5	0.424298	0	4
chr14:5500000-6000000	chr14	5500000	0	0.42362	0	5
chr14:6000000-6500000	chr14	6000000	1	0.421658	0	4
chr14:6500000-7000000	chr14	6500000	4	0.422358	0	3
chr14:7000000-7500000	chr14	7000000	7	0.426828	0	7
chr14:7500000-8000000	chr14	7500000	4	0.440052	0	4
chr14:8000000-8500000	chr14	8000000	11	0.451066	0	5
chr14:8500000-9000000	chr14	8500000	2	0.399518	0	1
chr14:9000000-9500000	chr14	9000000	0	0.40772	0	0
chr14:9500000-10000000	chr14	9500000	2	0.403724	0	0
chr14:10000000-10500000	chr14	10000000	0	0.395802	0	0
chr14:10500000-11000000	chr14	10500000	1	0.402288	0	0
chr14:11000000-11500000	chr14	11000000	2	0.408028	0	1
chr14:11500000-12000000	chr14	11500000	1	0.435318	0	1
chr14:12000000-12500000	chr14	12000000	2	0.426752	0	3
chr14:12500000-13000000	chr14	12500000	1	0.41501	0	1
chr14:13000000-13500000	chr14	13000000	2	0.404074	0	0
chr14:13500000-14000000	chr14	13500000	3	0.404512	0	1
chr14:14000000-14500000	chr14	14000000	5	0.408578	0	4
chr14:14500000-15000000	chr14	14500000	2	0.410608	0	1
chr14:15000000-15500000	chr14	15000000	2	0.407564	0	1
chr14:15500000-16000000	chr14	15500000	0	0.400624	0	0
chr14:16000000-16500000	chr14	16000000	3	0.401984	0	3
chr14:16500000-17000000	chr14	16500000	0	0.416728	0	1
chr14:17000000-17500000	chr14	17000000	2	0.40161	0	1
chr14:17500000-18000000	chr14	17500000	1	0.413486	0	1
chr14:18000000-18500000	chr14	18000000	4	0.42533	0	4
chr14:18500000-19000000	chr14	18500000	1	0.410358	0	1
chr14:19000000-19500000	chr14	19000000	0	0.412878	0.1	1
chr14:19500000-20000000	chr14	19500000	6	0.43651	0	3
chr14:20000000-20500000	chr14	20000000	11	0.45108	0	5
chr14:20500000-21000000	chr14	20500000	16	0.431966	0	11
chr14:21000000-21500000	chr14	21000000	3	0.407622	0	3
chr14:21500000-22000000	chr14	21500000	7	0.449288	0	8
chr14:22000000-22500000	chr14	22000000	1	0.433618	0	1
chr14:22500000-23000000	chr14	22500000	1	0.420338	0	0
chr14:23000000-23500000	chr14	23000000	1	0.409142	0	0
chr14:23500000-24000000	chr14	23500000	0	0.446064	0	0
chr14:24000000-24500000	chr14	24000000	7	0.459962	0	5
chr14:24500000-25000000	chr14	24500000	0	0.465375	0.104262	1
chr14:25000000-25500000	chr14	25000000	3	0.485696	0	3
chr14:25500000-26000000	chr14	25500000	13	0.494408	0	6
chr14:26000000-26500000	chr14	26000000	9	0.449586	0	5
chr14:26500000-27000000	chr14	26500000	8	0.407443	0.016	5
chr14:27000000-27500000	chr14	27000000	4	0.44147	0	4
chr14:27500000-28000000	chr14	27500000	2	0.420258	0	2
chr14:28000000-28500000	chr14	28000000	0	0.424466	0	0
chr14:28500000-29000000	chr14	28500000	2	0.42639	0	3
chr14:29000000-29500000	chr14	29000000	1	0.429964	0	0
chr14:29500000-30000000	chr14	29500000	4	0.44142	0	3
chr14:30000000-30500000	chr14	30000000	5	0.451414	0	2
chr14:30500000-31000000	chr14	30500000	11	0.460322	0	6
chr14:31000000-31500000	chr14	31000000	20	0.464732	0	10
chr14:31500000-32000000	chr14	31500000	4	0.43316	0	3
chr14:32000000-32500000	chr14	32000000	11	0.447854	0	7
chr14:32500000-33000000	chr14	32500000	7	0.457206	0	4
chr14:33000000-33500000	chr14	33000000	3	0.456134	0	3
chr14:33500000-34000000	chr14	33500000	6	0.448622	0	2
chr14:34000000-34500000	chr14	34000000	14	0.445448	0	2
chr14:34500000-35000000	chr14	34500000	9	0.45762	0	7
chr14:35000000-35500000	chr14	35000000	0	0.420768	0	0
chr14:35500000-36000000	chr14	35500000	1	0.394504	0	0
chr14:36000000-36500000	chr14	36000000	1	0.39077	0	0
chr14:36500000-37000000	chr14	36500000	1	0.406406	0	1
chr14:37000000-37500000	chr14	37000000	6	0.415322	0	1
chr14:37500000-38000000	chr14	37500000	0	0.38318	0	0
chr14:38000000-38500000	chr14	38000000	0	0.380946	0	0
chr14:38500000-39000000	chr14	38500000	1	0.37435	0	0
chr14:39000000-39500000	chr14	39000000	2	0.373912	0	2
chr14:39500000-40000000	chr14	39500000	1	0.37977	0	0
chr14:40000000-40500000	chr14	40000000	0	0.381622	0	0
chr14:40500000-41000000	chr14	40500000	2	0.419694	0	1
chr14:41000000-41500000	chr14	41000000	11	0.421974	0	3
chr14:41500000-42000000	chr14	41500000	7	0.412648	0.2	0
chr14:42000000-42500000	chr14	42000000	5	0.415654	0	0
chr14:42500000-43000000	chr14	42500000	4	0.417215	0.2	1
chr14:43000000-43500000	chr14	43000000	9	0.409882	0.1	1
chr14:43500000-44000000	chr14	43500000	7	0.42274	0	0
chr14:44000000-44500000	chr14	44000000	12	0.413952	0	0
chr14:44500000-45000000	chr14	44500000	7	0.41507	0	2
chr14:45000000-45500000	chr14	45000000	6	0.413348	0	5
chr14:45500000-46000000	chr14	45500000	4	0.430532	0	2
chr14:46000000-46500000	chr14	46000000	4	0.42009	0	3
chr14:46500000-47000000	chr14	46500000	9	0.44341	0	5
chr14:47000000-47500000	chr14	47000000	8	0.445	0	6
chr14:47500000-48000000	chr14	47500000	4	0.437618	0	2
chr14:48000000-48500000	chr14	48000000	3	0.441298	0	2
chr14:48500000-49000000	chr14	48500000	3	0.433078	0	4
chr14:49000000-49500000	chr14	49000000	4	0.403584	0	3
chr14:49500000-50000000	chr14	49500000	6	0.396294	0	0
chr14:50000000-50500000	chr14	50000000	17	0.382252	0	1
chr14:50500000-51000000	chr14	50500000	20	0.42069	0	3
chr14:51000000-51500000	chr14	51000000	18	0.415124	0	2
chr14:51500000-52000000	chr14	51500000	13	0.427536	0	4
chr14:52000000-52500000	chr14	52000000	19	0.427652	0	9
chr14:52500000-53000000	chr14	52500000	0	0.408658	0	0
chr14:53000000-53500000	chr14	53000000	1	0.411678	0	0
chr14:53500000-54000000	chr14	53500000	0	0.412938	0	0
chr14:54000000-54500000	chr14	54000000	10	0.448982	0	6
chr14:54500000-55000000	chr14	54500000	29	0.475768	0	17
chr14:55000000-55500000	chr14	55000000	10	0.45726	0	5
chr14:55500000-56000000	chr14	55500000	35	0.480646	0	20
chr14:56000000-56500000	chr14	56000000	16	0.422316	0	2
chr14:56500000-57000000	chr14	56500000	9	0.414318	0	6
chr14:57000000-57500000	chr14	57000000	6	0.445064	0	6
chr14:57500000-58000000	chr14	57500000	13	0.434588	0	10
chr14:58000000-58500000	chr14	58000000	1	0.43216	0	3
chr14:58500000-59000000	chr14	58500000	0	0.413848	0	0
chr14:59000000-59500000	chr14	59000000	10	0.413738	0	2
chr14:59500000-60000000	chr14	59500000	2	0.442432	0	2
chr14:60000000-60500000	chr14	60000000	6	0.435538	0	5
chr14:60500000-61000000	chr14	60500000	3	0.455446	0	2
chr14:61000000-61500000	chr14	61000000	8	0.435318	0	6
chr14:61500000-62000000	chr14	61500000	6	0.422278	0	6
chr14:62000000-62500000	chr14	62000000	3	0.440236	0	2
chr14:62500000-63000000	chr14	62500000	10	0.42759	0	3
chr14:63000000-63500000	chr14	63000000	12	0.468681	6e-06	9
chr14:63500000-64000000	chr14	63500000	9	0.45931	0	6
chr14:64000000-64500000	chr14	64000000	6	0.45632	0	1
chr14:64500000-65000000	chr14	64500000	7	0.438024	0	2
chr14:65000000-65500000	chr14	65000000	6	0.451552	0	7
chr14:65500000-66000000	chr14	65500000	8	0.457326	0	5
chr14:66000000-66500000	chr14	66000000	8	0.451124	0	2
chr14:66500000-67000000	chr14	66500000	4	0.447456	0	3
chr14:67000000-67500000	chr14	67000000	6	0.444796	0	6
chr14:67500000-68000000	chr14	67500000	5	0.441246	0	2
chr14:68000000-68500000	chr14	68000000	3	0.41621	0	2
chr14:68500000-69000000	chr14	68500000	3	0.399478	0	0
chr14:69000000-69500000	chr14	69000000	7	0.455306	0	5
chr14:69500000-70000000	chr14	69500000	10	0.47204	0	8
chr14:70000000-70500000	chr14	70000000	12	0.474792	0	11
chr14:70500000-71000000	chr14	70500000	15	0.468996	0	14
chr14:71000000-71500000	chr14	71000000	2	0.422286	0	0
chr14:71500000-72000000	chr14	71500000	1	0.40775	0	0
chr14:72000000-72500000	chr14	72000000	0	0.434104	0	0
chr14:72500000-73000000	chr14	72500000	1	0.4085	0	3
chr14:73000000-73500000	chr14	73000000	7	0.420978	0	3
chr14:73500000-74000000	chr14	73500000	3	0.409418	0	3
chr14:74000000-74500000	chr14	74000000	1	0.392222	0	0
chr14:74500000-75000000	chr14	74500000	5	0.426392	0	2
chr14:75000000-75500000	chr14	75000000	7	0.433534	0	3
chr14:75500000-76000000	chr14	75500000	8	0.443142	0	3
chr14:76000000-76500000	chr14	76000000	5	0.4447	0	3
chr14:76500000-77000000	chr14	76500000	4	0.443672	0	2
chr14:77000000-77500000	chr14	77000000	3	0.417272	0	2
chr14:77500000-78000000	chr14	77500000	4	0.429916	0	1
chr14:78000000-78500000	chr14	78000000	4	0.424494	0	1
chr14:78500000-79000000	chr14	78500000	3	0.424742	0	4
chr14:79000000-79500000	chr14	79000000	9	0.43434	0	5
chr14:79500000-80000000	chr14	79500000	7	0.434372	0	4
chr14:80000000-80500000	chr14	80000000	1	0.406968	0	0
chr14:80500000-81000000	chr14	80500000	0	0.376354	0	0
chr14:81000000-81500000	chr14	81000000	0	0.366738	0	0
chr14:81500000-82000000	chr14	81500000	0	0.363034	0	0
chr14:82000000-82500000	chr14	82000000	0	0.366434	0	0
chr14:82500000-83000000	chr14	82500000	0	0.362234	0	0
chr14:83000000-83500000	chr14	83000000	0	0.35698	0	0
chr14:83500000-84000000	chr14	83500000	0	0.361958	0	0
chr14:84000000-84500000	chr14	84000000	4	0.363338	0	3
chr14:84500000-85000000	chr14	84500000	0	0.36353	0	0
chr14:85000000-85500000	chr14	85000000	0	0.36646	0	0
chr14:85500000-86000000	chr14	85500000	0	0.368522	0	0
chr14:86000000-86500000	chr14	86000000	2	0.389422	0	0
chr14:86500000-87000000	chr14	86500000	0	0.395764	0	0
chr14:87000000-87500000	chr14	87000000	2	0.404382	0	2
chr14:87500000-88000000	chr14	87500000	0	0.39081	0	0
chr14:88000000-88500000	chr14	88000000	1	0.370922	0	0
chr14:88500000-89000000	chr14	88500000	0	0.36078	0	0
chr14:89000000-89500000	chr14	89000000	0	0.362522	0	0
chr14:89500000-90000000	chr14	89500000	1	0.354826	0	1
chr14:90000000-90500000	chr14	90000000	1	0.362862	0	0
chr14:90500000-91000000	chr14	90500000	0	0.357156	0	0
chr14:91000000-91500000	chr14	91000000	0	0.360544	0	0
chr14:91500000-92000000	chr14	91500000	0	0.369674	0	0
chr14:92000000-92500000	chr14	92000000	0	0.362782	0	0
chr14:92500000-93000000	chr14	92500000	0	0.370872	0	0
chr14:93000000-93500000	chr14	93000000	0	0.35754	0	0
chr14:93500000-94000000	chr14	93500000	1	0.357558	0	1
chr14:94000000-94500000	chr14	94000000	0	0.36383	0	0
chr14:94500000-95000000	chr14	94500000	0	0.36394	0	0
chr14:95000000-95500000	chr14	95000000	0	0.36117	0	0
chr14:95500000-96000000	chr14	95500000	1	0.3589	0	0
chr14:96000000-96500000	chr14	96000000	0	0.365428	0	0
chr14:96500000-97000000	chr14	96500000	1	0.365488	0	0
chr14:97000000-97500000	chr14	97000000	0	0.367548	0	0
chr14:97500000-98000000	chr14	97500000	0	0.361332	0	0
chr14:98000000-98500000	chr14	98000000	1	0.371168	0	0
chr14:98500000-99000000	chr14	98500000	0	0.392148	0	0
chr14:99000000-99500000	chr14	99000000	5	0.422284	0	3
chr14:99500000-100000000	chr14	99500000	1	0.407758	0	0
chr14:100000000-100500000	chr14	100000000	1	0.404208	0	1
chr14:100500000-101000000	chr14	100500000	0	0.389728	0	0
chr14:101000000-101500000	chr14	101000000	1	0.399204	0	0
chr14:101500000-102000000	chr14	101500000	5	0.419446	0	4
chr14:102000000-102500000	chr14	102000000	0	0.388674	0	0
chr14:102500000-103000000	chr14	102500000	2	0.4038	0	1
chr14:103000000-103500000	chr14	103000000	8	0.40182	0	3
chr14:103500000-104000000	chr14	103500000	4	0.41429	0	1
chr14:104000000-104500000	chr14	104000000	3	0.396642	0	1
chr14:104500000-105000000	chr14	104500000	2	0.404162	0	2
chr14:105000000-105500000	chr14	105000000	4	0.405384	0	2
chr14:105500000-106000000	chr14	105500000	3	0.412502	0	3
chr14:106000000-106500000	chr14	106000000	2	0.394924	0	1
chr14:106500000-107000000	chr14	106500000	0	0.3692	0	0
chr14:107000000-107500000	chr14	107000000	0	0.362664	0	0
chr14:107500000-108000000	chr14	107500000	0	0.360788	0	0
chr14:108000000-108500000	chr14	108000000	0	0.357848	0	0
chr14:108500000-109000000	chr14	108500000	1	0.35986	0	1
chr14:109000000-109500000	chr14	109000000	0	0.360742	0	0
chr14:109500000-110000000	chr14	109500000	0	0.369666	0	0
chr14:110000000-110500000	chr14	110000000	0	0.366266	0	0
chr14:110500000-111000000	chr14	110500000	1	0.364636	0	0
chr14:111000000-111500000	chr14	111000000	0	0.36132	0	0
chr14:111500000-112000000	chr14	111500000	1	0.364764	0	1
chr14:112000000-112500000	chr14	112000000	0	0.366152	0	0
chr14:112500000-113000000	chr14	112500000	0	0.358436	0	0
chr14:113000000-113500000	chr14	113000000	0	0.36668	0	0
chr14:113500000-114000000	chr14	113500000	0	0.368674	0	0
chr14:114000000-114500000	chr14	114000000	0	0.374424	0	0
chr14:114500000-115000000	chr14	114500000	3	0.393788	0	0
chr14:115000000-115500000	chr14	115000000	9	0.396424	0	2
chr14:115500000-116000000	chr14	115500000	0	0.373212	0	0
chr14:116000000-116500000	chr14	116000000	0	0.375436	0	0
chr14:116500000-117000000	chr14	116500000	1	0.390324	0	1
chr14:117000000-117500000	chr14	117000000	0	0.392888	0	0
chr14:117500000-118000000	chr14	117500000	1	0.41849	0	0
chr14:118000000-118500000	chr14	118000000	8	0.444384	0	7
chr14:118500000-119000000	chr14	118500000	6	0.458412	0	7
chr14:119000000-119500000	chr14	119000000	3	0.406816	0	2
chr14:119500000-120000000	chr14	119500000	1	0.41088	0	0
chr14:120000000-120500000	chr14	120000000	3	0.435922	0	2
chr14:120500000-121000000	chr14	120500000	1	0.442456	0	2
chr14:121000000-121500000	chr14	121000000	3	0.466494	0	2
chr14:121500000-122000000	chr14	121500000	6	0.454328	0	2
chr14:122000000-122500000	chr14	122000000	10	0.44873	0	6
chr14:122500000-123000000	chr14	122500000	3	0.414044	0	3
chr14:123000000-123500000	chr14	123000000	1	0.39742	0	0
chr14:123500000-124000000	chr14	123500000	3	0.382954	0	1
chr14:124000000-124500000	chr14	124000000	0	0.375484	0	0
chr14:124500000-124902244	chr14	124500000	1	0.384878	0.248605	0
chr15:0-500000	chr15	0	0	nan	1	0
chr15:500000-1000000	chr15	500000	0	nan	1	0
chr15:1000000-1500000	chr15	1000000	0	nan	1	0
chr15:1500000-2000000	chr15	1500000	0	nan	1	0
chr15:2000000-2500000	chr15	2000000	0	nan	1	0
chr15:2500000-3000000	chr15	2500000	0	nan	1	0
chr15:3000000-3500000	chr15	3000000	2	0.405371	0.1	0
chr15:3500000-4000000	chr15	3500000	4	0.390552	0	3
chr15:4000000-4500000	chr15	4000000	3	0.396394	0	1
chr15:4500000-5000000	chr15	4500000	2	0.39727	0	0
chr15:5000000-5500000	chr15	5000000	8	0.41179	0	5
chr15:5500000-6000000	chr15	5500000	0	0.386278	0	0
chr15:6000000-6500000	chr15	6000000	4	0.399468	0	1
chr15:6500000-7000000	chr15	6500000	4	0.421746	0	2
chr15:7000000-7500000	chr15	7000000	2	0.435796	0	2
chr15:7500000-8000000	chr15	7500000	1	0.42769	0	3
chr15:8000000-8500000	chr15	8000000	5	0.401296	0	4
chr15:8500000-9000000	chr15	8500000	2	0.425462	0.005538	3
chr15:9000000-9500000	chr15	9000000	6	0.402904	0.078376	2
chr15:9500000-10000000	chr15	9500000	2	0.387524	0	0
chr15:10000000-10500000	chr15	10000000	5	0.40174	0	2
chr15:10500000-11000000	chr15	10500000	7	0.432288	0	2
chr15:11000000-11500000	chr15	11000000	4	0.417924	0	4
chr15:11500000-12000000	chr15	11500000	4	0.41506	0	3
chr15:12000000-12500000	chr15	12000000	4	0.445386	0	4
chr15:12500000-13000000	chr15	12500000	3	0.45125	0	2
chr15:13000000-13500000	chr15	13000000	1	0.40535	0	2
chr15:13500000-14000000	chr15	13500000	0	0.371434	0	0
chr15:14000000-14500000	chr15	14000000	0	0.368434	0	0
chr15:14500000-15000000	chr15	14500000	0	0.368758	0	0
chr15:15000000-15500000	chr15	15000000	0	0.363164	0	0
chr15:15500000-16000000	chr15	15500000	0	0.36203	0	0
chr15:16000000-16500000	chr15	16000000	0	0.359562	0	0
chr15:16500000-17000000	chr15	16500000	1	0.363016	0	0
chr15:17000000-17500000	chr15	17000000	0	0.356638	0	0
chr15:17500000-18000000	chr15	17500000	0	0.360844	0	0
chr15:18000000-18500000	chr15	18000000	1	0.360684	0	0
chr15:18500000-19000000	chr15	18500000	1	0.365116	0	0
chr15:19000000-19500000	chr15	19000000	1	0.37689	0	0
chr15:19500000-20000000	chr15	19500000	0	0.373684	0	0
chr15:20000000-20500000	chr15	20000000	0	0.36675	0	0
chr15:20500000-21000000	chr15	20500000	1	0.367002	0	0
chr15:21000000-21500000	chr15	21000000	1	0.363316	0	0
chr15:21500000-22000000	chr15	21500000	0	0.367532	0	0
chr15:22000000-22500000	chr15	22000000	0	0.368714	0	0
chr15:22500000-23000000	chr15	22500000	1	0.365112	0	0
chr15:23000000-23500000	chr15	23000000	1	0.365232	0	0
chr15:23500000-24000000	chr15	23500000	0	0.366108	0	0
chr15:24000000-24500000	chr15	24000000	0	0.374212	0	0
chr15:24500000-25000000	chr15	24500000	0	0.382858	0	0
chr15:25000000-25500000	chr15	25000000	2	0.414978	0	3
chr15:25500000-26000000	chr15	25500000	4	0.453844	0	5
chr15:26000000-26500000	chr15	26000000	2	0.403714	0	1
chr15:26500000-27000000	chr15	26500000	1	0.401606	0	2
chr15:27000000-27500000	chr15	27000000	1	0.42122	0	1
chr15:27500000-28000000	chr15	27500000	3	0.467418	0	5
chr15:28000000-28500000	chr15	28000000	2	0.420298	0	1
chr15:28500000-29000000	chr15	28500000	0	0.38066	0	0
chr15:29000000-29500000	chr15	29000000	0	0.372664	0	0
chr15:29500000-30000000	chr15	29500000	1	0.383492	0	0
chr15:30000000-30500000	chr15	30000000	1	0.397644	0	1
chr15:30500000-31000000	chr15	30500000	0	0.414798	0	1
chr15:31000000-31500000	chr15	31000000	4	0.453542	0	3
chr15:31500000-32000000	chr15	31500000	4	0.428956	0	2
chr15:32000000-32500000	chr15	32000000	4	0.417404	0	1
chr15:32500000-33000000	chr15	32500000	3	0.402888	0	2
chr15:33000000-33500000	chr15	33000000	2	0.389904	0	0
chr15:33500000-34000000	chr15	33500000	2	0.403826	0	1
chr15:34000000-34500000	chr15	34000000	9	0.425904	0	5
chr15:34500000-35000000	chr15	34500000	3	0.417748	0	2
chr15:35000000-35500000	chr15	35000000	4	0.40172	0	5
chr15:35500000-36000000	chr15	35500000	3	0.398512	0	1
chr15:36000000-36500000	chr15	36000000	7	0.438572	0	5
chr15:36500000-37000000	chr15	36500000	3	0.461856	0	3
chr15:37000000-37500000	chr15	37000000	5	0.45041	0	5
chr15:37500000-38000000	chr15	37500000	2	0.431362	0	2
chr15:38000000-38500000	chr15	38000000	4	0.45297	0	4
chr15:38500000-39000000	chr15	38500000	5	0.446475	0.296426	4
chr15:39000000-39500000	chr15	39000000	5	0.392574	0	4
chr15:39500000-40000000	chr15	39500000	5	0.4073	0	2
chr15:40000000-40500000	chr15	40000000	3	0.403578	0	0
chr15:40500000-41000000	chr15	40500000	2	0.373604	0	1
chr15:41000000-41500000	chr15	41000000	2	0.390914	0	1
chr15:41500000-42000000	chr15	41500000	1	0.394532	0	1
chr15:42000000-42500000	chr15	42000000	0	0.38132	0	0
chr15:42500000-43000000	chr15	42500000	1	0.381608	0	0
chr15:43000000-43500000	chr15	43000000	4	0.383064	0	3
chr15:43500000-44000000	chr15	43500000	1	0.379348	0	0
chr15:44000000-44500000	chr15	44000000	4	0.38376	0	1
chr15:44500000-45000000	chr15	44500000	4	0.385606	0	3
chr15:45000000-45500000	chr15	45000000	1	0.37134	0	1
chr15:45500000-46000000	chr15	45500000	0	0.372704	0	0
chr15:46000000-46500000	chr15	46000000	2	0.364046	0	0
chr15:46500000-47000000	chr15	46500000	1	0.36615	0	0
chr15:47000000-47500000	chr15	47000000	0	0.36676	0	0
chr15:47500000-48000000	chr15	47500000	0	0.356276	0	0
chr15:48000000-48500000	chr15	48000000	0	0.351062	0	0
chr15:48500000-49000000	chr15	48500000	1	0.36391	0	1
chr15:49000000-49500000	chr15	49000000	0	0.37091	0	0
chr15:49500000-50000000	chr15	49500000	0	0.36086	0	0
chr15:50000000-50500000	chr15	50000000	0	0.367938	0	0
chr15:50500000-51000000	chr15	50500000	2	0.374504	0	2
chr15:51000000-51500000	chr15	51000000	1	0.3758	0	0
chr15:51500000-52000000	chr15	51500000	3	0.416806	0	3
chr15:52000000-52500000	chr15	52000000	2	0.40115	0	1
chr15:52500000-53000000	chr15	52500000	1	0.397894	0	1
chr15:53000000-53500000	chr15	53000000	1	0.416264	0	2
chr15:53500000-54000000	chr15	53500000	2	0.394442	0	1
chr15:54000000-54500000	chr15	54000000	2	0.389774	0	0
chr15:54500000-55000000	chr15	54500000	5	0.407544	0	3
chr15:55000000-55500000	chr15	55000000	5	0.42809	0	3
chr15:55500000-56000000	chr15	55500000	3	0.411704	0	2
chr15:56000000-56500000	chr15	56000000	0	0.390636	0	0
chr15:56500000-57000000	chr15	56500000	2	0.390486	0	0
chr15:57000000-57500000	chr15	57000000	1	0.383144	0	0
chr15:57500000-58000000	chr15	57500000	4	0.451992	0	5
chr15:58000000-58500000	chr15	58000000	8	0.43918	0	6
chr15:58500000-59000000	chr15	58500000	6	0.444746	0	4
chr15:59000000-59500000	chr15	59000000	5	0.448502	0	3
chr15:59500000-60000000	chr15	59500000	2	0.449984	0	1
chr15:60000000-60500000	chr15	60000000	1	0.39407	0	0
chr15:60500000-61000000	chr15	60500000	3	0.40678	0	1
chr15:61000000-61500000	chr15	61000000	0	0.391972	0	0
chr15:61500000-62000000	chr15	61500000	2	0.410432	0	1
chr15:62000000-62500000	chr15	62000000	2	0.432034	0	1
chr15:62500000-63000000	chr15	62500000	0	0.390116	0	0
chr15:63000000-63500000	chr15	63000000	1	0.384888	0	0
chr15:63500000-64000000	chr15	63500000	9	0.41961	0	1
chr15:64000000-64500000	chr15	64000000	2	0.448944	0	3
chr15:64500000-65000000	chr15	64500000	1	0.408328	0	1
chr15:65000000-65500000	chr15	65000000	0	0.389192	0	0
chr15:65500000-66000000	chr15	65500000	3	0.403718	0	1
chr15:66000000-66500000	chr15	66000000	1	0.41848	0	1
chr15:66500000-67000000	chr15	66500000	7	0.433026	0	2
chr15:67000000-67500000	chr15	67000000	2	0.436614	0	3
chr15:67500000-68000000	chr15	67500000	0	0.396572	0	0
chr15:68000000-68500000	chr15	68000000	3	0.430446	0	1
chr15:68500000-69000000	chr15	68500000	2	0.417712	0	0
chr15:69000000-69500000	chr15	69000000	1	0.403214	0	0
chr15:69500000-70000000	chr15	69500000	1	0.377052	0	0
chr15:70000000-70500000	chr15	70000000	0	0.375362	0	0
chr15:70500000-71000000	chr15	70500000	0	0.378948	0	0
chr15:71000000-71500000	chr15	71000000	0	0.3887	0	0
chr15:71500000-72000000	chr15	71500000	1	0.419948	0	0
chr15:72000000-72500000	chr15	72000000	1	0.422988	0	0
chr15:72500000-73000000	chr15	72500000	2	0.463526	0	2
chr15:73000000-73500000	chr15	73000000	5	0.452018	0	5
chr15:73500000-74000000	chr15	73500000	7	0.503688	0	7
chr15:74000000-74500000	chr15	74000000	1	0.492522	0	1
chr15:74500000-75000000	chr15	74500000	23	0.494698	0	8
chr15:75000000-75500000	chr15	75000000	10	0.442842	0	0
chr15:75500000-76000000	chr15	75500000	19	0.493002	0	21
chr15:76000000-76500000	chr15	76000000	31	0.515492	0	28
chr15:76500000-77000000	chr15	76500000	27	0.488454	0	28
chr15:77000000-77500000	chr15	77000000	9	0.455928	0	2
chr15:77500000-78000000	chr15	77500000	12	0.479232	0	6
chr15:78000000-78500000	chr15	78000000	14	0.500458	0	8
chr15:78500000-79000000	chr15	78500000	18	0.527352	0	19
chr15:79000000-79500000	chr15	79000000	21	0.516426	0	18
chr15:79500000-80000000	chr15	79500000	19	0.488016	0	18
chr15:80000000-80500000	chr15	80000000	13	0.50393	0	13
chr15:80500000-81000000	chr15	80500000	9	0.445462	0	4
chr15:81000000-81500000	chr15	81000000	10	0.448424	0	4
chr15:81500000-82000000	chr15	81500000	14	0.47085	0	18
chr15:82000000-82500000	chr15	82000000	23	0.477042	0	14
chr15:82500000-83000000	chr15	82500000	10	0.452812	0	4
chr15:83000000-83500000	chr15	83000000	11	0.488732	0	9
chr15:83500000-84000000	chr15	83500000	7	0.506784	0	5
chr15:84000000-84500000	chr15	84000000	9	0.504254	0	6
chr15:84500000-85000000	chr15	84500000	9	0.49813	0	6
chr15:85000000-85500000	chr15	85000000	7	0.457936	0	4
chr15:85500000-86000000	chr15	85500000	12	0.504618	0	17
chr15:86000000-86500000	chr15	86000000	5	0.49612	0	5
chr15:86500000-87000000	chr15	86500000	0	0.466996	0	0
chr15:87000000-87500000	chr15	87000000	1	0.452996	0	0
chr15:87500000-88000000	chr15	87500000	2	0.473098	0	2
chr15:88000000-88500000	chr15	88000000	1	0.457944	0	0
chr15:88500000-89000000	chr15	88500000	9	0.477418	0	7
chr15:89000000-89500000	chr15	89000000	31	0.490324	0	24
chr15:89500000-90000000	chr15	89500000	5	0.419158	0	5
chr15:90000000-90500000	chr15	90000000	3	0.39925	0	1
chr15:90500000-91000000	chr15	90500000	2	0.406348	0	2
chr15:91000000-91500000	chr15	91000000	2	0.410486	0	2
chr15:91500000-92000000	chr15	91500000	3	0.412596	0	1
chr15:92000000-92500000	chr15	92000000	3	0.397252	0	1
chr15:92500000-93000000	chr15	92500000	1	0.413526	0	0
chr15:93000000-93500000	chr15	93000000	4	0.43404	0	3
chr15:93500000-94000000	chr15	93500000	2	0.43368	0	4
chr15:94000000-94500000	chr15	94000000	2	0.41748	0	1
chr15:94500000-95000000	chr15	94500000	4	0.425486	0	4
chr15:95000000-95500000	chr15	95000000	1	0.418198	0	1
chr15:95500000-96000000	chr15	95500000	6	0.43405	0	3
chr15:96000000-96500000	chr15	96000000	7	0.43272	0	2
chr15:96500000-97000000	chr15	96500000	2	0.44794	0	4
chr15:97000000-97500000	chr15	97000000	4	0.454654	0	3
chr15:97500000-98000000	chr15	97500000	8	0.487626	0	5
chr15:98000000-98500000	chr15	98000000	19	0.44681	0	8
chr15:98500000-99000000	chr15	98500000	25	0.489454	0	25
chr15:99000000-99500000	chr15	99000000	17	0.483606	0	18
chr15:99500000-100000000	chr15	99500000	16	0.476022	0	10
chr15:100000000-100500000	chr15	100000000	13	0.461752	0	7
chr15:100500000-101000000	chr15	100500000	12	0.478706	0	11
chr15:101000000-101500000	chr15	101000000	20	0.506042	0	16
chr15:101500000-102000000	chr15	101500000	23	0.474256	0	1
chr15:102000000-102500000	chr15	102000000	23	0.474662	0	19
chr15:102500000-103000000	chr15	102500000	19	0.45033	0	20
chr15:103000000-103500000	chr15	103000000	20	0.459594	0	18
chr15:103500000-104000000	chr15	103500000	5	0.411876	0.21303	3
chr15:104000000-104043685	chr15	104000000	0	nan	1	0
chr16:0-500000	chr16	0	0	nan	1	0
chr16:500000-1000000	chr16	500000	0	nan	1	0
chr16:1000000-1500000	chr16	1000000	0	nan	1	0
chr16:1500000-2000000	chr16	1500000	0	nan	1	0
chr16:2000000-2500000	chr16	2000000	0	nan	1	0
chr16:2500000-3000000	chr16	2500000	0	nan	1	0
chr16:3000000-3500000	chr16	3000000	0	0.403053	0.1	0
chr16:3500000-4000000	chr16	3500000	12	0.432966	0	4
chr16:4000000-4500000	chr16	4000000	7	0.442988	0	6
chr16:4500000-5000000	chr16	4500000	18	0.476764	0	16
chr16:5000000-5500000	chr16	5000000	12	0.474044	0	8
chr16:5500000-6000000	chr16	5500000	2	0.448956	0	1
chr16:6000000-6500000	chr16	6000000	0	0.427294	0	1
chr16:6500000-7000000	chr16	6500000	0	0.41145	0	0
chr16:7000000-7500000	chr16	7000000	0	0.420374	0	0
chr16:7500000-8000000	chr16	7500000	0	0.41082	0	0
chr16:8000000-8500000	chr16	8000000	2	0.435786	0	1
chr16:8500000-9000000	chr16	8500000	7	0.46044	0	5
chr16:9000000-9500000	chr16	9000000	0	0.437056	0	0
chr16:9500000-10000000	chr16	9500000	1	0.43506	0	3
chr16:10000000-10500000	chr16	10000000	8	0.452428	0	4
chr16:10500000-11000000	chr16	10500000	10	0.488644	0	6
chr16:11000000-11500000	chr16	11000000	11	0.456608	0	5
chr16:11500000-12000000	chr16	11500000	5	0.456272	0	2
chr16:12000000-12500000	chr16	12000000	0	0.4233	0	0
chr16:12500000-13000000	chr16	12500000	1	0.423454	0	0
chr16:13000000-13500000	chr16	13000000	8	0.445662	0	5
chr16:13500000-14000000	chr16	13500000	12	0.435586	0	8
chr16:14000000-14500000	chr16	14000000	6	0.44858	0	5
chr16:14500000-15000000	chr16	14500000	3	0.39723	0	1
chr16:15000000-15500000	chr16	15000000	0	0.406382	0	1
chr16:15500000-16000000	chr16	15500000	5	0.406278	0	4
chr16:16000000-16500000	chr16	16000000	5	0.39618	0	4
chr16:16500000-17000000	chr16	16500000	11	0.41813	0	4
chr16:17000000-17500000	chr16	17000000	17	0.45221	0	11
chr16:17500000-18000000	chr16	17500000	19	0.47481	0	19
chr16:18000000-18500000	chr16	18000000	18	0.492026	1.2e-05	12
chr16:18500000-19000000	chr16	18500000	10	0.463983	2e-06	13
chr16:19000000-19500000	chr16	19000000	3	0.387614	4e-06	0
chr16:19500000-20000000	chr16	19500000	9	0.402986	0	1
chr16:20000000-20500000	chr16	20000000	7	0.430488	0	6
chr16:20500000-21000000	chr16	20500000	22	0.457281	2e-06	14
chr16:21000000-21500000	chr16	21000000	7	0.457256	0	5
chr16:21500000-22000000	chr16	21500000	6	0.441896	0	5
chr16:22000000-22500000	chr16	22000000	6	0.44418	0	4
chr16:22500000-23000000	chr16	22500000	11	0.449968	0	2
chr16:23000000-23500000	chr16	23000000	11	0.443518	0	4
chr16:23500000-24000000	chr16	23500000	5	0.426596	0	5
chr16:24000000-24500000	chr16	24000000	4	0.434512	0	1
chr16:24500000-25000000	chr16	24500000	1	0.407794	0	0
chr16:25000000-25500000	chr16	25000000	2	0.408286	0	0
chr16:25500000-26000000	chr16	25500000	1	0.395538	0	0
chr16:26000000-26500000	chr16	26000000	3	0.397148	0	1
chr16:26500000-27000000	chr16	26500000	4	0.389176	0	2
chr16:27000000-27500000	chr16	27000000	3	0.385208	0	1
chr16:27500000-28000000	chr16	27500000	1	0.37426	0	0
chr16:28000000-28500000	chr16	28000000	0	0.388314	0	1
chr16:28500000-29000000	chr16	28500000	3	0.423736	0	2
chr16:29000000-29500000	chr16	29000000	2	0.416338	0	1
chr16:29500000-30000000	chr16	29500000	4	0.446394	0	3
chr16:30000000-30500000	chr16	30000000	7	0.458894	0	8
chr16:30500000-31000000	chr16	30500000	3	0.470348	0	4
chr16:31000000-31500000	chr16	31000000	7	0.454246	0	4
chr16:31500000-32000000	chr16	31500000	7	0.431752	0	4
chr16:32000000-32500000	chr16	32000000	17	0.436686	0	9
chr16:32500000-33000000	chr16	32500000	9	0.453732	0	5
chr16:33000000-33500000	chr16	33000000	8	0.437868	0	5
chr16:33500000-34000000	chr16	33500000	5	0.461434	0	4
chr16:34000000-34500000	chr16	34000000	0	0.454986	0	0
chr16:34500000-35000000	chr16	34500000	6	0.451502	0	4
chr16:35000000-35500000	chr16	35000000	4	0.465306	0	4
chr16:35500000-36000000	chr16	35500000	8	0.453252	0	9
chr16:36000000-36500000	chr16	36000000	14	0.412016	0	2
chr16:36500000-37000000	chr16	36500000	10	0.420128	0	4
chr16:37000000-37500000	chr16	37000000	2	0.383154	0	2
chr16:37500000-38000000	chr16	37500000	8	0.434828	0	5
chr16:38000000-38500000	chr16	38000000	10	0.43494	0	7
chr16:38500000-39000000	chr16	38500000	8	0.439582	0	6
chr16:39000000-39500000	chr16	39000000	1	0.406362	0	0
chr16:39500000-40000000	chr16	39500000	1	0.375966	0	1
chr16:40000000-40500000	chr16	40000000	0	0.372446	0	0
chr16:40500000-41000000	chr16	40500000	0	0.374664	0	0
chr16:41000000-41500000	chr16	41000000	0	0.377682	0	0
chr16:41500000-42000000	chr16	41500000	0	0.38355	0	1
chr16:42000000-42500000	chr16	42000000	2	0.396856	0	1
chr16:42500000-43000000	chr16	42500000	3	0.38937	0	1
chr16:43000000-43500000	chr16	43000000	2	0.380148	0	0
chr16:43500000-44000000	chr16	43500000	6	0.424296	0	2
chr16:44000000-44500000	chr16	44000000	8	0.42546	0	6
chr16:44500000-45000000	chr16	44500000	8	0.419104	0	4
chr16:45000000-45500000	chr16	45000000	6	0.401036	0	2
chr16:45500000-46000000	chr16	45500000	8	0.412046	0	2
chr16:46000000-46500000	chr16	46000000	4	0.402908	0	2
chr16:46500000-47000000	chr16	46500000	0	0.385138	0	0
chr16:47000000-47500000	chr16	47000000	0	0.376506	0	0
chr16:47500000-48000000	chr16	47500000	0	0.37973	0	0
chr16:48000000-48500000	chr16	48000000	5	0.413668	0	0
chr16:48500000-49000000	chr16	48500000	6	0.394268	0	2
chr16:49000000-49500000	chr16	49000000	2	0.392584	0	0
chr16:49500000-50000000	chr16	49500000	5	0.40805	0	2
chr16:50000000-50500000	chr16	50000000	2	0.406116	0	3
chr16:50500000-51000000	chr16	50500000	6	0.402014	0	2
chr16:51000000-51500000	chr16	51000000	0	0.381414	0	0
chr16:51500000-52000000	chr16	51500000	1	0.381294	0	0
chr16:52000000-52500000	chr16	52000000	2	0.390152	0	2
chr16:52500000-53000000	chr16	52500000	1	0.373458	0	0
chr16:53000000-53500000	chr16	53000000	0	0.365176	0	0
chr16:53500000-54000000	chr16	53500000	0	0.362952	0	0
chr16:54000000-54500000	chr16	54000000	0	0.36149	0	0
chr16:54500000-55000000	chr16	54500000	0	0.369488	0	0
chr16:55000000-55500000	chr16	55000000	2	0.383906	0	0
chr16:55500000-56000000	chr16	55500000	6	0.416742	0	6
chr16:56000000-56500000	chr16	56000000	5	0.404866	0	3
chr16:56500000-57000000	chr16	56500000	4	0.400276	0	1
chr16:57000000-57500000	chr16	57000000	6	0.418322	0	3
chr16:57500000-58000000	chr16	57500000	3	0.400408	0	3
chr16:58000000-58500000	chr16	58000000	1	0.400184	0	1
chr16:58500000-59000000	chr16	58500000	15	0.397724	0	4
chr16:59000000-59500000	chr16	59000000	23	0.385498	0	1
chr16:59500000-60000000	chr16	59500000	3	0.395408	0	2
chr16:60000000-60500000	chr16	60000000	0	0.366776	0	0
chr16:60500000-61000000	chr16	60500000	1	0.369898	0	1
chr16:61000000-61500000	chr16	61000000	0	0.361592	0	0
chr16:61500000-62000000	chr16	61500000	0	0.36103	0	0
chr16:62000000-62500000	chr16	62000000	0	0.372904	0	0
chr16:62500000-63000000	chr16	62500000	4	0.398296	0	3
chr16:63000000-63500000	chr16	63000000	0	0.379846	0	0
chr16:63500000-64000000	chr16	63500000	1	0.36359	0	2
chr16:64000000-64500000	chr16	64000000	0	0.37369	0	0
chr16:64500000-65000000	chr16	64500000	4	0.39527	0	2
chr16:65000000-65500000	chr16	65000000	1	0.385444	0.076	1
chr16:65500000-66000000	chr16	65500000	4	0.383264	0	2
chr16:66000000-66500000	chr16	66000000	0	0.372002	0	0
chr16:66500000-67000000	chr16	66500000	1	0.364896	0	0
chr16:67000000-67500000	chr16	67000000	0	0.350606	0	0
chr16:67500000-68000000	chr16	67500000	1	0.363456	0	1
chr16:68000000-68500000	chr16	68000000	0	0.355736	0	0
chr16:68500000-69000000	chr16	68500000	0	0.359492	0	0
chr16:69000000-69500000	chr16	69000000	0	0.357512	0	0
chr16:69500000-70000000	chr16	69500000	2	0.365996	0	0
chr16:70000000-70500000	chr16	70000000	2	0.380398	0	1
chr16:70500000-71000000	chr16	70500000	1	0.3842	0	0
chr16:71000000-71500000	chr16	71000000	2	0.367004	0	0
chr16:71500000-72000000	chr16	71500000	0	0.36481	0	0
chr16:72000000-72500000	chr16	72000000	1	0.368986	0	0
chr16:72500000-73000000	chr16	72500000	1	0.391842	0	1
chr16:73000000-73500000	chr16	73000000	0	0.39376	0	0
chr16:73500000-74000000	chr16	73500000	0	0.375786	0	0
chr16:74000000-74500000	chr16	74000000	1	0.368608	0	0
chr16:74500000-75000000	chr16	74500000	0	0.36876	0	0
chr16:75000000-75500000	chr16	75000000	1	0.364592	0	0
chr16:75500000-76000000	chr16	75500000	5	0.385512	0	2
chr16:76000000-76500000	chr16	76000000	3	0.411828	0	2
chr16:76500000-77000000	chr16	76500000	2	0.397312	0	0
chr16:77000000-77500000	chr16	77000000	3	0.380706	0	1
chr16:77500000-78000000	chr16	77500000	3	0.375654	0	0
chr16:78000000-78500000	chr16	78000000	4	0.41567	0	2
chr16:78500000-79000000	chr16	78500000	4	0.396466	0	1
chr16:79000000-79500000	chr16	79000000	1	0.36742	0	0
chr16:79500000-80000000	chr16	79500000	1	0.368676	0	0
chr16:80000000-80500000	chr16	80000000	0	0.36325	0	0
chr16:80500000-81000000	chr16	80500000	0	0.361434	0	0
chr16:81000000-81500000	chr16	81000000	1	0.362536	0	0
chr16:81500000-82000000	chr16	81500000	0	0.363446	0	0
chr16:82000000-82500000	chr16	82000000	0	0.357768	0	0
chr16:82500000-83000000	chr16	82500000	0	0.365864	0	0
chr16:83000000-83500000	chr16	83000000	0	0.365558	0	0
chr16:83500000-84000000	chr16	83500000	0	0.366916	0	0
chr16:84000000-84500000	chr16	84000000	1	0.375634	0	0
chr16:84500000-85000000	chr16	84500000	9	0.41594	0	5
chr16:85000000-85500000	chr16	85000000	1	0.41059	0	2
chr16:85500000-86000000	chr16	85500000	4	0.396426	0	2
chr16:86000000-86500000	chr16	86000000	0	0.374402	0	0
chr16:86500000-87000000	chr16	86500000	2	0.378548	0	0
chr16:87000000-87500000	chr16	87000000	7	0.414488	0	5
chr16:87500000-88000000	chr16	87500000	3	0.429768	0	1
chr16:88000000-88500000	chr16	88000000	2	0.3915	0	1
chr16:88500000-89000000	chr16	88500000	22	0.386274	0	0
chr16:89000000-89500000	chr16	89000000	13	0.385872	0	0
chr16:89500000-90000000	chr16	89500000	3	0.452486	0	2
chr16:90000000-90500000	chr16	90000000	4	0.464918	0	5
chr16:90500000-91000000	chr16	90500000	6	0.463492	0	5
chr16:91000000-91500000	chr16	91000000	10	0.461886	0	10
chr16:91500000-92000000	chr16	91500000	12	0.463674	0	10
chr16:92000000-92500000	chr16	92000000	12	0.473276	0	3
chr16:92500000-93000000	chr16	92500000	2	0.46417	0	3
chr16:93000000-93500000	chr16	93000000	3	0.453324	0	1
chr16:93500000-94000000	chr16	93500000	7	0.471058	0	7
chr16:94000000-94500000	chr16	94000000	6	0.460248	0	9
chr16:94500000-95000000	chr16	94500000	3	0.456242	0	3
chr16:95000000-95500000	chr16	95000000	2	0.451234	0	0
chr16:95500000-96000000	chr16	95500000	4	0.46414	0	3
chr16:96000000-96500000	chr16	96000000	9	0.453184	0	6
chr16:96500000-97000000	chr16	96500000	0	0.434462	0	0
chr16:97000000-97500000	chr16	97000000	3	0.43641	0	2
chr16:97500000-98000000	chr16	97500000	9	0.456308	0	5
chr16:98000000-98207768	chr16	98000000	1	0.399942	0.481306	0
chr17:0-500000	chr17	0	0	nan	1	0
chr17:500000-1000000	chr17	500000	0	nan	1	0
chr17:1000000-1500000	chr17	1000000	0	nan	1	0
chr17:1500000-2000000	chr17	1500000	0	nan	1	0
chr17:2000000-2500000	chr17	2000000	0	nan	1	0
chr17:2500000-3000000	chr17	2500000	0	nan	1	0
chr17:3000000-3500000	chr17	3000000	3	0.438268	0.002774	4
chr17:3500000-4000000	chr17	3500000	4	0.40382	0	1
chr17:4000000-4500000	chr17	4000000	2	0.406052	0	0
chr17:4500000-5000000	chr17	4500000	4	0.431952	0	2
chr17:5000000-5500000	chr17	5000000	4	0.462918	0	3
chr17:5500000-6000000	chr17	5500000	4	0.466876	0	3
chr17:6000000-6500000	chr17	6000000	8	0.463965	2e-06	13
chr17:6500000-7000000	chr17	6500000	11	0.463762	0	9
chr17:7000000-7500000	chr17	7000000	4	0.473358	0.060732	1
chr17:7500000-8000000	chr17	7500000	5	0.452278	0.039268	2
chr17:8000000-8500000	chr17	8000000	12	0.464974	0	6
chr17:8500000-9000000	chr17	8500000	2	0.459326	0	2
chr17:9000000-9500000	chr17	9000000	1	0.420221	2e-06	0
chr17:9500000-10000000	chr17	9500000	2	0.424464	0	1
chr17:10000000-10500000	chr17	10000000	4	0.431564	0	3
chr17:10500000-11000000	chr17	10500000	3	0.407744	0	1
chr17:11000000-11500000	chr17	11000000	0	0.412224	0	0
chr17:11500000-12000000	chr17	11500000	1	0.437546	0	0
chr17:12000000-12500000	chr17	12000000	5	0.46104	0	2
chr17:12500000-13000000	chr17	12500000	14	0.4595	0	6
chr17:13000000-13500000	chr17	13000000	10	0.466098	0.1	1
chr17:13500000-14000000	chr17	13500000	5	0.4457	0.126	1
chr17:14000000-14500000	chr17	14000000	4	0.460506	0	3
chr17:14500000-15000000	chr17	14500000	9	0.433084	0	6
chr17:15000000-15500000	chr17	15000000	9	0.452894	0	9
chr17:15500000-16000000	chr17	15500000	5	0.408724	0	7
chr17:16000000-16500000	chr17	16000000	0	0.377964	0	0
chr17:16500000-17000000	chr17	16500000	1	0.385148	0	0
chr17:17000000-17500000	chr17	17000000	9	0.396268	0	2
chr17:17500000-18000000	chr17	17500000	10	0.398938	0	6
chr17:18000000-18500000	chr17	18000000	7	0.374338	0	0
chr17:18500000-19000000	chr17	18500000	2	0.37815	0	0
chr17:19000000-19500000	chr17	19000000	2	0.370138	0	0
chr17:19500000-20000000	chr17	19500000	4	0.36886	0	0
chr17:20000000-20500000	chr17	20000000	7	0.365592	0	0
chr17:20500000-21000000	chr17	20500000	13	0.38214	0	1
chr17:21000000-21500000	chr17	21000000	10	0.414498	0	2
chr17:21500000-22000000	chr17	21500000	12	0.392917	0.008386	3
chr17:22000000-22500000	chr17	22000000	7	0.396988	0	2
chr17:22500000-23000000	chr17	22500000	6	0.385624	0	1
chr17:23000000-23500000	chr17	23000000	7	0.383756	0	0
chr17:23500000-24000000	chr17	23500000	31	0.482064	0	24
chr17:24000000-24500000	chr17	24000000	23	0.47596	0	16
chr17:24500000-25000000	chr17	24500000	34	0.490414	0	24
chr17:25000000-25500000	chr17	25000000	26	0.505898	0	14
chr17:25500000-26000000	chr17	25500000	34	0.517312	0	19
chr17:26000000-26500000	chr17	26000000	12	0.480468	0	13
chr17:26500000-27000000	chr17	26500000	17	0.47571	0	17
chr17:27000000-27500000	chr17	27000000	14	0.52411	0	8
chr17:27500000-28000000	chr17	27500000	14	0.5015	0	18
chr17:28000000-28500000	chr17	28000000	11	0.506118	0	14
chr17:28500000-29000000	chr17	28500000	15	0.47996	0	11
chr17:29000000-29500000	chr17	29000000	13	0.49669	0	12
chr17:29500000-30000000	chr17	29500000	10	0.490196	0	9
chr17:30000000-30500000	chr17	30000000	2	0.445002	0	2
chr17:30500000-31000000	chr17	30500000	6	0.461604	0	3
chr17:31000000-31500000	chr17	31000000	10	0.488596	0	4
chr17:31500000-32000000	chr17	31500000	7	0.490286	0	7
chr17:32000000-32500000	chr17	32000000	14	0.471122	0	16
chr17:32500000-33000000	chr17	32500000	15	0.43586	0	3
chr17:33000000-33500000	chr17	33000000	13	0.41033	0	1
chr17:33500000-34000000	chr17	33500000	27	0.466294	0	22
chr17:34000000-34500000	chr17	34000000	29	0.477214	0	8
chr17:34500000-35000000	chr17	34500000	35	0.50264	0	22
chr17:35000000-35500000	chr17	35000000	46	0.489036	0	24
chr17:35500000-36000000	chr17	35500000	33	0.489622	0	18
chr17:36000000-36500000	chr17	36000000	22	0.450274	0	14
chr17:36500000-37000000	chr17	36500000	17	0.429842	0	5
chr17:37000000-37500000	chr17	37000000	24	0.40902	0	4
chr17:37500000-38000000	chr17	37500000	19	0.384832	0	0
chr17:38000000-38500000	chr17	38000000	11	0.378298	0	0
chr17:38500000-39000000	chr17	38500000	2	0.366296	0	0
chr17:39000000-39500000	chr17	39000000	3	0.373342	0	0
chr17:39500000-40000000	chr17	39500000	4	0.373754	0	2
chr17:40000000-40500000	chr17	40000000	3	0.374202	0	0
chr17:40500000-41000000	chr17	40500000	13	0.387626	0	2
chr17:41000000-41500000	chr17	41000000	0	0.377904	0	0
chr17:41500000-42000000	chr17	41500000	0	0.379154	0	0
chr17:42000000-42500000	chr17	42000000	1	0.384524	0	1
chr17:42500000-43000000	chr17	42500000	4	0.415942	0	1
chr17:43000000-43500000	chr17	43000000	4	0.438178	0	1
chr17:43500000-44000000	chr17	43500000	8	0.432812	0	3
chr17:44000000-44500000	chr17	44000000	4	0.440978	0	2
chr17:44500000-45000000	chr17	44500000	3	0.420898	0	2
chr17:45000000-45500000	chr17	45000000	3	0.450808	0	1
chr17:45500000-46000000	chr17	45500000	15	0.504018	0	13
chr17:46000000-46500000	chr17	46000000	19	0.485426	0	13
chr17:46500000-47000000	chr17	46500000	20	0.494738	0	19
chr17:47000000-47500000	chr17	47000000	7	0.4766	0	6
chr17:47500000-48000000	chr17	47500000	15	0.496122	0	19
chr17:48000000-48500000	chr17	48000000	17	0.469959	0.018884	6
chr17:48500000-49000000	chr17	48500000	1	0.469374	0	3
chr17:49000000-49500000	chr17	49000000	3	0.459894	0	1
chr17:49500000-50000000	chr17	49500000	3	0.45903	0	1
chr17:50000000-50500000	chr17	50000000	3	0.44763	0	2
chr17:50500000-51000000	chr17	50500000	1	0.40674	0	1
chr17:51000000-51500000	chr17	51000000	13	0.393324	0	1
chr17:51500000-52000000	chr17	51500000	2	0.415806	0	2
chr17:52000000-52500000	chr17	52000000	2	0.401	0	0
chr17:52500000-53000000	chr17	52500000	2	0.39106	0	1
chr17:53000000-53500000	chr17	53000000	2	0.403308	0	1
chr17:53500000-54000000	chr17	53500000	6	0.41797	0	2
chr17:54000000-54500000	chr17	54000000	2	0.38913	0	1
chr17:54500000-55000000	chr17	54500000	0	0.383539	0.00357	0
chr17:55000000-55500000	chr17	55000000	1	0.390702	0	2
chr17:55500000-56000000	chr17	55500000	11	0.40402	0	7
chr17:56000000-56500000	chr17	56000000	23	0.52397	0	24
chr17:56500000-57000000	chr17	56500000	22	0.503848	0	18
chr17:57000000-57500000	chr17	57000000	18	0.466798	0	11
chr17:57500000-58000000	chr17	57500000	2	0.392112	0	0
chr17:58000000-58500000	chr17	58000000	0	0.386864	0	0
chr17:58500000-59000000	chr17	58500000	2	0.399178	0	0
chr17:59000000-59500000	chr17	59000000	1	0.373776	0	1
chr17:59500000-60000000	chr17	59500000	0	0.360328	0	0
chr17:60000000-60500000	chr17	60000000	0	0.366382	0	0
chr17:60500000-61000000	chr17	60500000	0	0.362602	0	0
chr17:61000000-61500000	chr17	61000000	0	0.367806	0	0
chr17:61500000-62000000	chr17	61500000	0	0.361922	0	0
chr17:62000000-62500000	chr17	62000000	0	0.380276	0	0
chr17:62500000-63000000	chr17	62500000	1	0.416612	0	1
chr17:63000000-63500000	chr17	63000000	1	0.414436	0	2
chr17:63500000-64000000	chr17	63500000	2	0.413754	0	2
chr17:64000000-64500000	chr17	64000000	3	0.417102	0	1
chr17:64500000-65000000	chr17	64500000	4	0.420018	0	1
chr17:65000000-65500000	chr17	65000000	0	0.406464	0	0
chr17:65500000-66000000	chr17	65500000	7	0.442546	0	6
chr17:66000000-66500000	chr17	66000000	5	0.457742	0	6
chr17:66500000-67000000	chr17	66500000	3	0.43707	0	1
chr17:67000000-67500000	chr17	67000000	2	0.436638	0	1
chr17:67500000-68000000	chr17	67500000	3	0.44969	0	1
chr17:68000000-68500000	chr17	68000000	2	0.420304	0	2
chr17:68500000-69000000	chr17	68500000	1	0.42081	0	2
chr17:69000000-69500000	chr17	69000000	5	0.435438	0	6
chr17:69500000-70000000	chr17	69500000	1	0.406608	0	2
chr17:70000000-70500000	chr17	70000000	0	0.403362	0	0
chr17:70500000-71000000	chr17	70500000	5	0.442384	0	9
chr17:71000000-71500000	chr17	71000000	6	0.430476	0	4
chr17:71500000-72000000	chr17	71500000	9	0.44718	0	6
chr17:72000000-72500000	chr17	72000000	0	0.433722	0	0
chr17:72500000-73000000	chr17	72500000	4	0.44057	0	6
chr17:73000000-73500000	chr17	73000000	4	0.43504	0	1
chr17:73500000-74000000	chr17	73500000	3	0.44881	0	2
chr17:74000000-74500000	chr17	74000000	7	0.420044	0	6
chr17:74500000-75000000	chr17	74500000	3	0.419342	0	1
chr17:75000000-75500000	chr17	75000000	2	0.4245	0	1
chr17:75500000-76000000	chr17	75500000	2	0.40175	0	1
chr17:76000000-76500000	chr17	76000000	0	0.377002	0	0
chr17:76500000-77000000	chr17	76500000	0	0.36756	0	0
chr17:77000000-77500000	chr17	77000000	0	0.364758	0	0
chr17:77500000-78000000	chr17	77500000	0	0.383556	0	0
chr17:78000000-78500000	chr17	78000000	3	0.423972	0	3
chr17:78500000-79000000	chr17	78500000	10	0.424688	0	5
chr17:79000000-79500000	chr17	79000000	5	0.419782	0	3
chr17:79500000-80000000	chr17	79500000	4	0.433042	0	4
chr17:80000000-80500000	chr17	80000000	11	0.431924	0	6
chr17:80500000-81000000	chr17	80500000	4	0.435662	0	4
chr17:81000000-81500000	chr17	81000000	1	0.41327	0	1
chr17:81500000-82000000	chr17	81500000	1	0.38999	0	1
chr17:82000000-82500000	chr17	82000000	0	0.377156	0	0
chr17:82500000-83000000	chr17	82500000	0	0.39785	0	0
chr17:83000000-83500000	chr17	83000000	3	0.45347	0	5
chr17:83500000-84000000	chr17	83500000	8	0.469182	0	4
chr17:84000000-84500000	chr17	84000000	5	0.462024	0	5
chr17:84500000-85000000	chr17	84500000	7	0.440902	0	4
chr17:85000000-85500000	chr17	85000000	3	0.432348	0	3
chr17:85500000-86000000	chr17	85500000	3	0.464762	0	13
chr17:86000000-86500000	chr17	86000000	4	0.452862	0	4
chr17:86500000-87000000	chr17	86500000	4	0.465708	0	2
chr17:87000000-87500000	chr17	87000000	11	0.471478	0	10
chr17:87500000-88000000	chr17	87500000	5	0.462924	0	7
chr17:88000000-88500000	chr17	88000000	3	0.43048	0	4
chr17:88500000-89000000	chr17	88500000	5	0.436468	0	1
chr17:89000000-89500000	chr17	89000000	3	0.393724	0	0
chr17:89500000-90000000	chr17	89500000	0	0.38024	0	0
chr17:90000000-90500000	chr17	90000000	0	0.374004	0	1
chr17:90500000-91000000	chr17	90500000	2	0.372424	0	0
chr17:91000000-91500000	chr17	91000000	1	0.370862	0	1
chr17:91500000-92000000	chr17	91500000	0	0.368046	0	0
chr17:92000000-92500000	chr17	92000000	0	0.368372	0	0
chr17:92500000-93000000	chr17	92500000	0	0.36834	0	0
chr17:93000000-93500000	chr17	93000000	1	0.380024	0	1
chr17:93500000-94000000	chr17	93500000	0	0.370102	0	0
chr17:94000000-94500000	chr17	94000000	0	0.38191	0	0
chr17:94500000-94987271	chr17	94500000	4	0.399692	0.205225	2
chr18:0-500000	chr18	0	0	nan	1	0
chr18:500000-1000000	chr18	500000	0	nan	1	0
chr18:1000000-1500000	chr18	1000000	0	nan	1	0
chr18:1500000-2000000	chr18	1500000	0	nan	1	0
chr18:2000000-2500000	chr18	2000000	0	nan	1	0
chr18:2500000-3000000	chr18	2500000	0	nan	1	0
chr18:3000000-3500000	chr18	3000000	4	0.408436	0	2
chr18:3500000-4000000	chr18	3500000	1	0.419336	0	2
chr18:4000000-4500000	chr18	4000000	4	0.423004	0	3
chr18:4500000-5000000	chr18	4500000	2	0.444106	0	3
chr18:5000000-5500000	chr18	5000000	3	0.437262	0	2
chr18:5500000-6000000	chr18	5500000	2	0.421564	0	1
chr18:6000000-6500000	chr18	6000000	3	0.41931	0	3
chr18:6500000-7000000	chr18	6500000	3	0.413234	0	2
chr18:7000000-7500000	chr18	7000000	2	0.401664	0	2
chr18:7500000-8000000	chr18	7500000	2	0.40714	0	3
chr18:8000000-8500000	chr18	8000000	0	0.39752	0	0
chr18:8500000-9000000	chr18	8500000	0	0.402176	0	1
chr18:9000000-9500000	chr18	9000000	3	0.410102	0	2
chr18:9500000-10000000	chr18	9500000	3	0.411004	0	2
chr18:10000000-10500000	chr18	10000000	3	0.393402	0	3
chr18:10500000-11000000	chr18	10500000	8	0.41984	0	4
chr18:11000000-11500000	chr18	11000000	2	0.428521	2e-06	5
chr18:11500000-12000000	chr18	11500000	4	0.4315	4e-06	2
chr18:12000000-12500000	chr18	12000000	6	0.447488	0	6
chr18:12500000-13000000	chr18	12500000	5	0.442408	0	5
chr18:13000000-13500000	chr18	13000000	1	0.426664	0	0
chr18:13500000-14000000	chr18	13500000	3	0.423111	2e-06	2
chr18:14000000-14500000	chr18	14000000	1	0.417884	0	0
chr18:14500000-15000000	chr18	14500000	4	0.415824	0	2
chr18:15000000-15500000	chr18	15000000	2	0.430616	0	3
chr18:15500000-16000000	chr18	15500000	1	0.395364	0	1
chr18:16000000-16500000	chr18	16000000	0	0.386464	0	0
chr18:16500000-17000000	chr18	16500000	2	0.39397	0	2
chr18:17000000-17500000	chr18	17000000	2	0.378522	0	0
chr18:17500000-18000000	chr18	17500000	1	0.370548	0	0
chr18:18000000-18500000	chr18	18000000	0	0.365518	0	0
chr18:18500000-19000000	chr18	18500000	0	0.37115	0	0
chr18:19000000-19500000	chr18	19000000	0	0.370056	0	0
chr18:19500000-20000000	chr18	19500000	0	0.377944	0	0
chr18:20000000-20500000	chr18	20000000	7	0.393856	0	1
chr18:20500000-21000000	chr18	20500000	7	0.432626	0	4
chr18:21000000-21500000	chr18	21000000	3	0.421718	0	2
chr18:21500000-22000000	chr18	21500000	2	0.393906	0	2
chr18:22000000-22500000	chr18	22000000	2	0.38558	0	1
chr18:22500000-23000000	chr18	22500000	0	0.388888	0	0
chr18:23000000-23500000	chr18	23000000	3	0.393854	0	3
chr18:23500000-24000000	chr18	23500000	7	0.420528	0	3
chr18:24000000-24500000	chr18	24000000	6	0.43705	0	5
chr18:24500000-25000000	chr18	24500000	5	0.44809	0	4
chr18:25000000-25500000	chr18	25000000	2	0.409514	0	3
chr18:25500000-26000000	chr18	25500000	1	0.453134	0	3
chr18:26000000-26500000	chr18	26000000	0	0.387894	0	0
chr18:26500000-27000000	chr18	26500000	0	0.380332	0	0
chr18:27000000-27500000	chr18	27000000	0	0.375036	0	0
chr18:27500000-28000000	chr18	27500000	0	0.376884	0	0
chr18:28000000-28500000	chr18	28000000	0	0.379002	0	0
chr18:28500000-29000000	chr18	28500000	2	0.378634	0	0
chr18:29000000-29500000	chr18	29000000	2	0.377812	0	0
chr18:29500000-30000000	chr18	29500000	0	0.385534	0	0
chr18:30000000-30500000	chr18	30000000	1	0.407298	0	1
chr18:30500000-31000000	chr18	30500000	0	0.389572	0	0
chr18:31000000-31500000	chr18	31000000	2	0.379478	0	0
chr18:31500000-32000000	chr18	31500000	9	0.435378	0	7
chr18:32000000-32500000	chr18	32000000	8	0.440944	0	4
chr18:32500000-33000000	chr18	32500000	6	0.411786	0	3
chr18:33000000-33500000	chr18	33000000	3	0.409816	0	2
chr18:33500000-34000000	chr18	33500000	1	0.428212	0	1
chr18:34000000-34500000	chr18	34000000	6	0.434516	0	5
chr18:34500000-35000000	chr18	34500000	17	0.44931	0	12
chr18:35000000-35500000	chr18	35000000	3	0.436062	0	2
chr18:35500000-36000000	chr18	35500000	17	0.466174	0	17
chr18:36000000-36500000	chr18	36000000	6	0.457404	0	7
chr18:36500000-37000000	chr18	36500000	31	0.422896	0	25
chr18:37000000-37500000	chr18	37000000	24	0.400214	0	14
chr18:37500000-38000000	chr18	37500000	35	0.43742	0	22
chr18:38000000-38500000	chr18	38000000	8	0.470784	0	12
chr18:38500000-39000000	chr18	38500000	5	0.460998	0	2
chr18:39000000-39500000	chr18	39000000	0	0.431254	0	2
chr18:39500000-40000000	chr18	39500000	2	0.409632	0	0
chr18:40000000-40500000	chr18	40000000	3	0.3988	0	1
chr18:40500000-41000000	chr18	40500000	1	0.385482	0	0
chr18:41000000-41500000	chr18	41000000	0	0.383182	0	0
chr18:41500000-42000000	chr18	41500000	2	0.407876	0	1
chr18:42000000-42500000	chr18	42000000	6	0.429646	0	3
chr18:42500000-43000000	chr18	42500000	2	0.418892	0	1
chr18:43000000-43500000	chr18	43000000	3	0.410754	0	4
chr18:43500000-44000000	chr18	43500000	5	0.392254	0	0
chr18:44000000-44500000	chr18	44000000	10	0.40194	0	1
chr18:44500000-45000000	chr18	44500000	3	0.413854	0	3
chr18:45000000-45500000	chr18	45000000	1	0.392172	0	1
chr18:45500000-46000000	chr18	45500000	1	0.400012	0	1
chr18:46000000-46500000	chr18	46000000	5	0.424842	0	5
chr18:46500000-47000000	chr18	46500000	10	0.422132	0	7
chr18:47000000-47500000	chr18	47000000	2	0.426876	0	2
chr18:47500000-48000000	chr18	47500000	3	0.405366	0	0
chr18:48000000-48500000	chr18	48000000	1	0.376122	0	1
chr18:48500000-49000000	chr18	48500000	0	0.370772	0	0
chr18:49000000-49500000	chr18	49000000	0	0.387172	0	0
chr18:49500000-50000000	chr18	49500000	5	0.397718	0	2
chr18:50000000-50500000	chr18	50000000	3	0.411886	0	2
chr18:50500000-51000000	chr18	50500000	1	0.38093	0	0
chr18:51000000-51500000	chr18	51000000	1	0.375334	0	2
chr18:51500000-52000000	chr18	51500000	0	0.368524	0	0
chr18:52000000-52500000	chr18	52000000	3	0.389696	0	1
chr18:52500000-53000000	chr18	52500000	6	0.412422	0	2
chr18:53000000-53500000	chr18	53000000	4	0.428704	0	5
chr18:53500000-54000000	chr18	53500000	3	0.41845	0	4
chr18:54000000-54500000	chr18	54000000	2	0.406316	0	0
chr18:54500000-55000000	chr18	54500000	3	0.419476	0	1
chr18:55000000-55500000	chr18	55000000	0	0.41077	0	0
chr18:55500000-56000000	chr18	55500000	0	0.394042	0	0
chr18:56000000-56500000	chr18	56000000	2	0.414016	0	1
chr18:56500000-57000000	chr18	56500000	9	0.438422	0	5
chr18:57000000-57500000	chr18	57000000	4	0.423618	0	3
chr18:57500000-58000000	chr18	57500000	6	0.41664	0	1
chr18:58000000-58500000	chr18	58000000	2	0.410848	0	1
chr18:58500000-59000000	chr18	58500000	3	0.40029	0	2
chr18:59000000-59500000	chr18	59000000	2	0.390864	0	1
chr18:59500000-60000000	chr18	59500000	2	0.386661	2e-06	0
chr18:60000000-60500000	chr18	60000000	4	0.403332	0	0
chr18:60500000-61000000	chr18	60500000	15	0.493328	0	8
chr18:61000000-61500000	chr18	61000000	12	0.480392	0	5
chr18:61500000-62000000	chr18	61500000	14	0.463448	0	7
chr18:62000000-62500000	chr18	62000000	3	0.424106	0	1
chr18:62500000-63000000	chr18	62500000	8	0.429502	0	3
chr18:63000000-63500000	chr18	63000000	1	0.424558	0	1
chr18:63500000-64000000	chr18	63500000	3	0.409042	0	2
chr18:64000000-64500000	chr18	64000000	4	0.433668	0	7
chr18:64500000-65000000	chr18	64500000	3	0.439336	0	5
chr18:65000000-65500000	chr18	65000000	4	0.446716	0	2
chr18:65500000-66000000	chr18	65500000	8	0.456692	0	4
chr18:66000000-66500000	chr18	66000000	4	0.436044	0	3
chr18:66500000-67000000	chr18	66500000	3	0.41002	0	0
chr18:67000000-67500000	chr18	67000000	9	0.453454	0	11
chr18:67500000-68000000	chr18	67500000	8	0.428318	0	6
chr18:68000000-68500000	chr18	68000000	5	0.428826	0	1
chr18:68500000-69000000	chr18	68500000	2	0.416388	0	0
chr18:69000000-69500000	chr18	69000000	2	0.417208	0	3
chr18:69500000-70000000	chr18	69500000	1	0.418582	0	0
chr18:70000000-70500000	chr18	70000000	4	0.396716	0	3
chr18:70500000-71000000	chr18	70500000	3	0.406916	0	2
chr18:71000000-71500000	chr18	71000000	0	0.376546	0	0
chr18:71500000-72000000	chr18	71500000	0	0.37031	0	0
chr18:72000000-72500000	chr18	72000000	1	0.37587	0	0
chr18:72500000-73000000	chr18	72500000	1	0.387208	0	0
chr18:73000000-73500000	chr18	73000000	0	0.41677	0	0
chr18:73500000-74000000	chr18	73500000	7	0.446364	0	6
chr18:74000000-74500000	chr18	74000000	8	0.4501	0	5
chr18:74500000-75000000	chr18	74500000	5	0.463602	0	2
chr18:75000000-75500000	chr18	75000000	7	0.471618	0	5
chr18:75500000-76000000	chr18	75500000	3	0.47711	0	4
chr18:76000000-76500000	chr18	76000000	3	0.466921	0.039182	4
chr18:76500000-77000000	chr18	76500000	5	0.455053	0.060818	5
chr18:77000000-77500000	chr18	77000000	4	0.452934	0	5
chr18:77500000-78000000	chr18	77500000	10	0.451451	0.1	6
chr18:78000000-78500000	chr18	78000000	3	0.44275	0	2
chr18:78500000-79000000	chr18	78500000	1	0.416228	0	0
chr18:79000000-79500000	chr18	79000000	1	0.404618	0	1
chr18:79500000-80000000	chr18	79500000	0	0.39652	0	0
chr18:80000000-80500000	chr18	80000000	12	0.47724	0	12
chr18:80500000-81000000	chr18	80500000	6	0.458822	0	8
chr18:81000000-81500000	chr18	81000000	0	0.451114	0	0
chr18:81500000-82000000	chr18	81500000	1	0.441218	0	2
chr18:82000000-82500000	chr18	82000000	2	0.44276	0.1	3
chr18:82500000-83000000	chr18	82500000	7	0.475352	0	6
chr18:83000000-83500000	chr18	83000000	1	0.447746	0	0
chr18:83500000-84000000	chr18	83500000	0	0.433236	0	0
chr18:84000000-84500000	chr18	84000000	2	0.431798	0	4
chr18:84500000-85000000	chr18	84500000	9	0.433932	0	5
chr18:85000000-85500000	chr18	85000000	0	0.402734	0	0
chr18:85500000-86000000	chr18	85500000	1	0.38057	0	0
chr18:86000000-86500000	chr18	86000000	1	0.377926	0	1
chr18:86500000-87000000	chr18	86500000	1	0.37263	0	2
chr18:87000000-87500000	chr18	87000000	0	0.368916	0	0
chr18:87500000-88000000	chr18	87500000	0	0.366796	0	0
chr18:88000000-88500000	chr18	88000000	0	0.369278	0	0
chr18:88500000-89000000	chr18	88500000	3	0.385364	0	3
chr18:89000000-89500000	chr18	89000000	1	0.373224	0	0
chr18:89500000-90000000	chr18	89500000	1	0.372876	0	1
chr18:90000000-90500000	chr18	90000000	0	0.386624	0	0
chr18:90500000-90702639	chr18	90500000	3	0.389033	0.493488	1
chr19:0-500000	chr19	0	0	nan	1	0
chr19:500000-1000000	chr19	500000	0	nan	1	0
chr19:1000000-1500000	chr19	1000000	0	nan	1	0
chr19:1500000-2000000	chr19	1500000	0	nan	1	0
chr19:2000000-2500000	chr19	2000000	0	nan	1	0
chr19:2500000-3000000	chr19	2500000	0	nan	1	0
chr19:3000000-3500000	chr19	3000000	7	0.448558	0	5
chr19:3500000-4000000	chr19	3500000	15	0.474336	0	6
chr19:4000000-4500000	chr19	4000000	32	0.485654	0	18
chr19:4500000-5000000	chr19	4500000	20	0.466386	0	17
chr19:5000000-5500000	chr19	5000000	31	0.48355	0	24
chr19:5500000-6000000	chr19	5500000	28	0.504986	0	25
chr19:6000000-6500000	chr19	6000000	36	0.509672	0	25
chr19:6500000-7000000	chr19	6500000	20	0.505178	0.25142	18
chr19:7000000-7500000	chr19	7000000	16	0.487884	0	17
chr19:7500000-8000000	chr19	7500000	6	0.41104	0	1
chr19:8000000-8500000	chr19	8000000	3	0.405202	0	0
chr19:8500000-9000000	chr19	8500000	41	0.45801	0	20
chr19:9000000-9500000	chr19	9000000	2	0.413056	0	0
chr19:9500000-10000000	chr19	9500000	5	0.41782	0	2
chr19:10000000-10500000	chr19	10000000	13	0.499314	0	11
chr19:10500000-11000000	chr19	10500000	24	0.475326	0	10
chr19:11000000-11500000	chr19	11000000	17	0.404424	0	1
chr19:11500000-12000000	chr19	11500000	18	0.41392	0	6
chr19:12000000-12500000	chr19	12000000	19	0.405354	0	0
chr19:12500000-13000000	chr19	12500000	20	0.39556	0	3
chr19:13000000-13500000	chr19	13000000	15	0.377544	0	0
chr19:13500000-14000000	chr19	13500000	17	0.380326	0	0
chr19:14000000-14500000	chr19	14000000	2	0.396596	0	0
chr19:14500000-15000000	chr19	14500000	1	0.397434	0	1
chr19:15000000-15500000	chr19	15000000	0	0.393526	0	0
chr19:15500000-16000000	chr19	15500000	3	0.422854	0	2
chr19:16000000-16500000	chr19	16000000	5	0.423658	0	2
chr19:16500000-17000000	chr19	16500000	3	0.40551	0	3
chr19:17000000-17500000	chr19	17000000	2	0.4291	0	2
chr19:17500000-18000000	chr19	17500000	1	0.406886	0	1
chr19:18000000-18500000	chr19	18000000	0	0.398052	0	0
chr19:18500000-19000000	chr19	18500000	5	0.416774	0	4
chr19:19000000-19500000	chr19	19000000	1	0.380532	0	1
chr19:19500000-20000000	chr19	19500000	0	0.370526	0	0
chr19:20000000-20500000	chr19	20000000	5	0.378692	0	0
chr19:20500000-21000000	chr19	20500000	3	0.391286	0	0
chr19:21000000-21500000	chr19	21000000	3	0.414532	0	2
chr19:21500000-22000000	chr19	21500000	3	0.420102	0	3
chr19:22000000-22500000	chr19	22000000	2	0.398982	0	1
chr19:22500000-23000000	chr19	22500000	1	0.412046	0	1
chr19:23000000-23500000	chr19	23000000	4	0.425276	0	3
chr19:23500000-24000000	chr19	23500000	3	0.43266	0	5
chr19:24000000-24500000	chr19	24000000	5	0.443924	0	6
chr19:24500000-25000000	chr19	24500000	10	0.432406	0	6
chr19:25000000-25500000	chr19	25000000	2	0.452046	0	2
chr19:25500000-26000000	chr19	25500000	4	0.433244	0	6
chr19:26000000-26500000	chr19	26000000	1	0.40765	0	0
chr19:26500000-27000000	chr19	26500000	3	0.432124	0	1
chr19:27000000-27500000	chr19	27000000	5	0.425584	0	4
chr19:27500000-28000000	chr19	27500000	0	0.396938	0	0
chr19:28000000-28500000	chr19	28000000	1	0.42012	0	1
chr19:28500000-29000000	chr19	28500000	6	0.433152	0	7
chr19:29000000-29500000	chr19	29000000	11	0.42997	0	4
chr19:29500000-30000000	chr19	29500000	7	0.41553	0	5
chr19:30000000-30500000	chr19	30000000	4	0.413994	0	2
chr19:30500000-31000000	chr19	30500000	3	0.394954	0	1
chr19:31000000-31500000	chr19	31000000	2	0.39671	0	1
chr19:31500000-32000000	chr19	31500000	2	0.398776	0	2
chr19:32000000-32500000	chr19	32000000	4	0.430398	0	2
chr19:32500000-33000000	chr19	32500000	3	0.422404	0	3
chr19:33000000-33500000	chr19	33000000	3	0.397606	0	1
chr19:33500000-34000000	chr19	33500000	6	0.37946	0	0
chr19:34000000-34500000	chr19	34000000	8	0.405568	0	2
chr19:34500000-35000000	chr19	34500000	12	0.41686	0	3
chr19:35000000-35500000	chr19	35000000	0	0.391396	0	0
chr19:35500000-36000000	chr19	35500000	1	0.39027	0	0
chr19:36000000-36500000	chr19	36000000	4	0.424006	0	3
chr19:36500000-37000000	chr19	36500000	6	0.415084	0	6
chr19:37000000-37500000	chr19	37000000	8	0.430252	0	6
chr19:37500000-38000000	chr19	37500000	3	0.437954	0	6
chr19:38000000-38500000	chr19	38000000	10	0.438012	0	6
chr19:38500000-39000000	chr19	38500000	4	0.418124	0	3
chr19:39000000-39500000	chr19	39000000	7	0.399006	0	0
chr19:39500000-40000000	chr19	39500000	5	0.380626	0	0
chr19:40000000-40500000	chr19	40000000	4	0.42942	0	2
chr19:40500000-41000000	chr19	40500000	10	0.438812	0	6
chr19:41000000-41500000	chr19	41000000	7	0.45268	0	7
chr19:41500000-42000000	chr19	41500000	13	0.465212	0	8
chr19:42000000-42500000	chr19	42000000	12	0.483066	0	7
chr19:42500000-43000000	chr19	42500000	4	0.44502	0	4
chr19:43000000-43500000	chr19	43000000	2	0.39861	0	3
chr19:43500000-44000000	chr19	43500000	12	0.459632	0	11
chr19:44000000-44500000	chr19	44000000	12	0.449806	0	6
chr19:44500000-45000000	chr19	44500000	10	0.47453	0	21
chr19:45000000-45500000	chr19	45000000	11	0.471182	0	18
chr19:45500000-46000000	chr19	45500000	10	0.465418	0	9
chr19:46000000-46500000	chr19	46000000	17	0.46975	0	18
chr19:46500000-47000000	chr19	46500000	9	0.464994	0	5
chr19:47000000-47500000	chr19	47000000	11	0.491312	0	12
chr19:47500000-48000000	chr19	47500000	12	0.454802	0	8
chr19:48000000-48500000	chr19	48000000	1	0.443368	0	1
chr19:48500000-49000000	chr19	48500000	0	0.400762	0	0
chr19:49000000-49500000	chr19	49000000	0	0.387554	0	0
chr19:49500000-50000000	chr19	49500000	0	0.379436	0	0
chr19:50000000-50500000	chr19	50000000	0	0.39927	0	0
chr19:50500000-51000000	chr19	50500000	2	0.383814	0	1
chr19:51000000-51500000	chr19	51000000	0	0.378698	0	0
chr19:51500000-52000000	chr19	51500000	0	0.377566	0	0
chr19:52000000-52500000	chr19	52000000	1	0.384304	0	0
chr19:52500000-53000000	chr19	52500000	1	0.41333	0	0
chr19:53000000-53500000	chr19	53000000	10	0.458556	0	7
chr19:53500000-54000000	chr19	53500000	6	0.448684	0	6
chr19:54000000-54500000	chr19	54000000	1	0.433174	0	1
chr19:54500000-55000000	chr19	54500000	0	0.413024	0	0
chr19:55000000-55500000	chr19	55000000	7	0.443104	0	2
chr19:55500000-56000000	chr19	55500000	3	0.465532	0	3
chr19:56000000-56500000	chr19	56000000	4	0.46664	0	1
chr19:56500000-57000000	chr19	56500000	7	0.464572	0	5
chr19:57000000-57500000	chr19	57000000	6	0.46132	0	3
chr19:57500000-58000000	chr19	57500000	2	0.422102	0	2
chr19:58000000-58500000	chr19	58000000	3	0.451026	0	2
chr19:58500000-59000000	chr19	58500000	10	0.448716	0	3
chr19:59000000-59500000	chr19	59000000	9	0.446576	0	11
chr19:59500000-60000000	chr19	59500000	1	0.427364	0	1
chr19:60000000-60500000	chr19	60000000	3	0.41376	0	2
chr19:60500000-61000000	chr19	60500000	7	0.42154	0	6
chr19:61000000-61431566	chr19	61000000	3	0.417938	0.231714	3
