tile_id	chrom	dlam_mCh	siScr_mCh	dlam_DNK	tss_count	pc1_GSM3602088	pc1_GSM3602089	pc1_GSM3602090	pc1_GSM3602091	pc1_GSM3602092	pc1_GSM3602093
chr1:3000000-3500000	chr1	-0.283185	0.642596	0.161706	3	-0.118214	-0.0548431	-0.247694	-0.0192072	0.138167	0.0396003
chr1:3500000-4000000	chr1	-0.331182	0.765649	0.0564213	10	-0.122948	-0.0795455	0.0279847	-0.0779858	0.139163	0.239097
chr1:4000000-4500000	chr1	0.162243	1.05925	0.0973291	0	-1.26804	-1.3613	-1.21164	-1.22391	-1.14344	-1.16179
chr1:4500000-5000000	chr1	0.169131	1.16085	0.19055	1	-1.17388	-1.49464	-1.09653	-1.3249	-1.17992	-1.10475
chr1:5000000-5500000	chr1	0.215215	1.22285	0.323434	0	-1.42398	-1.49925	-1.31658	-1.3603	-1.23793	-1.22599
chr1:5500000-6000000	chr1	0.149292	1.03878	0.0934553	1	-1.0678	-0.848602	-1.01007	-0.822524	-0.741857	-0.702621
chr1:6000000-6500000	chr1	-0.279137	-0.0959762	0.0491759	12	0.75469	0.999845	0.73015	0.918112	0.728694	0.833982
chr1:6500000-7000000	chr1	-0.114648	-0.595566	0.0731998	8	0.929592	1.19029	0.914218	1.16582	1.11663	1.03889
chr1:7000000-7500000	chr1	-0.120746	-0.311613	-0.143894	0	0.99008	1.08716	0.627673	0.952402	0.801053	0.851597
chr1:7500000-8000000	chr1	-0.0300972	-0.760146	0.100078	5	1.03229	1.05403	1.09413	0.875957	1.04873	0.903798
chr1:8000000-8500000	chr1	0.0494923	-1.04336	-0.157725	2	1.04099	1.064	0.852197	1.04968	1.02072	0.949643
chr1:8500000-9000000	chr1	0.16254	-1.40931	0.0947633	3	1.14266	1.02604	1.12871	0.921338	1.04343	1.04926
chr1:9000000-9500000	chr1	-0.198354	-0.689301	0.0807523	5	1.39479	1.39726	1.1756	1.09271	1.27152	1.28369
chr1:9500000-10000000	chr1	-0.142162	-0.845986	0.209708	8	1.25635	1.23501	1.18508	1.25932	1.3096	1.17656
chr1:10000000-10500000	chr1	0.114989	-1.2092	0.0118021	7	1.30218	1.22429	1.27815	1.36157	1.12197	1.28498
chr1:10500000-11000000	chr1	-0.171679	-0.641459	0.124789	2	1.19293	1.19046	1.31552	1.185	1.21227	1.13379
chr1:11000000-11500000	chr1	-0.375761	-0.179119	-0.238471	8	1.2721	1.19142	1.03712	1.13932	1.26095	1.19917
chr1:11500000-12000000	chr1	-0.312915	-0.406972	-0.0450391	15	1.13422	1.25385	1.03318	1.25484	1.10902	1.02767
chr1:12000000-12500000	chr1	0.0544348	-0.475068	-0.239046	4	-0.166122	0.10926	-0.00492137	0.246168	0.224104	0.16254
chr1:12500000-13000000	chr1	0.0659306	0.557833	0.00537602	13	-1.12641	-1.26721	-1.22529	-1.00729	-1.03317	-0.864109
chr1:13000000-13500000	chr1	0.0991824	1.03336	0.152493	17	-1.5266	-1.91323	-1.44754	-1.5228	-1.4255	-1.20798
chr1:13500000-14000000	chr1	-0.101648	0.938749	-0.153531	3	-1.36149	-1.41516	-1.00402	-1.31042	-0.655663	-0.995285
chr1:14000000-14500000	chr1	0.16663	0.824798	0.0396161	0	-1.37258	-1.41791	-1.43748	-1.54882	-1.23589	-1.17405
chr1:14500000-15000000	chr1	-0.353869	0.579451	-0.273714	1	-0.66644	-0.679531	-0.788479	-0.608547	-0.398307	-0.545565
chr1:15000000-15500000	chr1	-0.05694	-0.213628	-0.127048	6	-0.0654849	-0.0153733	0.060597	0.0795163	0.380667	0.262594
chr1:15500000-16000000	chr1	-0.0334069	-1.02445	0.146143	12	1.00505	1.22152	0.913938	1.20249	1.08259	1.10091
chr1:16000000-16500000	chr1	0.0164496	-0.941549	0.0740518	12	1.24988	1.34965	1.41188	1.21613	1.32086	1.31061
chr1:16500000-17000000	chr1	-0.150019	-0.64714	-0.181039	8	1.70646	1.27971	1.38378	1.19317	1.19142	1.1097
chr1:17000000-17500000	chr1	-0.440835	-0.296289	-0.0467481	8	1.35252	0.948971	1.37185	1.0993	1.37626	1.29598
chr1:17500000-18000000	chr1	-0.197334	0.524844	-0.149431	2	1.09118	1.17971	1.32097	0.824974	1.20729	1.15198
chr1:18000000-18500000	chr1	0.0201564	0.729354	-0.0739272	2	1.0453	1.10403	1.08841	1.07084	1.16958	1.09921
chr1:18500000-19000000	chr1	-0.15542	0.27539	0.0120278	4	1.04503	1.02393	1.10831	1.14637	1.19411	1.14527
chr1:19000000-19500000	chr1	-0.0600938	-0.675444	-0.209363	7	1.36186	1.18742	1.16669	1.05409	1.02917	1.2361
chr1:19500000-20000000	chr1	-0.309068	-0.324472	-0.143805	8	1.22871	0.882058	1.06204	1.17264	1.0753	1.06505
chr1:20000000-20500000	chr1	-0.145869	-0.0471828	-0.262725	7	1.045	1.01571	1.08761	0.994158	1.0298	1.05864
chr1:20500000-21000000	chr1	0.112104	-1.06943	0.216861	8	1.15416	0.917751	1.26172	0.778654	1.09058	1.02779
chr1:21000000-21500000	chr1	-0.169188	-1.00073	0.0609344	3	1.10727	1.21498	1.02322	1.14022	1.04964	1.17833
chr1:21500000-22000000	chr1	0.0256443	-0.928393	0.0630878	6	1.39858	1.16276	1.28455	1.22515	1.22519	1.083
chr1:22000000-22500000	chr1	0.0955092	-0.882665	-0.00873751	4	1.10679	0.903617	1.13447	0.742677	1.21291	1.09951
chr1:22500000-23000000	chr1	-0.000754839	-0.848562	-0.127685	6	1.20877	0.986538	1.07645	1.09842	1.2235	1.03638
chr1:23000000-23500000	chr1	0.109216	-1.33032	-0.0413868	8	0.858084	0.888478	1.29236	0.910771	1.17782	0.936663
chr1:23500000-24000000	chr1	0.0846527	-1.15633	-0.144743	12	1.15081	1.02195	1.0275	1.05034	1.0404	1.02066
chr1:24000000-24500000	chr1	0.0970021	-0.990325	0.0899532	6	1.36363	0.86881	1.02152	0.937317	1.13827	1.01114
chr1:24500000-25000000	chr1	0.0136775	-1.24297	-0.042332	5	0.978392	0.907419	0.933943	0.834759	1.10553	1.04185
chr1:25000000-25500000	chr1	-0.0391329	-1.04779	-0.0764112	6	0.873492	1.00173	0.924553	0.889099	0.955227	1.07941
chr1:25500000-26000000	chr1	-0.00511445	-0.94522	0.204461	8	0.998349	1.0703	1.16477	0.978223	1.0876	1.012
chr1:26000000-26500000	chr1	-0.0809356	-0.977814	0.0209995	19	1.2011	1.09139	1.25687	1.03299	1.26263	1.1084
chr1:26500000-27000000	chr1	0.1836	-1.24118	0.0581984	11	1.13371	1.09142	1.09024	1.05103	1.26803	1.26327
chr1:27000000-27500000	chr1	0.109852	-0.989696	-0.0473614	10	1.09373	1.11387	1.06894	1.10247	1.19781	1.28267
chr1:27500000-28000000	chr1	0.00778669	-1.03288	-0.185004	10	1.41004	1.12423	0.935693	1.05991	1.23394	1.03144
chr1:28000000-28500000	chr1	0.138373	-1.35383	0.204278	7	1.17231	0.794504	1.21429	0.962577	1.08989	1.06064
chr1:28500000-29000000	chr1	0.171623	-0.984707	-0.0988415	9	1.11457	0.746617	1.0694	0.620923	1.20913	0.985365
chr1:29000000-29500000	chr1	-0.171498	-0.0991246	-0.152173	4	1.04546	1.00754	1.1382	0.993254	1.02042	0.976755
chr1:29500000-30000000	chr1	-0.263254	0.498988	-0.0699058	0	0.96744	0.885588	0.739868	0.900492	0.797265	0.833012
chr1:30000000-30500000	chr1	-0.183726	0.645421	-0.0769383	0	0.938011	0.681836	0.870254	0.796454	0.93699	0.752448
chr1:30500000-31000000	chr1	-0.0820537	-0.22392	-0.0884828	3	1.32514	0.870298	1.0684	0.871835	1.09458	1.1193
chr1:31000000-31500000	chr1	0.110839	-0.936134	-0.288583	6	1.17672	1.02161	1.12742	0.850823	1.19022	1.05962
chr1:31500000-32000000	chr1	0.131456	-0.97835	0.146056	8	1.39498	1.31483	1.26066	1.25326	1.30655	1.0445
chr1:32000000-32500000	chr1	-0.108827	-0.713432	-0.121864	17	1.27706	1.08227	1.19321	1.30699	1.33698	1.26316
chr1:32500000-33000000	chr1	0.0323708	-0.886374	-0.00950197	11	1.21069	1.0695	0.966624	1.12034	1.08935	1.00935
chr1:33000000-33500000	chr1	-0.185564	-0.319609	-0.111405	7	0.926485	1.05874	1.17172	0.957154	0.931461	1.0816
chr1:33500000-34000000	chr1	-0.282972	0.541349	-0.398475	1	0.550525	0.479013	0.680616	0.669366	0.622225	0.49101
chr1:34000000-34500000	chr1	-0.367915	0.69999	-0.290719	2	0.254496	0.519424	0.192888	0.426383	0.36978	0.52883
chr1:34500000-35000000	chr1	-0.219445	0.425159	-0.0770366	7	0.6898	0.726158	0.61684	0.442536	0.707024	0.611643
chr1:35000000-35500000	chr1	-0.0246556	-0.828326	-0.193549	4	0.935728	1.13904	0.936621	0.829177	1.03914	1.03179
chr1:35500000-36000000	chr1	-0.11142	-0.695287	-0.0527818	9	1.21505	1.20123	1.16883	1.09468	1.20893	1.24388
chr1:36000000-36500000	chr1	0.128963	-0.726981	0.0405804	13	1.38031	1.27962	1.24848	1.26292	1.38769	1.26356
chr1:36500000-37000000	chr1	-0.203186	1.38873	0.0715591	0	0.798243	0.770623	0.866931	0.61884	0.829336	0.802082
chr1:37000000-37500000	chr1	0.0205816	1.12626	0.0495282	2	0.592089	0.658564	0.727244	0.745157	0.904228	0.728194
chr1:37500000-38000000	chr1	-0.150176	0.0510288	-0.0511572	14	1.1943	0.98956	1.09583	1.13388	1.24785	1.06632
chr1:38000000-38500000	chr1	0.142486	0.827133	-0.121855	3	0.875321	0.757371	0.823894	0.662063	0.923976	0.725721
chr1:38500000-39000000	chr1	0.078273	0.296751	-0.0722611	5	0.953148	0.839345	1.11597	0.925588	0.965299	0.786835
chr1:39000000-39500000	chr1	0.186531	-1.1323	-0.0535206	3	1.20435	1.26296	1.15417	0.962962	1.14908	1.15721
chr1:39500000-40000000	chr1	0.032354	-0.882876	-0.0299631	10	1.41243	1.11915	1.22014	1.20319	1.36351	1.26519
chr1:40000000-40500000	chr1	0.0256588	-1.18713	0.11265	9	1.35515	1.08612	1.0985	0.882868	1.13498	1.18648
chr1:40500000-41000000	chr1	-0.0545864	-0.93238	-0.044035	7	1.30766	1.13955	1.23472	1.21426	1.16263	1.18797
chr1:41000000-41500000	chr1	-0.159535	-0.734489	-0.0229001	4	1.1948	1.01811	1.14459	1.00731	1.06885	1.11923
chr1:41500000-42000000	chr1	-0.0203377	-0.617271	-0.154566	2	1.01931	1.0137	0.894708	1.0334	1.04829	0.959324
chr1:42000000-42500000	chr1	0.0988108	-0.841773	-0.0538113	7	1.02622	0.779786	0.932989	0.846375	1.03706	1.03936
chr1:42500000-43000000	chr1	0.0884322	-0.854301	-0.206134	10	1.18362	1.08798	1.28986	1.12518	1.01932	1.15029
chr1:43000000-43500000	chr1	-0.0716624	-0.722818	0.0886154	12	1.46333	1.13349	1.27918	1.2084	1.38024	1.1993
chr1:43500000-44000000	chr1	-0.119639	-0.764716	-0.00911325	9	1.33141	1.39744	1.40758	1.43643	1.30256	1.31415
chr1:44000000-44500000	chr1	-0.119503	-0.554307	-0.326168	6	1.4195	1.25684	1.23432	1.11944	1.33189	1.24168
chr1:44500000-45000000	chr1	-0.275381	-0.404145	-0.307029	12	1.32999	1.27002	1.25373	1.05886	1.37531	1.32629
chr1:45000000-45500000	chr1	-0.170176	-0.390833	-0.438309	7	0.926518	1.07794	0.645217	0.969053	0.652613	0.953041
chr1:45500000-46000000	chr1	-0.136524	-1.06952	-0.0307317	10	1.11293	1.22991	0.985444	1.18181	0.97591	1.09128
chr1:46000000-46500000	chr1	0.0238346	-0.531732	-0.163629	11	0.727285	0.940051	1.00136	1.06597	0.984961	1.03097
chr1:46500000-47000000	chr1	0.0516694	0.795435	-0.0296978	9	-0.730516	-0.60378	-0.48817	-0.486316	-0.198725	-0.100363
chr1:47000000-47500000	chr1	0.013083	0.697604	-0.0114607	9	-0.687541	-0.630437	-0.515093	-0.784353	-0.138949	-0.175603
chr1:47500000-48000000	chr1	0.0866837	1.4144	0.0714195	1	-0.286891	-0.0604635	-0.331065	0.15594	0.177299	0.049031
chr1:48000000-48500000	chr1	0.239812	1.27199	-0.0175468	2	-1.31468	-1.41318	-1.27169	-1.08961	-1.0784	-1.16736
chr1:48500000-49000000	chr1	0.417026	1.43138	-0.0376425	1	-1.32384	-1.46794	-1.26966	-1.38723	-1.17528	-1.08774
chr1:49000000-49500000	chr1	0.228115	1.25324	0.379848	0	-1.67313	-1.87025	-1.7656	-1.91954	-1.71596	-1.72297
chr1:49500000-50000000	chr1	0.497266	0.992712	0.191205	0	-1.74313	-1.87614	-1.87312	-1.9194	-1.74338	-1.72374
chr1:50000000-50500000	chr1	0.277965	1.09147	0.114515	3	-1.50153	-1.74468	-1.5666	-1.6814	-1.39227	-1.38474
chr1:50500000-51000000	chr1	-0.126403	0.176741	-0.0310779	2	-1.50098	-1.40037	-1.32703	-1.59269	-1.24742	-1.24658
chr1:51000000-51500000	chr1	-0.109712	-0.365048	-0.148586	3	-1.04863	-1.12076	-0.985879	-1.1996	-0.602194	-0.780872
chr1:51500000-52000000	chr1	0.185149	-1.14792	-0.09214	4	0.234286	0.301676	0.489775	0.384785	0.392054	0.615302
chr1:52000000-52500000	chr1	0.0709183	-1.09363	-0.0950803	7	0.762922	0.953404	0.742103	0.90701	0.89037	0.953178
chr1:52500000-53000000	chr1	0.0717589	-0.923808	-0.20897	8	1.22047	1.24542	1.04015	1.21342	0.956241	1.07104
chr1:53000000-53500000	chr1	-0.0117123	-0.730789	-0.0322627	7	1.23939	1.32433	1.25822	1.22914	1.17564	1.28855
chr1:53500000-54000000	chr1	0.0574281	-0.933576	-0.138591	6	1.3196	1.27458	1.2556	1.26882	1.31021	1.36153
chr1:54000000-54500000	chr1	-0.0196522	-0.49878	-0.144571	7	1.2663	1.11439	1.21695	1.07594	1.10342	1.02526
chr1:54500000-55000000	chr1	-0.00842364	-0.565949	-0.362885	10	1.22275	1.29621	1.43304	1.30822	1.20876	1.30556
chr1:55000000-55500000	chr1	0.0286368	-0.460666	-0.354206	2	1.19403	1.08667	0.989876	1.04106	0.859986	1.00148
chr1:55500000-56000000	chr1	0.339929	-0.189462	-0.040425	0	0.788551	0.82882	0.574537	0.894269	0.63327	0.794233
chr1:56000000-56500000	chr1	-0.0893191	0.148341	-0.160581	0	0.815208	0.717816	0.96108	0.823542	0.729081	0.696193
chr1:56500000-57000000	chr1	0.265457	-0.191026	0.139869	5	0.967101	0.988834	0.768341	0.912284	0.640671	0.61691
chr1:57000000-57500000	chr1	0.395073	0.57071	0.033992	1	0.593157	0.776281	0.782379	0.709645	0.439419	0.387439
chr1:57500000-58000000	chr1	0.229167	0.714809	0.0418767	0	0.524669	0.511501	0.486876	0.46231	-0.0233659	-0.0549728
chr1:58000000-58500000	chr1	0.326811	0.601838	-0.0098122	0	0.520035	0.351297	0.426229	0.423953	0.0288382	0.269612
chr1:58500000-59000000	chr1	0.081375	-0.647451	-0.403922	4	0.655366	0.313196	0.392187	0.572233	0.584059	0.295831
chr1:59000000-59500000	chr1	0.145092	-0.699945	-0.27496	1	0.73244	0.158716	0.644279	0.176992	0.473895	0.284632
chr1:59500000-60000000	chr1	-0.00417859	-0.0854557	0.0658443	2	0.324971	-0.156224	-0.0823912	-0.198651	0.045458	-0.192285
chr1:60000000-60500000	chr1	0.462378	0.380336	0.265576	1	-1.07762	-1.49023	-1.13943	-1.31639	-1.24045	-1.33465
chr1:60500000-61000000	chr1	0.278226	0.736598	0.208832	0	-0.896498	-1.29282	-1.14117	-1.15592	-1.08906	-1.09885
chr1:61000000-61500000	chr1	0.255691	0.0554386	0.291251	1	-0.040532	-0.172175	-0.31386	0.0998745	-0.112054	-0.20555
chr1:61500000-62000000	chr1	0.0169438	0.357774	-0.138845	2	-0.292405	-0.0762297	-0.340231	-0.319445	-0.120382	-0.283164
chr1:62000000-62500000	chr1	0.0160176	0.112915	-0.225005	3	0.47938	0.426577	0.361022	0.423376	0.469177	0.220304
chr1:62500000-63000000	chr1	-0.121978	-0.170979	0.15288	3	0.430302	0.449635	0.350777	0.433052	0.181489	0.253646
chr1:63000000-63500000	chr1	0.065442	0.384529	0.0458418	2	-0.101152	0.16765	0.158996	0.435111	-0.360715	-0.454602
chr1:63500000-64000000	chr1	0.143352	-0.786196	-0.250645	4	0.339321	0.425429	0.408282	0.441663	0.304992	-0.0253773
chr1:64000000-64500000	chr1	-0.0341895	-0.513792	-0.542714	2	0.59677	0.50692	0.49137	0.737958	0.490792	0.39345
chr1:64500000-65000000	chr1	0.181149	-0.569356	-0.149492	2	0.647776	0.716244	0.414648	0.446466	0.443718	0.351453
chr1:65000000-65500000	chr1	0.197929	-0.121103	-0.112169	4	0.0680735	0.393792	0.00795839	0.0502886	-0.00771747	0.082745
chr1:65500000-66000000	chr1	0.0752748	0.112768	0.143056	1	-1.09397	-1.07045	-1.09664	-1.02754	-1.22181	-1.22378
chr1:66000000-66500000	chr1	0.141809	-0.307143	0.126521	0	-1.14533	-1.23656	-1.15858	-1.02107	-1.10225	-1.27283
chr1:66500000-67000000	chr1	0.0975197	-0.905255	0.103667	5	-0.405115	-0.423223	-0.546343	-0.746809	-0.668449	-0.726626
chr1:67000000-67500000	chr1	0.087687	-0.650066	-0.208615	5	0.0556194	0.25842	0.0270035	0.265	0.025883	-0.0221304
chr1:67500000-68000000	chr1	0.0527133	-0.793537	-0.159002	2	-0.0259461	0.101477	-0.0972563	-0.123378	-0.0218326	-0.159946
chr1:68000000-68500000	chr1	0.130768	-0.774268	0.101356	4	-0.672598	-0.67078	-0.60976	-0.880517	-0.62369	-0.704968
chr1:68500000-69000000	chr1	0.114179	0.419965	-0.0214719	0	-1.6606	-1.68384	-1.64896	-1.82436	-1.48669	-1.60586
chr1:69000000-69500000	chr1	0.109949	0.283753	0.23393	0	-1.50798	-1.60765	-1.69837	-1.73761	-1.51146	-1.49247
chr1:69500000-70000000	chr1	0.0918412	-0.147662	0.0534715	1	-1.66301	-1.68758	-1.6966	-1.80677	-1.68113	-1.59568
chr1:70000000-70500000	chr1	0.161044	-0.687589	0.00962243	4	-0.989586	-0.98351	-0.96056	-1.16547	-0.652363	-0.993646
chr1:70500000-71000000	chr1	0.447383	0.828366	0.170376	0	-1.57975	-1.37979	-1.57398	-1.57404	-1.38202	-1.32378
chr1:71000000-71500000	chr1	0.257625	0.864245	0.177993	2	-1.68149	-1.80147	-1.6866	-1.88662	-1.65461	-1.658
chr1:71500000-72000000	chr1	0.220689	0.30737	0.499897	0	-1.62673	-1.49213	-1.55327	-1.70929	-1.61714	-1.62958
chr1:72000000-72500000	chr1	0.17743	-0.134235	0.373879	1	-1.68284	-1.54673	-1.56548	-1.87042	-1.51823	-1.534
chr1:72500000-73000000	chr1	0.108874	0.33946	0.457759	0	-1.4948	-1.50642	-1.63325	-1.64989	-1.48732	-1.50449
chr1:73000000-73500000	chr1	0.45834	0.382355	0.57903	0	-1.48341	-1.58147	-1.58977	-1.62008	-1.51565	-1.52964
chr1:73500000-74000000	chr1	0.29303	0.441917	0.347791	0	-1.3294	-1.40814	-1.31125	-1.4755	-1.47321	-1.50465
chr1:74000000-74500000	chr1	0.344767	0.364101	0.54573	3	-0.479386	-0.523827	-0.722907	-0.641695	-0.926464	-0.877845
chr1:74500000-75000000	chr1	-0.0757296	1.07886	0.193536	4	-1.45418	-1.51053	-1.45953	-1.62786	-1.35625	-1.29225
chr1:75000000-75500000	chr1	0.264522	0.873304	0.349259	1	-1.54637	-1.69158	-1.48634	-1.62705	-1.60538	-1.57924
chr1:75500000-76000000	chr1	0.0128506	0.674881	0.0993332	5	-1.55392	-1.63942	-1.54992	-1.66636	-1.40183	-1.53269
chr1:76000000-76500000	chr1	0.224569	0.853072	0.0260674	1	-1.28465	-0.98689	-1.19644	-1.16053	-1.25199	-1.19262
chr1:76500000-77000000	chr1	0.35191	0.879706	0.112422	1	-1.30701	-1.49078	-1.51485	-1.48196	-1.56038	-1.43423
chr1:77000000-77500000	chr1	-0.102654	0.103636	-0.1902	2	-1.27693	-1.29079	-1.11135	-1.26245	-1.30399	-1.26224
chr1:77500000-78000000	chr1	0.0815137	-1.02496	0.0884129	5	-0.47299	-0.262817	-0.413547	-0.280478	-0.408645	-0.19751
chr1:78000000-78500000	chr1	0.0223266	-0.181206	0.123981	3	-1.44526	-1.49793	-1.34957	-1.47881	-1.40054	-1.42103
chr1:78500000-79000000	chr1	-0.359813	0.136681	0.0195426	2	-1.50699	-1.56741	-1.42821	-1.57543	-1.47344	-1.59329
chr1:79000000-79500000	chr1	-0.20567	0.122706	0.178389	1	-1.42854	-1.53449	-1.36889	-1.57385	-1.44243	-1.48131
chr1:79500000-80000000	chr1	0.163546	0.124958	0.0967353	0	-1.28546	-1.23301	-1.45854	-1.27162	-1.15935	-1.25978
chr1:80000000-80500000	chr1	0.31885	-0.0434213	-0.0794268	0	-1.29331	-1.39732	-1.38214	-1.5282	-1.3403	-1.43536
chr1:80500000-81000000	chr1	0.349611	-0.0741019	0.0325705	0	-1.52625	-1.4314	-1.4899	-1.45796	-1.4047	-1.57093
chr1:81000000-81500000	chr1	0.0625169	-0.330245	-0.0533292	0	-0.861313	-0.996156	-0.837917	-0.768321	-1.02506	-1.15969
chr1:81500000-82000000	chr1	-0.398224	-0.576656	-0.202023	1	-0.504681	-0.335381	-0.50526	-0.184632	-0.475662	-0.530992
chr1:82000000-82500000	chr1	0.225799	-0.172315	0.153495	0	-0.591626	-0.693888	-0.625058	-0.68336	-0.829509	-0.72634
chr1:82500000-83000000	chr1	0.201309	-0.0514666	0.0674494	0	-0.6734	-0.627024	-0.630971	-0.747568	-0.802848	-0.516605
chr1:83000000-83500000	chr1	0.0555004	0.0982733	-0.0202218	0	-0.896827	-0.653513	-0.750142	-0.608598	-0.556176	-0.577464
chr1:83500000-84000000	chr1	-0.0169846	0.1968	-0.0297042	1	-0.645725	-0.622694	-0.700434	-0.484733	-0.652927	-0.689413
chr1:84000000-84500000	chr1	-0.214102	-0.892433	-0.125881	4	-0.755995	-1.09705	-1.09098	-0.700391	-0.813024	-0.861247
chr1:84500000-85000000	chr1	0.049325	-0.662742	0.0420994	6	-0.433841	-0.454886	-0.592337	-0.191834	-0.166739	-0.451232
chr1:85000000-85500000	chr1	-0.128051	-0.825796	-0.0749417	6	-0.758386	-0.693367	-0.522467	-0.430061	-0.365808	-0.644474
chr1:85500000-86000000	chr1	-0.117742	-0.576376	0.163401	2	-1.32221	-1.55214	-1.52914	-1.57389	-1.17908	-1.46235
chr1:86000000-86500000	chr1	0.0572785	-0.100754	0.125179	4	-1.52094	-1.59899	-1.61146	-1.55812	-1.49291	-1.37463
chr1:86500000-87000000	chr1	0.0359835	-0.445476	-0.0300322	4	-0.923847	-0.857715	-0.757218	-0.737302	-0.568742	-0.776736
chr1:87000000-87500000	chr1	0.161372	0.0432241	-0.0938319	1	-0.12532	0.329153	-0.179701	0.292617	-0.0739433	0.116773
chr1:87500000-88000000	chr1	0.134577	0.0395006	0.232375	0	0.183623	0.607978	0.101552	0.552334	0.0649172	0.415836
chr1:88000000-88500000	chr1	0.169681	0.418635	0.157559	0	-0.208841	0.151189	-0.281155	0.0734278	-0.57768	0.286847
chr1:88500000-89000000	chr1	0.0122418	-0.311277	0.0786103	4	0.099988	0.381111	0.0684064	0.0618695	-0.00131204	0.383452
chr1:89000000-89500000	chr1	0.123507	0.558645	0.261101	7	-0.123687	0.283022	0.0877452	0.366495	-0.401891	0.137081
chr1:89500000-90000000	chr1	-0.166917	-0.248382	-0.10866	5	-0.0401859	0.165508	-0.0885284	0.00680022	0.148827	0.00608915
chr1:90000000-90500000	chr1	0.212453	0.662878	0.265472	0	-1.34366	-1.37703	-1.21559	-1.46276	-1.23292	-1.36082
chr1:90500000-91000000	chr1	0.34673	0.332802	0.0813066	1	-1.00937	-1.07963	-1.07227	-1.10519	-0.949534	-1.159
chr1:91000000-91500000	chr1	0.0497222	0.88801	-0.0287627	2	-1.24797	-1.21075	-1.34528	-1.30737	-1.16097	-1.19962
chr1:91500000-92000000	chr1	0.110334	-0.0869223	-0.227495	3	-0.638814	-0.782108	-0.381278	-0.171004	-0.390901	-0.342802
chr1:92000000-92500000	chr1	-0.233582	-0.101812	-0.274432	7	-1.20679	-1.10238	-0.940315	-0.933224	-0.830159	-0.775798
chr1:92500000-93000000	chr1	-0.00551916	-0.845401	-0.243435	3	-0.52743	-0.537172	-0.488009	-0.101433	-0.33021	-0.023284
chr1:93000000-93500000	chr1	-0.00147781	-1.1741	0.0837183	5	0.0320922	0.20459	0.2293	0.282641	0.574813	0.478787
chr1:93500000-94000000	chr1	0.147352	-0.871799	0.0149895	3	0.30771	0.547717	0.183036	0.611363	0.528597	0.701771
chr1:94000000-94500000	chr1	0.24707	-1.15076	0.197703	3	0.367276	0.5765	0.364821	0.387743	0.595829	0.555559
chr1:94500000-95000000	chr1	-0.138502	-0.739488	-0.158115	3	0.29165	0.155375	0.466502	0.442236	0.577598	0.448006
chr1:95000000-95500000	chr1	0.0449649	0.207063	0.0173744	3	-0.704456	-0.572871	-0.86462	-0.580951	-0.694934	-0.662746
chr1:95500000-96000000	chr1	0.2485	0.647794	0.162741	0	-1.24857	-1.30723	-1.4637	-1.21138	-1.38784	-1.3608
chr1:96000000-96500000	chr1	0.176108	-0.0484731	-0.128162	0	-1.33995	-1.11196	-1.34959	-1.13564	-1.42387	-1.25916
chr1:96500000-97000000	chr1	-0.129077	-0.386235	-0.0584549	1	-1.0769	-1.11126	-0.923771	-0.916081	-1.18883	-0.982486
chr1:97000000-97500000	chr1	-0.11808	-0.346819	0.0277176	0	-1.66114	-1.68299	-1.61394	-1.41297	-1.51261	-1.47559
chr1:97500000-98000000	chr1	-0.0919939	-0.8512	-0.205554	1	-1.49281	-1.61043	-1.60615	-1.81824	-1.52979	-1.6092
chr1:98000000-98500000	chr1	0.0367837	-0.732682	-0.236717	0	-1.55531	-1.70405	-1.54333	-1.6176	-1.52366	-1.59578
chr1:98500000-99000000	chr1	0.19109	0.447089	0.046621	1	-1.73337	-1.76633	-1.68746	-1.86064	-1.58281	-1.64504
chr1:99000000-99500000	chr1	0.0676074	0.497403	-0.030184	2	-1.57319	-1.38206	-1.54374	-1.60575	-1.417	-1.22247
chr1:99500000-100000000	chr1	-0.143955	-0.185333	-0.240114	4	-0.748678	-0.608808	-0.641494	-0.73131	-0.681044	-0.54111
chr1:100000000-100500000	chr1	-0.287237	-0.267334	-0.176672	7	0.117248	0.511322	0.141027	0.313708	0.318948	0.290119
chr1:100500000-101000000	chr1	-0.212708	-0.359041	-0.00754892	4	-0.0148351	-0.058863	0.0917605	0.00104005	-0.0982969	0.0517624
chr1:101000000-101500000	chr1	-0.006132	-0.401377	-0.174384	2	-0.407731	-0.126736	-0.24819	-0.244223	-0.215798	-0.234208
chr1:101500000-102000000	chr1	0.253141	0.537172	0.29437	1	-1.58672	-1.61658	-1.65551	-1.6098	-1.57868	-1.49507
chr1:102000000-102500000	chr1	0.229333	0.468569	0.554477	0	-1.76931	-1.83791	-1.77094	-1.79897	-1.69463	-1.59494
chr1:102500000-103000000	chr1	-0.0527171	-0.101878	0.156243	0	-1.73746	-1.82173	-1.6157	-1.65505	-1.46965	-1.63598
chr1:103000000-103500000	chr1	0.208996	-0.329075	0.321237	1	-1.59293	-1.58809	-1.69086	-1.7262	-1.53105	-1.57196
chr1:103500000-104000000	chr1	0.526967	0.183285	0.53668	6	-1.18677	-1.14483	-1.25268	-1.55401	-1.29797	-1.2098
chr1:104000000-104500000	chr1	0.0853198	0.636972	0.451785	0	-1.48994	-1.39842	-1.4907	-1.63916	-1.36213	-1.49486
chr1:104500000-105000000	chr1	0.38557	0.278685	0.346313	0	-1.59339	-1.63479	-1.51287	-1.63827	-1.54267	-1.53552
chr1:105000000-105500000	chr1	0.189505	0.298807	0.801178	0	-1.60612	-1.79569	-1.88578	-2.05338	-1.72377	-1.77745
chr1:105500000-106000000	chr1	0.0350655	0.381642	0.826563	0	-1.55268	-1.55434	-1.63603	-1.80538	-1.51072	-1.57659
chr1:106000000-106500000	chr1	0.231384	0.638673	0.549755	0	-1.47834	-1.61241	-1.67027	-1.73507	-1.55465	-1.58642
chr1:106500000-107000000	chr1	0.100781	0.719124	0.236191	0	-1.53238	-1.4806	-1.38542	-1.59321	-1.58069	-1.51275
chr1:107000000-107500000	chr1	0.106459	0.800053	0.202259	2	-1.4072	-1.50106	-1.50172	-1.41752	-1.40533	-1.4383
chr1:107500000-108000000	chr1	-0.0148645	0.77722	0.0887815	1	-1.33651	-1.48234	-1.37314	-1.42025	-1.35764	-1.43501
chr1:108000000-108500000	chr1	-0.174652	0.751753	-0.0187144	3	-1.31952	-1.42461	-1.19166	-1.3697	-1.25252	-1.23824
chr1:108500000-109000000	chr1	-0.0965543	-0.344607	0.0610658	8	-0.667232	-0.670834	-0.260489	-0.60484	-0.335593	-0.363403
chr1:109000000-109500000	chr1	-0.321163	-0.604618	-0.0853583	14	0.74737	0.895423	0.858894	0.883	0.892525	0.935284
chr1:109500000-110000000	chr1	-0.0432308	-0.68692	-0.157347	13	1.07336	1.13273	1.11559	1.2411	0.949806	1.09412
chr1:110000000-110500000	chr1	-0.222135	0.055737	0.10048	9	0.570953	0.788112	0.734915	0.884022	0.886453	0.831686
chr1:110500000-111000000	chr1	0.246125	0.8827	0.00625173	5	-0.841026	-1.00701	-0.640412	-0.91563	-0.385693	-0.420414
chr1:111000000-111500000	chr1	-0.0764829	0.53213	-0.0904655	10	-0.71594	-0.359212	-0.499353	-0.56722	0.126211	-0.0101796
chr1:111500000-112000000	chr1	-0.0368766	0.217198	-0.0461234	6	0.788697	0.808487	0.769013	0.527291	0.918263	0.886857
chr1:112000000-112500000	chr1	0.149048	0.328592	-0.190998	1	0.573159	0.63169	0.94084	0.800467	0.656892	0.8172
chr1:112500000-113000000	chr1	0.0509645	-0.79018	-0.160452	8	0.961909	1.31652	1.16989	1.00442	1.04119	1.20785
chr1:113000000-113500000	chr1	0.0892208	-0.404096	-0.0347314	2	0.373773	0.846363	0.737064	0.909863	0.657109	0.811059
chr1:113500000-114000000	chr1	-0.0515732	-0.708153	-0.552497	8	0.73638	0.714439	0.843787	0.63864	0.645287	0.922493
chr1:114000000-114500000	chr1	-0.425582	0.450814	-0.272008	1	0.758129	0.77949	0.869282	0.780625	0.845769	0.968298
chr1:114500000-115000000	chr1	-0.138855	-0.158349	-0.0926067	8	0.253831	0.538983	0.639096	0.330438	0.604481	0.650708
chr1:115000000-115500000	chr1	-0.263856	-0.258157	-0.248326	3	0.605476	0.729702	0.820128	0.771469	0.559757	0.77734
chr1:115500000-116000000	chr1	-0.198762	0.265782	-0.196042	4	0.796025	0.797083	0.688084	1.0136	0.721355	0.790172
chr1:116000000-116500000	chr1	-0.114974	0.0940811	-0.175777	2	0.983963	0.971487	0.965558	1.07651	0.951564	1.04259
chr1:116500000-117000000	chr1	-0.058136	-0.163786	-0.120439	4	0.653517	0.868252	0.541974	0.834214	0.870584	0.81239
chr1:117000000-117500000	chr1	-0.0467244	-0.350745	0.0261262	5	0.534938	0.334584	0.618211	0.659892	0.712458	0.436673
chr1:117500000-118000000	chr1	-0.368357	0.261965	-0.0300249	3	-0.308093	-0.31196	-0.240543	0.0500896	0.0827463	-0.0372756
chr1:118000000-118500000	chr1	0.266701	0.647908	0.478129	1	-1.17809	-0.98391	-0.898459	-1.08248	-0.595621	-0.742478
chr1:118500000-119000000	chr1	0.233407	0.830806	0.269184	1	-1.18041	-1.00089	-1.10188	-1.10164	-0.68665	-0.717012
chr1:119000000-119500000	chr1	-0.0808151	0.741637	-0.137767	3	-0.694001	-0.521668	-0.344996	-0.669435	-0.0222755	-0.188114
chr1:119500000-120000000	chr1	-0.0258582	-0.359906	-0.0759582	6	0.269458	0.361609	0.26631	0.60222	0.360746	0.56825
chr1:121000000-121500000	chr1	0.267629	-0.580814	0.0811788	2	-1.42859	-1.38422	-1.42368	-1.61842	-1.14614	-0.967113
chr1:143500000-144000000	chr1	-0.111131	0.441718	-0.0142963	2	-1.2193	-1.16233	-1.25874	-1.38558	-1.11764	-0.791579
chr1:145500000-146000000	chr1	-0.033546	-0.752573	-0.353681	15	1.22562	1.37603	1.268	1.18491	1.31216	1.21286
chr1:147000000-147500000	chr1	-0.0252776	0.460262	-0.119216	3	0.36227	0.288087	0.360121	0.368067	0.764447	0.424198
chr1:147500000-148000000	chr1	-0.235814	0.432739	-0.170251	6	0.792258	0.916441	0.962156	0.722334	0.9594	1.01526
chr1:148000000-148500000	chr1	-0.329581	-0.381746	-0.139134	2	1.44678	1.01484	1.25845	1.30086	1.15926	1.1658
chr1:149500000-150000000	chr1	-0.10286	-0.623362	0.0591665	17	1.30232	1.24036	1.50569	1.32368	1.31927	1.29133
chr1:150000000-150500000	chr1	0.0533275	-1.26026	0.0963093	12	1.42868	1.39287	1.46976	1.30841	1.22666	1.23987
chr1:150500000-151000000	chr1	-0.154047	-0.973577	-0.0416888	14	1.50845	1.43192	1.34336	1.49325	1.37835	1.37528
chr1:151000000-151500000	chr1	-0.047003	-0.848232	-0.0475977	21	1.18789	1.17224	1.21689	1.34947	1.25354	1.20179
chr1:151500000-152000000	chr1	-0.305839	-0.500414	-0.0411834	14	0.381481	0.349043	0.371786	0.278903	0.397216	0.47155
chr1:152000000-152500000	chr1	-0.044404	0.928123	0.315238	8	-1.25244	-1.30661	-1.36065	-1.39649	-1.25754	-1.27273
chr1:152500000-153000000	chr1	-0.10918	1.4352	0.210061	27	-1.46502	-1.49226	-1.35438	-1.51877	-1.3788	-1.30013
chr1:153000000-153500000	chr1	-0.0220068	0.998037	0.169491	18	-0.801755	-0.772454	-0.839746	-0.889971	-0.751635	-0.735841
chr1:153500000-154000000	chr1	0.169949	-0.533637	-0.00123451	23	0.702473	0.997656	0.698669	0.838042	0.854178	0.861918
chr1:154000000-154500000	chr1	-0.149793	-0.713695	0.0804294	9	1.09945	1.22813	1.09452	1.21635	1.01114	0.873587
chr1:154500000-155000000	chr1	-0.201534	-0.636651	-0.163587	13	1.25722	1.34628	1.41707	1.47146	1.28715	1.34304
chr1:155000000-155500000	chr1	0.150839	-1.25082	-0.0349264	22	1.41603	1.41105	1.40235	1.28663	1.43535	1.32948
chr1:155500000-156000000	chr1	0.0829928	-1.03163	-0.040136	10	1.49236	1.40603	1.48067	1.52086	1.41472	1.38977
chr1:156000000-156500000	chr1	-0.124629	-0.765153	-0.0731208	18	1.43678	1.48834	1.5093	1.27513	1.3692	1.43062
chr1:156500000-157000000	chr1	-0.118605	-0.469418	-0.0257961	18	1.24059	1.21241	1.14626	1.21851	1.16088	1.18191
chr1:157000000-157500000	chr1	-0.206827	1.01855	-0.166154	3	-0.509102	-0.226683	-0.332507	-0.127766	-0.220122	-0.070634
chr1:157500000-158000000	chr1	0.304188	1.14234	0.0284554	7	-1.19789	-1.15325	-0.8995	-1.0964	-0.984815	-1.09703
chr1:158000000-158500000	chr1	0.121967	0.948761	0.119885	10	-1.09384	-1.10174	-0.889528	-0.97196	-0.995741	-1.03468
chr1:158500000-159000000	chr1	0.311282	0.989831	0.215462	12	-1.47399	-1.39884	-1.27749	-1.38872	-1.38341	-1.30505
chr1:159000000-159500000	chr1	0.0353852	0.965076	0.254659	7	-0.926893	-0.837696	-1.04845	-0.981418	-0.724045	-0.834525
chr1:159500000-160000000	chr1	-0.0526709	0.813527	0.106632	11	-0.551812	-0.434925	-0.481753	-0.785205	-0.557663	-0.371086
chr1:160000000-160500000	chr1	0.0357002	0.0966316	-0.0346854	14	0.716378	1.06808	0.825173	0.878905	0.948526	0.921677
chr1:160500000-161000000	chr1	0.00807181	0.760422	-0.16713	9	0.314371	0.833727	0.537695	0.908245	0.714066	0.836275
chr1:161000000-161500000	chr1	0.02022	-0.677397	-0.0275521	23	1.1624	0.826982	0.769372	1.0762	0.926892	1.11557
chr1:161500000-162000000	chr1	-0.05489	-0.792186	-0.190165	9	0.624017	0.541766	0.0668085	0.379682	0.495047	0.5507
chr1:162000000-162500000	chr1	-0.15626	0.138024	-0.467937	6	0.285536	0.432947	0.439951	0.491674	0.544325	0.57046
chr1:162500000-163000000	chr1	-0.234856	-0.420256	-0.150137	4	0.294907	-0.186565	0.155834	0.402901	0.232305	0.236908
chr1:163000000-163500000	chr1	0.137815	-0.0234607	-0.00292506	3	0.0845975	0.0746957	0.0175233	0.247785	-0.233806	0.0782234
chr1:163500000-164000000	chr1	0.565723	0.686718	0.403864	0	-0.182765	-0.223285	-0.408482	-0.120212	-0.72015	-0.276482
chr1:164000000-164500000	chr1	0.380098	0.55966	0.44608	0	0.0109359	0.111111	0.0840494	-0.16823	-0.435705	0.107382
chr1:164500000-165000000	chr1	-0.200664	0.314197	0.0276682	1	0.258189	0.506319	0.311069	0.551508	0.453877	0.331699
chr1:165000000-165500000	chr1	0.209644	1.01461	0.0302798	2	0.166727	0.382261	0.155598	0.408253	0.0407186	0.144577
chr1:165500000-166000000	chr1	-0.0809466	0.519163	-0.290364	5	-0.158358	-0.0881429	-0.231661	-0.354051	-0.122655	-0.26649
chr1:166000000-166500000	chr1	0.392115	1.28219	0.290339	1	-1.02799	-1.08909	-0.974013	-1.10985	-1.01154	-1.28607
chr1:166500000-167000000	chr1	0.208553	0.710711	0.0887173	4	-0.702378	-0.774985	-0.728326	-0.576906	-0.863417	-0.683971
chr1:167000000-167500000	chr1	-0.353889	0.207413	-0.0968262	3	0.375492	0.381374	0.464531	0.314343	0.497816	0.304291
chr1:167500000-168000000	chr1	0.00711594	-0.425671	-0.225644	7	0.787119	0.635296	0.805978	0.864591	0.699671	0.625435
chr1:168000000-168500000	chr1	0.108965	-0.164702	-0.255838	4	0.648361	0.753003	0.800674	0.611424	0.437971	0.529303
chr1:168500000-169000000	chr1	0.324333	0.262863	-0.070497	3	0.079444	0.290386	0.30288	0.505144	-0.269537	-0.257252
chr1:169000000-169500000	chr1	0.04242	-0.0974506	-0.00606908	5	-0.135426	-0.162266	-0.0915417	0.189451	-0.351804	-0.393121
chr1:169500000-170000000	chr1	-0.0587309	0.214672	-0.00207474	7	-0.684145	-1.00222	-0.721074	-0.442232	-1.05494	-1.15613
chr1:170000000-170500000	chr1	0.168643	0.128156	0.129372	2	-0.554984	-0.899699	-0.66742	-0.892492	-1.0568	-1.14068
chr1:170500000-171000000	chr1	0.0701905	0.102119	-0.031697	3	-0.997572	-1.11172	-0.633755	-0.79395	-1.33027	-1.30932
chr1:171000000-171500000	chr1	0.134916	0.701269	-0.0206554	5	-0.648957	-0.92424	-0.777192	-0.683915	-1.18324	-0.988567
chr1:171500000-172000000	chr1	-0.147861	-0.102781	-0.212852	5	-0.407875	-0.512961	-0.280795	-0.442806	-0.702264	-0.722387
chr1:172000000-172500000	chr1	-0.0244102	-0.54308	-0.0229038	2	-0.8884	-1.02095	-0.69016	-0.801316	-1.03917	-1.13052
chr1:172500000-173000000	chr1	-0.0114656	-0.566888	-0.118698	2	-0.629279	-0.838704	-0.609659	-0.45614	-1.09162	-1.11068
chr1:173000000-173500000	chr1	-0.352133	0.133011	-0.334247	3	-1.03995	-1.0152	-0.690955	-0.874181	-1.32014	-1.31584
chr1:173500000-174000000	chr1	-0.0786881	-0.0262024	-0.186327	9	-0.264934	-0.390307	-0.0611466	0.0757916	-0.534323	-0.493768
chr1:174000000-174500000	chr1	-0.104377	-0.0268662	-0.283918	3	-0.485593	-0.655541	-0.601208	-0.512602	-1.10981	-0.881199
chr1:174500000-175000000	chr1	-0.289768	0.527309	-0.361857	1	-0.680652	-0.813508	-0.983263	-0.936597	-1.41231	-1.28591
chr1:175000000-175500000	chr1	-0.0923905	1.44098	-0.0254465	3	-0.42649	-0.505138	-0.0767661	-0.515014	-0.698551	-0.680003
chr1:175500000-176000000	chr1	-0.053454	1.26033	-0.093947	1	-0.0660136	0.04783	0.3517	0.0804854	-0.231543	-0.435808
chr1:176000000-176500000	chr1	0.285026	0.464508	0.276966	2	-0.534258	-0.65949	-0.358566	-0.231528	-0.977753	-0.871985
chr1:176500000-177000000	chr1	0.482723	1.00228	-0.0244335	0	-0.489673	-0.04961	-0.121211	0.087532	-0.450053	-0.33886
chr1:177000000-177500000	chr1	0.149299	1.02106	0.155639	2	0.260807	0.56061	0.281146	0.296829	0.00014146	0.0994495
chr1:177500000-178000000	chr1	-0.03296	1.06067	0.00324955	1	0.0416691	0.179687	0.386088	0.0508822	-0.484998	-0.13104
chr1:178000000-178500000	chr1	0.037339	-1.15598	0.042402	2	0.404777	0.554506	0.593849	0.449606	0.300052	0.633231
chr1:178500000-179000000	chr1	-0.181508	-0.271696	-0.171932	3	-0.0665634	0.444364	0.498752	0.33311	0.239498	0.218446
chr1:179000000-179500000	chr1	-0.0948531	-0.361031	0.00229566	5	0.16566	0.347486	0.368457	0.305604	-0.0528135	0.142523
chr1:179500000-180000000	chr1	0.214581	0.0155087	0.0153095	6	-0.0537766	-0.203659	0.300268	-0.0681065	-0.0494861	-0.0596461
chr1:180000000-180500000	chr1	-0.139413	-0.492585	-0.131489	2	0.266968	0.220788	0.503672	0.238266	0.397477	0.636335
chr1:180500000-181000000	chr1	-0.0754395	-0.222207	0.0123979	4	0.717726	0.866297	0.823302	0.816963	0.687576	0.802935
chr1:181000000-181500000	chr1	0.0105486	0.745592	-0.0724417	4	0.391493	0.799975	0.859558	0.41038	0.563769	0.800555
chr1:181500000-182000000	chr1	0.0954614	1.55476	0.147148	0	-0.355991	-0.197712	0.150654	-0.235961	-0.310454	-0.198864
chr1:182000000-182500000	chr1	0.212651	0.859784	0.287408	4	0.623866	0.296192	0.653046	0.664947	0.432602	0.609467
chr1:182500000-183000000	chr1	-0.022533	0.0489205	-0.0133974	6	0.688264	0.671867	0.884577	0.670527	0.694354	0.88178
chr1:183000000-183500000	chr1	0.0307292	-1.09021	-0.299188	4	1.14566	1.1508	0.86775	1.06987	1.02469	1.19739
chr1:183500000-184000000	chr1	0.0760964	-1.0125	-0.0505824	4	0.752471	0.778188	0.671397	0.976563	0.86041	0.822148
chr1:184000000-184500000	chr1	-0.098213	-0.708641	-0.289757	3	0.590681	0.49828	0.745681	0.860301	0.537877	0.500639
chr1:184500000-185000000	chr1	0.155071	-0.945435	-0.0202282	2	0.303963	0.409746	0.311749	0.315669	0.185379	0.227488
chr1:185000000-185500000	chr1	-0.0160227	-0.874256	-0.127881	4	-0.309715	-0.0162474	0.203706	-0.159252	0.116968	-0.0209245
chr1:185500000-186000000	chr1	-0.0230905	-0.76231	-0.0872755	1	-0.884018	-0.860293	-0.806623	-0.993931	-0.750843	-0.77448
chr1:186000000-186500000	chr1	0.101085	-0.663483	-0.0773899	4	-1.19018	-1.21379	-1.21475	-1.04774	-1.20174	-1.14052
chr1:186500000-187000000	chr1	0.210263	0.344255	0.159607	2	-1.4594	-1.54142	-1.51306	-1.47987	-1.54075	-1.67855
chr1:187000000-187500000	chr1	0.2752	0.350505	0.315771	0	-0.960565	-0.938444	-1.10697	-0.880754	-1.02098	-1.08431
chr1:187500000-188000000	chr1	0.0217151	0.135654	-0.0410823	0	-1.26484	-1.11	-1.20954	-1.21604	-1.32923	-1.13777
chr1:188000000-188500000	chr1	0.00398371	-0.110791	0.566722	0	-1.40261	-1.406	-1.43509	-1.20037	-1.50113	-1.46957
chr1:188500000-189000000	chr1	-0.0515321	-0.0103011	0.406609	0	-1.27596	-1.30337	-1.46587	-1.44998	-1.44829	-1.44591
chr1:189000000-189500000	chr1	0.256369	0.40733	0.418539	0	-1.39801	-1.45437	-1.52308	-1.54237	-1.58692	-1.43198
chr1:189500000-190000000	chr1	0.197105	0.124594	0.674879	0	-1.21101	-1.02918	-1.41375	-1.29119	-1.47357	-1.43828
chr1:190000000-190500000	chr1	0.113003	0.239792	0.372025	1	-0.922498	-1.1382	-1.22977	-1.16915	-1.45236	-1.44355
chr1:190500000-191000000	chr1	0.391589	0.178331	0.691693	0	-1.06528	-1.1974	-1.15904	-1.22004	-1.55769	-1.366
chr1:191000000-191500000	chr1	0.592857	0.254886	0.681014	0	-1.17614	-1.2633	-1.6284	-1.40326	-1.63315	-1.47593
chr1:191500000-192000000	chr1	0.362184	0.237717	0.46107	0	-1.15509	-1.11035	-1.38706	-1.22865	-1.4503	-1.44576
chr1:192000000-192500000	chr1	0.0979427	-0.233092	-0.0992538	2	-1.08313	-1.02057	-1.17597	-1.05694	-1.3988	-1.27334
chr1:192500000-193000000	chr1	-0.0128283	-0.208281	-0.155826	3	-1.10956	-1.08825	-1.05492	-1.21806	-0.994248	-1.07284
chr1:193000000-193500000	chr1	0.0778069	-0.706007	0.00855988	5	-0.63734	-0.458346	-0.601325	-0.555071	-0.418196	-0.449411
chr1:193500000-194000000	chr1	0.231287	-0.10711	0.160562	0	-0.261924	-0.343865	-0.266965	-0.106122	-0.289315	-0.252708
chr1:194000000-194500000	chr1	0.228389	-0.292717	-0.143731	0	-0.8453	-0.760999	-1.00004	-0.87173	-0.946092	-0.894773
chr1:194500000-195000000	chr1	0.266132	0.0408601	0.393445	0	-1.31714	-1.38097	-1.4899	-1.57521	-1.63372	-1.58845
chr1:195000000-195500000	chr1	0.245594	0.2421	0.470803	0	-1.43982	-1.50998	-1.5685	-1.38969	-1.48697	-1.55205
chr1:195500000-196000000	chr1	0.0957319	0.101627	0.223939	0	-1.26732	-1.52557	-1.40629	-1.55536	-1.42589	-1.51775
chr1:196000000-196500000	chr1	0.105143	0.363365	-0.059094	0	-1.34527	-1.60495	-1.42974	-1.34386	-1.44601	-1.44208
chr1:196500000-197000000	chr1	0.116514	0.490843	0.18284	7	-1.3426	-1.39104	-1.46941	-1.35538	-1.44726	-1.4201
chr1:197000000-197500000	chr1	-0.104087	0.279531	-0.137926	4	-1.30664	-1.33044	-1.46097	-1.38612	-1.40267	-1.39818
chr1:197500000-198000000	chr1	0.105848	-0.778889	-0.229141	3	-0.782111	-0.495649	-0.872052	-0.819638	-0.86365	-0.92031
chr1:198000000-198500000	chr1	-0.0908516	-1.16264	-0.0746513	1	-0.591312	-0.632136	-0.695227	-0.87042	-0.926607	-0.671061
chr1:198500000-199000000	chr1	-0.0649393	-1.15655	0.106632	2	-1.33037	-1.28939	-1.41616	-1.14974	-1.51343	-1.37921
chr1:199000000-199500000	chr1	-0.193175	-0.797655	-0.1557	0	-1.35183	-1.50614	-1.46495	-1.39648	-1.6005	-1.50685
chr1:199500000-200000000	chr1	-0.325926	-0.57274	-0.099708	0	-1.28271	-1.22085	-1.24374	-1.27556	-1.28644	-1.03803
chr1:200000000-200500000	chr1	-0.293479	-0.777027	-0.360283	2	-0.665704	-0.462944	-0.6666	-0.521526	-0.61093	-0.460064
chr1:200500000-201000000	chr1	-0.0955205	-1.03338	-0.0575498	5	0.466823	0.432152	0.457183	0.470791	0.448133	0.55412
chr1:201000000-201500000	chr1	0.00240274	-0.681007	-0.160059	10	1.17795	1.29701	1.04957	1.35467	1.06441	1.25712
chr1:201500000-202000000	chr1	0.0740065	-0.83953	0.217596	7	1.30035	1.16191	1.19412	1.32372	1.21866	1.23744
chr1:202000000-202500000	chr1	0.085007	-1.18524	-0.186937	7	1.35952	1.20794	1.3182	1.36649	1.41274	1.27139
chr1:202500000-203000000	chr1	0.118469	-1.07308	0.0440534	7	1.3073	1.18201	1.38232	1.08892	1.35763	1.36604
chr1:203000000-203500000	chr1	-0.139779	-0.73442	-0.124711	11	1.20502	1.35381	1.37067	1.17865	1.20011	1.32471
chr1:203500000-204000000	chr1	-0.0668315	-0.879201	-0.11379	6	1.18998	1.0688	1.19586	1.25592	1.39407	1.32782
chr1:204000000-204500000	chr1	-0.00785526	-0.785066	-0.11896	8	1.30843	1.08962	1.25969	1.21291	1.2546	1.33431
chr1:204500000-205000000	chr1	-0.228882	-0.318108	-0.34465	3	1.33962	1.11083	1.38877	1.13815	1.27352	1.25686
chr1:205000000-205500000	chr1	-0.00217272	-0.670496	-0.0755484	9	1.33465	1.14729	1.12864	1.26122	1.36287	1.33224
chr1:205500000-206000000	chr1	-0.123415	-0.697392	0.0800665	9	1.23339	1.10337	1.14787	1.17766	1.27539	1.4002
chr1:206000000-206500000	chr1	0.185078	-0.92779	0.0524962	7	1.20164	1.13463	1.37436	0.701445	1.18415	1.14419
chr1:206500000-207000000	chr1	-0.234942	-0.396836	-0.190913	11	1.05595	1.01624	1.15755	0.989609	1.1595	1.03136
chr1:207000000-207500000	chr1	0.231776	-0.371494	-0.0310081	8	0.244973	0.352521	0.390042	0.167392	0.356777	0.416052
chr1:207500000-208000000	chr1	-0.111697	-0.170008	-0.474333	3	0.561277	0.616181	0.444616	0.208115	0.816353	0.748513
chr1:208000000-208500000	chr1	-0.0666734	0.107342	-0.59201	1	0.7848	0.835832	0.88904	0.986648	0.834379	0.694251
chr1:208500000-209000000	chr1	-0.175129	0.197219	-0.425857	0	0.742951	0.563526	0.405357	0.395972	0.529376	0.5874
chr1:209000000-209500000	chr1	-0.364749	-0.0141639	-0.303046	0	0.508797	0.594518	0.733757	0.507764	0.643218	0.764782
chr1:209500000-210000000	chr1	-0.0130303	-0.603494	-0.27046	9	0.660055	0.240728	0.265509	0.0543005	0.647211	0.630697
chr1:210000000-210500000	chr1	-0.167803	-0.455022	-0.139328	2	-0.285907	-0.352173	-0.178203	-0.326283	0.23399	-0.0499022
chr1:210500000-211000000	chr1	-0.183542	0.0717191	-0.416401	0	-0.447975	-0.276818	-0.424967	-0.24767	0.0870452	-0.277461
chr1:211000000-211500000	chr1	-0.0541033	-0.434596	-0.145281	4	0.0262273	0.0140958	0.0168353	-0.023585	0.328205	0.312479
chr1:211500000-212000000	chr1	-0.0896418	-0.530171	0.178252	3	0.53636	0.622337	0.648182	0.582396	0.892653	0.951588
chr1:212000000-212500000	chr1	-0.146774	-0.72096	-0.0934186	5	1.0214	0.912376	0.89541	0.767668	0.696356	0.915423
chr1:212500000-213000000	chr1	-0.178896	-0.437165	-0.317081	8	0.825436	0.680376	0.91682	0.836893	0.767136	0.841319
chr1:213000000-213500000	chr1	-0.181368	0.517322	-0.298538	2	0.0661129	0.413966	0.0793143	0.114159	-0.141587	0.0525315
chr1:213500000-214000000	chr1	0.34889	1.01915	0.23173	1	-0.398312	0.0380519	-0.52496	-0.203848	-0.447614	-0.243214
chr1:214000000-214500000	chr1	-0.0283175	0.121064	-0.0734327	1	-0.0129061	-0.0181312	-0.115765	0.139349	-0.122425	-0.0567258
chr1:214500000-215000000	chr1	0.108486	-0.0377273	-0.0378596	2	-0.824317	-1.09465	-1.00055	-1.12262	-0.997194	-1.23099
chr1:215000000-215500000	chr1	-0.13944	0.231649	-0.110384	1	-1.16148	-1.27778	-1.24571	-1.12982	-1.42315	-1.45242
chr1:215500000-216000000	chr1	-0.00757511	0.33072	-0.0193478	1	-0.904166	-0.723863	-0.751891	-0.648422	-1.01816	-1.30019
chr1:216000000-216500000	chr1	0.15159	0.406647	0.239345	1	-0.807888	-0.709056	-0.924761	-0.723793	-1.00199	-1.09817
chr1:216500000-217000000	chr1	0.114599	0.726008	0.109809	1	-0.469754	-0.140303	-0.495221	-0.601443	-0.493369	-0.86246
chr1:217000000-217500000	chr1	0.219448	0.746397	0.110345	0	-0.39558	-0.165712	-0.294648	-0.0618758	-0.569737	-0.570858
chr1:217500000-218000000	chr1	0.0393448	0.391494	0.175305	2	-0.596003	-0.485016	-0.893713	-0.585376	-0.813122	-1.03706
chr1:218000000-218500000	chr1	0.12925	-0.307447	0.10747	2	0.0412783	-0.0501308	-0.150621	0.0690393	-0.490358	-0.898414
chr1:218500000-219000000	chr1	-0.0944711	-0.925692	-0.109357	0	0.455918	0.677489	0.217464	0.641751	0.374452	0.192624
chr1:219000000-219500000	chr1	-0.240295	-0.831188	-0.163088	1	0.499022	0.458446	0.179873	0.600094	0.0517574	0.24739
chr1:219500000-220000000	chr1	-0.339443	-0.284441	-0.158065	2	0.141477	0.628677	0.284528	0.488203	0.419556	0.392691
chr1:220000000-220500000	chr1	-0.123443	-0.427058	-0.502327	4	0.679113	0.714042	0.766647	0.575234	0.788311	0.909989
chr1:220500000-221000000	chr1	-0.344751	0.00478211	-0.247977	5	0.471841	0.694909	0.716052	0.649517	0.733831	0.624001
chr1:221000000-221500000	chr1	-0.250019	-0.311889	-0.127756	0	0.193575	0.74945	0.594661	0.731377	0.407518	0.422676
chr1:221500000-222000000	chr1	-0.237607	-0.169575	-0.371405	1	0.551962	0.255717	0.659142	0.411372	0.419943	0.474866
chr1:222000000-222500000	chr1	-0.0748527	0.113675	-0.201922	0	0.0210951	0.633556	0.461812	0.461966	0.159398	0.590113
chr1:222500000-223000000	chr1	-0.146167	-0.237526	-0.235384	7	0.748835	0.636118	0.577988	0.737596	0.654442	0.737715
chr1:223000000-223500000	chr1	-0.404563	0.690584	-0.26606	3	0.843006	0.830621	0.915184	0.829431	0.949811	1.11696
chr1:223500000-224000000	chr1	-0.0102534	-0.38055	-0.28455	3	0.855395	0.896523	0.725188	0.718781	0.907758	0.923958
chr1:224000000-224500000	chr1	0.0617031	-0.948748	-0.22575	5	0.998463	0.881282	0.705679	0.96084	0.995465	1.10515
chr1:224500000-225000000	chr1	-0.361952	0.297053	-0.368843	2	0.319678	0.285829	0.231428	0.347725	0.316138	0.455861
chr1:225000000-225500000	chr1	-0.143867	-0.0985354	-0.0571504	1	0.133406	0.169999	-0.0134792	0.412045	0.114035	0.316556
chr1:225500000-226000000	chr1	-0.0190697	-1.06247	-0.189891	8	1.05427	0.776633	1.22048	0.871137	1.16283	1.18111
chr1:226000000-226500000	chr1	-0.112745	-0.786804	-0.0779446	5	1.22957	1.00703	1.28056	1.18364	1.08585	1.23007
chr1:226500000-227000000	chr1	-0.239241	-0.305734	-0.250761	4	1.31487	1.0511	1.10124	0.920693	1.18235	1.10708
chr1:227000000-227500000	chr1	0.0518444	-1.01678	0.10416	1	0.883655	0.721128	0.683129	0.751823	0.90544	0.9249
chr1:227500000-228000000	chr1	-0.440191	0.0763767	-0.103834	5	0.606566	0.781477	0.93406	0.682751	0.948683	1.04988
chr1:228000000-228500000	chr1	0.00815238	-0.439024	-0.323885	14	1.20588	1.09161	1.38642	1.19471	1.29056	1.27369
chr1:228500000-229000000	chr1	-0.148271	-0.803755	-0.159951	1	0.950893	1.08573	1.06329	1.06762	1.39532	1.06666
chr1:229000000-229500000	chr1	-0.0265152	-0.680575	-0.250578	3	1.17658	0.836094	0.881932	0.864859	1.08264	1.23406
chr1:229500000-230000000	chr1	0.0378261	-0.41806	-0.114927	4	1.00933	0.60798	0.945234	0.902407	0.983216	0.855456
chr1:230000000-230500000	chr1	-0.143046	-0.199405	-0.236184	2	1.06311	0.740534	1.21443	0.92673	1.19587	1.14666
chr1:230500000-231000000	chr1	-0.125005	-0.153611	-0.111208	6	0.837099	0.753817	0.92923	0.667466	1.01914	0.889903
chr1:231000000-231500000	chr1	-0.064375	-0.583054	0.0614218	7	1.08057	1.04062	1.1737	0.919696	1.17159	1.22849
chr1:231500000-232000000	chr1	0.00720127	-0.587396	-0.264581	2	1.01798	0.610409	0.611088	0.96968	0.8414	0.94608
chr1:232000000-232500000	chr1	0.0302573	-0.455771	-0.175875	0	0.610601	0.671489	0.939433	0.679515	0.90365	0.534942
chr1:232500000-233000000	chr1	-0.0397532	-0.506329	-0.244458	3	0.877964	0.649964	0.939647	0.709903	0.77019	0.852755
chr1:233000000-233500000	chr1	-0.165693	-0.110161	-0.272382	2	0.636303	0.50416	0.763487	0.662766	0.616164	0.737407
chr1:233500000-234000000	chr1	0.468638	0.909759	0.232267	2	0.487703	0.762281	0.642365	0.471801	0.667778	0.635319
chr1:234000000-234500000	chr1	0.00649495	0.499231	-0.0398255	2	0.865475	0.699775	0.701979	0.865873	0.759874	0.867469
chr1:234500000-235000000	chr1	0.090023	-0.629037	-0.289479	1	0.956134	1.08774	1.07024	0.869192	0.931775	0.972133
chr1:235000000-235500000	chr1	0.0429649	-1.15007	-0.204785	5	0.968216	0.764823	1.09324	0.632677	1.12731	1.06685
chr1:235500000-236000000	chr1	-0.221605	-0.568947	-0.277392	3	0.977768	0.765943	1.00343	0.916753	0.863237	1.06285
chr1:236000000-236500000	chr1	0.028282	0.27639	-0.205245	4	0.476325	0.754129	0.672924	0.927563	0.694255	0.532656
chr1:236500000-237000000	chr1	0.28322	0.125703	0.0639213	4	0.643604	0.961837	0.619094	0.772142	0.426013	0.539689
chr1:237000000-237500000	chr1	0.684435	0.471461	0.386904	2	0.0531688	0.271769	0.124562	0.0405143	0.113012	-0.402154
chr1:237500000-238000000	chr1	0.122952	0.733047	0.375808	1	-0.360767	-0.163347	-0.188707	0.0790356	-0.452745	-0.476971
chr1:238000000-238500000	chr1	0.00560104	0.693656	-0.159054	0	-1.05581	-0.824316	-1.10651	-0.658096	-1.01021	-1.04701
chr1:238500000-239000000	chr1	0.176377	0.164322	0.220055	0	-0.954758	-0.900509	-1.28953	-0.794615	-1.23298	-1.05153
chr1:239000000-239500000	chr1	0.270816	0.866927	0.296948	1	-0.969501	-0.710333	-1.09951	-0.822533	-1.09473	-0.97334
chr1:239500000-240000000	chr1	0.153038	1.09114	0.311462	0	-0.822721	-0.906802	-0.688998	-0.30702	-1.04949	-1.03404
chr1:240000000-240500000	chr1	-0.027234	0.00672679	-0.141753	1	-0.0879379	0.204542	-0.226656	-0.1653	-0.13142	-0.138997
chr1:240500000-241000000	chr1	-0.166616	0.627081	-0.0641323	1	-0.472524	-0.280578	-0.27635	-0.166162	-0.538519	-0.614324
chr1:241000000-241500000	chr1	0.129529	1.16283	0.0406686	1	-0.658761	-0.473424	-0.709054	-0.669014	-0.668971	-1.04448
chr1:241500000-242000000	chr1	-0.260668	0.393577	-0.140857	8	-0.570421	-0.188109	-0.000352772	-0.0193755	-0.522711	-0.80477
chr1:242000000-242500000	chr1	0.488993	0.969591	0.167575	0	-0.437819	-0.660153	-0.441329	-0.246902	-0.368883	-0.479578
chr1:242500000-243000000	chr1	0.307029	0.844636	0.0423821	1	-0.449953	-0.21074	-0.416869	-0.484483	-0.384393	-0.513172
chr1:243000000-243500000	chr1	0.0174756	-0.468829	-0.00308309	2	0.196454	0.27649	0.270904	0.319041	0.0734434	0.0709831
chr1:243500000-244000000	chr1	-0.22719	-0.542879	0.19208	1	0.0853277	-0.0623856	0.269958	0.214391	0.0754395	-0.0331864
chr1:244000000-244500000	chr1	-0.321154	-0.130518	-0.33507	4	0.859111	0.359566	0.477695	0.482761	0.620575	0.270292
chr1:244500000-245000000	chr1	-0.122649	-0.423251	-0.281196	5	0.9147	0.775629	0.571045	0.854009	0.699211	0.604735
chr1:245000000-245500000	chr1	-0.0521154	-0.513881	-0.437372	1	0.306422	0.397661	0.221011	0.46074	0.159297	-0.0830182
chr1:245500000-246000000	chr1	-0.0619865	-0.441106	-0.178343	0	0.173254	0.345062	-0.00925711	0.232304	0.188855	-0.00132803
chr1:246000000-246500000	chr1	-0.0982381	-0.736227	-0.226307	0	0.15525	0.0886538	-0.0285022	0.318163	0.0920846	-0.410528
chr1:246500000-247000000	chr1	-0.176981	-0.365446	-0.326554	5	-0.325863	-0.125994	-0.364862	-0.322169	-0.318033	0.0305294
chr1:247000000-247500000	chr1	0.0733701	0.510728	-0.0278658	7	-0.940455	-1.02634	-1.03249	-0.860915	-0.798019	-0.801637
chr1:247500000-248000000	chr1	0.398878	0.790714	0.275743	18	-1.47106	-1.46419	-1.59688	-1.73539	-1.49373	-1.52074
chr1:248000000-248500000	chr1	0.491042	1.04224	0.273362	18	-1.59238	-1.58749	-1.64759	-1.49862	-1.54904	-1.57763
chr2:3000000-3500000	chr2	-0.359178	1.33344	0.0301686	2	1.09264	0.928458	0.991222	0.669893	0.935382	0.9437
chr2:3500000-4000000	chr2	0.11931	1.01854	-0.0119616	6	0.912497	0.947369	1.01094	0.961024	0.531649	0.887603
chr2:4000000-4500000	chr2	0.0966338	0.968183	0.216749	0	0.319204	0.326621	0.0242353	0.552573	-0.141169	0.0656951
chr2:4500000-5000000	chr2	0.12838	0.638119	0.472659	0	0.345178	0.49578	0.15385	0.406378	-0.0691874	-0.283439
chr2:5000000-5500000	chr2	0.232511	0.0567837	-0.235635	0	0.519758	0.655495	0.494922	0.555642	0.343068	0.451078
chr2:5500000-6000000	chr2	0.0330541	0.0439523	-0.212961	1	0.770774	0.473236	0.693929	0.594981	0.322115	0.532587
chr2:6000000-6500000	chr2	0.156002	0.145447	-0.236258	0	0.488308	0.672989	0.0937317	0.353334	0.146927	0.121445
chr2:6500000-7000000	chr2	-0.000853098	0.387048	-0.0950888	3	0.681249	0.764416	0.667089	0.685989	0.135664	0.419114
chr2:7000000-7500000	chr2	0.258002	0.58555	0.0903976	0	0.65301	0.816479	1.17582	0.896245	0.857607	0.960108
chr2:7500000-8000000	chr2	0.0469482	0.668381	0.139734	0	0.761139	0.69377	0.742238	0.870423	0.59116	0.768032
chr2:8000000-8500000	chr2	0.122886	0.380638	-0.273559	0	0.987421	1.01871	1.11548	0.958048	0.864552	0.936429
chr2:8500000-9000000	chr2	-0.427252	-0.0855243	-0.233502	2	1.16057	1.0286	1.14629	1.10655	1.05026	1.16622
chr2:9000000-9500000	chr2	0.0791036	-0.712662	-0.17472	5	1.311	1.07411	1.28364	1.06015	1.22987	1.2318
chr2:9500000-10000000	chr2	0.0789048	-0.853371	-0.063146	4	1.43218	1.14816	1.29504	1.13578	1.39508	1.55655
chr2:10000000-10500000	chr2	-0.0837434	-0.505703	0.0251858	5	1.3474	1.21403	1.19362	1.16435	1.37004	1.23341
chr2:10500000-11000000	chr2	-0.282901	-0.447201	-0.330356	4	1.35918	1.02537	1.4041	0.989579	1.27515	1.4055
chr2:11000000-11500000	chr2	-0.149725	-0.74357	-0.109594	4	1.16648	1.10007	1.09021	1.04027	1.16495	1.09193
chr2:11500000-12000000	chr2	-0.321562	0.0470486	-0.139944	3	0.745407	0.903948	0.556748	0.670315	0.694157	0.46164
chr2:12000000-12500000	chr2	-0.248268	-0.237948	-0.243262	0	0.134407	0.247779	0.0173933	-0.0857724	-0.0940101	-0.0244734
chr2:12500000-13000000	chr2	-0.372183	-0.107046	-0.48717	1	0.0428988	0.0605538	-0.152354	0.0791539	-0.300492	0.00209492
chr2:13000000-13500000	chr2	0.206275	0.690094	0.303441	0	-1.30401	-1.22877	-1.27808	-1.22668	-1.32462	-1.42787
chr2:13500000-14000000	chr2	0.226755	0.449363	0.429063	0	-1.48181	-1.25416	-1.28467	-1.48999	-1.50033	-1.44457
chr2:14000000-14500000	chr2	0.2718	0.849377	0.278248	0	-1.30739	-1.34792	-1.33209	-1.51358	-1.42721	-1.3859
chr2:14500000-15000000	chr2	0.0137945	1.31402	-0.0586088	1	-1.26376	-1.08692	-1.19737	-1.04528	-1.37683	-1.40699
chr2:15000000-15500000	chr2	-0.0381659	0.744374	0.117521	0	-0.72388	-0.686475	-0.625265	-0.561688	-0.851633	-0.996312
chr2:15500000-16000000	chr2	-0.169105	0.677926	0.00488427	3	0.317181	0.303928	0.181406	0.319438	0.133466	-0.0724266
chr2:16000000-16500000	chr2	0.0920108	0.99271	0.076046	0	0.267165	0.888297	0.445838	0.423084	0.534052	0.437242
chr2:16500000-17000000	chr2	0.216286	0.879258	0.120593	1	-0.00167003	0.21315	-0.021746	-0.102641	0.00298135	-0.116608
chr2:17000000-17500000	chr2	0.478994	0.476033	0.274979	0	-0.405155	-0.177995	-0.516831	-0.245323	-0.318613	-0.220917
chr2:17500000-18000000	chr2	0.0260686	0.268583	0.00883321	6	0.0856552	0.469761	0.204678	0.335755	0.189611	0.0780722
chr2:18000000-18500000	chr2	0.0446631	0.29611	-0.162917	0	0.304101	0.425263	0.043998	0.0308835	0.129249	0.148817
chr2:18500000-19000000	chr2	0.235322	-0.23925	-0.0614316	2	0.365699	0.343577	0.0811543	0.530363	0.326625	0.0671107
chr2:19000000-19500000	chr2	0.151228	-0.172026	-0.0880372	1	0.247409	0.649991	-0.256181	0.1775	0.240624	-0.221247
chr2:19500000-20000000	chr2	-0.0921788	-0.302688	-0.103683	2	0.675073	0.482836	0.395798	0.397993	0.501036	0.311548
chr2:20000000-20500000	chr2	0.115413	-0.602292	0.0346774	5	1.26548	1.10938	0.953802	1.09961	1.17174	1.0888
chr2:20500000-21000000	chr2	-0.195279	0.665284	-0.0972304	3	0.50715	0.760377	0.389379	0.587347	0.800623	0.576624
chr2:21000000-21500000	chr2	0.245274	1.00515	0.206777	2	0.440156	0.278156	0.377019	0.463001	0.556936	0.479433
chr2:21500000-22000000	chr2	0.295472	0.860655	0.432282	0	0.020745	0.164046	0.245013	0.309023	0.016961	0.129122
chr2:22000000-22500000	chr2	0.506758	0.659135	0.419823	0	0.0427346	0.157365	0.104701	0.0531921	-0.0186407	0.031648
chr2:22500000-23000000	chr2	0.486157	0.757533	0.405766	0	0.096707	0.0903547	0.135755	0.190596	0.0254664	0.191303
chr2:23000000-23500000	chr2	0.0549129	0.898117	0.00967887	1	0.490474	0.63606	0.673422	0.852301	0.716475	0.725997
chr2:23500000-24000000	chr2	-0.117771	-0.320051	-0.0990882	2	1.05346	0.983074	1.13301	1.053	1.21238	1.24605
chr2:24000000-24500000	chr2	-0.179036	-0.686272	-0.0954464	10	1.25325	0.829606	1.08299	0.862789	1.12032	1.21058
chr2:24500000-25000000	chr2	0.00466098	-0.943164	-0.0711796	4	1.11702	0.984898	1.10666	1.11761	1.15274	1.27568
chr2:25000000-25500000	chr2	0.113824	-0.633038	-0.25501	3	1.26547	1.12623	1.2449	1.0278	1.329	1.34167
chr2:25500000-26000000	chr2	0.0218329	-1.12686	-0.125958	3	0.995058	1.07457	1.25249	1.01326	1.29482	1.20139
chr2:26000000-26500000	chr2	0.0601638	-1.08904	-0.0395674	7	1.36368	1.06137	1.30087	1.13677	1.26984	1.30618
chr2:26500000-27000000	chr2	-0.234944	-0.666961	-0.261421	8	1.15212	0.929426	1.37265	1.15812	1.19716	1.33132
chr2:27000000-27500000	chr2	0.137427	-0.981598	0.0201891	28	1.31554	1.1531	1.16691	1.28968	1.21587	1.37483
chr2:27500000-28000000	chr2	0.148692	-1.41828	-0.0103166	9	1.14511	1.043	1.4297	0.811838	1.2495	1.18011
chr2:28000000-28500000	chr2	0.172704	-1.18939	-0.0375256	2	1.13162	0.918124	0.875138	0.853876	1.23593	1.14572
chr2:28500000-29000000	chr2	0.103561	-1.10302	0.0456753	5	0.986853	1.08984	1.17334	1.19819	1.35784	1.1871
chr2:29000000-29500000	chr2	0.0152732	-0.0519126	0.00549417	2	1.05386	0.96025	0.985332	0.788661	1.07292	1.01216
chr2:29500000-30000000	chr2	-0.132074	0.332333	0.0362591	1	0.741775	1.08268	0.942215	0.836066	0.88706	1.06729
chr2:30000000-30500000	chr2	-0.0848576	-0.0748814	0.023642	3	0.881956	0.833694	0.939109	1.03195	1.07378	1.1394
chr2:30500000-31000000	chr2	0.126152	0.53736	-0.140571	1	0.675464	0.771585	0.771431	0.843916	0.720575	0.899468
chr2:31000000-31500000	chr2	0.100639	0.487336	-0.142832	4	0.66997	0.618944	0.516156	0.577033	0.85452	0.589076
chr2:31500000-32000000	chr2	0.164064	0.0481101	0.173399	1	0.222193	0.242836	0.365087	0.471964	-0.0721314	0.535702
chr2:32000000-32500000	chr2	0.0547678	-1.13779	0.174193	7	0.80253	0.844001	0.841819	0.88782	0.90115	0.994086
chr2:33000000-33500000	chr2	-0.112761	-0.743659	-0.0960881	1	0.327107	0.387118	0.235698	0.222238	0.367199	0.483816
chr2:33500000-34000000	chr2	0.218371	0.416181	0.0997247	1	-0.660534	-0.614811	-0.45215	-0.386971	-0.453684	-0.385921
chr2:34000000-34500000	chr2	0.336001	0.513522	0.353908	0	-0.888757	-0.492835	-0.747075	-0.825078	-0.583927	-0.837793
chr2:34500000-35000000	chr2	0.434708	0.586889	0.336563	0	-0.961311	-0.904397	-0.859277	-0.77654	-0.5449	-0.986521
chr2:35000000-35500000	chr2	0.235493	0.371	0.460991	0	-1.26872	-0.861947	-1.17952	-0.917977	-0.578313	-0.868948
chr2:35500000-36000000	chr2	0.261588	0.53548	0.0687572	0	-1.08798	-1.00649	-1.11993	-0.768677	-0.710099	-0.978444
chr2:36000000-36500000	chr2	0.190424	-0.0756493	0.0599989	1	-0.677213	-0.391965	-0.488499	-0.253816	-0.488748	-0.511316
chr2:36500000-37000000	chr2	0.0811548	-0.78065	0.110604	3	0.0670888	0.102862	0.33377	0.36433	0.355477	0.336149
chr2:37000000-37500000	chr2	0.0890484	-1.34758	0.0133248	9	0.9109	0.956294	0.949441	0.657978	1.04499	0.892302
chr2:37500000-38000000	chr2	0.282344	-1.42631	0.183772	2	0.913048	0.850793	1.01623	0.836972	1.12433	1.05599
chr2:38000000-38500000	chr2	0.0200093	-0.872117	-0.311725	2	0.952811	1.04381	1.11662	1.00456	1.01245	1.04966
chr2:38500000-39000000	chr2	0.0966488	-1.17551	-0.011036	7	1.12377	1.24294	1.03805	0.910508	1.37189	1.25438
chr2:39000000-39500000	chr2	0.356472	-1.69195	-0.0826471	3	1.07427	0.846041	1.10736	0.933961	0.927505	0.921071
chr2:39500000-40000000	chr2	-0.0370131	-0.860809	-0.286962	2	0.194419	0.691246	0.603476	0.45017	0.539626	0.21234
chr2:40000000-40500000	chr2	-0.0121601	-0.977026	-0.26148	1	0.0476754	0.105597	0.148332	-0.0452061	-0.24725	-0.376439
chr2:40500000-41000000	chr2	0.263129	-0.959018	0.066512	0	-0.265912	0.229816	0.0926809	-0.140394	-0.206726	-0.339897
chr2:41000000-41500000	chr2	0.230991	-0.101486	0.124462	0	-0.0824317	0.0885554	-0.0867161	-0.033979	-0.30116	-0.272869
chr2:41500000-42000000	chr2	-0.0921561	0.205695	-0.162421	0	0.334786	0.73724	0.56795	0.474318	0.322421	0.0973753
chr2:42000000-42500000	chr2	0.0587147	-0.813992	-0.40144	4	1.1215	0.789911	0.988869	0.979882	1.03335	1.09028
chr2:42500000-43000000	chr2	-0.182902	-0.566871	-0.245315	3	1.16084	1.16117	1.03836	1.04378	1.08992	1.32024
chr2:43000000-43500000	chr2	-0.00727454	-0.762875	-0.254371	1	1.33456	0.944593	1.20226	1.05015	1.31714	1.28031
chr2:43500000-44000000	chr2	-0.0715917	-0.867686	-0.542288	7	1.30875	1.18737	1.08764	0.992928	1.01794	1.19086
chr2:44000000-44500000	chr2	-0.378949	-0.634862	-0.44233	4	1.03104	1.10503	1.11349	0.964932	1.21261	1.1019
chr2:44500000-45000000	chr2	-0.31634	-0.0633366	-0.239573	1	0.988761	0.826253	0.99213	0.861003	0.958875	0.907708
chr2:45000000-45500000	chr2	-0.435304	-0.0932137	-0.330664	1	1.06899	1.32289	1.08789	0.806049	1.06758	1.07067
chr2:45500000-46000000	chr2	0.133734	-0.582468	-0.241169	2	1.16888	1.10123	1.12692	0.973312	1.01017	0.908246
chr2:46000000-46500000	chr2	0.0850397	-0.65771	-0.133078	2	1.27331	1.05828	1.15263	0.922845	1.17016	1.09435
chr2:46500000-47000000	chr2	0.149235	-1.03994	-0.220609	7	1.25173	1.04299	0.968229	1.2529	1.28737	1.18329
chr2:47000000-47500000	chr2	-0.17567	-0.565355	-0.174788	4	1.13087	1.29181	1.15622	1.24311	1.13202	1.18331
chr2:47500000-48000000	chr2	-0.0698855	-0.281957	-0.10329	3	0.63532	0.723576	0.565074	0.581984	0.604288	0.670725
chr2:48000000-48500000	chr2	-0.10288	-0.212072	0.058804	2	0.0310141	0.433373	0.370599	0.383576	0.294674	0.346519
chr2:48500000-49000000	chr2	-0.191022	1.18769	0.0219285	3	-0.581764	-0.613073	-0.697068	-0.439435	-0.827763	-0.757873
chr2:49000000-49500000	chr2	0.133075	0.914278	0.19436	1	-1.14065	-1.13065	-1.11013	-0.94888	-1.36755	-1.07784
chr2:49500000-50000000	chr2	0.210182	0.804093	0.381223	0	-0.657015	-0.732567	-0.941567	-0.453649	-1.04738	-0.769346
chr2:50000000-50500000	chr2	0.25847	0.677817	0.463981	0	-0.629452	-0.650915	-0.672785	-0.839416	-0.896925	-0.876113
chr2:50500000-51000000	chr2	0.16211	0.615008	0.384648	0	-1.10009	-1.15961	-1.2525	-1.15674	-1.24814	-1.28358
chr2:51000000-51500000	chr2	0.441659	0.473256	0.556017	1	-1.22323	-1.42216	-1.48201	-1.38031	-1.43042	-1.394
chr2:51500000-52000000	chr2	0.356996	0.0999603	0.296062	0	-1.09331	-1.23598	-1.30483	-1.60989	-1.37921	-1.40862
chr2:52000000-52500000	chr2	0.144214	0.25359	0.450634	0	-0.998865	-1.02782	-1.11599	-0.970888	-1.23748	-1.1969
chr2:52500000-53000000	chr2	0.103711	0.646065	0.408669	0	-1.19213	-1.18293	-1.2757	-1.1864	-1.39296	-1.39818
chr2:53000000-53500000	chr2	-0.00680071	0.260221	0.144897	0	-0.982193	-0.936487	-0.889872	-0.979243	-1.06138	-0.861293
chr2:53500000-54000000	chr2	-0.132809	-0.296061	-0.0416064	5	-0.269831	-0.169256	-0.180859	0.102476	0.0707033	-0.00822073
chr2:54000000-54500000	chr2	0.00320968	-1.02133	-0.190809	4	0.671226	0.556648	0.322193	0.62663	0.459876	0.658828
chr2:54500000-55000000	chr2	0.132433	-1.09692	-0.0251864	1	0.865309	0.846477	0.860935	0.610189	0.740589	0.687522
chr2:55000000-55500000	chr2	-0.00490039	-1.22386	0.00766759	5	0.497493	0.672143	0.494481	0.876307	0.660247	0.703423
chr2:55500000-56000000	chr2	-0.163705	-0.646888	-0.308741	4	-0.561021	-0.631246	-0.654468	-0.741911	-0.244428	-0.440923
chr2:56000000-56500000	chr2	-0.175264	0.0732363	-0.131291	1	-1.10694	-1.10611	-1.06823	-1.02566	-0.878272	-0.988505
chr2:56500000-57000000	chr2	-0.206411	0.123075	-0.0669317	0	-1.3348	-1.38407	-1.25888	-1.30646	-1.45445	-1.4711
chr2:57000000-57500000	chr2	-0.000771809	0.13707	0.285121	0	-1.27658	-1.18764	-1.25624	-1.3737	-1.17357	-1.2706
chr2:57500000-58000000	chr2	-0.0179462	0.394679	-0.00744643	0	-1.31009	-1.10186	-1.25261	-1.08582	-1.22335	-1.16953
chr2:58000000-58500000	chr2	-0.055083	-0.00481841	0.06934	2	-1.19184	-1.25246	-1.15996	-1.1822	-1.0744	-1.17848
chr2:58500000-59000000	chr2	-0.209738	0.216383	-0.199779	0	-1.13424	-1.36822	-1.05574	-1.27464	-1.17673	-1.16018
chr2:59000000-59500000	chr2	-0.0448945	0.665723	0.0969224	0	-1.18578	-1.0779	-0.912232	-1.06085	-0.934625	-1.02866
chr2:59500000-60000000	chr2	0.106309	0.899719	0.168005	0	-0.715955	-0.752173	-0.644814	-0.957522	-0.690335	-0.776089
chr2:60000000-60500000	chr2	0.004216	0.78591	0.0923638	0	-0.402694	-0.192762	-0.681244	-0.308411	-0.527737	-0.649003
chr2:60500000-61000000	chr2	-0.180466	-0.166502	-0.279076	3	-0.186312	0.0893698	-0.0556602	0.0977167	0.111872	-0.142207
chr2:61000000-61500000	chr2	0.270011	-1.30981	0.113242	5	1.08616	1.10439	0.779828	1.19352	0.949048	1.00617
chr2:61500000-62000000	chr2	-0.1083	-0.8924	-0.149826	4	0.887938	1.01294	0.837019	0.943212	0.942411	1.02541
chr2:62000000-62500000	chr2	-0.149458	-0.307909	-0.313956	1	0.722988	0.531892	0.496259	0.492194	0.624956	0.552299
chr2:62500000-63000000	chr2	-0.0169717	-0.568573	-0.0753325	2	-0.138549	-0.226083	-0.609161	-0.277983	-0.0330043	-0.295168
chr2:63000000-63500000	chr2	-0.00324491	-0.0135816	0.0925368	1	-0.938362	-0.907658	-1.0048	-0.975376	-0.93516	-0.830189
chr2:63500000-64000000	chr2	0.0849894	-0.969629	-0.0390045	3	0.110747	0.259074	0.132792	0.376806	0.217245	0.173114
chr2:64000000-64500000	chr2	-0.00673932	-0.93539	-0.272683	3	0.807054	1.33454	1.02063	0.983778	0.871755	1.1905
chr2:64500000-65000000	chr2	-0.269677	-0.949497	0.122611	3	1.11082	1.20865	1.04542	1.22102	1.07561	1.09218
chr2:65000000-65500000	chr2	-0.314727	-0.709176	-0.281007	4	1.04616	1.08639	1.08285	1.07725	1.26648	1.02199
chr2:65500000-66000000	chr2	0.138592	0.0305027	-0.226769	0	0.824799	0.847955	0.846593	0.892517	0.480224	0.598808
chr2:66000000-66500000	chr2	-0.0610597	0.144221	-0.0682804	1	0.781931	0.976087	0.628472	0.576657	0.398417	0.455955
chr2:66500000-67000000	chr2	0.116784	-0.912883	-0.241085	0	0.706474	0.489767	0.499507	0.679609	0.468239	0.435571
chr2:67000000-67500000	chr2	-0.00531613	-0.927453	-0.139922	1	0.31293	0.47816	0.422728	0.637149	0.256564	0.320765
chr2:67500000-68000000	chr2	0.0160879	-0.420819	-0.0623531	0	0.74081	0.577686	0.666712	0.779288	0.507082	0.675393
chr2:68000000-68500000	chr2	0.132699	-1.14457	0.133115	8	1.12086	0.918095	1.14428	1.0946	0.978886	0.940515
chr2:68500000-69000000	chr2	-0.0605642	-0.839238	0.0506367	5	1.11142	0.85269	1.0181	0.901022	0.94825	1.02426
chr2:69000000-69500000	chr2	0.0240224	-0.945649	0.00702554	3	1.24672	0.916224	1.02519	0.970517	1.1171	1.00006
chr2:69500000-70000000	chr2	0.0558959	-1.06329	0.0491247	6	1.33305	1.29814	1.34535	1.16484	1.31531	1.31785
chr2:70000000-70500000	chr2	-0.222415	-0.509196	0.0313703	6	1.23154	1.28206	1.42181	1.34152	1.26817	1.41101
chr2:70500000-71000000	chr2	-0.196853	0.137148	-0.539204	9	1.35775	1.28666	1.34536	1.2544	1.41321	1.33081
chr2:71000000-71500000	chr2	-0.0798997	-0.633896	-0.230236	6	1.19971	1.24291	1.3349	1.26717	1.28967	1.34424
chr2:71500000-72000000	chr2	-0.185859	-0.324992	-0.180194	0	1.28545	1.21599	1.12789	1.12636	1.20455	1.05739
chr2:72000000-72500000	chr2	-0.210528	-0.652087	-0.0480106	1	0.931904	0.777445	0.752072	0.744475	0.895849	0.5073
chr2:72500000-73000000	chr2	-0.0612865	-1.09107	-0.0439216	3	1.20404	1.14591	1.11305	1.09454	1.12946	1.16085
chr2:73000000-73500000	chr2	-0.339754	-0.292764	0.0708173	9	1.19388	1.3005	1.10187	1.04922	1.26105	1.19449
chr2:73500000-74000000	chr2	-0.207437	-0.350924	-0.274797	8	1.11663	1.14205	1.08627	0.848295	1.1206	1.15752
chr2:74000000-74500000	chr2	-0.0227707	-0.572064	-0.082502	15	1.4955	1.31204	1.309	1.36083	1.28817	1.32919
chr2:74500000-75000000	chr2	-0.117707	-0.501591	-0.445462	11	0.985705	1.05669	1.04412	1.21603	0.924929	0.952612
chr2:75000000-75500000	chr2	-0.0492625	-0.139091	-0.138529	1	0.0215454	0.204665	0.342163	0.533015	-0.0440299	-0.173699
chr2:75500000-76000000	chr2	-0.165313	0.321781	0.0295089	3	-0.822703	-0.687086	-0.790797	-0.598583	-0.464893	-0.741714
chr2:76000000-76500000	chr2	0.176925	0.792526	0.455505	0	-1.12306	-1.22426	-1.11924	-1.18087	-1.29408	-1.20815
chr2:76500000-77000000	chr2	0.128435	0.376325	0.303689	0	-0.888058	-0.942867	-0.937343	-1.00198	-0.958657	-1.08943
chr2:77000000-77500000	chr2	0.0639917	0.404593	0.340775	0	-0.999224	-1.08752	-1.2056	-1.01789	-1.0858	-1.22851
chr2:77500000-78000000	chr2	0.204988	0.45066	0.343185	1	-1.09464	-0.94009	-1.20868	-1.18062	-1.20548	-1.18505
chr2:78000000-78500000	chr2	0.120135	0.472223	0.457227	0	-1.24933	-1.34781	-1.24045	-1.28328	-1.26498	-1.19946
chr2:78500000-79000000	chr2	0.227147	0.436646	0.110005	0	-1.11181	-1.12883	-1.12177	-1.14308	-1.08046	-1.11051
chr2:79000000-79500000	chr2	0.145534	1.13006	0.153222	4	-0.592613	-0.44596	-0.218653	-0.330381	-0.484288	-0.632769
chr2:79500000-80000000	chr2	0.0869271	0.742139	0.163385	1	-0.416397	-0.545511	-0.454727	-0.214878	-0.407758	-0.565178
chr2:80000000-80500000	chr2	-0.10878	0.919247	-0.0210954	1	-0.26693	-0.411263	-0.445617	-0.274212	-0.536027	-0.493754
chr2:80500000-81000000	chr2	0.0545954	0.949375	0.220012	0	-0.758378	-0.530387	-0.823458	-0.746333	-0.871512	-0.795946
chr2:81000000-81500000	chr2	0.28374	0.597421	0.248141	0	-0.921172	-0.914554	-1.13544	-0.998426	-0.991011	-1.04023
chr2:81500000-82000000	chr2	0.160406	0.482788	-0.0258756	0	-1.16413	-1.01415	-1.02203	-1.02783	-1.14486	-1.14502
chr2:82000000-82500000	chr2	0.0378539	0.476207	0.402161	0	-1.15015	-1.04696	-1.18303	-1.0188	-1.32115	-1.27453
chr2:82500000-83000000	chr2	0.120711	0.0559766	0.322366	0	-1.22114	-1.19959	-1.20045	-1.22111	-1.42681	-1.34304
chr2:83000000-83500000	chr2	0.333926	-0.0790165	0.0138754	0	-1.13941	-1.05614	-0.993027	-0.885796	-1.25661	-1.27409
chr2:83500000-84000000	chr2	0.22111	0.579107	0.419859	0	-0.998342	-1.02355	-0.946772	-0.910081	-1.0844	-1.1297
chr2:84000000-84500000	chr2	-0.0741731	0.897037	0.0644107	1	-0.611455	-0.517467	-0.534496	-0.484875	-0.766218	-0.636886
chr2:84500000-85000000	chr2	-0.139399	0.332097	-0.0980939	4	-0.464546	-0.427032	-0.396093	-0.118566	-0.369016	-0.480029
chr2:85000000-85500000	chr2	-0.234936	-0.489284	-0.285474	6	1.14047	1.06114	1.05467	1.20309	1.10722	1.00059
chr2:85500000-86000000	chr2	-0.0801592	-0.662582	-0.11471	12	1.42287	1.5416	1.48923	1.62105	1.34193	1.43727
chr2:86000000-86500000	chr2	0.023518	-0.611689	-0.129704	6	1.18633	1.53466	1.4241	1.22271	1.3106	1.2814
chr2:86500000-87000000	chr2	-0.13176	-0.331732	-0.0867306	6	0.89841	0.969133	0.775696	0.856134	1.00769	1.08869
chr2:88000000-88500000	chr2	-0.0250105	0.716015	-0.149274	6	-0.509416	-0.469863	-0.0762827	-0.41655	-0.161297	-0.0183324
chr2:88500000-89000000	chr2	-0.30542	0.776151	-0.07762	3	-1.15884	-1.13317	-1.15938	-1.23794	-0.907734	-0.793623
chr2:94500000-95000000	chr2	0.189087	0.965225	0.300907	2	-1.47411	-1.24046	-1.3163	-1.56425	-1.56469	-1.1063
chr2:95000000-95500000	chr2	-0.317209	0.948576	-0.0401739	9	-0.74242	-0.649053	-0.380101	-0.528356	-0.411015	-0.345976
chr2:95500000-96000000	chr2	-0.461128	0.742973	0.0126132	3	-0.834732	-1.16001	-1.04109	-1.08404	-0.949352	-1.00301
chr2:96000000-96500000	chr2	-0.139874	-0.148314	-0.17626	10	0.720894	0.898371	0.849177	0.971265	0.796276	0.904497
chr2:96500000-97000000	chr2	-0.408047	-0.0183271	-0.192157	11	1.32443	1.45189	1.17874	1.47688	1.21241	1.26693
chr2:97500000-98000000	chr2	-0.254969	-0.171558	-0.0687882	6	0.842915	1.00194	1.07955	0.808678	0.872452	1.14812
chr2:98000000-98500000	chr2	-0.224745	0.250645	-0.239437	3	0.867464	0.932932	0.922269	1.03409	0.819682	1.01719
chr2:98500000-99000000	chr2	-0.117766	0.20791	-0.208447	4	0.610371	0.555875	0.663638	0.790632	0.601722	0.803877
chr2:99000000-99500000	chr2	-0.00559257	-0.531634	0.0200645	10	0.594982	0.761158	0.442172	0.788495	0.626542	0.668522
chr2:99500000-100000000	chr2	0.125281	-0.52283	-0.25103	0	0.609234	0.748879	0.562695	0.773412	0.541366	0.697044
chr2:100000000-100500000	chr2	-0.0527783	-0.432994	-0.158573	4	0.624592	0.829604	0.862107	0.700757	0.60469	0.742426
chr2:100500000-101000000	chr2	-0.143339	-0.286269	-0.212494	2	0.656905	0.609405	0.640627	0.644026	0.693873	0.673524
chr2:101000000-101500000	chr2	0.123072	-0.764324	-0.048306	6	0.931411	0.916173	0.903523	0.933345	0.668062	0.880436
chr2:101500000-102000000	chr2	0.161661	-0.737407	-0.207447	2	0.603322	0.578257	0.557841	0.727029	0.410159	0.527559
chr2:102000000-102500000	chr2	-0.032241	-0.474623	0.0486732	6	-0.386603	-0.0515865	-0.1947	0.0298526	-0.0326076	-0.234789
chr2:102500000-103000000	chr2	-0.0642828	0.967149	0.0483483	3	-1.20658	-1.09125	-0.773309	-0.982556	-1.1167	-0.967564
chr2:103000000-103500000	chr2	0.310388	0.792827	0.246841	0	-1.55426	-1.37962	-1.38397	-1.28423	-1.57131	-1.3791
chr2:103500000-104000000	chr2	0.328514	0.550592	0.50188	0	-1.70204	-1.62041	-1.5374	-1.65934	-1.75544	-1.47046
chr2:104000000-104500000	chr2	0.178295	0.952724	0.200599	0	-1.35446	-1.52173	-1.45415	-1.49554	-1.41916	-1.35656
chr2:104500000-105000000	chr2	-0.000679711	1.02597	0.0686742	1	-1.31497	-1.20566	-1.11825	-1.17868	-1.27373	-1.32221
chr2:105000000-105500000	chr2	-0.00644332	0.116762	-0.16032	5	-0.198696	-0.322394	-0.138017	-0.15144	-0.122678	-0.195968
chr2:105500000-106000000	chr2	0.0219593	0.507735	-0.159618	1	0.5897	0.792746	0.616284	0.815859	0.562285	0.45332
chr2:106000000-106500000	chr2	-0.085932	0.771449	-0.0786298	4	0.420303	0.957906	0.803433	0.503718	0.55412	0.439951
chr2:106500000-107000000	chr2	-0.0310216	0.497143	0.0176725	1	-0.0579882	0.491023	0.294676	0.254449	0.246875	-0.0142334
chr2:107000000-107500000	chr2	0.339482	0.254657	0.0491221	0	-0.277006	0.134996	0.313045	0.271839	0.144083	-0.124819
chr2:107500000-108000000	chr2	-0.0218697	0.377907	0.122626	2	-0.0720269	-0.222793	-0.110113	-0.0261039	-0.0930177	-0.446808
chr2:108000000-108500000	chr2	-0.13033	0.175774	-0.0502692	4	-0.252157	0.0589553	0.288491	0.220097	0.0211488	-0.291618
chr2:108500000-109000000	chr2	-0.149901	-0.805354	0.0700668	4	0.792611	0.927874	1.12741	1.01612	1.08586	0.758177
chr2:109000000-109500000	chr2	-0.368383	-0.290943	-0.226779	1	1.38054	1.35158	1.42427	1.26758	1.36385	1.26941
chr2:110500000-111000000	chr2	0.104411	-0.677976	0.0282127	3	1.32625	1.27462	1.35637	1.40002	1.33169	1.3838
chr2:111000000-111500000	chr2	0.0393103	-0.673039	-0.0901961	1	1.41473	1.48342	1.34758	1.53667	1.35147	1.43915
chr2:111500000-112000000	chr2	-0.0480926	-0.582972	-0.157504	2	1.47717	0.979516	1.07262	0.867887	1.30905	1.34937
chr2:112000000-112500000	chr2	-0.0117595	-0.823174	-0.21412	6	0.802668	0.543543	0.872415	0.489823	0.940866	0.98654
chr2:112500000-113000000	chr2	-0.269974	-0.395722	-0.310232	9	0.0224732	-0.0831994	0.0141178	-0.0332816	0.365058	0.278362
chr2:113000000-113500000	chr2	-0.118311	0.0682601	-0.490835	9	0.0947923	-0.293049	0.0784924	-0.256525	0.298389	0.308882
chr2:113500000-114000000	chr2	0.0207802	-0.523805	-0.0739804	3	-0.544109	-0.53006	-0.307131	-0.606754	-0.485345	-0.477974
chr2:114000000-114500000	chr2	0.100867	0.958349	0.129884	1	-1.40127	-1.49114	-1.47952	-1.50676	-1.54712	-1.42827
chr2:114500000-115000000	chr2	0.404316	0.958003	-0.000928122	0	-1.16937	-1.14197	-1.19689	-1.11542	-1.30114	-1.25925
chr2:115000000-115500000	chr2	0.0977848	0.841779	0.664101	0	-1.37397	-1.43894	-1.56897	-1.51502	-1.63413	-1.45292
chr2:115500000-116000000	chr2	0.436994	0.573393	0.688188	0	-1.37266	-1.46653	-1.55411	-1.50505	-1.51253	-1.49648
chr2:116000000-116500000	chr2	0.430954	0.67649	0.434446	0	-1.62085	-1.58231	-1.68226	-1.70427	-1.59339	-1.44578
chr2:116500000-117000000	chr2	0.289903	0.664953	0.283132	0	-1.63484	-1.74845	-1.61339	-1.69447	-1.54984	-1.5894
chr2:117000000-117500000	chr2	0.218127	0.757946	0.405697	0	-1.54955	-1.57396	-1.59066	-1.59253	-1.49807	-1.48811
chr2:117500000-118000000	chr2	-0.118711	0.969353	-0.0380559	1	-1.0865	-1.16643	-1.15396	-1.38776	-1.04205	-1.00412
chr2:118000000-118500000	chr2	-0.00145316	0.66733	0.0505156	2	0.120407	0.0938629	0.0460322	0.00352994	-0.019481	0.0826306
chr2:118500000-119000000	chr2	0.00964332	1.0651	0.171243	2	0.217012	0.306581	0.323422	0.295295	0.263113	0.180536
chr2:119000000-119500000	chr2	-0.180796	0.792789	-0.152337	5	0.60434	0.585513	0.843222	0.881227	0.703207	0.779976
chr2:119500000-120000000	chr2	-0.182917	-0.229067	0.158803	4	0.705757	0.941816	0.844138	1.16597	0.92346	0.855305
chr2:120000000-120500000	chr2	-0.111431	-0.273093	-0.213651	4	1.31929	1.09277	1.20475	1.34093	1.05321	1.02025
chr2:120500000-121000000	chr2	-0.167404	-0.117229	-0.234901	1	1.33614	1.17256	1.27635	1.38723	1.24004	1.19684
chr2:121000000-121500000	chr2	-0.40714	-0.0958319	-0.348469	1	0.99686	1.29462	1.06131	1.33095	1.10794	1.1518
chr2:121500000-122000000	chr2	0.123085	-0.0767708	-0.00529068	4	0.479867	0.738291	0.714568	0.973957	0.632481	0.586242
chr2:122000000-122500000	chr2	0.117477	0.976405	-0.0640613	0	-0.356238	-0.443552	-0.33652	-0.284671	-0.337514	-0.427499
chr2:122500000-123000000	chr2	0.136192	0.480407	0.188726	0	-0.812103	-0.702555	-0.980356	-0.632528	-0.728131	-0.413397
chr2:123000000-123500000	chr2	-0.0710102	0.136432	0.275246	0	-0.827139	-0.733984	-0.959375	-0.542278	-0.837956	-0.561567
chr2:123500000-124000000	chr2	0.362391	0.44761	0.204153	0	-0.687628	-0.605036	-0.682589	-0.63521	-0.6913	-0.577334
chr2:124000000-124500000	chr2	0.147046	0.603757	0.249333	1	-0.486017	-0.393193	-0.535007	-0.45391	-0.443378	-0.447518
chr2:124500000-125000000	chr2	0.156992	0.637766	0.108302	0	-0.535076	-0.668637	-0.589654	-0.294467	-0.306167	-0.40556
chr2:125000000-125500000	chr2	0.362064	0.371958	0.467345	0	-0.71873	-0.647524	-0.907495	-0.685179	-0.818929	-0.700241
chr2:125500000-126000000	chr2	0.270981	0.697206	0.408226	0	-0.816343	-0.709226	-0.86718	-0.468452	-0.497121	-0.549115
chr2:126000000-126500000	chr2	0.235221	0.69981	0.362276	0	-0.867503	-0.696273	-0.564377	-0.581687	-0.664148	-0.711315
chr2:126500000-127000000	chr2	-0.166958	0.891243	0.182005	2	-0.200534	-0.002603	-0.0351025	-0.164857	0.311381	-0.0815016
chr2:127000000-127500000	chr2	-0.288926	-0.308882	0.0976058	5	1.07039	1.01966	0.962831	1.24367	1.20094	1.21081
chr2:127500000-128000000	chr2	-0.0523233	-0.620058	0.057044	8	1.50329	1.54868	1.69087	1.42664	1.46082	1.50839
chr2:128000000-128500000	chr2	-0.13096	0.0543451	0.02247	3	1.45833	1.50417	1.38251	1.66355	1.50945	1.31512
chr2:128500000-129000000	chr2	0.103329	0.515287	0.377763	0	1.3144	1.1878	1.20715	1.13098	1.12099	1.20728
chr2:129000000-129500000	chr2	0.211975	0.783878	0.293268	0	1.15431	0.858614	0.891908	1.02811	0.998106	0.943544
chr2:129500000-130000000	chr2	0.0283886	0.924811	0.115631	1	0.924689	0.991351	1.06401	0.98366	1.03059	1.16415
chr2:130000000-130500000	chr2	-0.274321	0.710424	0.0352791	8	1.43616	1.54231	1.48769	1.4499	1.42858	1.51367
chr2:130500000-131000000	chr2	-0.218474	0.869627	0.105372	7	1.03023	1.38093	1.16946	1.16415	0.936437	0.953471
chr2:131000000-131500000	chr2	-0.166209	0.720322	-0.116802	7	0.529273	0.562674	0.609743	0.673048	0.764264	0.357714
chr2:131500000-132000000	chr2	-0.0352679	0.374219	0.144763	1	-0.966535	-1.04775	-0.967194	-1.15467	-0.721853	-0.867299
chr2:132000000-132500000	chr2	0.187652	0.451458	0.167057	2	-0.664419	-0.644691	-0.664127	-0.593765	-0.647542	-0.789977
chr2:132500000-133000000	chr2	-0.394002	0.508859	-0.216449	1	-1.13253	-1.17481	-1.08319	-1.17526	-1.13788	-1.20014
chr2:133000000-133500000	chr2	-0.146442	0.0344102	-0.402065	0	-1.2929	-1.36035	-1.31827	-1.49808	-1.13511	-1.27108
chr2:133500000-134000000	chr2	-0.134036	0.00717259	-0.187539	1	-0.853167	-0.742457	-0.720729	-0.84276	-0.523177	-0.688411
chr2:134000000-134500000	chr2	-0.192968	0.326587	-0.664546	1	0.0458143	-0.00982879	0.0396855	-0.065898	0.136441	-0.0379995
chr2:134500000-135000000	chr2	-0.0695184	0.492026	-0.158334	3	-0.0994204	-0.233363	-0.294124	-0.0666615	-0.217196	-0.0907159
chr2:135000000-135500000	chr2	-0.148425	0.126651	-0.0730771	2	-1.17166	-1.05069	-1.27322	-1.17462	-1.02418	-0.664575
chr2:135500000-136000000	chr2	-0.250062	-0.0197213	-0.297025	6	-0.595666	-0.323003	-0.438439	-0.32798	-0.472265	-0.18137
chr2:136000000-136500000	chr2	-0.0837775	1.12492	-0.172606	1	-0.505709	-0.755405	-0.653223	-0.652452	-0.474793	-0.713522
chr2:136500000-137000000	chr2	0.348285	1.18542	0.0929554	1	-1.60365	-1.50215	-1.62008	-1.83481	-1.55822	-1.51295
chr2:137000000-137500000	chr2	0.217908	0.598571	0.00648963	0	-1.52662	-1.6235	-1.56123	-1.63774	-1.49229	-1.59275
chr2:137500000-138000000	chr2	0.113546	0.723573	0.489985	1	-1.21037	-1.45536	-1.39523	-1.52038	-1.36111	-1.30997
chr2:138000000-138500000	chr2	0.0730921	0.155566	0.145564	0	-0.114379	-0.405122	-0.391023	-0.315122	-0.449582	-0.55211
chr2:138500000-139000000	chr2	0.100658	0.447069	0.0394968	2	-0.434086	-0.700208	-0.305108	-0.737288	-0.534726	-0.780355
chr2:139000000-139500000	chr2	0.328119	0.553591	0.511942	0	-1.30842	-1.4028	-1.3159	-1.4987	-1.55035	-1.38987
chr2:139500000-140000000	chr2	0.408255	0.657205	0.495921	0	-1.24477	-1.35935	-1.37756	-1.47779	-1.44309	-1.295
chr2:140000000-140500000	chr2	0.223869	0.413103	0.357599	0	-1.25942	-1.39235	-1.36641	-1.34564	-1.45074	-1.3147
chr2:140500000-141000000	chr2	0.124832	-0.108143	0.286956	0	-1.28897	-1.26879	-1.05833	-1.30406	-1.34743	-1.16276
chr2:141000000-141500000	chr2	-0.15934	-0.252512	-0.0688913	0	-1.09089	-1.25423	-1.06592	-1.09776	-1.24966	-1.27097
chr2:141500000-142000000	chr2	0.144581	-0.0546461	0.165323	0	-0.965481	-1.167	-0.987	-1.25823	-1.2125	-1.19246
chr2:142000000-142500000	chr2	0.254981	0.101495	0.185766	1	-1.43263	-1.55301	-1.35809	-1.52933	-1.45831	-1.39117
chr2:142500000-143000000	chr2	-0.0673104	0.0544065	0.0316061	1	-1.4941	-1.49516	-1.43939	-1.62286	-1.50628	-1.46653
chr2:143000000-143500000	chr2	0.103941	-0.142695	-0.206433	1	-1.12229	-1.03042	-1.10473	-1.18867	-0.995454	-1.22301
chr2:143500000-144000000	chr2	-0.0640319	-0.436461	-0.273652	0	-0.645612	-0.534043	-0.52219	-0.492702	-0.489679	-0.753361
chr2:144000000-144500000	chr2	-0.0611359	-0.704532	-0.19231	1	-0.486334	-0.411964	-0.424185	-0.262748	-0.283729	-0.706234
chr2:144500000-145000000	chr2	-0.0264588	-0.704825	-0.387917	1	-0.839325	-0.620834	-0.641492	-0.800185	-0.530024	-0.873614
chr2:145000000-145500000	chr2	0.0329669	-0.754364	-0.124457	0	-1.09054	-1.19868	-1.00779	-0.88961	-0.882945	-1.1385
chr2:145500000-146000000	chr2	-0.211104	-0.372578	-0.0224831	0	-1.11884	-0.99579	-1.22673	-1.26027	-0.918685	-1.12544
chr2:146000000-146500000	chr2	0.0146096	-0.20097	0.185065	0	-1.22663	-1.29982	-1.41418	-1.40668	-1.16358	-1.37347
chr2:146500000-147000000	chr2	0.0793827	-0.3609	0.163936	0	-1.11235	-1.00251	-0.933672	-1.07209	-0.962227	-1.07965
chr2:147000000-147500000	chr2	0.157978	0.473248	0.273337	0	-1.10488	-0.793653	-0.929731	-0.828733	-1.01435	-0.972575
chr2:147500000-148000000	chr2	0.110178	-0.0332062	-0.0379996	1	-0.869531	-0.466784	-0.349008	-0.388143	-0.711514	-0.527997
chr2:148000000-148500000	chr2	-0.0744061	-0.452107	-0.0062134	2	-0.708469	-0.448921	-0.781972	-0.45005	-0.623778	-0.745994
chr2:148500000-149000000	chr2	-0.11687	-0.251143	-0.188041	2	-0.00678958	-0.0704626	0.224258	0.444805	-0.0443424	0.156282
chr2:149000000-149500000	chr2	-0.301321	-0.0936262	-0.61044	2	0.33546	0.471348	0.533672	0.648747	0.369026	0.308978
chr2:149500000-150000000	chr2	-0.104941	-0.623402	-0.356293	1	-0.399828	-0.421306	-0.223874	-0.47779	-0.205477	-0.565835
chr2:150000000-150500000	chr2	-0.15223	-0.800081	-0.0136857	1	-0.44375	-0.723116	-0.406439	-0.568608	-0.475699	-0.611312
chr2:150500000-151000000	chr2	-0.0262899	-0.667276	-0.105275	0	-0.923351	-1.06706	-0.845481	-0.755979	-0.685493	-0.920248
chr2:151000000-151500000	chr2	-0.0779004	-0.390424	-0.227069	4	-0.578067	-1.01156	-0.705436	-0.648923	-0.379046	-0.685781
chr2:151500000-152000000	chr2	0.0419897	0.024604	-0.442119	2	-0.499049	-0.482096	-0.154212	-0.492657	0.19019	-0.219549
chr2:152000000-152500000	chr2	-0.133444	-0.242335	-0.136363	3	-0.585334	-0.733184	-0.509102	-0.482151	-0.544327	-0.571647
chr2:152500000-153000000	chr2	0.042528	0.149031	-0.196831	2	-1.07361	-1.26215	-0.964609	-1.2662	-1.13235	-1.14026
chr2:153000000-153500000	chr2	0.267279	0.935098	0.172422	1	-1.59305	-1.6757	-1.52801	-1.66077	-1.6552	-1.5043
chr2:153500000-154000000	chr2	0.379768	0.783522	0.572961	1	-1.60818	-1.74543	-1.68013	-1.79799	-1.68585	-1.54379
chr2:154000000-154500000	chr2	0.458589	0.420994	0.679981	0	-1.44656	-1.45656	-1.53859	-1.62075	-1.57221	-1.44471
chr2:154500000-155000000	chr2	0.414091	0.766232	0.546718	1	-1.46864	-1.58771	-1.50699	-1.56347	-1.53466	-1.42109
chr2:155000000-155500000	chr2	0.337243	0.754804	0.489028	0	-1.43437	-1.5341	-1.63742	-1.65082	-1.58723	-1.48803
chr2:155500000-156000000	chr2	0.226262	0.769274	0.477017	0	-1.63285	-1.71528	-1.71239	-1.76372	-1.63144	-1.56991
chr2:156000000-156500000	chr2	-0.192656	0.534897	-0.214525	2	-1.0425	-1.30382	-1.26322	-1.3317	-1.42929	-1.25272
chr2:156500000-157000000	chr2	-0.079977	0.631607	0.282463	0	-1.55625	-1.56738	-1.61434	-1.65093	-1.59098	-1.47138
chr2:157000000-157500000	chr2	-0.192832	0.678528	0.227085	3	-1.5146	-1.6081	-1.38874	-1.78515	-1.6227	-1.54597
chr2:157500000-158000000	chr2	-0.0179276	-0.0194984	0.0518755	2	-1.21697	-1.26622	-1.36275	-1.4589	-1.30363	-1.23038
chr2:158000000-158500000	chr2	-0.087732	0.119702	-0.238437	3	-1.37335	-1.3206	-1.35182	-1.33551	-1.36606	-1.34803
chr2:158500000-159000000	chr2	-0.110904	-0.32716	-0.0424278	2	-0.492294	-0.696389	-0.769224	-0.716963	-0.55321	-0.763188
chr2:159000000-159500000	chr2	0.0698741	-1.10901	-0.135305	1	0.872521	0.524059	0.52809	0.373611	0.538215	0.569677
chr2:159500000-160000000	chr2	0.34777	-1.53184	-0.0922133	4	0.504595	0.532348	0.75715	0.604303	0.448496	0.428666
chr2:160000000-160500000	chr2	0.206197	-1.13103	0.0114404	3	0.316216	0.0442679	0.422263	0.198742	0.0273545	-0.0182038
chr2:160500000-161000000	chr2	-0.241049	-0.807969	-0.128251	0	0.26294	0.271303	0.0550495	0.393282	0.282507	-0.166429
chr2:161000000-161500000	chr2	-0.111941	-0.663563	-0.100132	3	-1.22754	-1.44924	-1.40567	-1.4293	-1.26298	-1.18188
chr2:161500000-162000000	chr2	0.00901521	0.651479	0.300132	1	-1.78633	-1.91828	-1.8828	-2.01881	-1.85495	-1.66084
chr2:162000000-162500000	chr2	-0.0303675	-0.0309779	-0.151364	5	-1.53056	-1.67554	-1.68512	-1.84521	-1.47516	-1.54175
chr2:162500000-163000000	chr2	0.266127	0.555601	0.101406	1	-1.16889	-1.07803	-1.23358	-1.26158	-1.29298	-1.14534
chr2:163000000-163500000	chr2	-0.00167201	0.0697334	0.0307307	0	-0.947864	-0.746824	-0.87171	-0.900008	-0.79965	-0.73656
chr2:163500000-164000000	chr2	-0.165752	-0.26096	-0.123512	1	-0.994669	-0.851611	-0.742731	-0.883684	-0.752614	-0.743743
chr2:164000000-164500000	chr2	0.117662	0.124244	0.0359513	0	-1.22528	-1.20522	-1.32089	-1.2247	-1.41353	-1.09713
chr2:164500000-165000000	chr2	0.0242974	-0.401015	-0.130909	3	-0.881861	-0.759332	-0.65676	-0.915893	-0.5264	-0.812533
chr2:165000000-165500000	chr2	0.0557325	0.460895	0.0100322	3	-1.25963	-1.5604	-1.46773	-1.45938	-1.31637	-1.36615
chr2:165500000-166000000	chr2	-0.271139	0.730451	-0.143229	2	-1.1353	-1.45619	-1.29693	-1.30247	-1.36109	-1.45253
chr2:166000000-166500000	chr2	0.31849	0.382426	0.322686	3	-1.55225	-1.68334	-1.73822	-1.85485	-1.66767	-1.61015
chr2:166500000-167000000	chr2	0.24273	0.537963	0.473516	1	-1.42328	-1.46554	-1.3757	-1.60961	-1.45534	-1.48043
chr2:167000000-167500000	chr2	0.104268	0.267096	0.102394	1	-1.29564	-1.347	-1.30605	-1.34653	-1.39802	-1.29029
chr2:167500000-168000000	chr2	0.0859181	0.862367	0.0702199	0	-0.982377	-1.26119	-1.24597	-1.40535	-1.36746	-1.41959
chr2:168000000-168500000	chr2	-0.117283	-0.28875	-0.151939	2	-0.255091	-0.281874	-0.123198	-0.156747	-0.407607	-0.592196
chr2:168500000-169000000	chr2	0.119661	-0.208096	-0.289219	3	0.20747	0.36814	0.066179	0.152452	0.0806625	-0.124138
chr2:169000000-169500000	chr2	0.190417	-0.00636923	-0.313303	4	0.83987	0.668931	0.769222	0.990004	0.644611	0.634811
chr2:169500000-170000000	chr2	-0.00516918	-1.10468	0.00259706	9	1.03896	1.04709	1.10421	1.24423	1.07226	1.18432
chr2:170000000-170500000	chr2	-0.0338033	-0.46655	-0.314441	1	1.26401	1.27888	1.20255	1.00796	0.913011	1.17629
chr2:170500000-171000000	chr2	-0.00566643	-0.269962	-0.170487	4	1.4096	1.40987	1.12286	1.16454	1.06152	1.28901
chr2:171000000-171500000	chr2	-0.0770111	-1.11705	0.0529219	3	1.13103	1.1856	1.13983	1.23708	1.17785	1.14465
chr2:171500000-172000000	chr2	-0.167507	-1.08418	-0.169761	5	1.5832	1.3538	1.22264	1.20883	1.41075	1.40999
chr2:172000000-172500000	chr2	-0.0542016	-0.895197	-0.292762	3	1.43234	1.09737	1.22009	1.2964	1.24149	1.4584
chr2:172500000-173000000	chr2	0.0396138	-1.10914	-0.111898	2	1.23636	1.12395	1.29158	1.35337	1.32778	1.23744
chr2:173000000-173500000	chr2	-0.0537301	-1.09875	-0.195297	2	1.0541	1.35038	1.281	1.23476	1.32159	1.2183
chr2:173500000-174000000	chr2	0.244294	-0.940073	-0.122919	1	1.14036	1.10246	1.41871	1.17935	1.41596	1.19333
chr2:174000000-174500000	chr2	0.0314961	-1.21896	-0.0925035	5	1.39561	1.35216	1.2702	1.42096	1.25758	1.29123
chr2:174500000-175000000	chr2	-0.0151486	-0.631838	-0.030779	2	1.11468	0.943388	1.10569	1.12024	1.15114	1.33529
chr2:175000000-175500000	chr2	0.381834	-0.410335	-0.045755	3	0.954545	1.21584	0.989855	1.275	1.03873	1.12716
chr2:175500000-176000000	chr2	0.243428	0.309284	0.00809493	0	1.18829	0.702417	1.14785	1.05554	0.954035	0.99762
chr2:176000000-176500000	chr2	0.063639	-0.0981513	-0.0417559	12	1.16888	1.17607	1.1631	1.09074	1.12755	1.17693
chr2:176500000-177000000	chr2	0.329545	0.551537	-0.151024	0	1.20246	1.09475	1.05959	1.06397	0.929634	1.10026
chr2:177000000-177500000	chr2	0.179147	-0.60487	-0.0128643	3	1.28482	1.22296	1.29638	1.33705	0.854919	1.24041
chr2:177500000-178000000	chr2	0.158573	0.287197	0.116089	2	1.29814	1.27784	1.29392	1.12804	1.10672	1.08061
chr2:178000000-178500000	chr2	0.356837	-0.486641	-0.0728643	7	1.2786	1.41378	1.28916	1.22046	1.29129	1.35623
chr2:178500000-179000000	chr2	0.444244	-0.0142019	0.162906	1	0.913722	0.874859	0.976806	0.723822	0.914464	0.942873
chr2:179000000-179500000	chr2	0.167449	0.137681	0.0195161	2	0.51453	0.372933	0.314491	0.517167	0.153162	0.333415
chr2:179500000-180000000	chr2	0.181585	0.192172	0.112274	1	0.128319	0.299975	0.11547	0.00388488	-0.0306851	-0.0142661
chr2:180000000-180500000	chr2	0.183592	-0.155343	0.233296	1	-0.852682	-1.05831	-0.997845	-1.02526	-1.17754	-1.10981
chr2:180500000-181000000	chr2	-0.0314653	-0.307993	-0.000316781	1	-0.931925	-0.989244	-1.03453	-1.05533	-1.23727	-1.19905
chr2:181000000-181500000	chr2	-0.0790937	-0.320039	0.0516661	1	-0.958508	-1.24657	-1.06013	-1.12006	-1.13019	-1.25865
chr2:181500000-182000000	chr2	-0.0899652	-0.488022	-0.274821	4	-0.348544	-0.246537	-0.548208	-0.45825	-0.452893	-0.80798
chr2:182000000-182500000	chr2	0.118875	-0.28485	-0.0697634	1	-0.497484	-0.689254	-0.573266	-0.515315	-0.635978	-0.759056
chr2:182500000-183000000	chr2	-0.0559114	-0.564736	0.17679	2	0.103071	0.0685178	0.0545236	0.357336	0.093021	0.105173
chr2:183000000-183500000	chr2	0.120669	0.0470068	0.0101512	3	-1.04139	-0.938847	-1.00002	-1.1747	-1.11288	-1.03397
chr2:183500000-184000000	chr2	0.209931	0.739976	0.175286	0	-1.51772	-1.31685	-1.44079	-1.58766	-1.55553	-1.32417
chr2:184000000-184500000	chr2	0.193837	0.124493	0.381584	0	-1.37525	-1.39821	-1.39347	-1.56887	-1.55823	-1.44968
chr2:184500000-185000000	chr2	0.0435539	-0.000708893	0.345706	1	-1.42781	-1.54747	-1.65454	-1.68317	-1.5135	-1.43209
chr2:185000000-185500000	chr2	0.0491564	0.379256	0.41404	0	-1.5943	-1.61746	-1.52336	-1.56033	-1.45786	-1.50954
chr2:185500000-186000000	chr2	0.266879	0.42273	0.260741	1	-1.63595	-1.62058	-1.68224	-1.68653	-1.61587	-1.49633
chr2:186000000-186500000	chr2	0.0450181	0.697754	-0.0539128	1	-1.49803	-1.61117	-1.49875	-1.75705	-1.55129	-1.51701
chr2:186500000-187000000	chr2	0.0633759	-0.571326	0.0212856	3	-0.899493	-1.14304	-0.928878	-0.970314	-0.907458	-1.11019
chr2:187000000-187500000	chr2	-0.154047	-0.0743456	-0.0217441	1	-1.60626	-1.65598	-1.63911	-1.70427	-1.45129	-1.4984
chr2:187500000-188000000	chr2	-0.0929646	-0.706164	0.0200111	1	-1.24418	-1.28171	-1.3133	-1.1385	-1.15407	-1.11452
chr2:188000000-188500000	chr2	0.050445	-0.860209	0.0068461	1	-1.00311	-1.15331	-1.05177	-0.84229	-0.802765	-0.815432
chr2:188500000-189000000	chr2	-0.0851843	-1.01719	0.153672	1	-1.36858	-1.62322	-1.48542	-1.48272	-1.33841	-1.27386
chr2:189000000-189500000	chr2	-0.0188339	-1.39232	-0.0016233	2	-0.819107	-1.02479	-0.866221	-0.911513	-0.754133	-0.846341
chr2:189500000-190000000	chr2	-0.0756691	-0.628295	-0.143082	7	-0.677571	-0.801723	-0.579314	-0.874722	-0.530852	-0.443495
chr2:190000000-190500000	chr2	-0.316332	-0.177467	-0.265566	5	-0.63709	-0.589342	-0.404538	-0.47168	-0.355707	-0.34038
chr2:190500000-191000000	chr2	-0.248114	-1.05992	-0.0157772	3	0.335447	0.290181	0.449031	0.366438	0.444334	0.363381
chr2:191000000-191500000	chr2	-0.146717	-0.918065	-0.206437	3	0.0334954	0.0238385	0.00282234	0.0595057	0.0839538	-0.0218474
chr2:191500000-192000000	chr2	-0.0203377	-0.557583	-0.116849	2	-0.683283	-0.695185	-0.61205	-0.727004	-0.751571	-1.10265
chr2:192000000-192500000	chr2	-0.0205742	-0.186823	-0.105583	1	-1.48635	-1.42336	-1.50187	-1.45706	-1.44272	-1.43955
chr2:192500000-193000000	chr2	0.211321	0.281435	0.328425	0	-1.68344	-1.85493	-1.72484	-1.77711	-1.69816	-1.67847
chr2:193000000-193500000	chr2	0.202306	0.193418	0.487373	0	-1.72704	-1.73867	-1.73002	-1.74005	-1.75477	-1.55198
chr2:193500000-194000000	chr2	-0.0394271	-0.0730153	0.196924	0	-1.58382	-1.72674	-1.759	-1.65258	-1.68166	-1.68307
chr2:194000000-194500000	chr2	0.385891	0.460592	0.495943	0	-1.61448	-1.69825	-1.5818	-1.75599	-1.69292	-1.61851
chr2:194500000-195000000	chr2	0.391416	0.567411	0.386511	0	-1.56988	-1.71536	-1.70651	-1.78841	-1.71929	-1.59418
chr2:195000000-195500000	chr2	0.0394073	0.436892	0.167726	0	-1.37967	-1.42779	-1.36364	-1.37804	-1.59393	-1.43731
chr2:195500000-196000000	chr2	-0.0806211	-0.0278615	-0.0537754	1	-1.16767	-1.1674	-1.09395	-1.13767	-1.00547	-1.03917
chr2:196000000-196500000	chr2	0.0103005	-0.457295	-0.189723	2	-0.914661	-1.12195	-0.872121	-1.02579	-0.88733	-1.01117
chr2:196500000-197000000	chr2	-0.372703	0.0696274	-0.359408	5	-0.673413	-0.598998	-0.822316	-0.804784	-0.8735	-0.798225
chr2:197000000-197500000	chr2	-0.229593	0.16592	-0.299733	4	-0.236795	-0.376685	0.0139159	-0.377732	-0.276111	-0.360075
chr2:197500000-198000000	chr2	0.0263018	0.140594	0.121146	6	-0.484768	-0.493816	-0.511181	-0.48941	-0.65379	-0.228797
chr2:198000000-198500000	chr2	0.624096	0.676905	0.215048	0	-1.08503	-1.06794	-1.20978	-1.19374	-1.16879	-1.06904
chr2:198500000-199000000	chr2	0.285762	0.666684	0.373423	0	-1.68914	-1.78118	-1.79337	-1.82191	-1.68495	-1.57827
chr2:199000000-199500000	chr2	-0.0118448	0.628516	-0.251989	1	-1.58467	-1.60725	-1.44518	-1.62726	-1.49804	-1.47766
chr2:199500000-200000000	chr2	-0.0247087	0.68951	-0.164336	4	-1.27844	-1.25929	-1.20186	-1.22774	-1.09784	-1.15109
chr2:200000000-200500000	chr2	-0.292968	-0.214042	-0.0965715	1	-0.804178	-1.07846	-1.10756	-1.03381	-0.789237	-0.899004
chr2:200500000-201000000	chr2	-0.0235117	-0.802241	-0.201832	8	-0.0449734	-0.0575115	-0.0799754	-0.0742828	0.134894	0.15345
chr2:201000000-201500000	chr2	0.178352	-0.860379	-0.0281104	8	0.176952	0.293285	0.551786	0.336009	0.68017	0.674917
chr2:201500000-202000000	chr2	0.0746736	-0.972016	-0.17276	5	0.838858	0.788275	0.722662	0.766686	0.764499	0.716224
chr2:202000000-202500000	chr2	-0.0392448	-0.945209	-0.123855	5	1.23473	1.04099	1.20791	1.08225	1.21405	1.25317
chr2:202500000-203000000	chr2	-0.208675	-0.868369	0.142677	4	1.06828	1.13453	0.873748	1.12961	0.914674	0.914604
chr2:203000000-203500000	chr2	0.121342	-1.12001	-0.068691	3	1.03471	1.09945	1.07619	0.895693	1.01677	1.11803
chr2:203500000-204000000	chr2	-0.00127395	-0.739585	-0.233058	4	1.13877	1.18693	0.776757	1.18554	0.773382	1.03653
chr2:204000000-204500000	chr2	-0.0812426	-0.238454	-0.635751	0	0.695819	0.752578	0.584866	0.826696	0.426834	0.430099
chr2:204500000-205000000	chr2	-0.310635	-0.491752	-0.341856	1	0.573459	0.425976	0.35373	0.531634	0.375602	0.269809
chr2:205000000-205500000	chr2	-0.252041	-0.333563	-0.4572	0	0.68463	0.581985	0.29794	0.622948	0.0347574	0.575152
chr2:205500000-206000000	chr2	-0.333906	-0.213047	-0.513162	1	0.846193	0.836154	1.00973	0.772168	0.832597	0.662264
chr2:206000000-206500000	chr2	-0.156516	-0.737689	-0.285814	6	0.759053	1.05345	0.95769	0.791978	0.868814	0.968858
chr2:206500000-207000000	chr2	-0.103561	-0.602648	-0.594626	5	0.5088	0.531092	0.568223	0.633875	0.573554	0.755111
chr2:207000000-207500000	chr2	0.128529	-1.00248	-0.158414	1	0.632588	0.74255	0.830873	0.765815	0.747578	0.808983
chr2:207500000-208000000	chr2	-0.102724	-0.704568	-0.34465	4	0.63675	0.713106	0.905017	0.823517	0.673166	0.859668
chr2:208000000-208500000	chr2	-0.0367944	-0.150443	-0.112212	9	0.0690445	0.0763949	0.108702	0.044228	0.036058	0.133007
chr2:208500000-209000000	chr2	0.307583	0.864802	0.447028	0	-1.07191	-1.13288	-1.36609	-0.720395	-1.15883	-0.919823
chr2:209000000-209500000	chr2	0.0671818	0.438835	0.329032	1	-0.931197	-0.482127	-0.787541	-0.590657	-1.02899	-0.800581
chr2:209500000-210000000	chr2	0.42233	0.424649	0.366084	1	-0.915068	-0.359942	-0.701366	-0.531928	-0.819307	-0.894823
chr2:210000000-210500000	chr2	0.0399631	0.503732	0.139897	5	-0.501042	-0.239374	-0.268116	-0.104395	-0.66357	-0.476513
chr2:210500000-211000000	chr2	0.471144	0.450598	0.349995	1	-0.459979	0.11403	-0.357871	-0.0207516	-0.461614	-0.554818
chr2:211000000-211500000	chr2	0.426338	0.497541	0.365207	0	-0.78595	-0.321524	-0.531371	-0.0087202	-0.657293	-0.459828
chr2:211500000-212000000	chr2	0.649946	-0.0829255	0.431718	0	-0.538594	-0.628311	-0.504056	-0.23656	-0.762207	-0.522553
chr2:212000000-212500000	chr2	0.482544	-0.86599	0.445953	0	-0.44394	-0.451538	-0.221635	-0.17796	-0.372476	-0.456744
chr2:212500000-213000000	chr2	-0.198128	-0.0223469	-0.0897824	1	-0.587893	-0.266425	-0.239453	-0.0289189	-0.301188	-0.333535
chr2:213000000-213500000	chr2	-0.191734	-0.383638	-0.00208365	2	-0.226673	-0.0953941	-0.295484	-0.182964	-0.0623687	-0.0940749
chr2:213500000-214000000	chr2	0.00457944	-0.141736	0.146588	0	-0.523881	-0.368652	-0.541902	-0.166128	-0.189816	-0.242018
chr2:214000000-214500000	chr2	-0.0955174	-0.46357	-0.218541	1	-0.52562	-0.62338	-0.587051	-0.286227	-0.486108	-0.353495
chr2:214500000-215000000	chr2	-0.194991	-0.174512	-0.316776	1	-0.334474	-0.27927	-0.361784	0.023084	-0.34562	-0.114999
chr2:215000000-215500000	chr2	0.105545	-0.898566	-0.0299282	3	-0.139086	-0.0419343	-0.148149	0.106689	-0.101501	0.133967
chr2:215500000-216000000	chr2	0.0241787	-0.989246	-0.293146	0	0.343582	0.605723	0.29767	0.799405	0.34516	0.657135
chr2:216000000-216500000	chr2	-0.0369751	-0.790768	-0.189791	7	1.0212	1.23646	1.1132	1.02698	1.24822	1.17441
chr2:216500000-217000000	chr2	-0.18499	-0.529618	-0.240416	3	1.1763	0.896836	0.995068	1.32924	1.15159	1.18302
chr2:217000000-217500000	chr2	0.181154	-0.950665	-0.222577	0	1.18792	0.951676	1.03234	0.935624	1.16656	1.17382
chr2:217500000-218000000	chr2	-0.0242731	-0.643441	-0.211021	0	1.16619	1.24716	1.41872	0.973365	1.32962	1.28676
chr2:218000000-218500000	chr2	-0.167232	-0.690581	-0.197132	13	1.50852	1.4433	1.36331	1.2198	1.50738	1.48367
chr2:218500000-219000000	chr2	-0.149069	-0.843951	-0.0894135	15	1.46051	1.20878	1.28459	1.15306	1.42469	1.2551
chr2:219000000-219500000	chr2	-0.133406	-0.774059	0.037348	22	1.36941	1.21761	1.33131	1.23946	1.36496	1.40888
chr2:219500000-220000000	chr2	-0.105733	-0.22459	0.0612806	7	1.39203	0.979485	1.07618	1.15586	1.36707	1.32932
chr2:220000000-220500000	chr2	-0.200299	-0.0579619	-0.0192499	0	0.951816	1.03426	1.22724	0.771313	0.897016	0.961639
chr2:220500000-221000000	chr2	0.149395	-0.37899	0.060624	0	0.684072	0.751757	1.00659	0.927856	1.01778	1.01724
chr2:221000000-221500000	chr2	-0.00997781	-0.0769531	-0.0969943	0	0.919673	1.04476	0.946172	0.912219	1.00741	1.13328
chr2:221500000-222000000	chr2	0.075157	0.168319	0.19929	1	1.06946	0.887211	1.2027	0.925233	0.931829	1.05984
chr2:222000000-222500000	chr2	0.181226	0.408278	0.0916997	3	1.14301	0.945121	1.24087	1.01195	0.801603	1.25136
chr2:222500000-223000000	chr2	0.132891	-0.799594	-0.147539	3	0.960189	1.04465	0.886084	0.953653	1.09948	1.22467
chr2:223000000-223500000	chr2	-0.328098	-0.417263	-0.241491	1	0.280973	0.046039	0.422006	0.374576	0.613459	0.387756
chr2:223500000-224000000	chr2	0.0494321	-0.807086	-0.0390997	4	0.600689	0.733099	0.695904	0.65208	0.767365	0.600299
chr2:224000000-224500000	chr2	-0.0133449	-0.201746	-0.251133	2	-0.123658	0.137123	-0.0157341	0.460943	0.514285	0.310092
chr2:224500000-225000000	chr2	-0.285202	-0.181974	-0.301084	2	-0.256576	-0.36323	-0.234834	0.0415819	-0.22935	-0.501903
chr2:225000000-225500000	chr2	-0.241984	0.209535	0.0588911	2	-0.792164	-0.729688	-0.941584	-0.577953	-0.609964	-0.853183
chr2:225500000-226000000	chr2	-0.0881136	0.0191355	-0.134532	0	-0.418797	-0.908484	-0.533378	-0.436939	-0.698746	-0.737694
chr2:226000000-226500000	chr2	-0.100992	-0.675351	-0.0401431	0	-0.229198	-0.129	-0.0595065	-0.0308094	-0.0342032	-0.302573
chr2:226500000-227000000	chr2	-0.1242	-0.503957	-0.0773052	2	0.100319	0.0593651	-0.0328977	-0.0352187	0.137347	-0.086872
chr2:227000000-227500000	chr2	-0.307132	0.353728	-0.234058	6	-0.0117234	-0.307844	0.0790515	-0.334129	0.0466794	-0.18227
chr2:227500000-228000000	chr2	0.0880289	0.0907386	-0.0656722	10	-0.24921	-0.130382	-0.190154	-0.228818	-0.116464	-0.0289346
chr2:228000000-228500000	chr2	0.348527	0.711055	0.270053	1	-0.433145	-0.347082	-0.652325	-0.343787	-0.431818	-0.322352
chr2:228500000-229000000	chr2	0.0363432	0.399553	0.117591	0	-0.703087	-0.924831	-0.838094	-0.722399	-0.887336	-0.695341
chr2:229000000-229500000	chr2	0.0187205	0.742376	-0.00635379	1	-0.891074	-0.87677	-0.9198	-0.975037	-0.60468	-0.762891
chr2:229500000-230000000	chr2	-0.219347	-0.00557928	0.211288	3	-0.397236	-0.196437	-0.428007	-0.278556	0.00681974	-0.349977
chr2:230000000-230500000	chr2	-0.21414	-0.0527824	-0.152343	5	-0.899467	-1.03898	-0.902337	-0.877149	-0.576898	-0.848093
chr2:230500000-231000000	chr2	-0.136695	-0.445746	-0.0918063	4	0.102898	0.0146821	0.161072	0.290039	0.397881	0.246694
chr2:231000000-231500000	chr2	-0.0845935	-0.786656	-0.151159	6	1.05465	1.08726	0.989678	0.80319	1.18037	1.03352
chr2:231500000-232000000	chr2	0.0028437	-0.871621	0.119073	7	1.22922	1.17909	1.44218	1.48401	1.25716	1.37376
chr2:232000000-232500000	chr2	-0.295595	-0.419651	-0.036565	4	1.32336	1.33514	1.26368	1.05048	1.0679	1.20835
chr2:232500000-233000000	chr2	-0.106629	-0.79291	-0.184689	9	1.3958	1.2245	1.18573	1.3561	1.4179	1.44259
chr2:233000000-233500000	chr2	-0.285914	-0.380677	-0.221311	6	1.21338	0.920896	1.09322	0.991857	1.16485	1.24792
chr2:233500000-234000000	chr2	-0.103295	-0.583582	-0.318061	14	0.660594	0.892564	0.726861	0.59496	0.944207	0.768909
chr2:234000000-234500000	chr2	0.0451224	-0.749817	-0.436605	2	0.996665	0.810017	1.04176	0.857551	0.947391	1.12693
chr2:234500000-235000000	chr2	-0.189864	-0.605706	-0.0783475	1	0.981574	1.12237	1.00127	0.97024	1.12314	1.09217
chr2:235000000-235500000	chr2	-0.271437	-0.588835	0.0684754	1	0.744397	0.77075	1.02024	1.20259	1.06453	0.818768
chr2:235500000-236000000	chr2	-0.462374	-0.069253	-0.409705	0	1.1287	1.06555	1.10753	1.02258	0.976172	1.23399
chr2:236000000-236500000	chr2	-0.367842	-0.175068	-0.334091	2	1.09852	0.940445	1.0257	0.941654	1.05102	1.08818
chr2:236500000-237000000	chr2	-0.215974	-0.397625	-0.395268	2	1.05961	0.929244	1.11005	0.584029	1.00383	1.0633
chr2:237000000-237500000	chr2	-0.0971223	-0.789935	-0.427772	3	1.20328	0.963311	0.993283	1.18074	1.17206	1.08623
chr2:237500000-238000000	chr2	-0.141219	-0.734466	-0.057748	6	1.16381	0.97652	1.11587	0.762232	1.31411	1.2204
chr2:238000000-238500000	chr2	-0.497595	-0.109376	-0.19288	9	1.153	1.04147	0.908201	0.741938	1.2481	1.19956
chr2:238500000-239000000	chr2	-0.383201	0.3143	-0.0845695	1	0.62445	0.549375	0.378153	0.183086	1.21151	1.16081
chr2:239000000-239500000	chr2	-0.379269	0.573519	-0.133917	1	1.10742	1.09101	1.1425	0.862336	1.27211	1.15257
chr2:239500000-240000000	chr2	-0.223908	0.691159	0.0283685	0	1.06503	0.991893	0.924119	0.743415	1.18588	1.26417
chr2:240000000-240500000	chr2	-0.576339	0.159879	-0.0893964	6	1.25244	1.20606	1.27639	1.25468	1.39452	1.28654
chr2:240500000-241000000	chr2	-0.540899	0.0405234	0.0271774	12	1.34376	1.42834	1.39233	1.41467	1.31494	1.26735
chr2:241000000-241500000	chr2	-0.059494	-0.649946	-0.237845	7	1.34559	1.24271	1.28828	1.018	1.20001	1.29654
chr3:3000000-3500000	chr3	0.258157	0.934401	0.288391	3	-0.618962	-0.516092	-0.808332	-0.499762	-0.471218	-0.692283
chr3:3500000-4000000	chr3	0.0892175	1.21178	-0.025797	1	-1.13969	-0.895621	-0.741056	-1.17643	-0.889245	-0.913187
chr3:4000000-4500000	chr3	0.168184	1.01296	-0.0686822	3	-0.707997	-0.439401	-0.720363	-0.723432	-0.772261	-0.707395
chr3:4500000-5000000	chr3	-0.223933	0.248066	-0.285923	1	0.0793299	0.306669	0.245848	0.424624	0.186314	0.172915
chr3:5000000-5500000	chr3	-0.0994024	0.578653	-0.00289599	2	-0.29722	-0.240893	-0.281605	-0.423	-0.607086	-0.254761
chr3:5500000-6000000	chr3	0.277038	0.993048	0.166477	0	-1.23951	-1.25981	-1.19606	-1.28446	-1.32881	-1.16011
chr3:6000000-6500000	chr3	0.277795	0.759093	0.300993	0	-1.12673	-0.926979	-1.15989	-1.2378	-1.17628	-0.950372
chr3:6500000-7000000	chr3	0.477883	0.647702	0.255223	1	-1.33334	-1.04194	-1.05513	-0.989056	-1.21521	-1.03461
chr3:7000000-7500000	chr3	0.260586	0.6414	0.43889	0	-1.07364	-0.863867	-1.13109	-1.01551	-1.27392	-1.05853
chr3:7500000-8000000	chr3	0.106948	1.07014	0.102832	0	-1.32878	-1.18532	-1.11363	-1.08543	-1.29513	-0.996665
chr3:8000000-8500000	chr3	-0.169426	0.762752	-0.16331	0	-0.647861	-0.517302	-0.267861	-0.648482	-0.627536	-0.445346
chr3:8500000-9000000	chr3	-0.322164	-0.0851453	-0.319881	5	0.843192	0.872294	0.625934	0.81313	0.613113	0.450008
chr3:9000000-9500000	chr3	-0.336193	0.0216525	-0.266142	3	1.17539	1.169	1.25362	1.36525	1.15744	1.07073
chr3:9500000-10000000	chr3	-0.00823911	-0.375517	-0.0378219	17	1.38195	1.5296	1.56039	1.279	1.51242	1.71784
chr3:10000000-10500000	chr3	-0.171433	-0.157363	-0.266274	8	1.83278	1.57034	1.69661	1.55804	1.60025	1.67839
chr3:10500000-11000000	chr3	-0.418472	0.72713	-0.58702	3	1.55743	1.64578	1.202	1.65141	1.44709	1.36412
chr3:11000000-11500000	chr3	-0.241673	-0.1966	-0.42586	2	1.24051	0.925689	1.23498	1.08046	1.19696	1.21083
chr3:11500000-12000000	chr3	-0.155703	-0.036451	-0.206904	2	1.13967	1.30433	1.22289	1.03729	1.28782	1.09319
chr3:12000000-12500000	chr3	-0.16093	-0.374329	-0.280488	4	0.744748	0.807517	1.04722	0.80794	1.01787	0.843385
chr3:12500000-13000000	chr3	-0.275445	-0.355938	-0.262129	6	1.65337	1.51258	1.41295	1.69403	1.63237	1.66138
chr3:13000000-13500000	chr3	-0.53837	0.458727	-0.147538	3	1.66397	1.54252	1.70158	1.4347	1.57043	1.65427
chr3:13500000-14000000	chr3	-0.128508	0.515587	-0.0542004	2	1.16607	1.4878	1.51108	1.46741	1.33656	1.51347
chr3:14000000-14500000	chr3	-0.174567	-0.10554	0.136471	5	1.08439	1.39767	1.45217	1.48169	1.41786	1.55959
chr3:14500000-15000000	chr3	-0.178113	0.0205645	-0.120893	5	1.34468	1.57957	1.39585	1.64227	1.53134	1.50637
chr3:15000000-15500000	chr3	-0.305043	-0.294525	-0.264246	6	1.13313	1.34346	1.36395	1.30779	1.08099	1.33149
chr3:15500000-16000000	chr3	-0.0441713	-0.831921	-0.105544	4	0.330908	0.294359	0.266132	0.456351	0.662816	0.659372
chr3:16000000-16500000	chr3	-0.176801	-0.526922	-0.177646	3	0.156068	0.0792932	0.167385	0.133132	0.438389	0.560998
chr3:16500000-17000000	chr3	-0.263313	0.203461	-0.163564	3	-0.0628932	0.0829481	-0.0385735	-0.138292	0.0544545	-0.00347142
chr3:17000000-17500000	chr3	-0.123022	-0.0161773	-0.0669275	0	-0.63318	-0.334839	-0.69543	-0.529848	-0.299405	-0.289029
chr3:17500000-18000000	chr3	0.0619558	-0.0184444	0.189458	1	-0.831903	-0.658525	-0.919751	-0.744884	-0.508131	-0.340429
chr3:18000000-18500000	chr3	0.152345	0.297683	0.11418	1	-0.848958	-0.993965	-0.945175	-0.80125	-0.818136	-0.84381
chr3:18500000-19000000	chr3	0.3139	1.00498	0.319405	0	-1.50979	-1.45042	-1.32193	-1.50424	-1.33971	-1.28094
chr3:19000000-19500000	chr3	0.38089	1.12462	0.499978	1	-1.44734	-1.31045	-1.49215	-1.40989	-1.42144	-1.33491
chr3:19500000-20000000	chr3	0.325507	0.889848	0.249457	2	-1.39786	-1.34488	-1.36893	-1.41449	-1.42775	-1.40507
chr3:20000000-20500000	chr3	0.172305	0.607806	-0.119049	3	-1.08646	-0.996176	-1.15554	-1.02635	-1.19989	-1.04422
chr3:20500000-21000000	chr3	0.381032	0.349286	-0.0216439	0	-1.19336	-1.15001	-1.36348	-1.38461	-1.25765	-1.20413
chr3:21000000-21500000	chr3	0.420793	0.452164	0.180686	0	-1.28215	-1.29856	-1.34592	-1.30769	-1.29693	-1.0991
chr3:21500000-22000000	chr3	0.204682	0.358481	0.463518	1	-1.23066	-1.01909	-1.13543	-1.15012	-1.11546	-0.9879
chr3:22000000-22500000	chr3	0.0598902	0.28411	0.178509	0	-1.56434	-1.28366	-1.38376	-1.46714	-1.41662	-1.32396
chr3:22500000-23000000	chr3	0.107657	0.331873	-0.178835	0	-1.10096	-0.955941	-0.974776	-1.05105	-1.1383	-1.12179
chr3:23000000-23500000	chr3	-0.203787	-0.505386	-0.228776	1	-0.107368	-0.150658	-0.16425	-0.377528	-0.016274	-0.188436
chr3:23500000-24000000	chr3	0.125162	-0.675859	-0.164249	4	0.340427	0.219334	0.24382	0.146094	0.0363304	0.0871157
chr3:24000000-24500000	chr3	-0.090467	-0.153067	-0.290929	1	-0.212213	-0.376729	-0.48278	-0.17886	-0.568976	-0.499709
chr3:24500000-25000000	chr3	0.224696	-0.0806313	0.00278786	0	0.0823086	0.0770907	-0.190897	0.0874017	-0.441791	-0.277012
chr3:25000000-25500000	chr3	0.164967	0.1646	-0.220516	1	0.481253	0.568206	0.416666	0.158372	0.0659273	0.102984
chr3:25500000-26000000	chr3	-0.105875	0.310802	0.188744	3	-0.654249	-0.311035	-0.455969	-0.594812	-0.388636	-0.684404
chr3:26000000-26500000	chr3	0.287959	1.03247	0.212508	0	-1.11348	-0.992161	-1.13419	-1.17467	-1.07008	-1.09841
chr3:26500000-27000000	chr3	0.439675	1.16258	0.262047	1	-1.08167	-1.20353	-1.15731	-1.25838	-1.2344	-1.26818
chr3:27000000-27500000	chr3	-0.143727	0.498465	-0.153555	2	-1.20397	-1.19867	-1.19624	-1.39729	-1.19392	-1.21139
chr3:27500000-28000000	chr3	0.0109331	0.54267	0.0508208	1	-1.20708	-1.18323	-0.933108	-1.19205	-1.14947	-1.0959
chr3:28000000-28500000	chr3	0.389943	0.560442	0.127707	3	-1.21687	-1.27455	-1.2059	-1.3473	-1.22869	-1.04808
chr3:28500000-29000000	chr3	0.021283	0.195479	-0.207638	0	-1.08419	-1.16375	-1.04935	-1.25652	-1.00583	-1.00906
chr3:29000000-29500000	chr3	0.1585	-1.12314	-0.175641	1	-0.582596	-0.59823	-0.413858	-0.473976	-0.389378	-0.638161
chr3:29500000-30000000	chr3	-0.028985	-1.06497	-0.136779	0	-0.551499	-0.666557	-0.585907	-0.695994	-0.614952	-0.608782
chr3:30000000-30500000	chr3	-0.0819115	-1.02155	-0.357059	0	-0.27529	-0.191475	-0.272815	-0.244992	-0.332911	-0.109211
chr3:30500000-31000000	chr3	-0.113213	-0.753974	-0.180099	2	0.452835	0.0893778	0.036907	0.122909	0.0156372	0.171716
chr3:31000000-31500000	chr3	-0.285723	-0.59618	-0.347225	0	0.372372	0.574895	0.581057	0.619128	0.474844	0.505094
chr3:31500000-32000000	chr3	-0.0692027	-0.739511	-0.226238	3	0.779038	0.903083	0.833472	0.8337	0.831127	0.73852
chr3:32000000-32500000	chr3	0.022497	-0.815875	-0.0751497	3	1.28891	1.35625	1.17268	1.13038	1.16961	1.24775
chr3:32500000-33000000	chr3	0.0228389	-0.961747	-0.255833	5	1.37715	1.43256	1.28977	1.28497	1.39713	1.35916
chr3:33000000-33500000	chr3	0.152615	-1.03581	0.0189584	6	1.2409	1.38464	1.3259	1.21145	1.31057	1.28912
chr3:33500000-34000000	chr3	0.067872	-0.879614	0.122198	2	0.763522	0.813409	0.864728	0.858294	1.03299	1.15719
chr3:34000000-34500000	chr3	0.242935	0.397023	0.161939	0	-0.028647	0.368278	0.192892	0.500807	0.432139	0.519887
chr3:34500000-35000000	chr3	0.133909	0.27952	0.396619	0	0.420076	0.384973	0.0430509	0.507018	0.305661	0.573345
chr3:35000000-35500000	chr3	0.161934	-0.0576194	0.237272	0	0.274386	0.185195	-0.0753458	0.150578	0.226793	0.455479
chr3:35500000-36000000	chr3	0.222835	0.104289	-0.0824918	1	0.270707	0.436981	-0.000637203	0.607379	0.215307	0.558055
chr3:36000000-36500000	chr3	0.111247	-0.0671175	-0.270134	1	0.190893	0.219397	0.0580601	0.472155	0.348589	0.391541
chr3:36500000-37000000	chr3	-0.113721	-0.0536746	-0.340347	4	0.865899	0.69038	0.909564	1.13033	0.93882	1.04787
chr3:37000000-37500000	chr3	0.191311	-0.864698	-0.0762002	3	1.27303	1.14904	1.28029	1.03078	1.34073	1.57347
chr3:37500000-38000000	chr3	-0.257313	0.35085	-0.162706	2	1.42314	1.19527	1.43839	1.1358	1.32295	1.44211
chr3:38000000-38500000	chr3	-0.265321	0.134729	-0.168517	10	1.09148	1.21377	0.951055	1.02639	1.18609	1.32236
chr3:38500000-39000000	chr3	-0.267594	0.723666	-0.0878529	2	0.564372	0.0986341	0.568437	0.471584	0.78472	0.915495
chr3:39000000-39500000	chr3	0.144051	0.331605	-0.281453	11	0.472058	0.550378	0.466476	0.663024	0.68642	0.53007
chr3:39500000-40000000	chr3	0.112994	1.01289	0.331008	1	-0.803371	-0.700586	-0.631621	-0.540153	-0.432352	-0.556892
chr3:40000000-40500000	chr3	-0.00189757	0.924894	0.086849	4	-0.0564401	-0.0332145	-0.272739	-0.381927	-0.0713862	-0.0859334
chr3:40500000-41000000	chr3	0.0827586	0.5719	-0.483777	2	-0.111671	0.295105	-0.0250779	0.427011	0.62942	0.563116
chr3:41000000-41500000	chr3	0.0543926	0.34149	-0.122308	1	-0.0736364	-0.00323463	0.0973566	0.526307	0.593702	0.541456
chr3:41500000-42000000	chr3	-0.213522	0.329065	-0.202359	1	-0.106427	-0.136368	-0.201277	0.314076	0.227525	0.185471
chr3:42000000-42500000	chr3	0.0148719	0.167636	-0.159915	3	0.831615	0.836732	0.83315	0.996738	1.03549	1.00695
chr3:42500000-43000000	chr3	-0.095425	-0.00463834	-0.294241	14	1.2992	1.29989	1.31105	1.3333	1.29134	1.47674
chr3:43000000-43500000	chr3	-0.00197621	-0.12877	0.011903	2	0.869921	1.21861	0.743415	1.09041	1.23264	1.23272
chr3:43500000-44000000	chr3	-0.212278	-0.279363	-0.112857	2	1.20452	0.860903	1.11909	1.10898	1.15849	1.32274
chr3:44000000-44500000	chr3	-0.078431	-0.370052	-0.326292	3	1.08618	1.06558	1.14556	1.22345	1.20146	1.44066
chr3:44500000-45000000	chr3	-0.160462	-0.344563	-0.174794	13	1.37454	1.29221	1.30962	1.27198	1.37773	1.4642
chr3:45000000-45500000	chr3	-0.101818	-0.533062	-0.341916	4	1.47572	1.07869	1.59191	1.27439	1.2925	1.46815
chr3:45500000-46000000	chr3	-0.0697847	-0.749442	-0.0720769	7	1.35916	1.49521	1.65574	1.3233	1.32711	1.34413
chr3:46000000-46500000	chr3	0.0184922	-0.686622	-0.12297	9	1.42386	0.904596	1.33937	1.17456	1.19282	1.46514
chr3:46500000-47000000	chr3	0.0856332	-0.739801	-0.20835	10	1.28261	1.23803	1.61933	1.40602	1.24403	1.49404
chr3:47000000-47500000	chr3	-0.0437048	-0.980874	-0.235017	5	1.38079	1.20568	1.40297	1.3615	1.47142	1.28569
chr3:47500000-48000000	chr3	0.167838	-1.26252	0.000582634	4	1.36854	1.02626	1.51457	1.18438	1.34167	1.34996
chr3:48000000-48500000	chr3	-0.0547181	-1.15247	-0.0876152	12	1.31403	1.10263	1.48357	1.34102	1.17016	1.51768
chr3:48500000-49000000	chr3	-0.0809671	-0.889633	-0.129504	14	1.4083	1.26729	1.53002	1.2378	1.29617	1.38867
chr3:49000000-49500000	chr3	0.252737	-1.16641	-0.0312391	20	1.34702	1.28548	1.65294	1.22374	1.40831	1.69461
chr3:49500000-50000000	chr3	0.0391147	-0.722988	0.0284578	15	1.52716	1.29649	1.41407	1.4177	1.26379	1.49445
chr3:50000000-50500000	chr3	-0.135145	-0.396456	0.113156	18	1.42827	1.47133	1.27494	1.56805	1.34309	1.41619
chr3:50500000-51000000	chr3	0.102381	0.464308	0.0878093	6	0.263872	0.146362	0.408526	0.633583	0.561611	0.673338
chr3:51000000-51500000	chr3	0.0846888	0.619267	-0.140992	2	0.144098	0.126792	-0.0272596	0.384878	0.437876	0.280457
chr3:51500000-52000000	chr3	-0.158814	0.0253219	-0.016952	17	0.94971	1.0556	0.970877	1.11941	1.39173	1.39217
chr3:52000000-52500000	chr3	-0.11419	-0.452622	-0.019261	15	1.56235	1.49739	1.5537	1.29306	1.3284	1.45578
chr3:52500000-53000000	chr3	0.0734896	-0.605229	-0.0817618	12	1.48433	1.42598	1.6727	1.5712	1.46911	1.50137
chr3:53000000-53500000	chr3	0.0725852	-0.0120702	-0.139152	6	1.63047	1.23505	1.60148	1.43175	1.57252	1.65902
chr3:53500000-54000000	chr3	-0.101852	0.782178	-0.190649	4	1.53912	1.34564	1.40866	1.26343	1.33033	1.57756
chr3:54000000-54500000	chr3	0.0967367	1.01122	0.0274274	1	1.17237	0.812499	1.29613	1.10917	1.25463	1.19172
chr3:54500000-55000000	chr3	0.00682664	0.510785	-0.164678	1	1.26653	1.146	1.17435	1.43858	1.13117	1.14932
chr3:55000000-55500000	chr3	-0.287104	-0.246247	-0.232868	1	1.2481	1.17028	1.04812	1.19476	1.20437	1.19022
chr3:55500000-56000000	chr3	-0.19131	-0.0441137	-0.251397	0	1.15545	0.82543	1.29311	1.21727	1.20964	1.12468
chr3:56000000-56500000	chr3	-0.0944902	0.296791	-0.259957	1	1.2324	1.15735	0.776182	1.21031	1.01808	0.962106
chr3:56500000-57000000	chr3	-0.20678	-0.517175	-0.260691	3	1.31821	1.34035	1.57977	1.13661	1.35688	1.49576
chr3:57000000-57500000	chr3	0.0886517	-0.973446	-0.178428	5	1.38512	1.22287	1.52776	1.37781	1.38849	1.46331
chr3:57500000-58000000	chr3	-0.0555684	-1.20656	-0.0115012	5	1.61469	1.3086	1.30789	1.23665	1.39288	1.66814
chr3:58000000-58500000	chr3	0.0284348	-0.906938	-0.127236	8	1.5748	1.14816	1.57552	1.57827	1.60806	1.50695
chr3:58500000-59000000	chr3	-0.0534454	0.0983304	-0.30749	3	0.963005	1.18989	1.22731	1.21106	1.16413	0.825969
chr3:59000000-59500000	chr3	-0.203825	-0.107507	-0.127076	1	0.946942	1.04449	1.14337	1.04662	0.907104	0.7212
chr3:59500000-60000000	chr3	0.20928	0.023646	-0.0788249	0	0.853521	0.907998	0.907591	0.835085	0.696347	0.452511
chr3:60000000-60500000	chr3	0.121619	0.279136	-0.000296247	0	0.549765	0.466219	0.786719	0.949927	0.41808	0.32813
chr3:60500000-61000000	chr3	-0.0607864	0.376043	-0.0271024	0	0.465089	0.361619	0.784889	0.504163	0.1952	-0.00638506
chr3:61000000-61500000	chr3	0.133525	0.614623	0.137695	1	0.822687	0.852738	0.59876	0.603555	0.447997	0.171158
chr3:61500000-62000000	chr3	-0.11835	-0.0292025	-0.0754074	1	0.940284	0.820714	0.952405	1.03593	0.837075	0.804494
chr3:62000000-62500000	chr3	0.0642245	0.362605	-0.273748	2	1.00379	1.00094	1.21529	0.83005	0.773925	0.639172
chr3:62500000-63000000	chr3	0.0357829	0.717022	-0.0467174	1	0.741465	0.88524	0.440295	0.621904	0.609291	0.374761
chr3:63000000-63500000	chr3	0.194952	0.55479	0.0720882	1	1.09165	0.957437	0.907115	0.843843	0.982702	0.558713
chr3:63500000-64000000	chr3	0.208654	-0.16688	-0.147081	5	0.928434	0.938211	0.894794	1.0518	0.796895	0.865064
chr3:64000000-64500000	chr3	0.0993689	-0.898658	-0.266117	2	1.26235	0.940512	1.17456	1.12394	1.22432	1.17865
chr3:64500000-65000000	chr3	0.0389074	-0.476693	-0.351829	1	0.939887	0.856669	0.920124	1.01095	0.832252	0.646605
chr3:65000000-65500000	chr3	-0.112977	-0.458336	-0.258508	0	0.951342	1.07481	0.863923	0.845499	0.49208	0.745174
chr3:65500000-66000000	chr3	-0.120111	-0.68957	-0.280385	0	1.14913	1.1166	1.09988	0.790752	0.794104	0.724189
chr3:66000000-66500000	chr3	-0.0323767	-0.659451	-0.162877	2	0.923317	1.06951	0.617733	0.476734	0.691498	0.825836
chr3:66500000-67000000	chr3	0.0227466	-0.347277	-0.176588	2	0.854197	0.733319	0.314978	0.566223	0.283479	0.422583
chr3:67000000-67500000	chr3	0.156876	0.265068	-0.0711945	0	-0.0732339	-0.16872	-0.360764	-0.315459	-0.551191	-0.214082
chr3:67500000-68000000	chr3	-0.0741774	0.111076	-0.106199	1	-0.488612	-0.519283	-0.57257	-0.59467	-0.482626	-0.472073
chr3:68000000-68500000	chr3	0.143124	0.738342	0.309878	1	-0.60715	-0.377382	-0.712893	-0.671765	-0.85982	-0.776951
chr3:68500000-69000000	chr3	0.0987256	0.556567	-0.186604	1	-0.0147622	-0.0171533	0.0661276	-0.00512063	-0.407271	-0.292863
chr3:69000000-69500000	chr3	0.0747268	-0.529109	-0.209588	6	1.31331	0.948491	1.06758	1.05286	1.00165	1.02883
chr3:69500000-70000000	chr3	-0.0329544	-0.282339	-0.148602	2	0.719323	0.922103	0.761508	0.676802	0.776262	0.637183
chr3:70000000-70500000	chr3	0.442466	-0.0142951	0.070911	1	-0.0319592	-0.0994693	-0.00789541	-0.153522	0.0680589	-0.33452
chr3:70500000-71000000	chr3	0.0499377	-0.630565	0.0307674	0	-0.00397895	-0.0654654	-0.0473678	0.0987477	-0.0973305	-0.335508
chr3:71000000-71500000	chr3	-0.0209555	-0.957847	-0.245934	0	0.656347	0.688937	0.406096	0.57301	0.802268	0.444079
chr3:71500000-72000000	chr3	-0.0898422	-0.248768	-0.368247	4	1.14685	1.23246	0.886505	1.12188	1.03279	0.695223
chr3:72000000-72500000	chr3	-0.217156	0.201373	-0.492153	1	1.09156	1.10705	1.05148	1.17059	1.10404	1.07615
chr3:72500000-73000000	chr3	-0.0444909	-0.266395	-0.233698	3	1.18356	0.878211	1.13061	1.11402	0.93298	1.06726
chr3:73000000-73500000	chr3	0.14758	0.465346	-0.0373257	1	-0.0765841	-0.15585	-0.13262	-0.257554	0.0193571	-0.384484
chr3:73500000-74000000	chr3	0.219545	0.326769	-0.0754514	1	-0.550454	-0.629407	-0.63733	-1.04192	-0.654465	-0.695536
chr3:74000000-74500000	chr3	0.461255	0.825813	0.377739	0	-1.31031	-1.15073	-1.30084	-1.31677	-1.33781	-1.27622
chr3:74500000-75000000	chr3	0.441884	0.725275	0.503041	1	-1.27373	-1.21693	-1.15247	-1.43395	-1.24762	-1.30114
chr3:75000000-75500000	chr3	-0.138744	1.22673	0.064858	0	-0.911272	-0.67514	-1.0005	-0.899565	-0.901868	-0.805452
chr3:75500000-76000000	chr3	0.0138544	1.06504	0.0520386	2	-1.01188	-0.854819	-0.947308	-0.944385	-1.02213	-0.903148
chr3:76000000-76500000	chr3	-0.00711245	0.0406528	-0.173417	0	-1.0408	-0.938438	-0.959826	-0.959333	-0.873066	-0.921334
chr3:76500000-77000000	chr3	0.0430232	0.330087	0.260222	0	-0.57472	-0.6015	-0.629341	-0.684516	-0.517724	-0.515909
chr3:77000000-77500000	chr3	-0.111576	0.37581	0.0440068	1	-0.21441	0.0091432	-0.0877352	-0.102907	-0.316879	-0.434494
chr3:77500000-78000000	chr3	0.0156232	0.490482	0.252779	0	-0.229447	0.0580059	-0.137745	-0.00567519	-0.682945	-0.386748
chr3:78000000-78500000	chr3	0.0980814	0.0339395	0.0747424	0	-0.343904	-0.03984	-0.303652	-0.505601	-0.406131	-0.342843
chr3:78500000-79000000	chr3	-0.0529781	-0.600206	-0.00786843	0	-0.21413	-0.229988	-0.244235	-0.394925	-0.562561	-0.37831
chr3:79000000-79500000	chr3	0.146985	-0.78177	-0.125756	0	-0.122054	0.0585985	-0.147326	-0.30524	-0.484849	-0.619969
chr3:79500000-80000000	chr3	0.169145	0.122338	0.217665	1	-1.18036	-0.905937	-1.11515	-1.11373	-1.25169	-1.21532
chr3:80000000-80500000	chr3	-0.118019	0.254671	0.339564	0	-1.25251	-1.04242	-1.2343	-1.36637	-1.21555	-1.1752
chr3:80500000-81000000	chr3	0.302761	0.522171	0.282066	0	-1.04621	-1.0052	-0.947214	-1.01649	-1.15415	-1.04489
chr3:81000000-81500000	chr3	0.0629137	0.203806	0.32239	0	-0.652557	-0.655887	-0.71644	-0.840883	-0.976571	-0.845652
chr3:81500000-82000000	chr3	-0.0863171	-0.639027	-0.0443901	1	0.0265456	0.114474	0.175925	0.0860477	-0.0126818	-0.0708493
chr3:82000000-82500000	chr3	0.221084	0.251532	0.295485	0	-0.251157	-0.256836	-0.270455	-0.558738	-0.504639	-0.528674
chr3:82500000-83000000	chr3	0.363891	0.287585	0.707278	0	-0.843961	-0.497321	-0.658038	-0.921206	-1.03121	-0.873533
chr3:83000000-83500000	chr3	0.244782	0.05132	0.476229	0	-0.799891	-0.455987	-0.580605	-0.912461	-0.876679	-0.732162
chr3:83500000-84000000	chr3	0.314365	0.301721	0.68304	0	-0.675382	-0.556285	-0.69936	-0.799292	-0.868759	-0.803638
chr3:84000000-84500000	chr3	0.1891	0.456956	0.622725	0	-0.998102	-0.843304	-0.840522	-0.862127	-1.1687	-0.983788
chr3:84500000-85000000	chr3	0.412212	0.557751	0.389845	1	-0.797318	-0.616811	-0.939116	-0.952899	-0.931881	-0.990336
chr3:85000000-85500000	chr3	0.421815	0.38252	0.341578	0	-0.793418	-0.551918	-0.689942	-0.862548	-0.86239	-0.822225
chr3:85500000-86000000	chr3	0.302676	0.371716	0.38499	0	-0.796417	-0.676065	-0.771603	-0.836142	-0.972761	-0.850133
chr3:86000000-86500000	chr3	0.239569	0.62894	0.229754	0	-0.76405	-0.789269	-0.894886	-0.945773	-0.981057	-0.895355
chr3:86500000-87000000	chr3	0.062602	0.295581	-0.00534773	1	-0.994368	-0.797045	-0.870506	-1.1676	-0.923507	-0.90807
chr3:87000000-87500000	chr3	-0.15249	0.193254	-0.155493	2	-0.875947	-0.733819	-0.569689	-0.932281	-0.907262	-0.772078
chr3:87500000-88000000	chr3	0.345333	0.457397	0.40009	1	-0.963911	-0.834156	-0.918317	-0.998889	-0.965692	-0.937537
chr3:88000000-88500000	chr3	0.0984889	0.0438946	0.167475	5	-0.31667	-0.283693	-0.408443	-0.588281	-0.52832	-0.245987
chr3:88500000-89000000	chr3	0.176696	-0.0954172	0.369559	0	-0.546815	-0.382878	-0.593647	-0.748412	-0.814943	-0.607724
chr3:89000000-89500000	chr3	0.32198	-0.124442	0.326509	1	-0.244633	-0.0160134	0.000986722	-0.398988	-0.10989	-0.127592
chr3:89500000-90000000	chr3	0.234941	0.582118	0.241944	0	-0.392097	-0.136569	-0.445946	-0.502418	-0.229873	-0.226868
chr3:90000000-90500000	chr3	0.164077	0.933995	0.0556645	0	-0.840106	-0.624632	-0.730846	-0.979852	-0.564142	-0.529936
chr3:93500000-94000000	chr3	0.300945	0.646087	0.500024	2	-0.648656	-0.905284	-0.900798	-0.890167	-0.799851	-0.495461
chr3:94000000-94500000	chr3	0.0578203	0.118402	-0.123921	3	-0.522228	-0.862801	-0.72887	-0.637793	-0.726602	-0.692081
chr3:94500000-95000000	chr3	0.186422	0.391487	0.195068	0	-0.743957	-0.762443	-0.797898	-0.775687	-0.959454	-0.786153
chr3:95000000-95500000	chr3	0.341971	-0.244499	0.252827	0	-0.653934	-0.655245	-0.52358	-0.477244	-0.859534	-0.833582
chr3:95500000-96000000	chr3	0.272634	0.323258	0.43827	0	-0.989318	-1.03368	-0.967811	-1.1398	-1.20283	-1.00588
chr3:96000000-96500000	chr3	0.504601	0.225814	0.295534	0	-1.04963	-1.2638	-1.09534	-1.03816	-1.2288	-1.07857
chr3:96500000-97000000	chr3	0.242606	0.634619	0.380372	1	-0.904861	-0.983346	-1.00587	-1.0265	-1.12604	-0.982976
chr3:97000000-97500000	chr3	0.159996	0.82276	0.658616	0	-1.23234	-1.27345	-1.2758	-1.30407	-1.15489	-1.13365
chr3:97500000-98000000	chr3	0.0491674	0.547196	0.204952	3	-0.557219	-0.64252	-0.582087	-0.508481	-0.693935	-0.65257
chr3:98000000-98500000	chr3	-0.0442377	0.850327	0.337731	11	-0.898264	-0.954188	-0.907866	-0.812798	-0.992964	-0.733054
chr3:98500000-99000000	chr3	0.0167516	-0.87509	-0.059568	5	-0.12746	-0.163993	-0.0756995	-0.0694486	-0.0465195	0.105763
chr3:99000000-99500000	chr3	-0.245229	-0.591279	-0.461736	0	-1.01317	-0.897397	-0.905776	-0.898279	-0.937489	-0.905502
chr3:99500000-100000000	chr3	0.0107659	-0.933651	0.0134036	2	-0.532519	-0.638886	-0.370869	-0.470152	-0.440259	-0.271498
chr3:100000000-100500000	chr3	0.00837356	-0.691716	-0.263162	6	0.0297695	0.124052	-0.151176	0.116406	0.0342043	0.148287
chr3:100500000-101000000	chr3	0.0961121	-0.664633	-0.0522385	3	-1.00903	-0.795952	-0.988277	-0.918525	-0.948449	-0.670856
chr3:101000000-101500000	chr3	-0.168877	-0.344119	-0.302454	1	-0.911019	-0.938529	-0.804279	-0.949785	-0.975458	-0.882403
chr3:101500000-102000000	chr3	0.188538	-0.713759	-0.32288	8	-0.0349848	-0.198044	-0.261151	-0.261409	-0.187225	-0.117213
chr3:102000000-102500000	chr3	-0.287387	-0.059461	-0.0744257	1	-0.877362	-1.02335	-1.00081	-0.967515	-0.864636	-0.96873
chr3:102500000-103000000	chr3	-0.0305678	0.735167	0.0898243	0	-1.12594	-1.24659	-1.13581	-1.11073	-1.21798	-1.15612
chr3:103000000-103500000	chr3	0.2487	0.421875	0.227233	0	-1.25529	-1.32616	-1.25249	-1.36672	-1.29012	-1.24413
chr3:103500000-104000000	chr3	0.12368	0.379512	0.300231	0	-0.839457	-1.15431	-1.08884	-1.13493	-1.3127	-1.17596
chr3:104000000-104500000	chr3	0.130467	-0.220093	0.124465	0	-0.736023	-0.665631	-0.816416	-0.761796	-0.889975	-0.858045
chr3:104500000-105000000	chr3	0.000792383	-0.423623	0.000499209	0	-1.06839	-1.19699	-1.20291	-0.830368	-1.18877	-1.12273
chr3:105000000-105500000	chr3	0.0624867	-0.63956	0.123488	1	-1.01137	-1.16243	-0.829428	-1.14886	-1.03561	-1.07735
chr3:105500000-106000000	chr3	-0.0471904	-0.882489	-0.141226	1	-0.543885	-0.775995	-0.502681	-0.483004	-0.639686	-0.620237
chr3:106000000-106500000	chr3	0.0634532	-0.795953	-0.0888404	0	-0.842998	-0.885652	-0.782739	-0.607384	-0.878305	-0.772681
chr3:106500000-107000000	chr3	-0.265103	-0.508538	-0.385946	0	-1.17694	-1.06622	-0.9906	-1.05514	-1.00601	-1.0505
chr3:107000000-107500000	chr3	-0.0524823	-0.44405	-0.163769	1	-0.631202	-0.664221	-0.672901	-0.474989	-0.524345	-0.502504
chr3:107500000-108000000	chr3	-0.142577	-0.51905	-0.232489	1	0.205411	-0.10107	0.208483	0.233288	0.0345389	-0.0415677
chr3:108000000-108500000	chr3	-0.256764	0.00482662	-0.454601	3	0.0361727	-0.0572018	-0.188143	-0.23799	0.00702586	-0.17318
chr3:108500000-109000000	chr3	-0.0337737	0.574682	0.0140159	6	-1.35859	-1.17569	-1.36237	-1.26007	-1.14506	-1.27019
chr3:109000000-109500000	chr3	-0.116453	0.834261	0.023576	4	-1.16211	-1.39233	-0.996782	-1.13385	-1.12123	-1.1771
chr3:109500000-110000000	chr3	-0.25346	0.198057	-0.113442	0	-1.15154	-1.34845	-1.33496	-1.27273	-1.18946	-1.16931
chr3:110000000-110500000	chr3	-0.0304546	-0.496167	-0.135031	0	-0.955191	-1.34412	-1.18517	-1.03645	-1.15129	-1.04395
chr3:110500000-111000000	chr3	-0.00835414	-0.387934	-0.144453	0	-1.23586	-1.02881	-0.987227	-0.958327	-1.11576	-1.09868
chr3:111000000-111500000	chr3	-0.238005	-0.173466	-0.217567	1	-1.06832	-1.12265	-1.18137	-1.13378	-1.14602	-1.17855
chr3:111500000-112000000	chr3	0.143371	-1.00194	-0.16295	6	-0.371547	-0.321419	-0.257692	-0.0641129	-0.196796	-0.336275
chr3:112000000-112500000	chr3	-0.156242	-0.17932	-0.211983	6	-0.412325	-0.274349	-0.240835	-0.25501	-0.320419	-0.193964
chr3:112500000-113000000	chr3	0.0436369	-0.450503	-0.26132	6	-0.138515	-0.0121669	-0.309795	-0.0622573	0.150346	0.15204
chr3:113000000-113500000	chr3	-0.354902	0.437839	-0.688265	3	0.0442746	0.140804	-0.110084	0.616654	0.166347	0.0918277
chr3:113500000-114000000	chr3	-0.447593	0.294271	-0.421068	7	-0.141044	0.0953106	0.108547	0.276745	-0.171441	-0.151391
chr3:114000000-114500000	chr3	-0.563678	0.59108	-0.424257	5	-0.168863	-0.180278	0.0894223	-0.0507329	-0.21712	-0.539867
chr3:114500000-115000000	chr3	-0.272482	-0.115841	-0.245404	0	-0.474074	-1.03901	-0.452944	-0.391955	-1.01899	-0.953772
chr3:115000000-115500000	chr3	-0.0985356	-0.440459	-0.233067	1	0.000315552	-0.204485	0.0533348	0.344281	-0.232868	-0.16969
chr3:115500000-116000000	chr3	0.121697	-0.139485	-0.4425	1	0.166772	-0.0149469	-0.00457456	0.305341	-0.0633078	-0.173696
chr3:116000000-116500000	chr3	-0.101798	0.515384	-0.123173	1	-0.107084	-0.548792	-0.250069	-0.186186	-0.686837	-0.655356
chr3:116500000-117000000	chr3	0.174019	0.737383	0.112535	1	0.0878896	-0.26631	-0.0472705	0.121325	-0.302946	-0.505258
chr3:117000000-117500000	chr3	0.346082	0.751083	0.183686	0	0.160304	-0.138682	0.076241	-0.0116174	-0.204217	-0.214021
chr3:117500000-118000000	chr3	0.138531	0.368427	0.210847	0	0.342329	0.382261	0.153289	0.354291	0.278378	-0.0808124
chr3:118000000-118500000	chr3	0.50458	0.533633	0.522776	0	-0.114232	-0.502878	-0.403165	-0.0415709	-0.630781	-0.414088
chr3:118500000-119000000	chr3	0.425599	0.984437	0.242075	0	-0.01119	0.09818	-0.0803066	0.0285986	-0.338035	-0.0658043
chr3:119000000-119500000	chr3	0.0173505	0.0776578	-0.0812233	8	0.665553	0.269726	-0.111644	0.557588	0.366593	0.465616
chr3:119500000-120000000	chr3	0.137369	-0.789378	0.247002	7	0.596	0.435852	0.466039	0.22466	0.556599	0.482064
chr3:120000000-120500000	chr3	-0.194748	-0.415607	-0.274007	4	0.13256	-0.206312	-0.0715699	0.0507407	0.261801	0.108065
chr3:120500000-121000000	chr3	0.0910534	0.183674	-0.14504	5	-0.904042	-0.75953	-0.860778	-0.819768	-0.56904	-0.926696
chr3:121000000-121500000	chr3	-0.0711056	0.715491	0.0570254	0	-1.2625	-1.26139	-1.31124	-1.31937	-1.27677	-1.226
chr3:121500000-122000000	chr3	-0.313196	0.49297	0.0290457	8	-0.449778	-0.848069	-0.940412	-0.578236	-0.185572	-0.505462
chr3:122000000-122500000	chr3	0.029632	0.362713	0.100574	7	-0.578688	-0.993642	-0.80794	-0.566017	-0.394475	-0.66147
chr3:122500000-123000000	chr3	0.107157	-0.442264	-0.320487	7	0.405096	0.159428	0.515611	0.400522	0.675637	0.430138
chr3:123000000-123500000	chr3	-0.331398	-0.229097	-0.437373	4	1.27985	1.07714	0.811799	0.784749	1.16892	0.985449
chr3:123500000-124000000	chr3	-0.00457715	-0.821745	0.172499	4	1.20085	1.12043	1.31576	1.29747	1.32126	1.261
chr3:124000000-124500000	chr3	0.301905	-0.83875	-0.245799	1	1.28136	1.41004	1.3389	1.41072	1.46118	1.20283
chr3:124500000-125000000	chr3	0.072143	-0.782229	-0.107459	3	1.42526	1.73872	1.51283	1.39225	1.55364	1.60717
chr3:125000000-125500000	chr3	0.0783291	-1.26914	-0.21346	3	1.37347	1.55715	1.567	1.60217	1.43145	1.40095
chr3:125500000-126000000	chr3	-0.191255	-0.452776	-0.0508394	3	1.71843	1.55073	1.59012	1.34584	1.59764	1.65135
chr3:126000000-126500000	chr3	-0.219706	-0.186019	0.0971986	5	1.63374	1.50654	1.70753	1.48601	1.62178	1.72313
chr3:126500000-127000000	chr3	-0.340382	-0.0845758	-0.316143	6	1.6051	1.66082	1.73493	1.46082	1.56542	1.64171
chr3:127000000-127500000	chr3	-0.10935	0.0394123	-0.0952198	2	1.60247	1.49024	1.63314	1.38515	1.49156	1.6107
chr3:127500000-128000000	chr3	-0.094684	-0.58	-0.0153795	6	1.86785	1.59042	1.58962	1.69156	1.60632	1.72375
chr3:128000000-128500000	chr3	-0.102842	-0.701544	-0.0959886	5	1.64212	1.69376	1.57877	1.55456	1.63518	1.57482
chr3:128500000-129000000	chr3	-0.00879582	-0.735786	-0.260621	4	1.53988	1.68717	1.70157	1.65714	1.60364	1.66421
chr3:129000000-129500000	chr3	-0.130171	-0.765261	-0.00187284	11	1.65866	1.62289	1.72416	1.74546	1.60484	1.68222
chr3:129500000-130000000	chr3	-0.116778	-0.46467	-0.185925	5	1.27732	1.38059	1.59228	1.58126	1.46672	1.56393
chr3:130000000-130500000	chr3	0.0847128	0.438051	-0.130203	2	0.950857	0.769157	0.573939	0.683105	0.671207	0.592296
chr3:130500000-131000000	chr3	0.130526	0.147031	0.027142	3	0.80857	0.775321	0.907283	1.00496	0.569123	0.799217
chr3:131000000-131500000	chr3	0.0770538	0.350823	0.117979	3	0.500876	0.271546	0.402193	0.214472	0.354223	0.309286
chr3:131500000-132000000	chr3	-0.0193945	1.01329	-0.0713198	1	0.388473	0.460814	0.571725	0.147794	0.100144	0.554808
chr3:132000000-132500000	chr3	-0.122172	0.372973	0.00379776	3	0.843435	0.791574	0.563853	0.757544	0.63926	0.96231
chr3:132500000-133000000	chr3	-0.166581	0.377024	0.181891	4	-0.0553909	-0.452902	-0.208343	-0.00843075	-0.0291952	-0.399057
chr3:133000000-133500000	chr3	0.0433983	0.823796	-0.105774	2	-0.49091	-0.543624	-0.406033	-0.551071	-0.0790778	-0.389855
chr3:133500000-134000000	chr3	-0.278245	0.626768	-0.258767	5	0.0728881	0.132448	0.153019	-0.010475	0.754053	0.291169
chr3:134000000-134500000	chr3	-0.035484	-0.111972	0.0176084	5	0.838119	0.893318	0.51405	0.717934	1.09147	0.988248
chr3:134500000-135000000	chr3	0.154166	1.20432	-0.0623449	2	0.105591	0.341751	0.636919	0.126294	0.338918	0.116021
chr3:135000000-135500000	chr3	0.0300423	1.54514	0.0153196	0	-0.128432	0.395099	-0.124383	0.153711	-0.00737329	-0.0919564
chr3:135500000-136000000	chr3	0.0118002	0.964848	0.080143	1	-0.000846167	0.0285852	0.100692	0.268184	-0.0268778	-0.0891215
chr3:136000000-136500000	chr3	-0.135708	-0.526526	-0.059688	2	0.675538	0.578851	0.753072	0.811952	0.823411	0.890169
chr3:136500000-137000000	chr3	-0.0930125	-0.562025	-0.153136	4	0.558973	0.850751	0.645523	0.714845	0.624718	0.767768
chr3:137000000-137500000	chr3	0.384004	1.02759	0.236169	0	-0.443093	0.1532	-0.268234	0.256262	0.0157019	0.234544
chr3:137500000-138000000	chr3	-0.00911742	1.15351	0.191123	1	-0.317443	0.278219	-0.0419963	0.145276	0.315273	0.15028
chr3:138000000-138500000	chr3	-0.266217	-0.111826	-0.166619	8	1.03893	1.26454	0.91982	1.33653	1.15621	1.10219
chr3:138500000-139000000	chr3	-0.143187	-0.402501	-0.257327	5	0.838054	1.41424	1.04721	1.27142	1.1845	1.22446
chr3:139000000-139500000	chr3	-0.280083	0.242147	-0.30837	6	0.792903	0.857	0.93888	1.00583	0.931017	1.00814
chr3:139500000-140000000	chr3	-0.131157	0.288052	-0.769215	3	0.729045	0.952655	1.109	0.990888	1.04818	0.980774
chr3:140000000-140500000	chr3	-0.174877	0.469438	-0.254354	0	1.12977	1.2394	1.09541	1.03524	1.06771	0.957556
chr3:140500000-141000000	chr3	-0.0640498	0.0750623	-0.300024	2	0.687125	0.932856	0.891239	0.841988	1.04484	0.878147
chr3:141000000-141500000	chr3	-0.0676068	-0.373459	-0.40509	4	1.09988	1.26973	1.20761	1.2644	1.15659	1.1582
chr3:141500000-142000000	chr3	-0.248156	-0.528673	-0.434219	3	1.06553	1.11369	0.963317	1.04683	0.837666	1.07315
chr3:142000000-142500000	chr3	-0.391787	-0.429356	-0.30395	3	0.511528	0.545633	0.50832	0.466005	0.946744	0.708667
chr3:142500000-143000000	chr3	-0.465894	0.0352191	-0.463502	5	-0.17138	0.372879	0.379925	-0.203336	0.322909	0.346548
chr3:143000000-143500000	chr3	-0.111205	0.798148	-0.187253	2	-0.580885	-0.138432	-0.243977	-0.537835	-0.252148	-0.664015
chr3:143500000-144000000	chr3	0.109812	0.695377	0.13098	2	-0.857906	-0.671161	-0.541685	-0.691368	-0.60247	-0.515047
chr3:144000000-144500000	chr3	0.220157	0.142797	0.00282747	0	-1.2203	-1.44142	-0.964605	-1.17438	-1.09031	-0.884611
chr3:144500000-145000000	chr3	0.381787	0.248754	0.552564	0	-1.23874	-1.19649	-1.38208	-1.23712	-1.0074	-0.882759
chr3:145000000-145500000	chr3	0.569095	0.0549922	0.426815	0	-1.30444	-1.44792	-1.23764	-1.3211	-1.13306	-1.10243
chr3:145500000-146000000	chr3	0.118319	0.325066	0.309572	0	-1.12868	-1.14219	-1.10028	-1.3089	-0.949123	-1.1154
chr3:146000000-146500000	chr3	-0.0197717	-0.286123	0.482317	3	-1.15094	-1.22667	-1.01937	-1.05841	-0.876188	-0.977786
chr3:146500000-147000000	chr3	0.173729	-0.0551306	0.0952053	2	-1.68624	-1.84742	-1.52772	-1.58846	-1.38952	-1.42761
chr3:147000000-147500000	chr3	0.303406	0.290096	0.454271	2	-1.5618	-1.66681	-1.7027	-1.6922	-1.42935	-1.49638
chr3:147500000-148000000	chr3	0.0260971	0.770639	0.285966	0	-1.45237	-1.44531	-1.4883	-1.53824	-1.24373	-1.29909
chr3:148000000-148500000	chr3	0.304148	0.536382	-0.00530356	0	-1.63695	-1.81505	-1.62682	-1.76432	-1.44027	-1.47693
chr3:148500000-149000000	chr3	-0.152314	0.407927	-0.0860239	4	-1.47325	-1.59318	-1.5673	-1.67017	-1.41099	-1.40443
chr3:149000000-149500000	chr3	0.0894044	-0.775586	-0.144238	6	-0.466039	-0.280247	-0.540275	-0.429082	-0.092295	-0.0457153
chr3:149500000-150000000	chr3	-0.0394119	-1.10779	-0.174471	5	0.338808	0.47107	0.263174	0.410823	0.672283	0.470856
chr3:150000000-150500000	chr3	0.129966	-1.38616	0.0168451	1	0.46164	0.849891	0.51894	0.381538	0.742894	0.829169
chr3:150500000-151000000	chr3	-0.0136807	-0.801437	-0.218257	7	0.571576	0.653772	0.530532	0.584056	0.770378	0.881804
chr3:151000000-151500000	chr3	-0.28882	-0.6821	-0.446439	7	0.0594445	0.156484	0.0733791	0.470604	0.198249	0.100831
chr3:151500000-152000000	chr3	0.0710894	-0.83991	-0.0663314	3	-0.578847	-0.371961	-0.385978	-0.306878	-0.553539	-0.391295
chr3:152000000-152500000	chr3	0.194408	-1.72072	-0.0340956	1	-0.0200051	0.127494	-0.0691958	-0.161559	-0.0634179	-0.154133
chr3:152500000-153000000	chr3	0.541874	-0.00862195	-0.0281243	1	-0.75838	-0.662897	-0.822683	-0.352624	-0.633114	-0.676219
chr3:153000000-153500000	chr3	0.0190113	-0.290667	-0.184491	1	-0.840871	-0.93854	-1.10698	-0.667614	-1.09387	-0.875489
chr3:153500000-154000000	chr3	0.112104	0.571051	0.215746	0	-1.02621	-0.963884	-1.01634	-0.785417	-1.20046	-0.949673
chr3:154000000-154500000	chr3	-0.219401	0.680183	-0.232806	3	-0.87804	-1.13623	-0.913806	-0.841707	-0.963624	-1.01864
chr3:154500000-155000000	chr3	-0.029904	0.693804	-0.040076	0	-1.50393	-1.547	-1.49201	-1.4447	-1.29174	-1.43112
chr3:155000000-155500000	chr3	-0.101833	0.4139	-0.338154	2	-1.37695	-1.27388	-1.17413	-1.38822	-1.10731	-1.29819
chr3:155500000-156000000	chr3	-0.0812338	0.539393	-0.0464101	4	-0.916908	-0.934249	-0.747601	-0.865442	-0.709663	-0.767487
chr3:156000000-156500000	chr3	-0.0749967	0.222574	-0.274126	1	0.101746	0.167525	0.15004	0.220855	0.292998	0.0650985
chr3:156500000-157000000	chr3	0.158	-1.03978	-0.0823923	3	0.318025	0.391746	0.348517	-0.0496299	0.35169	0.113814
chr3:157000000-157500000	chr3	-0.0306056	-0.395202	0.0592665	2	-0.6369	-0.689444	-0.709917	-0.797258	-0.619203	-0.763905
chr3:157500000-158000000	chr3	-0.0569181	0.802028	-0.0249648	1	-1.11628	-1.24064	-1.30902	-1.12054	-1.34901	-1.31312
chr3:158000000-158500000	chr3	-0.01942	0.269652	-0.0324904	2	-1.31504	-1.39582	-1.32953	-1.1679	-1.2608	-1.17312
chr3:158500000-159000000	chr3	-0.362144	0.387707	-0.122447	5	-1.14611	-1.14147	-1.22577	-1.22394	-1.16969	-0.977607
chr3:159000000-159500000	chr3	-0.126553	0.339449	-0.207368	2	-1.45371	-1.712	-1.66053	-1.74245	-1.50611	-1.38615
chr3:159500000-160000000	chr3	-0.0129763	-0.558116	-0.0282693	1	-0.919553	-1.03853	-1.06906	-1.30635	-0.807973	-0.953934
chr3:160000000-160500000	chr3	-0.307138	-0.0849421	-0.111807	4	-0.873373	-0.686063	-0.677859	-0.669126	-0.651408	-0.643556
chr3:160500000-161000000	chr3	-0.160511	0.283743	-0.138746	3	-0.979213	-1.33692	-1.0717	-1.08078	-0.857871	-0.969971
chr3:161000000-161500000	chr3	-0.132799	0.367513	-0.181736	4	-1.33294	-1.44784	-1.16507	-1.2227	-1.16833	-1.23205
chr3:161500000-162000000	chr3	0.270496	0.519119	-0.0419581	0	-1.02329	-0.890661	-0.886415	-0.888541	-0.913682	-0.903076
chr3:162000000-162500000	chr3	0.0672504	-0.33781	-0.0117524	0	-0.637407	-0.904379	-1.06566	-0.992265	-1.01205	-0.956788
chr3:162500000-163000000	chr3	0.17904	-0.181452	0.240744	0	-0.67867	-0.824054	-1.10999	-0.951276	-1.00911	-0.735871
chr3:163000000-163500000	chr3	0.542673	0.165419	0.412142	0	-1.34797	-1.47762	-1.49261	-1.39568	-1.42904	-1.38722
chr3:163500000-164000000	chr3	0.52236	0.290845	0.41478	0	-1.28547	-1.44806	-1.26151	-1.34252	-1.12961	-1.11033
chr3:164000000-164500000	chr3	0.436846	0.386206	0.699218	0	-1.4599	-1.49675	-1.35889	-1.42052	-0.949727	-1.22489
chr3:164500000-165000000	chr3	0.418139	0.396696	0.432906	0	-1.39691	-1.46593	-1.3896	-1.32331	-1.27817	-1.23965
chr3:165000000-165500000	chr3	0.188904	0.419858	0.464062	2	-1.2069	-1.24785	-1.21407	-1.44431	-1.24	-1.20997
chr3:165500000-166000000	chr3	0.290356	0.0462091	0.40604	1	-1.49614	-1.52181	-1.39279	-1.44502	-1.42381	-1.42961
chr3:166000000-166500000	chr3	0.0904359	-0.0233665	0.224065	0	-1.52533	-1.65675	-1.5016	-1.66165	-1.5763	-1.53826
chr3:166500000-167000000	chr3	0.230847	0.350311	0.344481	0	-1.59093	-1.72015	-1.75772	-1.69727	-1.50132	-1.56874
chr3:167000000-167500000	chr3	0.272719	0.658361	0.213254	2	-1.37182	-1.39726	-1.41879	-1.4613	-1.17857	-1.29836
chr3:167500000-168000000	chr3	0.454095	0.557304	0.171305	3	-1.17981	-1.38785	-1.1671	-1.36865	-1.15417	-1.20066
chr3:168000000-168500000	chr3	0.299172	0.0607354	0.0487807	1	-0.485955	-0.570344	-0.388435	-0.368928	-0.497171	-0.573032
chr3:168500000-169000000	chr3	0.236196	0.0782552	0.026832	0	-0.536508	-0.677655	-0.796318	-0.635029	-0.707219	-0.687079
chr3:169000000-169500000	chr3	-0.196404	-0.132137	-0.0630956	0	0.406957	-0.00819812	-0.0398883	-0.0671914	0.127132	-0.164213
chr3:169500000-170000000	chr3	0.0553282	-0.253209	-0.0774261	9	0.479641	0.598653	0.698079	0.631282	0.676725	0.406632
chr3:170000000-170500000	chr3	0.00432025	-1.11239	-0.168571	5	1.38473	1.20662	1.03212	1.08278	1.33203	1.15952
chr3:170500000-171000000	chr3	0.138167	-0.871134	-0.280911	3	1.05256	1.05481	1.04353	1.05079	1.11721	0.913118
chr3:171000000-171500000	chr3	0.258651	-1.39784	0.1151	2	0.916441	0.743084	0.577821	1.03789	0.843146	0.458537
chr3:171500000-172000000	chr3	0.0801127	-1.26182	0.0542868	2	1.00655	1.05572	0.804927	1.03474	0.864239	0.899326
chr3:172000000-172500000	chr3	0.162242	-1.23654	-0.054239	2	0.80166	0.677129	0.546932	0.655954	0.791526	0.411405
chr3:172500000-173000000	chr3	0.155239	-0.592741	-0.275771	3	0.00756386	0.18963	-0.0928558	0.131099	-0.326189	-0.3229
chr3:173000000-173500000	chr3	0.409132	0.570402	0.169272	2	-0.681283	-0.865955	-0.826917	-0.682074	-1.19004	-1.02576
chr3:173500000-174000000	chr3	0.529562	-0.0848272	0.282696	0	-0.92998	-0.858927	-0.918007	-0.578714	-0.711294	-0.885687
chr3:174000000-174500000	chr3	0.255683	0.172643	0.339291	0	-0.874144	-0.80745	-0.808837	-0.518972	-0.882589	-1.03561
chr3:174500000-175000000	chr3	-0.180017	0.159586	0.219597	1	-1.14344	-1.26119	-1.21559	-1.47722	-1.30566	-1.32563
chr3:175000000-175500000	chr3	0.0709784	-0.293215	-0.054648	0	-0.95992	-1.39217	-1.32041	-1.24187	-1.49735	-1.36625
chr3:175500000-176000000	chr3	0.552571	0.0830165	0.279086	0	-1.08854	-1.09305	-1.09174	-1.31013	-1.4404	-1.37556
chr3:176000000-176500000	chr3	0.41627	0.510836	0.383854	0	-1.06917	-1.19012	-1.11551	-0.918965	-1.27142	-1.44916
chr3:176500000-177000000	chr3	0.33399	0.532692	-0.0722498	0	-0.463752	-0.62901	-0.588976	-0.664259	-0.639285	-0.740308
chr3:177000000-177500000	chr3	-0.058127	-0.89329	-0.112402	1	0.74744	0.69264	0.897637	0.780809	0.611756	0.585892
chr3:177500000-178000000	chr3	0.181809	-0.973762	-0.0357231	0	0.54875	0.773362	0.572159	1.00144	0.613325	0.165631
chr3:178000000-178500000	chr3	0.160327	-0.89385	-0.0299237	0	0.345254	0.355749	-0.00800134	0.226029	0.00132414	-0.00631134
chr3:178500000-179000000	chr3	0.168299	0.299432	0.0319574	1	-0.296098	-0.502438	-0.648398	-0.391825	-0.395059	-0.539153
chr3:179000000-179500000	chr3	0.0158698	-0.842089	-0.169425	6	0.0272463	0.371575	0.193314	0.175309	0.244381	0.104494
chr3:179500000-180000000	chr3	0.102091	0.274257	-0.0953338	4	-0.929549	-0.917297	-0.75571	-0.683638	-0.969145	-0.627256
chr3:180000000-180500000	chr3	0.488814	1.05211	0.210368	1	-1.5846	-1.70802	-1.61653	-1.57466	-1.52825	-1.47724
chr3:180500000-181000000	chr3	0.242667	0.586478	0.0939616	4	-1.30271	-1.4238	-1.17341	-1.28507	-1.28744	-1.14329
chr3:181000000-181500000	chr3	0.137732	1.11597	0.271107	0	-1.31515	-1.66312	-1.37312	-1.35998	-1.16632	-1.28964
chr3:181500000-182000000	chr3	0.493522	0.434485	0.13345	1	-1.04651	-0.985641	-0.731291	-0.665636	-0.843497	-0.999814
chr3:182000000-182500000	chr3	0.0794416	0.827427	0.0250857	0	-0.932334	-0.699628	-0.60791	-0.516211	-1.03657	-0.866892
chr3:182500000-183000000	chr3	0.0280673	-0.184223	-0.241896	2	-0.447377	-0.22265	0.0217568	-0.202283	0.0733664	-0.220199
chr3:183000000-183500000	chr3	-0.236068	-0.498794	-0.333219	4	0.940059	0.966178	1.07948	1.001	1.01376	1.18268
chr3:183500000-184000000	chr3	-0.0236716	-0.775642	-0.283852	5	1.47559	1.3541	1.58565	1.45471	1.57091	1.55844
chr3:184000000-184500000	chr3	0.00251621	-0.836612	-0.125151	20	1.73558	1.85238	1.69859	1.5581	1.67926	1.62444
chr3:184500000-185000000	chr3	0.104308	-0.861545	-0.175181	3	1.70609	1.68386	1.64002	1.61751	1.52329	1.71075
chr3:185000000-185500000	chr3	-0.196942	-0.556706	-0.198904	4	1.57426	1.28992	1.51898	1.5263	1.53858	1.54701
chr3:185500000-186000000	chr3	-0.0104427	-1.16776	0.150147	4	1.76879	1.73826	1.64333	1.49831	1.6313	1.68178
chr3:186000000-186500000	chr3	-0.192116	-0.616423	-0.229197	2	1.55352	1.45949	1.53633	1.40667	1.64028	1.52225
chr3:186500000-187000000	chr3	-0.10241	-0.770485	-0.294356	11	1.2737	1.40923	1.46271	1.40669	1.45297	1.38171
chr3:187000000-187500000	chr3	-0.0146474	-0.466847	-0.240847	4	0.919514	0.982076	1.12872	0.960753	0.962255	0.966301
chr3:187500000-188000000	chr3	-0.0551739	-0.775542	-0.328083	3	0.794833	0.808469	0.668118	0.853438	0.78376	0.618054
chr3:188000000-188500000	chr3	0.0352761	-1.16349	-0.211327	1	0.703305	0.663584	0.844837	0.693066	0.914013	0.668314
chr3:188500000-189000000	chr3	0.0250459	-0.988146	-0.034457	0	0.293704	0.501572	0.639523	0.662891	0.537406	0.292248
chr3:189000000-189500000	chr3	-0.176604	-0.540606	-0.0285749	1	-0.538183	-0.43437	-0.342385	-0.171676	-0.61483	-0.808623
chr3:189500000-190000000	chr3	0.0518771	-0.669024	-0.283751	1	-0.553986	-0.910512	-0.670587	-0.499002	-0.622673	-1.11877
chr3:190000000-190500000	chr3	0.1159	-1.20176	-0.0155224	4	-0.189713	-0.339131	-0.0645675	-0.365427	0.239327	-0.340292
chr3:190500000-191000000	chr3	0.0393332	-0.220536	0.0044487	2	-0.568341	-1.01384	-0.786892	-0.602629	-0.545939	-0.879639
chr3:191000000-191500000	chr3	0.103577	-0.284031	0.0558097	4	-0.651009	-0.891316	-0.354207	-0.464294	-0.355601	-0.857362
chr3:191500000-192000000	chr3	0.296185	0.271574	0.330486	0	-0.876535	-0.503518	-0.785327	-0.599259	-0.532123	-0.761669
chr3:192000000-192500000	chr3	0.44931	0.447152	0.412509	0	-0.744667	-0.499535	-0.518686	-0.420822	-0.446674	-0.885573
chr3:192500000-193000000	chr3	0.242038	-0.0967565	0.0847082	2	0.00430084	0.565553	0.45017	0.172657	0.508849	0.118857
chr3:193000000-193500000	chr3	0.206107	0.594815	0.175978	2	0.355934	0.179999	0.448163	0.449818	0.566001	0.444038
chr3:193500000-194000000	chr3	-0.106906	-0.577921	-0.286076	2	0.938546	1.20245	1.01407	1.23628	1.3487	1.23432
chr3:194000000-194500000	chr3	0.0112719	-0.975098	-0.0554432	5	1.33578	1.53073	1.46118	1.38738	1.4636	1.58098
chr3:194500000-195000000	chr3	-0.0730034	-0.837444	-0.037554	3	1.67916	1.57181	1.61554	1.19934	1.65211	1.66504
chr3:195000000-195500000	chr3	-0.212584	-0.824892	0.0104383	2	1.49271	1.49159	1.52696	1.37642	1.5595	1.73901
chr3:196000000-196500000	chr3	0.0433179	-1.10339	0.106237	7	1.78795	1.56949	1.60792	1.5656	1.5665	1.62266
chr3:196500000-197000000	chr3	0.0535632	-1.2137	0.0130435	12	1.64094	1.60156	1.55546	1.23572	1.57011	1.60659
chr3:197000000-197500000	chr3	0.022556	-1.45518	0.107036	2	1.65921	1.49949	1.4821	1.51727	1.3387	1.42588
chr4:3000000-3500000	chr4	-0.201623	-0.475428	-0.00612747	6	1.23693	0.322166	0.94219	0.799884	1.2835	1.39948
chr4:3500000-4000000	chr4	-0.556823	0.322756	0.136911	2	1.36092	0.643797	1.05241	0.623402	1.5842	1.47241
chr4:4000000-4500000	chr4	-0.244666	0.051784	-0.430956	5	1.29252	0.924297	1.46104	1.17738	1.18696	1.43657
chr4:4500000-5000000	chr4	-0.272773	0.142595	-0.0972086	2	0.927704	0.971697	1.09217	1.10245	1.25744	1.2895
chr4:5000000-5500000	chr4	-0.185036	0.112875	-0.410624	2	0.234269	0.64982	0.410923	0.66606	0.372452	0.0115491
chr4:5500000-6000000	chr4	-0.493876	0.395182	-0.0700174	3	0.794999	0.93413	1.04725	0.778998	1.09319	0.933573
chr4:6000000-6500000	chr4	-0.357322	0.617356	-0.144062	5	1.46025	1.07237	1.38446	1.38818	1.41753	1.40716
chr4:6500000-7000000	chr4	-0.160481	-0.432296	-0.128554	8	1.56593	1.24737	1.34893	1.39182	1.78646	1.8043
chr4:7000000-7500000	chr4	-0.0581727	-0.313513	-0.120931	5	1.61653	1.28364	1.37235	1.22898	1.70142	1.76613
chr4:7500000-8000000	chr4	-0.339362	-0.311872	-0.204181	1	1.64591	1.04907	1.37449	1.60868	1.76103	1.96082
chr4:8000000-8500000	chr4	-0.327168	-0.0820058	-0.166632	5	1.88986	1.46545	1.60166	1.74051	1.76203	1.7367
chr4:8500000-9000000	chr4	-0.0996286	0.792403	0.178688	3	1.23428	1.37685	1.20213	1.41444	1.05982	0.958683
chr4:9500000-10000000	chr4	0.0666757	1.22523	-0.141345	1	0.954331	1.15251	0.863821	0.953292	0.521081	0.821265
chr4:10000000-10500000	chr4	0.00328852	0.983825	-0.287944	3	1.5427	1.68206	1.3687	1.57226	1.28408	1.41539
chr4:10500000-11000000	chr4	-0.134563	0.331122	-0.264739	1	0.799809	1.35516	1.09444	1.13954	0.495778	0.454243
chr4:11000000-11500000	chr4	0.0418525	0.716248	-0.059789	1	0.981703	1.11866	0.946306	1.18245	0.365629	0.604426
chr4:11500000-12000000	chr4	0.127112	0.35144	0.286817	0	0.782308	1.23155	1.16875	1.06208	0.382099	0.597062
chr4:12000000-12500000	chr4	0.650854	0.505402	0.602718	0	0.384923	1.06084	0.461683	0.723054	-0.18016	0.136879
chr4:12500000-13000000	chr4	0.353435	0.793608	0.23001	0	0.306628	1.16278	0.595871	0.696169	0.048448	0.254515
chr4:13000000-13500000	chr4	-0.0017561	0.772318	0.00444082	1	0.0703968	0.948893	0.584867	0.268431	-0.0822028	-0.163094
chr4:13500000-14000000	chr4	0.0599214	0.130379	-0.0629842	2	1.15897	1.31887	1.42161	0.981383	0.92902	1.08182
chr4:14000000-14500000	chr4	0.109141	0.509747	0.0835725	0	1.13458	1.18094	1.56079	1.1424	1.2887	1.02794
chr4:14500000-15000000	chr4	0.185504	0.503392	0.418739	0	1.19235	1.59764	1.35176	1.47377	1.24655	1.07574
chr4:15000000-15500000	chr4	-0.105907	-0.303744	-0.219804	3	1.55605	1.6228	1.35787	1.39418	1.29322	1.51567
chr4:15500000-16000000	chr4	-0.108798	-0.129869	-0.0719266	6	1.45848	1.61748	1.41193	1.76153	1.49648	1.54404
chr4:16000000-16500000	chr4	-0.206613	0.888508	-0.13732	2	1.58594	1.65301	1.23095	1.4634	1.31145	1.07519
chr4:16500000-17000000	chr4	-0.045479	0.891575	0.232225	1	0.92565	1.25585	0.882143	0.978928	0.772492	0.799522
chr4:17000000-17500000	chr4	0.0492709	0.668041	0.184424	0	1.03291	1.56405	1.2566	1.57479	0.707326	0.794548
chr4:17500000-18000000	chr4	-0.0698635	0.480126	-0.0175486	7	0.530532	1.52725	1.02771	1.11726	0.473344	0.337103
chr4:18000000-18500000	chr4	0.169477	1.12738	0.1881	1	-0.163008	1.08642	0.236199	0.546291	-0.108513	-0.524646
chr4:18500000-19000000	chr4	-0.0851048	0.989219	0.0130026	0	0.63409	1.31228	0.825021	0.76288	0.131878	0.131454
chr4:19000000-19500000	chr4	-0.0742744	-0.00953469	0.147804	0	0.438799	1.13423	0.791212	0.610163	0.0676335	0.195443
chr4:19500000-20000000	chr4	-0.258877	-0.242072	-0.242632	0	0.501375	1.36156	0.811765	0.659969	0.454998	0.0395252
chr4:20000000-20500000	chr4	-0.164581	-0.264842	-0.223608	1	0.84132	1.35635	0.860304	0.679502	0.603115	0.224162
chr4:20500000-21000000	chr4	-0.117666	0.693951	-0.110901	1	0.821454	1.40978	0.940997	0.471294	0.28313	0.134279
chr4:21000000-21500000	chr4	0.0714165	0.978267	-0.051792	0	0.612305	1.19201	0.87284	0.67219	-0.111271	-0.0605486
chr4:21500000-22000000	chr4	-0.28511	0.362602	-0.198184	1	0.757119	1.23525	1.33028	0.866865	0.753902	0.629066
chr4:22000000-22500000	chr4	-0.277246	0.710428	-0.338537	0	0.941988	0.988772	0.723781	0.768002	0.534076	0.255502
chr4:22500000-23000000	chr4	0.113782	0.778049	0.128431	1	0.959164	1.2639	1.04122	1.2483	0.698101	0.710667
chr4:23000000-23500000	chr4	0.136336	0.160567	-0.0212105	0	0.986222	1.09631	1.30972	1.14742	0.839045	1.0961
chr4:23500000-24000000	chr4	0.068512	-0.0239344	-0.00418584	1	1.32703	0.84614	1.09344	1.43807	1.44936	1.02162
chr4:24000000-24500000	chr4	-0.00186716	0.0857887	-0.150638	0	1.27496	1.23425	1.49727	1.09451	1.60086	1.52549
chr4:24500000-25000000	chr4	-0.250765	0.0599545	-0.422204	3	1.60462	1.36119	1.68033	1.2776	1.70703	1.70688
chr4:25000000-25500000	chr4	-0.21657	-0.0557378	-0.155184	5	1.9701	1.58542	1.86067	1.53758	1.59708	1.60586
chr4:25500000-26000000	chr4	-0.101712	0.351087	-0.411944	3	2.00464	1.73056	1.76743	1.53615	1.55297	1.5646
chr4:26000000-26500000	chr4	0.0266545	-0.420364	-0.284555	2	1.49776	1.81759	1.85113	1.48277	1.0036	1.20162
chr4:26500000-27000000	chr4	-0.35907	-0.0742378	-0.111231	2	1.19248	1.67201	1.33488	1.31598	0.439469	0.644993
chr4:27000000-27500000	chr4	-0.0364349	1.0607	-0.0959497	0	0.645062	1.55634	0.943115	0.691501	-0.301284	-0.317905
chr4:27500000-28000000	chr4	0.31517	0.500599	0.122166	0	0.421673	1.22685	0.759567	0.525722	-0.447192	-0.497522
chr4:28000000-28500000	chr4	0.159994	0.00178739	0.019676	0	0.0728235	1.19574	0.426443	0.290098	-0.615541	-0.611858
chr4:28500000-29000000	chr4	0.0928815	-0.0481467	-0.002956	0	0.516187	1.25485	0.684443	0.467567	-0.566535	-0.304148
chr4:29000000-29500000	chr4	0.393186	-0.360006	0.340603	0	0.459683	1.24344	0.464444	0.464289	-0.559831	-0.488861
chr4:29500000-30000000	chr4	0.0240572	0.405606	0.312069	0	0.118357	1.13476	0.365648	0.553739	-0.703804	-0.717522
chr4:30000000-30500000	chr4	-0.0303481	0.151363	0.0395892	0	0.371443	0.973384	0.513101	0.457407	-0.674609	-0.72158
chr4:30500000-31000000	chr4	-0.151576	-0.751389	-0.242182	1	0.758063	1.68033	1.3045	0.960519	0.136982	0.195838
chr4:31000000-31500000	chr4	-0.0607659	-0.59204	-0.0741675	0	1.12223	1.67122	1.35158	0.976878	0.389998	0.303819
chr4:31500000-32000000	chr4	-0.0475612	-0.279591	0.027686	0	0.335839	1.50178	0.827707	0.713437	-0.0994312	-0.140851
chr4:32000000-32500000	chr4	-0.148663	-0.0073169	0.181659	0	0.12565	1.16271	0.565465	0.267714	-0.574683	-0.648664
chr4:32500000-33000000	chr4	-0.0422568	0.103645	0.38602	0	0.202718	0.96976	0.373018	0.226951	-0.734094	-0.724736
chr4:33000000-33500000	chr4	-0.0089159	-0.00223561	0.23589	0	0.299212	1.39398	0.651623	0.42206	-0.421896	-0.665354
chr4:33500000-34000000	chr4	-0.177127	-0.210399	0.0572204	0	0.179724	1.22325	0.544444	0.423234	-0.716715	-0.584477
chr4:34000000-34500000	chr4	0.071871	-0.431567	0.0566375	0	0.283385	1.16836	0.524236	0.460693	-0.57265	-0.49444
chr4:34500000-35000000	chr4	-0.0849461	0.108989	0.203147	0	0.228922	1.18189	0.593006	0.340719	-0.584499	-0.639173
chr4:35000000-35500000	chr4	0.359213	0.407185	0.472021	0	0.172516	1.25485	0.46009	0.0730682	-0.672957	-0.734654
chr4:35500000-36000000	chr4	-0.0560347	0.622492	0.517157	0	0.366623	1.29245	0.640642	0.399086	-0.453984	-0.467728
chr4:36000000-36500000	chr4	0.06348	0.717464	0.245868	2	0.75578	1.74023	1.05878	0.766611	-0.231125	-0.0356988
chr4:36500000-37000000	chr4	0.0339	1.05494	0.288439	0	0.186112	1.4706	0.827796	0.494685	0.0828514	-0.0646974
chr4:37000000-37500000	chr4	-0.0143851	1.18024	0.184371	2	0.538333	1.518	0.917436	0.77856	0.213231	0.123438
chr4:37500000-38000000	chr4	-0.108906	0.0758996	-0.36357	4	1.43024	2.08452	1.96023	1.61362	1.16011	1.10558
chr4:38000000-38500000	chr4	-0.113648	-0.197873	-0.346538	0	1.85619	1.95977	1.71443	1.88386	1.44958	1.34942
chr4:38500000-39000000	chr4	-0.101298	-0.420857	-0.1458	5	1.80681	1.979	1.78322	1.5723	1.3204	1.48987
chr4:39000000-39500000	chr4	-0.205164	-0.737521	-0.314943	7	1.63836	1.78636	1.85655	1.67608	1.66101	1.5876
chr4:39500000-40000000	chr4	0.0279407	-1.10354	-0.169444	4	1.90785	1.44156	1.68569	1.99828	1.8706	1.73068
chr4:40000000-40500000	chr4	-0.172551	-0.41167	-0.203344	3	2.02373	1.6383	1.74868	1.85265	1.74432	1.81326
chr4:40500000-41000000	chr4	0.0107148	-0.563353	-0.378669	2	1.77013	2.01618	1.8655	1.94013	1.54552	1.6134
chr4:41000000-41500000	chr4	-0.102474	-0.34314	-0.169285	2	1.9103	1.97896	1.77054	1.49372	1.70988	1.56549
chr4:41500000-42000000	chr4	-0.24727	-0.11301	-0.106808	5	1.71008	1.88777	1.64914	1.77752	1.36584	1.43648
chr4:42000000-42500000	chr4	-0.0976571	0.823509	-0.192572	2	0.96025	1.5382	1.05862	1.20496	0.610618	0.505154
chr4:42500000-43000000	chr4	-0.090618	1.11806	0.254608	2	0.301399	1.21382	0.490004	0.451416	-0.246467	-0.274932
chr4:43000000-43500000	chr4	-0.0509202	0.528557	0.145149	0	-0.339931	0.658115	0.271041	-0.0687101	-0.713057	-0.863384
chr4:43500000-44000000	chr4	0.0752468	0.570379	0.27867	0	-0.511493	0.598062	0.0406446	-0.081305	-0.821511	-0.878492
chr4:44000000-44500000	chr4	0.066711	0.462254	0.466652	1	-0.402007	0.841878	-0.00733116	-0.0987012	-0.622237	-0.667469
chr4:44500000-45000000	chr4	0.199212	0.522571	0.377491	3	0.45859	1.33596	0.958508	0.92496	-0.0747839	0.0778921
chr4:45000000-45500000	chr4	0.44761	0.339621	0.662562	0	1.02761	1.35795	0.936471	1.19115	0.531487	0.798443
chr4:45500000-46000000	chr4	0.575568	0.406616	0.533082	0	0.478677	1.40411	0.821504	0.579751	-0.302954	-0.07018
chr4:46000000-46500000	chr4	0.283855	0.376264	0.369657	2	-0.0251918	0.861389	0.270055	0.241368	-0.745495	-0.656144
chr4:46500000-47000000	chr4	-0.242072	0.685955	0.356396	2	-0.20899	0.739738	0.166561	0.279995	-0.72399	-0.826298
chr4:47000000-47500000	chr4	-0.151379	-0.403392	0.102154	3	0.199461	1.10905	0.486382	0.450525	-0.614562	-0.351643
chr4:47500000-48000000	chr4	-0.130963	-0.176661	0.0481302	2	1.37484	1.91727	1.59952	1.66963	0.931033	0.914341
chr4:48000000-48500000	chr4	-0.18498	-0.383827	-0.176041	7	1.46745	1.664	1.46195	1.7567	1.1076	1.25321
chr4:48500000-49000000	chr4	-0.0125107	-0.57879	-0.149323	4	1.51286	1.4995	1.2984	1.51604	1.03679	1.17531
chr4:52000000-52500000	chr4	0.117201	0.642083	-0.136338	3	-0.582767	-1.00526	-0.664087	-0.700923	-0.119459	-0.0394557
chr4:52500000-53000000	chr4	-0.0248627	-0.0759084	-0.00733573	3	0.631944	0.0139339	0.537665	0.635561	1.02972	0.986747
chr4:53000000-53500000	chr4	-0.135035	-0.342721	-0.15359	2	0.364742	-0.195104	0.138484	0.122337	0.473704	0.730661
chr4:53500000-54000000	chr4	-0.179442	-0.403377	-0.312809	1	0.828525	0.423428	1.03028	0.980634	1.28989	1.30211
chr4:54000000-54500000	chr4	-0.274354	-0.213263	-0.135452	3	0.869133	0.254072	0.663616	0.792658	1.153	1.28426
chr4:54500000-55000000	chr4	0.0829451	0.0970955	-0.191017	1	0.784354	0.50009	0.679451	1.10592	1.19388	1.24708
chr4:55000000-55500000	chr4	-0.135017	-0.112436	-0.0199808	3	1.34725	0.865643	0.877375	1.37914	1.21681	1.34993
chr4:55500000-56000000	chr4	-0.254552	-0.217448	0.0192964	6	0.77482	0.151504	0.651058	0.736893	0.953847	1.0486
chr4:56000000-56500000	chr4	-0.153592	-0.263151	-0.488036	5	0.92063	0.27856	0.489738	1.23278	1.02504	0.987017
chr4:56500000-57000000	chr4	-0.20591	-0.562848	-0.33362	7	1.16184	0.503961	0.961369	0.937654	1.59254	1.37711
chr4:57000000-57500000	chr4	-0.0120166	-0.14916	-0.127359	1	-0.253762	-0.533648	-0.340678	-0.248149	-0.11667	-0.0335772
chr4:57500000-58000000	chr4	0.265176	0.302709	0.172183	0	-1.08923	-0.931483	-0.957471	-0.728239	-1.08268	-0.832858
chr4:58000000-58500000	chr4	0.422574	0.129231	0.116456	0	-0.749049	-0.81603	-1.01309	-1.05425	-0.765726	-0.666278
chr4:58500000-59000000	chr4	0.0280563	-0.356183	0.332115	0	-1.22	-0.898463	-0.761875	-0.863498	-1.06155	-0.65072
chr4:59000000-59500000	chr4	0.115514	-0.0134054	0.422052	0	-1.1759	-1.08182	-1.13187	-1.20339	-1.11526	-0.853577
chr4:59500000-60000000	chr4	0.089281	0.238805	0.15188	0	-1.60459	-1.5434	-1.45924	-1.4519	-1.50928	-1.2946
chr4:60000000-60500000	chr4	0.412321	-0.0972421	0.351638	0	-1.08678	-0.925667	-0.96059	-1.08283	-0.989309	-0.936764
chr4:60500000-61000000	chr4	-0.00888596	-0.0690926	0.258261	0	-1.31604	-1.15544	-1.26441	-1.26693	-1.28872	-1.12192
chr4:61000000-61500000	chr4	0.25149	-0.192831	0.202995	1	-0.604064	-0.863804	-0.518379	-0.919602	-0.323884	-0.411092
chr4:61500000-62000000	chr4	-0.0236458	0.0572431	0.0939453	0	-0.338794	-0.924797	-0.88964	-0.61277	-0.107091	-0.419817
chr4:62000000-62500000	chr4	0.2869	0.27707	0.175111	0	-0.844049	-1.02754	-0.696453	-0.844168	-0.685416	-0.721591
chr4:62500000-63000000	chr4	0.156033	0.19048	0.23834	0	-0.827861	-0.96632	-0.930522	-0.927574	-0.84324	-0.889406
chr4:63000000-63500000	chr4	0.236774	0.280274	0.574901	0	-1.39084	-1.24801	-1.43115	-1.66315	-1.35564	-1.46732
chr4:63500000-64000000	chr4	0.256947	0.365759	0.450782	0	-1.51003	-1.60922	-1.49728	-1.53587	-1.30349	-1.44089
chr4:64000000-64500000	chr4	0.359361	0.162812	0.858281	1	-0.569995	-0.859192	-0.677941	-0.760679	-0.305779	-0.256387
chr4:64500000-65000000	chr4	0.243408	0.491438	0.301711	0	-1.18595	-1.09599	-1.18931	-1.14705	-1.13462	-1.23832
chr4:65000000-65500000	chr4	0.0675829	0.0834077	0.24727	0	-0.999283	-1.02091	-1.05424	-1.17657	-1.22956	-1.2358
chr4:65500000-66000000	chr4	0.116801	-0.365966	-0.199649	1	-1.23189	-1.21554	-1.29082	-1.17502	-1.22293	-1.22393
chr4:66000000-66500000	chr4	-0.305177	-0.112713	0.114015	0	-1.42004	-1.2372	-1.21212	-0.89025	-1.11315	-1.04638
chr4:66500000-67000000	chr4	-0.0547109	-0.140824	0.12675	0	-1.07877	-1.21082	-0.946668	-0.861883	-0.836784	-0.925434
chr4:67000000-67500000	chr4	0.236772	0.620814	-0.246468	0	-0.708548	-0.736621	-0.75777	-0.723563	-0.418291	-0.501062
chr4:67500000-68000000	chr4	-0.0365921	0.285504	0.0930694	6	-0.692189	-1.0763	-1.00684	-0.755681	-0.402816	-0.64542
chr4:68000000-68500000	chr4	0.264366	0.245524	0.224323	4	-0.892452	-1.01899	-0.933537	-1.14232	-0.682951	-0.580426
chr4:68500000-69000000	chr4	0.196901	0.457487	0.011008	4	-1.04984	-0.967227	-0.633059	-0.768197	-0.580198	-0.432619
chr4:69000000-69500000	chr4	-0.0451311	0.507547	0.271292	4	-0.933939	-1.25094	-1.18095	-0.991389	-1.04948	-0.969518
chr4:69500000-70000000	chr4	0.144725	0.417132	0.313689	7	-1.44408	-1.38384	-1.30532	-1.10438	-1.40728	-1.23903
chr4:70000000-70500000	chr4	0.521445	0.705842	0.274781	11	-1.35001	-1.47958	-1.46525	-1.35933	-1.22348	-1.15816
chr4:70500000-71000000	chr4	0.0490029	-0.572423	-0.0470904	9	0.652079	-0.24402	0.593843	0.562988	0.959956	0.805765
chr4:71000000-71500000	chr4	-0.126833	-0.21308	-0.228694	1	0.544111	0.0161818	0.103057	0.270431	0.538401	0.817005
chr4:71500000-72000000	chr4	-0.143577	0.205026	-0.0288189	1	-0.534871	-0.220728	-0.233935	-0.191783	0.245801	0.0898872
chr4:72000000-72500000	chr4	-0.0531042	0.428393	0.0429156	1	-0.869277	-0.872412	-0.575411	-0.911959	-0.68136	-0.562705
chr4:72500000-73000000	chr4	0.140038	0.0642977	-0.0179294	1	-0.371186	-0.680788	-0.49305	-0.200762	0.0907881	0.165845
chr4:73000000-73500000	chr4	-0.197243	-0.615668	-0.0241865	5	-0.221853	-0.410475	-0.403678	-0.467322	-0.0358026	0.191919
chr4:73500000-74000000	chr4	-0.0610016	-0.282646	-0.0097845	8	-1.11471	-1.39246	-1.06487	-0.847227	-0.696207	-0.806893
chr4:74000000-74500000	chr4	-0.141993	-0.693906	0.0320003	6	-0.0280303	-0.426281	-0.372378	-0.400262	0.0191169	-0.415324
chr4:74500000-75000000	chr4	-0.297134	0.363696	0.0113582	2	-0.631203	-0.453593	-0.602351	-0.394237	-0.358138	-0.288139
chr4:75000000-75500000	chr4	0.181177	0.877821	-0.0637715	0	-0.331704	-0.400549	-0.38336	-0.307925	-0.644348	-0.304247
chr4:75500000-76000000	chr4	-0.00951586	-0.646444	-0.340122	9	1.26033	0.785973	0.933508	1.08166	1.25952	1.32611
chr4:76000000-76500000	chr4	-0.0522969	-0.52667	-0.0208566	10	1.58248	0.5938	1.39637	1.44665	1.70313	1.43007
chr4:76500000-77000000	chr4	-0.077979	-0.842575	0.0849867	2	1.43535	0.997515	1.25226	1.43339	1.23025	1.57486
chr4:77000000-77500000	chr4	-0.0578052	0.136813	-0.16784	2	1.00442	0.619388	1.0229	1.05484	1.24679	1.53388
chr4:77500000-78000000	chr4	-0.185343	-0.071439	-0.203052	3	0.565374	0.481401	0.755908	0.802102	1.04807	1.40207
chr4:78000000-78500000	chr4	0.277101	0.277936	0.0517291	1	1.4176	0.587947	1.14962	1.19479	1.37172	1.35477
chr4:78500000-79000000	chr4	0.0305883	-0.675789	-0.254374	3	1.37791	0.366925	1.07665	1.18088	1.45797	1.32591
chr4:79000000-79500000	chr4	0.352482	0.381895	0.261417	2	0.660377	-0.185902	0.0598581	0.346261	0.165045	0.401815
chr4:79500000-80000000	chr4	0.0535973	0.214192	0.217723	0	-0.277074	-0.432608	-0.503031	0.0088243	0.0159592	0.0801581
chr4:80000000-80500000	chr4	0.188458	-0.70813	0.0394826	4	-0.420355	-0.385786	-0.138445	-0.136932	0.206718	0.0320776
chr4:80500000-81000000	chr4	0.33327	0.682365	0.309955	0	-1.51133	-1.45824	-1.38669	-1.59224	-1.28261	-1.46141
chr4:81000000-81500000	chr4	0.283851	0.900144	-0.0439334	3	-0.436035	-0.723734	-0.434928	-0.392981	-0.358105	-0.563506
chr4:81500000-82000000	chr4	0.168671	1.30223	0.0352422	0	-0.19852	-0.0186468	0.0316936	-0.127702	-0.00256667	-0.00779585
chr4:82000000-82500000	chr4	0.14246	0.383483	0.117166	3	0.229394	-0.090491	0.269063	0.232495	0.510678	0.210985
chr4:82500000-83000000	chr4	0.0373421	-0.552855	-0.133283	4	1.31245	0.491231	1.02265	1.28077	1.49954	1.46278
chr4:83000000-83500000	chr4	-0.118632	-0.219556	-0.0434968	8	0.179117	-0.277667	0.0306984	0.355639	0.815887	0.525817
chr4:83500000-84000000	chr4	-0.18202	0.177963	0.0593544	1	-0.311222	-0.463103	-0.490465	-0.236158	-0.433832	-0.461508
chr4:84000000-84500000	chr4	0.0605284	1.16218	0.109823	1	-0.76072	-0.568909	-0.731043	-0.287395	-0.639003	-0.609918
chr4:84500000-85000000	chr4	-0.26368	-0.525713	0.105088	2	0.407512	-0.0340873	0.675774	0.240176	0.738175	0.815594
chr4:85000000-85500000	chr4	0.420581	0.417523	0.0857791	1	-1.02847	-1.20347	-1.0632	-1.10039	-1.32	-1.05447
chr4:85500000-86000000	chr4	-0.0960818	-0.18124	0.115823	0	-1.00832	-1.13407	-1.31329	-1.44445	-1.06457	-1.14594
chr4:86000000-86500000	chr4	-0.096204	0.0135715	-0.347829	1	-0.868889	-1.1263	-0.861249	-0.820377	-0.570283	-0.39211
chr4:86500000-87000000	chr4	-0.0731862	-0.548005	-0.221031	4	0.470947	0.157464	0.184952	0.851121	0.940814	1.0556
chr4:87000000-87500000	chr4	-0.448183	-0.409679	-0.103155	5	0.324309	0.183159	0.765138	0.775212	1.06807	1.20663
chr4:87500000-88000000	chr4	-0.262368	-0.186668	-0.223743	6	-0.333949	-0.577436	-0.537694	-0.273338	-0.00561133	0.172722
chr4:88000000-88500000	chr4	-0.31244	-0.197538	-0.345221	5	0.827645	0.155405	0.365304	0.727454	1.05106	1.05949
chr4:88500000-89000000	chr4	-0.0101791	-0.51164	-0.349609	4	0.318898	0.239426	0.362095	0.531352	0.407055	0.589099
chr4:89000000-89500000	chr4	-0.115573	-0.172949	-0.0870842	3	0.420089	0.111148	0.182453	0.286928	0.312237	0.462589
chr4:89500000-90000000	chr4	-0.12194	-0.160487	-0.109411	2	-0.6139	-0.742491	-0.116323	-0.518446	-0.279245	-0.102674
chr4:90000000-90500000	chr4	-0.0451451	0.594321	0.39729	1	-0.741613	-0.830834	-0.80137	-0.669839	-0.763377	-0.831327
chr4:90500000-91000000	chr4	0.310589	0.230414	0.279034	0	-1.09916	-0.970571	-1.23721	-0.925532	-1.12545	-0.880194
chr4:91000000-91500000	chr4	0.517008	0.207141	0.478109	0	-1.23957	-0.92624	-1.13543	-0.954651	-1.20933	-1.04897
chr4:91500000-92000000	chr4	0.122333	0.395342	0.481831	0	-1.44359	-1.29266	-1.48767	-1.41622	-1.33265	-1.2036
chr4:92000000-92500000	chr4	0.439379	0.194622	0.14993	1	-0.77992	-0.863759	-0.993446	-0.901503	-0.945558	-0.823761
chr4:92500000-93000000	chr4	0.367152	0.146489	0.206356	0	-0.81259	-0.815294	-1.17005	-0.897781	-0.899014	-0.798016
chr4:93000000-93500000	chr4	0.26257	0.118924	0.16938	0	-1.14498	-0.889651	-1.09101	-1.13574	-1.09574	-1.10369
chr4:93500000-94000000	chr4	0.397228	0.477152	0.0690618	1	-0.713899	-0.62702	-0.768806	-0.658332	-0.85564	-0.598255
chr4:94000000-94500000	chr4	0.460378	-0.695668	-0.0857415	3	0.197713	-0.0539492	0.263846	0.36759	0.532074	0.345311
chr4:94500000-95000000	chr4	0.165759	-0.823712	-0.104105	1	0.813893	0.412596	0.947286	0.756616	1.23055	0.97179
chr4:95000000-95500000	chr4	-0.0118226	-0.206007	-0.187292	0	0.20617	-0.365796	0.0549077	-0.179389	0.173227	0.22844
chr4:95500000-96000000	chr4	0.00170929	-0.141146	-0.00160773	2	-0.144166	-0.700703	-0.573606	-0.171615	-0.443543	-0.418185
chr4:96000000-96500000	chr4	0.153663	-0.0341497	-0.120512	0	-0.844036	-1.0705	-1.02781	-0.982436	-1.00685	-1.08209
chr4:96500000-97000000	chr4	-0.23298	0.348229	0.0510769	0	-0.698126	-1.33993	-1.3452	-1.20038	-1.12537	-0.963753
chr4:97000000-97500000	chr4	0.141634	0.680581	0.264558	0	-1.10827	-1.28098	-1.07765	-1.36279	-1.40704	-1.405
chr4:97500000-98000000	chr4	0.234403	0.460405	0.174812	0	-1.0427	-1.0322	-1.11892	-1.09045	-1.34507	-1.10798
chr4:98000000-98500000	chr4	-0.100983	-0.148859	-0.0637127	2	-0.912657	-0.836779	-0.662228	-0.80471	-0.349725	-0.382628
chr4:98500000-99000000	chr4	-0.113063	-0.35535	-0.284706	3	0.486549	-0.175212	0.516867	0.360948	0.867385	0.644088
chr4:99000000-99500000	chr4	-0.120561	0.504775	-0.112201	7	-0.839166	-1.20887	-1.20129	-0.951044	-0.933657	-0.801119
chr4:99500000-100000000	chr4	0.217159	-0.00524134	0.0195659	8	-0.534888	-0.821905	-0.398279	-0.179802	0.130937	-0.167851
chr4:100000000-100500000	chr4	-0.243325	-0.265131	-0.251003	1	-0.380564	-0.192653	-0.105903	-0.340437	-0.328735	0.020229
chr4:100500000-101000000	chr4	-0.141961	-0.462705	-0.304562	1	-0.764472	-0.404292	-0.406422	-0.245021	-0.378422	-0.36324
chr4:101000000-101500000	chr4	-0.0681426	-0.876468	0.0936592	1	0.0918496	-0.0444044	0.382458	0.604318	-0.105511	0.135938
chr4:101500000-102000000	chr4	-0.164731	-0.505731	-0.211379	1	-0.686332	-0.601672	-0.363524	-0.448089	-0.135824	-0.515147
chr4:102000000-102500000	chr4	-0.0453408	-0.478567	-0.0766509	1	-0.269561	-0.373207	-0.029855	-0.108092	0.406959	0.0632158
chr4:102500000-103000000	chr4	-0.253734	-0.644198	-0.225893	4	1.02718	0.35232	0.76139	0.731591	0.865135	1.12515
chr4:103000000-103500000	chr4	-0.136048	0.543352	-0.0767085	4	-1.12373	-0.949012	-0.877594	-0.989643	-0.662565	-0.584103
chr4:103500000-104000000	chr4	0.213028	0.800183	0.211382	1	-1.42761	-1.34245	-1.42807	-1.3578	-1.41927	-1.27079
chr4:104000000-104500000	chr4	0.37558	0.388207	0.305617	1	-1.31256	-1.1273	-0.897974	-0.840936	-1.23407	-1.23469
chr4:104500000-105000000	chr4	0.147208	0.36022	-0.0960051	0	-1.29326	-0.919647	-0.996981	-1.01115	-1.067	-1.2051
chr4:105000000-105500000	chr4	-0.0326581	-0.321871	-0.0815061	2	-0.876135	-0.984806	-0.976873	-0.752879	-0.658847	-0.486961
chr4:105500000-106000000	chr4	-0.102442	0.0180722	-0.0726599	4	-0.875665	-1.06433	-0.679551	-0.958625	-0.353374	-0.348976
chr4:106000000-106500000	chr4	-0.385241	-0.063952	-0.269783	3	-0.763523	-0.976807	-0.639618	-0.939436	-0.719969	-0.369237
chr4:106500000-107000000	chr4	0.0142922	-0.0426131	-0.0416785	0	-1.79155	-1.31026	-1.60305	-1.74416	-1.47149	-1.47227
chr4:107000000-107500000	chr4	0.12438	0.0358815	0.00441059	1	-1.47704	-1.30653	-1.30677	-1.35622	-1.24697	-1.32071
chr4:107500000-108000000	chr4	-0.0960648	-0.304908	-0.40262	4	-0.869514	-1.1672	-1.13779	-0.451014	-0.651125	-0.632769
chr4:108000000-108500000	chr4	-0.421951	-0.332848	-0.396013	1	1.3012	0.732232	1.11652	1.41955	1.31969	1.31072
chr4:108500000-109000000	chr4	-0.109456	-0.644106	-0.213239	3	1.2171	0.837563	0.798855	1.17873	1.25713	1.54829
chr4:109000000-109500000	chr4	-0.315723	-0.648076	-0.0039798	2	1.27984	0.798749	0.811132	1.0345	1.22222	1.18406
chr4:109500000-110000000	chr4	-0.236776	-0.475823	-0.4165	8	0.996919	0.608865	0.997191	1.12951	1.21645	1.18698
chr4:110000000-110500000	chr4	-0.342048	-0.466617	-0.302482	2	1.19664	0.746442	1.22258	1.33325	1.27248	1.32634
chr4:110500000-111000000	chr4	-0.296414	-0.65551	-0.0666487	1	0.136341	0.145095	-0.0293766	0.106605	0.338851	0.459526
chr4:111000000-111500000	chr4	-0.0669924	-0.600688	-0.0881113	0	-0.788872	-1.00715	-0.947816	-0.82691	-0.952863	-0.66476
chr4:111500000-112000000	chr4	-0.128188	-0.613825	0.129268	0	0.366126	0.011569	0.406591	0.594397	0.347606	0.793766
chr4:112000000-112500000	chr4	-0.44285	0.0124193	-0.192054	4	0.935854	0.43104	0.238225	0.760236	0.720735	1.09814
chr4:112500000-113000000	chr4	-0.0487575	-0.0971323	0.0593214	3	0.679051	0.359577	0.749717	0.80461	0.824684	1.20475
chr4:113000000-113500000	chr4	0.0183645	-0.480481	-0.16382	1	-0.247148	-0.174517	0.284345	-0.134642	0.273537	0.148947
chr4:113500000-114000000	chr4	-0.105008	-1.44183	0.0143427	2	-0.0593009	-0.231049	0.205209	-0.088632	0.301222	0.00680378
chr4:114000000-114500000	chr4	-0.109031	-0.59278	0.301631	0	-0.886809	-0.801279	-0.862078	-1.23601	-0.997041	-0.945423
chr4:114500000-115000000	chr4	0.108342	0.740597	0.117577	1	-1.29469	-1.35445	-1.46389	-1.34408	-1.39181	-1.50044
chr4:115000000-115500000	chr4	0.472175	0.393629	0.705258	1	-1.52701	-1.51166	-1.68185	-1.61651	-1.52081	-1.57075
chr4:115500000-116000000	chr4	0.547703	0.344005	0.462179	0	-1.56285	-1.53465	-1.5582	-1.60296	-1.56234	-1.65505
chr4:116000000-116500000	chr4	0.456586	0.308577	0.307641	0	-1.35811	-1.28103	-1.48202	-1.47795	-1.49536	-1.49904
chr4:116500000-117000000	chr4	0.314047	0.453565	0.241992	0	-1.57137	-1.47563	-1.55788	-1.7172	-1.69229	-1.68959
chr4:117000000-117500000	chr4	-0.0375313	0.209379	0.248183	1	-1.36341	-1.29301	-1.55972	-1.37252	-1.56775	-1.36157
chr4:117500000-118000000	chr4	0.297029	0.687929	0.275318	0	-1.30173	-1.10208	-1.29434	-1.17465	-1.46504	-1.4161
chr4:118000000-118500000	chr4	0.0628408	0.220548	-0.0275365	2	-0.564241	-0.600539	-0.611955	-0.713741	-0.587041	-0.622473
chr4:118500000-119000000	chr4	-0.12428	-0.718596	-0.176234	3	0.896937	0.481086	0.749738	0.44827	1.18803	1.11085
chr4:119000000-119500000	chr4	-0.112833	-0.615685	-0.22635	4	0.963859	0.756867	1.00941	0.806733	1.51855	1.30355
chr4:119500000-120000000	chr4	0.0861426	-0.43744	-0.0778936	1	-1.40725	-1.47268	-1.35512	-1.31239	-0.394232	-0.716762
chr4:120000000-120500000	chr4	0.0191603	0.365269	0.144814	1	-1.22425	-1.22238	-1.2586	-1.41319	-0.668627	-0.940574
chr4:120500000-121000000	chr4	0.212206	0.198134	-0.108804	1	-0.549616	-0.858617	-0.654561	-0.594131	-0.0996882	-0.631799
chr4:121000000-121500000	chr4	0.148218	-0.0478468	-0.175707	3	-0.38819	-0.359049	-0.222041	-0.108822	0.484462	0.507312
chr4:121500000-122000000	chr4	-0.378104	-0.295203	-0.314358	6	0.328359	0.12753	0.282762	0.198021	0.992992	1.08816
chr4:122000000-122500000	chr4	-0.248279	-0.302939	-0.388557	3	0.399988	0.546524	0.628904	0.649626	0.940857	1.25654
chr4:122500000-123000000	chr4	-0.159349	-0.729277	-0.361802	5	0.458892	0.0386489	0.537035	0.165804	0.819013	0.798047
chr4:123000000-123500000	chr4	-0.296332	-0.508013	-0.424348	1	0.328605	-0.179166	0.101565	0.0134522	0.775593	0.609296
chr4:123500000-124000000	chr4	-0.20272	-0.783402	-0.314301	0	0.782971	0.394164	0.74633	0.445838	1.25876	0.906408
chr4:124000000-124500000	chr4	-0.0746321	-0.715064	-0.243852	0	-0.349663	-0.479019	-0.153694	0.0983989	0.0350331	-0.292547
chr4:124500000-125000000	chr4	-0.0249302	-0.667396	-0.0488844	1	-0.354719	-0.555567	-0.72778	-0.271629	-0.541933	-0.456855
chr4:125000000-125500000	chr4	-0.151208	-0.838373	-0.16063	1	-0.605285	-0.722554	-0.57255	-0.844295	-0.638332	-0.545619
chr4:125500000-126000000	chr4	-0.0328931	-0.363219	-0.0429704	0	-1.11798	-0.989529	-1.19862	-1.22529	-1.16083	-1.22628
chr4:126000000-126500000	chr4	-0.257508	0.0544753	0.0196535	0	-1.70871	-1.39915	-1.66863	-1.62126	-1.4604	-1.63793
chr4:126500000-127000000	chr4	-0.0124805	-0.527397	-0.0968609	0	-1.06332	-1.10308	-0.873543	-1.03086	-0.441576	-0.993549
chr4:127000000-127500000	chr4	-0.0726466	0.40558	-0.0696182	0	-1.43011	-1.10616	-1.20922	-1.26006	-1.03721	-1.01314
chr4:127500000-128000000	chr4	-0.0483117	-0.225447	-0.0741651	6	-0.358748	-0.49216	-0.235574	-0.239617	0.15836	0.299904
chr4:128000000-128500000	chr4	-0.170192	-0.507685	-0.424553	2	0.522533	0.308482	0.509684	0.720249	1.08536	1.24115
chr4:128500000-129000000	chr4	0.0424358	-0.44506	0.112089	1	0.434834	0.0312617	0.392858	0.262717	0.598705	0.546109
chr4:129000000-129500000	chr4	0.127477	0.407507	-0.0861574	2	-0.469166	-0.636438	-0.470087	-0.799159	-0.695728	-0.695103
chr4:129500000-130000000	chr4	0.375211	0.580527	0.33826	0	-0.936145	-0.855164	-1.0774	-1.17689	-0.928359	-0.99757
chr4:130000000-130500000	chr4	0.130531	0.424294	0.329333	0	-1.06232	-0.793634	-0.905008	-1.23168	-1.22064	-1.06959
chr4:130500000-131000000	chr4	0.275974	0.584176	0.609827	0	-1.10572	-0.765575	-0.923438	-1.09343	-1.15006	-1.14994
chr4:131000000-131500000	chr4	0.206172	0.186893	0.288744	0	-1.07833	-1.1123	-1.27396	-1.34735	-1.3009	-1.33159
chr4:131500000-132000000	chr4	-0.246046	0.0847904	0.166371	0	-0.896242	-0.924859	-0.933906	-1.13313	-0.973932	-1.16551
chr4:132000000-132500000	chr4	0.106295	-0.0647074	0.1385	0	-1.02975	-1.19511	-1.20692	-1.25671	-1.35594	-1.34043
chr4:132500000-133000000	chr4	0.427066	0.0604348	0.155067	0	-0.760604	-0.841839	-0.80633	-0.967128	-0.762601	-1.032
chr4:133000000-133500000	chr4	-0.0124361	0.0162486	0.21551	1	-0.583788	-0.552253	-0.703975	-0.942469	-0.770097	-0.642581
chr4:133500000-134000000	chr4	0.159344	-0.21368	0.0439695	0	-0.663825	-0.818836	-1.09242	-1.12031	-1.11899	-0.95242
chr4:134000000-134500000	chr4	-0.0410803	-0.24958	0.0342125	1	-0.692583	-0.802242	-0.934115	-0.956025	-0.940508	-0.846028
chr4:134500000-135000000	chr4	0.00510421	0.0948626	0.284834	0	-0.380123	-0.622927	-0.682915	-0.880634	-1.02017	-0.856504
chr4:135000000-135500000	chr4	0.417814	-0.124408	0.235225	0	-0.748637	-0.88003	-1.34033	-1.17137	-1.25142	-1.36185
chr4:135500000-136000000	chr4	0.322495	-0.0398676	0.466695	0	-1.19006	-0.866493	-1.44413	-1.3207	-1.31682	-1.50788
chr4:136000000-136500000	chr4	0.207034	-0.0962087	0.221327	0	-1.22456	-1.26109	-1.26457	-1.42554	-1.27383	-1.35822
chr4:136500000-137000000	chr4	0.086015	-0.177183	0.0958162	0	-0.845794	-0.892263	-0.939187	-1.00755	-1.03704	-1.03409
chr4:137000000-137500000	chr4	0.00814192	-0.788316	0.0841797	0	-0.515361	-0.807545	-0.546436	-0.859874	-0.761018	-0.642211
chr4:137500000-138000000	chr4	0.0534753	-0.952239	0.0295355	1	-0.403711	-0.535652	-0.207076	-0.383572	-0.385551	-0.395835
chr4:138000000-138500000	chr4	-0.0683149	-0.811762	-0.197482	1	0.110059	0.337132	-0.00161483	0.0884739	0.172368	0.345706
chr4:138500000-139000000	chr4	-0.158986	-0.542766	-0.467061	0	-0.0930144	0.43766	0.314447	0.182125	0.327661	0.381646
chr4:139000000-139500000	chr4	0.132409	-1.41854	-0.162063	6	1.46003	1.04623	1.41375	1.45388	1.55536	1.7191
chr4:139500000-140000000	chr4	-0.160636	-0.670699	-0.280481	2	1.61372	1.23581	1.42701	1.59608	1.44066	1.43393
chr4:140000000-140500000	chr4	-0.0976829	-0.905967	-0.246472	4	1.63152	1.1739	1.40257	1.51177	1.56914	1.25348
chr4:140500000-141000000	chr4	-0.0646853	-0.571705	-0.295388	3	1.03226	0.575573	1.06264	1.00533	1.39456	1.10785
chr4:141000000-141500000	chr4	0.0116199	-0.599819	-0.0576443	2	0.0385224	0.0996647	-0.147542	-0.236096	-0.304075	-0.38422
chr4:141500000-142000000	chr4	-0.247975	-0.535911	-0.204983	1	-0.930642	-0.85542	-1.1298	-1.0845	-1.15723	-0.937837
chr4:142000000-142500000	chr4	-0.28847	-0.563275	-0.113707	0	-0.275073	-0.531765	-0.201176	-0.452226	-0.487833	-0.379563
chr4:142500000-143000000	chr4	-0.00643252	-0.446208	-0.200934	1	-0.144039	-0.160883	-0.408307	-0.370172	-0.773544	-0.556645
chr4:143000000-143500000	chr4	0.0943523	-0.127963	-0.23748	2	0.0185228	0.260323	0.211177	0.126231	-0.0632302	0.175874
chr4:143500000-144000000	chr4	0.117083	0.716386	0.039742	3	-0.565884	-0.0215709	-0.596557	-0.366521	-0.637832	-0.507768
chr4:144000000-144500000	chr4	0.176546	0.41317	0.212006	2	-0.488394	-0.599265	-0.514322	-0.634171	-0.605537	-0.0559528
chr4:144500000-145000000	chr4	-0.0210641	0.315805	-0.107216	1	-0.989433	-0.998854	-1.04822	-1.16247	-0.717925	-0.509086
chr4:145000000-145500000	chr4	-0.0753808	-0.0475031	-0.26349	4	-0.316777	-0.575867	-0.540578	-0.459942	-0.0305681	0.0884236
chr4:145500000-146000000	chr4	-0.124546	-0.105659	-0.243036	3	0.389328	-0.101507	-0.186236	0.00777721	0.57278	0.511473
chr4:146000000-146500000	chr4	-0.0955596	0.426193	-0.0736041	2	-0.565963	-0.471538	-0.914697	-0.844169	-0.478619	-0.430649
chr4:146500000-147000000	chr4	-0.0525057	0.632473	0.179016	3	-0.878436	-0.91046	-1.0265	-1.23569	-1.06327	-1.3507
chr4:147000000-147500000	chr4	-0.293549	-0.336888	-0.0329465	1	0.461513	0.0366121	0.52121	0.297201	0.185024	0.293729
chr4:147500000-148000000	chr4	0.0985005	-0.822219	-0.428491	3	0.466419	-0.208593	0.736537	0.587634	0.883484	0.58856
chr4:148000000-148500000	chr4	-0.00291427	0.545781	0.0817904	1	-0.825417	-0.792231	-0.856132	-0.823153	-0.44979	-0.611923
chr4:148500000-149000000	chr4	0.392433	0.397889	-0.00256055	0	-1.45413	-1.08746	-1.39692	-1.29754	-1.12994	-0.991216
chr4:149000000-149500000	chr4	-0.0207885	-0.115394	-0.182383	0	-1.46684	-1.42639	-1.32209	-1.55413	-1.41789	-1.39032
chr4:149500000-150000000	chr4	0.249543	-0.549518	-0.0457008	1	-1.59513	-1.22481	-1.56484	-1.65017	-1.55447	-1.39112
chr4:150000000-150500000	chr4	0.0162348	-1.19696	0.231729	1	0.629569	-0.351122	0.158464	0.238999	0.465189	0.606584
chr4:150500000-151000000	chr4	-0.118621	-1.23422	0.0974784	1	0.448997	-0.0899461	0.435546	0.437538	0.514855	0.765859
chr4:151000000-151500000	chr4	0.0613848	-1.09223	-0.0203176	5	1.60978	1.03386	1.47436	1.65931	1.66171	1.70466
chr4:151500000-152000000	chr4	0.00570271	-0.743145	-0.197959	1	1.66273	1.32906	1.83638	1.75543	1.81081	1.67399
chr4:152000000-152500000	chr4	0.0208961	-1.06655	-0.0713443	0	2.1729	1.4557	1.35551	1.79573	1.91727	1.77104
chr4:152500000-153000000	chr4	-0.139045	-0.717773	-0.120109	5	1.68851	1.4385	1.66243	1.49704	1.75122	1.6544
chr4:153000000-153500000	chr4	-0.141779	-0.604216	-0.137244	3	1.23496	1.27864	1.35406	1.12846	1.73294	1.47396
chr4:153500000-154000000	chr4	0.165418	0.174521	-0.0576074	3	0.430461	0.0811523	0.0723627	0.245394	0.503958	0.805711
chr4:154000000-154500000	chr4	0.2128	1.09466	0.186918	1	-0.407879	-0.752195	-0.600785	-0.332719	-0.851662	-0.301504
chr4:154500000-155000000	chr4	0.253331	1.02007	0.0768408	6	-0.650869	-0.820041	-0.655522	-0.563061	-0.647846	-0.681143
chr4:155000000-155500000	chr4	0.278402	0.584267	0.279997	2	-1.17042	-0.85078	-1.07597	-1.21934	-1.10941	-1.32338
chr4:155500000-156000000	chr4	0.143181	-0.228048	0.268047	5	0.258935	0.0903276	0.163155	0.278037	0.27215	0.351735
chr4:156000000-156500000	chr4	0.0724306	-0.531556	-0.177721	0	-0.886297	-0.571135	-1.11099	-1.45524	-0.96969	-1.36282
chr4:156500000-157000000	chr4	-0.00146267	-0.934229	-0.0986238	1	-0.784707	-0.94463	-0.992893	-0.832274	-0.555904	-0.908513
chr4:157000000-157500000	chr4	0.122875	-0.051661	0.27217	2	-1.12008	-1.02785	-1.06398	-1.09917	-1.23454	-1.40808
chr4:157500000-158000000	chr4	0.274182	0.577607	0.216112	0	-1.22492	-0.842923	-0.744074	-0.870386	-1.09836	-0.998062
chr4:158000000-158500000	chr4	0.155598	-0.0498342	-0.0446892	2	-0.632531	-1.06669	-1.15531	-1.12567	-0.782296	-0.836796
chr4:158500000-159000000	chr4	-0.00979111	-0.495378	-0.103186	5	0.279433	-0.29584	0.092669	0.497159	0.656528	0.353134
chr4:159000000-159500000	chr4	0.194148	-1.26568	-0.127769	2	1.24371	0.612315	1.07765	1.00571	1.43094	1.15577
chr4:159500000-160000000	chr4	-0.17688	0.507383	-0.163344	0	-0.451721	-0.603973	-0.496296	-0.51166	-0.748709	-0.631384
chr4:160000000-160500000	chr4	-0.0249694	0.352736	0.118064	0	-1.00608	-0.913916	-1.02097	-1.158	-1.18763	-1.04722
chr4:160500000-161000000	chr4	0.184177	0.00768848	0.111546	0	-1.33025	-0.860906	-1.16504	-1.27921	-1.11614	-1.21852
chr4:161000000-161500000	chr4	0.00633831	0.216719	-0.399793	0	-0.690505	-1.01412	-0.815193	-0.734169	-1.09539	-1.15818
chr4:161500000-162000000	chr4	-0.115041	-0.347956	0.097929	0	-0.448744	-0.619569	-0.517705	-0.442678	-0.785015	-0.473432
chr4:162000000-162500000	chr4	-0.21305	-0.0415433	0.0324521	1	-0.369528	-0.500875	-0.248246	-0.494131	-0.529824	-0.617082
chr4:162500000-163000000	chr4	0.0114054	0.697512	0.120679	0	-0.74921	-0.752934	-0.812475	-1.12028	-0.788901	-1.05815
chr4:163000000-163500000	chr4	-0.0954232	0.746319	-0.0485213	5	-0.123057	-0.104322	-0.144461	-0.0348869	-0.26232	-0.472335
chr4:163500000-164000000	chr4	-0.157956	0.654199	0.00811647	0	-1.39784	-1.11087	-0.978953	-1.30026	-1.07195	-1.32367
chr4:164000000-164500000	chr4	-0.0646134	0.438332	0.0334607	1	-1.19883	-1.30469	-1.28955	-1.3897	-1.25119	-1.25117
chr4:164500000-165000000	chr4	0.0816359	0.966236	0.144263	3	-1.09827	-1.03352	-0.787672	-0.964739	-0.804172	-0.85726
chr4:165000000-165500000	chr4	-0.236946	0.334338	-0.293269	7	0.704802	0.0258784	0.118188	0.17272	0.569005	0.279389
chr4:165500000-166000000	chr4	-0.279743	0.0616849	-0.121729	1	-1.24319	-1.07645	-1.43599	-1.45477	-1.23113	-1.33259
chr4:166000000-166500000	chr4	-0.0847477	-0.172472	0.0190481	0	-1.3078	-1.13118	-1.55152	-1.33606	-1.41987	-1.39425
chr4:166500000-167000000	chr4	0.0576883	0.37003	0.423624	0	-1.405	-1.10709	-1.60155	-1.33009	-1.43756	-1.61909
chr4:167000000-167500000	chr4	0.196288	0.27202	0.295052	1	-1.01933	-0.730381	-1.1982	-0.917925	-1.05805	-1.19825
chr4:167500000-168000000	chr4	0.217822	0.106246	-0.0221003	0	-1.14002	-0.88282	-1.21912	-1.2613	-1.35331	-1.10231
chr4:168000000-168500000	chr4	-0.0544045	-0.867471	-0.116667	4	0.270089	0.320017	0.0923989	-0.0205491	0.240151	-0.0183415
chr4:168500000-169000000	chr4	0.297394	-1.27668	-0.295956	0	0.347881	0.179106	0.286617	0.189277	0.918244	0.302514
chr4:169000000-169500000	chr4	-0.0169088	-1.05367	-0.215012	2	1.04803	0.360564	1.43469	0.753015	1.15966	1.1569
chr4:169500000-170000000	chr4	0.10054	-0.136919	-0.1541	3	0.109117	-0.116759	0.466593	0.234073	0.319656	0.622138
chr4:170000000-170500000	chr4	0.18731	1.05382	0.0373807	2	-1.28062	-1.3432	-1.31386	-1.33277	-1.15129	-1.02467
chr4:170500000-171000000	chr4	0.371639	0.669352	0.523819	0	-1.55032	-1.52056	-1.56274	-1.68972	-1.4357	-1.47423
chr4:171000000-171500000	chr4	0.444689	0.63389	0.546739	0	-1.64702	-1.30166	-1.55157	-1.35107	-1.54236	-1.5831
chr4:171500000-172000000	chr4	0.0260583	0.794432	0.196777	1	-1.3265	-1.30748	-1.46744	-1.38059	-1.55251	-1.4788
chr4:172000000-172500000	chr4	0.341772	0.423883	0.253836	0	-1.18348	-1.39377	-1.52965	-1.34298	-1.45042	-1.45823
chr4:172500000-173000000	chr4	-0.2366	0.591628	0.0588072	0	-1.30872	-1.20066	-1.35787	-1.36185	-1.31447	-1.30808
chr4:173000000-173500000	chr4	-0.22311	-0.370126	-0.0214351	4	0.236755	0.389434	0.568782	0.380391	0.934908	0.79828
chr4:173500000-174000000	chr4	0.0463025	-0.227913	-0.210936	1	0.946593	0.650478	1.35764	0.929152	1.07202	1.27258
chr4:174000000-174500000	chr4	-0.0441819	-0.381632	-0.0496244	2	0.483507	-0.334806	-0.333716	-0.22024	0.204655	-0.265162
chr4:174500000-175000000	chr4	-0.130695	0.41001	-0.0237633	3	-1.5807	-1.35346	-1.31222	-1.45397	-1.27015	-1.41679
chr4:175000000-175500000	chr4	-0.0685501	0.140954	-0.365046	0	-1.83226	-1.47609	-1.4307	-1.72736	-1.55496	-1.56066
chr4:175500000-176000000	chr4	0.307473	0.556787	0.224439	1	-1.41951	-1.57733	-1.53803	-1.6402	-1.53084	-1.60381
chr4:176000000-176500000	chr4	-0.146005	-0.323489	0.0580873	4	-0.0842826	-0.299236	-0.0974957	-0.295549	-0.148771	-0.311327
chr4:176500000-177000000	chr4	-0.298603	-0.778616	0.129785	1	0.126845	0.0270313	-0.222105	0.124404	-0.0264901	-0.0929019
chr4:177000000-177500000	chr4	-0.0761187	-0.356566	0.0392177	2	-0.0974699	0.0234219	-0.326159	-0.0655236	-0.475758	-0.706206
chr4:177500000-178000000	chr4	0.0468732	0.163706	0.125408	0	-0.805327	-0.678626	-0.824469	-0.758453	-0.950895	-0.819621
chr4:178000000-178500000	chr4	0.179691	0.409058	0.469348	0	-0.979583	-0.409602	-1.04975	-0.635406	-0.848988	-0.706052
chr4:178500000-179000000	chr4	0.264313	0.560585	0.426812	0	-1.3572	-0.841403	-1.16398	-1.26755	-1.00682	-1.5207
chr4:179000000-179500000	chr4	0.231246	0.344805	0.365486	0	-1.15341	-1.31792	-0.980431	-1.11471	-1.2669	-1.21271
chr4:179500000-180000000	chr4	0.199022	0.47859	0.249249	0	-1.39087	-1.17237	-1.62123	-1.27875	-1.17638	-1.30765
chr4:180000000-180500000	chr4	0.0896345	0.624471	0.572249	0	-1.0387	-0.941892	-1.29377	-1.26833	-1.15103	-1.22648
chr4:180500000-181000000	chr4	-0.126125	0.609046	0.0886294	0	-0.542086	-0.644482	-0.532657	-0.507639	-0.255717	-0.423652
chr4:181000000-181500000	chr4	0.0277856	0.565463	-0.211973	0	-0.158264	-0.230146	-0.371502	0.232801	0.411279	0.0969872
chr4:181500000-182000000	chr4	-0.148237	-0.414735	-0.120645	0	0.420065	0.628567	0.872037	0.986077	0.71413	0.999975
chr4:182000000-182500000	chr4	-0.100904	-0.703659	0.00803552	1	0.541167	0.826196	0.724128	0.736315	0.988248	0.84431
chr4:182500000-183000000	chr4	-0.173693	-0.528365	-0.151737	1	0.617186	-0.00103905	0.660221	0.498692	0.789634	0.683045
chr4:183000000-183500000	chr4	-0.161436	-0.764573	-0.0307176	4	1.11722	1.008	1.24005	1.17744	1.18589	1.42669
chr4:183500000-184000000	chr4	-0.0467112	-0.130938	-0.378902	4	1.73993	1.27795	1.4609	1.58865	1.61263	1.62871
chr4:184000000-184500000	chr4	-0.344415	0.272755	-0.422251	2	1.74392	1.41774	1.7419	1.50108	1.61974	1.73805
chr4:184500000-185000000	chr4	-0.082804	0.0388685	-0.372165	4	1.98063	1.19948	1.61878	1.725	1.53102	1.72466
chr4:185000000-185500000	chr4	0.0633446	-0.961561	-0.135695	9	1.71207	1.02969	1.60559	1.36332	1.66324	1.69197
chr4:185500000-186000000	chr4	-0.0735362	-0.810899	0.135117	2	1.48777	0.72401	0.765636	0.950948	1.20886	0.882636
chr4:186000000-186500000	chr4	0.208353	0.283332	-0.0685974	5	0.764968	0.415684	0.522436	0.673245	1.2652	1.1301
chr4:186500000-187000000	chr4	0.00365955	-0.621154	-0.0568387	2	0.455305	0.230532	0.517322	0.535264	1.20694	1.08863
chr4:187000000-187500000	chr4	-0.288205	0.0671111	-0.484577	0	-0.278787	-0.09949	0.00383125	-0.0122112	0.837502	0.756959
chr4:187500000-188000000	chr4	-0.144239	0.222426	-0.161067	1	-0.46126	-0.0360103	-0.109621	-0.127518	0.667983	0.215969
chr4:188000000-188500000	chr4	-0.151927	0.103505	-0.327196	2	0.0324643	-0.112416	0.122865	-0.0950969	0.981665	0.95603
chr4:188500000-189000000	chr4	-0.287661	0.462851	-0.066136	0	-0.320749	-0.31776	-0.095508	-0.179699	0.467908	0.740805
chr4:189000000-189500000	chr4	-0.100534	0.962882	0.185764	0	-0.25919	-0.378347	-0.114364	-0.0698326	0.448321	0.703816
chr5:3000000-3500000	chr5	0.0528265	1.05682	0.118344	0	0.939889	1.07329	1.48278	1.32447	1.00991	1.14201
chr5:3500000-4000000	chr5	0.239354	0.940942	0.191938	1	1.03483	1.31148	0.973346	1.04958	0.897982	0.812748
chr5:4000000-4500000	chr5	0.207572	1.04643	0.138069	0	0.882893	0.936577	0.682974	0.803099	0.681468	0.656196
chr5:4500000-5000000	chr5	0.07211	0.953525	0.312504	0	0.507665	0.636247	0.537521	0.555335	0.455801	0.750405
chr5:5000000-5500000	chr5	0.157961	0.519575	-0.131554	2	0.0364835	-0.331133	-0.0721242	0.0537995	0.104729	0.0552385
chr5:5500000-6000000	chr5	-0.0364476	1.40264	0.379012	0	-0.31526	0.11885	0.0202353	-0.187572	0.253755	0.20335
chr5:6000000-6500000	chr5	-0.033627	1.26155	-0.0293042	2	-0.193162	-0.121444	0.239955	-0.138261	-0.0665033	-0.304353
chr5:6500000-7000000	chr5	0.0398875	0.937009	-0.0754007	3	0.237121	0.0807565	0.387353	0.409894	0.316422	0.113894
chr5:7000000-7500000	chr5	-0.00710598	1.27438	0.181048	1	-0.361345	-0.0467515	0.0474764	-0.248327	-0.552719	-0.326359
chr5:7500000-8000000	chr5	-0.102434	1.17763	-0.0167804	3	-0.222509	-0.33938	-0.159736	-0.375152	0.00968534	-0.0301526
chr5:8000000-8500000	chr5	0.0772508	1.08383	0.231165	0	-0.88406	-0.858037	-0.897725	-0.695179	-1.0823	-1.05143
chr5:8500000-9000000	chr5	0.0685569	0.214756	-0.121943	0	-0.677426	-0.539376	-0.646004	-0.851234	-0.858411	-1.08763
chr5:9000000-9500000	chr5	-0.162896	-0.130886	-0.272889	0	-0.0789399	-0.175701	0.0594658	-0.0551725	-0.0272602	-0.0127808
chr5:9500000-10000000	chr5	-0.113945	-0.126839	-0.478883	2	0.381956	0.566775	0.00750168	-0.0576814	0.00329328	0.117735
chr5:10000000-10500000	chr5	-0.131744	-0.00826184	-0.380594	5	0.254479	0.585132	0.733496	0.270454	0.325445	0.540763
chr5:10500000-11000000	chr5	-0.0462963	0.0770644	-0.440363	2	0.613481	0.874548	0.847432	1.07529	0.82697	0.816911
chr5:11000000-11500000	chr5	0.0573262	0.949606	-0.267192	0	0.0106191	-0.0140492	0.202068	0.195821	-0.126202	-0.36432
chr5:11500000-12000000	chr5	0.172782	0.755538	0.584083	1	-0.821839	-0.531266	-0.591459	-0.61064	-0.857036	-0.712059
chr5:12000000-12500000	chr5	0.493192	0.560679	0.16708	0	-1.18737	-0.88705	-0.772685	-0.585844	-1.28743	-1.19468
chr5:12500000-13000000	chr5	0.181558	0.673627	0.366493	0	-1.07211	-0.747342	-1.09121	-1.0408	-1.19233	-1.17727
chr5:13000000-13500000	chr5	0.462447	0.300366	-0.189017	0	-1.09742	-0.777617	-0.953207	-0.855832	-1.1034	-1.07652
chr5:13500000-14000000	chr5	-0.242026	0.442705	0.0270924	1	-0.682201	-0.540718	-0.467648	-0.430887	-0.801612	-0.666144
chr5:14000000-14500000	chr5	0.189781	-0.916519	-0.0172203	1	1.11984	1.13484	1.23308	0.880804	1.15038	0.914776
chr5:14500000-15000000	chr5	0.137047	-0.494312	-0.489664	3	1.16155	1.22358	1.15923	0.74528	1.22177	1.04921
chr5:15000000-15500000	chr5	0.118693	-0.110848	0.00230396	0	0.794588	0.813035	0.671923	0.352488	0.487384	0.545732
chr5:15500000-16000000	chr5	-0.0818263	-0.284268	-0.30321	1	0.397241	0.35011	0.394077	0.394179	0.597114	0.181379
chr5:16000000-16500000	chr5	0.345097	0.30647	-0.144107	2	0.468288	0.918915	0.578356	0.601079	0.499656	0.866024
chr5:16500000-17000000	chr5	-0.293122	-0.197503	0.152227	2	0.853951	0.821921	1.0556	0.90115	0.916796	0.836441
chr5:17000000-17500000	chr5	-0.113577	-0.167644	-0.102464	3	-0.131972	0.367498	0.215516	0.319702	0.278147	-0.00600325
chr5:17500000-18000000	chr5	0.273821	0.806958	0.363573	13	-1.15388	-0.678277	-0.835812	-0.798725	-0.856262	-1.06749
chr5:18000000-18500000	chr5	0.3417	0.533841	0.182592	0	-0.76761	-0.563919	-0.412808	-0.52755	-0.701793	-0.832277
chr5:18500000-19000000	chr5	0.218048	0.497957	0.182308	0	-0.604817	-0.178079	-0.358899	-0.185703	-0.671183	-0.676899
chr5:19000000-19500000	chr5	0.137623	0.256435	0.212831	0	-0.640491	-0.45645	-0.506557	-0.310357	-0.448638	-0.406002
chr5:19500000-20000000	chr5	-0.106501	-0.121003	-0.101509	1	-0.924274	-0.634674	-0.770391	-0.465123	-0.803211	-0.716816
chr5:20000000-20500000	chr5	-0.107048	0.205813	-0.0530348	0	-0.810558	-0.854144	-0.735056	-0.702404	-1.13537	-0.991054
chr5:20500000-21000000	chr5	0.204929	0.317995	0.153937	0	-0.229247	-0.204147	-0.19219	0.208822	-0.286945	-0.598417
chr5:21000000-21500000	chr5	-0.0283706	0.441019	0.232363	0	-0.47733	-0.323617	-0.652431	-0.657038	-0.546464	-0.653569
chr5:21500000-22000000	chr5	0.10088	0.271871	0.162384	0	-0.696828	-0.413987	-0.649189	-0.443729	-0.847723	-0.768727
chr5:22000000-22500000	chr5	0.186739	0.650107	0.332022	0	-0.5878	-0.562386	-0.653132	-0.746004	-1.06007	-0.902156
chr5:22500000-23000000	chr5	0.205542	0.442921	0.703911	1	-0.764232	-0.640031	-0.695541	-0.525575	-1.10662	-1.01782
chr5:23000000-23500000	chr5	0.372364	0.559351	0.444454	0	-0.862914	-0.828594	-0.618943	-0.50782	-0.95032	-1.04309
chr5:23500000-24000000	chr5	0.269607	0.432905	0.45606	1	-1.01132	-0.801273	-0.737484	-0.636112	-1.20128	-1.12758
chr5:24000000-24500000	chr5	0.155226	-0.12452	0.19929	0	-0.690206	-0.724112	-0.54024	-0.677458	-0.918629	-1.06073
chr5:24500000-25000000	chr5	0.135773	-0.018671	-0.0497702	1	-0.620986	-0.386573	-0.696643	-0.443027	-0.873422	-0.87188
chr5:25000000-25500000	chr5	0.0831846	0.453829	0.338186	0	-0.740477	-0.699744	-0.993052	-0.806351	-0.925022	-0.846347
chr5:25500000-26000000	chr5	0.0874981	0.471616	0.486457	0	-1.06593	-0.730572	-0.687222	-0.934177	-1.10954	-0.79824
chr5:26000000-26500000	chr5	0.16181	0.725862	0.268603	0	-0.692286	-0.655792	-0.765423	-0.959543	-1.36451	-1.14813
chr5:26500000-27000000	chr5	-0.197487	0.247426	0.241361	0	-1.08801	-0.976444	-0.966932	-0.934518	-1.22706	-1.14579
chr5:27000000-27500000	chr5	-0.267931	-0.355438	0.118144	1	-0.813893	-0.791849	-1.00231	-0.935912	-0.947167	-1.10703
chr5:27500000-28000000	chr5	0.00422479	-0.321231	0.250708	0	-1.06318	-1.07182	-1.07843	-1.0782	-1.1522	-1.17001
chr5:28000000-28500000	chr5	-0.098546	0.0817696	0.151169	0	-1.06914	-0.678956	-0.671171	-1.14377	-1.03259	-1.04762
chr5:28500000-29000000	chr5	0.19175	0.0729409	0.41169	0	-1.03147	-0.700939	-1.01957	-1.16483	-1.13376	-1.05949
chr5:29000000-29500000	chr5	0.246298	0.463305	0.335425	0	-1.17832	-0.992212	-0.91338	-1.26096	-1.24335	-1.27093
chr5:29500000-30000000	chr5	0.520659	0.298504	0.454451	0	-1.38527	-0.995126	-1.37059	-1.3015	-1.3388	-1.19974
chr5:30000000-30500000	chr5	0.0678724	0.565137	0.34407	0	-1.13224	-1.18263	-1.10292	-1.17729	-1.11869	-1.29391
chr5:30500000-31000000	chr5	0.444728	0.30124	0.266114	0	-1.08762	-0.996985	-1.04367	-1.17532	-1.19314	-1.26026
chr5:31000000-31500000	chr5	-0.0315024	0.531525	-0.039551	1	-0.874699	-0.424053	-0.559641	-0.664944	-0.626251	-0.649763
chr5:31500000-32000000	chr5	-0.1593	0.32308	-0.241133	3	0.933796	0.872542	0.904767	1.08373	0.987614	0.828423
chr5:32000000-32500000	chr5	-0.0875826	-0.635764	-0.290826	3	1.47243	1.37613	1.37703	1.30635	1.26128	1.30498
chr5:32500000-33000000	chr5	-0.0525264	0.0819672	-0.225161	2	-0.384751	0.0663965	-0.121715	-0.0368548	-0.126086	-0.425653
chr5:33000000-33500000	chr5	0.150703	-0.431909	-0.000286504	1	-0.808224	-0.100988	-0.0520962	0.0387323	-0.37475	-0.660682
chr5:33500000-34000000	chr5	-0.243469	-0.0655349	-0.049201	3	0.410844	0.679011	0.816028	0.797181	0.324536	0.353956
chr5:34000000-34500000	chr5	0.0148131	-0.275444	-0.0437359	2	0.0825657	0.453394	0.159976	0.483622	0.394466	0.0011212
chr5:34500000-35000000	chr5	-0.070432	-0.576692	-0.309282	5	1.24966	1.15283	0.971735	1.20394	0.771354	1.02499
chr5:35000000-35500000	chr5	0.0558099	0.334843	0.136653	2	-0.870695	-0.362399	-0.360653	-0.452816	-0.444399	-0.46196
chr5:35500000-36000000	chr5	-0.183406	0.591494	-0.177634	4	-0.752665	-0.592373	-0.825407	-0.501774	-0.711176	-0.636349
chr5:36000000-36500000	chr5	-0.177248	0.200248	-0.141832	5	0.386125	0.452802	0.445208	0.761028	0.64183	0.523289
chr5:36500000-37000000	chr5	-0.21792	-0.395958	-0.0935727	2	1.0565	1.30911	1.27034	1.21169	1.07924	1.12782
chr5:37000000-37500000	chr5	-0.305769	-0.442948	-0.197623	3	0.993029	1.51551	0.814753	1.24603	1.04885	1.45348
chr5:37500000-38000000	chr5	-0.258967	-0.0425676	-0.316987	1	0.255874	0.610139	0.113425	0.7307	0.477652	0.578295
chr5:38000000-38500000	chr5	-0.481523	0.219198	-0.224359	1	0.507656	1.32403	0.594735	1.02961	0.916092	0.691243
chr5:38500000-39000000	chr5	0.0482124	-0.664465	-0.158728	2	1.19707	0.857815	1.27157	0.957191	0.995401	1.08621
chr5:39000000-39500000	chr5	0.177005	-0.561408	0.104832	4	-0.0690167	-0.338065	-0.389738	-0.48782	-0.29913	-0.361669
chr5:39500000-40000000	chr5	-0.0697008	-0.112868	-0.249834	0	-0.595585	-0.801146	-0.806661	-0.919337	-1.11813	-1.03989
chr5:40000000-40500000	chr5	-0.226159	0.14927	0.11861	0	-1.04565	-1.03466	-1.28975	-1.41948	-1.61076	-1.2916
chr5:40500000-41000000	chr5	-0.0938153	-0.139254	-0.201543	6	-0.334777	-0.342019	-0.131574	-0.722228	-0.684558	-0.708871
chr5:41000000-41500000	chr5	0.367772	0.219508	0.339931	2	-0.0930965	-0.0526602	-0.256035	-0.679599	-0.352572	-0.407699
chr5:41500000-42000000	chr5	0.210672	0.232078	0.226486	4	-0.314429	-0.561099	-0.3562	-0.611753	-0.329433	-0.428484
chr5:42000000-42500000	chr5	0.567232	0.669835	0.332504	1	-1.4811	-1.22837	-1.33094	-1.41314	-1.08489	-1.29987
chr5:42500000-43000000	chr5	0.186564	0.24084	0.11567	2	-0.566924	-0.085649	-0.348637	-0.680901	-0.333669	-0.272996
chr5:43000000-43500000	chr5	-0.0424993	-0.277725	-0.179166	6	0.588587	1.04448	0.587587	0.733054	0.778036	0.950791
chr5:43500000-44000000	chr5	0.24186	0.14461	0.128607	3	-0.537833	0.420431	0.0666945	0.257286	0.153574	0.609257
chr5:44000000-44500000	chr5	0.215155	0.794041	0.296697	1	-1.02425	-0.34073	-0.420941	-0.424643	-0.407656	-0.120665
chr5:44500000-45000000	chr5	0.396139	0.412518	0.105047	1	-0.320301	-0.488295	-0.1919	-0.222405	-0.468149	-0.13656
chr5:45000000-45500000	chr5	0.309472	0.326947	0.391206	0	0.470042	-0.268622	0.218099	0.023756	0.0727204	-0.028373
chr5:45500000-46000000	chr5	0.239544	0.616804	0.185476	1	-0.661926	-0.774359	-0.55493	-0.828429	-0.755022	-0.737891
chr5:46000000-46500000	chr5	0.117714	0.867434	0.0381319	0	-0.993599	-1.00886	-0.937839	-0.929805	-1.0776	-1.11128
chr5:50000000-50500000	chr5	-0.0174256	1.06219	0.284874	1	-1.09893	-1.54831	-1.41016	-1.61633	-1.37257	-1.18075
chr5:50500000-51000000	chr5	-0.0240311	0.418733	0.236337	1	-0.940717	-0.910391	-0.913899	-0.752818	-0.844644	-0.759146
chr5:51000000-51500000	chr5	-0.0947414	0.463077	0.352342	1	-0.858865	-0.713928	-0.542377	-0.691007	-0.572919	-0.487553
chr5:51500000-52000000	chr5	0.0494479	-0.175243	-0.0240886	0	-0.858014	-0.966612	-0.851194	-0.810926	-0.69381	-0.474737
chr5:52000000-52500000	chr5	0.340943	0.533226	0.597082	0	-1.41571	-1.50957	-1.65907	-1.48837	-1.3614	-1.37718
chr5:52500000-53000000	chr5	-0.105156	-0.306331	-0.0816217	3	-0.99593	-1.22195	-1.09024	-0.957726	-0.847304	-0.994677
chr5:53000000-53500000	chr5	-0.172567	-0.986446	0.0724363	2	-0.674671	-0.670737	-0.740214	-0.598771	-0.410952	-0.282335
chr5:53500000-54000000	chr5	0.0322725	-0.667508	-0.120372	1	-0.478151	-0.284805	-0.425348	-0.212354	-0.144848	0.0116919
chr5:54000000-54500000	chr5	0.118086	-0.903906	-0.332884	2	0.383129	0.0496913	0.191692	0.244304	0.325947	0.261542
chr5:54500000-55000000	chr5	-0.0307775	-0.646497	0.091248	2	0.744047	0.971866	0.875744	0.811246	0.939118	0.961896
chr5:55000000-55500000	chr5	0.0377917	-1.16826	-0.0662518	8	1.21832	1.2362	1.04741	1.31154	1.27077	1.20004
chr5:55500000-56000000	chr5	-0.00676026	-1.0786	-0.0147059	5	1.45093	1.28475	1.13327	1.3274	1.09456	1.17989
chr5:56000000-56500000	chr5	0.0976304	-0.969384	-0.307125	1	1.50363	1.60671	1.22969	1.33473	1.40099	1.17957
chr5:56500000-57000000	chr5	-0.139546	-1.00018	-0.241613	3	1.40967	1.37067	1.47547	1.49923	1.43615	1.19547
chr5:57000000-57500000	chr5	-0.0101666	-0.975227	-0.202128	2	1.42422	1.21059	0.819346	1.13576	1.03931	1.20238
chr5:57500000-58000000	chr5	-0.0832473	-0.991727	-0.190081	0	0.78335	0.571111	0.411884	0.883089	0.562771	0.290462
chr5:58000000-58500000	chr5	0.0309047	-1.0597	-0.0696518	2	0.587442	0.251087	0.254302	0.412098	0.407851	-0.0696649
chr5:58500000-59000000	chr5	-0.197004	-0.129976	-0.140717	1	-0.116528	-0.490305	-0.275721	-0.0895602	-0.433852	-0.604224
chr5:59000000-59500000	chr5	0.132403	-1.0511	0.0966944	0	-0.388161	-0.725785	-0.514582	-0.607183	-0.0553359	-0.304465
chr5:59500000-60000000	chr5	-0.0604512	-0.776068	-0.0644828	1	-1.23761	-1.50111	-1.17233	-1.57843	-1.10937	-1.27474
chr5:60000000-60500000	chr5	-0.149039	-0.0828581	-0.403115	0	-1.76425	-1.82297	-1.91698	-1.98999	-1.79073	-1.67533
chr5:60500000-61000000	chr5	-0.294092	0.151978	-0.163972	4	-1.23301	-1.7787	-1.42768	-1.46143	-1.3575	-1.33972
chr5:61000000-61500000	chr5	-0.357886	-0.46722	-0.0421823	2	-0.687609	-0.957098	-0.830471	-1.04211	-0.592667	-0.599049
chr5:61500000-62000000	chr5	-0.0973767	0.315065	-0.0813374	0	-0.897341	-1.07542	-0.875797	-0.986835	-0.865667	-0.867742
chr5:62000000-62500000	chr5	0.0639112	0.447561	-0.27218	3	-0.557814	-0.954866	-0.688286	-0.946755	-0.603165	-0.674722
chr5:62500000-63000000	chr5	0.29784	0.90178	-0.0220128	1	-0.92409	-0.875139	-0.887601	-0.996632	-0.97739	-0.770071
chr5:63000000-63500000	chr5	0.204611	0.60248	0.22521	0	-1.46468	-1.23779	-1.42558	-1.51058	-1.42403	-1.35068
chr5:63500000-64000000	chr5	0.472423	0.810931	0.397688	1	-1.54271	-1.59229	-1.6895	-1.70503	-1.45352	-1.5776
chr5:64000000-64500000	chr5	0.0813202	0.831169	0.451028	1	-1.48932	-1.67732	-1.5929	-1.64601	-1.5107	-1.48798
chr5:64500000-65000000	chr5	0.0791948	-0.196529	0.275692	4	-1.01186	-1.07623	-1.29429	-1.26265	-1.12698	-0.906968
chr5:65000000-65500000	chr5	-0.20706	-0.640574	0.221304	1	-1.32753	-1.19595	-1.15972	-1.2677	-0.941583	-0.949105
chr5:65500000-66000000	chr5	0.165755	-1.01812	0.0336624	8	0.598518	0.229915	0.0579742	0.210538	0.356713	0.490478
chr5:66000000-66500000	chr5	0.0343571	0.0816698	-0.106545	1	0.861819	0.828149	0.610558	1.09972	0.582329	0.915307
chr5:66500000-67000000	chr5	0.194882	-0.0197678	0.105375	1	1.08813	0.709133	1.04707	1.11815	0.500938	0.623827
chr5:67000000-67500000	chr5	0.195373	-0.305232	-0.158628	1	1.23339	0.885037	0.636679	0.628118	0.554635	0.755661
chr5:67500000-68000000	chr5	0.21944	0.179579	0.270041	0	0.642237	0.357798	0.162559	0.423017	0.0135283	0.189118
chr5:68000000-68500000	chr5	-0.147788	-0.183792	-0.255959	1	1.02306	0.940045	0.385352	0.748906	0.73253	0.973288
chr5:68500000-69000000	chr5	0.0520555	0.130438	-0.178364	0	0.929303	1.08594	0.659491	0.790619	0.634429	0.725867
chr5:69000000-69500000	chr5	-0.0576959	-0.425255	-0.295412	11	1.51787	1.2755	1.35169	1.41188	1.10685	1.43072
chr5:71500000-72000000	chr5	-0.256666	-0.453168	-0.381027	2	1.34483	1.30825	1.41859	1.50073	1.14765	1.12488
chr5:72000000-72500000	chr5	0.0341831	-0.97893	-0.192768	3	1.52814	1.35267	1.5236	1.26695	1.32851	1.36885
chr5:72500000-73000000	chr5	-0.100562	-1.01679	-0.232518	3	1.40349	1.34879	1.47741	1.49371	1.39695	1.3854
chr5:73000000-73500000	chr5	0.0366592	-0.921063	-0.150963	5	1.69541	1.49467	1.44179	1.40232	1.42629	1.41782
chr5:73500000-74000000	chr5	-0.241926	-0.788248	-0.073857	3	1.11335	1.4901	1.40745	1.51638	1.20882	1.35477
chr5:74000000-74500000	chr5	-0.0215252	-0.704711	-0.274983	0	1.20846	1.34323	1.39244	1.07829	1.29657	1.01781
chr5:74500000-75000000	chr5	-0.0358402	-0.718495	0.0976225	5	0.83617	0.875683	1.04264	0.803937	1.20189	1.16019
chr5:75000000-75500000	chr5	0.0239375	-0.290971	-0.42964	3	0.398616	0.278443	0.681783	0.428967	0.755411	0.688968
chr5:75500000-76000000	chr5	-0.186364	0.293129	0.0390687	4	0.18767	0.575687	0.356762	0.107413	0.793406	0.546228
chr5:76000000-76500000	chr5	0.0124075	0.71609	-0.24249	2	0.431061	0.526109	0.489108	0.211335	0.712239	0.569103
chr5:76500000-77000000	chr5	-0.112346	-0.341279	-0.0556935	5	0.777204	0.957303	1.27834	0.802297	0.830905	1.05945
chr5:77000000-77500000	chr5	-0.154811	-0.324573	-0.574625	4	0.907372	1.08678	0.985138	0.925892	0.864944	0.764354
chr5:77500000-78000000	chr5	0.117047	-0.671425	0.0363255	2	1.11928	1.04272	0.946	0.982916	1.06432	0.824058
chr5:78000000-78500000	chr5	-0.0290574	-0.958116	-0.140206	2	0.89424	0.699006	0.993703	1.10776	1.03816	0.813363
chr5:78500000-79000000	chr5	0.25777	-0.886281	-0.0514947	2	1.30214	0.917197	1.01999	1.19553	1.12609	0.676262
chr5:79000000-79500000	chr5	0.169552	-1.01066	-0.205951	4	1.26175	1.44216	1.28257	1.36304	1.37847	1.15348
chr5:79500000-80000000	chr5	-0.0394014	-0.792146	-0.220606	4	1.01651	1.3229	0.964747	1.40413	1.0713	1.15283
chr5:80000000-80500000	chr5	-0.03724	-0.604148	-0.40317	5	1.44371	1.12196	1.23079	1.10237	1.38553	1.40263
chr5:80500000-81000000	chr5	-0.172547	-0.389336	-0.245415	4	0.46588	0.607061	0.118196	0.709861	0.553869	0.509691
chr5:81000000-81500000	chr5	-0.181034	-0.447294	-0.191372	3	0.817448	0.737848	0.331698	0.270332	0.305301	0.625078
chr5:81500000-82000000	chr5	-0.105222	-0.713678	-0.427438	2	0.641396	0.623628	0.631468	0.442764	0.62021	0.632809
chr5:82000000-82500000	chr5	-0.179164	-0.308863	-0.50472	1	0.5238	0.462048	0.397069	0.093311	0.460472	0.276992
chr5:82500000-83000000	chr5	0.0722227	-0.214503	-0.20268	0	-0.217678	-0.189701	-0.164557	-0.140201	0.00217125	-0.0699386
chr5:83000000-83500000	chr5	-0.0317119	-0.7571	-0.119368	3	0.396896	0.163547	0.0313757	0.00712102	0.126093	0.0528813
chr5:83500000-84000000	chr5	0.139119	-0.401766	-0.147431	1	-0.615182	-0.76891	-0.477822	-0.667952	-0.622646	-0.595381
chr5:84000000-84500000	chr5	0.0513327	-0.563938	-0.0809087	1	-1.1722	-1.22894	-1.3081	-1.11272	-1.25932	-1.32083
chr5:84500000-85000000	chr5	0.00018099	-0.0496032	0.31711	0	-1.29963	-1.46876	-1.55875	-1.49453	-1.37172	-1.39324
chr5:85000000-85500000	chr5	0.489515	0.0435558	0.544047	0	-1.58675	-1.7171	-1.68607	-1.70005	-1.59609	-1.49946
chr5:85500000-86000000	chr5	0.511699	0.461369	0.746255	0	-1.71152	-1.81799	-1.68126	-1.76979	-1.72454	-1.64505
chr5:86000000-86500000	chr5	0.7173	0.298663	0.46267	0	-1.37574	-1.49304	-1.34375	-1.55123	-1.53234	-1.32224
chr5:86500000-87000000	chr5	0.0879267	0.387083	0.0778128	1	-0.810953	-0.795872	-0.764108	-0.850104	-0.867752	-0.902344
chr5:87000000-87500000	chr5	0.117654	-0.429236	0.0287109	2	-1.04759	-1.29928	-0.983899	-1.24081	-1.16886	-1.12561
chr5:87500000-88000000	chr5	0.57467	0.985228	0.0993518	0	-1.49978	-1.62579	-1.58888	-1.66651	-1.64557	-1.44933
chr5:88000000-88500000	chr5	0.351895	0.801974	0.204589	1	-1.51627	-1.45344	-1.64127	-1.59359	-1.47911	-1.34151
chr5:88500000-89000000	chr5	0.135492	-0.065229	0.000383731	1	-0.773419	-0.845687	-0.794745	-1.10719	-0.802495	-0.808429
chr5:89000000-89500000	chr5	-0.0355744	-0.119669	-0.0714017	0	-0.516524	-0.0669825	-0.171838	-0.22043	-0.359619	-0.0717537
chr5:89500000-90000000	chr5	0.0532806	-0.0703271	0.0257739	0	-0.676736	-0.456559	-0.366337	-0.580575	-0.539684	-0.164526
chr5:90000000-90500000	chr5	0.138995	-0.298767	-0.304636	3	-0.265085	0.0601438	-0.30482	-0.25658	-0.134141	-0.0747358
chr5:90500000-91000000	chr5	0.27686	0.335885	0.162789	2	-0.462022	-0.254292	-0.457689	-0.592552	-0.320136	-0.462623
chr5:91000000-91500000	chr5	-0.108714	-0.0511411	-0.0576918	1	0.128119	-0.239116	0.106571	-0.239537	0.0780024	-0.120261
chr5:91500000-92000000	chr5	0.159364	0.443811	0.0944756	0	-1.38561	-1.56809	-1.54308	-1.72896	-1.49542	-1.3667
chr5:92000000-92500000	chr5	0.262205	0.174078	-0.0626365	0	-1.51513	-1.57713	-1.8051	-1.64088	-1.72661	-1.506
chr5:92500000-93000000	chr5	0.042747	-0.30415	-0.110358	0	-0.524671	-0.681835	-0.84493	-0.806764	-0.90331	-0.873181
chr5:93000000-93500000	chr5	-0.223467	-0.380491	-0.389739	0	-0.0303391	-0.0865135	-0.195748	-0.220044	0.0229831	-0.312472
chr5:93500000-94000000	chr5	0.106827	-0.154056	-0.335896	3	-0.857832	-0.976384	-1.03539	-0.844716	-0.748101	-0.921921
chr5:94000000-94500000	chr5	0.107893	0.738801	0.00701653	1	-1.5082	-1.5826	-1.55119	-1.61799	-1.47367	-1.35718
chr5:94500000-95000000	chr5	0.21108	0.312077	-0.262247	2	-1.05688	-1.11461	-0.98385	-1.16808	-1.06543	-1.1143
chr5:95000000-95500000	chr5	0.123526	0.237873	-0.213692	2	-1.48754	-1.54948	-1.4017	-1.58425	-1.31864	-1.32205
chr5:95500000-96000000	chr5	0.0451909	-1.08023	-0.219592	8	0.54513	0.0259037	0.207593	0.0809947	0.351904	0.267875
chr5:96000000-96500000	chr5	-0.171592	-0.536184	-0.097063	1	-0.887532	-1.02844	-1.06041	-1.12979	-0.565023	-0.926068
chr5:96500000-97000000	chr5	0.0292454	-0.766502	-0.118127	4	0.097078	-0.376823	-0.0687182	-0.17414	-0.155607	0.0367682
chr5:97000000-97500000	chr5	-0.0652407	0.29361	0.0145817	2	-0.745766	-0.715838	-0.825172	-0.947706	-0.806475	-0.679555
chr5:97500000-98000000	chr5	-0.00494016	0.303523	0.0768479	0	-1.45807	-1.32476	-1.44326	-1.50994	-1.52051	-1.46028
chr5:98000000-98500000	chr5	-0.102904	-0.149568	-0.0434484	0	-1.52137	-1.53167	-1.42629	-1.48383	-1.41045	-1.37208
chr5:98500000-99000000	chr5	-0.0517872	-0.203417	-0.0543822	2	-0.793425	-0.976611	-0.897246	-1.07014	-0.922382	-0.85345
chr5:99000000-99500000	chr5	-0.0475728	0.879181	0.302087	0	-1.38848	-1.33134	-1.2951	-1.36368	-1.37822	-1.35777
chr5:99500000-100000000	chr5	0.322603	0.519611	0.55339	0	-1.40105	-1.64266	-1.49721	-1.62446	-1.52465	-1.48103
chr5:100000000-100500000	chr5	0.273315	0.704863	0.351251	0	-1.50111	-1.56335	-1.3419	-1.69195	-1.36056	-1.41067
chr5:100500000-101000000	chr5	0.0206362	0.30802	0.0599099	2	-1.27265	-1.26153	-1.25397	-1.548	-1.28639	-1.26552
chr5:101000000-101500000	chr5	0.420422	0.462907	0.36667	0	-1.54896	-1.57332	-1.61347	-1.57541	-1.49872	-1.41283
chr5:101500000-102000000	chr5	0.450547	0.540694	0.0893037	0	-1.4582	-1.6947	-1.48589	-1.53775	-1.46595	-1.43789
chr5:102000000-102500000	chr5	0.160954	0.884997	0.210349	2	-1.67975	-1.76671	-1.68677	-1.89339	-1.61799	-1.60072
chr5:102500000-103000000	chr5	0.0766311	-0.626962	0.0598083	1	-0.517639	-0.741187	-0.641658	-0.777649	-0.571709	-0.513234
chr5:103000000-103500000	chr5	-0.129854	-0.315424	-0.109271	3	-0.334729	-0.244819	-0.242438	-0.489369	-0.341394	-0.447847
chr5:103500000-104000000	chr5	-0.115883	0.0676277	-0.0279807	1	-0.859637	-1.257	-1.03555	-1.16838	-1.06904	-1.14245
chr5:104000000-104500000	chr5	-0.179103	0.155441	0.196938	0	-1.27216	-1.48979	-1.36801	-1.49418	-1.37405	-1.44026
chr5:104500000-105000000	chr5	0.0897678	0.253412	0.0578996	0	-1.61207	-1.63197	-1.51725	-1.6224	-1.57651	-1.50958
chr5:105000000-105500000	chr5	0.165798	0.160526	0.349602	0	-1.51704	-1.71947	-1.64621	-1.7503	-1.72174	-1.59031
chr5:105500000-106000000	chr5	0.0923937	-0.197566	0.0816028	0	-1.72548	-1.70705	-1.79694	-1.78251	-1.76781	-1.64646
chr5:106000000-106500000	chr5	-0.00438386	-0.804873	-0.191377	0	-1.33731	-1.60808	-1.45636	-1.47375	-1.38766	-1.5539
chr5:106500000-107000000	chr5	-0.208836	-0.522171	0.086013	0	-1.21667	-1.63693	-1.46239	-1.52672	-1.35148	-1.29265
chr5:107000000-107500000	chr5	-0.408063	-0.569777	-0.148703	0	-0.469558	-0.732402	-0.66029	-0.628355	-0.55035	-0.729073
chr5:107500000-108000000	chr5	-0.338476	-0.286458	-0.31779	1	-0.738728	-0.919759	-0.525046	-0.731309	-0.690809	-0.931793
chr5:108000000-108500000	chr5	-0.128769	-0.271574	-0.11157	1	-0.715629	-0.909749	-0.659349	-0.737797	-0.591742	-0.423947
chr5:108500000-109000000	chr5	0.0765759	-0.409858	-0.0140002	1	0.121138	0.129451	-0.161341	0.205634	0.244331	0.209244
chr5:109000000-109500000	chr5	-0.119614	-0.307936	0.0333839	1	0.225201	-0.293549	-0.0136075	0.0890155	-0.225555	-0.0659352
chr5:109500000-110000000	chr5	-0.272127	0.204207	-0.0122212	1	-0.689771	-1.00993	-0.683065	-0.754032	-0.393151	-0.397827
chr5:110000000-110500000	chr5	0.0946125	0.625942	0.222235	0	-1.17943	-1.37377	-1.14434	-1.21389	-0.728117	-0.946669
chr5:110500000-111000000	chr5	0.197971	0.339499	0.108918	2	-1.55682	-1.54843	-1.67253	-1.67172	-1.37821	-1.3764
chr5:111000000-111500000	chr5	-0.00701504	0.128868	-0.0196979	3	-1.44784	-1.74847	-1.58905	-1.7294	-1.14415	-1.47591
chr5:111500000-112000000	chr5	-0.070132	-0.584869	0.160031	2	-0.389394	-0.721592	-0.663569	-0.921271	0.05972	-0.372038
chr5:112000000-112500000	chr5	0.0601416	0.133442	-0.164511	1	-0.214036	-0.334459	-0.219642	-0.662015	0.201237	-0.239351
chr5:112500000-113000000	chr5	0.192141	-0.348437	-0.236538	4	0.782432	0.628592	0.857364	0.648044	0.738321	0.82436
chr5:113000000-113500000	chr5	-0.0723762	-0.39167	-0.0935648	2	0.840979	0.689907	0.601253	0.77822	0.602065	0.545669
chr5:113500000-114000000	chr5	0.380024	0.454725	0.221664	1	0.0787086	0.0720938	0.121807	0.50168	0.00966892	-0.339829
chr5:114000000-114500000	chr5	0.0932002	0.671366	0.0606002	1	0.0238235	-0.341235	-0.260159	-0.0132088	-0.0769802	-0.321009
chr5:114500000-115000000	chr5	0.313155	1.25961	-0.00322865	0	-1.16029	-0.975091	-0.968757	-0.658062	-1.1035	-1.34228
chr5:115000000-115500000	chr5	0.139812	-0.0171255	0.0743132	3	-0.055832	-0.266189	-0.241876	0.121742	-0.0118737	-0.727638
chr5:115500000-116000000	chr5	0.0451843	0.0288765	-0.000871871	7	-0.611109	-1.02493	-0.984464	-0.654355	-0.601589	-1.002
chr5:116000000-116500000	chr5	-0.212603	0.70773	-0.302353	2	-0.423885	-0.71612	-0.55073	-0.175396	-0.699354	-0.790457
chr5:116500000-117000000	chr5	0.0450826	0.78777	0.115859	1	-0.344402	0.181075	-0.236264	0.322295	-0.121122	0.0315973
chr5:117000000-117500000	chr5	0.434495	0.577046	0.193759	0	-0.47148	-0.462019	-0.831715	-0.0279642	-0.900801	-0.581426
chr5:117500000-118000000	chr5	0.217672	0.456909	0.395918	0	-0.873875	-0.80868	-0.864047	-0.844203	-1.03044	-0.957124
chr5:118000000-118500000	chr5	0.563721	0.581352	0.33199	0	-1.02229	-0.894118	-0.945554	-0.435105	-1.17596	-1.00978
chr5:118500000-119000000	chr5	0.132391	0.999798	0.0609295	1	-0.539867	-0.644046	-0.660512	-0.358121	-0.806757	-0.736808
chr5:119000000-119500000	chr5	-0.275849	0.19969	-0.194532	3	0.109917	-0.0448324	-0.237288	0.00814398	-0.243078	-0.189774
chr5:119500000-120000000	chr5	0.0180391	0.88568	-0.019869	1	-1.46342	-1.45256	-1.50002	-1.13261	-1.30876	-1.41613
chr5:120000000-120500000	chr5	-0.188032	-0.0858331	0.145984	1	-1.54006	-1.38652	-1.5795	-1.42721	-1.5195	-1.45734
chr5:120500000-121000000	chr5	0.158608	0.0243322	-0.0183106	0	-1.12531	-1.33501	-1.04528	-1.28946	-1.13374	-1.18946
chr5:121000000-121500000	chr5	0.191731	0.264723	0.311532	0	-1.25361	-1.23107	-1.44527	-1.04437	-0.988811	-1.08229
chr5:121500000-122000000	chr5	0.173777	0.472275	0.293382	2	-1.02557	-0.987127	-0.951704	-0.817816	-0.857234	-0.419133
chr5:122000000-122500000	chr5	0.00724811	-0.352965	-0.276506	4	-0.0998861	0.314185	-0.000591154	0.134054	0.114762	0.117363
chr5:122500000-123000000	chr5	-0.0829425	-0.537534	-0.309082	2	0.870286	0.706162	0.640776	0.986449	0.958009	0.872301
chr5:123000000-123500000	chr5	-0.0686763	-0.517764	-0.306411	3	1.01105	0.885579	1.0551	1.21962	0.990743	1.1181
chr5:123500000-124000000	chr5	0.0622035	-1.25132	-0.180016	1	1.31076	0.831549	1.22388	1.10478	1.27648	1.1984
chr5:124000000-124500000	chr5	0.0890562	-1.16704	-0.270984	0	0.982461	1.01331	1.19115	1.1595	1.2127	1.04842
chr5:124500000-125000000	chr5	-0.00428189	-1.11512	-0.135829	1	1.29126	1.13455	1.26572	1.38009	1.22981	1.05442
chr5:125000000-125500000	chr5	0.346949	-1.43703	-0.0429329	0	1.10334	1.1163	1.38196	1.31469	1.10517	1.16842
chr5:125500000-126000000	chr5	0.00941576	-1.1003	-0.0985136	0	1.13302	0.95414	0.946374	0.997374	0.975257	1.19036
chr5:126000000-126500000	chr5	-0.0698389	-0.988826	-0.300285	1	1.19506	0.989261	1.08633	1.11619	0.945525	1.11603
chr5:126500000-127000000	chr5	0.0387099	-0.69753	-0.0188614	4	1.06282	1.00248	1.17461	1.04415	1.00857	1.1545
chr5:127000000-127500000	chr5	0.202553	-0.584586	-0.336838	3	0.503039	0.872714	0.723972	0.82487	0.529552	0.586761
chr5:127500000-128000000	chr5	-0.0048458	-0.577005	-0.0938757	3	0.115311	-0.0691349	-0.106814	0.245994	-0.256461	-0.0505099
chr5:128000000-128500000	chr5	-0.0832032	-0.740323	-0.156663	1	0.122	-0.123961	-0.0525974	-0.0817426	0.048208	-0.0960348
chr5:128500000-129000000	chr5	0.201951	-0.237943	-0.0899583	2	-0.24045	-0.421904	-0.502709	-0.422992	-0.44693	-0.382876
chr5:129000000-129500000	chr5	0.359918	0.236152	0.275121	2	-0.715671	-0.712337	-0.926633	-0.700655	-0.943374	-0.839803
chr5:129500000-130000000	chr5	0.205361	0.101355	0.159252	2	-0.672353	-0.688144	-1.14438	-1.00922	-1.09849	-1.06674
chr5:130000000-130500000	chr5	0.159984	-0.0636329	0.246249	0	-1.27453	-1.37191	-1.56669	-1.59719	-1.41064	-1.47642
chr5:130500000-131000000	chr5	0.0231831	0.49914	-0.121823	0	-1.2025	-1.22653	-1.44711	-1.38102	-1.36434	-1.44912
chr5:131000000-131500000	chr5	-0.0974364	-0.225142	-0.0174849	3	-0.578573	-0.541894	-1.0101	-0.624465	-0.670175	-0.544049
chr5:131500000-132000000	chr5	-0.090294	-0.544344	-0.116642	3	-0.0451299	0.228295	-0.0389921	-0.163703	-0.171702	0.130051
chr5:132000000-132500000	chr5	-0.0589002	-0.400416	-0.0441928	9	0.573234	0.706512	0.724604	0.641519	0.73562	0.700285
chr5:132500000-133000000	chr5	0.0619037	-0.994301	-0.254355	13	1.32274	1.38234	1.12084	1.11265	1.36619	1.49884
chr5:133000000-133500000	chr5	-0.153035	-0.0708591	-0.306258	2	1.58838	1.15536	1.41453	1.39098	1.53646	1.51486
chr5:133500000-134000000	chr5	-0.0975027	0.125774	-0.247912	2	1.55351	1.29908	1.27467	1.09963	1.40167	1.50476
chr5:134000000-134500000	chr5	0.0524511	-0.979436	-0.163292	7	1.50899	1.3584	1.53616	1.63246	1.64027	1.64127
chr5:134500000-135000000	chr5	0.209275	-1.11248	-0.158464	9	1.70165	0.96472	1.54015	1.60111	1.5008	1.51155
chr5:135000000-135500000	chr5	-0.229425	-0.262047	-0.226808	4	1.51792	1.12058	1.683	1.28337	1.5084	1.34316
chr5:135500000-136000000	chr5	-0.130422	0.117675	-0.000265657	5	1.21614	1.07552	1.45342	1.22136	1.27426	1.3346
chr5:136000000-136500000	chr5	0.0842745	-0.00547838	-0.193309	4	1.19827	1.11104	1.03544	0.790774	1.24326	1.19293
chr5:136500000-137000000	chr5	-0.0471153	0.181946	-0.0665362	0	0.906918	0.806361	0.778088	0.896898	0.865286	0.821294
chr5:137000000-137500000	chr5	-0.281787	0.508505	0.00727229	1	1.18808	0.925706	1.04901	0.636721	1.123	1.01995
chr5:137500000-138000000	chr5	0.231508	-0.829188	0.0879282	4	1.33703	1.27817	1.29515	1.17369	1.29231	1.23463
chr5:138000000-138500000	chr5	0.0995843	-1.06275	-0.156534	12	1.38647	1.33586	1.44027	1.4975	1.36423	1.31803
chr5:138500000-139000000	chr5	0.0353209	-1.02572	-0.294902	4	1.29167	1.20893	1.4357	1.2604	1.2679	1.27086
chr5:139000000-139500000	chr5	0.0635923	-0.955631	0.0500334	11	1.29547	1.22878	1.49901	1.40663	1.34099	1.44388
chr5:139500000-140000000	chr5	-0.151701	-0.637588	0.00118992	3	1.41922	1.40344	1.3653	1.56153	1.42679	1.60019
chr5:140000000-140500000	chr5	-0.0980556	-1.00997	0.115742	8	0.947211	1.19299	0.93113	0.935521	1.23269	1.25566
chr5:140500000-141000000	chr5	0.0318951	-0.667753	0.227211	29	-0.0927101	0.0716619	-0.33884	0.154185	0.853126	0.804711
chr5:141000000-141500000	chr5	0.214687	-0.133723	0.156645	40	-0.469605	-0.330145	-0.58512	-0.294035	0.268276	0.254984
chr5:141500000-142000000	chr5	-0.0694599	-0.552139	-0.189366	9	1.05466	0.740785	0.781923	0.897887	1.17779	1.36493
chr5:142000000-142500000	chr5	0.0551506	-0.886633	-0.25754	3	1.17323	1.24974	1.27836	0.956524	1.26618	1.26004
chr5:142500000-143000000	chr5	0.11096	-0.984598	-0.115349	2	1.22646	0.975227	0.982951	1.20195	0.9632	1.11881
chr5:143000000-143500000	chr5	0.108169	-1.08093	-0.0265135	1	0.65404	0.140961	0.760302	0.285905	0.584256	0.69445
chr5:143500000-144000000	chr5	-0.0030181	-0.973249	0.0176642	1	0.711251	0.333642	0.747969	0.179326	0.595292	0.526758
chr5:144000000-144500000	chr5	0.159024	-0.463629	-0.103632	2	0.154878	0.226541	0.405406	0.116021	0.268949	0.229499
chr5:144500000-145000000	chr5	0.500993	0.049927	0.218326	0	-0.422591	-0.0688371	-0.381543	-0.09078	-0.475238	-0.631413
chr5:145000000-145500000	chr5	0.249148	-0.108796	0.0726986	0	-0.163111	-0.213027	-0.317739	-0.159966	-0.30838	-0.351643
chr5:145500000-146000000	chr5	-0.122554	-0.210894	-0.310123	3	0.594426	0.314067	0.462696	0.367846	0.0815546	0.281672
chr5:146000000-146500000	chr5	-0.00283677	-0.709718	-0.121416	5	1.04482	1.05168	0.842974	1.06589	0.904225	0.826373
chr5:146500000-147000000	chr5	-0.0411895	0.149382	0.00869456	2	0.633125	1.00587	0.829199	1.06687	1.00314	1.07933
chr5:147000000-147500000	chr5	0.364581	-0.0636041	0.237478	1	0.620904	0.638493	0.792179	0.870321	0.748201	0.882571
chr5:147500000-148000000	chr5	0.220161	0.023339	0.12564	5	0.772493	0.713929	0.602242	0.846571	0.615941	0.990465
chr5:148000000-148500000	chr5	0.0642315	0.132846	0.220663	8	0.429876	0.835821	0.662233	0.612296	0.788039	0.719779
chr5:148500000-149000000	chr5	-0.00287009	-0.154556	-0.152984	2	0.707262	0.797668	0.919401	0.598252	0.853539	1.05027
chr5:149000000-149500000	chr5	-0.017123	-0.727598	0.0675156	6	1.44248	1.27908	1.626	1.19165	1.42205	1.33109
chr5:149500000-150000000	chr5	0.12861	-1.03687	-0.00259796	5	1.42812	1.22312	1.48878	1.5972	1.36149	1.52955
chr5:150000000-150500000	chr5	-0.171002	-0.534934	0.150082	11	1.47079	1.413	1.42345	1.37476	1.41115	1.67486
chr5:150500000-151000000	chr5	0.12462	-0.674463	0.249444	8	-0.234423	0.254236	0.379512	0.55587	1.04476	0.883838
chr5:151000000-151500000	chr5	0.0696136	-0.145143	-0.0360797	8	0.896825	0.928954	0.79759	1.10599	1.11632	1.02801
chr5:151500000-152000000	chr5	0.00839716	0.284082	-0.0480688	5	0.462717	0.768792	0.894148	0.706434	0.798198	0.426541
chr5:152000000-152500000	chr5	0.227176	1.29098	0.560928	1	-0.100389	0.0327831	0.217504	0.336762	0.0993094	-0.122149
chr5:152500000-153000000	chr5	0.491448	0.952705	0.275264	0	-0.534356	0.120986	-0.263603	-0.0745916	-0.183504	-0.246036
chr5:153000000-153500000	chr5	0.163148	0.91643	0.176368	1	-0.369189	0.20238	0.195171	0.544845	-0.267346	-0.140795
chr5:153500000-154000000	chr5	-0.00288638	0.60503	-0.253667	0	-0.13115	0.321424	0.358818	0.575608	0.378083	0.167508
chr5:154000000-154500000	chr5	-0.0971151	0.162993	-0.19241	5	1.02073	0.857989	0.849452	0.849862	0.864644	1.07003
chr5:154500000-155000000	chr5	-0.0235729	-0.0743076	-0.196568	5	1.15843	1.38322	1.16734	1.26184	1.06051	1.07181
chr5:155000000-155500000	chr5	0.194074	1.0322	0.0917853	1	-0.120622	-0.126755	-0.0366233	0.159438	-0.356575	-0.4276
chr5:155500000-156000000	chr5	0.0663573	1.25061	0.0858587	0	-0.449512	-0.455662	-0.140956	-0.293835	-0.499347	-0.736757
chr5:156000000-156500000	chr5	0.269018	0.87789	0.086837	1	0.239012	-0.210821	-0.00356175	0.106627	-0.521893	-0.621885
chr5:156500000-157000000	chr5	0.300018	1.15272	0.156045	2	0.251471	0.0836255	0.024886	0.396378	-0.112511	0.0218931
chr5:157000000-157500000	chr5	-0.0997631	0.161744	0.154239	8	0.831293	0.883025	0.884956	0.6132	0.921807	0.727409
chr5:157500000-158000000	chr5	0.265213	-0.32534	-0.182527	6	1.23127	1.02117	1.03703	0.940298	1.116	1.18443
chr5:158000000-158500000	chr5	0.332298	0.622259	0.172842	0	0.748604	0.613824	0.608183	0.730611	0.500811	0.168046
chr5:158500000-159000000	chr5	-0.0733459	0.982498	-0.102571	0	0.769281	0.904454	0.759858	0.735737	0.558723	0.19796
chr5:159000000-159500000	chr5	0.0509104	-0.162681	-0.0906485	4	1.03172	0.931573	0.849313	1.19746	0.919855	0.802254
chr5:159500000-160000000	chr5	0.192847	0.150979	-0.515021	1	0.744195	0.781904	0.605619	0.598464	0.900013	0.595702
chr5:160000000-160500000	chr5	-0.134289	-0.173452	-0.31334	8	0.721238	0.509492	0.419358	0.311081	0.714887	0.576984
chr5:160500000-161000000	chr5	-0.106921	1.1984	0.0342166	1	-0.872804	-1.08917	-0.822609	-0.71811	-0.879356	-1.05867
chr5:161000000-161500000	chr5	0.423178	0.601223	0.421889	0	-0.622488	-0.896627	-1.02003	-0.700244	-0.606693	-0.865398
chr5:161500000-162000000	chr5	0.494589	0.583455	0.436143	3	-1.55411	-1.52638	-1.38691	-1.45587	-1.5189	-1.40723
chr5:162000000-162500000	chr5	0.420354	0.798703	0.271822	1	-1.68039	-1.63198	-1.52508	-1.72681	-1.30881	-1.28765
chr5:162500000-163000000	chr5	0.512792	0.831357	0.243113	0	-1.63112	-1.78543	-1.66183	-1.7041	-1.38876	-1.43108
chr5:163000000-163500000	chr5	0.164342	0.557819	0.133762	3	-1.17588	-1.47871	-1.22443	-1.19731	-1.0143	-1.1845
chr5:163500000-164000000	chr5	0.069107	0.375409	-0.0717663	1	-0.656597	-0.531956	-0.491819	-0.351951	-0.690623	-0.430082
chr5:164000000-164500000	chr5	0.254193	0.309142	0.0940048	0	-0.959173	-0.694901	-0.929738	-0.665373	-0.691046	-0.714706
chr5:164500000-165000000	chr5	0.278509	0.465624	0.38646	0	-1.1605	-1.05671	-1.03219	-0.546883	-1.18718	-0.961496
chr5:165000000-165500000	chr5	0.103902	0.361789	0.131941	0	-1.33638	-0.89864	-1.14968	-0.718146	-1.04405	-1.09549
chr5:165500000-166000000	chr5	0.471376	0.333371	0.213261	0	-1.42214	-1.15943	-1.061	-0.96162	-1.20793	-1.02581
chr5:166000000-166500000	chr5	0.301048	0.355853	-0.0188145	0	-1.11608	-1.03849	-0.843837	-0.642735	-1.09816	-0.759578
chr5:166500000-167000000	chr5	-0.0319508	0.027728	-0.379722	1	-0.899735	-0.88944	-0.745958	-0.512887	-0.829933	-0.557106
chr5:167000000-167500000	chr5	0.0392946	-0.0118539	-0.067978	0	-0.794485	-0.582436	-0.587512	-0.411531	-0.739837	-0.459376
chr5:167500000-168000000	chr5	0.0846668	-0.67053	-0.222966	0	0.254211	0.150414	-0.104022	0.220408	0.191791	0.0691698
chr5:168000000-168500000	chr5	-0.127216	-0.278512	-0.468392	2	0.676019	0.348798	0.613873	0.780198	0.56518	0.46688
chr5:168500000-169000000	chr5	-0.108504	0.161208	-0.383457	2	0.894365	0.912969	0.714572	0.829234	0.841733	1.0092
chr5:169000000-169500000	chr5	0.1002	0.00953657	-0.552259	1	0.782862	0.888427	0.803092	0.704669	0.841496	0.812174
chr5:169500000-170000000	chr5	-0.102885	-0.334569	-0.373617	3	0.902734	0.910686	0.992477	0.864558	1.09018	0.886396
chr5:170000000-170500000	chr5	-0.155722	0.0697929	-0.341823	4	0.919695	1.03971	1.11639	1.12766	1.22811	1.24843
chr5:170500000-171000000	chr5	-0.153219	-0.214933	-0.269474	3	0.877326	0.96622	0.98177	0.930651	1.05734	0.844235
chr5:171000000-171500000	chr5	-0.118244	-0.598594	-0.331204	3	0.589452	0.465606	0.69557	0.603279	0.587204	0.820149
chr5:171500000-172000000	chr5	0.00996191	-0.841457	-0.328595	1	1.42218	1.14942	1.54421	1.32476	1.30449	1.35094
chr5:172000000-172500000	chr5	0.153842	-1.00477	-0.261084	5	1.44732	1.23537	1.06359	1.2163	1.31155	1.48613
chr5:172500000-173000000	chr5	-0.0853828	-0.815042	-0.283332	5	1.43447	1.2077	1.51493	1.26384	1.6295	1.69757
chr5:173000000-173500000	chr5	0.0996386	-0.988219	-0.289994	4	1.58023	1.32784	1.45823	1.19875	1.62007	1.50121
chr5:173500000-174000000	chr5	0.0987282	-0.940081	-0.208482	3	1.22121	1.36568	1.28945	1.07681	1.39604	1.33786
chr5:174000000-174500000	chr5	-0.105041	-0.241207	-0.37493	1	1.26529	1.06002	1.39983	1.20847	1.32827	1.32078
chr5:174500000-175000000	chr5	0.0038646	-0.581072	-0.291561	1	1.30077	1.33415	1.44934	1.25491	1.34939	1.40555
chr5:175000000-175500000	chr5	-0.148836	-0.193032	-0.28019	2	1.40663	1.16333	1.05198	1.25275	1.34046	1.34188
chr5:175500000-176000000	chr5	-0.234042	0.235521	-0.25477	3	1.42975	1.05099	1.42023	1.16448	1.47977	1.18705
chr5:176000000-176500000	chr5	-0.237913	-0.255627	-0.0555204	7	1.32788	1.34988	1.21102	0.960823	1.39439	1.14695
chr5:176500000-177000000	chr5	-0.227146	-0.503972	-0.138119	8	1.46722	1.26241	1.54031	1.48448	1.35103	1.59499
chr5:177000000-177500000	chr5	0.134566	-1.02308	0.170212	16	1.33191	1.11171	1.60674	1.37138	1.29204	1.37141
chr5:177500000-178000000	chr5	-0.158094	-0.149508	-0.306221	7	1.03409	1.10557	1.20126	1.05018	1.45914	1.51644
chr5:178000000-178500000	chr5	-0.312439	0.470386	-0.148391	6	1.15185	1.31484	1.29178	0.968926	1.416	1.52482
chr5:178500000-179000000	chr5	0.0114064	0.255788	0.00172111	8	1.1429	1.18961	0.95887	0.959411	1.31644	1.43859
chr5:179000000-179500000	chr5	-0.331162	0.693215	-0.0135754	3	1.01675	1.26452	1.20598	0.86767	1.15994	1.24119
chr5:179500000-180000000	chr5	0.0550129	-0.576651	-0.0571532	10	1.09986	1.67306	1.0014	1.07763	1.22164	1.43841
chr5:180000000-180500000	chr5	-0.206594	0.0349924	-0.00208521	5	0.83219	1.31657	1.16987	1.06553	1.15007	1.45841
chr5:180500000-181000000	chr5	-0.00212766	0.147339	-0.0442251	7	0.567491	0.605635	0.7239	0.301341	1.27678	1.01196
chr6:3000000-3500000	chr6	-0.0947939	-0.560423	-0.254929	6	1.34358	1.34516	1.23671	1.41683	1.24763	1.43828
chr6:3500000-4000000	chr6	-0.149962	-0.596475	-0.231372	2	1.31384	1.4781	1.16225	1.38388	1.29767	1.43012
chr6:4000000-4500000	chr6	-0.305003	-0.582264	-0.424616	3	1.21132	1.06638	1.48194	1.35449	1.12448	1.16801
chr6:4500000-5000000	chr6	-0.142222	-0.551929	-0.250418	1	1.13649	1.07202	1.10324	1.31066	1.06347	1.23702
chr6:5000000-5500000	chr6	-0.198932	0.160345	-0.103578	4	0.859347	0.715283	0.471378	0.682526	0.923855	0.435408
chr6:5500000-6000000	chr6	-0.300547	1.38349	-0.121096	0	-0.0980094	-0.0365246	0.122889	0.297132	-0.138809	-0.0974637
chr6:6000000-6500000	chr6	0.0820738	1.40008	0.205861	2	-0.342705	-0.450197	-0.263117	0.142368	-0.306148	-0.489252
chr6:6500000-7000000	chr6	-0.0489302	0.222119	-0.0604237	1	0.79233	0.579067	0.819298	0.921522	0.913164	0.55397
chr6:7000000-7500000	chr6	-0.118693	-0.209842	-0.187695	4	0.929358	0.950629	0.954866	0.999702	0.912496	1.04126
chr6:7500000-8000000	chr6	-0.0308395	0.122991	-0.11467	4	-0.00866369	0.129279	0.463051	0.435085	0.390597	0.228541
chr6:8000000-8500000	chr6	0.0115377	0.645173	0.0166566	3	-0.478611	-0.273486	-0.184149	0.0128551	-0.337957	-0.429777
chr6:8500000-9000000	chr6	0.135154	0.831006	0.333148	1	-1.05051	-0.883936	-1.05929	-0.72202	-0.916882	-0.99188
chr6:9000000-9500000	chr6	-0.0799588	0.274688	0.173568	0	-1.10015	-1.04259	-1.01352	-0.8655	-0.988354	-1.07545
chr6:9500000-10000000	chr6	-0.0202048	0.257978	-0.0119746	0	-1.30904	-1.13586	-1.21427	-1.15003	-1.07956	-1.26134
chr6:10000000-10500000	chr6	-0.238903	0.0718883	-0.0253754	1	-0.960868	-0.769458	-0.74571	-0.940022	-0.656522	-0.886388
chr6:10500000-11000000	chr6	-0.0960828	-0.216916	-0.437641	8	0.67147	0.571155	0.654942	0.769893	0.632109	0.670346
chr6:11000000-11500000	chr6	-0.148804	-0.675838	0.010807	4	0.688074	0.709505	1.07717	1.26063	0.803572	0.786064
chr6:11500000-12000000	chr6	-0.0778389	-0.737088	-0.311281	2	0.961632	1.01637	0.963886	0.810718	0.711518	0.976678
chr6:12000000-12500000	chr6	0.204893	-0.942732	-0.256415	2	0.808654	0.92215	1.10447	0.785651	0.640674	0.814448
chr6:12500000-13000000	chr6	-0.027625	-0.23214	-0.342777	1	0.918429	0.660109	0.967003	1.04385	0.914278	1.03583
chr6:13000000-13500000	chr6	-0.0762382	-0.0711811	-0.178005	2	0.994457	1.11228	1.23149	0.871396	1.10258	1.23952
chr6:13500000-14000000	chr6	-0.00414406	-0.947479	-0.0301121	5	1.53216	1.15859	1.41411	0.974116	1.44152	1.33956
chr6:14000000-14500000	chr6	-0.0434752	-0.594988	-0.31629	1	1.12554	0.981879	1.19877	1.12911	1.30663	1.34316
chr6:14500000-15000000	chr6	0.104325	-0.877279	-0.141438	0	1.28255	1.09835	1.53805	1.05557	1.11182	1.09867
chr6:15000000-15500000	chr6	-0.17072	-0.799304	-0.327261	1	1.23294	1.01852	1.15414	1.07416	1.22218	1.32153
chr6:15500000-16000000	chr6	0.0819739	-0.83712	-0.370049	1	1.38843	1.06164	1.27062	1.08679	1.36467	1.52025
chr6:16000000-16500000	chr6	-0.24267	-0.634686	-0.243597	3	1.30015	0.850946	1.30514	1.21402	1.29011	1.29646
chr6:16500000-17000000	chr6	0.235997	-1.41577	-0.134405	1	1.21476	1.09972	1.14444	1.00062	1.11855	1.1115
chr6:17000000-17500000	chr6	0.00956044	-1.09566	-0.145278	3	1.29493	1.16791	1.309	1.05359	1.27112	1.40369
chr6:17500000-18000000	chr6	0.160288	-1.17646	-0.0115247	3	1.36543	1.31811	1.09271	1.04144	1.12972	1.33996
chr6:18000000-18500000	chr6	-0.0652209	-0.549429	-0.362676	5	1.31006	1.20986	0.996975	1.02879	1.25166	1.30259
chr6:18500000-19000000	chr6	0.260651	0.741641	0.184425	0	0.770192	0.50501	0.604185	0.883402	0.383837	0.708917
chr6:19000000-19500000	chr6	0.321231	0.450974	0.0171458	0	0.61115	0.772559	0.342123	0.221394	0.294182	0.563391
chr6:19500000-20000000	chr6	0.117548	0.398059	-0.00841054	1	0.81664	0.443383	0.70328	0.700179	0.548416	0.693209
chr6:20000000-20500000	chr6	-0.213707	0.34069	-0.287467	2	0.906712	0.466011	0.823164	0.762237	0.955139	0.980069
chr6:20500000-21000000	chr6	-0.0900074	-0.552291	-0.187644	1	0.658316	0.64985	0.736718	0.795721	0.745267	0.740252
chr6:21000000-21500000	chr6	-0.143244	-0.154969	-0.198144	0	0.867994	0.722568	0.564172	0.71747	0.82424	0.840033
chr6:21500000-22000000	chr6	-0.302285	-0.499218	-0.137037	1	0.923211	0.562729	0.762129	0.926144	0.953312	0.8921
chr6:22000000-22500000	chr6	-0.0129893	-0.676948	-0.226599	1	0.514536	0.306356	0.748477	0.484534	0.54322	0.736842
chr6:22500000-23000000	chr6	0.0589196	-0.681189	-0.316625	1	0.420881	0.399485	0.538963	0.670176	0.697849	0.53353
chr6:23000000-23500000	chr6	0.171432	-0.072467	-0.150492	0	0.0153773	0.257697	0.236027	0.627679	0.438479	0.218728
chr6:23500000-24000000	chr6	0.0627335	0.707444	0.106437	0	0.219491	0.426554	0.207535	0.22281	0.382414	0.563108
chr6:24000000-24500000	chr6	-0.0396904	0.424569	-0.150954	5	0.849337	0.815337	0.758396	0.615011	0.636933	0.759691
chr6:24500000-25000000	chr6	0.0126065	-0.449394	-0.287959	7	1.2025	0.979097	0.953323	0.936697	1.06994	1.22695
chr6:25000000-25500000	chr6	-0.0944066	-0.0435195	-0.0845802	1	1.32984	0.806184	0.983065	1.14313	1.4903	1.25367
chr6:25500000-26000000	chr6	-0.116763	0.388194	-0.236664	8	0.891397	0.638743	0.875494	0.800648	0.901449	1.10558
chr6:26000000-26500000	chr6	0.0375303	-1.76487	0.168308	38	1.23393	1.02021	1.31557	0.889443	1.44755	1.40094
chr6:26500000-27000000	chr6	0.324427	-0.852897	-0.0944995	4	0.394638	0.615021	0.301008	0.410837	0.298313	0.717299
chr6:27000000-27500000	chr6	0.00412856	-1.08872	0.0349865	9	0.122438	0.330575	0.235736	0.45547	0.470592	0.889495
chr6:27500000-28000000	chr6	0.269164	-1.48426	0.0859749	18	0.31078	0.489743	0.64846	0.619132	0.520553	1.11147
chr6:28000000-28500000	chr6	-0.0946921	0.132193	-0.276752	12	0.748334	0.696809	0.520442	0.70561	0.824426	0.925272
chr6:28500000-29000000	chr6	-0.000383784	-1.01709	0.0312071	4	0.376909	0.674254	0.598943	0.70498	0.914619	1.00813
chr6:29000000-29500000	chr6	0.0128647	0.874555	0.27008	14	-0.571804	-0.112074	-0.20271	-0.115341	-0.219842	0.0564854
chr6:29500000-30000000	chr6	-0.155068	0.400022	0.116013	9	0.683171	0.889063	0.841075	0.736139	1.16118	1.05515
chr6:30000000-30500000	chr6	-0.340094	-0.284581	-0.166366	11	1.33797	1.1411	1.1534	1.11813	1.48053	1.3067
chr6:30500000-31000000	chr6	-0.271367	-0.873714	0.0221725	20	1.36615	1.08126	1.19433	1.20079	1.32362	1.19809
chr6:31000000-31500000	chr6	0.0758399	-0.944902	-0.17857	12	1.3282	1.04644	1.22644	1.10846	1.35381	1.22299
chr6:31500000-32000000	chr6	0.0213988	-0.877121	-0.0889669	44	1.39061	0.827313	1.19488	1.09068	1.26094	1.03037
chr6:32000000-32500000	chr6	-0.167423	-0.349861	-0.0997675	17	1.0191	0.837023	0.790909	0.97907	1.05421	0.9886
chr6:32500000-33000000	chr6	-0.0236815	-0.547387	-0.0160688	14	1.26838	0.893762	1.01511	0.847598	1.2434	1.06062
chr6:33000000-33500000	chr6	0.161308	-0.937	-0.0308269	23	1.01991	1.15482	1.23147	0.964176	1.21444	1.05206
chr6:33500000-34000000	chr6	-0.415863	-0.36585	-0.145419	6	1.17695	0.875454	1.03833	1.04394	1.33163	1.3189
chr6:34000000-34500000	chr6	-0.125002	-0.714371	-0.0733892	6	1.23316	1.09923	1.02186	1.185	1.3019	1.17558
chr6:34500000-35000000	chr6	0.135047	-1.1773	-0.299136	6	1.13414	1.12678	1.28998	1.05552	1.29791	1.20251
chr6:35000000-35500000	chr6	0.0557938	-0.924618	-0.149611	8	1.13255	0.885251	1.29	1.13486	1.22207	1.15584
chr6:35500000-36000000	chr6	0.088467	-1.19216	0.11989	8	1.06728	0.992547	1.46767	1.0186	1.34336	1.27005
chr6:36000000-36500000	chr6	0.295286	-1.11484	-0.0603794	9	1.24177	1.17191	1.20277	0.901045	1.32003	1.30251
chr6:36500000-37000000	chr6	0.197697	-1.15125	-0.00636355	9	1.20756	1.13769	1.15008	1.06021	1.45542	1.44333
chr6:37000000-37500000	chr6	-0.00433268	-0.989099	-0.37163	8	1.44188	1.1222	1.17535	1.20749	1.37652	1.46469
chr6:37500000-38000000	chr6	0.0828979	-1.11616	-0.056274	2	1.03585	0.915391	1.26133	1.27758	1.32398	1.22667
chr6:38000000-38500000	chr6	0.110094	-0.857243	-0.0250648	0	1.09267	0.726812	1.07693	1.30567	1.25596	1.0786
chr6:38500000-39000000	chr6	0.0871012	-0.459357	0.1777	3	1.16212	0.826649	0.875074	0.81829	1.18891	1.23074
chr6:39000000-39500000	chr6	-0.205885	0.809968	0.10199	5	1.24232	0.90374	1.25634	1.22413	1.37213	1.22035
chr6:39500000-40000000	chr6	-0.123438	0.00854035	0.110902	3	1.0845	0.948028	1.0894	0.883154	1.17704	1.07637
chr6:40000000-40500000	chr6	-0.0262824	1.02029	-0.121636	0	1.2629	1.06091	1.13653	1.11993	1.23834	1.15884
chr6:40500000-41000000	chr6	-0.180288	0.615386	-0.228307	1	1.16611	0.935106	1.2505	1.09904	1.17015	1.18862
chr6:41000000-41500000	chr6	0.0818922	-0.391969	0.059499	11	1.46163	0.980321	1.23427	1.38935	1.44193	1.48869
chr6:41500000-42000000	chr6	0.0831734	-0.766343	-0.0806193	11	1.30096	1.54428	1.41547	1.52349	1.43719	1.68046
chr6:42000000-42500000	chr6	-0.137437	-0.697667	-0.0368648	7	1.49071	1.24959	1.51666	1.41529	1.33117	1.40952
chr6:42500000-43000000	chr6	0.256248	-1.28206	-0.0430353	11	1.20679	1.56432	1.51819	1.25671	1.55623	1.41748
chr6:43000000-43500000	chr6	0.0938105	-0.942492	-0.157649	17	1.36848	1.26111	1.27778	1.34805	1.51989	1.45585
chr6:43500000-44000000	chr6	-0.0119869	-0.878643	0.221351	10	1.52562	1.49358	1.38011	1.45072	1.47602	1.52892
chr6:44000000-44500000	chr6	-0.192001	-0.820258	0.163667	13	1.76048	1.43437	1.37207	1.4795	1.46418	1.52174
chr6:44500000-45000000	chr6	-0.210085	-0.308799	-0.172809	0	1.08675	0.970039	0.999621	1.12773	0.83414	1.08119
chr6:45000000-45500000	chr6	-0.232931	-0.900903	-0.146971	2	1.00754	1.17678	0.931533	0.92543	0.81793	1.04539
chr6:45500000-46000000	chr6	-0.2779	-0.263134	-0.323124	0	1.30492	1.27357	1.26135	1.21102	1.22346	1.19134
chr6:46000000-46500000	chr6	0.172611	0.268765	-0.226885	4	1.08446	1.28107	0.958113	1.23656	0.709411	1.03042
chr6:46500000-47000000	chr6	0.0124285	-0.00439962	-0.109981	7	0.848527	1.2164	0.99446	1.05913	0.856031	0.842216
chr6:47000000-47500000	chr6	-0.107128	-0.234013	-0.0774032	3	0.614978	0.629793	0.723002	0.700392	0.607315	0.687248
chr6:47500000-48000000	chr6	-0.143619	0.321165	0.120179	2	-0.36704	-0.542125	-0.540058	-0.515383	-0.406903	-0.605564
chr6:48000000-48500000	chr6	0.108344	0.363832	0.289166	1	-1.08025	-0.892088	-1.16224	-0.715018	-1.16525	-1.18718
chr6:48500000-49000000	chr6	-0.0812622	0.375585	0.143211	0	-0.946741	-1.05073	-1.19201	-0.845695	-1.20972	-1.21043
chr6:49000000-49500000	chr6	-0.199063	0.820794	0.29789	3	-1.1034	-1.19853	-1.3272	-1.1095	-1.1568	-1.25737
chr6:49500000-50000000	chr6	0.0606335	0.808225	0.264883	8	-0.867334	-0.958897	-0.83955	-0.671262	-0.71984	-0.973209
chr6:50000000-50500000	chr6	0.498285	0.583966	0.620609	2	-0.602045	-0.50965	-0.409637	-0.527586	-0.555403	-0.589757
chr6:50500000-51000000	chr6	0.223088	0.775219	0.454584	2	-0.591929	-0.455676	-0.547747	-0.409061	-0.639794	-0.615208
chr6:51000000-51500000	chr6	0.0921102	1.12227	0.648314	0	-0.509919	-0.588078	-0.433432	-0.270649	-0.499964	-0.489727
chr6:51500000-52000000	chr6	0.203897	1.28137	0.441527	0	-0.564187	-0.510659	-0.659549	-0.432986	-0.250712	-0.711076
chr6:52000000-52500000	chr6	-0.173868	0.648353	0.0161003	6	0.166464	0.29922	0.505584	0.458869	0.607266	0.425721
chr6:52500000-53000000	chr6	-0.240416	0.0967384	-0.176413	7	1.03829	0.891392	0.692737	0.57403	0.950661	0.817766
chr6:53000000-53500000	chr6	-0.218289	-0.318762	-0.0223386	6	1.15545	1.15789	1.42105	1.33325	1.01304	1.23056
chr6:53500000-54000000	chr6	0.0272293	-0.727166	-0.209704	3	0.715669	0.80393	0.825184	0.63726	0.761575	0.644802
chr6:54000000-54500000	chr6	-0.181346	-0.488829	-0.206014	2	-0.704327	-0.591687	-0.618598	-0.700461	-0.739076	-0.721608
chr6:54500000-55000000	chr6	-0.141541	-0.429131	-0.261182	1	-0.974562	-1.00262	-0.900149	-0.840158	-0.884642	-0.966095
chr6:55000000-55500000	chr6	0.256324	-0.432535	0.106091	2	-0.447898	-0.461651	-0.614689	-0.430894	-0.651384	-0.584393
chr6:55500000-56000000	chr6	0.146745	-0.974335	0.331113	2	0.159536	0.261997	0.315879	0.204957	0.363706	0.0519955
chr6:56000000-56500000	chr6	0.14754	-0.952813	0.103758	1	0.0429292	0.0983812	-0.0146343	0.431014	-0.0660114	0.227647
chr6:56500000-57000000	chr6	0.12118	-1.42713	0.379652	2	0.615706	0.69684	0.689262	0.841729	0.74434	0.854638
chr6:57000000-57500000	chr6	-0.137991	-0.475365	0.16926	5	0.105677	0.427052	0.481553	0.48675	0.394137	0.366134
chr6:57500000-58000000	chr6	0.00640855	0.648743	0.237013	0	-0.78854	-0.403882	-0.495604	-0.371201	-0.232275	-0.304338
chr6:58000000-58500000	chr6	0.17766	1.12554	0.517896	0	-0.835307	-0.331528	-0.647933	-0.479978	-0.545178	-0.564966
chr6:60500000-61000000	chr6	0.241757	1.05109	0.133142	0	-1.27571	-0.921792	-0.803871	-1.07646	-1.15099	-0.821985
chr6:61000000-61500000	chr6	0.472102	0.977432	0.0460591	0	-1.38496	-1.3105	-1.2638	-1.16768	-1.3772	-1.15941
chr6:61500000-62000000	chr6	0.323608	0.774281	0.513602	0	-0.969621	-1.18662	-1.04268	-1.34444	-1.09096	-1.03029
chr6:62000000-62500000	chr6	0.382895	0.587994	0.501241	1	-0.713971	-0.764071	-0.66523	-0.87589	-0.810691	-0.747617
chr6:62500000-63000000	chr6	0.2154	0.718907	0.363046	0	-0.806692	-1.05302	-0.893746	-0.882538	-0.924612	-0.88848
chr6:63000000-63500000	chr6	0.203706	0.57121	0.204497	2	-0.88979	-1.05283	-0.894092	-0.961168	-0.887928	-0.84774
chr6:63500000-64000000	chr6	0.138934	-0.254084	-0.0958859	3	-0.520197	-0.635923	-0.423215	-0.523326	-0.479886	-0.55357
chr6:64000000-64500000	chr6	0.0185789	0.128709	0.152419	0	-0.60021	-0.728107	-0.625139	-0.705303	-1.06187	-0.924814
chr6:64500000-65000000	chr6	0.0666269	0.202694	0.430855	0	-0.823962	-0.645296	-0.737585	-0.636302	-1.10633	-1.08061
chr6:65000000-65500000	chr6	0.231326	0.200325	0.712809	1	-0.948804	-0.825137	-0.781539	-0.833701	-0.936925	-1.05609
chr6:65500000-66000000	chr6	0.268937	0.146476	0.573323	1	-0.962373	-0.847289	-0.840991	-0.67618	-1.14197	-1.13983
chr6:66000000-66500000	chr6	0.17723	0.395513	0.32912	0	-0.994881	-1.02807	-0.863097	-1.05239	-1.24537	-1.19976
chr6:66500000-67000000	chr6	0.313739	0.267002	0.403422	0	-1.12936	-1.18076	-1.20558	-1.13452	-1.34406	-1.36692
chr6:67000000-67500000	chr6	0.441158	0.127722	0.551583	0	-1.21649	-1.15545	-1.28729	-1.36727	-1.44138	-1.36497
chr6:67500000-68000000	chr6	0.320397	0.21856	0.296356	0	-1.16383	-1.38148	-1.3172	-1.32233	-1.3402	-1.32906
chr6:68000000-68500000	chr6	0.604646	0.295738	0.322458	0	-1.11479	-1.07219	-0.885463	-1.2665	-1.296	-1.32239
chr6:68500000-69000000	chr6	0.0474718	0.287858	0.219434	2	-0.958945	-0.9983	-0.845364	-1.06619	-1.16782	-1.20629
chr6:69000000-69500000	chr6	0.111961	0.449081	0.0829919	0	-1.10807	-0.877196	-0.83319	-1.08283	-1.0066	-0.817132
chr6:69500000-70000000	chr6	-0.0462142	0.186542	0.165381	2	-0.841274	-0.931554	-0.817122	-1.00441	-0.920169	-0.914787
chr6:70000000-70500000	chr6	-0.217473	0.761113	-0.11589	2	-1.1032	-1.12276	-1.07734	-1.10859	-1.15345	-1.1486
chr6:70500000-71000000	chr6	-0.103138	0.630407	-0.145038	3	-0.810101	-0.715518	-0.740384	-0.739033	-0.657293	-0.610108
chr6:71000000-71500000	chr6	-0.287576	-0.0240316	-0.240243	1	-1.0797	-1.06983	-1.06059	-1.21552	-0.772438	-1.08694
chr6:71500000-72000000	chr6	0.021517	0.849466	0.17569	1	-1.42937	-1.37651	-1.44483	-1.50021	-1.28247	-1.29632
chr6:72000000-72500000	chr6	-0.156554	0.293241	0.129411	0	-1.16428	-0.967008	-1.03771	-0.95369	-0.952363	-0.890658
chr6:72500000-73000000	chr6	-0.390713	-0.162027	-0.144758	1	-0.256112	-0.0513169	-0.137991	-0.0437609	-0.228523	-0.217433
chr6:73000000-73500000	chr6	-0.153657	0.00166013	-0.389736	8	-0.115329	-0.42266	-0.0280005	-0.257107	-0.443456	-0.231588
chr6:73500000-74000000	chr6	-0.139257	-0.241974	-0.0233127	3	-0.710206	-0.807429	-0.716932	-0.690482	-0.81721	-0.952925
chr6:74000000-74500000	chr6	-0.023701	0.410316	0.24289	0	-1.53953	-1.6223	-1.71344	-1.66726	-1.63121	-1.6623
chr6:74500000-75000000	chr6	-0.250174	0.261427	0.224736	0	-1.65517	-1.63607	-1.69727	-1.76755	-1.57336	-1.6729
chr6:75000000-75500000	chr6	-0.0735297	-0.776012	0.0554452	4	-0.822151	-1.04755	-0.801051	-1.10662	-0.739405	-0.984598
chr6:75500000-76000000	chr6	-0.224358	-0.30065	0.0581908	2	0.0617061	-0.0248886	0.027156	0.0835501	-0.0318948	0.0125103
chr6:76000000-76500000	chr6	0.161647	1.13329	0.281782	1	-0.975666	-0.883162	-1.07571	-0.935155	-1.01033	-0.814886
chr6:76500000-77000000	chr6	0.0318734	0.506559	0.364298	0	-0.68075	-0.737034	-0.696182	-0.633363	-0.912822	-0.70567
chr6:77000000-77500000	chr6	-0.0523	-0.0454775	-0.144837	1	-0.996062	-0.872234	-0.978602	-0.812687	-0.987614	-0.96063
chr6:77500000-78000000	chr6	0.211115	0.915003	0.120139	1	-1.22655	-1.34835	-1.43628	-1.49618	-1.48605	-1.4539
chr6:78000000-78500000	chr6	-0.00167266	0.917546	0.0599746	0	-1.57634	-1.51272	-1.60752	-1.55091	-1.51189	-1.57355
chr6:78500000-79000000	chr6	-0.110309	0.604299	-0.11731	1	-1.21856	-1.19692	-1.33611	-1.28243	-1.15308	-1.27181
chr6:79000000-79500000	chr6	-0.0169295	0.62445	-0.18331	2	-0.754078	-0.738834	-0.613711	-0.983802	-0.691839	-0.851232
chr6:79500000-80000000	chr6	-0.226245	0.642711	0.0905951	3	-0.470985	-0.646899	-0.36734	-0.564403	-0.600753	-0.459895
chr6:80000000-80500000	chr6	-0.246237	0.0577699	-0.0277854	2	-0.808671	-0.916253	-0.7598	-0.726056	-0.704437	-0.570717
chr6:80500000-81000000	chr6	0.207483	-0.0631751	-0.07068	0	-1.33121	-1.31752	-1.39568	-1.21837	-1.21131	-1.18062
chr6:81000000-81500000	chr6	-0.104526	0.224199	0.182462	0	-1.26564	-1.2168	-1.43851	-1.3721	-1.11046	-1.22484
chr6:81500000-82000000	chr6	-0.208049	-0.406768	0.0310909	1	-0.543679	-0.778896	-0.541287	-0.666195	-0.691171	-0.539996
chr6:82000000-82500000	chr6	-0.0656444	-0.0903045	-0.164134	2	-0.763477	-0.926309	-0.692883	-0.761786	-0.776056	-0.88857
chr6:82500000-83000000	chr6	-0.125834	0.505631	-0.0587021	0	-1.47007	-1.46142	-1.43973	-1.35446	-1.53093	-1.40972
chr6:83000000-83500000	chr6	-0.254894	-0.0418087	-0.222878	5	-0.535005	-0.440051	-0.410507	-0.39759	-0.314258	-0.399344
chr6:83500000-84000000	chr6	0.0479116	0.792104	-0.111529	4	-1.17214	-0.81127	-1.09988	-1.10137	-1.28372	-1.05637
chr6:84000000-84500000	chr6	-0.0602221	0.961871	0.171582	2	-1.19712	-1.06312	-0.975311	-1.0487	-1.22669	-1.07399
chr6:84500000-85000000	chr6	0.139556	0.499144	0.248883	1	-1.05678	-1.23678	-0.900944	-1.17253	-0.974638	-0.964895
chr6:85000000-85500000	chr6	-0.0694387	0.859453	0.114026	1	-1.46905	-1.40406	-1.43048	-1.36461	-1.53493	-1.44427
chr6:85500000-86000000	chr6	-0.0527842	0.578156	-0.00207647	2	-0.890654	-0.77203	-0.928615	-0.674614	-0.909308	-0.585287
chr6:86000000-86500000	chr6	0.304849	1.19803	0.22206	0	-1.26067	-1.23729	-1.31169	-1.17169	-1.35449	-1.09322
chr6:86500000-87000000	chr6	0.232425	1.10155	0.358097	1	-1.19608	-1.25967	-1.2167	-1.10398	-1.14732	-1.05532
chr6:87000000-87500000	chr6	0.01083	-0.134336	0.329149	7	0.018462	-0.00879337	0.115765	0.0878404	0.0275352	0.00656778
chr6:87500000-88000000	chr6	-0.126699	0.225544	-0.137398	3	-0.553819	-0.22253	-0.0695958	0.100688	-0.14318	-0.00158733
chr6:88000000-88500000	chr6	0.0782107	0.850069	-0.0108047	2	-1.26358	-1.11653	-1.15443	-0.922067	-1.30475	-1.02911
chr6:88500000-89000000	chr6	-0.168809	0.349365	0.157348	1	-0.941079	-0.59507	-0.68181	-0.789455	-0.776465	-0.565382
chr6:89000000-89500000	chr6	-0.233451	-0.0271607	-0.189931	8	0.635237	1.14637	0.911053	1.00119	0.883476	0.998122
chr6:89500000-90000000	chr6	-0.185907	-0.129326	-0.318509	4	1.06849	1.23811	1.16505	1.09348	1.02718	1.14226
chr6:90000000-90500000	chr6	0.284438	-0.82836	-0.322291	1	1.0403	1.19911	0.93957	1.10321	0.783747	0.630757
chr6:90500000-91000000	chr6	0.219046	0.111544	0.00421585	1	0.348698	0.188665	0.195098	-0.117066	-0.134588	0.0671677
chr6:91000000-91500000	chr6	-0.155837	0.345837	0.0986418	0	-0.321519	-0.337733	-0.474378	-0.596415	-0.828659	-0.703798
chr6:91500000-92000000	chr6	0.169754	0.191232	0.423185	0	-0.623117	-0.733032	-0.90911	-0.55004	-1.16425	-1.09488
chr6:92000000-92500000	chr6	0.421857	0.138473	0.297649	0	-0.371023	-0.834683	-0.813547	-0.806658	-1.01688	-1.10692
chr6:92500000-93000000	chr6	0.235641	0.210689	0.237184	0	-0.374534	-0.538462	-0.759497	-0.791154	-0.748995	-0.742129
chr6:93000000-93500000	chr6	0.291533	-0.0259542	0.462879	1	-0.350737	-0.311654	-0.20727	-0.406128	-0.374808	-0.609373
chr6:93500000-94000000	chr6	0.38598	0.415792	0.336338	0	-1.33636	-1.37765	-1.31886	-1.27761	-1.27387	-1.25513
chr6:94000000-94500000	chr6	0.129372	0.582595	0.68594	0	-1.29913	-1.46431	-1.34703	-1.41424	-1.51671	-1.44668
chr6:94500000-95000000	chr6	0.34504	0.589374	0.569924	0	-1.46716	-1.40218	-1.40208	-1.50404	-1.50663	-1.50565
chr6:95000000-95500000	chr6	-0.0129288	0.569473	0.444791	0	-1.25394	-1.39043	-1.2233	-1.46135	-1.51604	-1.40039
chr6:95500000-96000000	chr6	0.415272	0.727537	0.517959	1	-1.43751	-1.41222	-1.35578	-1.46265	-1.53144	-1.42764
chr6:96000000-96500000	chr6	0.204724	0.908659	0.538834	1	-1.42166	-1.47504	-1.51892	-1.45694	-1.48743	-1.37334
chr6:96500000-97000000	chr6	0.0370976	0.870881	-0.0851465	5	-1.15119	-1.30659	-1.12931	-1.29346	-1.21726	-1.27137
chr6:97000000-97500000	chr6	-0.124651	0.684842	0.114148	1	-0.92484	-1.03868	-1.03244	-1.13982	-0.980392	-1.10736
chr6:97500000-98000000	chr6	0.566717	0.253904	0.157217	0	-0.957838	-0.865784	-0.883212	-0.873335	-0.727767	-0.946814
chr6:98000000-98500000	chr6	0.303893	1.11481	0.278133	0	-1.17858	-1.20318	-1.21617	-1.17738	-1.31549	-1.34849
chr6:98500000-99000000	chr6	-0.105015	0.822273	0.0565059	2	-0.915415	-0.897966	-0.991725	-0.781874	-1.09474	-1.09179
chr6:99000000-99500000	chr6	-0.142454	0.836819	-0.0106954	3	-0.92252	-0.903562	-0.865908	-0.912289	-0.998181	-0.910146
chr6:99500000-100000000	chr6	-0.020239	0.543787	-0.275572	4	-1.29313	-1.42372	-1.16631	-1.3412	-1.34053	-1.14417
chr6:100000000-100500000	chr6	-0.0392277	-0.0573551	0.0960333	1	-0.647006	-0.576655	-0.498565	-0.608998	-0.587683	-0.585696
chr6:100500000-101000000	chr6	0.105794	-0.585871	0.348311	1	-0.961495	-0.874695	-0.804402	-0.915918	-0.911938	-0.966668
chr6:101000000-101500000	chr6	0.144309	0.462496	0.0828104	1	-0.885046	-1.08038	-1.08392	-1.04713	-1.24242	-1.09416
chr6:101500000-102000000	chr6	0.397147	-0.430182	0.474603	0	-1.20053	-1.18917	-1.17633	-1.2821	-1.25845	-1.22194
chr6:102000000-102500000	chr6	0.461431	0.289878	0.552987	0	-1.40026	-1.38557	-1.45219	-1.57546	-1.58509	-1.51868
chr6:102500000-103000000	chr6	0.239741	0.288396	0.381025	0	-1.18663	-1.30444	-1.33881	-1.42618	-1.52806	-1.39098
chr6:103000000-103500000	chr6	0.380977	0.590253	0.529389	0	-1.19285	-1.19464	-1.30252	-1.34183	-1.51445	-1.42237
chr6:103500000-104000000	chr6	0.080003	0.827287	0.289565	0	-1.47379	-1.56515	-1.52541	-1.52409	-1.60089	-1.59705
chr6:104000000-104500000	chr6	0.00588576	1.03572	0.101705	0	-1.49463	-1.52034	-1.44634	-1.50685	-1.5467	-1.53753
chr6:104500000-105000000	chr6	-0.0972347	-0.298652	-0.176546	2	-0.43974	-0.746312	-0.506401	-0.621517	-0.669073	-0.847135
chr6:105000000-105500000	chr6	0.175795	-0.840372	-0.309901	3	0.457606	0.871729	0.842913	0.803724	0.381393	0.758048
chr6:105500000-106000000	chr6	0.00152931	-0.64035	-0.0163899	0	0.537604	0.870027	0.498608	1.02626	0.570423	0.50867
chr6:106000000-106500000	chr6	-0.119167	-0.946958	0.0664704	3	0.789026	1.16996	1.18044	1.16973	0.751766	0.972917
chr6:106500000-107000000	chr6	-0.131176	-0.528954	-0.189795	3	1.13118	1.29003	1.36459	1.38396	1.00371	1.09183
chr6:107000000-107500000	chr6	-0.350688	-0.533053	-0.448356	4	1.17382	1.3802	1.38643	1.52797	0.855813	1.24526
chr6:107500000-108000000	chr6	-0.208585	-0.445874	-0.295723	2	1.28944	1.70363	1.45787	1.33513	1.11297	1.29185
chr6:108000000-108500000	chr6	-0.0528728	-0.723091	-0.0201232	4	1.34613	1.33618	1.58675	1.30242	1.33792	1.30711
chr6:108500000-109000000	chr6	-0.0248974	-0.719008	-0.400193	2	1.60558	1.49621	1.5873	1.57998	1.21255	1.30269
chr6:109000000-109500000	chr6	-0.291645	-0.503635	-0.165291	7	1.54775	1.46648	1.69393	1.46169	1.15739	1.18939
chr6:109500000-110000000	chr6	-0.0810279	0.0199718	-0.460584	3	1.15059	1.26853	1.43297	1.38035	0.765476	0.636181
chr6:110000000-110500000	chr6	-0.341628	-0.0769846	-0.368678	5	1.44952	1.35922	1.36313	1.19478	1.23054	1.25873
chr6:110500000-111000000	chr6	-0.173469	-0.59869	-0.154234	4	1.65978	1.9016	1.62197	1.75308	1.39142	1.43951
chr6:111000000-111500000	chr6	0.0764841	-0.995913	-0.295819	3	1.54847	1.74374	1.54893	1.40238	1.52485	1.35723
chr6:111500000-112000000	chr6	-0.0261536	-0.771753	-0.326591	2	1.38401	1.69956	1.49346	1.58311	1.2201	1.18677
chr6:112000000-112500000	chr6	0.0809732	-1.10563	0.0140522	5	1.10232	1.3402	1.27569	1.16311	0.906212	0.989228
chr6:112500000-113000000	chr6	-0.0217035	-1.15676	0.115744	0	0.602916	0.723216	0.658776	1.0481	0.437979	0.539957
chr6:113000000-113500000	chr6	-0.0720886	-1.18228	-0.0205986	0	0.625755	0.787804	0.803541	0.666878	0.617341	0.396583
chr6:113500000-114000000	chr6	-0.144275	-1.11636	0.0091042	2	0.772967	1.06681	0.731679	0.908391	0.711493	0.782243
chr6:114000000-114500000	chr6	0.068796	0.351862	0.0992281	1	-0.934802	-0.805495	-0.791147	-0.910357	-0.721848	-0.775876
chr6:114500000-115000000	chr6	0.614389	0.435713	0.304128	0	-1.44596	-1.26701	-1.31779	-1.36114	-1.22306	-1.33913
chr6:115000000-115500000	chr6	0.356338	0.572197	0.402323	0	-1.40422	-1.39535	-1.48443	-1.36251	-1.31155	-1.41444
chr6:115500000-116000000	chr6	0.164421	0.710031	0.115	0	-1.37457	-1.22185	-1.35539	-1.34309	-1.20179	-1.32164
chr6:116000000-116500000	chr6	0.141572	-0.640963	0.0387503	7	-0.525755	-0.789484	-0.596827	-0.507212	-0.252476	-0.441846
chr6:116500000-117000000	chr6	0.0389284	0.224383	0.251435	10	-0.950178	-0.816498	-0.835298	-0.911485	-1.00001	-0.835068
chr6:117000000-117500000	chr6	-0.0867564	0.735011	0.154011	3	-1.18801	-1.25024	-1.36574	-1.20946	-1.32911	-1.30311
chr6:117500000-118000000	chr6	-0.00596748	0.581252	0.107761	3	-1.31621	-1.1645	-1.22033	-1.14105	-1.26251	-1.30238
chr6:118000000-118500000	chr6	0.0463958	0.560204	0.308485	0	-0.977811	-0.967785	-1.06336	-0.858251	-0.980616	-0.962835
chr6:118500000-119000000	chr6	-0.00947876	-0.274566	-0.128218	4	-0.389782	-0.26941	0.0262126	-0.154718	-0.29817	-0.31442
chr6:119000000-119500000	chr6	0.00742416	0.349628	-0.169193	2	-0.63236	-0.488307	-0.351462	-0.664291	-0.763735	-0.728539
chr6:119500000-120000000	chr6	0.0726863	0.0786313	0.326363	0	-1.03806	-1.12777	-1.1153	-1.09976	-1.30461	-1.20278
chr6:120000000-120500000	chr6	0.575875	0.371326	0.583635	0	-1.38942	-1.63072	-1.50411	-1.5685	-1.61596	-1.56709
chr6:120500000-121000000	chr6	0.308723	0.888372	0.51982	0	-1.6134	-1.62719	-1.73039	-1.67194	-1.68338	-1.63478
chr6:121000000-121500000	chr6	0.15268	0.216295	-0.106816	2	-1.31939	-1.62358	-1.47397	-1.56489	-1.49524	-1.46973
chr6:121500000-122000000	chr6	0.143834	-0.559742	0.207979	0	-1.13369	-1.06011	-1.04485	-1.31145	-0.874351	-0.946102
chr6:122000000-122500000	chr6	0.290915	0.0907317	0.158941	2	-1.25047	-1.32464	-1.16281	-1.30741	-1.3101	-1.14679
chr6:122500000-123000000	chr6	-0.0264306	0.420625	0.255989	4	-1.29494	-1.42737	-1.22418	-1.31104	-1.25325	-1.29615
chr6:123000000-123500000	chr6	0.247066	0.702536	0.40632	0	-1.32746	-1.35849	-1.45991	-1.34135	-1.52569	-1.49055
chr6:123500000-124000000	chr6	0.101668	0.320177	0.0469919	2	-0.79403	-0.775751	-0.85304	-0.805416	-1.0171	-1.00903
chr6:124000000-124500000	chr6	0.0499425	0.350213	0.0292482	0	-1.03302	-1.05921	-1.12146	-1.12287	-1.37058	-1.3909
chr6:124500000-125000000	chr6	-0.0499685	0.173891	0.0700696	1	-0.991732	-0.81569	-1.02276	-0.910749	-1.31313	-1.25106
chr6:125000000-125500000	chr6	-0.0627336	0.0830421	0.0173088	2	0.0704688	0.303882	0.23676	0.188168	0.262729	-0.134007
chr6:125500000-126000000	chr6	-0.183539	0.103416	-0.226958	4	0.610817	0.601943	0.510505	0.433711	0.116223	0.467061
chr6:126000000-126500000	chr6	-0.203991	0.407557	-0.690439	1	-0.523719	-0.394525	-0.588941	-0.635537	-0.95406	-0.563781
chr6:126500000-127000000	chr6	0.0416957	0.137853	-0.086219	0	-0.81277	-0.491238	-0.825271	-0.596871	-0.756991	-0.636465
chr6:127000000-127500000	chr6	-0.224437	-0.38516	-0.376472	4	-0.444424	-0.121995	-0.348243	-0.317942	-0.488292	-0.383495
chr6:127500000-128000000	chr6	-0.0715507	-0.421806	-0.270352	3	-0.400527	-0.156272	-0.435664	-0.16036	-0.663431	-0.530403
chr6:128000000-128500000	chr6	0.0441732	-1.16662	0.0195824	0	0.36396	0.057125	0.223623	0.0173948	-0.0543188	0.0533384
chr6:128500000-129000000	chr6	-0.218996	-0.69595	-0.148684	2	-0.0108217	-0.0519766	-0.0831996	0.162312	-0.28224	-0.0155174
chr6:129000000-129500000	chr6	-0.322172	-0.656755	-0.0578562	0	-0.294336	-0.347233	-0.394365	-0.410258	-0.622918	-0.579872
chr6:129500000-130000000	chr6	-0.142585	-0.499293	-0.21746	2	-0.660958	-0.891622	-0.617781	-0.523792	-0.64388	-0.679718
chr6:130000000-130500000	chr6	-0.22395	-0.192575	-0.162748	3	-0.77752	-0.87763	-0.902172	-1.0169	-0.704548	-0.630521
chr6:130500000-131000000	chr6	-0.156757	-0.306149	-0.162346	1	-0.694095	-0.729275	-0.633489	-0.741224	-0.478532	-0.585166
chr6:131000000-131500000	chr6	-0.272973	0.123094	-0.255835	2	0.11363	-0.0218018	0.0533571	-0.051083	-0.250202	-0.256608
chr6:131500000-132000000	chr6	-0.158773	-0.619179	-0.0856561	7	-0.315695	-0.524015	-0.335067	-0.458155	-0.137003	-0.352405
chr6:132000000-132500000	chr6	-0.109983	-0.898541	-0.0257137	1	-0.320087	-0.142396	-0.341062	-0.362426	-0.216901	-0.314849
chr6:132500000-133000000	chr6	-0.234341	-0.231947	-0.152972	11	-0.526689	-0.655368	-0.570431	-0.693036	-0.460554	-0.845123
chr6:133000000-133500000	chr6	-0.196328	-0.305958	-0.0429399	1	-0.0887469	-0.467476	-0.843004	-0.704633	-0.216697	-0.748553
chr6:133500000-134000000	chr6	-0.159025	-0.870511	-0.489734	3	-0.361338	0.0611375	-0.289922	-0.481342	-0.165714	-0.130751
chr6:134000000-134500000	chr6	-0.0349771	-0.933991	-0.369076	2	0.500599	0.56927	0.611404	0.362549	0.595635	0.436356
chr6:134500000-135000000	chr6	-0.0239576	-0.86754	-0.0296296	1	0.493329	0.383313	0.358615	0.350669	0.527446	0.464048
chr6:135000000-135500000	chr6	-0.322949	-0.648381	-0.330678	3	-1.0814	-1.10595	-1.21221	-1.22924	-0.415126	-0.767271
chr6:135500000-136000000	chr6	-0.368306	-0.508727	-0.226314	1	-1.32074	-1.40632	-1.45299	-1.38625	-1.1466	-1.35387
chr6:136000000-136500000	chr6	-0.168497	-0.338127	-0.288383	2	-0.980394	-1.15815	-0.731689	-1.10616	-0.377292	-0.95717
chr6:136500000-137000000	chr6	-0.274913	-0.157941	-0.274282	4	-0.404074	-0.612686	-0.467691	-0.702508	-0.159944	-0.438679
chr6:137000000-137500000	chr6	-0.338014	0.046639	-0.403409	4	-0.320513	-0.382193	-0.156859	-0.124109	-0.0171701	-0.169023
chr6:137500000-138000000	chr6	-0.0432279	-0.396923	-0.58989	1	0.307471	0.215582	0.816887	0.599445	0.557034	0.400726
chr6:138000000-138500000	chr6	-0.291039	-0.109808	-0.416702	6	0.89409	0.599343	0.875649	1.19753	0.969171	0.910679
chr6:138500000-139000000	chr6	-0.338454	-0.61477	-0.321233	3	1.07035	1.13687	1.32878	1.05158	1.01221	1.10638
chr6:139000000-139500000	chr6	0.00214962	-0.862692	-0.105597	4	1.18296	1.32976	1.19524	1.321	1.05211	1.11658
chr6:139500000-140000000	chr6	0.0793161	-1.34792	0.10451	0	1.04042	1.34903	1.37036	1.2134	1.03479	0.891904
chr6:140000000-140500000	chr6	0.0646743	-1.42333	0.150421	0	0.591143	0.775389	0.231795	0.517356	0.633979	0.609143
chr6:140500000-141000000	chr6	-0.149007	-1.4424	-0.0878463	0	0.533127	0.470973	0.601543	0.537554	0.584162	0.640462
chr6:141000000-141500000	chr6	0.115286	-1.30823	-0.06992	0	0.092396	0.0311419	-0.210961	-0.589934	-0.165751	0.0805006
chr6:141500000-142000000	chr6	-0.33775	-0.599181	-0.0301191	0	0.0154465	-0.140069	-0.0429486	-0.0903734	0.0696169	0.290012
chr6:142000000-142500000	chr6	-0.206496	-1.14289	-0.0817605	4	0.305148	0.648735	0.335632	0.662461	0.501869	0.386801
chr6:142500000-143000000	chr6	0.14347	-1.1042	0.0801436	1	0.592017	0.282812	0.725463	0.790179	0.399721	0.490026
chr6:143000000-143500000	chr6	-0.10226	-0.804645	-0.0912487	3	0.576277	0.299107	0.252508	0.0969659	0.245609	0.209137
chr6:143500000-144000000	chr6	-0.13143	-0.459591	-0.366876	4	0.580469	1.19636	1.02493	0.936903	0.720764	0.706028
chr6:144000000-144500000	chr6	-0.208784	-0.695908	-0.287985	4	0.962524	0.859492	0.871276	1.23276	0.905086	1.05853
chr6:144500000-145000000	chr6	-0.1772	-0.62548	-0.300926	0	0.0447925	0.322709	0.0314954	0.223516	0.176762	0.309482
chr6:145000000-145500000	chr6	-0.300188	-0.246698	-0.300439	0	-0.25364	-0.151871	-0.436879	0.0690571	0.186498	0.205585
chr6:145500000-146000000	chr6	-0.0764017	-0.186831	-0.229949	3	-0.663466	-0.598984	-0.607667	-0.656041	-0.511638	-0.323534
chr6:146000000-146500000	chr6	0.225093	0.362152	0.0487223	1	-1.18967	-1.41934	-1.35623	-1.38794	-1.0373	-1.06299
chr6:146500000-147000000	chr6	-0.00631801	-0.185108	-0.0589055	2	-1.27264	-1.38359	-1.14249	-1.18358	-1.10845	-1.03857
chr6:147000000-147500000	chr6	-0.095119	-0.4521	-0.117998	1	-1.05336	-0.856685	-0.973073	-0.982343	-1.02004	-0.95379
chr6:147500000-148000000	chr6	-0.0510398	-0.0202909	-0.176838	1	-0.957716	-1.23837	-0.886226	-1.10327	-0.858167	-1.15413
chr6:148000000-148500000	chr6	-0.239074	-0.270839	-0.201561	1	-0.44649	-0.455049	-0.288787	-0.0709853	-0.345659	-0.493023
chr6:148500000-149000000	chr6	-0.0530585	-0.630584	-0.223667	1	0.324026	0.441983	0.562371	0.392264	0.253158	0.486242
chr6:149000000-149500000	chr6	-0.0372552	-1.11061	-0.114334	3	1.25093	1.22088	1.25731	1.15802	1.17069	0.823771
chr6:149500000-150000000	chr6	0.0461994	-1.16014	-0.234801	11	1.55347	1.58474	1.61229	1.67721	1.41898	1.51243
chr6:150000000-150500000	chr6	-0.0846948	-0.542057	-0.208607	4	1.43838	1.90418	1.61203	1.543	1.34941	1.35293
chr6:150500000-151000000	chr6	0.0391433	-0.572211	-0.312699	2	1.16692	1.37101	1.28589	1.18761	0.918003	0.936097
chr6:151000000-151500000	chr6	0.124408	-0.843739	-0.192945	5	0.512895	0.754208	0.630114	0.701213	0.546385	0.50592
chr6:151500000-152000000	chr6	0.159665	0.564536	-0.202447	1	-1.43226	-1.43988	-1.34569	-1.35271	-1.21505	-1.1929
chr6:152000000-152500000	chr6	-0.287687	0.19561	-0.367573	0	-1.08264	-1.09392	-0.93121	-1.14194	-0.902871	-0.891592
chr6:152500000-153000000	chr6	0.141184	0.806939	0.327105	4	-1.57378	-1.46962	-1.53125	-1.43873	-1.49987	-1.49316
chr6:153000000-153500000	chr6	-0.0100094	0.710803	0.255826	2	-1.36801	-1.42618	-1.34432	-1.51144	-1.47001	-1.43456
chr6:153500000-154000000	chr6	0.347506	0.705097	0.0934078	0	-1.34698	-1.43456	-1.58312	-1.51181	-1.55428	-1.50413
chr6:154000000-154500000	chr6	0.0755936	0.180155	-0.21546	2	-0.768669	-0.968898	-1.05137	-0.967868	-1.08176	-1.03198
chr6:154500000-155000000	chr6	-0.150475	-0.498832	-0.130919	3	0.567274	0.576811	0.915519	0.707385	0.498833	0.290117
chr6:155000000-155500000	chr6	0.0208532	-0.421128	-0.270967	3	0.515222	0.243173	0.712378	0.451337	0.140132	0.329119
chr6:155500000-156000000	chr6	0.293332	0.364842	0.339384	0	-0.667477	-0.818248	-0.704467	-0.443372	-1.03234	-1.08486
chr6:156000000-156500000	chr6	0.155006	0.907337	0.167987	0	-0.686089	-0.808894	-0.477374	-0.793195	-0.867188	-0.827795
chr6:156500000-157000000	chr6	-0.0980149	-0.29353	0.297669	1	0.866904	0.194584	0.474733	0.667859	0.0910048	0.332488
chr6:157000000-157500000	chr6	0.0908038	-0.715636	-0.173534	2	1.23156	1.1235	0.952948	1.17787	0.626169	0.808445
chr6:157500000-158000000	chr6	0.0170665	-0.618853	-0.251126	2	1.46666	1.59616	1.47086	1.59047	1.22807	1.22984
chr6:158000000-158500000	chr6	0.0778111	-0.707214	-0.0872437	3	1.37441	1.31355	1.22968	1.38491	1.11352	1.18975
chr6:158500000-159000000	chr6	-0.0113363	-0.50311	-0.240492	4	1.23052	1.29536	1.26242	1.23412	1.13705	1.37437
chr6:159000000-159500000	chr6	0.0887754	0.820401	0.200368	3	-0.815345	-0.55787	-0.877259	-0.776574	0.126107	0.104444
chr6:159500000-160000000	chr6	-0.147664	0.505176	-0.189273	8	-0.467736	-0.394435	-0.611362	-0.613612	0.787718	0.0480531
chr6:160000000-160500000	chr6	-0.072245	1.11329	0.106731	3	-0.964832	-0.868201	-1.00472	-0.925265	-0.0952961	-0.245005
chr6:160500000-161000000	chr6	0.0295003	0.944557	0.36765	3	-1.06982	-1.1744	-1.21302	-1.18229	-0.378342	-0.788842
chr6:161000000-161500000	chr6	-0.132953	0.352322	-0.104397	1	-0.292247	-0.251887	-0.36732	-0.235018	0.425072	0.164193
chr6:161500000-162000000	chr6	-0.0977111	1.08226	0.0760526	0	-0.327323	-0.327735	-0.582451	-0.343524	0.25803	0.0353723
chr6:162000000-162500000	chr6	0.279827	0.785327	-0.0275969	0	0.130637	0.49413	0.108249	0.0193665	0.261986	0.464542
chr6:162500000-163000000	chr6	0.306333	0.445229	0.2005	2	0.50192	0.441242	0.264074	0.421766	0.411594	0.667067
chr6:163000000-163500000	chr6	0.159017	0.0360235	-0.048834	1	1.04432	1.20778	0.719141	1.03137	0.74753	0.729258
chr6:163500000-164000000	chr6	0.00891068	0.108809	-0.0828718	0	0.693672	1.03716	0.758109	0.910956	0.923018	0.932928
chr6:164000000-164500000	chr6	0.352925	0.566014	0.578629	0	0.169234	0.516549	-0.0634138	0.184929	0.273889	0.620005
chr6:164500000-165000000	chr6	0.197115	0.651513	0.594142	0	-0.111879	0.213713	-0.419306	-0.354126	0.0363584	0.34083
chr6:165000000-165500000	chr6	0.470854	0.648884	0.228627	1	-0.0975909	0.405355	-0.200577	0.220381	0.520487	0.220079
chr6:165500000-166000000	chr6	0.170683	0.523355	0.279464	1	1.0345	1.14896	0.485484	0.505594	1.04304	1.0862
chr6:166000000-166500000	chr6	-0.0707257	0.54895	0.00491261	4	0.845191	0.973294	1.1988	1.3833	1.38505	1.11067
chr6:166500000-167000000	chr6	-0.0113537	0.583195	-0.136522	4	1.49865	1.33869	1.75207	1.65292	1.24775	1.43178
chr6:167000000-167500000	chr6	0.0634814	0.985791	0.122877	4	1.56447	1.65003	1.50268	1.82679	1.4385	1.52759
chr6:167500000-168000000	chr6	0.151211	0.139197	-0.136666	2	1.7659	1.79145	1.85894	1.6119	1.45201	1.3776
chr6:168000000-168500000	chr6	-0.18924	0.913047	-0.0472902	3	1.34956	1.66157	1.30304	1.5783	1.38111	1.3415
chr6:168500000-169000000	chr6	0.279021	0.918271	0.066835	0	1.43838	1.45223	0.842097	0.83606	1.12324	0.912289
chr6:169000000-169500000	chr6	-0.048634	0.579608	-0.12241	1	0.731627	0.932131	-0.263941	-0.260842	0.793643	0.396692
chr6:169500000-170000000	chr6	-0.165469	0.703812	0.13008	5	1.47344	1.29395	0.480871	0.788412	1.19982	0.931164
chr6:170000000-170500000	chr6	-0.134166	0.693185	0.0459454	2	1.57418	1.73189	1.24526	1.19817	1.41061	1.09572
chr7:3000000-3500000	chr7	-0.0520981	-0.466261	-0.172799	2	0.237589	0.136664	0.222037	0.0852826	0.474756	0.498608
chr7:3500000-4000000	chr7	-0.315253	0.0225498	-0.325796	0	-0.309379	-0.453357	-0.410195	-0.227002	0.27744	-0.113032
chr7:4000000-4500000	chr7	-0.429196	0.457313	-0.229307	0	-0.387483	-0.581741	-0.527971	-0.497762	-0.181711	-0.466912
chr7:4500000-5000000	chr7	-0.377647	-0.0614898	-0.133215	5	0.30044	-0.0189492	0.242707	0.00473599	0.30666	0.348938
chr7:5000000-5500000	chr7	-0.210852	-0.454107	0.0805267	4	1.20769	1.1207	1.20715	1.15015	1.15705	1.14573
chr7:5500000-6000000	chr7	0.024359	-0.781843	0.0495717	7	1.33646	1.33453	1.36878	1.21213	1.61825	1.5055
chr7:6000000-6500000	chr7	0.0250224	-0.959816	-0.0525045	11	1.41931	1.58903	1.44311	1.38167	1.44787	1.4437
chr7:6500000-7000000	chr7	-0.332783	0.33051	-0.093124	8	1.34907	1.23673	1.11919	1.16703	1.19438	1.20378
chr7:7000000-7500000	chr7	-0.110813	0.419522	0.136255	1	-0.118093	0.185058	-0.275909	-0.0852969	-0.0873496	-0.0379379
chr7:7500000-8000000	chr7	-0.342286	0.257094	-0.0448461	5	0.124222	0.304068	-0.0522045	0.102119	0.208746	0.334484
chr7:8000000-8500000	chr7	0.239964	0.762036	-0.257761	2	-0.291567	-0.321336	-0.240866	-0.205948	-0.193801	-0.206221
chr7:8500000-9000000	chr7	0.54404	0.812862	0.428475	0	-0.970641	-0.676946	-0.953805	-0.852753	-0.925418	-1.16909
chr7:9000000-9500000	chr7	0.107756	0.488006	0.16093	0	-0.948034	-1.07057	-1.06346	-1.05962	-1.26676	-1.12175
chr7:9500000-10000000	chr7	0.14211	0.44329	0.45823	0	-0.977541	-0.794842	-0.803905	-0.806949	-1.29007	-1.20283
chr7:10000000-10500000	chr7	0.292103	0.582643	0.217764	0	-1.02499	-0.878382	-0.823896	-0.811376	-1.10409	-1.19848
chr7:10500000-11000000	chr7	0.0883472	0.887567	0.23072	2	-0.77285	-0.864702	-1.08622	-0.770297	-1.01883	-1.12936
chr7:11000000-11500000	chr7	0.130629	0.397531	0.0484266	0	-0.652177	-0.524368	-0.419087	-0.397865	-0.702671	-0.699585
chr7:11500000-12000000	chr7	-0.0125746	0.441197	0.395805	1	-0.910509	-0.831118	-0.785838	-0.802541	-0.769417	-1.01473
chr7:12000000-12500000	chr7	-0.103898	0.255021	0.0235155	2	-0.565785	-0.258117	-0.243764	-0.373369	-0.661409	-0.506972
chr7:12500000-13000000	chr7	-0.23285	0.0967447	-0.0280628	3	-0.712404	-0.567157	-0.499244	-0.561874	-0.523796	-0.80567
chr7:13000000-13500000	chr7	-0.0759486	0.192396	-0.143768	0	-0.776668	-0.691871	-0.531726	-0.609075	-0.795959	-0.877441
chr7:13500000-14000000	chr7	0.113261	-0.0417955	0.162365	1	-0.496376	-0.162566	-0.361504	-0.883833	-0.688383	-0.55343
chr7:14000000-14500000	chr7	0.153058	0.0965344	0.346636	0	-0.060533	0.0196778	-0.0516118	-0.720522	-0.269441	-0.044706
chr7:14500000-15000000	chr7	0.166072	-0.0383591	0.531928	1	-0.412811	-0.279687	-0.595177	-0.500436	-0.535536	-0.74895
chr7:15000000-15500000	chr7	-0.0460691	0.147766	-0.0849385	0	-0.887969	-0.854507	-0.758911	-0.873102	-1.05651	-0.99939
chr7:15500000-16000000	chr7	0.183744	0.0573225	0.28836	2	-0.866719	-0.778389	-0.906886	-0.657957	-1.01704	-0.960417
chr7:16000000-16500000	chr7	-0.207309	0.258998	-0.242899	2	-0.716995	-0.512309	-0.629937	-0.530109	-0.777908	-0.714958
chr7:16500000-17000000	chr7	-0.24745	-0.549478	-0.365392	6	0.0220506	0.222008	0.0924924	0.0764585	-0.0105591	-0.133289
chr7:17000000-17500000	chr7	-0.209905	-0.944871	-0.273279	1	-0.635309	-0.625908	-0.710298	-0.666572	-0.914191	-0.946903
chr7:17500000-18000000	chr7	0.119335	-0.901679	-0.0803079	1	-0.150534	-0.220295	-0.402516	-0.410755	-0.161304	-0.243973
chr7:18000000-18500000	chr7	-0.110739	-0.691897	0.0298411	2	-0.0339556	-0.192723	-0.132808	-0.128887	-0.305697	-0.272118
chr7:18500000-19000000	chr7	-0.0992588	-0.617258	0.0867762	0	-0.672582	-0.455612	-0.710453	-0.590734	-1.13563	-0.870581
chr7:19000000-19500000	chr7	-0.0046556	-0.32633	-0.0969494	2	-0.878177	-0.960291	-0.91754	-0.871601	-1.21131	-1.08102
chr7:19500000-20000000	chr7	0.569928	0.00825835	0.197644	2	-1.05988	-0.918191	-0.993706	-0.819825	-1.11894	-1.21366
chr7:20000000-20500000	chr7	0.110361	0.100149	0.103353	2	-0.700846	-0.438789	-0.788157	-0.950888	-0.747174	-0.946758
chr7:20500000-21000000	chr7	0.184252	0.626223	0.016966	2	-0.771146	-0.485418	-0.574326	-0.559744	-0.553964	-0.846858
chr7:21000000-21500000	chr7	0.167851	0.68874	0.159364	1	-0.545696	-0.279056	-0.247563	-0.520531	-0.0244427	-0.245963
chr7:21500000-22000000	chr7	-0.0413303	0.615856	-0.0343018	2	-0.380989	-0.0328734	-0.568898	-0.342091	-0.120285	-0.253511
chr7:22000000-22500000	chr7	0.0675425	0.43339	0.0538214	1	0.360034	0.717684	0.454208	0.518698	0.651036	0.598568
chr7:22500000-23000000	chr7	-0.241559	-0.549763	-0.214273	3	0.436465	0.604966	0.437935	0.588166	0.935644	0.872672
chr7:23000000-23500000	chr7	0.0745008	-1.00873	-0.14003	6	0.948729	0.789451	0.898695	1.09822	1.16801	1.2574
chr7:23500000-24000000	chr7	-0.117708	-0.396181	-0.177038	4	0.27084	0.422028	0.40808	0.738101	0.633118	0.811765
chr7:24000000-24500000	chr7	-0.0578175	0.0454056	-0.119295	1	-0.0778182	0.376346	0.42189	0.344677	0.623607	0.831438
chr7:24500000-25000000	chr7	-0.190403	-0.295303	-0.19813	3	0.559401	1.08056	0.788655	0.960226	0.813225	0.979243
chr7:25000000-25500000	chr7	-0.0636969	0.545393	-0.280623	3	0.946055	1.10099	1.14267	0.796244	1.24367	1.22963
chr7:25500000-26000000	chr7	-0.108063	0.687952	-0.0895579	0	1.12705	1.12102	1.32921	1.3249	1.36831	1.34866
chr7:26000000-26500000	chr7	-0.158744	0.417529	-0.0654192	4	1.14097	1.18096	1.48132	1.27394	1.2061	0.96533
chr7:26500000-27000000	chr7	-0.0677229	0.807839	0.0572423	1	0.884867	0.962615	0.475095	0.538608	0.758119	0.931856
chr7:27000000-27500000	chr7	-0.181775	-0.0779769	-0.106819	12	1.26153	0.727232	0.997806	0.813178	0.990134	0.89771
chr7:27500000-28000000	chr7	0.120833	-0.958142	0.0381639	2	1.02399	0.883227	0.793677	1.19243	1.12969	0.690532
chr7:28000000-28500000	chr7	-0.0298133	-0.914929	-0.272606	2	1.28244	1.097	1.20468	1.04841	1.20188	1.27752
chr7:28500000-29000000	chr7	0.00831986	-0.851836	-0.335641	1	1.34366	1.16695	1.15968	0.935629	1.23136	0.963716
chr7:29000000-29500000	chr7	-0.0360491	-0.564894	-0.121288	2	1.40846	0.935917	1.15538	0.894297	0.915924	0.768389
chr7:29500000-30000000	chr7	-0.128162	-0.667289	-0.136306	3	1.43201	1.15095	1.05268	1.16742	1.13133	1.04316
chr7:30000000-30500000	chr7	-0.141463	-0.887548	-0.0207105	5	1.10021	1.16286	1.00357	1.28371	1.14803	1.06366
chr7:30500000-31000000	chr7	-0.259567	0.0838356	-0.292403	7	1.00035	1.09935	0.857034	1.01875	1.09164	0.906335
chr7:31000000-31500000	chr7	-0.204468	1.03504	-0.0148649	2	-0.410718	-0.354767	-0.0180347	-0.0815416	-0.151824	-0.144297
chr7:31500000-32000000	chr7	0.039307	0.95179	0.102678	2	-0.708087	-0.299476	-0.0458661	-0.336386	-0.372599	-0.521864
chr7:32000000-32500000	chr7	0.0301938	0.772674	0.0985764	3	-0.6184	-0.281909	-0.219238	-0.479154	-0.285488	-0.546189
chr7:32500000-33000000	chr7	-0.207629	-0.125604	-0.171594	2	0.491685	0.645262	0.84301	0.300023	0.455794	0.458237
chr7:33000000-33500000	chr7	-0.239512	0.144354	-0.0345717	3	0.246611	-0.207993	0.390168	0.0315433	0.145584	0.0272074
chr7:33500000-34000000	chr7	-0.242254	0.312424	-0.35177	1	0.34778	0.465416	0.719979	0.230934	0.434677	0.382176
chr7:34000000-34500000	chr7	0.00321608	0.490223	0.0571885	0	-0.491143	-0.270482	-0.400003	-0.242674	-0.153396	-0.343382
chr7:34500000-35000000	chr7	-0.261487	0.636581	0.170491	1	-0.520599	-0.395618	-0.368517	-0.481517	-0.348097	-0.583508
chr7:35000000-35500000	chr7	-0.0676577	0.104052	0.124667	2	0.697559	0.837558	0.845091	0.945744	0.603262	0.717862
chr7:35500000-36000000	chr7	-0.120443	-0.493699	-0.0319109	2	0.72859	1.05095	0.694759	1.01288	0.83063	0.909648
chr7:36000000-36500000	chr7	-0.200218	-0.18305	-0.319764	3	1.34768	1.39898	1.21109	0.996668	1.11703	1.33741
chr7:36500000-37000000	chr7	-0.0437606	0.435206	-0.302732	1	0.785561	0.954921	0.877002	1.26562	0.96212	1.21669
chr7:37000000-37500000	chr7	0.353222	0.610326	-0.21899	1	0.597405	0.907118	1.01724	1.12363	0.658326	1.11908
chr7:37500000-38000000	chr7	0.218024	0.788828	-0.112879	4	0.46345	0.727923	0.422764	0.616401	0.599154	0.770199
chr7:38000000-38500000	chr7	0.0625859	0.54979	-0.0448881	2	0.679291	0.213306	0.434044	0.422826	0.568133	0.522517
chr7:38500000-39000000	chr7	-0.00752419	0.464844	0.0977385	3	0.675746	0.17289	0.519856	0.646676	0.171152	0.357179
chr7:39000000-39500000	chr7	0.202728	0.458779	-0.120479	0	0.668154	0.514899	0.389256	0.787404	0.530388	0.372411
chr7:39500000-40000000	chr7	-0.0372083	-0.752136	-0.109581	3	0.986441	0.829047	1.32951	1.27909	1.22086	1.15608
chr7:40000000-40500000	chr7	0.194264	-1.15168	-0.0208845	2	1.13252	0.988703	0.818944	0.929916	1.17816	1.14421
chr7:40500000-41000000	chr7	0.0184996	-0.953121	-0.0454279	0	0.982563	0.764715	1.00691	0.810232	1.02987	1.03445
chr7:41000000-41500000	chr7	0.222849	-1.21776	-0.136227	0	0.964264	0.587828	1.00168	0.880117	1.05213	0.834575
chr7:41500000-42000000	chr7	-0.282151	-0.739992	-0.121213	1	1.21978	1.02823	1.0691	0.719304	1.14796	1.20404
chr7:42000000-42500000	chr7	-0.432597	-0.432384	-0.198695	1	0.900765	0.903077	0.994514	1.02843	1.31241	1.25236
chr7:42500000-43000000	chr7	-0.11232	-0.511102	-0.148644	3	1.16651	1.06126	1.13909	1.07317	1.14604	0.969972
chr7:43000000-43500000	chr7	-0.238768	-0.505211	-0.174706	1	1.25587	0.98239	1.12761	1.16613	0.96756	1.22123
chr7:43500000-44000000	chr7	-0.225944	-0.76389	0.0232421	7	1.44906	1.43804	1.53124	1.57984	1.43812	1.42333
chr7:44000000-44500000	chr7	-0.106906	-0.574447	0.00203172	10	1.58667	1.65628	1.5635	1.54967	1.66344	1.51657
chr7:44500000-45000000	chr7	-0.205032	-0.778549	-0.152843	9	1.56175	1.61225	1.65855	1.51786	1.56261	1.55255
chr7:45000000-45500000	chr7	-0.376343	0.187561	-0.0798666	4	1.1583	1.37239	1.2717	1.4303	1.33464	1.20205
chr7:45500000-46000000	chr7	-0.275553	0.0540633	0.0121367	4	1.25846	1.25167	0.807792	1.20088	1.28713	1.24376
chr7:46000000-46500000	chr7	0.0128697	-0.92044	-0.0849322	0	1.32808	1.18655	0.885525	0.81674	1.20333	1.21987
chr7:46500000-47000000	chr7	0.11756	-0.972431	0.0243518	0	1.18833	1.38508	1.06328	1.17168	1.22741	1.37876
chr7:47000000-47500000	chr7	-0.0926299	-0.526563	-0.122908	0	1.51839	1.44125	1.28968	1.20448	1.39371	1.55385
chr7:47500000-48000000	chr7	-0.14108	-0.363267	-0.237723	3	1.20516	1.22488	1.25863	1.27816	1.47774	1.37647
chr7:48000000-48500000	chr7	-0.134678	0.268035	-0.170317	4	-0.209498	0.415941	0.348745	0.335362	0.639647	0.65766
chr7:48500000-49000000	chr7	0.28866	0.691703	0.0802984	1	-0.404043	0.132617	0.119062	0.366269	0.0446321	0.438642
chr7:49000000-49500000	chr7	0.122807	0.733508	0.297218	0	-0.782656	-0.69617	-0.425202	-0.484808	-0.543453	-0.233177
chr7:49500000-50000000	chr7	0.106752	0.840524	0.179152	1	-0.589979	-0.473478	-0.627134	-0.258504	-0.29781	0.00719452
chr7:50000000-50500000	chr7	0.0924305	0.865657	-0.0879856	4	-0.0845144	0.421474	0.162621	0.080848	0.0480391	0.341385
chr7:50500000-51000000	chr7	-0.308905	0.845926	-0.236312	2	0.320247	0.712462	0.525858	0.474801	0.481708	0.677908
chr7:51000000-51500000	chr7	-0.222384	0.817725	0.00440401	1	0.15854	0.191966	0.526061	0.328108	0.266646	0.579671
chr7:51500000-52000000	chr7	-0.0634986	1.00827	0.0133269	0	-0.593631	-0.482344	-0.520329	-0.450588	-0.777024	-0.511313
chr7:52000000-52500000	chr7	0.0401129	0.371041	0.109817	0	-0.566799	-0.221735	-0.336809	-0.254816	-0.753354	-0.704149
chr7:52500000-53000000	chr7	0.274635	0.166825	0.0705012	0	-0.544163	-0.358371	-0.430975	-0.300082	-0.477845	-0.551761
chr7:53000000-53500000	chr7	0.222074	0.410862	0.393341	1	-0.304377	-0.0449557	-0.103539	-0.150992	-0.42113	-0.290466
chr7:53500000-54000000	chr7	0.283606	0.617965	0.232545	0	-0.736608	-0.672574	-0.51977	-0.606851	-0.835992	-0.69001
chr7:54000000-54500000	chr7	0.315593	0.664	0.218914	0	-0.678973	-0.595739	-0.565532	-0.570603	-0.633321	-0.83431
chr7:54500000-55000000	chr7	-0.156342	0.392718	0.0182864	2	-0.188247	-0.139856	-0.0854645	-0.0804644	-0.22537	-0.325308
chr7:55000000-55500000	chr7	-0.172386	0.023358	-0.422434	2	0.28269	0.573072	0.301319	0.491235	0.27422	0.377082
chr7:55500000-56000000	chr7	-0.0712302	0.374543	-0.0467909	5	-0.116748	0.178527	0.056992	-0.0892326	0.0481747	0.413557
chr7:56000000-56500000	chr7	0.0770874	0.502401	0.206884	6	-0.394366	-0.116606	-0.290319	-0.108315	-0.25215	0.0705865
chr7:56500000-57000000	chr7	-0.206772	1.04525	0.084644	0	-0.584057	-0.243245	-0.356664	-0.420509	-0.550939	-0.409499
chr7:57000000-57500000	chr7	-0.171995	0.892481	0.329778	2	-0.497038	-0.390497	-0.510331	-0.188763	-0.321599	-0.295177
chr7:57500000-58000000	chr7	0.139938	0.948788	0.31834	0	-0.597529	-0.427448	-0.533769	-0.487985	-0.51082	-0.439637
chr7:62000000-62500000	chr7	-0.106529	0.838615	0.105589	0	-0.423645	-0.0470348	-0.25091	-0.12488	-0.35419	-0.027234
chr7:62500000-63000000	chr7	-0.294381	0.834127	0.234252	0	-0.713829	-0.777405	-0.924773	-0.672788	-0.722564	-0.746748
chr7:63000000-63500000	chr7	0.155264	0.652361	0.259275	0	-0.907351	-0.770288	-0.806514	-0.826445	-0.811475	-0.666657
chr7:63500000-64000000	chr7	-0.0328783	0.919664	0.0545671	1	-1.0169	-0.906201	-0.794325	-0.799998	-0.874702	-0.74612
chr7:64000000-64500000	chr7	-0.0297896	0.654981	-0.0475345	4	-1.01477	-1.08241	-0.992989	-0.997956	-0.935357	-0.859611
chr7:64500000-65000000	chr7	-0.19319	0.415422	-0.254323	5	-0.748151	-0.747446	-0.901362	-0.791363	-0.702019	-0.552264
chr7:65000000-65500000	chr7	-0.133306	-0.209188	-0.0198618	2	-0.642494	-0.600718	-0.663386	-0.411778	-0.37512	-0.363482
chr7:65500000-66000000	chr7	-0.224965	-0.256622	-0.379533	2	0.255414	0.337391	0.166273	-0.0330209	0.180776	0.403939
chr7:66000000-66500000	chr7	-0.254521	-0.584608	-0.0309494	3	0.558917	0.754044	0.697481	0.720809	0.623978	0.704922
chr7:66500000-67000000	chr7	-0.0152119	-0.732745	-0.216692	5	1.10942	1.25683	1.17023	1.2807	1.0129	1.19264
chr7:67000000-67500000	chr7	-0.108403	-0.23232	-0.200172	1	1.34942	1.35389	1.45482	1.50807	1.11044	1.06241
chr7:67500000-68000000	chr7	0.118855	0.53341	-0.144458	0	1.11757	1.31954	1.11558	0.950939	0.891471	0.820358
chr7:68000000-68500000	chr7	-0.0398634	0.548862	-0.153148	0	1.20502	1.25557	1.20764	0.982812	0.983068	0.757383
chr7:68500000-69000000	chr7	-0.0366532	0.208506	-0.137553	0	1.08388	0.8506	1.13736	1.08036	0.673914	0.899115
chr7:69000000-69500000	chr7	-0.0191708	0.365764	-0.198892	0	1.31841	1.12006	1.05151	1.0661	0.742905	0.859944
chr7:69500000-70000000	chr7	0.0600532	-0.183311	-0.193423	1	1.14565	1.15128	1.22521	1.18339	0.889284	0.907788
chr7:70000000-70500000	chr7	0.277533	-0.142211	-0.0360038	0	0.950316	0.715213	0.977224	1.01139	0.870616	0.482613
chr7:70500000-71000000	chr7	0.080539	0.231081	-0.0899162	0	0.738623	0.833598	1.21639	1.36242	1.15271	0.965715
chr7:71000000-71500000	chr7	0.138775	0.748337	0.0141225	1	0.851931	0.932588	1.08235	1.07572	0.88846	0.886736
chr7:71500000-72000000	chr7	-0.0884714	0.707242	-0.08684	0	0.91172	0.598735	0.982773	0.913639	0.694688	0.59377
chr7:72000000-72500000	chr7	0.0342246	0.736004	-0.0544955	1	0.235952	0.245722	0.327266	0.557994	0.615545	0.533774
chr7:72500000-73000000	chr7	0.00980139	-0.55809	-0.0771172	3	0.909106	1.01949	1.30927	1.10245	1.14886	1.16603
chr7:73000000-73500000	chr7	-0.0237068	-0.781949	-0.0838244	8	1.70787	1.75599	1.69217	1.60997	1.53691	1.58589
chr7:73500000-74000000	chr7	-0.13562	-0.828755	-0.140525	13	1.85403	1.86893	1.76944	1.59348	1.62711	1.50712
chr7:74000000-74500000	chr7	-0.0662296	-0.786361	-0.105099	7	1.71683	1.61739	1.4596	1.60505	1.63282	1.53279
chr7:74500000-75000000	chr7	-0.00192832	-0.973403	0.14295	5	1.63749	1.43213	1.60263	1.50542	1.59506	1.35213
chr7:75500000-76000000	chr7	-0.184986	-0.641904	-0.141049	6	1.60011	1.65863	1.64094	1.61948	1.48442	1.47211
chr7:76000000-76500000	chr7	-0.124772	-0.66162	-0.176215	8	1.53698	1.3797	1.30148	1.55592	1.46015	1.41316
chr7:77000000-77500000	chr7	-0.512005	-0.3228	-0.275477	5	0.401652	0.343987	0.218687	1.02119	0.178777	0.230168
chr7:77500000-78000000	chr7	-0.227097	-1.06	0.0240622	4	0.201307	0.113622	0.00127734	0.413683	-0.0120059	0.344997
chr7:78000000-78500000	chr7	-0.263601	0.000628458	-0.180491	0	-0.6358	-1.04264	-1.1209	-0.952369	-1.20025	-1.26951
chr7:78500000-79000000	chr7	-0.0657557	-0.267568	-0.0696208	0	-0.967243	-1.21818	-1.39383	-1.12122	-1.24704	-1.26
chr7:79000000-79500000	chr7	-0.279354	-0.483252	-0.0858136	1	-1.04155	-1.19612	-1.17416	-0.995406	-1.34571	-1.38341
chr7:79500000-80000000	chr7	-0.147223	-0.887824	0.103466	0	-0.779421	-1.0249	-1.16256	-0.77379	-1.0865	-0.777305
chr7:80000000-80500000	chr7	-0.0711885	-1.14659	-0.0299437	1	-0.71737	-0.743354	-0.851205	-0.772271	-0.883973	-0.745242
chr7:80500000-81000000	chr7	0.137631	-1.54365	0.188874	3	-0.118001	-0.197234	-0.248616	-0.283611	-0.228429	-0.279043
chr7:81000000-81500000	chr7	-0.0827145	-1.07622	0.106817	0	-0.251901	-0.478029	-0.692167	-0.306527	-0.304945	-0.637331
chr7:81500000-82000000	chr7	-0.244149	-0.84287	-0.00643073	1	-1.18521	-1.17406	-1.18621	-1.1414	-1.28569	-1.29632
chr7:82000000-82500000	chr7	-0.0730188	-1.03373	0.0267027	1	-1.05073	-1.03703	-1.04147	-0.935791	-0.993875	-0.944597
chr7:82500000-83000000	chr7	-0.115088	-0.742153	0.0621452	0	-1.27136	-1.29243	-1.23848	-0.952865	-1.3633	-1.4443
chr7:83000000-83500000	chr7	-0.149955	-0.323625	-0.0609391	1	-1.38627	-1.27474	-1.2218	-1.11432	-1.31735	-1.4618
chr7:83500000-84000000	chr7	-0.19056	-0.228824	-0.141648	1	-1.18484	-1.26373	-0.914689	-1.17593	-1.17527	-1.30186
chr7:84000000-84500000	chr7	-0.110871	-1.1162	0.0210859	1	-0.0120692	-0.341731	-0.263595	-0.283404	-0.2617	-0.410685
chr7:84500000-85000000	chr7	-0.388401	-0.524297	-0.178421	0	-0.359954	-0.254031	-0.311649	-0.111633	-0.317999	-0.357983
chr7:85000000-85500000	chr7	-0.00475064	-0.712609	0.187808	1	-0.976367	-1.25131	-1.16816	-1.13999	-1.13694	-1.37548
chr7:85500000-86000000	chr7	0.0375079	0.00844132	0.252024	0	-1.15997	-1.39567	-1.23251	-1.14264	-1.35791	-1.44102
chr7:86000000-86500000	chr7	0.374171	0.643287	0.60438	0	-1.51353	-1.60316	-1.55282	-1.60833	-1.55269	-1.65238
chr7:86500000-87000000	chr7	0.232162	0.915384	0.335487	1	-1.37948	-1.31278	-1.37751	-1.46049	-1.37714	-1.4499
chr7:87000000-87500000	chr7	-0.0892901	0.667624	0.0977491	5	-0.768449	-0.708649	-0.707945	-0.817921	-0.809528	-0.838437
chr7:87500000-88000000	chr7	-0.0891837	0.623738	-0.126918	5	-1.25649	-1.27583	-1.3003	-1.49307	-1.27661	-1.32086
chr7:88000000-88500000	chr7	0.195463	0.92415	0.192907	2	-1.01558	-1.18809	-1.09965	-1.13251	-1.25147	-1.28608
chr7:88500000-89000000	chr7	0.333321	0.810314	0.509726	2	-1.28857	-1.2039	-1.24966	-1.4087	-1.36807	-1.44412
chr7:89000000-89500000	chr7	0.154122	0.726887	0.403408	0	-1.43109	-1.4998	-1.64494	-1.68453	-1.5577	-1.59329
chr7:89500000-90000000	chr7	0.282503	0.814754	0.462452	0	-1.53849	-1.42316	-1.38648	-1.47709	-1.54462	-1.53984
chr7:90000000-90500000	chr7	-0.0672453	0.335584	-0.297836	7	-1.03042	-1.1159	-1.01774	-1.02424	-1.05378	-1.18329
chr7:90500000-91000000	chr7	-0.210531	-0.0335564	-0.115566	1	-0.362415	-0.63989	-0.434067	-0.259994	-0.415545	-0.588742
chr7:91000000-91500000	chr7	-0.225133	0.565623	-0.389628	1	-0.764789	-1.00815	-0.921464	-0.644415	-0.669103	-0.749307
chr7:91500000-92000000	chr7	-0.0317222	0.298984	-0.0606276	2	-0.398512	-0.66573	-0.540753	-0.39808	-0.115785	-0.151583
chr7:92000000-92500000	chr7	0.0949063	-0.708867	0.0686482	6	0.071913	-0.0655591	0.0978218	0.131109	0.0149304	0.121351
chr7:92500000-93000000	chr7	0.0389749	-0.967949	-0.232429	4	-0.957209	-0.967127	-0.896037	-0.947126	-0.825818	-0.775586
chr7:93000000-93500000	chr7	-0.0500875	0.130474	0.122432	4	-1.51882	-1.60591	-1.56127	-1.6312	-1.52228	-1.55418
chr7:93500000-94000000	chr7	0.150792	0.218795	-0.0128871	4	-1.25956	-1.29517	-1.20533	-1.33739	-1.33331	-1.31877
chr7:94000000-94500000	chr7	0.0966083	-0.382599	-0.0706057	2	-0.0726356	-0.537736	-0.306747	-0.33001	-0.373084	-0.182929
chr7:94500000-95000000	chr7	-0.105528	0.242255	-0.0413334	4	-0.720846	-0.711505	-0.92247	-0.701003	-0.979535	-0.75148
chr7:95000000-95500000	chr7	0.0192611	0.54959	-0.121987	4	-0.919141	-1.07423	-1.07196	-1.01278	-1.13724	-1.14461
chr7:95500000-96000000	chr7	-0.0245569	0.959308	0.181774	2	-1.00869	-0.957201	-0.82858	-0.924714	-0.898638	-0.912514
chr7:96000000-96500000	chr7	-0.156957	0.797557	-0.114207	1	-0.957117	-1.06054	-1.03837	-1.14284	-1.07518	-1.03705
chr7:96500000-97000000	chr7	0.0951887	0.977261	0.13325	1	-1.29108	-1.49268	-1.40871	-1.55488	-1.39518	-1.39245
chr7:97000000-97500000	chr7	0.0897684	1.13515	0.251046	3	-1.13277	-1.21004	-1.16599	-1.23901	-1.21192	-1.19165
chr7:97500000-98000000	chr7	-0.0270526	1.19118	-0.0831531	3	-1.27513	-1.174	-1.1686	-1.23394	-1.15909	-1.11899
chr7:98000000-98500000	chr7	-0.442898	0.467667	-0.00430054	5	-0.0336069	0.210557	0.092188	0.0597883	0.406103	0.411072
chr7:98500000-99000000	chr7	-0.117247	0.566529	-0.160111	3	-0.197961	-0.275113	-0.141974	-0.142591	0.302942	0.388992
chr7:99000000-99500000	chr7	0.0439669	-0.646258	-0.113013	11	1.01826	1.27023	1.25733	1.2496	1.28392	1.24922
chr7:99500000-100000000	chr7	-0.183206	-0.295761	-0.178174	14	1.11307	1.15098	1.01544	1.23689	1.1022	1.25567
chr7:100000000-100500000	chr7	-0.0675764	-0.857217	-0.00205935	24	1.46266	1.73346	1.70647	1.73579	1.5766	1.49075
chr7:100500000-101000000	chr7	-0.263588	-0.675088	0.0041427	21	1.62939	1.78108	1.63708	1.6618	1.58858	1.51265
chr7:101000000-101500000	chr7	-0.213847	-0.689792	0.0895852	13	1.6924	1.78275	1.74312	1.63231	1.5385	1.64338
chr7:101500000-102000000	chr7	0.0332799	-0.751404	0.118289	2	1.54058	1.50236	1.80013	1.58171	1.36667	1.43291
chr7:102000000-102500000	chr7	0.0988366	-0.714248	-0.192886	7	1.49851	1.4538	1.58281	1.66979	1.52104	1.5711
chr7:102500000-103000000	chr7	-0.23745	-0.199893	-0.336457	10	-0.772573	-0.674265	-0.99191	-0.984398	-0.66647	-0.62637
chr7:103000000-103500000	chr7	-0.13251	0.203668	-0.277476	7	-0.383968	-0.630503	-0.592255	-0.686144	-0.355168	-0.314849
chr7:103500000-104000000	chr7	-0.11762	0.422191	-0.274456	1	-1.01677	-1.18845	-1.2671	-1.24744	-1.02711	-0.915799
chr7:104000000-104500000	chr7	-0.214975	0.940074	0.117911	2	-1.33117	-1.2345	-1.31441	-1.29974	-1.23788	-1.08147
chr7:104500000-105000000	chr7	0.216371	0.701939	0.26046	0	-1.13449	-1.26276	-1.24872	-1.41043	-1.05945	-1.13524
chr7:105000000-105500000	chr7	-0.107509	-0.937741	-0.150198	2	0.706329	0.65165	0.736154	0.448741	0.741743	0.617439
chr7:105500000-106000000	chr7	-0.284018	-0.366652	-0.170873	5	0.37046	0.54755	0.297711	0.203121	0.698118	0.526076
chr7:106000000-106500000	chr7	-0.0159753	-0.65376	-0.166644	2	-0.1602	-0.261302	-0.14993	0.102622	0.230896	-0.0174002
chr7:106500000-107000000	chr7	0.160279	-0.664744	-0.249329	2	-0.164476	-0.241479	-0.242174	-0.233771	0.252453	-0.030055
chr7:107000000-107500000	chr7	-0.15274	-1.0612	-0.00341171	3	0.23296	0.105141	0.189688	0.214053	0.291599	0.382178
chr7:107500000-108000000	chr7	-0.205686	-0.965024	0.00533862	7	0.591886	0.329143	0.201173	0.350226	0.425679	0.599337
chr7:108000000-108500000	chr7	-0.042895	-0.33873	-0.168436	3	-0.517449	-0.21701	-0.196607	-0.394365	-0.0964326	0.155307
chr7:108500000-109000000	chr7	0.162363	0.57135	-0.00642807	3	-0.778755	-0.86283	-0.776586	-0.795991	-0.813524	-0.689188
chr7:109000000-109500000	chr7	0.360498	0.656034	0.430369	0	-1.43202	-1.38827	-1.4048	-1.32746	-1.41891	-1.30191
chr7:109500000-110000000	chr7	0.0946364	0.653987	0.236787	0	-1.44514	-1.54256	-1.43683	-1.43834	-1.56966	-1.36996
chr7:110000000-110500000	chr7	-0.0212302	0.57363	0.230696	0	-1.20129	-1.18164	-1.41858	-1.1861	-1.35057	-1.19607
chr7:110500000-111000000	chr7	0.0922009	0.544831	0.239464	0	-0.707271	-0.88455	-0.984801	-0.952341	-1.06249	-0.625422
chr7:111000000-111500000	chr7	-0.183209	0.0718779	-0.098284	1	-1.01062	-1.11288	-1.06682	-1.22053	-1.16839	-1.03251
chr7:111500000-112000000	chr7	-0.130131	0.283739	-0.318976	1	-0.409638	-0.686024	-0.357704	-0.311833	-0.409448	-0.492517
chr7:112000000-112500000	chr7	-0.423147	-0.182199	-0.31168	5	0.014705	-0.190817	0.0737596	-0.0458337	0.0660973	-0.0614873
chr7:112500000-113000000	chr7	-0.0132957	0.0295353	0.127375	2	-0.534256	-0.273264	-0.574925	-0.777461	-0.745808	-0.546699
chr7:113000000-113500000	chr7	0.453113	0.0832682	0.301573	2	-0.955356	-1.19109	-0.989047	-1.1306	-1.0529	-1.05441
chr7:113500000-114000000	chr7	0.282453	0.576509	0.384729	1	-1.35671	-1.29521	-1.4314	-1.29003	-1.41058	-1.50859
chr7:114000000-114500000	chr7	0.251906	0.447518	0.269698	1	-1.32447	-1.40142	-1.43153	-1.37966	-1.39208	-1.54464
chr7:114500000-115000000	chr7	-0.178708	0.206841	-0.111218	1	-1.00088	-1.05576	-0.992899	-1.13256	-1.13303	-1.21439
chr7:115000000-115500000	chr7	0.0316953	-0.299731	0.0471449	0	-1.34779	-1.48689	-1.4551	-1.44051	-1.1345	-1.31848
chr7:115500000-116000000	chr7	-0.00465598	0.18695	-0.256178	0	-1.36861	-1.52041	-1.34029	-1.30762	-1.42433	-1.42971
chr7:116000000-116500000	chr7	-0.0042871	-0.944952	-0.0667545	3	-0.566451	-0.710787	-0.647169	-0.623304	-0.516001	-0.750411
chr7:116500000-117000000	chr7	-0.0803637	-0.936496	0.0520636	4	0.258497	0.221936	0.420036	0.278361	0.360644	0.187853
chr7:117000000-117500000	chr7	0.118076	-0.432298	0.07883	3	0.356357	0.0621096	0.194845	-0.0310085	0.0140504	0.105386
chr7:117500000-118000000	chr7	-0.061754	0.446488	0.14644	1	-0.166774	-0.175224	-0.141006	-0.134088	-0.296922	-0.326028
chr7:118000000-118500000	chr7	0.28861	0.543389	0.272925	2	-1.06311	-1.27712	-1.21232	-1.25562	-1.27134	-1.30383
chr7:118500000-119000000	chr7	0.365872	0.73551	0.409231	0	-1.40161	-1.5214	-1.47458	-1.46224	-1.57515	-1.55115
chr7:119000000-119500000	chr7	0.584599	0.632197	0.615722	0	-1.46943	-1.43482	-1.4753	-1.41273	-1.59068	-1.47768
chr7:119500000-120000000	chr7	0.250827	0.196946	0.287232	0	-1.29737	-1.26899	-1.20771	-1.56336	-1.38126	-1.42085
chr7:120000000-120500000	chr7	0.281867	0.590828	0.466857	1	-1.26507	-1.44328	-1.36856	-1.35141	-1.53148	-1.54822
chr7:120500000-121000000	chr7	0.077272	0.506726	0.034426	3	-1.07516	-1.05358	-1.08444	-1.27073	-1.20279	-1.21268
chr7:121000000-121500000	chr7	-0.172519	0.104539	-0.118455	2	-1.24693	-1.39228	-0.961687	-1.31534	-1.03629	-1.19847
chr7:121500000-122000000	chr7	0.228405	0.693809	0.320749	1	-0.941856	-0.985444	-1.03875	-1.06308	-1.09101	-1.08947
chr7:122000000-122500000	chr7	-0.028994	0.926937	0.384718	2	-1.1561	-1.28926	-1.13398	-1.14546	-1.085	-1.05757
chr7:122500000-123000000	chr7	0.234491	1.06532	0.539979	4	-1.00277	-1.19161	-1.24601	-1.28177	-1.25899	-1.28576
chr7:123000000-123500000	chr7	0.40696	0.783432	0.281217	1	-1.34192	-1.4367	-1.35818	-1.48627	-1.37229	-1.41716
chr7:123500000-124000000	chr7	0.278264	-0.0991093	0.087085	7	-0.528818	-0.413611	-0.291144	-0.475575	-0.142512	-0.0647611
chr7:124000000-124500000	chr7	0.150376	0.52358	0.271117	2	-0.412997	0.152414	-0.113693	0.16129	-0.249242	-0.0270922
chr7:124500000-125000000	chr7	0.149342	0.286215	-0.156203	2	-0.717401	-0.871766	-0.746223	-0.655932	-0.765302	-0.597066
chr7:125000000-125500000	chr7	0.253504	0.794075	0.348039	0	-1.478	-1.46588	-1.24142	-1.60711	-1.23486	-1.35209
chr7:125500000-126000000	chr7	0.391101	0.601477	0.604117	0	-1.41444	-1.59627	-1.62067	-1.46798	-1.51075	-1.58229
chr7:126000000-126500000	chr7	0.209864	0.724419	0.41329	0	-1.42403	-1.48579	-1.57011	-1.54484	-1.58296	-1.62493
chr7:126500000-127000000	chr7	0.0802011	0.746079	0.222628	0	-1.47311	-1.34087	-1.44325	-1.48174	-1.35261	-1.43423
chr7:127000000-127500000	chr7	0.181972	0.691443	0.305953	2	-1.33279	-1.42124	-1.39858	-1.50261	-1.29732	-1.46949
chr7:127500000-128000000	chr7	0.184974	-0.44926	-0.10938	5	-0.0580573	-0.291691	0.0226848	-0.251894	0.317343	0.0234978
chr7:128000000-128500000	chr7	-0.0304973	-0.511071	-0.00200709	7	0.912122	0.948269	1.14086	0.928831	1.10391	1.06803
chr7:128500000-129000000	chr7	0.0645087	-0.90369	-0.153071	10	1.66371	1.88256	1.93991	1.85259	1.67404	1.67967
chr7:129000000-129500000	chr7	0.1323	-1.20275	0.0557487	5	1.80495	1.84181	1.81169	1.78186	1.67935	1.61308
chr7:129500000-130000000	chr7	0.13784	-1.24845	-0.225905	3	1.75404	1.69247	1.80803	1.61653	1.69586	1.70042
chr7:130000000-130500000	chr7	0.0197557	-0.876491	-0.172256	10	1.61477	1.52082	1.55476	1.66392	1.53487	1.5574
chr7:130500000-131000000	chr7	-0.148868	-0.864238	-0.32215	3	1.45362	1.54229	1.43978	1.49344	1.31859	1.42033
chr7:131000000-131500000	chr7	-0.00564672	-1.33653	-0.0270422	1	1.40768	1.47256	1.54177	1.25125	1.34922	1.43645
chr7:131500000-132000000	chr7	-0.310336	0.368666	-0.237158	1	1.71919	1.51766	1.45969	1.65682	1.25198	1.33024
chr7:132000000-132500000	chr7	-0.147988	0.795938	-0.293131	0	1.48474	1.42638	1.5096	1.49169	1.26986	1.38297
chr7:132500000-133000000	chr7	-0.103224	0.188043	-0.137289	1	1.195	1.09699	1.02074	1.10582	0.87245	0.774671
chr7:133000000-133500000	chr7	-0.0121384	-0.229848	-0.166836	2	1.06906	0.889402	0.915205	0.842781	0.841357	0.791869
chr7:133500000-134000000	chr7	-0.281184	-0.226748	-0.0950408	0	0.922613	0.487183	0.372759	0.640393	0.614442	0.11962
chr7:134000000-134500000	chr7	-0.0448784	0.0435814	0.102732	3	0.962202	0.645921	0.950872	0.491033	0.873119	0.567319
chr7:134500000-135000000	chr7	-0.125709	-0.821876	0.0662674	5	1.3121	0.688793	1.18649	1.09508	1.19378	0.941158
chr7:135000000-135500000	chr7	0.0818194	-0.634173	0.130332	4	0.996467	1.07493	0.91027	0.756125	1.01369	0.86363
chr7:135500000-136000000	chr7	-0.122296	-0.452659	-0.198864	6	1.28773	1.4845	1.29302	1.33383	1.15466	1.16958
chr7:136000000-136500000	chr7	0.32246	0.0366117	0.0228657	0	1.02746	0.985986	0.969144	0.830439	0.909987	0.846376
chr7:136500000-137000000	chr7	0.0399666	-0.448205	0.150472	1	1.05988	0.854811	1.01753	0.918817	0.613501	0.794613
chr7:137000000-137500000	chr7	0.0749559	-0.597461	-0.0962806	1	1.09114	1.06344	0.970913	1.24493	0.762873	0.782911
chr7:137500000-138000000	chr7	0.0413349	-0.673626	0.0518972	1	1.50667	1.36593	1.37597	1.34737	1.3185	1.35082
chr7:138000000-138500000	chr7	0.245322	-0.19014	-0.0693278	3	1.6458	1.60222	1.60962	1.53096	1.30521	1.42097
chr7:138500000-139000000	chr7	-0.160871	-0.0449174	-0.138157	4	1.57055	1.57334	1.44513	1.16892	1.68185	1.47864
chr7:139000000-139500000	chr7	-0.150484	-0.705757	-0.154892	7	1.75864	1.72025	1.77412	1.62128	1.57435	1.53136
chr7:139500000-140000000	chr7	-0.320374	-0.216979	-0.388819	3	1.50613	1.4222	1.20972	1.27542	1.28645	1.4165
chr7:140000000-140500000	chr7	-0.219718	-0.286637	-0.395335	5	1.47003	1.0607	1.4841	1.32117	1.27725	1.2607
chr7:140500000-141000000	chr7	-0.230685	0.175142	-0.163382	4	0.203372	0.03028	0.0229104	0.168901	0.38223	0.208148
chr7:141000000-141500000	chr7	0.165343	1.41188	-0.155693	2	-0.844985	-0.943858	-0.752987	-0.881438	-0.507868	-0.820085
chr7:141500000-142000000	chr7	-0.219751	1.11277	0.0845091	12	-1.02603	-1.2457	-0.942529	-1.04235	-0.997283	-1.07351
chr7:142000000-142500000	chr7	-0.110995	1.23895	-0.0233891	2	-1.02493	-1.15155	-1.16579	-1.16618	-1.02848	-0.966678
chr7:142500000-143000000	chr7	0.0948108	0.95789	0.00299256	7	-0.607527	-0.495834	-0.573671	-0.591064	-0.480004	-0.324312
chr7:143000000-143500000	chr7	-0.204394	0.988123	-0.114306	14	-0.603523	-0.642509	-0.581752	-0.697579	-0.504494	-0.514726
chr7:143500000-144000000	chr7	-0.131823	0.269379	0.116976	6	-0.486656	-0.340213	-0.591532	-0.350677	-0.579619	-0.342838
chr7:144000000-144500000	chr7	0.152808	0.95474	0.265084	14	-0.733483	-0.733075	-0.771393	-0.719479	-0.811268	-0.869297
chr7:144500000-145000000	chr7	0.189022	1.0879	0.589086	1	-1.18699	-1.22081	-1.13834	-1.12069	-1.18081	-1.23514
chr7:145000000-145500000	chr7	0.479414	0.758615	0.284665	0	-1.25893	-1.21477	-1.32718	-1.39222	-1.39749	-1.46612
chr7:145500000-146000000	chr7	0.275465	0.761523	0.260345	0	-1.37761	-1.38696	-1.45603	-1.34682	-1.45217	-1.44858
chr7:146000000-146500000	chr7	0.284718	0.593865	0.477672	1	-1.12646	-1.11762	-1.08987	-1.23046	-1.31026	-1.18111
chr7:146500000-147000000	chr7	0.294414	0.506626	0.374139	0	-1.23089	-1.18694	-1.42775	-1.31566	-1.43132	-1.30176
chr7:147000000-147500000	chr7	0.293198	0.37951	0.232974	0	-1.06626	-1.31711	-1.21044	-1.40022	-1.21953	-1.42236
chr7:147500000-148000000	chr7	0.328653	0.836761	0.148727	0	-1.34012	-1.19363	-1.29753	-1.39914	-1.31995	-1.40676
chr7:148000000-148500000	chr7	0.230757	0.648727	-0.269454	0	-0.308196	-0.243739	-0.233068	-0.243279	-0.248897	-0.379613
chr7:148500000-149000000	chr7	-0.00770212	-0.235677	-0.0659354	3	0.841085	1.01117	0.726626	1.01631	0.780245	0.807007
chr7:149000000-149500000	chr7	-0.00916786	-0.091781	-0.150809	9	0.215216	0.239677	0.436311	0.26223	0.723599	0.855661
chr7:149500000-150000000	chr7	-0.182663	0.496535	0.24268	4	0.212273	0.298176	0.392752	0.0858552	0.804742	0.876127
chr7:150000000-150500000	chr7	0.159026	0.755934	0.0549956	7	-0.0786378	0.267267	0.183283	0.224864	0.295797	0.383295
chr7:150500000-151000000	chr7	0.231553	0.759641	0.21169	11	0.113782	0.182281	0.145661	-0.0255117	0.430244	0.649965
chr7:151000000-151500000	chr7	0.0159593	-0.361362	0.0262924	19	1.58893	1.77984	1.81519	1.69922	1.53185	1.52078
chr7:151500000-152000000	chr7	0.127189	-0.538451	-0.338734	3	1.44242	1.50466	1.36944	1.41553	1.37266	1.4274
chr7:152000000-152500000	chr7	-0.0255393	-0.563875	0.0816539	2	1.00033	1.14154	1.00658	1.17038	0.81737	0.966784
chr7:152500000-153000000	chr7	-0.0989235	0.424636	-0.273128	2	0.189153	-0.081099	-0.0649106	0.0671767	0.119078	0.225553
chr7:153000000-153500000	chr7	0.157321	1.35213	0.268854	0	-1.14387	-1.23424	-1.21569	-1.147	-1.08042	-1.1629
chr7:153500000-154000000	chr7	0.362264	1.12996	0.1784	0	-0.976511	-1.22795	-1.08882	-1.08357	-1.02939	-0.885665
chr7:154000000-154500000	chr7	-0.194548	1.47224	0.325467	1	-0.728088	-0.98507	-0.694723	-0.971961	-0.726354	-0.89754
chr7:154500000-155000000	chr7	-0.0573333	1.37112	0.0898763	0	-0.793209	-0.601827	-0.708177	-0.818628	-0.626041	-0.561681
chr7:155000000-155500000	chr7	-0.190313	1.18176	-0.0654865	4	-0.34058	-0.22084	-0.466282	-0.363946	0.0148702	0.050707
chr7:155500000-156000000	chr7	-0.247379	0.976425	-0.00526613	3	-0.162823	0.225849	0.130622	0.147777	0.325149	0.466962
chr7:156000000-156500000	chr7	0.126481	1.33317	-0.00402561	0	-0.867272	-0.874094	-0.754323	-0.806891	-0.628415	-0.622722
chr7:156500000-157000000	chr7	-0.231269	0.704492	0.138993	3	-0.137751	-0.0920734	-0.267045	-0.128351	-0.13896	0.0639537
chr7:157000000-157500000	chr7	-0.152177	0.317285	0.00415701	3	0.093749	0.53515	0.303574	0.403389	0.304455	0.392783
chr7:157500000-158000000	chr7	-0.235503	1.2183	0.390475	0	-0.59498	-0.478195	-0.640773	-0.612983	-0.552384	-0.401723
chr7:158000000-158500000	chr7	-0.123942	1.32085	0.257942	0	-0.73883	-0.642283	-0.604317	-0.493262	-0.591522	-0.471367
chr7:158500000-159000000	chr7	-0.21504	0.69541	0.0139914	4	-0.17223	-0.0970035	-0.119172	0.0357693	0.12079	0.165291
chr8:3000000-3500000	chr8	0.191067	0.783027	0.331208	0	-1.05114	-1.07666	-1.05905	-1.04142	-1.11333	-0.987568
chr8:3500000-4000000	chr8	0.150369	0.877523	0.384585	0	-0.9163	-1.02492	-0.929515	-1.06858	-1.08821	-1.18341
chr8:4000000-4500000	chr8	0.304961	0.625621	0.376435	0	0.0607569	0.0956096	0.0694468	-0.0423336	-0.470062	-0.0605038
chr8:4500000-5000000	chr8	0.310249	0.571827	0.357709	1	-0.184534	-0.0742189	-0.229599	0.0373175	-0.412472	-0.288558
chr8:5000000-5500000	chr8	0.221188	0.922617	0.2564	0	-0.627406	-0.871511	-0.715167	-0.714608	-0.983807	-0.951529
chr8:5500000-6000000	chr8	0.217736	0.950945	0.177025	0	-0.820375	-0.790498	-0.695825	-0.827671	-1.01662	-0.900335
chr8:6000000-6500000	chr8	-0.0872182	1.07571	-0.144908	1	-0.376431	-0.509242	-0.386311	-0.535407	-0.525191	-0.564222
chr8:6500000-7000000	chr8	-0.389482	0.957036	0.0749119	8	0.442728	0.203794	0.304191	0.525042	0.336614	0.14418
chr8:8000000-8500000	chr8	-0.0840474	-0.471441	0.0461107	4	1.70788	1.65278	1.6906	1.58629	1.472	1.51354
chr8:8500000-9000000	chr8	-0.023231	-0.554144	-0.10717	2	1.437	1.67655	1.66859	1.63851	1.54548	1.67598
chr8:9000000-9500000	chr8	-0.131218	0.350772	-0.220806	2	1.52376	1.33164	1.47762	1.33136	1.19445	1.16756
chr8:9500000-10000000	chr8	-0.0195457	0.403531	-0.0665425	1	0.772898	0.318048	0.613447	0.414505	0.59405	0.444704
chr8:10000000-10500000	chr8	-0.328531	1.22796	-0.0646704	1	-0.0115522	-0.485033	-0.145908	-0.0448473	0.168956	-0.155912
chr8:10500000-11000000	chr8	-0.477732	1.00009	-0.171893	5	0.809363	0.761296	1.07813	0.916813	1.14532	0.921584
chr8:11000000-11500000	chr8	-0.290481	0.34727	-0.000153314	5	1.30055	0.990971	1.44571	1.19068	1.40844	1.24313
chr8:11500000-12000000	chr8	-0.038086	-0.458632	-0.0761808	6	1.41415	1.57628	1.30748	1.62661	1.43639	1.54625
chr8:12500000-13000000	chr8	0.266922	0.0662421	-0.0763834	2	0.758919	0.495417	0.623512	0.883171	0.986444	1.01539
chr8:13000000-13500000	chr8	0.0664939	-0.958475	-0.0617446	0	0.846677	0.926093	0.739441	0.803024	0.823583	0.692308
chr8:13500000-14000000	chr8	-0.0661166	0.211936	0.294398	2	-0.470238	-0.630393	-0.635828	-0.552894	-0.639098	-0.623772
chr8:14000000-14500000	chr8	0.273816	0.711418	0.518032	0	-1.14478	-1.19695	-1.13291	-0.927427	-1.12371	-1.15718
chr8:14500000-15000000	chr8	0.254083	0.65242	0.369492	0	-1.14315	-1.32611	-1.25151	-1.15706	-1.36752	-1.26836
chr8:15000000-15500000	chr8	0.192503	0.504717	0.135275	1	-1.13061	-1.09859	-1.1909	-1.18127	-1.17112	-1.14416
chr8:15500000-16000000	chr8	0.0248542	0.30111	-0.00941246	1	-0.963123	-0.71503	-1.01897	-0.84726	-0.975347	-0.877569
chr8:16000000-16500000	chr8	-0.0713449	0.0179969	0.311119	1	-0.988455	-1.01667	-1.22187	-1.07356	-0.992836	-1.11731
chr8:16500000-17000000	chr8	-0.0225866	-0.450397	0.168712	0	-0.20433	-0.114451	-0.32416	-0.101304	-0.58101	-0.28673
chr8:17000000-17500000	chr8	-0.246082	-0.738866	-0.0619151	7	1.02466	0.632986	0.592886	1.02384	0.876102	0.974789
chr8:17500000-18000000	chr8	0.196183	-1.15969	-0.180377	4	1.40019	1.44713	1.40744	1.40253	1.41877	1.4562
chr8:18000000-18500000	chr8	-0.0599987	-0.223922	-0.173808	3	0.864716	1.06986	0.719525	0.782014	0.908329	0.904543
chr8:18500000-19000000	chr8	0.0639868	-0.70811	-0.199934	0	1.22833	0.914027	1.12709	1.32516	1.14232	1.17733
chr8:19000000-19500000	chr8	0.0188575	-0.715769	-0.332619	2	1.31647	1.3041	1.09552	0.972503	1.14802	1.1272
chr8:19500000-20000000	chr8	-0.113545	-0.156814	-0.0382512	3	1.09074	0.789522	0.904735	1.0249	1.03961	1.14204
chr8:20000000-20500000	chr8	-0.127222	0.209984	-0.178205	3	1.26364	1.00376	1.33233	1.19522	1.39915	1.40732
chr8:20500000-21000000	chr8	0.27578	0.869678	-0.0756443	0	0.834176	1.04419	1.08419	1.17953	1.14182	1.06906
chr8:21000000-21500000	chr8	0.0116425	0.909085	0.0213622	0	1.04158	0.803766	1.11688	0.966376	1.04001	0.999681
chr8:21500000-22000000	chr8	-0.138714	0.72078	-0.0722032	3	1.26652	1.35917	1.12581	1.44147	1.20437	1.42545
chr8:22000000-22500000	chr8	-0.14573	-0.681219	-0.142664	16	1.48852	1.58626	1.66914	1.50005	1.43436	1.55193
chr8:22500000-23000000	chr8	-0.0433314	-0.672887	0.164004	8	1.66879	1.56731	1.65575	1.49201	1.51779	1.56825
chr8:23000000-23500000	chr8	0.011292	-0.832267	0.035089	8	1.56052	1.40478	1.38383	1.39437	1.62819	1.53243
chr8:23500000-24000000	chr8	-0.0884303	-0.326348	-0.341116	4	1.4885	1.01762	1.33888	1.20203	1.32142	1.26822
chr8:24000000-24500000	chr8	0.0857822	0.0128297	0.0980911	3	0.773773	0.655458	0.570209	1.17371	0.986212	0.63273
chr8:24500000-25000000	chr8	-0.0323401	0.490262	0.0885223	2	0.418091	0.942274	0.492188	1.09723	0.938403	0.732995
chr8:25000000-25500000	chr8	0.00304892	-0.352886	-0.0814969	4	0.878163	0.932989	0.840515	0.779676	1.18976	0.781772
chr8:25500000-26000000	chr8	-0.00725747	0.580645	-0.290378	0	0.635688	0.667095	0.821581	0.683606	1.21009	0.729398
chr8:26000000-26500000	chr8	0.0942874	-0.367343	-0.166629	3	1.04114	1.15263	1.13829	1.256	1.26185	1.28571
chr8:26500000-27000000	chr8	0.0843194	0.281294	0.00924165	3	0.637175	0.748052	0.950215	1.13747	1.20561	1.29937
chr8:27000000-27500000	chr8	-0.306146	0.620008	0.0653992	5	1.29439	1.13405	1.14249	1.055	1.14638	1.22017
chr8:27500000-28000000	chr8	-0.285726	0.294992	-0.179919	6	1.57754	1.42229	1.44709	1.63259	1.44812	1.48015
chr8:28000000-28500000	chr8	-0.380492	-0.185887	-0.373136	6	1.60429	1.67372	1.52387	1.50349	1.62912	1.42542
chr8:28500000-29000000	chr8	-0.00863962	-1.04588	-0.158095	3	1.54174	1.60137	1.35969	1.54426	1.51799	1.55936
chr8:29000000-29500000	chr8	0.251515	-1.19808	-0.331137	2	1.65171	1.43386	1.66129	1.55297	1.53082	1.43652
chr8:29500000-30000000	chr8	-0.0134338	-0.821426	-0.190395	0	1.62026	1.38095	1.59218	1.51526	1.51588	1.40159
chr8:30000000-30500000	chr8	-0.0877173	-1.09422	0.00330124	5	1.56096	1.45102	1.49014	1.63086	1.3603	1.53974
chr8:30500000-31000000	chr8	-0.0549016	-0.557656	0.00329434	6	0.499348	0.70099	0.39011	0.379873	0.793818	0.700499
chr8:31000000-31500000	chr8	-0.120515	0.484423	-0.0336243	2	-0.835713	-0.471093	-0.664739	-0.709369	-0.586496	-0.632277
chr8:31500000-32000000	chr8	0.00254464	0.51909	0.0148965	0	-1.21018	-1.10133	-1.17576	-1.00932	-1.14961	-1.22579
chr8:32000000-32500000	chr8	-0.384904	0.232149	-0.286342	0	-0.844755	-0.947269	-0.927018	-0.668136	-0.792924	-0.787359
chr8:32500000-33000000	chr8	0.0833212	-0.60425	-0.0509967	2	-0.256826	-0.383452	-0.275311	-0.242901	-0.500715	-0.372579
chr8:33000000-33500000	chr8	0.048173	0.00376718	-0.366284	2	-0.182285	-0.370979	-0.00961608	0.20724	-0.271569	0.00429915
chr8:33500000-34000000	chr8	0.0187842	0.896846	-0.130744	3	0.453176	0.395586	0.650783	0.739567	0.245031	0.236362
chr8:34000000-34500000	chr8	0.187185	0.932638	0.130704	0	-0.426146	-0.299152	-0.514218	-0.179992	-0.478216	-0.448477
chr8:34500000-35000000	chr8	0.0867232	0.609212	-0.0057314	0	-0.65202	-0.4503	-0.57985	-0.43917	-0.692707	-0.714356
chr8:35000000-35500000	chr8	-0.00742596	0.220589	-0.0731861	1	-0.131203	-0.119145	0.024765	-0.209573	-0.171009	-0.207025
chr8:35500000-36000000	chr8	-0.107062	1.02068	0.00789017	0	0.580989	0.118442	0.145359	0.388036	0.238424	0.357631
chr8:36000000-36500000	chr8	-0.205102	1.23649	0.18708	0	-0.314062	-0.224934	-0.220862	-0.300232	-0.283157	-0.110058
chr8:36500000-37000000	chr8	-0.0312928	0.225234	0.117749	1	0.147905	0.548982	0.641886	0.765045	0.269359	0.315568
chr8:37000000-37500000	chr8	-0.208299	-0.0278021	-0.37415	0	1.56862	1.57887	1.50008	1.73901	1.36641	1.39157
chr8:37500000-38000000	chr8	0.014809	-0.449242	-0.248879	8	1.69208	1.96469	1.85908	1.6513	1.75487	1.72402
chr8:38000000-38500000	chr8	0.036778	-1.0754	-0.155438	10	1.83504	1.75088	1.66224	1.85883	1.72095	1.72631
chr8:38500000-39000000	chr8	0.000911592	-0.844212	-0.141263	5	1.45848	1.61217	1.4802	1.31289	1.55283	1.61505
chr8:39000000-39500000	chr8	-0.230013	-0.496204	0.185948	1	-0.72139	-0.612936	-0.944164	-0.629253	-0.642485	-0.279133
chr8:39500000-40000000	chr8	-0.119299	-0.114273	-0.0114429	4	-0.394768	-0.700081	-0.475414	-0.33249	-0.410716	0.114623
chr8:40000000-40500000	chr8	-0.105929	-0.755545	-0.298326	1	0.39863	0.454061	0.311222	0.493892	0.48008	0.565771
chr8:40500000-41000000	chr8	-0.404032	-0.194414	-0.312178	1	0.212273	0.100303	0.165116	0.647699	0.312372	0.767995
chr8:41000000-41500000	chr8	-0.306171	-0.423704	-0.468824	2	1.54793	1.48063	1.46906	1.58979	1.37819	1.38424
chr8:41500000-42000000	chr8	-0.0571878	-0.546424	-0.00783336	4	1.73536	1.55772	1.70623	1.81967	1.59364	1.69163
chr8:42000000-42500000	chr8	-0.0880644	-0.693281	0.118749	8	1.68191	1.75069	1.74683	1.55455	1.54503	1.58219
chr8:42500000-43000000	chr8	-0.0133841	-0.734951	-0.246075	7	1.09782	1.34181	1.00972	1.18881	1.02215	1.19154
chr8:43000000-43500000	chr8	0.0551766	0.535275	0.0843932	4	-0.541039	-0.468286	-0.564552	-0.565734	-0.757274	-0.242115
chr8:43500000-44000000	chr8	0.0694459	0.861475	0.212985	0	-0.88359	-0.672223	-0.687586	-0.606177	-0.760074	-0.571754
chr8:46000000-46500000	chr8	-0.153415	1.67516	0.733911	0	-0.762221	-0.750922	-0.714707	-0.775152	-0.677867	-0.49493
chr8:46500000-47000000	chr8	0.0981123	1.26122	0.0604706	0	-1.22008	-1.18463	-1.14277	-1.18945	-1.06	-0.939196
chr8:47000000-47500000	chr8	-0.0954683	0.613533	0.209477	1	-1.01327	-0.956496	-0.994759	-0.959475	-0.703078	-0.60875
chr8:47500000-48000000	chr8	-0.377964	0.115782	0.234073	3	-0.00201519	0.138767	0.185143	0.108818	0.0817031	0.3604
chr8:48000000-48500000	chr8	-0.0748958	-0.140164	-0.071895	1	0.913853	1.10192	0.768781	0.897849	0.684594	0.8521
chr8:48500000-49000000	chr8	0.0377571	-0.300841	-0.389301	2	1.14145	1.02361	1.00594	1.28091	0.938843	1.09659
chr8:49000000-49500000	chr8	0.419442	0.691196	0.514699	1	-1.11412	-1.07394	-1.12169	-1.07505	-1.10925	-1.1633
chr8:49500000-50000000	chr8	0.221047	0.775573	0.438268	1	-1.31215	-1.07341	-1.35184	-1.18789	-1.22888	-1.23022
chr8:50000000-50500000	chr8	0.438891	0.505939	0.242077	0	-0.823674	-1.1025	-1.21926	-1.19535	-1.22083	-1.20382
chr8:50500000-51000000	chr8	0.221445	0.586283	0.478181	0	-1.26044	-1.30498	-1.23834	-1.40306	-1.37906	-1.3641
chr8:51000000-51500000	chr8	-0.0995593	0.754884	0.414555	0	-1.20822	-1.39944	-1.4639	-1.44524	-1.35358	-1.34412
chr8:51500000-52000000	chr8	0.0145826	0.644909	0.221411	2	-0.730716	-0.883289	-0.664684	-0.837766	-0.908997	-0.660682
chr8:52000000-52500000	chr8	0.0827773	0.866266	-0.0687429	1	-1.20065	-1.11843	-0.898452	-1.03864	-1.09747	-1.02959
chr8:52500000-53000000	chr8	0.111859	0.195029	0.0563475	3	-0.961025	-0.897361	-0.605309	-0.802305	-0.713665	-0.652841
chr8:53000000-53500000	chr8	0.105995	1.31094	0.206049	1	-1.06863	-0.698458	-0.784379	-0.808878	-1.05349	-0.651158
chr8:53500000-54000000	chr8	-0.126257	0.346084	-0.141431	2	0.0386192	0.0646496	0.285819	0.0556265	0.277873	0.250801
chr8:54000000-54500000	chr8	-0.175918	0.272368	0.0170237	4	-0.0436	0.2605	0.212656	0.210959	0.231266	0.222701
chr8:54500000-55000000	chr8	0.0873373	0.744981	0.352414	1	-1.02728	-0.901675	-1.13259	-1.08321	-0.899196	-0.709262
chr8:55000000-55500000	chr8	0.162481	1.25244	0.417389	1	-1.15223	-1.30712	-1.13546	-1.30983	-0.952258	-0.898503
chr8:55500000-56000000	chr8	-0.0785601	0.473056	-0.276874	3	-0.402663	-0.35682	-0.399197	-0.401016	0.0295151	0.135635
chr8:56000000-56500000	chr8	0.101322	0.672132	-0.147638	6	-0.824125	-0.764932	-0.763461	-0.518153	-0.795178	-0.526382
chr8:56500000-57000000	chr8	-0.0154268	0.636269	0.337165	1	0.108564	-0.0694101	-0.369466	0.0845663	-0.508044	-0.216402
chr8:57000000-57500000	chr8	0.00335176	0.915729	0.204722	0	-0.811405	-0.771446	-0.879801	-0.586006	-0.863461	-0.689884
chr8:57500000-58000000	chr8	-0.0137006	0.145046	-0.0877514	1	-0.198712	-0.651224	-0.712054	-0.0446466	-0.773583	-0.560195
chr8:58000000-58500000	chr8	-0.142082	0.104572	0.0633548	1	-0.15073	-0.386657	-0.487959	-0.100068	-0.685389	-0.438886
chr8:58500000-59000000	chr8	-0.174704	-0.196737	-0.0168888	3	0.264334	0.659052	0.118414	0.36292	0.0787422	0.371978
chr8:59000000-59500000	chr8	0.0506133	-0.0441242	-0.25873	1	-0.438644	-0.0704994	-0.513837	-0.254792	-0.323168	-0.341696
chr8:59500000-60000000	chr8	0.0513419	0.152523	-0.0124852	0	-0.774382	-0.574472	-0.739634	-0.556296	-0.955177	-0.746492
chr8:60000000-60500000	chr8	-0.102043	0.829339	-0.0533564	1	-0.454716	-0.313672	-0.448775	-0.196363	-0.353678	-0.329821
chr8:60500000-61000000	chr8	-0.22185	-0.396405	-0.0492151	2	1.25989	1.31865	1.45584	1.30908	1.27387	1.26361
chr8:61000000-61500000	chr8	-0.01822	0.832841	-0.0167541	1	-0.801141	-0.743816	-0.37413	-0.482575	-0.671429	-0.628813
chr8:61500000-62000000	chr8	0.00217303	0.108024	0.228464	1	-0.384573	-0.603718	-0.626607	-0.745379	-0.541049	-0.629977
chr8:62000000-62500000	chr8	0.339435	0.786893	0.31661	1	-0.787464	-0.876291	-0.93989	-1.06083	-1.19958	-1.10303
chr8:62500000-63000000	chr8	0.367894	1.06807	0.157566	0	-1.13482	-0.979141	-0.941276	-1.1663	-1.21062	-1.23463
chr8:63000000-63500000	chr8	-0.0958738	0.693768	-0.104658	3	-0.846962	-0.87177	-0.968753	-0.886621	-0.929439	-1.04659
chr8:63500000-64000000	chr8	0.133883	1.01063	0.472787	0	-1.23423	-1.18422	-1.2927	-1.24241	-1.39148	-1.43463
chr8:64000000-64500000	chr8	0.260917	1.06352	0.449181	0	-1.33367	-1.35541	-1.15252	-1.35552	-1.28125	-1.28927
chr8:64500000-65000000	chr8	0.0643306	1.06692	0.480977	2	-1.33351	-1.31137	-1.33153	-1.41753	-1.393	-1.29315
chr8:65000000-65500000	chr8	0.239911	1.24086	0.208166	0	-1.39174	-1.32726	-1.32383	-1.40605	-1.39851	-1.28172
chr8:65500000-66000000	chr8	-0.00709853	0.26297	-0.0103008	3	-0.858701	-0.976643	-0.907407	-1.06633	-0.711754	-0.809127
chr8:66000000-66500000	chr8	-0.103981	0.0979314	-0.0641007	6	-0.414914	-0.35422	-0.158352	-0.438349	-0.184101	-0.123355
chr8:66500000-67000000	chr8	-0.0555956	-0.39007	-0.26108	5	0.346207	0.279576	0.19176	0.5649	0.563918	0.399364
chr8:67000000-67500000	chr8	-0.169251	-0.279288	0.030373	4	0.440657	0.180729	0.154656	0.298676	0.522244	0.696812
chr8:67500000-68000000	chr8	0.0604009	0.93072	-0.0543428	2	-0.904099	-1.10476	-0.885627	-0.861578	-0.977481	-0.948279
chr8:68000000-68500000	chr8	0.0430819	1.00389	0.303487	1	-1.3664	-1.51794	-1.55056	-1.36973	-1.27925	-1.40496
chr8:68500000-69000000	chr8	-0.142737	-0.193012	0.0290457	0	-0.974217	-0.906303	-0.968594	-0.7355	-0.887104	-0.841126
chr8:69000000-69500000	chr8	0.0469677	-0.354547	0.112846	1	-0.0915144	-0.17336	-0.354647	-0.252699	-0.0617779	0.0481503
chr8:69500000-70000000	chr8	-0.0323027	0.653794	-0.0624492	1	-0.529488	-0.66917	-0.40597	-0.435058	-0.659601	-0.603967
chr8:70000000-70500000	chr8	-0.0612441	0.119062	-0.0400849	2	0.221807	-0.0633589	0.209565	0.460994	0.399501	0.267734
chr8:70500000-71000000	chr8	0.154954	0.643394	0.157892	3	-0.9257	-1.08651	-1.00881	-1.09775	-0.945042	-0.935961
chr8:71000000-71500000	chr8	0.083946	0.819026	0.172208	1	-0.896971	-0.890973	-0.998158	-0.753553	-0.698055	-0.934966
chr8:71500000-72000000	chr8	0.0771014	0.350697	-0.0963932	1	-1.0366	-0.819181	-0.723087	-1.11754	-0.949159	-1.03234
chr8:72000000-72500000	chr8	0.24613	0.805323	0.0791855	1	-1.14359	-1.27207	-1.3047	-1.21686	-1.10385	-1.18573
chr8:72500000-73000000	chr8	0.0524533	1.15034	0.188961	1	-0.814443	-0.671448	-1.05391	-1.11256	-0.953638	-1.14943
chr8:73000000-73500000	chr8	-0.0904717	0.222826	0.20193	5	0.277456	0.535647	0.194965	0.462233	0.708889	0.702153
chr8:73500000-74000000	chr8	-0.1557	-0.647391	0.0211439	5	0.756092	1.04318	1.06762	0.535444	0.855329	1.26293
chr8:74000000-74500000	chr8	-0.138104	0.525635	-0.130966	2	0.296272	0.0679504	0.0296166	-0.0752635	0.254678	0.0913651
chr8:74500000-75000000	chr8	-0.0206307	0.437628	0.161549	3	-1.16884	-1.22582	-1.10398	-1.19124	-1.02328	-1.14075
chr8:75000000-75500000	chr8	0.260594	0.301681	0.436825	0	-1.08233	-0.880493	-1.0786	-0.923243	-0.954056	-0.977784
chr8:75500000-76000000	chr8	0.0358898	0.176318	0.367245	1	-0.877373	-0.978151	-0.860051	-0.957746	-1.23682	-1.22445
chr8:76000000-76500000	chr8	0.132804	0.0814318	0.217663	0	-1.2928	-1.24235	-1.35795	-1.0946	-1.36001	-1.40535
chr8:76500000-77000000	chr8	-0.200918	-0.159975	-0.108528	1	-0.570812	-0.350215	-0.63961	-0.796027	-0.7064	-0.991516
chr8:77000000-77500000	chr8	0.0971346	0.0842256	0.414651	1	-0.937024	-0.947842	-0.973165	-0.90177	-1.14843	-1.28158
chr8:77500000-78000000	chr8	0.274746	0.847157	0.734505	0	-1.19418	-1.21063	-1.22548	-1.21634	-1.31823	-1.30857
chr8:78000000-78500000	chr8	0.142358	0.826036	0.233321	0	-1.01474	-0.995308	-0.996282	-0.807881	-1.21185	-1.21941
chr8:78500000-79000000	chr8	0.0192839	0.260316	-0.00431465	3	-1.25261	-1.03448	-1.02883	-0.979493	-1.18565	-1.19286
chr8:79000000-79500000	chr8	-0.0186665	0.38665	-0.222522	0	-1.38223	-1.38979	-1.37132	-1.39431	-1.33711	-1.50353
chr8:79500000-80000000	chr8	-0.132687	-0.38494	-0.268687	2	0.0109888	0.192671	0.251896	0.0109269	0.0800214	-0.0618608
chr8:80000000-80500000	chr8	-0.238262	-0.00443491	-0.130324	3	0.963388	0.936804	0.97354	0.96883	0.807638	0.735201
chr8:80500000-81000000	chr8	-0.255901	0.195788	-0.123025	1	1.26441	1.06113	1.46477	1.10478	1.08333	1.07644
chr8:81000000-81500000	chr8	-0.0818249	-0.336282	0.272318	5	0.822653	1.04305	0.805096	0.665381	0.581815	0.586974
chr8:81500000-82000000	chr8	-0.0617774	0.269148	0.131934	6	-0.477591	-0.535916	-0.213962	-0.445921	-0.196446	-0.369838
chr8:82000000-82500000	chr8	-0.0292267	0.295755	0.441655	0	-1.25241	-1.15375	-1.28341	-1.24717	-1.30356	-1.37073
chr8:82500000-83000000	chr8	0.107002	-0.329466	0.339405	0	-0.841732	-0.959789	-1.07343	-0.952498	-1.03011	-1.21288
chr8:83000000-83500000	chr8	-0.0256926	0.417951	0.37639	0	-1.1411	-0.698366	-0.896435	-1.00551	-0.870583	-1.04854
chr8:83500000-84000000	chr8	0.474661	0.38938	0.504651	0	-0.980587	-1.15961	-0.890754	-0.998041	-0.946128	-1.0294
chr8:84000000-84500000	chr8	0.406921	0.452451	0.5831	1	-0.529649	-0.596656	-0.690616	-0.833607	-0.687819	-0.921085
chr8:84500000-85000000	chr8	0.430575	0.656939	0.223501	0	-1.2751	-1.1748	-1.15085	-1.23902	-1.15905	-1.27604
chr8:85000000-85500000	chr8	0.144361	0.516656	0.166159	7	-0.585809	-0.459893	-0.606613	-0.806164	-0.548535	-0.65839
chr8:85500000-86000000	chr8	0.583305	0.542206	0.225399	0	-0.905328	-0.809794	-0.7615	-0.913616	-0.838784	-0.599738
chr8:86000000-86500000	chr8	0.117709	0.119494	-0.017402	4	0.102374	-0.096973	-0.0831849	-0.116291	-0.282229	0.164128
chr8:86500000-87000000	chr8	-0.0562673	1.02993	0.129384	4	-0.977585	-0.92442	-0.788362	-0.975036	-0.959932	-1.11243
chr8:87000000-87500000	chr8	0.499997	0.729131	0.59148	0	-1.23246	-1.43472	-1.31754	-1.36178	-1.38577	-1.36664
chr8:87500000-88000000	chr8	-0.0014693	0.374365	0.0535074	1	-1.00127	-1.07126	-1.02838	-0.898228	-1.22382	-1.15558
chr8:88000000-88500000	chr8	0.090736	-0.336814	-0.0531876	1	-0.561829	-0.717649	-0.852692	-0.855811	-0.892165	-0.765511
chr8:88500000-89000000	chr8	-0.317599	0.0802298	-0.145742	0	-0.893931	-1.03328	-1.1314	-0.833193	-1.17068	-1.14381
chr8:89000000-89500000	chr8	-0.0656291	0.121822	-0.0359765	0	-1.15004	-1.11034	-1.21548	-1.30997	-1.26838	-1.32978
chr8:89500000-90000000	chr8	-0.166829	-0.474526	-0.209729	3	-0.759883	-0.822997	-0.551536	-0.970148	-0.5768	-0.821043
chr8:90000000-90500000	chr8	0.0367047	0.437724	0.273876	2	-1.35453	-1.50453	-1.41473	-1.38909	-1.23951	-1.34228
chr8:90500000-91000000	chr8	0.0941312	-0.0934955	0.0196086	3	-0.347551	-0.211821	-0.221757	-0.413619	-0.152956	-0.215221
chr8:91000000-91500000	chr8	0.0271249	0.108739	-0.00181925	4	-0.455326	-0.630358	-0.591087	-0.337887	-0.357702	-0.577453
chr8:91500000-92000000	chr8	0.434765	0.172109	0.207309	0	-0.116591	-0.599332	-0.393823	-0.496422	-0.178048	-0.347722
chr8:92000000-92500000	chr8	-0.0631387	-0.466095	-0.124112	1	0.719913	0.861268	0.84602	1.04549	1.1134	0.77931
chr8:92500000-93000000	chr8	-0.0166191	-0.730568	-0.0640526	1	0.822329	0.342885	0.27286	0.546376	0.713597	0.532537
chr8:93000000-93500000	chr8	0.1006	0.348414	-0.153051	0	0.209089	-0.0354523	0.0129024	-0.0958473	0.472512	-0.136339
chr8:93500000-94000000	chr8	0.041511	-0.524255	-0.112423	4	0.91441	1.00762	0.91417	0.794003	0.879688	0.714285
chr8:94000000-94500000	chr8	-0.0805756	-0.82546	-0.0165026	4	1.25767	1.00888	1.28211	1.21523	1.43759	1.28614
chr8:94500000-95000000	chr8	-0.0408841	-0.861389	-0.072526	6	1.46886	1.39092	1.15212	1.37844	1.53959	1.46392
chr8:95000000-95500000	chr8	-0.272539	-0.520388	-0.181964	3	-0.176482	-0.439175	-0.172835	-0.0898595	1.0568	0.552252
chr8:95500000-96000000	chr8	-0.422662	-0.59262	-0.0837646	0	-0.805022	-1.19367	-0.909496	-1.12346	-0.42022	-0.593393
chr8:96000000-96500000	chr8	0.0970731	-0.994037	-0.247135	5	0.0331143	-0.310776	-0.104139	-0.110114	0.55518	0.256891
chr8:96500000-97000000	chr8	0.00275474	-0.97152	-0.0851979	1	-0.201496	0.068699	0.0254747	-0.304777	0.286237	0.382936
chr8:97000000-97500000	chr8	-0.119307	-0.782763	0.0227154	1	-0.206716	-0.0158908	-0.0764473	0.0831776	0.3855	0.195917
chr8:97500000-98000000	chr8	0.152711	-1.29798	-0.113471	3	1.5454	1.32706	1.4557	1.41158	1.56045	1.29949
chr8:98000000-98500000	chr8	-0.00353128	-1.00026	0.0859335	6	1.06874	0.684814	1.01072	1.01547	1.13619	0.993623
chr8:98500000-99000000	chr8	0.0763828	-1.2367	-0.146486	2	0.284688	0.522475	0.532163	0.375141	0.281436	0.641166
chr8:99000000-99500000	chr8	0.107199	-1.37298	0.0797455	1	0.0974742	0.430756	0.237893	0.370911	0.261428	0.910709
chr8:99500000-100000000	chr8	-0.138557	-0.765511	-0.271578	1	-0.344916	0.284745	0.165134	0.256266	0.0454408	0.434724
chr8:100000000-100500000	chr8	-0.0494092	-0.980505	-0.201129	5	1.2158	1.12372	1.10234	0.975822	1.22447	1.28466
chr8:100500000-101000000	chr8	0.0812519	-1.07333	-0.333553	4	1.67331	1.77088	1.69237	1.479	1.62677	1.68935
chr8:101000000-101500000	chr8	0.0916472	-1.0534	0.0775468	2	1.7784	2.06809	1.86464	1.72262	1.66854	1.59903
chr8:101500000-102000000	chr8	-0.0334903	-0.678403	-0.103739	1	1.75635	1.37501	1.68725	1.53079	1.38599	1.48035
chr8:102000000-102500000	chr8	-0.0331461	-0.960763	-0.106424	2	1.57075	1.78371	1.83686	1.66948	1.67073	1.75959
chr8:102500000-103000000	chr8	-0.0655458	-0.836334	-0.0163539	3	1.31547	1.40026	1.33984	1.52362	1.31991	1.4162
chr8:103000000-103500000	chr8	-0.1451	-0.582487	-0.148424	6	-0.656657	-0.593912	-0.64478	-0.756044	-0.0114209	-0.0297623
chr8:103500000-104000000	chr8	-0.0351386	-0.0577746	0.143492	1	-1.21353	-1.28954	-1.32505	-1.2228	-1.00906	-1.0812
chr8:104000000-104500000	chr8	0.142837	-0.15991	0.0249396	2	-0.679228	-0.863261	-0.775654	-0.777852	-0.401848	-0.656444
chr8:104500000-105000000	chr8	0.189986	0.00483299	-0.108327	1	-0.757076	-0.916449	-0.972941	-0.881229	-0.718386	-0.690388
chr8:105000000-105500000	chr8	0.426534	-0.513301	0.232556	1	-0.378692	-0.563904	-0.785564	-0.455478	-0.856305	-0.360217
chr8:105500000-106000000	chr8	-0.17628	-0.621252	-0.146869	0	-0.00564662	-0.452158	-0.316218	-0.178124	-0.67834	-0.4094
chr8:106000000-106500000	chr8	-0.239609	-0.524166	-0.369082	1	-0.739325	-0.987956	-0.7635	-1.06918	-0.961088	-1.12452
chr8:106500000-107000000	chr8	-0.0742364	-0.372468	0.0764353	1	-0.675244	-0.508988	-0.444434	-0.703032	-0.625319	-0.782954
chr8:107000000-107500000	chr8	-0.128742	-0.086813	-0.214899	1	-0.197483	-0.257952	-0.367989	-0.064391	-0.512976	-0.439706
chr8:107500000-108000000	chr8	-0.168839	0.714033	0.0871281	0	-1.10469	-0.691348	-1.13564	-1.13548	-1.02509	-1.34617
chr8:108000000-108500000	chr8	0.134591	0.478053	0.185028	3	-0.54588	-0.940096	-0.729438	-0.924664	-0.614168	-0.924831
chr8:108500000-109000000	chr8	0.28275	0.856996	0.241649	1	-1.42242	-1.24781	-1.48954	-1.35956	-1.20605	-1.32196
chr8:109000000-109500000	chr8	-0.100333	0.718201	0.0946479	4	-1.2809	-1.34547	-1.37706	-1.37301	-1.33352	-1.37335
chr8:109500000-110000000	chr8	0.110491	0.59761	-0.0440886	3	-0.815061	-0.700418	-0.586427	-0.795399	-0.750497	-0.890065
chr8:110000000-110500000	chr8	0.387344	0.24581	0.267451	0	-0.973246	-0.947065	-0.827911	-0.825476	-1.2881	-1.20428
chr8:110500000-111000000	chr8	-0.0225533	-0.212741	0.224181	0	-0.52153	-0.375786	-0.460218	-0.483153	-0.824005	-0.703457
chr8:111000000-111500000	chr8	0.194051	0.400565	0.326523	0	-0.437782	0.053868	0.0578267	-0.129139	-0.35779	-0.253842
chr8:111500000-112000000	chr8	0.309825	0.683003	0.254745	0	-0.904164	-0.525913	-0.615364	-0.507144	-0.915738	-0.947509
chr8:112000000-112500000	chr8	-0.0783447	0.527431	0.244379	0	-0.965275	-0.723303	-0.782189	-0.837031	-1.02299	-1.17723
chr8:112500000-113000000	chr8	-0.0788803	0.52593	0.156997	0	-0.856243	-0.755466	-0.806631	-1.03548	-1.08716	-1.1899
chr8:113000000-113500000	chr8	0.0135688	0.629347	0.632684	1	-0.984208	-0.861168	-0.970564	-0.955422	-1.30348	-1.26716
chr8:113500000-114000000	chr8	0.0307361	0.819897	0.596517	0	-1.31152	-1.11375	-1.38778	-1.34984	-1.37236	-1.40741
chr8:114000000-114500000	chr8	0.0909644	0.572971	0.521993	0	-1.18068	-0.987902	-1.18878	-1.12623	-1.2666	-1.28033
chr8:114500000-115000000	chr8	-0.0320777	-0.059865	0.263777	0	-0.986731	-1.2017	-1.16164	-1.06271	-1.2276	-1.34433
chr8:115000000-115500000	chr8	-0.137793	-0.577488	-0.0905447	0	-0.450496	-0.810863	-0.700383	-0.754343	-0.553016	-0.615512
chr8:115500000-116000000	chr8	-0.339266	-0.818081	-0.0616582	1	-0.208803	-0.298637	-0.478664	-0.711169	-0.200869	-0.357613
chr8:116000000-116500000	chr8	-0.150313	-0.484091	-0.186672	0	-0.441314	-0.508536	-0.520521	-0.450927	-0.221236	-0.36426
chr8:116500000-117000000	chr8	-0.249232	-0.663277	-0.16772	4	0.694182	1.29552	0.825681	0.584102	0.785549	0.713231
chr8:117000000-117500000	chr8	-0.385056	-0.0842896	-0.0310566	1	0.195235	0.259323	0.0610609	0.168108	-0.0598814	0.0145519
chr8:117500000-118000000	chr8	0.11051	-0.794931	-0.312962	1	0.149689	-0.0392101	0.110031	-0.284299	0.360897	-0.166492
chr8:118000000-118500000	chr8	0.0929692	-0.896203	-0.126209	1	0.108426	-0.0470218	0.0389051	0.0218843	0.408897	-0.596767
chr8:118500000-119000000	chr8	-0.228616	-0.371803	-0.157573	2	-1.01442	-0.941902	-0.950847	-1.13827	-0.71931	-1.20767
chr8:119000000-119500000	chr8	-0.24817	0.461656	-0.220891	3	-1.30635	-1.29458	-1.28375	-1.22838	-1.03614	-1.39699
chr8:119500000-120000000	chr8	-0.351937	0.543493	-0.415315	4	-0.885449	-1.03005	-1.05721	-0.913705	-0.709722	-1.16256
chr8:120000000-120500000	chr8	-0.254104	0.483377	-0.0826306	3	-0.851607	-0.89463	-0.646203	-0.850338	-0.671018	-1.11144
chr8:120500000-121000000	chr8	-0.235212	0.394256	-0.442181	1	-0.906223	-1.23563	-0.980454	-0.982417	-0.817307	-1.26906
chr8:121000000-121500000	chr8	-0.197816	-0.166779	-0.218797	0	-0.821688	-0.633388	-0.594344	-0.318811	-0.449499	-0.266262
chr8:121500000-122000000	chr8	-0.0709516	-0.603419	-0.0251444	1	0.415515	0.638849	0.304283	0.445464	0.3786	0.414241
chr8:122000000-122500000	chr8	-0.164158	-0.115043	-0.251315	0	-0.381916	-0.375373	-0.271672	0.157612	-0.133591	-0.051845
chr8:122500000-123000000	chr8	-0.0624382	-0.304573	-0.38604	1	0.779624	1.13244	0.567779	0.87071	0.904088	0.478037
chr8:123000000-123500000	chr8	-0.178749	-0.894026	-0.40003	7	1.45946	1.74163	1.74568	1.75446	1.59345	1.57087
chr8:123500000-124000000	chr8	0.00694418	-0.83143	-0.521697	5	1.88831	1.82962	1.77674	1.70658	1.59193	1.58695
chr8:124000000-124500000	chr8	-0.215079	-0.801455	-0.413132	3	1.70427	1.69314	1.66109	1.46116	1.60956	1.63611
chr8:124500000-125000000	chr8	-0.0190136	-0.132168	-0.605529	5	1.93978	1.91629	1.95965	1.80201	1.64641	1.63778
chr8:125000000-125500000	chr8	-0.00363167	-1.00892	0.145428	3	1.8013	1.74229	2.00475	1.7268	1.66536	1.60779
chr8:125500000-126000000	chr8	-0.0565478	-0.238616	-0.397751	0	1.65931	1.51212	1.40834	1.44164	1.60885	1.32259
chr8:126000000-126500000	chr8	-0.0335162	-0.127194	-0.18843	0	1.19156	0.904028	1.17196	0.871847	1.18484	0.93451
chr8:126500000-127000000	chr8	-0.0578843	-0.383666	-0.168694	1	1.02168	0.775795	1.0266	1.10739	1.09276	0.87382
chr8:127000000-127500000	chr8	-0.224234	-0.273136	-0.491475	2	0.51112	-0.0598809	0.0735887	0.432029	0.261485	-0.000447781
chr8:127500000-128000000	chr8	0.0672825	-0.560125	-0.305086	2	1.39444	1.42111	1.32111	1.38495	1.37062	1.1001
chr8:128000000-128500000	chr8	0.0974094	-0.86827	-0.39277	0	1.43786	1.19229	1.44701	1.10553	1.30793	0.930216
chr8:128500000-129000000	chr8	0.0223219	-0.957703	-0.163826	0	1.02579	0.499706	0.732581	0.342079	0.801054	0.334726
chr8:129000000-129500000	chr8	0.120074	-0.983411	-0.293558	0	1.14714	1.04779	1.19977	0.816992	1.23886	0.75717
chr8:129500000-130000000	chr8	-0.00419569	-0.92353	-0.013451	1	1.48647	1.58768	1.41966	1.46227	1.39133	1.01217
chr8:130000000-130500000	chr8	0.0430406	-0.856424	-0.314731	2	1.66668	1.42473	1.5965	1.8584	1.43658	1.32958
chr8:130500000-131000000	chr8	0.011193	-0.164131	-0.12599	0	0.446101	0.900281	0.840209	0.500266	0.443565	0.987822
chr8:131000000-131500000	chr8	0.217986	0.933403	0.241837	1	-0.506503	-0.0583122	-0.358374	-0.374107	-0.39675	-0.363957
chr8:131500000-132000000	chr8	0.270992	0.443547	0.0978343	1	-0.241101	-0.0529564	0.157579	-0.159454	-0.129462	0.0808447
chr8:132000000-132500000	chr8	-0.0833628	1.45157	0.0440199	3	0.129569	0.537647	0.484386	0.306344	0.296267	0.332617
chr8:132500000-133000000	chr8	-0.11604	0.504199	-0.00386299	4	0.930353	0.969903	0.800862	1.0836	0.75184	1.022
chr8:133000000-133500000	chr8	-0.202817	0.111043	-0.172444	3	1.32065	1.40183	1.31488	1.22178	1.1582	1.35783
chr8:133500000-134000000	chr8	-0.130372	0.502622	-0.114824	1	-0.284371	-0.266211	0.224132	-0.151342	-0.13939	0.213854
chr8:134000000-134500000	chr8	-0.0679728	1.20086	0.109168	0	-1.07258	-1.20198	-0.972337	-1.26932	-1.11815	-1.02208
chr8:134500000-135000000	chr8	-0.309602	0.765351	-0.156412	1	-0.634156	-0.489028	-0.626495	-0.55787	-0.497819	-0.444881
chr8:135000000-135500000	chr8	0.0173107	1.1709	0.266147	1	-0.875521	-0.947478	-0.739338	-0.92147	-1.0424	-0.892508
chr8:135500000-136000000	chr8	-0.0735021	0.874971	-0.144289	0	-0.684792	-0.645419	-0.62375	-0.848999	-0.781055	-0.706843
chr8:136000000-136500000	chr8	0.437263	0.606009	0.300715	0	-0.903113	-0.950642	-0.76293	-1.06585	-0.967784	-0.812273
chr8:136500000-137000000	chr8	0.448923	0.476942	0.494905	0	-0.879538	-0.884886	-0.869966	-0.977171	-1.03392	-0.891243
chr8:137000000-137500000	chr8	0.134758	0.379882	0.364957	0	-0.95949	-0.989848	-1.03089	-1.06651	-1.07115	-0.903648
chr8:137500000-138000000	chr8	0.363177	0.979274	0.447792	0	-0.905206	-0.912385	-0.948571	-1.08322	-1.01424	-0.941072
chr8:138000000-138500000	chr8	0.176751	1.52297	0.198938	1	-0.799573	-0.645962	-0.538101	-0.803809	-0.834905	-0.569508
chr8:138500000-139000000	chr8	0.235671	1.15338	0.0887738	1	-0.499779	-0.369813	-0.499766	-0.602681	-0.570193	-0.425931
chr8:139000000-139500000	chr8	0.0930331	1.26456	0.238437	0	-0.743044	-0.527622	-0.505092	-0.86834	-0.797541	-0.572974
chr8:139500000-140000000	chr8	-0.210266	1.47449	0.313471	1	-0.425372	-0.243268	0.00604758	-0.285402	-0.466561	-0.133059
chr8:140000000-140500000	chr8	0.0212814	0.662975	-0.142764	1	0.367305	0.478619	0.476204	0.281288	0.110786	0.604533
chr8:140500000-141000000	chr8	-0.0232376	-0.871065	0.167783	2	1.44695	1.62172	1.47483	1.57615	1.1946	1.55289
chr8:141000000-141500000	chr8	-0.217742	-0.07295	0.0461406	5	1.74709	1.92187	1.98963	1.77519	1.53896	1.69454
chr8:141500000-142000000	chr8	-0.263244	0.873483	0.0209942	1	0.636956	0.697206	0.671136	0.78887	0.829377	0.783851
chr8:142000000-142500000	chr8	-0.281956	0.625825	0.324416	2	0.246088	0.679991	0.628812	0.528311	0.547778	0.892159
chr8:142500000-143000000	chr8	-0.196233	0.29495	0.140445	13	-0.293887	-0.33054	-0.173385	-0.383909	-0.335844	0.0550942
chr8:143000000-143500000	chr8	-0.385534	-0.02941	0.203992	11	0.741024	0.805123	0.546893	0.185287	0.753532	1.10324
chr8:143500000-144000000	chr8	-0.0258246	-0.675663	0.429426	21	2.0967	2.31107	2.18777	2.05835	1.80643	1.82195
chr8:144000000-144500000	chr8	-0.197355	-0.765278	0.581542	28	2.01173	2.12169	2.05767	1.99184	1.74316	1.56341
chr9:3000000-3500000	chr9	-0.144567	-0.39644	-0.196649	0	-1.15002	-0.953207	-0.577465	-0.32204	-0.922402	-0.581301
chr9:3500000-4000000	chr9	-0.0809528	-0.310259	-0.0668424	1	-0.897227	-0.620067	-0.882226	-0.560694	-0.553816	-0.37441
chr9:4000000-4500000	chr9	-0.289295	-0.374979	0.090633	2	-0.555575	-0.495069	-0.339776	-0.453704	-0.410143	-0.0919964
chr9:4500000-5000000	chr9	-0.335724	-0.207199	-0.111087	6	-0.828038	-1.05047	-0.691995	-1.05684	-0.80805	-0.822173
chr9:5000000-5500000	chr9	0.0153837	-0.233756	0.049648	6	-1.45416	-1.443	-1.54399	-1.62507	-1.41433	-1.60202
chr9:5500000-6000000	chr9	-0.0274901	-0.58084	-0.255078	4	-1.14691	-1.08818	-0.864267	-1.10005	-1.24623	-1.08969
chr9:6000000-6500000	chr9	0.0214614	-0.0545452	-0.0107583	5	-0.98158	-0.810744	-0.647651	-0.734508	-0.766404	-0.716846
chr9:6500000-7000000	chr9	-0.249602	-0.185237	-0.213437	2	-0.100022	-0.0216422	0.113003	0.0324503	-0.0802726	0.129025
chr9:7000000-7500000	chr9	0.0396123	0.396121	-0.240717	0	0.422274	0.283741	0.453608	0.297644	0.201715	0.268096
chr9:7500000-8000000	chr9	0.265858	0.533962	-0.0110046	1	0.0349675	0.131613	-0.216593	-0.0916298	-0.235202	-0.220501
chr9:8000000-8500000	chr9	0.207377	0.389606	0.161917	0	0.219675	0.335106	-0.114433	0.179533	-0.0740882	-0.137407
chr9:8500000-9000000	chr9	0.112331	-0.222381	-0.0789894	0	-0.0140615	-0.0866101	-0.161668	-0.130555	-0.136378	-0.47345
chr9:9000000-9500000	chr9	0.336191	0.684	0.225208	0	-1.29513	-1.28479	-0.872862	-1.13437	-1.08631	-1.17366
chr9:9500000-10000000	chr9	0.116022	0.392831	0.288427	0	-1.00565	-1.09441	-1.16246	-1.15253	-0.990332	-0.995349
chr9:10000000-10500000	chr9	0.251191	-0.0231922	0.234238	0	-0.687786	-0.926558	-0.952118	-0.646549	-0.924946	-1.1826
chr9:10500000-11000000	chr9	0.30636	0.487125	0.395406	1	-1.09862	-1.07047	-1.18748	-1.10188	-1.31342	-1.26844
chr9:11000000-11500000	chr9	0.442694	0.330201	0.49566	0	-1.03971	-0.993145	-1.06834	-0.913133	-0.934954	-0.999617
chr9:11500000-12000000	chr9	0.450705	0.260999	0.525874	0	-1.26225	-1.47329	-1.2582	-1.12784	-1.3866	-1.48991
chr9:12000000-12500000	chr9	0.213293	0.397074	0.628823	0	-0.681037	-0.602569	-0.921849	-0.726735	-1.11329	-1.16166
chr9:12500000-13000000	chr9	0.0293585	-0.336435	0.18994	2	-0.317907	-0.504563	-0.482264	-0.692108	-0.557179	-0.584026
chr9:13000000-13500000	chr9	-0.368414	-0.0324165	-0.138162	1	0.0777688	0.00842816	0.0564051	-0.113498	0.0340391	0.173026
chr9:13500000-14000000	chr9	0.305581	0.437516	-0.0265336	0	0.533527	0.363981	0.301228	0.586002	0.282022	-0.0523074
chr9:14000000-14500000	chr9	-0.0415645	-0.199914	0.124999	2	0.056624	0.280237	0.455107	0.446575	0.172266	0.164052
chr9:14500000-15000000	chr9	0.0318358	0.720915	0.18797	3	-0.43439	-0.182874	-0.694623	-0.779992	-0.364883	-0.346316
chr9:15000000-15500000	chr9	0.0875852	0.339397	-0.0955678	2	-0.760348	-0.505508	-0.539519	-0.759215	-0.44058	-0.920892
chr9:15500000-16000000	chr9	-0.128341	0.068327	0.00693168	2	-1.28826	-1.38822	-1.24439	-1.59815	-1.45543	-1.2985
chr9:16000000-16500000	chr9	0.00218447	-0.28472	-0.43471	0	-0.657744	-0.677222	-0.135189	-0.444279	-0.569183	-0.860922
chr9:16500000-17000000	chr9	0.0101834	-0.696555	0.0736384	1	-0.946735	-0.207398	-0.399638	-0.228686	-0.54843	-0.351747
chr9:17000000-17500000	chr9	-0.350143	0.163392	-0.122794	1	-1.63192	-1.38139	-1.27037	-1.49263	-1.13137	-1.25587
chr9:17500000-18000000	chr9	-0.136455	0.567691	-0.110174	1	-1.44618	-1.6143	-1.40232	-1.34819	-1.32337	-1.5158
chr9:18000000-18500000	chr9	0.116679	-0.212334	0.11268	1	-1.13497	-0.940477	-0.875132	-0.926881	-1.05816	-1.17069
chr9:18500000-19000000	chr9	-0.0874158	-0.0762266	0.00833301	0	-0.362667	-0.717838	-0.765485	-0.6111	-0.452756	-0.634461
chr9:19000000-19500000	chr9	-0.260374	-0.17466	-0.294301	7	0.0787165	0.410514	0.526401	0.468442	0.373969	0.549416
chr9:19500000-20000000	chr9	0.116198	0.736313	0.22746	1	-0.98621	-0.980789	-1.00799	-0.884761	-1.09202	-0.91488
chr9:20000000-20500000	chr9	-0.124541	0.0649221	0.00722541	0	-0.187477	0.315912	0.200784	0.205103	-0.113026	0.0825633
chr9:20500000-21000000	chr9	0.141241	-0.870213	-0.0421364	2	-0.132415	0.201911	0.283274	0.404611	0.354622	0.120003
chr9:21000000-21500000	chr9	-0.166939	-0.120432	-0.0832149	18	-1.26972	-1.06812	-0.928006	-1.12831	-1.22929	-1.36089
chr9:21500000-22000000	chr9	-0.00270809	-0.468306	-0.180405	3	-1.43388	-1.4591	-1.1775	-1.44286	-1.30973	-1.42169
chr9:22000000-22500000	chr9	-0.0726233	-0.423299	-0.0265731	2	-1.21234	-1.00771	-1.24221	-1.26244	-1.05098	-1.38562
chr9:22500000-23000000	chr9	0.13795	0.103383	-0.0332155	0	-1.10076	-1.14158	-1.23277	-1.30139	-1.30713	-1.37778
chr9:23000000-23500000	chr9	0.0159181	0.205431	0.0601571	0	-1.23976	-1.20639	-1.30859	-1.26929	-1.22025	-1.20571
chr9:23500000-24000000	chr9	-0.131729	0.462073	-0.101246	1	-0.633555	-0.494969	-0.548294	-0.861635	-0.827809	-0.871288
chr9:24000000-24500000	chr9	0.114954	0.587849	0.109119	0	-1.15536	-0.949252	-1.20483	-1.14478	-1.0746	-1.09797
chr9:24500000-25000000	chr9	0.288876	0.489392	0.509668	1	-0.731339	-0.781557	-1.15198	-0.771659	-1.16009	-1.1361
chr9:25000000-25500000	chr9	0.0758406	0.66326	0.391977	0	-0.966942	-0.75678	-1.0092	-0.742104	-1.05873	-1.09721
chr9:25500000-26000000	chr9	0.0395632	0.750432	0.302109	1	-1.1243	-0.740315	-1.15762	-1.09017	-1.15378	-1.04188
chr9:26000000-26500000	chr9	-0.132119	0.344438	0.162486	0	-1.04411	-1.06796	-1.08391	-1.15586	-1.18216	-1.23277
chr9:26500000-27000000	chr9	-0.0635833	0.68031	-0.129786	3	-1.21789	-1.18526	-0.988724	-1.12125	-1.02384	-1.17522
chr9:27000000-27500000	chr9	-0.395763	0.770028	-0.111758	3	-0.974061	-1.15282	-0.707667	-1.13297	-1.03737	-0.930741
chr9:27500000-28000000	chr9	0.155055	0.883887	0.173532	3	-0.667311	-0.837083	-0.785174	-0.798473	-1.01934	-0.92233
chr9:28000000-28500000	chr9	0.133109	0.837519	0.296356	0	-1.13661	-1.13189	-0.99316	-1.21968	-1.18367	-1.21661
chr9:28500000-29000000	chr9	0.154458	0.433436	0.217368	0	-1.05135	-1.0478	-1.19734	-1.21503	-1.27931	-1.33709
chr9:29000000-29500000	chr9	0.27183	0.129699	0.165714	1	-1.51077	-1.3256	-1.48939	-1.24475	-1.31744	-1.38602
chr9:29500000-30000000	chr9	0.113203	0.248463	0.205689	0	-1.33553	-1.26822	-1.45629	-1.38791	-1.43112	-1.42407
chr9:30000000-30500000	chr9	0.550889	0.352543	0.641847	0	-1.38029	-1.33426	-1.33626	-1.48771	-1.39493	-1.43416
chr9:30500000-31000000	chr9	0.345214	0.401381	0.545924	0	-1.28796	-1.21693	-1.22971	-1.13158	-1.37451	-1.43062
chr9:31000000-31500000	chr9	0.466412	0.195413	0.116059	0	-1.29717	-1.26659	-1.22797	-1.34473	-1.4006	-1.39284
chr9:31500000-32000000	chr9	0.0251646	0.677592	0.258159	0	-1.20068	-1.22894	-1.34732	-1.40096	-1.38499	-1.44846
chr9:32000000-32500000	chr9	0.146286	0.717629	-0.13168	1	-1.35557	-1.27283	-1.22001	-1.41269	-1.33781	-1.3934
chr9:32500000-33000000	chr9	0.128228	0.647842	0.138624	6	-1.40404	-1.38609	-1.22306	-1.30653	-1.35969	-1.28843
chr9:33000000-33500000	chr9	-0.0457838	-0.654108	-0.0501935	11	0.404645	0.679149	0.504248	0.535091	0.31668	0.550249
chr9:33500000-34000000	chr9	0.124603	-1.10433	0.0410958	3	1.04593	1.49943	1.45065	1.66755	1.12427	1.08919
chr9:34000000-34500000	chr9	-0.115454	-0.928816	-0.0417635	9	1.13277	1.56252	1.56471	1.70455	1.32249	1.36914
chr9:34500000-35000000	chr9	-0.0721964	-0.555294	-0.00239389	16	1.56184	1.61932	1.75775	1.5453	1.50588	1.37133
chr9:35000000-35500000	chr9	0.023546	-0.801711	0.0326076	9	1.42514	1.90519	1.48	1.75633	1.56392	1.30046
chr9:35500000-36000000	chr9	-0.0545686	-0.952735	0.0770822	23	1.64764	1.97394	1.69889	1.7142	1.56222	1.47885
chr9:36000000-36500000	chr9	-0.104072	-1.04037	-0.212791	6	1.52427	1.86419	1.87456	1.81544	1.30145	1.41291
chr9:36500000-37000000	chr9	-0.15414	-0.526283	-0.147955	1	1.58774	1.66417	1.281	1.52022	1.2157	1.338
chr9:37000000-37500000	chr9	-0.191895	-0.882023	-0.0016595	5	1.28436	1.17938	1.03795	1.04373	1.08891	1.00948
chr9:37500000-38000000	chr9	0.0682648	-0.678024	-0.222219	7	0.679827	0.896216	0.923608	0.612681	0.80834	0.685272
chr9:38000000-38500000	chr9	-0.217676	-0.388331	-0.101162	3	0.553601	0.868344	0.800689	0.984349	0.620294	0.71839
chr9:38500000-39000000	chr9	-0.26022	-0.0500881	-0.413207	2	-0.212503	-0.269685	-0.261612	0.123361	-0.186144	0.0227727
chr9:68500000-69000000	chr9	0.337679	0.831514	0.0271355	3	0.191755	0.452915	0.230518	0.32948	0.205211	0.228821
chr9:69000000-69500000	chr9	0.10156	0.297535	-0.0299866	4	0.598396	0.831008	0.854331	0.749993	0.592433	0.684442
chr9:69500000-70000000	chr9	0.0334387	-0.249992	0.186394	3	-0.13265	-0.0926877	0.00812282	-0.117384	-0.275735	-0.0497207
chr9:70000000-70500000	chr9	-0.254149	-0.334487	-0.155657	3	-0.0768353	-0.524937	-0.285438	-0.463809	-0.224571	-0.314015
chr9:70500000-71000000	chr9	0.0731574	0.475078	-0.20237	0	-0.826551	-0.665742	-0.777996	-0.723609	-0.551776	-0.720465
chr9:71000000-71500000	chr9	0.227221	0.844111	0.366131	1	-1.01447	-1.11961	-1.21463	-1.12898	-0.870553	-1.00357
chr9:71500000-72000000	chr9	0.0667737	-0.0796535	-0.0457373	3	-0.4632	-0.534246	-0.586469	-0.41906	-0.527743	-0.561516
chr9:72000000-72500000	chr9	0.0483263	0.337559	0.0338265	3	-1.08918	-1.05585	-1.14721	-1.00905	-1.05654	-0.963418
chr9:72500000-73000000	chr9	0.166754	0.30561	0.355645	2	-1.21008	-1.28649	-1.17348	-1.05652	-1.03255	-1.18224
chr9:73000000-73500000	chr9	0.0431977	0.264101	0.488664	1	-1.06344	-0.752779	-0.944231	-1.07059	-0.852092	-0.800193
chr9:73500000-74000000	chr9	0.2753	0.669855	0.436586	0	-1.24326	-1.3494	-1.19883	-1.30037	-1.46279	-1.20078
chr9:74000000-74500000	chr9	0.444913	0.715981	0.383363	1	-1.20512	-1.43464	-1.43968	-1.23161	-1.39594	-1.2917
chr9:74500000-75000000	chr9	0.129516	0.843054	0.164052	2	-1.21588	-1.13538	-1.14909	-1.00189	-1.06124	-1.06335
chr9:75000000-75500000	chr9	0.23205	0.71846	-0.000286819	3	-0.845597	-0.878054	-0.847892	-0.853443	-0.732991	-1.01088
chr9:75500000-76000000	chr9	0.124138	0.985376	0.166078	1	-0.641921	-0.64469	-0.869336	-0.339032	-0.678442	-0.846363
chr9:76000000-76500000	chr9	-0.0731449	0.511814	-0.0795062	2	-0.321514	-0.379708	-0.654486	-0.131391	-0.317651	-0.53021
chr9:76500000-77000000	chr9	-0.147955	0.559932	-0.23825	2	0.0340333	-0.0766532	-0.158813	0.539223	0.164263	-0.0307567
chr9:77000000-77500000	chr9	0.0110706	-0.189409	-0.0350324	2	0.0648858	-0.0432188	0.145529	0.164377	0.419203	0.0824257
chr9:77500000-78000000	chr9	0.000992053	-0.350369	-0.166645	1	0.486288	0.13248	0.228072	0.0391198	0.121255	0.2746
chr9:78000000-78500000	chr9	-0.007924	0.00764523	-0.0697891	3	0.175418	0.385215	0.225306	0.257559	0.162876	0.692936
chr9:78500000-79000000	chr9	0.0652212	-0.301709	-0.244402	0	-0.302583	-0.054253	-0.226372	-0.11789	-0.359525	-0.165003
chr9:79000000-79500000	chr9	-0.199379	-0.0887085	-0.108924	0	-0.0184093	-0.0101326	-0.52592	-0.184067	-0.35013	-0.0424963
chr9:79500000-80000000	chr9	-0.181241	-0.0588829	-0.108826	1	0.192266	0.0526594	0.10557	0.278402	0.0419388	0.061698
chr9:80000000-80500000	chr9	0.0172219	0.11106	-0.0137103	0	-0.239215	-0.122795	-0.70253	0.0648063	-0.261598	-0.183856
chr9:80500000-81000000	chr9	-0.0171557	-0.265181	-0.351924	0	-0.254044	-0.639729	-0.63784	-0.181091	-0.452067	-0.0545244
chr9:81000000-81500000	chr9	-0.0999109	-0.296713	-0.268605	0	-0.320002	-0.277247	-0.180411	0.104164	-0.280109	0.181143
chr9:81500000-82000000	chr9	-0.250279	-0.165581	-0.327392	4	0.26684	0.112822	0.43105	0.740465	0.185786	0.421902
chr9:82000000-82500000	chr9	-0.0877915	-0.0458293	0.116086	0	0.111827	-0.122095	-0.161256	0.0925577	-0.200124	-0.270245
chr9:82500000-83000000	chr9	0.0985632	0.320787	-0.0438456	0	-0.0362121	-0.126128	-0.0604714	0.281823	-0.00584082	0.00844164
chr9:83000000-83500000	chr9	-0.0539677	0.768521	0.0315246	1	0.406036	0.547234	0.249869	0.700891	0.274561	0.555638
chr9:83500000-84000000	chr9	-0.15171	0.0208822	-0.00682032	9	0.50835	0.99597	0.720809	0.702022	0.691168	0.937665
chr9:84000000-84500000	chr9	0.0143017	0.367636	-0.171659	1	0.883889	1.17206	0.922478	0.924033	1.10725	1.26674
chr9:84500000-85000000	chr9	-0.0576636	0.580193	0.146065	1	0.566977	0.879165	0.86155	0.958949	1.09237	0.949474
chr9:85000000-85500000	chr9	0.121938	0.353841	-0.161119	0	0.645762	0.9106	0.983247	0.943796	1.056	1.07945
chr9:85500000-86000000	chr9	-0.163357	0.0536979	-0.177445	2	0.738897	1.04423	0.887284	0.835372	1.13865	1.16739
chr9:86000000-86500000	chr9	-0.0386698	-0.262559	-0.222204	4	1.14022	1.33043	1.51832	1.22281	1.16277	1.17923
chr9:86500000-87000000	chr9	-0.374158	-0.425812	-0.193723	1	1.45126	0.868507	1.44442	1.33018	1.1229	1.28031
chr9:87000000-87500000	chr9	0.112774	-0.622685	-0.234034	1	1.02962	0.759167	1.2913	0.994753	1.23827	0.921152
chr9:87500000-88000000	chr9	-0.0401761	-0.443548	-0.543647	5	1.05731	0.512467	1.15157	1.10426	1.24915	1.38555
chr9:88000000-88500000	chr9	-0.167361	-0.467116	-0.266733	2	1.17676	0.986821	1.27809	1.26765	1.27756	1.1766
chr9:88500000-89000000	chr9	0.133694	-0.815106	-0.179685	2	1.45684	1.33123	1.08944	1.28485	0.680665	0.934479
chr9:89000000-89500000	chr9	-0.209036	-0.281439	-0.343259	4	1.31684	1.39502	1.19305	1.1865	1.36577	1.1235
chr9:89500000-90000000	chr9	-0.152709	0.37496	-0.311949	1	1.35545	1.27866	1.11326	1.16558	1.29912	1.4342
chr9:90000000-90500000	chr9	0.03143	0.319027	0.0859359	0	1.2767	0.844117	1.18601	0.777616	0.902657	1.04384
chr9:90500000-91000000	chr9	0.136291	0.154822	-0.112767	2	1.17338	1.17293	0.764931	1.27524	0.981781	0.765693
chr9:91000000-91500000	chr9	-0.098708	-0.681356	-0.014362	2	1.11102	1.27611	1.33016	1.0241	1.27623	1.12951
chr9:91500000-92000000	chr9	0.0398006	-0.503856	-0.199773	1	1.08948	1.30754	1.46555	1.01282	1.19375	1.17717
chr9:92000000-92500000	chr9	0.194474	-0.961497	0.0539698	7	1.42281	0.965581	1.04377	1.28056	1.48067	1.10739
chr9:92500000-93000000	chr9	0.00379742	-0.405131	-0.102533	5	1.55358	1.09598	1.27715	1.17533	1.48183	1.44744
chr9:93000000-93500000	chr9	-0.186327	0.166408	0.249295	6	1.65169	1.45725	1.58706	1.30221	1.55067	1.36214
chr9:93500000-94000000	chr9	-0.261517	0.287498	0.0290508	2	1.4506	1.11208	1.32333	0.988248	1.43089	1.08308
chr9:94000000-94500000	chr9	-0.136704	-0.471082	-0.124813	4	1.09184	1.08778	1.12275	1.17349	1.22471	1.3656
chr9:94500000-95000000	chr9	-0.0530207	-0.860208	-0.249845	4	1.34244	1.6001	1.24642	1.44873	1.44171	1.30395
chr9:95000000-95500000	chr9	0.169188	-0.92716	-0.108644	1	1.12919	1.5255	1.12754	1.46887	1.31284	1.18811
chr9:95500000-96000000	chr9	0.0568558	-0.76818	-0.0202619	2	1.45259	1.24186	1.19653	1.07117	1.14984	1.30935
chr9:96000000-96500000	chr9	-0.142189	-0.686566	-0.227127	4	1.49607	1.88119	1.44695	1.70596	1.4686	1.23082
chr9:96500000-97000000	chr9	0.0820211	-0.56784	-0.089192	5	1.35007	0.942099	1.52071	1.13256	1.09337	1.19302
chr9:97000000-97500000	chr9	-0.0727363	0.128127	-0.151658	3	1.3043	1.29625	1.62754	1.46515	1.20816	1.39769
chr9:97500000-98000000	chr9	-0.196375	-0.417566	0.0511991	8	1.22659	1.49641	1.00431	1.51202	1.1557	1.33614
chr9:98000000-98500000	chr9	-0.39865	-0.118119	-0.115446	4	1.04793	1.02622	1.2147	1.06174	0.935827	1.11844
chr9:98500000-99000000	chr9	-0.418865	-0.0759634	-0.15203	4	0.616068	1.0975	0.880467	0.45739	0.672884	0.655669
chr9:99000000-99500000	chr9	0.162668	-0.40171	-0.275565	3	-0.26821	-0.230383	-0.364136	-0.0637579	-0.207436	-0.0300889
chr9:99500000-100000000	chr9	-0.080714	-0.230143	-0.0979971	2	-0.674624	-0.767997	-0.830928	-0.401749	-0.445111	-0.56603
chr9:100000000-100500000	chr9	-0.0681458	-0.460455	0.080858	5	-0.774462	-0.638131	-0.783145	-0.656854	-0.500991	-0.300498
chr9:100500000-101000000	chr9	0.225772	0.910951	0.282728	1	-1.2828	-1.30009	-1.1666	-1.22251	-1.2101	-1.23761
chr9:101000000-101500000	chr9	0.1334	0.878386	0.0974414	6	-0.969909	-1.11062	-1.21774	-1.10296	-1.05961	-0.965523
chr9:101500000-102000000	chr9	0.167291	0.872596	0.255185	3	-1.19671	-1.2023	-1.05686	-1.25906	-1.2962	-1.23097
chr9:102000000-102500000	chr9	0.341664	0.563227	0.517883	0	-1.45917	-1.41124	-1.6462	-1.4787	-1.50758	-1.48534
chr9:102500000-103000000	chr9	0.455981	0.286667	0.699103	1	-1.54577	-1.42289	-1.26578	-1.5119	-1.28065	-1.37292
chr9:103000000-103500000	chr9	0.538343	0.216441	0.72998	0	-1.64907	-1.48021	-1.60849	-1.55887	-1.50356	-1.38906
chr9:103500000-104000000	chr9	0.325819	0.46105	0.346144	0	-1.63743	-1.58492	-1.60519	-1.60112	-1.58376	-1.44228
chr9:104000000-104500000	chr9	0.270467	0.711469	0.183751	1	-1.43279	-1.53256	-1.3	-1.32002	-1.50761	-1.41418
chr9:104500000-105000000	chr9	-0.0188475	0.209996	-0.0849784	11	-0.958317	-1.12239	-0.897711	-0.989761	-1.04066	-0.906944
chr9:105000000-105500000	chr9	-0.0744838	-0.448944	-0.342842	2	-0.369142	-0.51127	-0.152284	-0.521332	-0.298598	-0.131515
chr9:105500000-106000000	chr9	-0.231547	0.481362	-0.299436	3	-0.627049	-0.772203	-0.630689	-0.660592	-0.521384	-0.396124
chr9:106000000-106500000	chr9	0.0264652	0.463649	0.118989	0	-0.295469	-0.241767	-0.542771	-0.282117	-0.70658	-0.472914
chr9:106500000-107000000	chr9	0.00508111	-0.102399	-0.223897	1	-0.0288617	0.00248987	-0.203824	-0.366559	-0.229866	0.0757045
chr9:107000000-107500000	chr9	-0.023557	-0.273863	-0.167387	2	0.188027	0.0975615	0.00136884	0.274444	-0.123543	0.0448331
chr9:107500000-108000000	chr9	-0.435716	0.56974	-0.302033	0	0.0714534	-0.395913	-0.55265	-0.556609	0.0106465	-0.226464
chr9:108000000-108500000	chr9	-0.19306	0.264257	-0.277631	0	-0.159838	-0.44796	-0.460199	-0.721884	-0.77671	-0.473477
chr9:108500000-109000000	chr9	-0.314554	0.132959	-0.0144986	4	0.144059	0.143124	-0.0840164	0.0247152	-0.183174	0.150202
chr9:109000000-109500000	chr9	-0.189409	-0.392438	-0.369594	5	0.852238	0.686829	0.975623	0.986518	0.847536	0.553588
chr9:109500000-110000000	chr9	-0.05365	-0.792779	-0.421324	1	0.133948	0.222689	0.055865	-0.0745852	0.077868	-0.0337277
chr9:110000000-110500000	chr9	-0.0354616	-0.724764	-0.0623241	3	0.422103	0.171317	0.191667	0.0226087	0.379993	0.331786
chr9:110500000-111000000	chr9	0.118336	-1.15633	-0.106541	2	-0.368944	-0.166894	-0.108103	-0.00480226	-0.117377	0.384505
chr9:111000000-111500000	chr9	-0.110004	-0.794551	-0.127034	3	0.150714	0.561235	-0.151167	0.240032	0.0612937	0.283612
chr9:111500000-112000000	chr9	-0.0507786	-1.14042	-0.158502	6	0.477656	0.828063	0.242015	0.441066	0.736728	0.729145
chr9:112000000-112500000	chr9	-0.146408	-1.0678	-0.180784	4	0.672651	0.809052	0.605465	0.937522	0.83195	0.577903
chr9:112500000-113000000	chr9	-0.240427	-0.53298	-0.25217	4	0.592542	0.397603	0.184402	0.242656	0.873847	0.522252
chr9:113000000-113500000	chr9	-0.129584	-0.530418	-0.275274	15	1.12975	0.936432	0.799099	1.09863	1.24966	1.16153
chr9:113500000-114000000	chr9	-0.100487	-0.506042	-0.175263	1	1.05704	1.15853	1.20716	1.52924	1.17541	1.37934
chr9:114000000-114500000	chr9	-0.236006	-0.250121	-0.0611656	6	1.14607	0.960285	1.12685	1.20233	1.02162	0.943645
chr9:114500000-115000000	chr9	-0.0992963	-0.43366	0.203751	7	0.172232	0.0624262	0.209972	-0.203756	0.140871	0.261848
chr9:115000000-115500000	chr9	-0.0236703	-0.510218	-0.179075	1	-0.162175	0.106089	-0.0965557	0.00160666	-0.18257	0.0852616
chr9:115500000-116000000	chr9	0.0890011	-0.616714	-0.108287	0	-1.08805	-1.11763	-1.25963	-1.14453	-0.853595	-1.06263
chr9:116000000-116500000	chr9	-0.0641585	-0.323336	-0.178893	1	-0.577797	-0.589138	-0.586054	-0.421231	-0.461193	-0.669115
chr9:116500000-117000000	chr9	0.066943	0.526542	-0.231466	1	-0.720491	-1.15112	-0.910048	-1.17181	-0.78339	-1.00042
chr9:117000000-117500000	chr9	0.0569466	1.37058	-0.0960968	1	-0.668009	-1.11919	-1.00659	-0.928932	-0.822483	-1.07672
chr9:117500000-118000000	chr9	0.33261	0.99754	-0.222443	1	-1.1385	-1.08393	-1.07642	-1.3466	-1.08418	-1.01475
chr9:118000000-118500000	chr9	0.321026	0.911021	0.384887	0	-1.46663	-1.32089	-1.37671	-1.49719	-1.2781	-1.47269
chr9:118500000-119000000	chr9	0.0942018	0.629954	0.318222	0	-0.89656	-0.985517	-0.976263	-1.14309	-0.743165	-0.953731
chr9:119000000-119500000	chr9	0.339118	0.869092	0.130094	1	-0.671928	-0.595729	-0.601253	-0.829116	-0.789567	-0.961871
chr9:119500000-120000000	chr9	0.163512	1.34484	0.210479	0	-0.895172	-0.844971	-0.895555	-0.919674	-1.08899	-1.00514
chr9:120000000-120500000	chr9	-0.114868	1.27537	-0.244045	0	-0.874042	-0.808747	-0.742313	-0.999278	-0.80184	-0.846636
chr9:120500000-121000000	chr9	-0.0910612	-0.16687	-0.121313	7	0.0944504	0.48217	0.729001	0.583898	0.440055	0.579989
chr9:121000000-121500000	chr9	0.0568826	-0.668309	-0.0272987	6	0.346584	0.496925	0.444936	0.339851	0.470475	0.675712
chr9:121500000-122000000	chr9	-0.168406	0.0665724	-0.0760173	1	-0.11684	-0.281479	0.239769	-0.0482939	0.173596	0.122465
chr9:122000000-122500000	chr9	-0.120388	0.147911	-0.0765039	8	-1.00522	-1.30536	-1.23088	-1.28188	-0.800456	-0.945999
chr9:122500000-123000000	chr9	0.119015	0.186121	0.368248	18	-1.365	-1.46305	-1.51092	-1.38679	-1.40332	-1.26287
chr9:123000000-123500000	chr9	-0.197805	-0.33512	-0.340377	3	-0.195041	0.208508	-0.251291	0.135207	-0.0616016	0.252264
chr9:123500000-124000000	chr9	-0.207585	-0.403348	-0.048099	1	0.420196	0.575743	0.130243	0.679695	0.503097	0.559522
chr9:124000000-124500000	chr9	-0.11573	-0.654453	-0.0273266	4	1.15457	0.811106	1.0508	1.00751	0.952088	0.85059
chr9:124500000-125000000	chr9	0.124793	-1.23783	-0.0744925	7	0.81004	1.22861	1.01299	1.0908	1.12104	1.11785
chr9:125000000-125500000	chr9	0.12024	-1.11166	-0.191911	5	1.30043	1.21132	0.972689	1.15258	1.2519	1.26505
chr9:125500000-126000000	chr9	-0.205071	-1.27753	-0.123251	2	1.01187	0.979437	0.669795	0.842528	1.01408	0.950092
chr9:126000000-126500000	chr9	-0.0108519	-0.639938	-0.202796	1	1.31815	0.894274	1.09752	0.930402	1.17112	1.12708
chr9:126500000-127000000	chr9	-0.168256	-0.767443	0.0428918	4	1.52152	1.04148	1.47467	1.1666	1.69801	1.50095
chr9:127000000-127500000	chr9	0.0161135	-0.769766	0.0472143	6	1.42758	1.16289	1.43194	1.12357	1.38223	1.3861
chr9:127500000-128000000	chr9	0.238007	-1.0794	0.139665	16	1.33634	1.47681	1.47169	1.0912	1.46203	1.57057
chr9:128000000-128500000	chr9	0.147375	-0.980574	-0.130988	15	1.41451	1.3314	1.40279	1.21249	1.44907	1.28599
chr9:128500000-129000000	chr9	0.0577718	-1.02911	0.0631124	15	1.09808	1.10929	1.2078	1.26764	1.38426	1.04792
chr9:129000000-129500000	chr9	-0.179807	-0.721058	0.23894	6	1.03665	1.20753	0.986409	1.25303	1.16127	1.20163
chr9:129500000-130000000	chr9	-0.0288218	-0.864899	0.147503	9	1.20127	0.991839	0.838028	1.32984	1.37153	1.28236
chr9:130000000-130500000	chr9	-0.0360059	-0.802044	0.0701355	5	1.05447	0.898566	0.963973	0.753691	1.22176	1.09214
chr9:130500000-131000000	chr9	0.128569	-1.02199	0.0247658	7	1.03692	1.15669	1.19984	0.78912	1.23236	1.24806
chr9:131000000-131500000	chr9	0.0431863	-0.897429	0.12139	6	1.32121	1.0053	1.32295	0.990706	0.940737	1.20661
chr9:131500000-132000000	chr9	0.0130963	-0.870354	-0.0230986	4	1.18928	0.713858	1.01124	1.06226	1.11764	1.2833
chr9:132000000-132500000	chr9	-0.132753	-0.73356	-0.0613817	5	0.869445	0.866196	1.14096	1.0129	1.09582	1.13868
chr9:132500000-133000000	chr9	-0.123184	-0.72899	-0.0632434	7	1.29549	1.14462	1.06244	0.924072	1.32349	1.11482
chr9:133000000-133500000	chr9	0.0718483	-0.794094	0.157981	16	1.41022	1.0644	1.50732	0.821711	1.44621	1.15958
chr9:133500000-134000000	chr9	-0.0107323	-0.498039	-0.0691083	6	1.20673	1.28932	1.13232	1.29814	1.42284	1.327
chr9:134000000-134500000	chr9	-0.241837	-0.596794	0.295682	6	1.53883	1.3106	1.40475	0.951632	1.26993	1.08242
chr9:134500000-135000000	chr9	-0.341207	-0.365474	0.0586316	3	1.21693	1.33491	1.36591	1.16561	1.28243	1.22534
chr9:135000000-135500000	chr9	-0.398242	0.151829	-0.0306896	3	1.1927	0.928688	1.16182	1.39473	1.2824	1.25855
chr9:135500000-136000000	chr9	-0.22096	-0.222036	0.00261252	11	1.35047	1.2555	1.41577	0.957718	1.38601	1.52361
chr9:136000000-136500000	chr9	-0.198241	-0.517293	0.284953	13	1.54085	1.49578	1.63293	1.56064	1.62428	1.46924
chr9:136500000-137000000	chr9	-0.178614	-0.702487	0.263774	23	1.63939	1.63665	1.36822	1.46525	1.36612	1.50815
chr9:137000000-137500000	chr9	-0.0639257	-0.705191	0.251174	31	1.37074	1.26434	1.42009	1.45923	1.36026	1.44479
chr9:137500000-138000000	chr9	-0.149528	0.0291905	0.148622	7	0.430371	0.0778232	0.462811	0.447181	0.713684	0.707459
chr10:3000000-3500000	chr10	0.0592551	-0.70992	-0.154407	2	1.27939	1.19258	1.31279	1.5911	1.06137	1.2282
chr10:3500000-4000000	chr10	-0.242022	-0.842656	-0.0228419	1	1.30686	1.0811	1.34891	1.04357	1.19559	1.23183
chr10:4000000-4500000	chr10	-0.040631	-0.922031	-0.265248	0	1.19521	1.00965	0.976618	0.911781	0.947077	1.05024
chr10:4500000-5000000	chr10	0.000644068	-0.692042	-0.038999	2	0.779894	0.842637	0.86418	0.797783	0.814728	1.03495
chr10:5000000-5500000	chr10	0.109488	0.210749	0.0806874	8	0.748792	0.56689	0.532354	0.56379	0.603867	0.55173
chr10:5500000-6000000	chr10	0.00194239	-0.270318	-0.291399	7	1.31733	1.31445	1.31509	1.02454	1.43517	1.45809
chr10:6000000-6500000	chr10	-0.302411	0.147839	-0.207407	3	1.37269	0.919091	1.06098	1.00359	1.19427	1.21863
chr10:6500000-7000000	chr10	-0.189282	0.681695	-0.12061	1	0.226099	0.602978	0.45274	0.605698	0.839799	0.345343
chr10:7000000-7500000	chr10	-0.337936	0.721331	-0.159436	1	0.842153	0.681174	0.665904	0.710708	0.795855	0.297276
chr10:7500000-8000000	chr10	-0.280661	0.500483	0.000962513	5	0.621916	0.624096	0.630555	0.81168	0.599413	0.607761
chr10:8000000-8500000	chr10	-0.414391	0.194108	-0.227591	1	0.229114	0.285085	0.580931	0.571596	0.474589	0.0369814
chr10:8500000-9000000	chr10	-0.43738	0.378787	-0.258875	0	-0.426502	0.169442	-0.393759	-0.145016	-0.587694	-0.837253
chr10:9000000-9500000	chr10	-0.126709	0.312459	0.106451	0	0.155394	0.117145	0.266232	0.394181	0.465285	0.0406853
chr10:9500000-10000000	chr10	0.463535	-0.0822231	0.369537	0	0.358902	0.412164	0.291672	0.112194	0.353219	0.178603
chr10:10000000-10500000	chr10	0.423029	0.314724	0.267715	0	0.54396	0.849488	0.703463	0.439482	0.33683	0.256577
chr10:10500000-11000000	chr10	0.0654632	0.263213	-0.101509	0	0.628843	0.642367	0.639678	0.694495	0.842971	0.755146
chr10:11000000-11500000	chr10	-0.131501	0.71681	-0.142466	1	0.778209	0.652384	1.04746	0.959408	0.802195	0.656118
chr10:11500000-12000000	chr10	-0.337762	-0.16085	0.0217771	3	1.25463	1.27838	1.30157	1.0122	0.968815	1.31057
chr10:12000000-12500000	chr10	-0.0602891	-0.585688	-0.265199	6	1.24802	1.22066	1.33793	0.848581	1.5968	1.4484
chr10:12500000-13000000	chr10	-0.424122	-0.126573	-0.245263	0	1.17322	0.971067	1.19489	0.630073	1.227	1.21748
chr10:13000000-13500000	chr10	-0.307209	-0.172801	-0.528567	6	0.992149	1.20261	1.30533	1.08675	1.17527	0.968813
chr10:13500000-14000000	chr10	-0.215259	-0.276038	-0.292223	2	1.26942	1.14608	0.889454	1.00521	1.02165	1.20322
chr10:14000000-14500000	chr10	-0.301031	-0.211304	-0.167825	1	0.657205	0.676014	0.658264	0.85772	0.908662	1.09842
chr10:14500000-15000000	chr10	-0.130165	-0.367883	-0.40589	8	1.21474	0.867227	1.16455	1.19983	1.04413	0.973519
chr10:15000000-15500000	chr10	-0.461657	-0.0296263	-0.304176	5	0.798471	0.950557	0.760555	1.12292	0.778074	0.618465
chr10:15500000-16000000	chr10	-0.110842	0.0378821	-0.320239	2	0.00544423	0.0861931	0.372141	0.448563	0.303384	-0.124943
chr10:16000000-16500000	chr10	0.149903	1.09596	-0.113391	1	-0.189544	0.0512372	-0.248878	-0.217907	-0.369307	-0.408015
chr10:16500000-17000000	chr10	-0.235364	0.30834	-0.183583	2	-0.158839	0.525741	0.470696	0.455434	-0.0192457	-0.339225
chr10:17000000-17500000	chr10	-0.0874406	-0.453737	-0.164754	4	0.150868	0.694365	0.680702	0.776269	0.0293173	0.185288
chr10:17500000-18000000	chr10	0.0691589	-0.482217	-0.127471	5	0.627645	0.690149	0.921006	1.15307	0.709433	0.691525
chr10:18000000-18500000	chr10	-0.0445732	0.0156376	-0.252518	1	0.863133	1.03163	0.563999	0.745945	0.51786	0.51177
chr10:18500000-19000000	chr10	0.197726	0.171479	0.202313	2	-0.0436885	0.499912	0.0465578	0.192214	-0.0205227	-0.489393
chr10:19000000-19500000	chr10	0.160806	0.298575	0.353101	1	-0.473803	0.0902129	-0.220283	-0.515016	-0.497795	-0.833798
chr10:19500000-20000000	chr10	0.170034	0.174687	-0.0083845	1	0.106827	0.364204	-0.109948	-0.131517	-0.311696	-0.426737
chr10:20000000-20500000	chr10	0.182256	0.714278	0.315322	0	0.289755	0.431796	0.497366	0.68905	0.146495	0.121821
chr10:20500000-21000000	chr10	0.324348	0.288249	0.140243	1	0.375569	0.602356	0.572686	0.858247	0.456706	0.605238
chr10:21000000-21500000	chr10	-0.161705	-0.215557	-0.147376	0	0.9175	1.10166	1.13513	0.924134	0.97872	1.10828
chr10:21500000-22000000	chr10	-0.00469055	-0.998928	0.127755	2	0.95268	1.19374	1.09709	1.22641	1.11469	1.10689
chr10:22000000-22500000	chr10	-0.1526	-0.110341	-0.0443109	5	0.384363	0.709165	0.598927	0.66717	0.698566	0.51603
chr10:22500000-23000000	chr10	-0.0479696	-0.0179636	0.0478678	2	0.792483	0.821446	0.461919	0.46293	0.516795	0.66665
chr10:23000000-23500000	chr10	0.0168786	0.47608	0.102814	4	-0.171994	0.171012	0.0777077	-0.275476	-0.0161296	-0.0921126
chr10:23500000-24000000	chr10	0.31572	1.09849	0.282422	0	-0.677516	-0.331035	-0.594715	-0.374981	-0.443527	-0.846176
chr10:24000000-24500000	chr10	-0.115001	0.666613	-0.142817	1	0.0366713	0.629488	0.172832	0.127333	-0.095152	-0.247727
chr10:24500000-25000000	chr10	-0.0670714	0.00254116	-0.176973	2	0.427073	0.552864	0.485918	0.638885	0.421098	0.154758
chr10:25000000-25500000	chr10	0.340489	0.608282	0.267717	3	0.0583771	0.0573841	0.0993439	-0.164175	0.193348	0.140687
chr10:25500000-26000000	chr10	0.323171	0.916428	0.17133	1	-0.410192	-0.157423	-0.0953261	-0.218207	-0.360525	-0.136938
chr10:26000000-26500000	chr10	0.0231491	0.972239	0.0361449	2	-0.608981	-0.146044	-0.184761	-0.418741	0.00867503	-0.808556
chr10:26500000-27000000	chr10	-0.322889	0.392059	-0.202883	2	-0.0343116	0.0130899	0.624151	0.505932	0.537606	0.0930264
chr10:27000000-27500000	chr10	-0.160051	-0.0903878	-0.258745	4	0.50477	0.630327	0.658943	0.686015	0.622457	0.56724
chr10:27500000-28000000	chr10	-0.108567	-0.211249	-0.0894676	3	-0.281232	0.464314	0.198662	0.335467	0.225396	0.298564
chr10:28000000-28500000	chr10	-0.0847986	-0.644785	0.046712	1	0.44933	0.85612	0.791209	0.74446	0.628288	0.733529
chr10:28500000-29000000	chr10	0.0558949	-1.10644	-0.330755	2	1.39909	1.58033	1.28871	1.38863	1.45808	1.27817
chr10:29000000-29500000	chr10	0.0175928	-0.998779	-0.189098	1	1.27743	1.41386	1.38762	1.37387	1.39418	1.26804
chr10:29500000-30000000	chr10	-0.0619561	-0.873795	-0.134987	1	1.3507	1.17449	1.29014	1.33526	1.18087	1.2457
chr10:30000000-30500000	chr10	-0.0691119	-0.881572	0.184425	3	1.17209	1.26576	1.13846	1.57305	1.225	1.24911
chr10:30500000-31000000	chr10	-0.0907044	-0.69647	-0.126803	1	0.729466	0.869197	0.436251	0.733415	0.201429	0.51446
chr10:31000000-31500000	chr10	0.0259211	-1.20341	0.140826	2	0.520704	0.220181	0.408235	0.520669	-0.327747	-0.0234369
chr10:31500000-32000000	chr10	-0.0398438	-0.946476	-0.0524064	1	0.361853	0.839265	0.594789	0.551091	0.47635	0.496546
chr10:32000000-32500000	chr10	0.0664019	-1.10783	-0.273188	3	0.504181	0.279845	0.0908067	0.381694	0.222985	0.228127
chr10:32500000-33000000	chr10	-0.155392	-0.51756	0.0168285	1	-0.85364	-0.52636	-0.537574	-0.487775	-0.676943	-0.588772
chr10:33000000-33500000	chr10	0.160915	-0.968481	-0.395149	1	0.523597	0.437383	0.311695	0.383394	0.239831	0.135705
chr10:33500000-34000000	chr10	-0.123246	-0.626121	-0.312345	0	0.804365	0.905362	0.944442	0.979217	0.666593	0.66804
chr10:34000000-34500000	chr10	0.0979293	-1.01716	-0.237041	0	0.937136	0.723092	0.609911	0.922757	0.765006	0.615283
chr10:34500000-35000000	chr10	-0.123582	-0.905786	0.0008945	1	0.955973	1.35837	0.865641	1.29456	0.654386	1.01607
chr10:35000000-35500000	chr10	0.0898955	-0.950874	-0.177679	3	0.857199	0.884354	0.951604	0.959475	0.534747	0.788997
chr10:35500000-36000000	chr10	-0.107656	-0.488659	-0.0997327	2	0.521166	0.705113	0.712635	0.656208	0.639788	0.776875
chr10:36000000-36500000	chr10	-0.147495	-0.622672	-0.234384	0	0.524707	0.701199	0.752909	0.523349	0.883478	0.737246
chr10:36500000-37000000	chr10	-0.00587356	-0.384473	0.0349	0	0.128297	0.190854	0.28758	0.536278	0.0983903	0.35985
chr10:37000000-37500000	chr10	0.163286	0.89723	0.334306	1	-0.956353	-0.580368	-0.604706	-0.635069	-0.836466	-0.775979
chr10:37500000-38000000	chr10	-0.115315	1.11125	0.145939	3	-0.669746	-0.407769	-0.63793	-0.479839	-0.75167	-0.62147
chr10:38000000-38500000	chr10	-0.156113	0.857943	-0.091824	2	-0.522023	-0.440308	-0.306317	-0.423315	-0.669091	-0.542148
chr10:39000000-39500000	chr10	0.11359	0.718285	0.234312	0	-0.385866	-0.0765788	-0.0462028	-0.343659	-0.528287	-0.490254
chr10:42000000-42500000	chr10	0.27294	0.833744	0.399244	0	-0.984187	-0.553615	-0.985806	-0.685137	-1.02131	-0.740264
chr10:42500000-43000000	chr10	-0.196356	1.02876	0.112756	2	-0.661983	-0.373905	-0.410545	-0.423727	-0.437797	-0.358019
chr10:43000000-43500000	chr10	-0.128917	0.481346	0.185003	8	0.276533	0.380883	0.305576	0.420055	0.266773	0.413098
chr10:43500000-44000000	chr10	-0.0466783	-0.0871139	-0.0775657	3	0.343302	0.407611	0.30635	0.414139	0.480086	0.5905
chr10:44000000-44500000	chr10	0.085793	-0.0611952	-0.141307	1	0.594379	0.822226	0.712082	0.74452	0.542417	0.606517
chr10:44500000-45000000	chr10	-0.218812	0.0367994	-0.295915	3	0.404911	0.143173	0.183244	0.168763	0.278799	0.375964
chr10:45000000-45500000	chr10	0.139329	0.533382	-0.0371713	3	-0.249618	-0.0150796	-0.309032	0.0647285	-0.124856	0.186466
chr10:45500000-46000000	chr10	-0.0957814	-0.0196364	-0.11925	5	-0.106398	0.162996	0.0146094	0.342189	0.233455	0.196206
chr10:46000000-46500000	chr10	-0.248732	0.23938	-0.017977	5	1.06295	1.17367	0.878682	1.27055	0.790772	0.794093
chr10:46500000-47000000	chr10	-0.09553	0.14504	-0.049461	3	1.30985	1.3519	0.989979	0.778454	1.30105	1.05882
chr10:47000000-47500000	chr10	-0.13576	0.774259	-0.173809	6	1.2811	1.25872	1.08254	1.0957	0.979338	1.03486
chr10:48000000-48500000	chr10	-0.121886	-0.0260778	0.0383683	2	0.635028	0.61544	0.593401	0.823812	0.688278	0.664065
chr10:48500000-49000000	chr10	-0.20232	1.04262	0.1171	3	0.484763	0.512267	0.344227	0.526588	0.384253	0.261693
chr10:49000000-49500000	chr10	-0.202705	1.16914	0.192469	5	0.211024	0.507078	0.626528	0.659598	0.138698	0.298074
chr10:49500000-50000000	chr10	-0.165567	0.37491	-0.189634	9	-0.301903	-0.168823	-0.0090491	-0.303832	-0.045618	0.0568308
chr10:50000000-50500000	chr10	-0.0563031	0.280409	-0.408146	2	-0.935293	-0.621732	-0.575608	-0.625094	-0.703365	-0.52761
chr10:50500000-51000000	chr10	0.0482505	0.357104	0.265126	3	-1.23775	-1.11167	-1.23311	-1.19773	-1.10952	-0.970965
chr10:51000000-51500000	chr10	-0.165957	0.624704	0.164849	1	-1.24752	-1.28123	-1.4417	-1.46545	-1.44339	-1.51938
chr10:51500000-52000000	chr10	0.238547	0.441135	-0.0665144	1	-1.42158	-1.39926	-1.58556	-1.4723	-1.58106	-1.51163
chr10:52000000-52500000	chr10	-0.115234	0.320027	-0.0791426	1	-1.32013	-1.25823	-1.45413	-1.3991	-1.51577	-1.34659
chr10:52500000-53000000	chr10	-0.170295	0.238744	-0.194222	1	-1.39489	-1.41103	-1.33244	-1.40103	-1.34659	-1.2876
chr10:53000000-53500000	chr10	0.118485	0.58809	0.169756	1	-1.46354	-1.44455	-1.49918	-1.5174	-1.37426	-1.52306
chr10:53500000-54000000	chr10	0.00655478	0.425646	0.322636	0	-1.37982	-1.2887	-1.51327	-1.54977	-1.51671	-1.397
chr10:54000000-54500000	chr10	0.503033	0.609484	0.434238	0	-1.56242	-1.45518	-1.54541	-1.48367	-1.61376	-1.55318
chr10:54500000-55000000	chr10	-0.147789	0.528837	0.48851	1	-1.65723	-1.60046	-1.68534	-1.6155	-1.74046	-1.59559
chr10:55000000-55500000	chr10	0.000452273	-0.185973	-0.117099	0	-1.52418	-1.53251	-1.56164	-1.5876	-1.65789	-1.60014
chr10:55500000-56000000	chr10	0.1154	0.510942	0.437686	0	-1.63618	-1.56841	-1.56301	-1.60605	-1.59453	-1.59239
chr10:56000000-56500000	chr10	0.294176	0.520729	0.457576	1	-1.61863	-1.63845	-1.77326	-1.66512	-1.68278	-1.73683
chr10:56500000-57000000	chr10	0.12755	0.828895	0.433428	0	-1.5429	-1.5954	-1.61928	-1.60822	-1.64221	-1.64986
chr10:57000000-57500000	chr10	0.180559	0.84965	0.46077	0	-1.4367	-1.30631	-1.54748	-1.55168	-1.64697	-1.30737
chr10:57500000-58000000	chr10	0.327417	0.35791	-0.107673	0	-1.57532	-1.52237	-1.52641	-1.69985	-1.64012	-1.58356
chr10:58000000-58500000	chr10	-0.165185	-0.0994217	-0.10492	4	-1.25479	-1.28107	-1.26245	-1.41942	-1.47329	-1.31072
chr10:58500000-59000000	chr10	-0.164063	0.0826933	-0.318614	1	-1.00263	-0.827193	-0.827693	-0.882633	-1.04839	-1.23848
chr10:59000000-59500000	chr10	-0.0472855	0.36577	-0.0190573	2	-0.677204	-0.868774	-0.697677	-0.814291	-1.10333	-1.07358
chr10:59500000-60000000	chr10	0.062135	0.165505	-0.0801303	3	-0.632903	-0.870007	-0.850567	-0.773932	-0.555079	-0.533435
chr10:60000000-60500000	chr10	0.0111098	-0.734963	-0.314882	1	-0.469829	-0.895099	-0.526821	-0.818347	-0.0269382	-0.394816
chr10:60500000-61000000	chr10	-0.0241957	-0.827602	-0.193923	2	-1.0986	-1.08533	-1.20242	-1.15823	-1.08783	-1.1924
chr10:61000000-61500000	chr10	-0.0848229	0.000162346	-0.324516	1	-1.58043	-1.64333	-1.68263	-1.7085	-1.5964	-1.73214
chr10:61500000-62000000	chr10	-0.124659	-0.497412	-0.486581	2	-1.54882	-1.62868	-1.53291	-1.60049	-1.59676	-1.53691
chr10:62000000-62500000	chr10	-0.0449052	-0.721577	-0.143766	2	-1.35817	-1.48621	-1.217	-1.36062	-1.11606	-1.30009
chr10:62500000-63000000	chr10	0.0948966	-0.198701	-0.074561	2	-0.703995	-0.872768	-0.86936	-0.753006	-0.700037	-1.18315
chr10:63000000-63500000	chr10	0.0301862	-1.09783	0.0708752	2	0.0644045	-0.0179185	0.1011	0.143607	0.0583242	-0.111151
chr10:63500000-64000000	chr10	0.0726476	-0.314618	-0.090324	1	-0.585132	-0.456507	-0.58306	-0.460487	-0.394993	-0.671208
chr10:64000000-64500000	chr10	0.0918812	0.946853	0.106234	0	-1.29869	-1.42448	-1.31767	-1.35577	-1.2483	-1.37655
chr10:64500000-65000000	chr10	0.496337	0.485244	0.286354	0	-1.60877	-1.5217	-1.60138	-1.59082	-1.64987	-1.59738
chr10:65000000-65500000	chr10	0.0938818	0.384647	0.431973	0	-1.6686	-1.70524	-1.83872	-1.82264	-1.73682	-1.76124
chr10:65500000-66000000	chr10	0.33711	0.255526	0.124826	0	-1.86212	-1.81358	-1.89037	-1.73234	-1.83363	-1.76892
chr10:66000000-66500000	chr10	0.167363	0.626089	0.199774	0	-1.72216	-1.60657	-1.64046	-1.88863	-1.76124	-1.59573
chr10:66500000-67000000	chr10	0.250126	0.0280531	0.0291451	1	-1.50845	-1.33927	-1.61134	-1.5745	-1.49034	-1.43518
chr10:67000000-67500000	chr10	0.265071	0.52809	0.394713	0	-1.27663	-1.08097	-1.30804	-1.19373	-1.35145	-1.16234
chr10:67500000-68000000	chr10	-0.111373	-0.178988	0.12784	3	-0.638377	-0.868347	-0.708379	-0.703474	-0.648948	-0.551947
chr10:68000000-68500000	chr10	0.137489	-1.18541	0.0836416	7	0.4911	0.897762	0.728086	0.789547	0.579796	0.845872
chr10:68500000-69000000	chr10	-0.0261787	-1.11067	-0.173367	7	1.18359	1.53319	1.32667	1.25884	1.25697	1.30004
chr10:69000000-69500000	chr10	0.0313636	-0.935802	-0.0921809	7	1.5262	1.63029	1.27037	1.46783	1.25814	1.24799
chr10:69500000-70000000	chr10	-0.0261823	-0.696058	-0.305585	3	1.36022	1.28542	1.20328	1.35234	1.36836	1.33603
chr10:70000000-70500000	chr10	-0.170517	-0.706979	-0.203269	10	1.50124	1.28703	1.38788	1.66299	1.27507	1.36697
chr10:70500000-71000000	chr10	-0.277894	-0.682752	0.0628742	5	1.53607	1.45161	1.29946	1.34264	1.39598	1.33971
chr10:71000000-71500000	chr10	-0.413892	-0.300881	-0.0858831	3	1.45091	1.34452	1.30045	1.40956	1.3248	1.27521
chr10:71500000-72000000	chr10	-0.228696	-0.489213	0.0244975	4	1.45813	1.27119	1.49527	1.33446	1.32168	1.44776
chr10:72000000-72500000	chr10	-0.00822438	-0.997795	0.0642041	5	1.60122	1.43884	1.32905	1.22338	1.48832	1.27287
chr10:72500000-73000000	chr10	0.0715133	-1.28905	0.0062499	4	1.37775	1.20705	1.39944	1.21173	1.39643	0.920373
chr10:73000000-73500000	chr10	0.0862923	-1.54159	-0.0240677	10	1.48146	1.35737	1.43284	1.39622	1.34226	1.38279
chr10:73500000-74000000	chr10	-0.00448704	-1.08254	-0.0770026	12	1.45911	1.39684	1.63239	1.52642	1.57069	1.34618
chr10:74000000-74500000	chr10	0.0618425	-1.59922	0.0317562	2	1.26486	1.08994	1.05897	1.14439	1.31054	1.18239
chr10:74500000-75000000	chr10	0.0525583	-1.36723	-0.184736	1	1.03628	1.17255	1.1265	0.976131	1.02595	1.07591
chr10:75000000-75500000	chr10	-0.144545	-0.843608	-0.272139	8	1.28143	1.39551	1.20131	1.10724	1.38441	1.36945
chr10:75500000-76000000	chr10	-0.184802	-0.434751	-0.355567	0	1.19173	1.23864	1.08882	0.876733	0.917441	0.920757
chr10:76000000-76500000	chr10	-0.212319	-0.745084	-0.374414	0	1.19745	1.18853	0.844319	0.981203	1.07376	0.90836
chr10:76500000-77000000	chr10	-0.282004	-0.538897	0.0430998	0	1.04049	0.755553	1.11634	0.822516	0.632044	0.744355
chr10:77000000-77500000	chr10	-0.0500995	-0.740883	-0.161158	0	1.33843	1.22939	1.48339	1.26256	1.24907	1.10952
chr10:77500000-78000000	chr10	0.0285986	-0.818	-0.187151	2	1.3602	1.5197	1.38328	1.31022	1.28771	1.42658
chr10:78000000-78500000	chr10	-0.21467	-0.629624	-0.30058	2	1.30937	1.17171	1.09989	1.2994	1.19842	1.20685
chr10:78500000-79000000	chr10	-0.16327	-0.574589	-0.37257	0	1.29404	1.21337	1.2729	1.18778	1.05373	1.148
chr10:79000000-79500000	chr10	-0.243099	-0.33217	-0.0400317	3	0.880963	0.776056	0.771445	0.990606	0.948011	0.928463
chr10:79500000-80000000	chr10	-0.39866	-0.202436	0.0875964	6	-0.157126	-0.449106	-0.328141	0.366521	0.0810864	-0.397542
chr10:80000000-80500000	chr10	-0.206733	0.0896317	-0.20852	8	-0.268853	-0.177992	-0.122893	0.146412	-0.171606	-0.152858
chr10:80500000-81000000	chr10	-0.0225592	0.96218	-0.109661	1	-1.3236	-1.50816	-1.14032	-1.07339	-1.30546	-1.2929
chr10:81000000-81500000	chr10	0.312267	0.693045	0.860485	0	-1.86348	-1.88877	-1.84239	-1.78084	-1.90666	-1.86108
chr10:81500000-82000000	chr10	0.157434	0.865265	0.216033	1	-1.95732	-1.85858	-1.87591	-1.99076	-1.86153	-1.89331
chr10:82000000-82500000	chr10	0.226062	0.742072	0.28668	0	-1.50483	-1.83072	-1.81129	-1.75261	-1.77927	-1.66065
chr10:82500000-83000000	chr10	0.175702	0.456726	0.0792676	0	-1.60491	-1.63673	-1.61985	-1.56254	-1.56052	-1.70883
chr10:83000000-83500000	chr10	-0.0467319	0.277173	-0.0440455	0	-1.76156	-1.86281	-1.75064	-1.71828	-1.72982	-1.83603
chr10:83500000-84000000	chr10	-0.101072	0.392382	-0.0960932	0	-1.69085	-1.88256	-1.80298	-1.82916	-1.78328	-1.75649
chr10:84000000-84500000	chr10	0.165788	-0.0981538	-0.158934	7	-0.815782	-1.29213	-0.841572	-1.19101	-0.892679	-0.827243
chr10:84500000-85000000	chr10	0.201397	0.430958	-0.0515953	0	0.146792	-0.0346432	-0.050838	0.13599	-0.00596257	0.190978
chr10:85000000-85500000	chr10	0.245699	0.4726	0.202922	0	-0.161357	-0.106852	-0.231914	-0.292866	-0.262901	-0.0520824
chr10:85500000-86000000	chr10	0.413396	0.481857	0.299402	0	-0.0626171	-0.316225	-0.216814	-0.397138	0.173926	0.00545013
chr10:86000000-86500000	chr10	-0.0499376	0.564617	-0.0815574	1	0.334604	0.24484	0.571908	0.423242	0.275154	0.414537
chr10:86500000-87000000	chr10	-0.0127744	-0.733676	0.0723082	8	1.13032	1.05428	0.886376	1.29342	0.968465	1.06686
chr10:87500000-88000000	chr10	-0.0581919	-1.46059	0.0462437	5	1.00151	0.928321	0.846706	0.728235	0.798243	0.96168
chr10:88000000-88500000	chr10	0.124112	-1.01695	-0.237119	0	0.604117	0.568559	0.573699	0.555075	0.584631	0.713157
chr10:88500000-89000000	chr10	0.0661798	-1.22387	-0.0812937	10	0.438044	0.0947852	0.118382	0.165336	0.386022	0.653211
chr10:89000000-89500000	chr10	-0.062509	-0.867202	0.0686478	7	0.0139025	0.00984088	0.0438081	0.241241	0.30827	0.390421
chr10:89500000-90000000	chr10	-0.0418621	-0.703553	-0.174695	3	-0.714872	-0.785333	-0.501923	-0.525702	-0.457642	-0.44882
chr10:90000000-90500000	chr10	-0.123541	-0.66427	-0.222848	0	-1.24761	-1.24242	-1.27352	-1.39894	-1.07075	-1.31663
chr10:90500000-91000000	chr10	-0.103239	-0.743744	-0.147426	3	-0.6482	-0.770037	-0.789427	-0.705701	-0.496852	-0.606707
chr10:91000000-91500000	chr10	-0.0964145	-0.881093	0.0143645	2	0.231762	0.722748	0.29882	0.0889725	0.4409	0.665089
chr10:91500000-92000000	chr10	-0.18723	-1.14121	0.00234344	4	0.870243	0.892264	0.723056	0.408257	0.960771	0.870706
chr10:92000000-92500000	chr10	-0.145926	-0.960543	-0.157664	2	0.870639	0.631552	0.855824	0.700147	0.73719	0.978334
chr10:92500000-93000000	chr10	-0.138559	-1.00147	-0.0532824	4	0.330607	0.289675	0.248757	0.0780584	0.662217	0.538492
chr10:93000000-93500000	chr10	0.0664253	-0.805987	-0.228163	4	0.152602	-0.231021	0.138059	0.399867	0.147783	0.342741
chr10:93500000-94000000	chr10	-0.197223	-0.431556	-0.426568	7	-0.560575	-0.748057	-0.751405	-0.818796	-0.77179	-0.520296
chr10:94000000-94500000	chr10	-0.407734	-0.240311	-0.220821	2	-0.943622	-1.1409	-1.10606	-1.18088	-1.12903	-1.07053
chr10:94500000-95000000	chr10	-0.176171	1.05852	0.0830599	4	-1.73891	-1.74598	-1.83713	-1.70939	-1.77409	-1.49713
chr10:95000000-95500000	chr10	-0.342283	0.758801	-0.00177168	3	-1.05996	-1.26707	-1.4312	-1.15212	-1.1688	-1.00981
chr10:95500000-96000000	chr10	-0.142937	0.862339	-0.0929065	5	-1.20157	-0.896796	-0.890017	-0.941417	-0.866254	-0.542893
chr10:96000000-96500000	chr10	-0.194534	0.680137	-0.0976482	5	-0.401041	-0.371281	-0.584268	-0.125901	-0.0385456	0.0777965
chr10:96500000-97000000	chr10	-0.0154978	-0.752637	-0.292845	4	0.89198	0.614415	0.580726	0.508818	0.838846	0.990887
chr10:97000000-97500000	chr10	-0.339458	-0.282916	-0.277931	10	1.33673	1.10609	1.00797	1.01699	1.11382	1.50668
chr10:97500000-98000000	chr10	-0.201468	-0.127146	-0.206202	10	1.31006	1.14143	1.26023	1.11229	1.35903	1.46181
chr10:98000000-98500000	chr10	-0.144148	0.160577	-0.100278	5	1.23594	1.04526	1.21412	1.03552	1.16763	1.21917
chr10:98500000-99000000	chr10	0.231848	0.249057	-0.0449408	0	0.153679	0.229534	0.607714	0.575182	0.496289	0.86479
chr10:99000000-99500000	chr10	-0.14817	0.0499295	0.0324239	3	0.389327	0.493047	0.995433	0.472419	0.65926	0.836944
chr10:99500000-100000000	chr10	-0.0953237	-0.821821	-0.0722263	7	1.14641	1.21584	0.857396	0.998428	1.14783	1.19563
chr10:100000000-100500000	chr10	-0.156493	-0.898182	-0.027594	10	1.06004	0.911139	1.2437	0.962313	1.21809	1.29749
chr10:100500000-101000000	chr10	-0.309583	-0.617173	-0.420644	9	1.26228	1.18302	1.15196	1.08643	1.40656	1.23343
chr10:101000000-101500000	chr10	0.0737464	-1.11009	-0.213174	6	1.16983	1.26149	1.31976	1.14013	1.3038	1.3303
chr10:101500000-102000000	chr10	-0.0309033	-0.92642	0.147381	8	1.29529	1.02676	1.26211	1.17762	1.41151	1.33614
chr10:102000000-102500000	chr10	0.060354	-1.13309	0.00563074	14	1.49649	1.25797	1.41218	0.947236	1.5225	1.37228
chr10:102500000-103000000	chr10	0.0620628	-1.06416	0.147224	11	1.45078	1.15782	1.31776	1.13509	1.49656	1.43797
chr10:103000000-103500000	chr10	-0.00599785	-1.12474	0.0262068	11	1.40784	1.17726	1.4304	1.15288	1.36379	1.4973
chr10:103500000-104000000	chr10	-0.191633	-0.471428	-0.0793843	3	1.03794	0.622472	0.885318	0.834668	0.968721	1.06885
chr10:104000000-104500000	chr10	0.164603	-0.441315	0.118685	7	0.214531	0.460236	0.31734	0.405607	0.401543	0.284075
chr10:104500000-105000000	chr10	0.247664	0.777722	0.248601	1	-0.400275	-0.445021	-0.499415	-0.400487	-0.66268	-0.523205
chr10:105000000-105500000	chr10	0.37188	0.775289	-0.0496988	0	-0.91021	-0.90286	-1.17555	-1.07268	-1.07016	-1.11409
chr10:105500000-106000000	chr10	0.205797	0.685606	0.234669	0	-0.984725	-1.11298	-1.22166	-1.00404	-1.07374	-1.17565
chr10:106000000-106500000	chr10	0.317055	0.598135	0.58832	0	-1.58972	-1.50379	-1.57672	-1.51282	-1.44493	-1.62615
chr10:106500000-107000000	chr10	0.321041	0.698515	0.318008	0	-0.972216	-1.1587	-1.09081	-0.984643	-1.11349	-1.19313
chr10:107000000-107500000	chr10	0.125061	0.688128	0.175621	1	-1.30633	-1.13669	-1.49857	-1.1753	-1.28798	-1.45129
chr10:107500000-108000000	chr10	0.147526	0.416288	0.0990647	0	-1.49784	-1.51113	-1.72124	-1.6876	-1.70499	-1.63153
chr10:108000000-108500000	chr10	-0.0990032	0.274644	-0.0221172	0	-1.47229	-1.56776	-1.54432	-1.7089	-1.66114	-1.61341
chr10:108500000-109000000	chr10	-0.315366	0.0743082	-0.157769	0	-1.51225	-1.46622	-1.54454	-1.65929	-1.52747	-1.62421
chr10:109000000-109500000	chr10	-0.123554	0.319904	-0.206418	0	-1.33908	-1.52065	-1.30741	-1.36519	-1.44719	-1.45745
chr10:109500000-110000000	chr10	0.0107113	0.23596	-0.289601	1	-1.16899	-1.20817	-1.13807	-1.16406	-1.15896	-1.21896
chr10:110000000-110500000	chr10	0.163477	-0.972475	0.127197	4	0.250752	0.176977	-0.0591285	-0.0362211	0.104854	0.254103
chr10:110500000-111000000	chr10	0.1066	-0.993399	-0.00900885	5	-0.304259	-0.474147	-0.375591	-0.373337	-0.0456891	-0.225773
chr10:111000000-111500000	chr10	0.107157	0.978244	-0.0649426	1	-1.62153	-1.70363	-1.58478	-1.6792	-1.65935	-1.5354
chr10:111500000-112000000	chr10	0.292186	1.31545	0.308299	0	-1.7629	-1.78421	-1.90624	-1.92562	-1.8057	-1.72541
chr10:112000000-112500000	chr10	0.109078	0.600913	0.0131825	5	-1.43941	-1.48078	-1.29496	-1.43964	-1.09001	-1.2198
chr10:112500000-113000000	chr10	-0.0250583	-0.53025	-0.243777	1	0.274125	-0.210827	0.134046	-0.276298	0.376651	-0.164444
chr10:113000000-113500000	chr10	-0.158614	-0.130488	-0.443868	0	0.208044	-0.283842	-0.187665	0.0339816	-0.0718584	-0.19824
chr10:113500000-114000000	chr10	-0.164136	-0.167667	-0.369234	6	-0.16267	-0.340709	0.0401402	-0.243171	-0.052366	0.0541025
chr10:114000000-114500000	chr10	-0.0460563	-0.444864	-0.321356	5	0.109149	0.221621	-0.304328	0.0428709	0.093449	-0.0415945
chr10:114500000-115000000	chr10	0.171845	-0.859553	0.0825061	3	-0.071715	-0.668587	-0.28343	-0.50085	-0.320553	-0.488313
chr10:115000000-115500000	chr10	0.248495	0.563346	0.317052	1	-1.46384	-1.7891	-1.69088	-1.70589	-1.55041	-1.62634
chr10:115500000-116000000	chr10	0.220232	0.685031	0.290397	0	-1.76045	-1.79022	-1.85721	-1.86713	-1.60248	-1.60864
chr10:116000000-116500000	chr10	0.165057	1.07483	0.140492	3	-1.2878	-1.4985	-1.58105	-1.57132	-1.27495	-1.61672
chr10:116500000-117000000	chr10	0.0811928	0.946301	-0.0922014	5	-1.08636	-1.16161	-0.949554	-1.27465	-0.919845	-0.834343
chr10:117000000-117500000	chr10	-0.0520881	0.728505	-0.149957	5	-0.638447	-0.879242	-0.595643	-0.899723	-0.700345	-0.330128
chr10:117500000-118000000	chr10	-0.11726	1.23043	-0.0699612	1	-0.933065	-0.802195	-0.644714	-1.01134	-1.03183	-0.959023
chr10:118000000-118500000	chr10	0.158936	1.03233	0.284155	2	-0.771084	-0.849477	-0.6977	-0.818763	-0.916456	-1.03884
chr10:118500000-119000000	chr10	-0.138067	0.460418	0.0623545	2	0.210901	0.13313	-0.0567897	0.125691	0.112576	0.22757
chr10:119000000-119500000	chr10	-0.251819	-0.287679	-0.0815179	8	1.22651	0.690861	0.951283	0.920853	1.2071	1.19209
chr10:119500000-120000000	chr10	-0.0957777	-0.480596	-0.213069	6	1.21003	0.886348	0.771682	1.01117	0.819318	1.15491
chr10:120000000-120500000	chr10	0.153469	0.714205	0.118186	1	-0.198699	0.226453	0.214413	0.221583	0.0359815	0.233788
chr10:120500000-121000000	chr10	-0.103579	1.0662	-0.0351237	1	-0.00159516	0.292455	0.299576	0.222257	-0.0369347	0.275465
chr10:121000000-121500000	chr10	0.344127	0.786136	0.145148	0	1.12279	0.548899	1.00666	0.833102	0.952379	1.03482
chr10:121500000-122000000	chr10	-0.161714	0.603793	-0.0894725	4	1.01148	1.06458	0.901482	1.04686	1.09844	1.09992
chr10:122000000-122500000	chr10	-0.00849089	0.328056	-0.0912105	4	1.06718	0.772011	0.986451	0.633646	0.986349	1.02433
chr10:122500000-123000000	chr10	0.0447139	0.9161	-0.124879	8	0.17482	-0.243154	0.471131	0.0129384	0.65139	0.458187
chr10:123000000-123500000	chr10	-0.160348	1.36107	-0.0992754	5	-0.0575387	-0.319888	0.162023	-0.222606	-0.0310722	0.372558
chr10:123500000-124000000	chr10	-0.0381195	1.12716	0.154263	2	0.338404	0.414415	0.146401	0.461659	0.573272	0.371959
chr10:124000000-124500000	chr10	-0.0934617	0.941351	-0.255911	4	0.677988	0.520374	0.685953	0.787217	0.703493	0.770656
chr10:124500000-125000000	chr10	-0.368693	0.264196	-0.233598	4	0.875716	0.566636	0.799222	0.641411	0.75973	0.95123
chr10:125000000-125500000	chr10	-0.0449666	0.451633	0.399214	1	-0.0682108	-0.32293	0.108411	0.18719	0.0440347	0.302367
chr10:125500000-126000000	chr10	-0.100122	0.547747	-0.160848	7	-0.367322	-0.350395	0.509418	-0.0981672	-0.154081	-0.0119786
chr10:126000000-126500000	chr10	-0.249765	0.331589	0.0582788	1	-0.0814324	-0.111703	0.0404651	-0.0731181	-0.252462	0.0227148
chr10:126500000-127000000	chr10	-0.326136	0.727604	-0.294557	2	-0.415213	-0.384799	-0.420851	-0.0869961	-0.29735	-0.0876627
chr10:127000000-127500000	chr10	-0.43443	1.17902	-0.34025	1	-0.296728	-0.780332	-0.351367	-0.353145	-0.246229	-0.340562
chr10:127500000-128000000	chr10	0.0716031	1.26216	0.0896966	4	-0.723014	-0.436977	-0.486948	-0.527143	-0.212995	-0.431288
chr10:128000000-128500000	chr10	-0.00640151	1.24912	-0.0284163	1	-0.28529	-0.517788	-0.28362	-0.257991	-0.393688	-0.187362
chr10:128500000-129000000	chr10	-0.0716895	1.34036	0.236881	0	-0.583599	-0.914239	-0.593259	-0.753617	-0.587102	-0.677172
chr10:129000000-129500000	chr10	0.0280758	1.11928	0.15059	1	-0.432867	-1.01895	-0.91306	-0.743565	-0.726132	-0.746985
chr10:129500000-130000000	chr10	-0.0884689	1.36391	0.0706409	1	-0.609021	-0.861294	-0.711535	-0.802828	-0.72076	-0.734577
chr10:130000000-130500000	chr10	-0.0759323	1.2074	0.0665484	2	-1.15776	-1.08659	-1.00962	-0.939497	-1.06907	-0.908308
chr10:130500000-131000000	chr10	-0.0862577	1.41873	0.0669824	0	-1.34123	-1.16761	-1.20513	-1.38881	-1.29374	-1.15607
chr10:131000000-131500000	chr10	0.0230134	1.1998	0.11941	1	-1.17066	-1.11747	-1.22791	-1.18548	-1.26989	-1.15923
chr10:131500000-132000000	chr10	-0.246807	1.02711	0.0832676	2	-0.927058	-0.955582	-0.836866	-1.02467	-0.940828	-0.707167
chr10:132000000-132500000	chr10	-0.442441	0.426403	0.0816569	5	0.376075	0.218922	0.281204	0.150158	0.149888	0.314754
chr10:132500000-133000000	chr10	-0.491645	0.360919	0.179324	3	0.646953	0.317428	0.242259	0.601673	0.319379	0.500446
chr10:133000000-133500000	chr10	-0.505647	0.403819	0.419303	15	0.374416	0.181525	-0.0408545	0.137291	0.130179	0.431837
chr11:3000000-3500000	chr11	-0.0909541	-0.491964	-0.015198	5	1.17973	1.34092	1.04094	1.27008	1.31793	1.35786
chr11:3500000-4000000	chr11	0.0831233	-0.49017	-0.190791	7	0.22411	0.421242	0.224833	0.589495	0.56148	0.746055
chr11:4000000-4500000	chr11	0.142822	0.772221	0.0632951	10	-1.04893	-0.921569	-0.891747	-0.979787	-0.637024	-0.618261
chr11:4500000-5000000	chr11	0.174603	1.16971	0.299986	20	-1.23219	-1.26938	-1.27411	-1.45909	-1.13111	-1.11846
chr11:5000000-5500000	chr11	-0.050814	1.1104	0.184434	19	-1.15951	-1.20193	-1.09949	-1.29861	-1.18194	-1.23547
chr11:5500000-6000000	chr11	-0.0488716	1.0543	0.116357	21	-1.18571	-1.24534	-1.19375	-1.24607	-1.02753	-1.04891
chr11:6000000-6500000	chr11	-0.0815018	1.09014	0.0061753	17	-0.595982	-0.574752	-0.680995	-0.554573	-0.403045	-0.375594
chr11:6500000-7000000	chr11	-0.16283	0.758275	0.07917	15	-0.807555	-0.924614	-0.780571	-0.661574	-0.652023	-0.652773
chr11:7000000-7500000	chr11	-0.00169039	0.760806	0.00897895	5	-1.05519	-1.03828	-0.961235	-1.08835	-1.02094	-0.867023
chr11:7500000-8000000	chr11	-0.11887	0.703544	-0.154725	9	-1.05338	-0.94248	-0.943956	-1.01281	-0.775126	-0.786701
chr11:8000000-8500000	chr11	-0.36033	0.356623	-0.261723	3	-0.447613	-0.608798	-0.0939624	-0.403033	-0.290108	-0.187694
chr11:8500000-9000000	chr11	-0.138708	-0.441055	-0.114692	8	0.298183	0.165386	0.489818	0.444573	0.445007	0.34059
chr11:9000000-9500000	chr11	0.111515	-0.942988	0.127669	6	1.10642	1.34805	1.23394	1.24954	1.19192	1.19116
chr11:9500000-10000000	chr11	-0.113133	-1.26385	-0.0503498	2	1.19038	1.23777	1.14569	1.35267	1.08174	0.990255
chr11:10000000-10500000	chr11	0.206573	-1.37238	-0.00966883	3	0.96485	1.004	0.892461	1.14187	0.923248	0.872709
chr11:10500000-11000000	chr11	-0.0346921	-0.827202	-0.243622	6	1.12441	1.43115	1.35236	1.33929	1.20786	1.26792
chr11:11000000-11500000	chr11	-0.282101	0.136356	-0.206007	1	1.48031	1.37138	1.14712	1.25404	1.19425	1.09436
chr11:11500000-12000000	chr11	0.125773	-0.730141	-0.167927	2	1.46772	1.21152	1.28555	1.37789	1.25664	1.13893
chr11:12000000-12500000	chr11	0.148847	-0.892722	-0.126001	3	1.03524	1.24122	1.25894	1.25217	1.14956	1.01296
chr11:12500000-13000000	chr11	0.216589	-1.00889	0.122484	1	1.06869	0.548107	0.656041	0.945612	0.783029	0.762055
chr11:13000000-13500000	chr11	-0.0186717	-0.447096	-0.348355	4	0.685971	0.52327	0.385742	0.241417	0.338094	0.309881
chr11:13500000-14000000	chr11	-0.023318	0.421555	-0.332763	2	-0.337791	-0.175498	-0.207739	-0.0550983	-0.10781	-0.246282
chr11:14000000-14500000	chr11	0.206589	-0.261663	-0.270886	2	0.239024	-0.0567866	0.0939549	0.35013	0.459707	0.159642
chr11:14500000-15000000	chr11	0.0819679	0.310361	0.0327479	4	-0.881686	-0.938589	-1.03782	-0.661614	-0.82923	-0.66898
chr11:15000000-15500000	chr11	-0.0198757	1.10132	0.0714574	2	-0.763396	-0.687347	-0.877703	-0.755872	-0.822658	-0.843184
chr11:15500000-16000000	chr11	-0.0834765	0.521046	0.0377893	0	0.0172734	-0.244597	-0.275857	-0.270926	-0.228124	-0.347041
chr11:16000000-16500000	chr11	0.165171	-0.208285	0.231593	1	-0.663951	-0.915427	-1.02162	-1.04127	-0.846638	-0.903428
chr11:16500000-17000000	chr11	-0.0595287	-0.0219973	-0.0620208	1	0.228946	0.056316	-0.103292	-0.0649179	-0.087297	-0.104643
chr11:17000000-17500000	chr11	-0.255076	-0.0525874	-0.332847	7	0.80122	0.915064	0.773547	0.801928	0.866892	0.957437
chr11:17500000-18000000	chr11	-0.441082	0.945096	-0.333074	4	0.491	0.447149	0.717998	0.577931	0.726057	0.513664
chr11:18000000-18500000	chr11	-0.0199802	0.17269	-0.466864	13	0.280255	0.272775	0.461071	0.491419	0.774414	0.440564
chr11:18500000-19000000	chr11	-0.201677	0.621681	-0.238642	8	0.323732	0.318062	0.653824	0.567257	0.520682	0.545778
chr11:19000000-19500000	chr11	-0.0292557	0.297	-0.365795	4	0.669017	0.571578	0.876662	0.85546	0.708658	0.937779
chr11:19500000-20000000	chr11	-0.167852	-0.0103745	-0.324135	1	0.755902	0.9534	0.832362	0.832832	0.672041	0.684569
chr11:20000000-20500000	chr11	0.0508824	0.164044	0.100631	3	0.0287811	0.238495	0.113575	0.265034	0.353926	-0.066941
chr11:20500000-21000000	chr11	0.150484	1.25789	0.185922	2	-0.957138	-1.07231	-0.968125	-1.0496	-1.10861	-1.04922
chr11:21000000-21500000	chr11	0.2746	1.03935	0.522862	0	-0.972833	-0.981009	-1.02202	-1.04767	-0.939802	-1.02198
chr11:21500000-22000000	chr11	0.248224	0.994558	0.315024	0	-1.05504	-1.08838	-1.14913	-1.2257	-1.13115	-1.15302
chr11:22000000-22500000	chr11	0.127592	0.853616	0.206483	2	-1.03594	-1.05134	-0.965583	-1.12219	-1.05642	-1.11561
chr11:22500000-23000000	chr11	0.0642219	0.602971	0.133626	4	-0.907304	-0.818889	-0.835292	-1.05748	-0.95536	-1.06249
chr11:23000000-23500000	chr11	-0.188173	0.229334	0.0183332	0	-1.03509	-1.01758	-1.11759	-1.11669	-1.16178	-1.05365
chr11:23500000-24000000	chr11	-0.325938	0.00510313	-0.187193	0	-1.08232	-1.01209	-1.08522	-1.16432	-1.22777	-1.25119
chr11:24000000-24500000	chr11	0.0863702	0.038839	0.165069	1	-1.1227	-1.03102	-1.05259	-1.21278	-1.16675	-1.22837
chr11:24500000-25000000	chr11	0.0425597	0.156054	0.183093	0	-1.1775	-0.955427	-1.04071	-1.28314	-1.05149	-1.13021
chr11:25000000-25500000	chr11	0.338659	0.581265	0.684257	0	-1.33398	-1.21968	-1.26528	-1.30558	-1.32766	-1.23911
chr11:25500000-26000000	chr11	-0.0289596	0.838252	0.378588	0	-1.02591	-1.08528	-1.0985	-1.01978	-1.06303	-1.14553
chr11:26000000-26500000	chr11	0.0963177	0.530718	0.099163	1	-0.963502	-0.79955	-0.885911	-0.900241	-0.997077	-0.908877
chr11:26500000-27000000	chr11	0.0824213	0.52974	-0.0556722	3	-0.964616	-0.941804	-0.816416	-1.11173	-0.877616	-0.979805
chr11:27000000-27500000	chr11	-0.00112695	-0.384659	0.00977801	3	-0.408418	-0.226275	-0.152907	-0.231386	-0.164152	-0.12265
chr11:27500000-28000000	chr11	-0.0843945	-0.275571	-0.12851	2	-1.08761	-1.05576	-1.12631	-1.06906	-0.865629	-1.07366
chr11:28000000-28500000	chr11	-0.280356	-0.60229	-0.0239392	2	-0.935931	-1.0264	-1.28725	-1.24864	-0.968162	-1.05187
chr11:28500000-29000000	chr11	-0.287648	-0.385234	-0.183446	0	-1.22527	-1.26123	-1.20472	-1.43075	-1.17864	-1.23766
chr11:29000000-29500000	chr11	-0.226743	-0.302551	-0.0141149	0	-1.08839	-1.1752	-1.07456	-1.21547	-1.21123	-1.13813
chr11:29500000-30000000	chr11	-0.0199158	0.866913	0.20943	0	-0.761052	-0.857945	-0.917431	-1.06168	-1.01274	-0.916911
chr11:30000000-30500000	chr11	0.134412	0.775976	0.0755219	3	-0.746864	-0.862138	-0.800188	-1.15942	-0.937902	-0.972159
chr11:30500000-31000000	chr11	-0.066277	0.863951	0.0408077	1	-0.519198	-0.55638	-0.568663	-0.771131	-0.640373	-0.596508
chr11:31000000-31500000	chr11	0.0146041	0.673841	-0.213476	2	-1.19119	-1.24368	-1.37748	-1.3717	-1.22071	-1.17719
chr11:31500000-32000000	chr11	-0.373331	0.517921	-0.281149	3	-1.12234	-1.22441	-1.17524	-1.03899	-1.13564	-1.13662
chr11:32000000-32500000	chr11	-0.302823	0.406224	-0.215572	2	-0.580257	-0.853734	-0.653606	-0.791051	-0.587538	-0.645356
chr11:32500000-33000000	chr11	-0.0980117	-0.284992	-0.133943	4	-0.463105	-0.480017	-0.386843	-0.521321	-0.178033	-0.296185
chr11:33000000-33500000	chr11	-0.0818861	-1.00337	0.0288731	5	0.58411	0.569739	0.498123	0.578963	0.556062	0.682514
chr11:33500000-34000000	chr11	0.0574534	-0.714765	-0.21064	4	0.702703	0.915121	0.649483	0.877075	0.789571	0.877309
chr11:34000000-34500000	chr11	-0.292345	-0.65934	-0.17018	4	1.081	1.12587	1.1555	1.18923	0.811693	0.863512
chr11:34500000-35000000	chr11	-0.0914809	-0.715334	-0.397354	4	0.131136	0.302794	-0.107757	0.178873	-0.0708113	0.0133567
chr11:35000000-35500000	chr11	-0.0210823	-0.731269	-0.259623	2	0.591653	0.869478	0.68763	0.796485	0.590136	0.555915
chr11:35500000-36000000	chr11	-0.337264	-0.320182	-0.322326	4	0.272803	-0.00174686	0.0674294	-0.171002	-0.125368	-0.0480529
chr11:36000000-36500000	chr11	-0.246223	-0.154668	-0.147308	2	-0.00825324	-0.0930537	0.100093	0.0513277	-0.0848722	-0.00668239
chr11:36500000-37000000	chr11	-0.112698	0.904452	-0.10895	4	-0.778737	-0.926294	-0.754181	-0.92024	-0.924028	-0.916701
chr11:37000000-37500000	chr11	0.229145	0.598689	0.19298	0	-1.08524	-1.00628	-0.945647	-1.06743	-0.97969	-1.02025
chr11:37500000-38000000	chr11	0.101168	-0.181444	0.21485	0	-1.12319	-1.19049	-1.18427	-1.04254	-1.17897	-1.11811
chr11:38000000-38500000	chr11	0.147588	0.165322	0.0700705	0	-1.13804	-0.885336	-1.12833	-1.21774	-1.15836	-1.27996
chr11:38500000-39000000	chr11	0.258774	0.125441	0.019911	0	-1.06581	-1.13166	-1.12521	-1.13003	-1.12448	-1.1813
chr11:39000000-39500000	chr11	0.386981	0.454552	0.18792	0	-1.11439	-1.13104	-1.25756	-1.10198	-1.28021	-1.20087
chr11:39500000-40000000	chr11	0.397354	0.711607	0.138349	0	-1.12945	-1.13074	-1.30086	-1.19273	-1.33567	-1.28797
chr11:40000000-40500000	chr11	-0.0279987	0.522303	0.317616	0	-0.831668	-0.881377	-0.951123	-0.904219	-1.00628	-1.03666
chr11:40500000-41000000	chr11	0.212584	0.671978	0.192924	0	-1.14121	-0.971629	-1.20618	-1.20805	-1.28733	-1.11466
chr11:41000000-41500000	chr11	0.0710523	0.438694	-0.00096317	1	-0.787769	-0.504961	-0.747789	-0.857532	-0.812395	-0.875202
chr11:41500000-42000000	chr11	-0.187592	0.576243	0.0987938	0	-1.29623	-1.3513	-1.32228	-1.35679	-1.29256	-1.26669
chr11:42000000-42500000	chr11	0.0110072	0.47063	0.0694774	0	-1.26565	-1.27396	-1.28367	-1.22631	-1.286	-1.25325
chr11:42500000-43000000	chr11	0.263131	0.906394	0.278713	0	-0.875902	-0.642649	-0.997227	-1.0053	-0.930898	-0.923557
chr11:43000000-43500000	chr11	-0.0921078	0.570943	0.0920152	2	-0.728436	-0.663266	-0.802239	-0.80267	-0.781157	-0.770694
chr11:43500000-44000000	chr11	-0.159508	-0.311566	-0.202386	3	0.318501	0.426814	0.344572	0.451574	0.211562	0.29137
chr11:44000000-44500000	chr11	-0.289517	0.120608	-0.277715	4	0.949	1.13619	0.921473	1.0268	0.876782	0.835839
chr11:44500000-45000000	chr11	-0.319235	0.198818	-0.347321	3	1.13247	1.22525	1.21133	1.3391	1.12915	1.02978
chr11:45000000-45500000	chr11	-0.298813	0.173659	-0.15546	2	1.40553	1.21852	1.46606	1.41592	1.18686	1.25478
chr11:45500000-46000000	chr11	-0.357888	0.178234	-0.0918558	7	1.44968	1.53248	1.4801	1.45088	1.29262	1.32629
chr11:46000000-46500000	chr11	-0.172306	-0.851648	0.0292094	5	1.46998	1.57852	1.25002	1.58823	1.22456	1.41095
chr11:46500000-47000000	chr11	0.159838	-1.11716	-0.238011	9	1.50647	1.61375	1.31033	1.40478	1.13432	1.48182
chr11:47000000-47500000	chr11	-0.036377	-0.799598	-0.0801424	11	1.30323	1.4781	1.36996	1.37707	1.14645	1.35506
chr11:47500000-48000000	chr11	-0.0754019	-0.703486	0.0637989	11	0.446558	0.593249	0.627228	0.669937	0.471401	0.74445
chr11:48000000-48500000	chr11	0.0218432	0.578912	-0.0458104	7	-0.857318	-0.859478	-0.763206	-0.916315	-0.839704	-0.69163
chr11:48500000-49000000	chr11	-0.0363595	1.01149	-0.123521	1	-1.05281	-1.15173	-1.00099	-1.01813	-1.1117	-1.02792
chr11:49000000-49500000	chr11	0.261714	0.669189	0.493081	3	-0.933519	-1.09452	-1.02095	-0.999706	-0.935911	-0.839498
chr11:49500000-50000000	chr11	0.136863	0.945628	0.20564	2	-1.07941	-1.10676	-1.02122	-1.01517	-1.05413	-0.989923
chr11:50000000-50500000	chr11	-0.103745	1.08807	-0.0232268	0	-1.05309	-1.06587	-1.13287	-1.04013	-1.09687	-1.01897
chr11:50500000-51000000	chr11	-0.326459	1.07737	0.335051	0	-1.03444	-0.925525	-1.00779	-0.990604	-1.12388	-0.96426
chr11:54500000-55000000	chr11	0.14951	0.854379	-0.00690705	2	-1.04686	-1.08887	-0.949662	-1.09563	-1.12887	-0.91521
chr11:55000000-55500000	chr11	0.104276	0.918029	0.0755908	3	-1.11175	-1.10213	-1.10561	-1.21872	-1.1861	-1.03991
chr11:55500000-56000000	chr11	0.191023	0.917968	0.324433	18	-1.13311	-1.22181	-1.14497	-1.23512	-1.18034	-1.08092
chr11:56000000-56500000	chr11	0.405732	0.752049	0.389209	19	-1.15227	-1.07084	-1.17895	-1.13257	-1.19969	-1.11513
chr11:56500000-57000000	chr11	0.109565	1.07286	0.253404	8	-1.01862	-0.951169	-0.951707	-0.890004	-1.08755	-0.960623
chr11:57000000-57500000	chr11	-0.0264294	0.651582	-0.289258	9	-0.170255	-0.178713	-0.134691	-0.185971	-0.151338	-0.0759287
chr11:57500000-58000000	chr11	0.00889754	0.363414	-0.194961	13	-0.154794	-0.0676755	-0.0701062	-0.110201	-0.15452	-0.0331108
chr11:58000000-58500000	chr11	0.119707	0.685387	-0.11864	12	-1.14576	-1.04318	-1.05357	-1.14843	-1.11025	-1.00695
chr11:58500000-59000000	chr11	0.161915	0.844558	0.0664575	7	-0.992555	-1.11448	-1.09608	-1.01378	-0.997327	-0.885565
chr11:59000000-59500000	chr11	0.0370424	1.3066	0.136948	10	-1.01736	-1.06199	-0.986332	-0.934261	-1.12705	-0.957503
chr11:59500000-60000000	chr11	0.15712	0.14788	-0.185574	12	-0.817281	-0.627136	-0.707798	-0.815068	-0.583058	-0.532217
chr11:60000000-60500000	chr11	0.115365	1.06031	0.144672	13	-1.10142	-1.01355	-1.1966	-1.23716	-1.12623	-0.99674
chr11:60500000-61000000	chr11	0.0655571	0.594839	-0.0204358	13	-0.601407	-0.503448	-0.35645	-0.437	-0.422629	-0.367246
chr11:61000000-61500000	chr11	-0.118964	-0.157221	-0.236885	14	1.00608	1.08486	1.0629	1.25992	1.01338	1.15589
chr11:61500000-62000000	chr11	-0.0195933	-0.499286	-0.0753721	12	1.40408	1.62885	1.46866	1.55966	1.30442	1.45394
chr11:62000000-62500000	chr11	-0.0931832	-0.39785	-0.30749	8	1.02449	1.03288	1.20306	1.12613	1.27557	1.24252
chr11:62500000-63000000	chr11	-0.186941	-0.585833	-0.194933	32	1.05763	1.20279	1.2465	1.29786	1.23792	1.349
chr11:63000000-63500000	chr11	-0.0150788	0.821231	-0.052717	6	0.146646	-0.167872	0.116235	-0.154696	0.355646	0.362204
chr11:63500000-64000000	chr11	0.123613	-0.566414	-0.209499	13	0.988275	0.960833	1.06279	1.12931	1.13563	1.15079
chr11:64000000-64500000	chr11	-0.268091	-0.512369	0.0603505	21	1.49578	1.45616	1.47324	1.51723	1.38505	1.42913
chr11:64500000-65000000	chr11	-0.0595296	-0.745054	0.051766	15	1.43309	1.57432	1.56891	1.45231	1.48126	1.3332
chr11:65000000-65500000	chr11	0.126057	-1.49405	0.385813	23	1.36845	1.53474	1.29157	1.39893	1.35712	1.50915
chr11:65500000-66000000	chr11	0.0335784	-1.19025	0.264518	26	1.33675	1.5329	1.27664	1.39897	1.30695	1.28625
chr11:66000000-66500000	chr11	0.0986049	-1.16365	0.111746	21	1.52748	1.36018	1.45638	1.39023	1.36371	1.38327
chr11:66500000-67000000	chr11	0.0406589	-0.987459	0.0100606	15	1.23911	1.32944	1.16777	1.34331	1.32768	1.32043
chr11:67000000-67500000	chr11	-0.192398	-0.886363	0.0023029	19	1.35317	1.31134	1.31696	1.37283	1.30979	1.41067
chr11:67500000-68000000	chr11	-0.337964	-0.511638	0.022335	9	1.32471	1.45491	1.23288	1.18344	1.38098	1.44075
chr11:68000000-68500000	chr11	0.0731898	-0.854279	-0.0650343	9	1.40404	0.925484	1.34217	1.23868	1.37512	1.43425
chr11:68500000-69000000	chr11	-0.145142	-0.75891	-0.0652508	6	1.35752	1.211	1.13201	1.24518	1.27831	1.28433
chr11:69000000-69500000	chr11	-0.142015	-0.590824	-0.131032	6	1.2105	1.33654	1.33236	1.26479	1.2479	1.17088
chr11:69500000-70000000	chr11	-0.260652	-0.523788	0.0187877	5	1.22307	1.1596	1.21066	1.29962	1.37576	1.19016
chr11:70000000-70500000	chr11	-0.36691	-0.306832	-0.16957	4	1.34427	1.2616	1.31483	1.12214	1.33274	1.3914
chr11:70500000-71000000	chr11	-0.324773	0.71736	0.0987758	0	1.23432	1.08571	1.18577	1.08886	1.20896	1.14458
chr11:71000000-71500000	chr11	-0.160754	0.428354	-0.120631	3	1.026	1.11677	1.13896	1.04242	1.29291	1.15021
chr11:71500000-72000000	chr11	-0.0947238	-0.23667	-0.283059	10	1.36718	1.01653	1.32248	1.3276	1.24653	1.36822
chr11:72000000-72500000	chr11	0.0655617	-0.865115	-0.0883324	11	1.51167	1.36166	1.31817	1.29181	1.41728	1.37611
chr11:72500000-73000000	chr11	-0.173804	-0.777833	0.184933	4	1.42705	1.42642	1.3011	1.22153	1.28919	1.42556
chr11:73000000-73500000	chr11	-0.0694679	-0.994795	-0.0832409	5	1.41837	1.39522	1.24914	1.33587	1.28806	1.25524
chr11:73500000-74000000	chr11	0.0217003	-1.14596	0.0588332	8	1.27169	1.02791	1.24478	1.08767	1.25507	1.28641
chr11:74000000-74500000	chr11	0.0935903	-1.21559	-0.0505355	7	1.16294	1.07625	0.988731	1.14343	1.18065	1.15688
chr11:74500000-75000000	chr11	-0.0583164	-0.761355	-0.172003	6	1.18403	0.789892	1.16449	0.88095	1.14948	1.15612
chr11:75000000-75500000	chr11	0.0318381	-0.696638	-0.191022	6	1.28525	1.27076	1.3628	1.34023	1.31436	1.24313
chr11:75500000-76000000	chr11	0.0419619	-0.866212	-0.13446	6	1.15946	1.25852	1.25034	1.18468	1.27412	1.30096
chr11:76000000-76500000	chr11	-0.139201	-0.785525	-0.162464	4	1.28297	1.34473	0.97673	0.965945	1.13927	1.18214
chr11:76500000-77000000	chr11	-0.0694	-0.814822	-0.0717632	3	1.17256	1.28339	0.944232	1.12429	1.07505	0.939058
chr11:77000000-77500000	chr11	-0.033442	-0.720277	-0.159756	6	0.924521	0.682667	0.872892	1.08124	0.937888	0.884672
chr11:77500000-78000000	chr11	0.0910769	-1.02578	-0.0776813	5	1.05178	1.08147	0.978813	0.994163	0.759258	0.957843
chr11:78000000-78500000	chr11	-0.00523674	-0.478407	-0.179464	7	0.684158	0.95268	0.634177	1.03539	0.720828	0.70857
chr11:78500000-79000000	chr11	-0.137603	0.186696	-0.274232	1	0.151102	0.137479	0.177403	0.0735865	0.292568	-0.157015
chr11:79000000-79500000	chr11	-0.14886	0.371152	-0.58282	1	0.239477	0.104619	0.304908	0.0706121	0.275772	0.0955857
chr11:79500000-80000000	chr11	0.359822	0.572988	0.0370244	0	-0.543493	0.30693	0.0376918	0.063369	-0.366359	-0.454394
chr11:80000000-80500000	chr11	0.481708	-0.0140859	-0.04515	0	-0.289705	0.13607	0.116089	0.0972619	-0.499829	-0.279636
chr11:80500000-81000000	chr11	0.342943	0.341976	0.0240768	0	-0.18608	0.362526	-0.109933	-0.150283	-0.571909	-0.230837
chr11:81000000-81500000	chr11	0.372047	0.607137	0.571886	0	-0.811058	-0.55344	-0.669211	-0.39307	-0.972412	-0.798084
chr11:81500000-82000000	chr11	0.135261	0.767695	0.53287	0	-1.15324	-1.24638	-1.29577	-1.27897	-1.41668	-1.3157
chr11:82000000-82500000	chr11	0.317393	0.941289	0.406842	0	-1.29916	-1.40926	-1.27427	-1.26952	-1.36703	-1.3447
chr11:82500000-83000000	chr11	0.018453	0.694575	0.0464882	3	-0.937253	-1.1117	-1.13496	-1.09156	-1.08052	-1.17274
chr11:83000000-83500000	chr11	-0.187794	0.650443	-0.20001	4	-0.883482	-0.827973	-0.623314	-0.42762	-0.62742	-0.685556
chr11:83500000-84000000	chr11	0.260045	0.937782	-0.0288205	0	-1.17883	-1.2377	-1.0763	-1.00456	-1.09224	-1.22295
chr11:84000000-84500000	chr11	0.361882	0.930957	0.205597	0	-1.42621	-1.3955	-1.39824	-1.46373	-1.42274	-1.35553
chr11:84500000-85000000	chr11	0.325088	0.65847	0.127909	0	-1.34171	-1.34982	-1.13027	-1.28613	-1.15113	-1.28138
chr11:85000000-85500000	chr11	0.0707417	0.972061	0.0840642	0	-1.40213	-1.40629	-1.39423	-1.36675	-1.28225	-1.33229
chr11:85500000-86000000	chr11	0.153513	-0.472685	-0.176024	7	-0.325064	-0.474111	-0.502974	-0.351149	-0.228079	-0.486387
chr11:86000000-86500000	chr11	0.169772	-0.95604	-0.199246	4	0.306962	0.0221243	0.0950362	0.226397	0.581533	0.383064
chr11:86500000-87000000	chr11	0.000605912	-0.350845	-0.158936	3	-0.0470032	0.24529	0.301665	0.321073	0.0731876	0.0871369
chr11:87000000-87500000	chr11	0.135375	-0.104446	-0.191998	1	-0.496847	-0.532093	-0.445186	-0.450316	-0.39523	-0.585181
chr11:87500000-88000000	chr11	0.14525	0.933661	0.0704838	0	-1.32948	-1.218	-1.34006	-1.28158	-1.19395	-1.22508
chr11:88000000-88500000	chr11	0.022947	0.407889	-0.0574823	2	-1.20565	-1.14165	-1.31308	-1.33538	-1.14644	-1.19081
chr11:88500000-89000000	chr11	0.268966	0.666354	0.0685914	0	-1.21336	-1.3995	-1.35518	-1.477	-1.34209	-1.36367
chr11:89000000-89500000	chr11	-0.158002	0.272833	0.158514	3	-1.18381	-1.07312	-1.25336	-1.22316	-1.14286	-1.30427
chr11:89500000-90000000	chr11	0.0657205	0.957142	0.111973	6	-1.0646	-1.24569	-1.13947	-1.11646	-1.02584	-1.26139
chr11:90000000-90500000	chr11	0.176439	0.627407	0.256957	4	-0.943875	-0.974913	-0.882173	-0.886518	-0.903451	-1.04539
chr11:90500000-91000000	chr11	0.110908	0.490625	0.284588	0	-0.898506	-1.01878	-1.18274	-1.09809	-1.21073	-1.14706
chr11:91000000-91500000	chr11	0.284333	-0.2704	0.0333353	0	-0.748027	-0.986658	-0.844253	-0.707299	-0.946494	-1.00303
chr11:91500000-92000000	chr11	0.24784	0.527227	0.147618	0	-0.719639	-0.784674	-0.941426	-0.851371	-1.02288	-0.973377
chr11:92000000-92500000	chr11	0.0171761	0.272907	-0.114042	1	-0.493199	-0.397108	-0.509638	-0.237506	-0.655373	-0.771796
chr11:92500000-93000000	chr11	0.17012	0.512889	0.164632	1	-0.240316	-0.64822	-0.443807	-0.0310921	-0.558196	-0.839699
chr11:93000000-93500000	chr11	-0.00440317	0.317611	0.0482109	2	-0.671034	-0.827024	-0.72361	-0.741465	-0.50278	-0.818392
chr11:93500000-94000000	chr11	-0.206071	0.0575556	0.0133753	6	-0.446675	-0.735231	-0.491513	-0.725717	-0.327253	-0.38061
chr11:94000000-94500000	chr11	-0.170608	0.539683	-0.357375	6	-1.00692	-0.973334	-0.892155	-1.18102	-0.998966	-0.78634
chr11:94500000-95000000	chr11	-0.203649	-0.00724208	-0.482954	6	-0.225379	-0.290279	-0.429071	-0.157548	0.0555162	-0.171768
chr11:95000000-95500000	chr11	0.00823311	-0.0417938	-0.27635	5	-0.527205	-0.471796	-0.387929	-0.17585	-0.443988	-0.226467
chr11:95500000-96000000	chr11	-0.273333	-0.44431	-0.301619	3	-0.594758	-0.667453	-0.486182	-0.180141	-0.461684	-0.708734
chr11:96000000-96500000	chr11	0.0516322	-0.856928	-0.411512	3	-0.450661	-0.317871	-0.228804	-0.243725	-0.407455	-0.449349
chr11:96500000-97000000	chr11	0.258655	0.331028	0.0812026	0	-0.586274	-0.341244	-0.410695	-0.34847	-0.743077	-0.59418
chr11:97000000-97500000	chr11	0.256576	0.397579	0.161377	0	-0.664943	-0.447668	-0.60212	-0.30654	-0.849727	-0.500217
chr11:97500000-98000000	chr11	-3.4505e-05	-0.0893692	-0.0650884	0	-1.01764	-0.82101	-0.90756	-0.589319	-1.08203	-0.722524
chr11:98000000-98500000	chr11	-0.108867	0.440695	-0.0379923	0	-0.840371	-0.804918	-0.88173	-0.594067	-1.11905	-0.774487
chr11:98500000-99000000	chr11	0.475642	0.461713	0.10947	0	-1.01612	-0.778049	-0.908997	-0.881441	-1.23079	-0.72538
chr11:99000000-99500000	chr11	-0.0505849	0.118764	0.114253	1	-0.990702	-0.96936	-0.982534	-0.92175	-1.12008	-1.10806
chr11:99500000-100000000	chr11	0.170258	0.300195	0.394933	0	-1.0175	-1.05921	-0.919217	-1.06264	-1.0591	-1.10347
chr11:100000000-100500000	chr11	0.255371	0.541647	-0.0640851	0	-0.929123	-0.818622	-0.988316	-0.704934	-0.930132	-0.985196
chr11:100500000-101000000	chr11	-0.0881454	-0.517969	-0.122903	1	-0.36933	-0.176871	-0.207058	-0.167932	-0.223357	-0.377674
chr11:101000000-101500000	chr11	0.253761	0.651179	0.16631	1	-1.23331	-1.16075	-1.11138	-1.12221	-1.18298	-1.18799
chr11:101500000-102000000	chr11	0.0587103	0.468968	-0.0973085	3	-1.21404	-1.15168	-1.23497	-1.17625	-1.19899	-1.2517
chr11:102000000-102500000	chr11	-0.0129165	-0.786491	-0.233568	5	-0.198527	-0.313875	-0.461325	-0.132548	-0.150002	-0.296127
chr11:102500000-103000000	chr11	-0.0839498	-0.395379	-0.474769	9	-1.02953	-1.21359	-1.10708	-1.12934	-1.03904	-1.07438
chr11:103000000-103500000	chr11	-0.163716	-0.603292	-0.333422	2	-1.26977	-1.17259	-1.12474	-1.28155	-1.07451	-1.17755
chr11:103500000-104000000	chr11	-0.131446	-0.281439	-0.247082	0	-0.678184	-0.751894	-0.757245	-0.653526	-0.735735	-0.941727
chr11:104000000-104500000	chr11	0.15263	-0.622022	-0.535236	2	-0.624026	-0.691258	-0.534927	-0.769457	-0.726593	-0.84581
chr11:104500000-105000000	chr11	-0.0947201	-0.715373	-0.390536	1	-0.543735	-0.734187	-0.759809	-0.636366	-0.902527	-1.00674
chr11:105000000-105500000	chr11	-0.00557712	-0.378636	-0.200064	4	-0.514953	-0.579373	-0.838745	-0.59776	-0.96435	-0.915058
chr11:105500000-106000000	chr11	0.175396	-0.364539	-0.130284	1	-0.890096	-0.847974	-0.819554	-0.71078	-0.875324	-1.01025
chr11:106000000-106500000	chr11	-0.136963	-0.213276	-0.167949	3	-1.14585	-1.24907	-0.942588	-0.740627	-1.10575	-1.11517
chr11:106500000-107000000	chr11	-0.389301	-0.17395	-0.36525	0	-1.0899	-1.11789	-1.02081	-0.997302	-1.18147	-1.22755
chr11:107000000-107500000	chr11	-0.247135	0.47874	-0.241594	2	-1.24476	-1.28306	-1.25753	-1.14532	-1.24725	-1.2739
chr11:107500000-108000000	chr11	-0.313165	-0.0794253	-0.270349	5	-0.828488	-0.931395	-0.742814	-0.907695	-0.657921	-0.868906
chr11:108000000-108500000	chr11	-0.305288	-0.318524	-0.34078	6	-0.273835	-0.0898436	-0.0714268	-0.413396	-0.166548	-0.230817
chr11:108500000-109000000	chr11	-0.0942081	-0.634869	-0.225358	2	-0.471756	-0.719155	-0.521398	-0.915248	-0.503537	-0.597828
chr11:109000000-109500000	chr11	0.0655876	0.013152	-0.211153	1	-0.864366	-1.10623	-1.07503	-1.14639	-1.02919	-0.997551
chr11:109500000-110000000	chr11	0.137866	0.0653917	-0.028473	0	-0.75143	-1.09203	-1.0172	-0.984924	-0.854006	-1.03007
chr11:110000000-110500000	chr11	-0.240822	-0.395836	-0.229107	3	-0.279543	-0.406112	-0.297682	-0.174709	-0.248083	-0.397528
chr11:110500000-111000000	chr11	0.304865	0.790251	0.172314	1	-1.00163	-0.959134	-1.1292	-1.01426	-1.04099	-0.993341
chr11:111000000-111500000	chr11	0.121758	0.665744	-0.201348	3	-0.653568	-0.709085	-0.820463	-0.462805	-0.712889	-0.75386
chr11:111500000-112000000	chr11	0.0588173	-0.776119	-0.191443	12	0.537109	0.585987	0.711223	0.704647	0.64437	0.495618
chr11:112000000-112500000	chr11	0.0676814	-0.213009	-0.0495765	10	1.07864	0.732671	1.27436	0.932949	0.830065	0.865824
chr11:112500000-113000000	chr11	0.218365	0.62682	-0.0470976	1	1.01482	1.00676	1.00154	0.660833	0.875285	0.7731
chr11:113000000-113500000	chr11	-0.0484742	0.538807	-0.437212	3	0.647054	0.961045	1.04869	0.813417	0.781382	0.718042
chr11:113500000-114000000	chr11	0.0760662	0.0386347	-0.240819	6	1.18404	0.976682	1.04639	1.10943	1.20427	1.06174
chr11:114000000-114500000	chr11	-0.0737086	0.174785	-0.304043	5	1.01163	0.892054	1.00369	1.00852	1.31559	1.00582
chr11:114500000-115000000	chr11	-0.0922185	0.578169	0.104211	3	0.661705	0.420674	0.620977	0.341664	0.776235	0.445392
chr11:115000000-115500000	chr11	0.119615	-0.0933265	-0.119006	0	1.02229	0.781355	1.00779	0.872606	0.923509	0.981635
chr11:115500000-116000000	chr11	-0.0462502	-0.0695207	-0.195287	1	1.34845	1.27791	1.05655	1.15547	1.01829	1.11258
chr11:116000000-116500000	chr11	-0.164914	0.60197	-0.291471	0	1.01273	1.05293	1.14554	0.927901	1.20987	1.2534
chr11:116500000-117000000	chr11	-0.319841	-0.0649012	-0.365394	6	1.32175	1.21091	1.34854	1.1008	1.29033	1.36542
chr11:117000000-117500000	chr11	-0.0800427	-0.580899	-0.372053	9	1.50163	1.41771	1.42551	1.36066	1.41635	1.31646
chr11:117500000-118000000	chr11	-0.275726	0.109864	-0.60539	5	1.355	1.23959	1.32141	1.22692	1.49271	1.37272
chr11:118000000-118500000	chr11	-0.126279	-0.589212	-0.393017	13	1.38816	1.14091	1.51288	1.36425	1.44236	1.41021
chr11:118500000-119000000	chr11	0.0357042	-0.984865	0.041267	12	1.43743	1.18037	1.38611	1.21605	1.33387	1.38351
chr11:119000000-119500000	chr11	-0.0762269	-1.12538	5.19943e-05	21	1.42413	1.40271	1.40583	1.35392	1.40296	1.26917
chr11:119500000-120000000	chr11	-0.381688	-0.088112	-0.278523	1	1.35604	1.33199	1.24314	1.27995	1.38194	1.33775
chr11:120000000-120500000	chr11	-0.0308564	-0.841969	-0.0587672	5	1.49044	1.11019	1.08194	1.09705	1.3906	1.33196
chr11:120500000-121000000	chr11	-0.30008	0.0245465	-0.362104	1	1.27601	1.09756	1.35053	1.07614	1.30239	1.14586
chr11:121000000-121500000	chr11	-0.332134	-0.200485	-0.41657	5	1.04441	1.16384	1.11482	0.998562	1.16916	0.946492
chr11:121500000-122000000	chr11	-0.337526	-0.565137	-0.248591	0	0.886	0.707757	0.660072	0.603568	0.918678	0.812744
chr11:122000000-122500000	chr11	0.0223908	-0.927807	-0.269738	1	0.78813	0.826587	0.463697	0.377637	0.860583	0.950565
chr11:122500000-123000000	chr11	-0.198634	-0.48098	-0.382676	4	0.884093	0.7469	0.916893	0.877736	0.807047	0.94028
chr11:123000000-123500000	chr11	-0.0010425	-0.339319	-0.3854	3	0.729985	0.916278	0.886732	0.676944	0.716653	0.966666
chr11:123500000-124000000	chr11	-0.125292	0.899928	-0.285537	10	-0.638182	-0.610569	-0.894435	-0.681155	-0.430626	-0.400826
chr11:124000000-124500000	chr11	0.0576276	1.02049	0.0336256	14	-1.20571	-1.16526	-1.25412	-1.3141	-1.02058	-1.15025
chr11:124500000-125000000	chr11	-0.0154239	0.454032	-0.0755945	15	-0.778802	-0.656295	-0.701717	-0.593398	-0.442144	-0.350065
chr11:125000000-125500000	chr11	-0.476747	0.631628	-0.273412	4	-0.31008	-0.0108298	0.0246	0.287021	0.544836	0.378567
chr11:125500000-126000000	chr11	-0.123305	0.595	-0.0608661	12	-0.642801	-0.765486	-0.707838	-0.512177	-0.332092	-0.134382
chr11:126000000-126500000	chr11	-0.242008	0.521756	-0.308439	8	0.455177	0.612632	0.755963	0.706307	0.84518	0.987722
chr11:126500000-127000000	chr11	-0.0127005	1.36232	-0.305122	0	0.529004	0.74889	0.551748	0.838703	0.676283	0.85815
chr11:127000000-127500000	chr11	0.0930644	1.24616	-0.044358	1	0.00613152	0.30425	0.34552	0.154483	0.267304	0.421735
chr11:127500000-128000000	chr11	0.218571	0.61386	0.29636	0	-0.458722	-0.0131089	0.042674	0.215698	0.00712399	0.244745
chr11:128000000-128500000	chr11	-0.119276	-0.525502	-0.256971	0	0.321208	0.585654	0.621974	0.710081	0.838481	0.765035
chr11:128500000-129000000	chr11	-0.26085	-0.0441362	0.0423151	5	0.82769	0.961849	0.820688	0.701269	1.11798	0.793338
chr11:129000000-129500000	chr11	-0.111672	0.22051	0.0468344	2	0.389461	0.492559	0.468126	0.548194	0.645663	0.77928
chr11:129500000-130000000	chr11	-0.222206	0.424701	-0.0716803	2	0.471893	0.743965	0.743724	0.80217	0.686638	1.03829
chr11:130000000-130500000	chr11	-0.238865	-0.193641	-0.402098	6	0.924888	0.790907	0.951762	1.08233	1.26382	1.29906
chr11:130500000-131000000	chr11	-0.0950363	-0.15872	-0.264208	1	1.2031	1.0816	1.15056	0.896199	1.0774	0.976177
chr11:131000000-131500000	chr11	0.118806	1.31968	0.130027	1	0.749412	0.889048	0.997534	0.972767	0.900451	0.854303
chr11:131500000-132000000	chr11	-0.0314625	0.547591	-0.278146	0	1.14341	0.988072	1.03736	0.652389	0.911001	1.15683
chr11:132000000-132500000	chr11	-0.101477	0.716787	0.0405306	0	0.962031	1.03196	0.919749	0.829565	0.892599	0.876039
chr11:132500000-133000000	chr11	0.0384315	0.442845	-0.0684791	0	0.99797	0.946842	1.02756	0.623663	0.820641	0.883502
chr11:133000000-133500000	chr11	0.279189	1.29999	-0.0742362	0	0.778605	0.812488	0.827292	0.978065	0.785502	0.925254
chr11:133500000-134000000	chr11	0.00102703	1.4308	0.181713	3	0.907975	1.23417	1.12042	1.07444	1.19928	0.993977
chr11:134000000-134500000	chr11	-0.117463	0.948935	0.0438535	8	1.37468	1.4157	1.12965	1.13316	1.09213	1.36405
chr12:3000000-3500000	chr12	-0.0631388	0.0168514	-0.162142	2	1.40651	1.24385	1.20873	1.20145	1.46534	1.30392
chr12:3500000-4000000	chr12	-0.0931262	0.0440033	-0.203121	2	1.26497	1.14836	1.05655	1.15303	1.286	1.15672
chr12:4000000-4500000	chr12	0.0543814	-0.0204409	-0.28497	4	1.29709	1.28409	1.12609	1.22568	1.30832	1.2345
chr12:4500000-5000000	chr12	-0.141498	0.293486	-0.138693	8	1.37181	1.42501	1.17858	1.10963	1.22584	1.20991
chr12:5000000-5500000	chr12	-0.139151	0.317983	-0.164572	2	1.2849	1.13452	1.19884	1.21155	1.28926	1.20255
chr12:5500000-6000000	chr12	-0.25675	0.469724	-0.195962	1	1.22234	1.23594	1.42674	1.18823	1.16369	1.33822
chr12:6000000-6500000	chr12	-0.0973384	-0.439233	-0.197524	11	1.5488	1.58157	1.55376	1.63355	1.62132	1.48839
chr12:6500000-7000000	chr12	0.136828	-0.841982	0.0892624	29	1.70141	1.67815	1.55486	1.80401	1.58078	1.61024
chr12:7000000-7500000	chr12	0.0554011	0.152004	0.0891936	9	0.558936	0.644992	0.747694	0.708348	0.729461	0.801894
chr12:7500000-8000000	chr12	0.159096	-0.00167525	0.0483798	9	0.836963	0.769465	0.889853	0.893132	1.00209	0.996079
chr12:8000000-8500000	chr12	-0.192388	0.410941	-0.274659	7	0.638074	0.856717	0.803521	0.922617	0.870002	0.880055
chr12:8500000-9000000	chr12	0.0549721	0.528505	-0.394102	9	0.210137	0.0443422	0.0682453	0.510569	0.460596	0.309107
chr12:9000000-9500000	chr12	-0.148377	1.01507	-0.049069	2	-1.05458	-0.84446	-0.858609	-0.7273	-0.59586	-0.791088
chr12:9500000-10000000	chr12	-0.269945	0.482005	-0.145288	10	-0.993394	-1.00898	-0.809788	-0.690685	-0.746148	-0.574894
chr12:10000000-10500000	chr12	-0.27256	0.0434587	0.0815965	13	-1.04234	-0.813016	-0.908269	-0.981699	-0.629437	-0.779024
chr12:10500000-11000000	chr12	-0.257752	-0.105409	-0.177408	15	-1.0295	-1.05539	-1.04898	-1.02061	-0.95919	-1.03284
chr12:11000000-11500000	chr12	-0.205008	0.676164	0.00488668	10	-1.09137	-1.15369	-1.09528	-1.02889	-1.06341	-1.1175
chr12:11500000-12000000	chr12	0.0895304	-0.518768	-0.258955	1	0.140527	0.0762377	0.310266	0.150423	0.339621	0.0416163
chr12:12000000-12500000	chr12	-0.0656599	-0.705985	-0.295419	4	0.799566	0.549936	0.109372	0.868882	0.500774	0.715616
chr12:12500000-13000000	chr12	0.111537	-0.999099	-0.0582365	8	0.968855	1.19225	0.578049	0.779243	0.728817	0.717936
chr12:13000000-13500000	chr12	0.0811779	0.150507	-0.146342	4	0.377253	0.300932	0.229051	0.19701	0.286743	0.117925
chr12:13500000-14000000	chr12	0.183899	1.02258	0.212044	1	-0.518089	-0.416553	-0.564479	-0.404201	-0.355139	-0.285144
chr12:14000000-14500000	chr12	0.24982	-0.115892	0.143756	1	-0.474711	-0.333191	-0.502605	-0.539694	-0.30157	-0.17844
chr12:14500000-15000000	chr12	-0.0488441	0.28014	-0.0760091	12	-0.529504	-0.576424	-0.646254	-0.760107	-0.495262	-0.683076
chr12:15000000-15500000	chr12	0.105755	0.712439	0.237414	2	-1.09612	-0.952854	-0.982057	-1.02782	-1.19648	-1.21517
chr12:15500000-16000000	chr12	-0.270938	-0.266324	-0.0172778	3	-0.559578	-0.600065	-0.515751	-0.727455	-0.764335	-0.784007
chr12:16000000-16500000	chr12	-0.0926869	0.798222	-0.0291892	2	-0.814076	-0.445521	-0.490499	-0.577983	-0.92978	-0.956182
chr12:16500000-17000000	chr12	0.193338	0.60887	0.380399	1	-0.938577	-0.496962	-0.644925	-0.896792	-0.886943	-0.873524
chr12:17000000-17500000	chr12	0.0825132	0.868111	0.545108	0	-1.07825	-0.797824	-0.949181	-0.949501	-1.17005	-1.11301
chr12:17500000-18000000	chr12	0.263752	0.719313	0.359136	0	-1.03436	-0.75932	-0.936456	-0.889287	-1.16058	-1.19699
chr12:18000000-18500000	chr12	-0.0906185	0.263633	0.0127011	2	-0.438578	-0.526986	-0.628808	-0.448061	-0.787745	-0.923459
chr12:18500000-19000000	chr12	-0.0137099	0.0605655	-0.015341	2	-0.028214	0.0213511	-0.147668	-0.21015	-0.25694	-0.522067
chr12:19000000-19500000	chr12	-0.239606	-0.324577	-0.0819133	2	0.51065	0.366692	0.475504	0.187415	-0.0317391	0.165577
chr12:19500000-20000000	chr12	-0.134741	0.238827	-0.0589919	0	-0.700189	-0.735565	-0.90422	-0.467984	-0.828861	-0.868618
chr12:20000000-20500000	chr12	0.162352	0.0747474	0.26037	1	-0.396197	-0.712988	-0.731583	-0.556879	-0.749856	-0.740616
chr12:20500000-21000000	chr12	-0.0907705	0.869736	0.303915	2	-0.815241	-0.972452	-0.799669	-1.03126	-1.12688	-1.13002
chr12:21000000-21500000	chr12	0.320972	0.662621	0.102499	4	-1.15004	-0.875233	-0.962519	-1.04173	-1.12396	-1.16793
chr12:21500000-22000000	chr12	-0.0558622	0.66056	0.267219	7	-0.907339	-0.889998	-0.695633	-0.911493	-0.727984	-1.04396
chr12:22000000-22500000	chr12	0.148789	0.462843	0.123343	2	-0.379594	-0.302022	-0.474772	-0.284194	-0.748587	-0.63599
chr12:22500000-23000000	chr12	0.124083	0.288628	0.0454063	2	-0.425768	-0.110774	-0.311067	-0.213336	-0.310656	-0.343746
chr12:23000000-23500000	chr12	-0.0319807	0.849652	0.09454	0	-0.818911	-0.868031	-0.904972	-0.794523	-1.00718	-1.09707
chr12:23500000-24000000	chr12	-0.229532	0.325677	0.212011	1	-0.812204	-0.801237	-0.913298	-0.86493	-0.931413	-0.86407
chr12:24000000-24500000	chr12	-0.104012	0.04883	-0.116262	0	-0.483957	-0.584382	-0.543085	-0.585363	-0.668832	-0.726031
chr12:24500000-25000000	chr12	0.118102	-0.538045	-0.178731	1	-0.110791	0.000788921	-0.142225	0.0103579	-0.380299	-0.190417
chr12:25000000-25500000	chr12	-0.0688388	-0.726902	-0.0233773	4	0.202078	0.188202	0.0843466	-0.133474	-0.0679435	-0.13385
chr12:25500000-26000000	chr12	-0.0569367	-0.599584	-0.0241058	2	-0.370521	-0.314197	-0.189014	0.00233185	-0.185553	0.0214355
chr12:26000000-26500000	chr12	-0.113125	-0.646535	-0.0879621	2	-0.384482	0.0422285	-0.230295	0.0229818	-0.24277	-0.446897
chr12:26500000-27000000	chr12	-0.256975	-0.84029	-0.18744	3	0.0194319	0.154064	-0.0659281	0.215795	0.142977	-0.160462
chr12:27000000-27500000	chr12	0.0422734	-1.04311	-0.177245	6	0.216538	-0.0374747	-0.0170941	-0.0560311	0.225928	0.196811
chr12:27500000-28000000	chr12	0.059857	-0.919471	-0.268187	6	-0.189198	-0.412787	-0.113404	-0.246152	-0.322626	-0.357281
chr12:28000000-28500000	chr12	-0.0814367	-0.480649	-0.0204613	1	-1.15432	-1.1073	-1.16884	-1.12703	-1.25273	-1.13048
chr12:28500000-29000000	chr12	-0.171547	0.110419	-0.188851	0	-1.21492	-1.14149	-1.17471	-1.25616	-1.3418	-1.21985
chr12:29000000-29500000	chr12	-0.167979	0.232593	-0.112777	3	-0.911745	-1.03811	-0.937704	-0.902031	-0.937976	-0.981421
chr12:29500000-30000000	chr12	-0.216955	0.490448	-0.179789	1	-0.602586	-0.63711	-0.607701	-0.555774	-0.534462	-0.618293
chr12:30000000-30500000	chr12	-0.0593181	0.720034	0.015573	0	-1.00407	-0.908433	-0.924508	-1.01612	-1.03778	-0.765233
chr12:30500000-31000000	chr12	-0.242525	0.457669	-0.0988135	3	-0.268283	-0.431831	-0.38053	-0.200302	-0.415513	-0.269192
chr12:31000000-31500000	chr12	-0.272355	-0.0548286	-0.168836	2	0.678649	0.517782	0.456266	0.608992	0.555318	0.751076
chr12:31500000-32000000	chr12	0.00922613	-0.55922	-0.23003	5	0.832018	0.864232	0.81572	0.798539	0.651973	0.839036
chr12:32000000-32500000	chr12	0.0962665	-0.726059	-0.274033	2	0.748919	0.700411	0.653459	0.808267	0.665064	0.79742
chr12:32500000-33000000	chr12	-0.0628764	-0.242685	-0.15361	3	0.121219	0.358216	0.159821	0.286535	0.327386	0.408127
chr12:33000000-33500000	chr12	-0.0718616	0.925852	0.405591	1	-0.939475	-0.896831	-1.01107	-0.877943	-0.959885	-0.764404
chr12:33500000-34000000	chr12	0.037272	0.60154	0.341383	0	-1.056	-1.11907	-0.994056	-1.03997	-1.09127	-0.923597
chr12:34000000-34500000	chr12	-0.139922	1.30985	0.12694	1	-0.824043	-0.737604	-0.696549	-0.709823	-0.728862	-0.581342
chr12:37500000-38000000	chr12	0.0584864	1.07842	0.387948	0	-0.997637	-0.856719	-1.00261	-0.932348	-0.881517	-0.899553
chr12:38000000-38500000	chr12	0.281255	0.928013	0.590604	1	-1.23395	-0.997647	-1.1702	-1.23922	-1.02672	-1.03483
chr12:38500000-39000000	chr12	0.207249	0.862577	0.353046	1	-1.05348	-1.11192	-1.0727	-1.13419	-1.17712	-1.18996
chr12:39000000-39500000	chr12	0.332232	0.361768	0.301697	1	-0.755183	-0.96109	-0.865552	-1.0009	-0.959902	-0.946107
chr12:39500000-40000000	chr12	0.136073	0.816327	0.286183	2	-1.18649	-1.25285	-1.17707	-1.21159	-1.1844	-1.21076
chr12:40000000-40500000	chr12	0.455629	0.708562	0.338772	3	-1.19897	-1.18776	-1.20761	-1.20191	-1.24434	-1.24754
chr12:40500000-41000000	chr12	0.379897	0.676272	0.429428	1	-1.10544	-1.20757	-1.26063	-1.26403	-1.21521	-1.28658
chr12:41000000-41500000	chr12	0.243847	0.518404	0.428941	1	-0.538587	-0.548078	-0.519115	-0.434393	-0.595124	-0.775342
chr12:41500000-42000000	chr12	0.141043	0.669389	0.121023	0	-0.300834	-0.340799	-0.251778	-0.193228	-0.32412	-0.320241
chr12:42000000-42500000	chr12	0.0142949	-0.473852	-0.202679	4	0.394478	0.236993	0.152566	0.316648	0.148775	0.0500633
chr12:42500000-43000000	chr12	-0.0795526	-0.528775	0.0993919	1	0.515747	0.199746	0.372744	0.406721	0.338007	0.336226
chr12:43000000-43500000	chr12	-0.139207	-0.47619	-0.00416153	0	-0.143677	0.0761031	-0.0910165	-0.107656	-0.193092	-0.24361
chr12:43500000-44000000	chr12	0.240624	-0.135331	0.15935	5	-0.84824	-0.889202	-0.8986	-0.911045	-0.666655	-0.750553
chr12:44000000-44500000	chr12	-0.143225	1.04071	0.0650888	0	-1.1868	-1.2789	-1.31347	-1.29452	-1.26881	-1.27584
chr12:44500000-45000000	chr12	0.209387	0.667524	0.195824	1	-0.991856	-0.962026	-1.18156	-1.16516	-0.975816	-1.05358
chr12:45000000-45500000	chr12	0.0149187	-0.352224	0.00545709	2	-0.815475	-0.744569	-0.664813	-0.630934	-0.428292	-0.527372
chr12:45500000-46000000	chr12	0.177969	-0.911507	-0.287067	2	-0.304197	-0.455929	-0.459662	-0.334889	-0.0788479	0.0996467
chr12:46000000-46500000	chr12	0.0114757	-1.12788	0.189294	2	-0.147735	-0.248127	-0.164654	-0.241191	0.208448	0.123887
chr12:46500000-47000000	chr12	-0.0409354	-0.882374	0.139063	1	-0.764622	-0.796121	-0.716844	-0.76252	-0.381667	-0.461249
chr12:47000000-47500000	chr12	-0.108155	-0.896978	0.116061	2	-0.685677	-0.826238	-0.736387	-0.77027	-0.268404	-0.339489
chr12:47500000-48000000	chr12	-0.232756	-0.395316	-0.222459	7	0.252643	0.155119	0.0886053	0.245185	0.707608	0.539576
chr12:48000000-48500000	chr12	-0.26375	-0.165786	-0.0232094	10	0.242526	-0.0578515	0.0767287	-0.0697756	0.735969	0.65783
chr12:48500000-49000000	chr12	0.0807943	-0.664463	-0.0966864	16	0.828937	0.794757	0.662047	0.779658	1.16561	1.27925
chr12:49000000-49500000	chr12	0.114854	-1.27511	0.111629	13	1.58388	1.66708	1.52039	1.57153	1.3858	1.5624
chr12:49500000-50000000	chr12	0.0455641	-0.949136	0.156828	12	1.579	1.76732	1.50507	1.65787	1.50204	1.61715
chr12:50000000-50500000	chr12	0.287435	-1.27373	0.155841	9	1.50212	1.63875	1.43577	1.56366	1.39602	1.47153
chr12:50500000-51000000	chr12	0.341259	-1.37947	-0.223038	5	1.46067	1.50964	1.24007	1.25821	1.39847	1.39405
chr12:51000000-51500000	chr12	0.158892	-1.01574	0.0546102	11	1.38958	1.33631	1.37801	1.27885	1.41494	1.49617
chr12:51500000-52000000	chr12	0.128601	-0.964354	0.0438964	6	1.48856	1.44083	1.461	1.37893	1.43574	1.38936
chr12:52000000-52500000	chr12	-0.117607	-0.603939	0.00396976	16	1.55564	1.58465	1.44446	1.57549	1.46285	1.4131
chr12:52500000-53000000	chr12	-0.0490147	-0.442182	-0.134696	15	1.45731	1.48789	1.41054	1.56281	1.38492	1.52163
chr12:53000000-53500000	chr12	-0.00934112	-0.991377	0.118435	21	1.54006	1.58199	1.58452	1.54784	1.42393	1.5342
chr12:53500000-54000000	chr12	0.047955	-0.554746	0.0997475	11	0.0255012	0.0876925	0.0613325	-0.154677	1.18146	1.01869
chr12:54000000-54500000	chr12	-0.086833	-0.21934	0.0928149	15	0.499384	0.45929	0.361988	0.514401	1.13162	1.22406
chr12:54500000-55000000	chr12	0.151574	0.976983	0.253377	6	-0.702656	-0.557859	-0.615332	-0.619239	-0.283572	-0.15344
chr12:55000000-55500000	chr12	-0.0648935	0.919672	0.539027	13	-1.07165	-1.22807	-1.10187	-1.09474	-0.799995	-0.694024
chr12:55500000-56000000	chr12	0.169189	-0.161238	0.0484357	19	0.0731079	0.161989	0.072487	0.157982	0.507189	0.56328
chr12:56000000-56500000	chr12	0.222747	-1.07652	0.113277	25	1.426	1.38261	1.30713	1.40449	1.37507	1.3961
chr12:56500000-57000000	chr12	0.159002	-0.894815	-0.0932297	10	0.796648	0.640043	0.761263	0.595814	0.816036	1.15978
chr12:57000000-57500000	chr12	0.0617956	-0.836942	0.0663283	18	1.38605	1.44359	1.4029	1.49868	1.32249	1.3715
chr12:57500000-58000000	chr12	0.0371389	-0.451197	-0.136852	21	0.853438	0.629985	0.668627	0.565889	0.821842	0.941677
chr12:58000000-58500000	chr12	-0.0690455	0.163469	-0.198487	0	-1.12399	-1.15232	-1.05879	-1.07756	-1.07953	-1.05064
chr12:58500000-59000000	chr12	0.00587092	-0.370944	-0.0348616	1	-0.777894	-0.930914	-0.97238	-0.869603	-1.05264	-1.00605
chr12:59000000-59500000	chr12	-0.215225	0.204327	-0.0289589	0	-0.907819	-0.88187	-0.861352	-0.840665	-0.876474	-0.907954
chr12:59500000-60000000	chr12	0.0259297	-0.0371222	0.0381601	1	-1.10585	-1.22741	-1.21209	-1.22383	-1.06306	-1.20034
chr12:60000000-60500000	chr12	0.293106	-0.603677	0.112251	0	-1.25878	-1.23658	-1.13673	-1.2407	-1.28584	-1.23584
chr12:60500000-61000000	chr12	0.447208	0.450293	0.216409	0	-1.27598	-1.27291	-1.39066	-1.28355	-1.40404	-1.44714
chr12:61000000-61500000	chr12	0.334032	0.68152	0.377556	0	-1.3167	-1.36104	-1.38976	-1.27667	-1.32928	-1.35983
chr12:61500000-62000000	chr12	0.306484	1.07896	0.400481	0	-1.23822	-1.13265	-1.24075	-1.3162	-1.31866	-1.27154
chr12:62000000-62500000	chr12	0.00222588	0.131768	0.0308993	3	-0.349656	-0.579844	-0.543786	-0.538156	-0.609064	-0.628901
chr12:62500000-63000000	chr12	-0.100393	0.14051	0.127829	1	-0.142681	-0.56238	-0.240887	0.00219882	-0.305672	-0.452542
chr12:63000000-63500000	chr12	0.306038	0.506868	0.0343011	1	-1.27771	-1.36016	-1.23593	-1.36722	-1.30443	-1.1623
chr12:63500000-64000000	chr12	0.0918985	-0.167792	0.0944519	3	-0.830702	-0.862831	-0.674399	-0.78475	-0.539124	-0.727821
chr12:64000000-64500000	chr12	-0.0693478	-0.414206	-0.172618	4	-0.692422	-0.727509	-0.62865	-0.670884	-0.435454	-0.458221
chr12:64500000-65000000	chr12	-0.097293	-0.410949	-0.312134	3	0.59328	0.215496	0.323028	0.396475	0.508854	0.49263
chr12:65000000-65500000	chr12	0.0508922	-0.936264	0.0197383	3	0.33791	0.343353	0.118156	0.148964	0.401414	0.180638
chr12:65500000-66000000	chr12	0.251419	-1.38743	0.0460598	1	1.02673	0.606153	0.674956	0.88696	0.736659	0.454189
chr12:66000000-66500000	chr12	-0.137254	-0.431528	-0.207171	4	-0.192444	-0.284813	-0.131882	-0.246296	-0.0390091	-0.347825
chr12:66500000-67000000	chr12	-0.284791	-0.0378443	-0.280056	1	-0.533715	-0.470434	-0.372138	-0.449248	-0.240495	-0.64347
chr12:67000000-67500000	chr12	-0.00377116	-0.644535	-0.251222	1	0.459977	0.558589	0.305426	0.281142	0.437786	0.352459
chr12:67500000-68000000	chr12	0.211124	-0.908734	-0.275721	2	1.084	0.735599	0.687784	0.922921	0.780594	0.716724
chr12:68000000-68500000	chr12	-0.0608179	-0.822145	-0.29923	4	0.601273	0.518832	0.246436	0.620285	0.834152	0.807171
chr12:68500000-69000000	chr12	-0.0611014	-1.06821	0.0335264	5	1.01396	1.0114	0.699073	0.919343	0.961599	1.1381
chr12:69000000-69500000	chr12	-0.0331799	-0.870817	-0.422434	4	1.061	0.916963	0.928621	1.18152	1.10365	1.18035
chr12:69500000-70000000	chr12	-0.0550164	-0.441862	-0.137755	5	0.429479	0.305445	0.386102	0.195592	0.315159	0.630965
chr12:70000000-70500000	chr12	0.183575	-0.217892	0.312823	2	-0.627726	-0.758957	-0.774898	-0.746222	-0.784123	-0.491674
chr12:70500000-71000000	chr12	0.240549	-0.162847	-0.211125	2	-0.28936	-0.377349	-0.514929	-0.409773	-0.303688	0.100701
chr12:71000000-71500000	chr12	0.180615	0.0454109	0.0910778	2	-0.697601	-0.773187	-0.671274	-0.66924	-0.816498	-0.479237
chr12:71500000-72000000	chr12	0.097157	-0.463029	-0.247633	6	-0.428986	-0.478561	-0.528413	-0.459767	-0.351454	-0.252146
chr12:72000000-72500000	chr12	0.125103	0.462596	0.113963	1	-0.967439	-1.10878	-1.04495	-1.06904	-1.14022	-1.16658
chr12:72500000-73000000	chr12	0.124915	0.537629	0.311842	0	-1.0512	-1.016	-1.09101	-1.01131	-1.18213	-1.04021
chr12:73000000-73500000	chr12	0.42443	0.628558	0.690752	0	-1.21777	-1.12745	-1.17544	-1.15702	-1.15228	-1.19302
chr12:73500000-74000000	chr12	0.299776	0.550532	0.351726	0	-1.13027	-0.992098	-1.27104	-1.11376	-1.22188	-1.08582
chr12:74000000-74500000	chr12	0.0917001	0.680143	0.275449	0	-1.01459	-1.00944	-1.06031	-1.18043	-1.0704	-1.21078
chr12:74500000-75000000	chr12	0.0709561	0.074232	0.209255	1	-1.34656	-1.37007	-1.37043	-1.36762	-1.39167	-1.37309
chr12:75000000-75500000	chr12	-0.0757701	-0.15033	0.133371	5	-1.35747	-1.44169	-1.38918	-1.38626	-1.36229	-1.39625
chr12:75500000-76000000	chr12	-0.103306	-0.98587	-0.158153	1	0.467549	0.330989	0.612809	0.606834	0.560844	0.280538
chr12:76000000-76500000	chr12	0.258486	-1.12046	0.0911807	3	0.209574	-0.179611	0.0874311	-0.0318692	0.0119877	-0.0556615
chr12:76500000-77000000	chr12	0.0410863	-0.954634	-0.0673304	3	-0.354387	-0.264947	-0.359375	-0.452495	-0.125437	-0.27888
chr12:77000000-77500000	chr12	-0.230917	0.393278	-0.055272	1	-1.11504	-1.302	-1.34614	-1.34591	-1.17238	-1.26957
chr12:77500000-78000000	chr12	0.00982476	0.345092	0.0877192	1	-1.38611	-1.4676	-1.28628	-1.36274	-1.40167	-1.3705
chr12:78000000-78500000	chr12	-0.113087	0.0969223	-0.1136	0	-1.27831	-1.32892	-1.30461	-1.27363	-1.29028	-1.34686
chr12:78500000-79000000	chr12	-0.204551	-0.139685	-0.117127	1	-1.27404	-1.32587	-1.24248	-1.259	-1.21001	-1.31136
chr12:79000000-79500000	chr12	-0.0309526	-0.0401138	0.0693099	0	-1.18302	-1.10514	-1.19154	-1.13489	-1.20192	-1.25271
chr12:79500000-80000000	chr12	0.0817902	-1.0903	0.273344	2	-0.197904	-0.199497	-0.0973559	-0.267611	-0.0116519	0.00778474
chr12:80000000-80500000	chr12	0.23715	-0.546152	-0.0311908	2	-0.815683	-0.892837	-0.758295	-0.938257	-0.902376	-0.902566
chr12:80500000-81000000	chr12	0.270792	-0.259532	0.127794	3	-0.995668	-1.303	-1.22475	-1.25186	-1.03838	-1.21373
chr12:81000000-81500000	chr12	0.220083	0.369112	0.116027	1	-1.00816	-1.07722	-1.25537	-1.22123	-1.10559	-1.28974
chr12:81500000-82000000	chr12	0.550792	0.378573	0.45572	1	-1.14909	-1.09487	-1.19311	-1.17768	-1.25463	-1.21753
chr12:82000000-82500000	chr12	0.283077	0.650401	0.213498	2	-1.17165	-1.06313	-1.23794	-1.14638	-1.33328	-1.34174
chr12:82500000-83000000	chr12	0.0659849	0.694782	0.0870199	1	-0.282335	-0.406161	-0.402292	-0.341447	-0.609889	-0.697078
chr12:83000000-83500000	chr12	0.410042	0.6293	0.373504	0	-0.141869	-0.0789164	-0.374255	-0.264345	-0.577419	-0.406096
chr12:83500000-84000000	chr12	0.220309	0.534063	0.388245	0	-0.78167	-0.558555	-0.810711	-0.772124	-1.18906	-0.778205
chr12:84000000-84500000	chr12	0.288496	0.0534679	0.261438	0	-0.838995	-0.831137	-0.883746	-0.844203	-1.0803	-0.91461
chr12:84500000-85000000	chr12	0.309569	-0.269132	0.151756	1	-0.543028	-0.474148	-0.598382	-0.70184	-0.846337	-0.804908
chr12:85000000-85500000	chr12	0.00935359	0.433953	0.292226	3	-0.84668	-0.977331	-0.97758	-0.876061	-0.999805	-1.17723
chr12:85500000-86000000	chr12	0.114148	0.255722	0.209458	2	-1.12871	-1.04379	-1.07838	-1.08348	-1.16469	-1.20814
chr12:86000000-86500000	chr12	-0.111552	0.0109788	0.14142	1	-1.15892	-1.00207	-1.21397	-1.06196	-1.20709	-1.26548
chr12:86500000-87000000	chr12	0.359086	-0.346778	0.189002	0	-1.27512	-1.03156	-1.24788	-1.24045	-1.23609	-1.23633
chr12:87000000-87500000	chr12	0.157685	-0.115833	-0.121018	0	-1.23711	-1.37238	-1.20138	-1.32331	-1.22903	-1.23184
chr12:87500000-88000000	chr12	0.0848042	0.0514013	-0.166614	0	-0.994909	-1.02164	-1.02475	-1.0298	-1.15819	-1.20756
chr12:88000000-88500000	chr12	0.0426032	-1.05337	-0.0677608	4	-0.560851	-0.432579	-0.619177	-0.606687	-0.582942	-0.688507
chr12:88500000-89000000	chr12	-0.165672	-0.851142	-0.125707	1	-0.805234	-0.491318	-0.734458	-0.900458	-0.58641	-0.639743
chr12:89000000-89500000	chr12	-0.120962	-0.689631	-0.488938	1	0.478773	0.747416	0.371192	0.796422	0.421872	0.389407
chr12:89500000-90000000	chr12	0.0674092	-0.976224	-0.230137	3	0.275834	0.429232	0.350342	0.581363	0.271778	0.309397
chr12:90000000-90500000	chr12	-0.334055	-0.500654	-0.277567	0	-0.654096	-0.437218	-0.661159	-0.660888	-0.6235	-0.488354
chr12:90500000-91000000	chr12	0.0438979	-0.888856	-0.453083	1	-0.52051	-0.526711	-0.637438	-0.641612	-0.650219	-0.402505
chr12:91000000-91500000	chr12	0.0297153	-0.970463	-0.170131	4	-0.230221	-0.0737907	-0.279405	-0.317413	-0.17092	-0.147519
chr12:91500000-92000000	chr12	-0.0632542	-0.754261	0.0168936	0	0.554039	0.421107	0.245039	0.789581	0.29942	0.430916
chr12:92000000-92500000	chr12	-0.0647607	-0.656211	-0.287474	1	0.462798	0.889579	0.461417	0.809512	0.65215	0.782529
chr12:92500000-93000000	chr12	0.0591313	-1.28553	-0.220534	2	0.76645	1.04755	0.870886	0.934612	0.913336	0.826008
chr12:93000000-93500000	chr12	0.185326	-1.18921	-0.152833	3	1.52128	1.46386	1.32139	1.45296	1.39781	1.3935
chr12:93500000-94000000	chr12	-0.0500968	-0.917784	-0.0660467	2	1.22024	1.2636	1.13951	1.33001	1.12593	0.904891
chr12:94000000-94500000	chr12	-0.0761909	-0.759441	-0.299692	2	1.12058	0.863174	0.910336	1.32354	1.01617	1.06015
chr12:94500000-95000000	chr12	0.0415819	-0.702881	-0.240429	1	0.975126	1.02405	1.06247	1.01337	0.976858	1.13823
chr12:95000000-95500000	chr12	0.0164301	-1.03014	-0.31186	5	1.44975	1.22083	1.11863	1.54338	1.25357	1.18537
chr12:95500000-96000000	chr12	-0.181857	-0.7391	-0.170416	6	1.10811	0.743549	1.1197	0.921571	0.740587	0.915869
chr12:96000000-96500000	chr12	0.0301511	-0.73305	-0.101586	4	0.277694	0.326422	0.174075	0.48269	0.395034	0.379209
chr12:96500000-97000000	chr12	-0.127576	0.437117	-0.044743	1	-0.850265	-0.690103	-0.821107	-0.495567	-0.886332	-0.935169
chr12:97000000-97500000	chr12	0.210066	1.23496	0.243729	1	-0.827346	-0.84765	-0.86325	-0.893257	-1.06593	-1.02111
chr12:97500000-98000000	chr12	0.11276	1.22618	0.0204071	0	-1.01212	-0.988072	-0.950592	-1.07541	-1.07852	-0.958008
chr12:98000000-98500000	chr12	0.0918948	0.968984	-0.148638	0	-0.965268	-0.940777	-0.836072	-0.935437	-1.0188	-0.952573
chr12:98500000-99000000	chr12	0.0566511	0.585624	0.276119	4	-0.770821	-0.645861	-0.681772	-0.582741	-0.7169	-0.68197
chr12:99000000-99500000	chr12	0.378226	1.12175	0.128226	0	-1.22942	-1.26055	-1.16535	-1.27673	-1.30768	-1.17931
chr12:99500000-100000000	chr12	-0.0992905	1.18638	0.284826	2	-1.24544	-1.34807	-1.19991	-1.26328	-1.28458	-1.20494
chr12:100000000-100500000	chr12	-0.144634	0.510294	-0.0227374	6	-0.896523	-1.0374	-0.832508	-0.876263	-0.889772	-0.828298
chr12:100500000-101000000	chr12	-0.0411372	0.356956	-0.0236964	2	-1.19121	-1.13515	-1.06808	-1.22503	-1.05616	-1.10756
chr12:101000000-101500000	chr12	-0.27588	0.682201	-0.346095	4	-0.837802	-0.955962	-0.8337	-0.941831	-0.82976	-0.792654
chr12:101500000-102000000	chr12	0.00807279	0.462444	-0.425708	5	-0.586794	-0.756708	-0.60624	-0.627271	-0.792677	-0.790776
chr12:102000000-102500000	chr12	-0.162993	0.98966	-0.156233	5	-1.08578	-1.14052	-1.04726	-1.20803	-1.12675	-1.1032
chr12:102500000-103000000	chr12	-0.127472	1.18825	-0.149552	2	-1.30366	-1.24482	-1.14913	-1.23407	-1.28176	-1.19827
chr12:103000000-103500000	chr12	0.0414855	1.38701	0.230344	1	-1.31504	-1.30347	-1.25427	-1.40299	-1.30814	-1.23387
chr12:103500000-104000000	chr12	-0.0193444	-0.14712	-0.163647	5	0.0207929	-0.147006	-0.133625	0.244836	-0.150754	-0.226706
chr12:104000000-104500000	chr12	-0.0788486	-0.894032	-0.197996	6	1.06688	1.03435	1.14036	1.00391	0.971563	0.983366
chr12:104500000-105000000	chr12	0.00229718	-0.724131	-0.211807	2	0.729325	0.989229	0.83355	1.05721	0.7311	0.397191
chr12:105000000-105500000	chr12	0.134756	-0.940488	-0.229476	4	1.04422	1.3316	1.39499	1.37669	1.26359	1.33296
chr12:105500000-106000000	chr12	-0.00740818	-0.555894	-0.0704396	0	1.38709	1.03397	1.20644	1.39249	1.1714	1.02267
chr12:106000000-106500000	chr12	-0.207521	-0.548219	-0.203713	4	1.11629	1.11826	1.27487	1.10144	1.17127	1.09899
chr12:106500000-107000000	chr12	-0.054765	-0.228679	-0.266162	4	0.812605	0.663267	0.878276	0.969428	0.942922	0.485385
chr12:107000000-107500000	chr12	-0.0369555	-0.317822	-0.369598	2	0.514672	0.269112	0.73691	0.305833	0.807329	0.84475
chr12:107500000-108000000	chr12	-0.0910893	0.366473	-0.107196	3	0.261129	0.352323	0.951769	0.310411	0.945071	0.592661
chr12:108000000-108500000	chr12	-0.292597	1.08161	-0.133094	2	0.506169	0.518813	1.11647	0.515493	1.00378	0.564358
chr12:108500000-109000000	chr12	0.0661101	-0.835721	-0.029171	8	1.33332	1.35412	1.7265	1.35253	1.43969	1.46553
chr12:109000000-109500000	chr12	-0.258447	-0.310725	-0.281911	9	1.67592	1.69011	1.66438	1.63892	1.5364	1.59482
chr12:109500000-110000000	chr12	-0.113851	-0.345032	-0.264922	8	1.75858	1.82708	1.83189	1.72484	1.68627	1.72593
chr12:110000000-110500000	chr12	0.157609	-1.27249	0.010111	7	1.60961	1.8807	1.65917	1.51357	1.50402	1.50257
chr12:110500000-111000000	chr12	-0.0739102	-0.583264	-0.343957	8	1.74871	1.66686	1.8234	1.6116	1.55871	1.55779
chr12:111000000-111500000	chr12	-0.320083	-0.0719182	-0.160061	3	1.56707	1.54333	1.60728	1.46897	1.61845	1.51142
chr12:111500000-112000000	chr12	-0.0637342	-0.935909	-0.0308522	5	1.70488	1.55501	1.78835	1.62391	1.5775	1.61468
chr12:112000000-112500000	chr12	-0.0810577	-0.858728	-0.126052	7	1.72719	1.49606	1.57481	1.60611	1.56709	1.54748
chr12:112500000-113000000	chr12	-0.260999	0.532973	-0.196216	4	1.25452	1.37416	1.47817	1.1562	1.0191	1.14019
chr12:113000000-113500000	chr12	-0.298217	0.227032	-0.25218	12	1.58922	1.54659	1.70917	1.48888	1.57314	1.55395
chr12:113500000-114000000	chr12	-0.136859	0.906322	-0.333423	1	1.34448	1.3622	1.28663	1.32405	1.20334	1.24112
chr12:114000000-114500000	chr12	0.184374	0.8495	-0.0344738	1	1.28913	1.52454	1.32549	1.30141	1.25912	1.42848
chr12:114500000-115000000	chr12	-0.0306425	-0.0105193	-0.28274	1	1.32829	1.08318	1.28375	1.16025	1.2121	1.24105
chr12:115000000-115500000	chr12	-0.282027	-0.00832872	-0.185252	0	1.32837	1.26901	1.29066	1.26404	1.17292	1.00116
chr12:115500000-116000000	chr12	0.0598161	0.0878676	-0.369763	0	1.26785	1.02526	1.23053	1.32458	1.09778	0.973473
chr12:116000000-116500000	chr12	0.212772	-1.34831	0.296361	1	1.37298	1.40756	1.48601	1.25979	1.15291	1.17635
chr12:116500000-117000000	chr12	-0.0168421	-0.295785	-0.435865	5	1.38312	1.1795	1.64966	1.36579	1.53658	1.20147
chr12:117000000-117500000	chr12	-0.175507	0.566907	-0.133646	3	0.647049	0.581586	1.05665	0.818989	0.838349	0.783843
chr12:117500000-118000000	chr12	-0.31686	0.741288	-0.374872	1	0.25815	0.208344	0.69827	0.160923	0.561986	0.395173
chr12:118000000-118500000	chr12	-0.0352092	0.116074	-0.164798	6	-0.123299	0.241072	0.520375	0.350408	0.812131	0.484588
chr12:118500000-119000000	chr12	0.113065	1.21869	-0.123475	1	-0.239194	-0.252629	0.228949	0.231913	0.25924	0.0221188
chr12:119000000-119500000	chr12	-0.12039	1.14487	0.133128	2	0.790499	0.852774	1.12068	0.587985	0.805965	0.794661
chr12:119500000-120000000	chr12	0.14235	0.378538	-0.339703	4	0.616209	0.906333	0.809173	0.410562	1.06508	0.803016
chr12:120000000-120500000	chr12	0.0605175	-0.807795	-0.104005	14	1.69725	1.85442	1.84581	1.68068	1.66107	1.62831
chr12:120500000-121000000	chr12	0.100272	-1.04746	-0.0623546	10	1.539	1.66587	1.72448	1.8051	1.57431	1.67077
chr12:121000000-121500000	chr12	-0.0602375	-0.903241	-0.182664	7	1.7017	1.89612	1.70416	1.72654	1.64139	1.67172
chr12:121500000-122000000	chr12	0.201561	-1.07095	0.100288	8	1.78264	1.83649	1.6928	1.77891	1.58753	1.64055
chr12:122000000-122500000	chr12	0.192944	-1.14898	-0.0996322	9	1.77294	1.90626	1.78569	1.83187	1.53223	1.64153
chr12:122500000-123000000	chr12	0.188503	-1.0396	-0.0054977	13	1.60416	1.82101	1.77163	1.78317	1.46348	1.66551
chr12:123000000-123500000	chr12	-0.0247337	-0.840938	-0.103135	8	1.75654	1.76516	1.77932	1.71645	1.50702	1.58039
chr12:123500000-124000000	chr12	-0.189573	-0.704908	-0.198802	10	1.45079	1.55667	1.60177	1.45114	1.27579	1.40371
chr12:124000000-124500000	chr12	-0.0172395	-0.448393	-0.0787813	1	1.30676	1.30613	1.38175	1.37835	0.977301	1.28339
chr12:124500000-125000000	chr12	-0.0296757	-0.493536	-0.00165851	5	1.27518	1.27593	1.18554	1.45465	1.06018	1.29036
chr12:125000000-125500000	chr12	-0.084396	0.998697	0.0221221	2	-0.26393	-0.259408	-0.106061	-0.139434	-0.265219	-0.102263
chr12:125500000-126000000	chr12	0.164804	1.16997	0.130667	0	-1.03992	-0.972769	-0.916858	-0.919592	-1.02649	-0.904279
chr12:126000000-126500000	chr12	0.144238	1.11591	-0.0385639	0	-1.04828	-1.10413	-0.910411	-1.03573	-1.1444	-0.988823
chr12:126500000-127000000	chr12	-0.0661553	1.22535	0.303422	0	-1.09034	-1.06616	-0.931089	-1.04688	-0.999629	-0.948926
chr12:127000000-127500000	chr12	0.191044	1.04291	0.116897	0	-0.975711	-0.977351	-0.951283	-0.936887	-1.05022	-0.918624
chr12:127500000-128000000	chr12	0.0156305	1.07316	0.126817	0	-0.877378	-0.985283	-0.840971	-0.990797	-0.948199	-0.898716
chr12:128000000-128500000	chr12	0.250198	1.0978	0.301622	1	-0.913647	-0.80031	-0.78158	-0.709658	-0.829051	-0.820551
chr12:128500000-129000000	chr12	0.319344	0.853225	0.180845	2	-0.813089	-0.638167	-0.772898	-0.716709	-0.667267	-0.653998
chr12:129000000-129500000	chr12	-0.14936	0.976961	-0.151554	0	-0.796063	-0.771437	-0.721557	-0.879457	-0.780794	-0.740201
chr12:129500000-130000000	chr12	0.0103113	0.704958	-0.0167307	1	-0.914534	-0.821255	-0.675522	-0.883867	-0.779719	-0.821319
chr12:130000000-130500000	chr12	-0.0578646	1.37912	0.159265	2	-0.872485	-0.801073	-0.697145	-0.597413	-0.771824	-0.680812
chr12:130500000-131000000	chr12	0.0444155	0.880139	-0.0243417	4	-0.356253	-0.345477	-0.274266	-0.241188	-0.407198	-0.317971
chr12:131000000-131500000	chr12	-0.28108	1.41175	0.0685412	0	0.0487124	0.0364234	0.077941	0.000153667	0.230238	0.392035
chr12:131500000-132000000	chr12	-0.242071	0.520098	0.107076	5	0.716329	0.744973	0.71053	0.840206	0.804129	0.954776
chr12:132000000-132500000	chr12	-0.092973	-0.199658	0.224904	4	1.12693	1.19128	1.22753	1.10063	1.30324	1.45163
chr12:132500000-133000000	chr12	-0.0882392	-0.440111	-0.12377	10	0.838627	0.937709	0.72844	0.935289	1.0696	1.29129
chr13:18500000-19000000	chr13	-0.025381	0.816421	0.063554	0	-0.963357	-1.05288	-0.986912	-0.463691	-0.685074	-0.33252
chr13:19000000-19500000	chr13	-0.0651792	0.99448	0.212589	1	-0.864619	-0.808276	-0.933641	-0.678252	-0.928335	-0.398622
chr13:19500000-20000000	chr13	-0.0349537	-0.450832	0.00318697	5	0.364173	0.414246	-0.0216798	0.555513	0.0803311	0.728427
chr13:20000000-20500000	chr13	-0.0459542	-0.62902	0.0485337	3	1.27776	1.29274	1.02694	1.27081	0.986034	1.50399
chr13:20500000-21000000	chr13	-0.187759	-0.839605	-0.165554	5	1.3264	1.38135	1.33412	1.53493	1.20777	1.35673
chr13:21000000-21500000	chr13	-0.181952	-0.479213	-0.0671228	5	1.30985	1.22508	1.05005	1.28597	1.27543	1.44968
chr13:21500000-22000000	chr13	-0.0355692	-0.0296704	-0.109151	2	0.918326	0.994938	1.08325	0.980219	0.886273	1.03601
chr13:22000000-22500000	chr13	-0.0351736	0.0767529	-0.022162	0	0.798212	0.868334	0.812393	0.572251	0.675572	0.780156
chr13:22500000-23000000	chr13	-0.23955	0.206425	0.0620107	0	0.547854	0.860155	0.422137	0.675174	0.878354	0.930497
chr13:23000000-23500000	chr13	0.0282145	-0.359517	0.00475399	2	0.662608	0.444218	0.614481	0.543339	0.803234	0.880454
chr13:23500000-24000000	chr13	-0.182425	-0.768778	-0.070424	3	0.80614	0.768313	0.972417	0.647169	0.784959	0.761402
chr13:24000000-24500000	chr13	-0.484586	0.12771	-0.204579	2	1.11568	1.07277	1.23056	0.69112	1.35135	1.24393
chr13:24500000-25000000	chr13	-0.234551	-0.0804606	-0.333693	4	0.926372	0.536626	0.823689	1.15258	0.87709	0.943984
chr13:25000000-25500000	chr13	-0.108935	-0.0553182	0.0684252	5	1.08316	0.934626	1.13875	1.06133	1.32114	1.04429
chr13:25500000-26000000	chr13	-0.222598	-0.16124	-0.182491	0	1.24672	0.966217	0.912565	1.14404	1.37465	1.11459
chr13:26000000-26500000	chr13	-0.0824024	-0.499531	-0.254337	3	1.27711	1.25965	1.28135	1.29714	1.15242	1.10299
chr13:26500000-27000000	chr13	-0.158455	-0.199848	-0.18995	2	1.23457	1.23681	1.13579	1.02503	1.32803	1.44281
chr13:27000000-27500000	chr13	0.0739617	-0.880293	-0.210456	5	1.58478	1.24516	1.47325	1.47226	1.49936	1.51375
chr13:27500000-28000000	chr13	-0.185756	-0.335665	-0.0553197	6	1.34172	1.12861	1.26764	0.949817	1.4036	1.24163
chr13:28000000-28500000	chr13	-0.0419266	-0.885986	0.0204664	3	1.44826	1.01015	1.42088	1.386	1.45459	1.33313
chr13:28500000-29000000	chr13	-0.0616778	-0.361684	-0.205429	3	1.21858	0.841614	1.26444	1.158	0.89588	1.12751
chr13:29000000-29500000	chr13	0.0019443	-0.231023	-0.0369772	0	0.935214	0.798811	1.04001	0.655883	0.830573	0.880751
chr13:29500000-30000000	chr13	-0.345009	-0.660853	-0.0741572	2	1.25279	1.34342	1.15799	1.4166	1.2462	1.2616
chr13:30000000-30500000	chr13	-0.0701741	-1.14167	-0.127989	3	1.37108	1.23785	1.29716	1.27655	1.53229	1.34289
chr13:30500000-31000000	chr13	-0.0291027	-0.98328	-0.0653917	4	1.33052	1.64692	1.29121	1.44496	1.44824	1.41672
chr13:31000000-31500000	chr13	0.00179661	-0.435596	-0.122081	2	0.704463	0.847686	0.616151	1.14331	0.734368	0.461802
chr13:31500000-32000000	chr13	-0.0940778	-0.578781	-0.0765589	1	0.328458	0.0073679	0.68859	0.705008	0.177023	0.210513
chr13:32000000-32500000	chr13	-0.12182	-0.802257	-0.230402	4	0.963307	0.472785	0.709664	0.669344	0.971603	1.14418
chr13:32500000-33000000	chr13	-0.257899	-0.794213	0.0959805	2	0.58587	0.705262	0.907313	0.584475	0.297219	0.79649
chr13:33000000-33500000	chr13	-0.0305021	-0.815473	-0.0138386	2	0.580247	0.421806	0.521354	0.468452	0.418444	0.461586
chr13:33500000-34000000	chr13	-0.117058	-0.747714	-0.213086	1	-0.409243	-0.143042	-0.289474	0.168099	-0.393167	-0.277686
chr13:34000000-34500000	chr13	-0.193182	-0.421115	-0.297359	0	-0.301281	-0.740748	-0.108949	-0.284844	-0.505033	-0.724788
chr13:34500000-35000000	chr13	-0.107726	-0.264425	-0.336708	1	0.0527674	0.0239965	-0.274354	0.12439	-0.305297	-0.373548
chr13:35000000-35500000	chr13	0.0839228	-0.52242	-0.104691	1	-0.466707	-0.841387	-0.590263	-0.347117	-0.64082	-0.732623
chr13:35500000-36000000	chr13	-0.189403	-0.018679	0.031175	0	-0.388652	-0.283061	-0.301793	-0.318379	-0.12714	-0.317639
chr13:36000000-36500000	chr13	-0.209995	0.0973319	-0.091936	5	-0.458834	-0.549275	-0.637199	-0.703008	-0.437629	-0.293697
chr13:36500000-37000000	chr13	-0.328354	0.2743	-0.215449	4	-0.104351	-0.227403	-0.0869677	-0.0603254	0.225776	0.186139
chr13:37000000-37500000	chr13	0.0459519	-0.737976	-0.279411	3	-0.833211	-0.685551	-0.923865	-0.486193	-0.808823	-0.753765
chr13:37500000-38000000	chr13	-0.163041	-0.773218	-0.0363869	2	-1.25769	-1.12418	-1.22304	-1.10951	-1.19189	-1.07778
chr13:38000000-38500000	chr13	-0.0582473	0.292239	-0.158247	1	-1.34801	-1.43446	-1.36842	-1.35615	-1.43948	-1.32217
chr13:38500000-39000000	chr13	0.0275083	0.232768	-0.0596385	2	-0.383049	-0.810456	-0.626825	-0.623827	-0.474822	-0.446814
chr13:39000000-39500000	chr13	0.0649653	-0.367216	-0.156977	2	0.826891	0.923783	0.9712	0.704756	0.479221	0.74613
chr13:39500000-40000000	chr13	-0.130975	-0.747813	-0.102858	2	0.746872	0.527663	0.59873	0.76851	0.531613	0.495772
chr13:40000000-40500000	chr13	-0.151435	-0.360132	-0.187604	0	0.858428	0.831044	0.942853	1.17092	1.02395	1.09166
chr13:40500000-41000000	chr13	-0.0781382	-0.664471	-0.252506	3	0.800521	0.806659	0.763672	1.10119	0.856432	1.07881
chr13:41000000-41500000	chr13	-0.113334	-1.18484	-0.00859768	7	1.23585	1.11153	0.992344	1.03479	1.18279	0.945947
chr13:41500000-42000000	chr13	0.00505859	-1.28281	-0.140163	1	1.23951	0.95934	1.1418	0.708078	1.22913	0.966236
chr13:42000000-42500000	chr13	-0.196552	-1.07833	-0.251	2	1.39841	1.22889	1.23253	1.2395	1.26086	1.25134
chr13:42500000-43000000	chr13	-0.330005	-0.775649	-0.531653	3	1.20451	1.24013	1.39628	1.12807	1.51199	1.23671
chr13:43000000-43500000	chr13	0.131124	-1.13356	-0.0834764	1	1.06433	1.35168	1.49389	0.818015	1.09624	1.34294
chr13:43500000-44000000	chr13	0.00266645	-1.22311	-0.313129	3	0.950873	1.13101	1.37405	0.774307	1.31337	1.31564
chr13:44000000-44500000	chr13	-0.146945	-0.982882	-0.257596	1	1.73898	1.36081	1.72085	1.55349	1.63729	1.63032
chr13:44500000-45000000	chr13	-0.132263	-1.09613	-0.108519	3	1.68814	1.67885	1.73721	1.52442	1.50188	1.45807
chr13:45000000-45500000	chr13	0.24336	-1.4093	-0.128769	5	1.76572	1.85385	1.7107	1.66285	1.56925	1.51232
chr13:45500000-46000000	chr13	-0.185689	-0.491264	-0.423677	3	1.65669	1.68007	1.44159	1.57949	1.3096	1.55014
chr13:46000000-46500000	chr13	-0.199291	-0.806533	-0.27625	5	1.20085	1.22362	1.01794	1.32287	1.21462	1.20538
chr13:46500000-47000000	chr13	-0.0566118	-0.679536	-0.137518	3	-0.0171131	-0.177119	-0.403162	0.363993	-0.066908	-0.0193359
chr13:47000000-47500000	chr13	-0.00411451	-0.197259	-0.0864318	0	-1.15557	-1.13394	-0.920875	-0.933409	-1.1108	-0.856476
chr13:47500000-48000000	chr13	-0.28965	0.333301	-0.372342	0	-1.17009	-1.20546	-1.12863	-0.922799	-0.908764	-1.03071
chr13:48000000-48500000	chr13	-0.147189	-0.672252	-0.313121	6	-0.00959388	-0.1754	0.0539963	0.449694	-0.00889403	-0.0975856
chr13:48500000-49000000	chr13	0.0181562	-0.687631	-0.191664	3	0.409988	0.251117	0.126515	0.469299	0.24639	0.549557
chr13:49000000-49500000	chr13	0.117442	-1.16775	-0.18333	5	1.23872	1.02917	0.682835	1.33749	1.07872	1.0845
chr13:49500000-50000000	chr13	-0.153328	-0.954594	-0.218305	6	1.60411	1.44345	1.57677	1.47309	1.36587	1.54499
chr13:50000000-50500000	chr13	-0.234411	-1.22253	-0.0378258	1	1.06126	1.28358	1.44892	1.11644	1.33336	1.20685
chr13:50500000-51000000	chr13	-0.0275444	-1.01079	-0.094918	2	1.0914	1.30888	0.980184	1.29692	1.51507	1.08736
chr13:51000000-51500000	chr13	0.279863	-0.981138	-0.316857	4	1.60941	1.26574	1.41028	1.39078	1.51456	1.27552
chr13:51500000-52000000	chr13	0.0639153	-0.558729	-0.364615	4	1.08289	1.09878	1.30642	1.21294	1.20901	1.01722
chr13:52000000-52500000	chr13	-0.0597656	-0.692826	-0.230431	8	0.60234	1.03354	1.0928	0.597075	0.968221	0.947804
chr13:52500000-53000000	chr13	-0.0244956	0.309034	-0.161032	4	0.628165	0.941049	0.933934	0.61016	0.798232	0.635919
chr13:53000000-53500000	chr13	0.134322	0.914041	0.0583187	1	-0.571752	-0.652236	-0.297701	-0.678327	-0.548724	-0.406341
chr13:53500000-54000000	chr13	0.106974	0.56658	0.0850222	0	-1.20612	-1.28995	-1.10447	-1.18658	-1.06079	-1.0205
chr13:54000000-54500000	chr13	0.225933	0.453293	0.365608	0	-0.719933	-0.788711	-0.866295	-0.978316	-0.951648	-0.737495
chr13:54500000-55000000	chr13	0.218199	0.549111	0.418129	0	-1.07992	-1.14302	-1.15753	-1.09788	-1.03768	-0.863573
chr13:55000000-55500000	chr13	0.305893	0.154227	0.589058	0	-1.22338	-1.22618	-1.22889	-1.27513	-1.22341	-1.14818
chr13:55500000-56000000	chr13	0.192833	0.203131	0.6071	0	-1.54531	-1.46018	-1.23053	-1.34276	-1.26891	-1.33065
chr13:56000000-56500000	chr13	0.375517	0.169326	0.627041	0	-1.4055	-1.54121	-1.58729	-1.52738	-1.42472	-1.38735
chr13:56500000-57000000	chr13	0.263584	0.0910778	0.656523	0	-1.50545	-1.52334	-1.40694	-1.54452	-1.30505	-1.3745
chr13:57000000-57500000	chr13	0.341985	0.0145595	0.52725	5	-1.35905	-1.32547	-1.23173	-1.3677	-1.33541	-1.27298
chr13:57500000-58000000	chr13	0.251984	0.236709	0.362553	1	-0.939699	-0.777244	-0.827131	-0.764811	-0.855053	-0.848095
chr13:58000000-58500000	chr13	0.188831	0.335998	0.114085	0	-0.970125	-0.975267	-0.920099	-0.987631	-0.912539	-1.07792
chr13:58500000-59000000	chr13	0.304432	0.0924729	0.155051	0	-0.92321	-0.856386	-0.786311	-0.627392	-0.882785	-0.82537
chr13:59000000-59500000	chr13	-0.0984206	-0.104716	-0.276849	0	0.277922	0.123847	0.132884	0.238335	-0.128416	0.0454406
chr13:59500000-60000000	chr13	-0.227158	-0.312148	-0.360558	0	0.743724	0.85909	0.634175	0.677865	0.472509	0.48642
chr13:60000000-60500000	chr13	-0.244606	0.0213284	-0.136869	2	0.329159	0.327589	0.704515	0.506577	0.139475	0.621759
chr13:60500000-61000000	chr13	0.294319	0.522118	0.065982	0	-0.929854	-0.640597	-0.672719	-0.710194	-0.392267	-0.414935
chr13:61000000-61500000	chr13	0.0772732	0.367934	0.216053	1	-0.907297	-0.605864	-0.712606	-0.936269	-0.444295	-0.156815
chr13:61500000-62000000	chr13	0.346939	0.455412	0.175772	0	-1.40246	-1.29496	-1.10959	-1.3697	-1.27386	-1.23206
chr13:62000000-62500000	chr13	0.295523	0.301117	0.114041	0	-0.614895	-0.413652	-0.577597	-0.730284	-0.743979	-0.851167
chr13:62500000-63000000	chr13	0.195189	-0.0223278	0.235062	0	-1.07422	-1.10994	-1.17034	-1.1377	-1.19907	-1.11729
chr13:63000000-63500000	chr13	0.0737752	-0.351702	0.116522	0	-1.0528	-0.987114	-1.17633	-1.1812	-1.03231	-1.13526
chr13:63500000-64000000	chr13	0.00390218	-0.0892522	-0.119153	2	-1.11222	-1.01279	-0.94004	-1.11922	-1.13727	-1.24964
chr13:64000000-64500000	chr13	-0.00432172	-0.340528	-0.0516871	0	-1.11003	-1.00727	-1.19519	-1.2907	-1.14969	-1.25526
chr13:64500000-65000000	chr13	0.0194818	-0.644562	-0.0809949	0	-1.0782	-1.00274	-1.07007	-1.32288	-0.938924	-1.11404
chr13:65000000-65500000	chr13	-0.247889	-0.303128	-0.0708139	0	-1.11787	-0.90657	-0.936989	-1.26137	-0.787114	-1.10238
chr13:65500000-66000000	chr13	-0.224176	-0.579277	-0.215468	0	-0.802876	-0.79553	-0.826775	-0.955377	-0.891385	-0.96225
chr13:66000000-66500000	chr13	-0.289181	-0.20372	-0.0407236	0	-0.355133	-0.046375	-0.238631	-0.438055	-0.675052	-0.50487
chr13:66500000-67000000	chr13	-0.356287	-0.342646	-0.0504805	0	-0.423907	-0.377354	-0.417562	-0.361852	-0.442953	-0.552343
chr13:67000000-67500000	chr13	-0.00633398	-0.469131	0.123914	1	-0.427968	-0.281262	-0.429631	-0.596181	-0.525809	-0.661896
chr13:67500000-68000000	chr13	0.148596	0.198319	0.2619	0	-0.978874	-0.911854	-1.12556	-1.08387	-1.20511	-1.18869
chr13:68000000-68500000	chr13	0.290699	0.129072	0.20955	0	-1.30603	-1.14834	-1.16451	-1.35279	-1.34309	-1.32545
chr13:68500000-69000000	chr13	0.305338	0.0907891	0.39762	0	-1.19067	-1.01776	-1.00271	-1.15258	-1.00001	-1.07239
chr13:69000000-69500000	chr13	0.496342	0.396527	0.412693	0	-1.12993	-0.995177	-1.09152	-1.3717	-1.17056	-1.18249
chr13:69500000-70000000	chr13	0.199583	0.451263	0.719585	0	-1.03966	-1.03133	-0.875412	-1.10924	-0.936266	-1.01696
chr13:70000000-70500000	chr13	0.243824	0.445509	0.50242	2	-1.2943	-1.20738	-1.39393	-1.41715	-1.3597	-1.25279
chr13:70500000-71000000	chr13	0.0763851	0.180885	0.200732	0	-1.49281	-1.43071	-1.39155	-1.10402	-1.42115	-1.31826
chr13:71000000-71500000	chr13	-0.125039	0.26017	0.107834	0	-1.33897	-1.18844	-1.15846	-1.10827	-1.21736	-1.13928
chr13:71500000-72000000	chr13	-0.211767	0.0961874	0.0256566	1	-0.597521	-0.534422	-0.297929	-0.625523	-0.763229	-0.529606
chr13:72000000-72500000	chr13	-0.102468	0.147657	-0.235398	0	-1.18578	-1.072	-1.13547	-0.896619	-1.28699	-1.06934
chr13:72500000-73000000	chr13	-0.116163	-0.0977909	-0.317645	4	-0.75747	-0.448084	-0.299533	-0.442066	-0.324141	-0.412769
chr13:73000000-73500000	chr13	-0.250072	-0.188317	-0.118474	1	-0.981073	-1.04338	-0.761551	-1.1153	-1.03721	-0.937007
chr13:73500000-74000000	chr13	-0.0700231	-0.313753	-0.154776	0	-0.232636	-0.849442	-0.271637	-0.447467	-0.149014	-0.384421
chr13:74000000-74500000	chr13	-0.127469	-0.524811	-0.160008	1	-0.391148	-0.376696	-0.102993	-0.0388513	0.17497	-0.182628
chr13:74500000-75000000	chr13	-0.153095	-0.243126	-0.34553	0	-0.654847	-0.722946	-0.774862	-0.805101	-0.651587	-0.703428
chr13:75000000-75500000	chr13	-0.0791269	-0.512702	-0.492758	1	-0.303946	-0.204509	-0.292386	-0.284968	0.0488884	0.0550821
chr13:75500000-76000000	chr13	-0.0281309	-0.838775	-0.135558	3	1.1508	1.3855	1.36619	1.3616	1.38176	1.33567
chr13:76000000-76500000	chr13	0.074414	-0.323976	-0.244589	0	0.990235	1.42477	0.839938	1.34158	1.0879	1.18959
chr13:76500000-77000000	chr13	-0.0575752	-0.20691	-0.0794807	3	1.13257	1.52565	1.30568	1.08514	1.19666	1.44345
chr13:77000000-77500000	chr13	-0.115291	0.0854621	-0.104103	3	0.174854	-0.252889	-0.287749	-0.24399	0.456616	0.12507
chr13:77500000-78000000	chr13	-0.0612469	0.821576	-0.0130903	3	-0.756739	-0.841279	-0.773196	-0.56127	-0.223545	-0.739227
chr13:78000000-78500000	chr13	0.0555355	0.772697	0.172591	0	-1.05166	-1.24433	-1.18117	-1.03805	-0.853011	-0.960632
chr13:78500000-79000000	chr13	0.163571	1.0403	-0.276546	2	-0.315907	-0.903917	-0.893988	-0.96216	-0.831103	-0.666619
chr13:79000000-79500000	chr13	0.13162	0.269826	-0.136532	2	-0.601692	-0.678948	-0.488571	-1.0919	-0.564097	-0.628182
chr13:79500000-80000000	chr13	-0.0715005	-0.242727	-0.272329	0	0.785495	0.742687	0.536844	0.619866	0.505478	0.684367
chr13:80000000-80500000	chr13	-0.0191731	-0.534722	0.0709971	1	0.231868	0.496526	0.372038	0.360975	0.705074	0.745681
chr13:80500000-81000000	chr13	0.372798	0.235231	0.301807	0	-0.823796	-0.839814	-0.912011	-0.862544	-0.84961	-0.608017
chr13:81000000-81500000	chr13	0.345822	0.517729	0.489356	0	-1.03474	-0.964746	-1.07989	-1.27657	-1.14093	-1.13248
chr13:81500000-82000000	chr13	0.289718	0.318988	0.36097	0	-1.18845	-1.20466	-1.08448	-1.10083	-1.28449	-1.08948
chr13:82000000-82500000	chr13	0.358765	0.216219	0.309302	0	-0.90295	-0.991937	-1.02319	-1.10805	-1.09615	-1.20208
chr13:82500000-83000000	chr13	0.430073	-0.043221	0.524302	0	-1.00564	-0.899609	-1.02411	-1.10888	-1.18835	-1.18785
chr13:83000000-83500000	chr13	0.352563	-0.196326	0.32726	0	-0.953766	-1.07953	-1.11338	-0.954358	-1.12927	-1.29446
chr13:83500000-84000000	chr13	0.216163	-0.0815499	0.238165	1	-0.584603	-0.866799	-0.95673	-1.05671	-1.0513	-1.11081
chr13:84000000-84500000	chr13	0.0705119	-0.0393071	0.0165654	0	-0.969856	-0.774513	-1.08916	-0.979506	-1.1289	-1.21326
chr13:84500000-85000000	chr13	0.100183	0.044635	0.24119	0	-0.87966	-0.983426	-0.770047	-1.04145	-1.00188	-1.03448
chr13:85000000-85500000	chr13	-0.0234289	0.105455	-0.129514	0	-1.11969	-1.12639	-1.07284	-1.13231	-1.05421	-1.0786
chr13:85500000-86000000	chr13	0.0940742	-0.0728787	-0.0357833	1	-0.975425	-0.858052	-0.952456	-0.935861	-0.983146	-1.06499
chr13:86000000-86500000	chr13	0.251626	0.320228	0.233971	0	-0.868419	-0.969805	-0.961449	-1.00799	-0.997637	-1.03907
chr13:86500000-87000000	chr13	0.177719	0.0956564	0.0817389	0	-0.975161	-1.13789	-0.897646	-0.9905	-1.01818	-1.0581
chr13:87000000-87500000	chr13	-0.0460687	-0.1861	0.182692	0	-1.00625	-0.910159	-1.17212	-1.10285	-1.00356	-1.10766
chr13:87500000-88000000	chr13	0.190675	-0.0706764	0.172855	1	-0.866035	-0.969555	-1.13124	-1.03376	-1.12847	-1.14303
chr13:88000000-88500000	chr13	0.130373	0.271906	0.229573	0	-0.82099	-1.0957	-0.894424	-1.0821	-0.913309	-0.868048
chr13:88500000-89000000	chr13	0.475358	0.236573	0.340334	0	-1.11799	-0.553949	-0.857934	-0.769635	-1.12426	-0.840272
chr13:89000000-89500000	chr13	0.17503	-0.000744696	0.563771	0	-0.697229	-0.765328	-0.811838	-0.736328	-0.597732	-0.581498
chr13:89500000-90000000	chr13	0.0718773	-0.16478	0.123256	0	-0.564848	-0.773179	-0.851713	-0.81465	-0.859314	-0.892733
chr13:90000000-90500000	chr13	-0.160868	-0.0131746	0.0632769	0	-0.71084	-0.509351	-0.758027	-0.74338	-0.826036	-0.80561
chr13:90500000-91000000	chr13	-0.189769	0.326943	-0.0492089	0	-0.715375	-0.523191	-0.574023	-0.636116	-0.711425	-0.812331
chr13:91000000-91500000	chr13	0.139808	0.363178	-0.138196	2	-0.905073	-0.843713	-0.73936	-0.841236	-0.86785	-1.02178
chr13:91500000-92000000	chr13	0.266212	0.170881	-0.144466	0	-1.23461	-1.10828	-1.19217	-1.18434	-1.1828	-1.26122
chr13:92000000-92500000	chr13	0.10258	-0.292297	-0.139736	0	-1.13561	-1.30775	-1.28418	-1.2321	-1.21144	-1.35947
chr13:92500000-93000000	chr13	-0.055333	-0.264637	-0.130966	0	-1.13983	-1.12361	-1.24137	-1.23639	-1.0717	-1.15205
chr13:93000000-93500000	chr13	0.159901	-0.697009	-0.216423	1	-0.22137	-0.392785	-0.300806	-0.412546	-0.433001	-0.696156
chr13:93500000-94000000	chr13	-0.209559	-0.741172	-0.126459	0	0.089186	-0.319282	-0.276399	-0.481082	-0.314697	-0.478925
chr13:94000000-94500000	chr13	-0.223931	-0.199787	-0.247303	1	-0.439272	-0.405666	-0.368841	-0.202399	-0.603555	-0.72464
chr13:94500000-95000000	chr13	-0.128573	0.332194	-0.34454	3	-0.944525	-0.998996	-0.841634	-0.854941	-0.675105	-1.00627
chr13:95000000-95500000	chr13	-0.393573	0.147496	-0.571641	1	-0.238269	-0.431729	-0.622143	-0.253494	-0.383097	-0.745019
chr13:95500000-96000000	chr13	-0.0158254	-0.132094	-0.325684	3	0.120988	0.113365	-0.0503581	0.108836	-0.0600868	0.206379
chr13:96000000-96500000	chr13	0.1393	0.841763	0.0325739	2	-0.615096	-0.341025	-0.704414	-0.421131	-0.493388	-0.646361
chr13:96500000-97000000	chr13	0.0897992	0.919903	0.194579	1	-0.995828	-0.782361	-0.766679	-0.397747	-0.933588	-0.530438
chr13:97000000-97500000	chr13	0.0607086	-0.50508	0.00958261	2	0.554842	0.676097	0.853725	1.13318	0.792768	0.763714
chr13:97500000-98000000	chr13	-0.136295	0.18615	-0.218322	1	0.6747	0.811356	0.769661	0.778451	0.751019	1.13094
chr13:98000000-98500000	chr13	0.121897	-0.654517	-0.37179	2	1.56643	1.53671	1.40439	1.66745	1.58521	1.4428
chr13:98500000-99000000	chr13	-0.192724	-0.482362	-0.360028	3	1.83227	1.77354	1.87434	1.6386	1.53349	1.57218
chr13:99000000-99500000	chr13	-0.101916	-0.523183	-0.0765128	3	1.65381	1.86006	1.50913	1.54552	1.66923	1.44185
chr13:99500000-100000000	chr13	-0.11016	-0.013785	-0.307591	4	1.16695	1.0244	1.09524	1.06195	0.983819	1.23249
chr13:100000000-100500000	chr13	-0.126208	-0.381739	-0.235939	1	0.730096	0.485561	0.451185	0.556922	0.767098	0.936563
chr13:100500000-101000000	chr13	-0.189396	0.53343	-0.426461	2	0.956916	0.473287	0.315535	0.7657	0.682816	0.360963
chr13:101000000-101500000	chr13	0.0751479	0.214441	-0.109173	2	-1.17504	-1.10448	-1.26869	-0.994878	-0.998734	-1.00453
chr13:101500000-102000000	chr13	-0.0870644	0.39262	-0.00546435	1	-1.27349	-1.21513	-1.21738	-1.20898	-1.12662	-1.23876
chr13:102000000-102500000	chr13	0.237951	1.14568	0.178083	0	-1.18436	-1.20092	-1.2905	-1.04564	-1.17488	-1.17986
chr13:102500000-103000000	chr13	-0.0774711	0.457382	-0.19592	7	-0.0786542	0.105845	0.235936	-0.0470859	0.151514	0.151708
chr13:103000000-103500000	chr13	0.273	0.609274	0.122916	1	0.458555	0.524143	0.346967	0.292201	0.303734	0.300346
chr13:103500000-104000000	chr13	0.237451	0.170329	0.158387	0	0.157219	0.221553	-0.210093	-0.0973211	-0.15543	-0.00613315
chr13:104000000-104500000	chr13	0.259255	-0.0772162	0.0904273	0	-0.46809	-0.586279	-0.757456	-0.804751	-0.769536	-0.810496
chr13:104500000-105000000	chr13	0.189629	0.0164135	-0.073093	0	-0.186085	-0.256316	-0.132966	-0.182551	-0.407017	-0.363851
chr13:105000000-105500000	chr13	0.020572	-0.392654	-0.360234	1	0.18466	-0.324077	0.0329058	0.169435	0.177046	-0.122327
chr13:105500000-106000000	chr13	-8.73858e-05	-0.58047	-0.359448	0	0.486779	0.391066	0.474234	0.607294	0.521959	0.585109
chr13:106000000-106500000	chr13	-0.179144	-0.448043	-0.248557	0	0.671315	0.724173	0.895841	0.703763	0.594062	0.71631
chr13:106500000-107000000	chr13	0.176554	0.66687	-0.0637842	2	0.284923	0.5153	0.28039	0.227158	0.117295	0.0997245
chr13:107000000-107500000	chr13	-0.113055	0.369299	-0.112562	0	-0.635352	-0.636999	-0.365732	-0.543329	-0.588829	-0.633175
chr13:107500000-108000000	chr13	-0.39904	0.256572	-0.145585	1	-0.78314	-0.845551	-0.970517	-0.712988	-0.85478	-0.996763
chr13:108000000-108500000	chr13	-0.226974	0.126451	-0.229564	3	-0.43693	-0.357098	-0.428612	-0.252017	-0.472745	-0.411489
chr13:108500000-109000000	chr13	0.0139808	-0.349061	-0.353817	1	-0.634846	-0.357489	-0.325422	-0.502159	-0.394821	-0.363
chr13:109000000-109500000	chr13	-0.0563309	-0.594454	-0.358874	0	0.31752	0.633274	0.445209	0.756595	0.39656	0.750423
chr13:109500000-110000000	chr13	-0.137774	-0.562798	-0.179061	1	0.698487	0.874187	0.745803	0.965751	0.806362	0.838993
chr13:110000000-110500000	chr13	-0.12717	-0.869094	0.0292125	2	1.26867	1.42664	1.61203	1.5913	1.20723	1.2991
chr13:110500000-111000000	chr13	-0.022564	-0.447236	-0.179775	5	1.58544	1.56719	1.60747	1.62246	1.59394	1.46561
chr13:111000000-111500000	chr13	0.0115453	0.21684	-0.0865507	2	1.43254	1.72345	1.55645	1.49019	1.60626	1.5185
chr13:111500000-112000000	chr13	0.0496473	0.840229	-0.073726	0	0.773065	1.27411	1.1648	0.991424	1.30805	1.18078
chr13:112000000-112500000	chr13	-0.0735726	0.849748	0.219364	2	0.823951	1.5462	1.18724	1.22394	1.43508	1.19645
chr13:112500000-113000000	chr13	-0.25923	-0.0578986	-0.0319774	3	1.62309	1.78897	1.66827	1.67588	1.53726	1.49614
chr13:113000000-113500000	chr13	-0.138503	-0.556495	-0.123493	10	1.93007	1.6033	1.66492	1.60176	1.75967	1.47092
chr13:113500000-114000000	chr13	-0.126479	-0.577965	0.0718788	6	1.52082	1.70249	1.67734	1.40055	1.39648	1.37514
chr14:20000000-20500000	chr14	0.327848	0.0927519	0.184414	17	-0.547537	-0.590115	-0.574397	-0.557605	-0.543273	-0.269888
chr14:20500000-21000000	chr14	-0.128687	0.278884	0.0949975	15	-0.168543	0.0767412	-0.0439622	0.0995422	-0.0695901	0.221327
chr14:21000000-21500000	chr14	-0.148265	-0.608506	-0.00651152	15	0.931067	1.20023	1.02824	1.26677	0.978549	1.15579
chr14:21500000-22000000	chr14	0.12685	0.422242	0.129651	6	-0.140411	0.332031	0.134151	0.226196	-0.0509098	0.274394
chr14:22000000-22500000	chr14	0.152903	-0.16971	-0.140372	0	0.265425	0.544702	0.289767	0.210032	0.275539	0.533127
chr14:22500000-23000000	chr14	-0.203636	-0.549689	0.0190498	13	1.15614	1.48297	1.26759	1.39081	1.19602	1.39914
chr14:23000000-23500000	chr14	0.0800142	-0.503991	-0.0779564	21	1.59758	1.61095	1.61631	1.7097	1.42437	1.31454
chr14:23500000-24000000	chr14	-0.0872066	0.184609	0.193665	7	1.37	1.50269	1.35633	1.38466	1.12761	1.28986
chr14:24000000-24500000	chr14	-0.308654	0.152603	0.0891524	34	1.02702	1.14915	1.27762	1.20608	1.13194	1.12394
chr14:24500000-25000000	chr14	0.0945122	0.654906	0.156281	4	-0.678368	-0.643858	-0.596643	-0.796815	-0.274488	-0.550755
chr14:25000000-25500000	chr14	0.123409	0.774901	0.159453	1	-1.01457	-0.86242	-1.08773	-1.07111	-1.14199	-1.06038
chr14:25500000-26000000	chr14	0.384718	0.78633	0.327888	0	-1.1945	-1.24462	-1.30736	-1.34865	-1.42906	-1.3034
chr14:26000000-26500000	chr14	0.217921	0.332421	0.178615	0	-1.13321	-0.94767	-0.94077	-1.08647	-1.10199	-0.945864
chr14:26500000-27000000	chr14	0.0577311	0.207826	0.351214	1	-0.951564	-0.69485	-1.10095	-0.95714	-0.875678	-0.814103
chr14:27000000-27500000	chr14	0.298494	0.370841	0.469446	0	-1.24251	-1.38828	-1.36818	-1.35561	-1.45598	-1.47691
chr14:27500000-28000000	chr14	0.276381	0.460997	0.278552	0	-1.43278	-1.40425	-1.34557	-1.29507	-1.33724	-1.33895
chr14:28000000-28500000	chr14	0.376347	0.247571	0.235344	0	-1.28024	-1.41773	-1.39977	-1.31471	-1.43121	-1.38903
chr14:28500000-29000000	chr14	-0.0647266	0.446513	0.303669	1	-1.34319	-1.29108	-1.2531	-1.37895	-1.4225	-1.48476
chr14:29000000-29500000	chr14	-0.189394	0.680135	0.277127	0	-0.836186	-0.948858	-1.1791	-0.934887	-1.38821	-1.38191
chr14:29500000-30000000	chr14	-0.0630538	0.405834	-0.116847	1	-0.896364	-0.912701	-0.970129	-0.999867	-1.087	-1.06925
chr14:30000000-30500000	chr14	-0.127917	0.775885	0.0556297	0	-0.828033	-0.655868	-0.754125	-1.08995	-1.07362	-1.05265
chr14:30500000-31000000	chr14	-0.0945794	-0.664261	-0.19925	3	0.564805	0.487232	0.0918972	0.404774	0.3524	0.31888
chr14:31000000-31500000	chr14	-0.0525111	-1.10303	-0.0534524	6	1.12683	0.910053	0.578809	1.17482	0.882265	1.00325
chr14:31500000-32000000	chr14	-0.220027	-0.479903	-0.174566	1	-0.673777	-1.03317	-0.833781	-0.930115	-0.136303	-0.478159
chr14:32000000-32500000	chr14	0.078968	-1.11095	0.063078	4	0.770934	0.159203	0.177806	0.133935	0.581332	0.718583
chr14:32500000-33000000	chr14	0.113786	-0.961899	0.115059	1	-0.836471	-0.970818	-0.809001	-0.932411	-0.785051	-1.01208
chr14:33000000-33500000	chr14	-0.184188	-0.516933	-0.136364	0	-1.26013	-1.28173	-1.2834	-1.24252	-1.23767	-1.33468
chr14:33500000-34000000	chr14	-0.183706	-0.328911	-0.17713	1	-0.381742	-0.749775	-0.89503	-0.542541	-0.660226	-0.710213
chr14:34000000-34500000	chr14	-0.0514593	-0.310962	-0.389821	1	0.281414	0.12017	-0.0347274	0.103287	0.0774757	0.111141
chr14:34500000-35000000	chr14	0.0113753	-0.844038	0.0083272	5	1.15371	0.834996	1.05556	1.0139	1.08241	1.0278
chr14:35000000-35500000	chr14	-0.298362	-0.456476	-0.3581	5	0.776454	0.931685	0.907076	1.11444	0.899204	0.76948
chr14:35500000-36000000	chr14	-0.168391	-0.115585	0.0274197	3	-0.79162	-0.534797	-0.767668	-0.645172	-0.523915	-0.692364
chr14:36000000-36500000	chr14	0.345878	0.812812	-0.0286789	2	-1.01198	-1.04577	-1.04394	-0.981192	-0.998692	-1.00568
chr14:36500000-37000000	chr14	-0.0553607	0.878316	0.154767	3	-0.877445	-0.712221	-0.673241	-0.720505	-0.501561	-0.668115
chr14:37000000-37500000	chr14	-0.193101	0.549661	-0.0219436	2	-1.23297	-1.27038	-1.15464	-1.18525	-1.22918	-1.25343
chr14:37500000-38000000	chr14	-0.00674902	0.690081	0.240965	2	-1.32136	-1.40907	-1.24098	-1.29109	-1.35844	-1.22767
chr14:38000000-38500000	chr14	-0.110742	0.485879	0.210448	2	-1.10956	-1.00995	-1.03562	-1.23684	-1.20633	-1.11092
chr14:38500000-39000000	chr14	0.253785	0.774573	0.375001	0	-1.07542	-1.03377	-1.2289	-1.20362	-1.14213	-1.16139
chr14:39000000-39500000	chr14	-0.170408	-0.312323	0.234648	6	-0.015027	-0.0347747	0.369794	0.0578292	0.110316	0.14763
chr14:39500000-40000000	chr14	0.0809514	0.865928	-0.0863316	0	-0.936826	-0.927207	-0.760095	-0.935868	-0.995473	-1.06626
chr14:40000000-40500000	chr14	0.129718	0.528659	0.404135	0	-1.08085	-0.894445	-1.00421	-1.00015	-1.0746	-1.18226
chr14:40500000-41000000	chr14	0.157266	0.143911	0.589765	0	-1.3097	-1.12171	-1.1363	-1.22522	-1.24169	-1.26421
chr14:41000000-41500000	chr14	-0.0165361	0.225838	0.452091	0	-1.0492	-1.05521	-1.086	-1.03968	-1.00437	-1.22894
chr14:41500000-42000000	chr14	-0.0833225	-0.147697	0.153062	1	-0.7543	-0.673697	-0.687551	-0.752811	-1.0933	-1.01622
chr14:42000000-42500000	chr14	-0.137465	0.0209778	0.231832	0	-0.921839	-0.722536	-0.890663	-0.985556	-1.27193	-1.17825
chr14:42500000-43000000	chr14	-0.0403166	-0.0840223	0.271834	0	-1.44786	-1.28199	-1.34692	-1.26757	-1.43857	-1.368
chr14:43000000-43500000	chr14	0.405273	0.133607	0.462548	0	-1.24953	-1.23478	-1.27599	-1.30529	-1.36067	-1.32341
chr14:43500000-44000000	chr14	0.121731	0.443061	0.244601	0	-0.978622	-0.839342	-0.740252	-1.02187	-1.02768	-1.0857
chr14:44000000-44500000	chr14	0.24138	0.0924576	0.478022	0	-0.70088	-0.871753	-0.803311	-0.639778	-0.786101	-0.870311
chr14:44500000-45000000	chr14	0.00469121	0.258889	0.0575256	4	-0.423948	-0.399155	-0.321044	-0.433899	-0.623413	-0.546136
chr14:45000000-45500000	chr14	0.0967608	0.297661	0.210134	4	-0.711518	-0.612716	-0.587919	-0.569301	-0.560339	-0.727358
chr14:45500000-46000000	chr14	0.213178	0.652846	0.480839	0	-1.46223	-1.26596	-1.4222	-1.35617	-1.41188	-1.40391
chr14:46000000-46500000	chr14	0.128761	0.47012	0.43839	0	-1.28203	-1.37358	-1.44904	-1.37056	-1.37272	-1.40207
chr14:46500000-47000000	chr14	0.156431	0.426901	0.327002	1	-1.46613	-1.4456	-1.47698	-1.49437	-1.50462	-1.4468
chr14:47000000-47500000	chr14	0.187068	0.155409	0.207093	0	-1.14859	-1.23256	-1.16063	-1.2084	-1.29496	-1.24582
chr14:47500000-48000000	chr14	0.235159	0.479859	0.480637	1	-1.02806	-1.01553	-1.00047	-0.961195	-1.10026	-0.975845
chr14:48000000-48500000	chr14	0.295836	0.19646	0.782861	0	-1.13903	-1.19006	-1.0658	-0.987143	-0.998338	-0.81781
chr14:48500000-49000000	chr14	0.0825653	0.413445	0.547344	0	-1.02781	-0.930885	-1.09956	-1.08696	-1.11796	-1.18482
chr14:49000000-49500000	chr14	0.242397	1.0603	0.0456238	0	-0.962662	-0.996956	-1.00015	-1.06024	-1.28465	-1.27437
chr14:49500000-50000000	chr14	0.198888	-0.860042	-0.111179	10	0.525019	0.695601	0.532395	0.634647	0.849871	0.655102
chr14:50000000-50500000	chr14	0.102276	-1.18113	0.0197046	5	1.03063	1.19575	1.02582	1.43856	1.01352	1.16386
chr14:50500000-51000000	chr14	-0.215686	-1.03455	-0.241952	6	1.46628	1.26368	1.04897	1.2382	1.19494	1.2571
chr14:51000000-51500000	chr14	-0.0272282	-0.923788	-0.251132	2	1.12294	0.679464	1.00479	0.926532	0.813364	0.895265
chr14:51500000-52000000	chr14	0.0894777	-1.12432	0.043876	3	0.57292	0.852867	0.5894	0.891443	0.827494	1.00249
chr14:52000000-52500000	chr14	0.0438199	-0.762365	-0.124863	3	0.291909	-0.241077	0.167176	0.1664	0.465885	0.258903
chr14:52500000-53000000	chr14	0.209317	-1.29687	-0.0996361	7	0.627591	0.436889	0.608632	0.701391	0.804777	0.757379
chr14:53000000-53500000	chr14	-0.0795438	-0.705209	-0.216525	1	0.67743	0.412419	0.834255	0.62776	0.559887	0.429629
chr14:53500000-54000000	chr14	0.0439257	-0.94654	0.051055	1	0.481728	-0.102727	0.215099	-0.0184644	0.204697	0.246724
chr14:54000000-54500000	chr14	-0.133425	-0.910607	-0.13693	3	0.323084	0.866416	0.970226	0.775756	0.530817	0.698228
chr14:54500000-55000000	chr14	-0.00584559	-0.909517	-0.153291	3	1.01784	0.660235	1.44063	0.836149	1.17871	0.988983
chr14:55000000-55500000	chr14	-0.15963	-0.78263	-0.0100465	8	1.18379	1.47845	1.25474	1.02601	1.07561	1.26484
chr14:55500000-56000000	chr14	0.0419814	-0.112149	0.0415336	1	0.672242	0.757725	0.734617	1.07351	0.554287	0.862555
chr14:56000000-56500000	chr14	-0.269594	0.435657	-0.0321999	1	0.36559	0.662248	0.34299	0.389466	0.708949	0.647891
chr14:56500000-57000000	chr14	0.0124481	0.696477	0.273784	2	0.188708	0.161417	0.378311	0.270916	0.45785	0.386708
chr14:57000000-57500000	chr14	-0.02664	0.4439	0.394357	4	0.0617899	-0.170404	0.0306005	0.0122479	0.250335	0.150014
chr14:57500000-58000000	chr14	0.125487	1.34542	-0.0144025	1	-1.08181	-1.10448	-1.10318	-1.10989	-1.09591	-1.1116
chr14:58000000-58500000	chr14	-0.126709	-0.512752	-0.133387	7	0.496525	0.402139	0.305608	0.540092	0.659794	0.680437
chr14:58500000-59000000	chr14	-0.250788	-0.456114	-0.358327	1	0.939151	0.70587	0.666036	0.593962	0.52995	0.787846
chr14:59000000-59500000	chr14	0.0656119	-0.800613	-0.0961587	4	-0.334909	-0.260729	-0.119247	-0.34069	0.123894	0.0548394
chr14:59500000-60000000	chr14	-0.153199	0.887922	0.320071	3	-1.25735	-1.44732	-1.38629	-1.40934	-1.24783	-1.3341
chr14:60000000-60500000	chr14	-0.110735	0.131063	0.039666	4	-1.20213	-1.30238	-1.19452	-1.25814	-0.939724	-0.972549
chr14:60500000-61000000	chr14	-0.211155	-0.23827	-0.179086	6	-0.572455	-0.561471	-0.551253	-0.564315	-0.195443	-0.169938
chr14:61000000-61500000	chr14	-0.0335868	-0.138076	-0.078787	2	0.181358	-0.257677	0.0438529	-0.327295	0.26737	0.168798
chr14:61500000-62000000	chr14	0.141245	-0.695444	-0.0118156	3	-0.339023	-0.512524	-0.339313	-0.362069	-0.100648	-0.177653
chr14:62000000-62500000	chr14	-0.187228	0.667435	0.00209374	0	-1.41321	-1.35311	-1.29863	-1.23709	-1.24767	-1.13845
chr14:62500000-63000000	chr14	0.308224	0.474827	0.0834887	0	-1.37659	-1.38166	-1.32181	-1.22917	-1.23256	-1.21365
chr14:63000000-63500000	chr14	-0.0499264	0.222866	0.00721296	3	-0.955064	-1.03864	-1.00155	-1.10654	-0.923508	-0.839722
chr14:63500000-64000000	chr14	0.0344882	-0.537978	-0.290989	4	0.266988	0.175906	0.453308	0.0951803	0.346074	0.455492
chr14:64000000-64500000	chr14	-0.0133205	-0.387978	-0.179255	3	0.572504	0.567822	0.59977	0.694604	0.657408	0.625076
chr14:64500000-65000000	chr14	0.0300214	-0.599334	-0.224351	10	1.34253	1.22076	1.24891	1.40431	1.23437	1.10894
chr14:65000000-65500000	chr14	-0.0956664	-0.299405	-0.13375	2	0.0274175	0.0587222	0.170395	0.0584273	-0.0325585	0.124516
chr14:65500000-66000000	chr14	-0.178246	0.0755979	-0.10342	0	-0.710561	-1.1225	-1.10119	-0.624056	-0.875364	-0.705941
chr14:66000000-66500000	chr14	0.0637886	0.652308	-0.125401	1	-1.05828	-1.20551	-1.10631	-0.822844	-0.880092	-0.951259
chr14:66500000-67000000	chr14	-0.139474	0.0872639	-0.00935488	1	-1.38511	-1.31551	-1.22543	-1.35507	-1.25426	-1.2663
chr14:67000000-67500000	chr14	-0.159794	-0.310083	0.0374268	6	-0.625251	-0.734619	-0.727585	-0.792974	-0.544135	-0.661432
chr14:67500000-68000000	chr14	0.0788912	-0.921187	0.123857	8	1.21792	1.07204	1.08333	1.10469	1.15504	1.05136
chr14:68000000-68500000	chr14	0.0613177	-1.1845	0.318961	0	1.24635	1.03305	0.923759	1.22584	1.12532	1.04774
chr14:68500000-69000000	chr14	-0.0228993	-0.753448	0.142877	2	1.28228	1.1814	1.175	1.29603	1.30645	1.28651
chr14:69000000-69500000	chr14	0.268592	-1.07966	-0.0263943	6	1.55444	1.37792	1.42956	1.39276	1.43719	1.30135
chr14:69500000-70000000	chr14	-0.116788	0.132491	-0.310038	5	1.08976	1.06025	1.20791	1.0867	1.43498	1.24377
chr14:70000000-70500000	chr14	0.294264	0.651098	-0.04155	4	0.858221	0.974493	0.891202	0.522531	1.21876	0.853547
chr14:70500000-71000000	chr14	0.00531859	-0.184256	-0.275098	5	1.00216	0.787839	1.00222	0.585413	1.10661	1.2736
chr14:71000000-71500000	chr14	0.179475	-0.97261	-0.0514876	1	1.04404	1.24421	0.836066	0.925812	0.71733	1.06494
chr14:71500000-72000000	chr14	0.0838904	-0.362105	0.0278285	1	0.885937	0.913587	0.485649	0.592939	0.840053	0.648844
chr14:72000000-72500000	chr14	0.0683285	0.544338	0.0134633	0	0.237149	0.466124	0.386404	0.588923	0.533271	0.72989
chr14:72500000-73000000	chr14	-0.242337	-0.298906	-0.0734954	2	1.15487	1.10986	1.02572	0.971882	1.28601	1.08794
chr14:73000000-73500000	chr14	0.0343826	-0.92276	-0.0804815	6	1.34953	1.51299	1.35683	1.52658	1.29826	1.32673
chr14:73500000-74000000	chr14	0.106673	-0.96716	0.124763	12	1.45839	1.48768	1.52628	1.48882	1.4486	1.23298
chr14:74000000-74500000	chr14	0.0372739	-0.782156	-0.149581	10	1.52506	1.42231	1.56738	1.554	1.41577	1.48054
chr14:74500000-75000000	chr14	0.0191241	-0.841858	-0.200832	8	1.5751	1.42463	1.53169	1.47818	1.36666	1.42654
chr14:75000000-75500000	chr14	-0.121005	-0.714329	-0.0521145	8	1.44726	1.37658	1.40558	1.51455	1.31638	1.4036
chr14:75500000-76000000	chr14	-0.0631116	-0.604896	-0.1772	6	1.14209	1.52813	1.28749	1.38076	1.41269	1.35734
chr14:76000000-76500000	chr14	-0.355749	0.404634	-0.358983	2	1.15613	1.1857	1.22824	1.10396	1.1997	1.08112
chr14:76500000-77000000	chr14	-0.0297471	0.172971	-0.057942	3	1.31944	1.38349	1.40946	1.46739	1.33526	1.21134
chr14:77000000-77500000	chr14	-0.175383	-0.106389	-0.416302	13	1.26287	1.1695	1.18139	1.17245	1.26617	1.23471
chr14:77500000-78000000	chr14	0.0185467	0.508631	-0.109229	5	-0.0677853	0.218008	0.172138	0.173576	0.557949	0.177956
chr14:78000000-78500000	chr14	0.184343	1.41283	0.235854	1	-0.708247	-0.946132	-0.835783	-0.925746	-0.537435	-0.909292
chr14:78500000-79000000	chr14	0.0693408	1.02841	0.18251	0	-0.971495	-0.981422	-0.871386	-0.942194	-0.751435	-0.844475
chr14:79000000-79500000	chr14	0.0354692	0.234338	0.049655	0	-0.678664	-0.610684	-0.48007	-0.600005	-0.633218	-0.613699
chr14:79500000-80000000	chr14	-0.0800795	0.337528	0.128762	0	-0.581775	-0.384142	-0.534053	-0.224194	-0.524635	-0.460864
chr14:80000000-80500000	chr14	-0.0355114	0.274749	0.0484524	1	-1.18744	-1.31786	-1.27404	-1.35181	-1.32367	-1.2792
chr14:80500000-81000000	chr14	0.000823408	0.102269	-0.148957	2	-1.14587	-1.20351	-1.20973	-1.20403	-1.09177	-1.28277
chr14:81000000-81500000	chr14	-0.0487796	0.892225	-0.0792389	2	-0.979443	-0.716759	-0.760587	-1.09794	-0.846933	-0.867642
chr14:81500000-82000000	chr14	0.186685	1.13538	0.240883	1	-0.68084	-0.792053	-0.722602	-0.739135	-0.88739	-0.945322
chr14:82000000-82500000	chr14	0.336419	0.840849	0.435728	0	-1.24879	-1.18671	-1.13225	-1.20128	-1.28174	-1.3206
chr14:82500000-83000000	chr14	0.238311	0.591195	0.369986	0	-1.16201	-1.1226	-1.23213	-1.08635	-1.26281	-1.25749
chr14:83000000-83500000	chr14	-0.0771389	-0.221219	0.120574	0	-1.04182	-0.912062	-1.11846	-0.766156	-1.0245	-1.09686
chr14:83500000-84000000	chr14	-0.123509	-0.328271	-0.179736	0	-0.891962	-1.0439	-1.02515	-0.916125	-1.17157	-1.03182
chr14:84000000-84500000	chr14	0.00429542	-0.491615	-0.0144206	0	-0.569458	-0.622368	-0.940236	-0.805127	-0.715761	-0.722026
chr14:84500000-85000000	chr14	0.289998	-0.379842	0.169083	0	-0.704663	-1.11862	-0.911671	-0.996034	-1.00417	-0.8757
chr14:85000000-85500000	chr14	-0.0293749	-0.491123	-0.0386923	0	-0.670084	-0.589621	-0.714869	-0.385936	-0.69374	-0.887341
chr14:85500000-86000000	chr14	0.0449845	0.175617	0.199605	1	-0.95774	-0.792646	-1.00528	-0.815125	-0.999388	-1.03058
chr14:86000000-86500000	chr14	0.372014	0.585337	0.630272	0	-1.12996	-1.16265	-1.11881	-1.08937	-1.22351	-1.19242
chr14:86500000-87000000	chr14	0.0236162	0.318069	0.344489	0	-0.943174	-1.01052	-0.927604	-1.05931	-1.03341	-1.03313
chr14:87000000-87500000	chr14	0.508229	0.698344	0.357017	0	-0.949029	-0.848595	-0.985382	-0.899993	-0.999139	-0.945632
chr14:87500000-88000000	chr14	0.094352	1.13017	0.270727	1	-0.753194	-0.628835	-0.767083	-0.677054	-0.784485	-0.814216
chr14:88000000-88500000	chr14	0.116688	1.04175	0.0122629	3	-0.31535	-0.185458	-0.228963	-0.241698	-0.532944	-0.278171
chr14:88500000-89000000	chr14	-0.189751	0.0316244	-0.101401	4	0.0758965	-0.49634	-0.23751	-0.0803211	-0.0375312	-0.324991
chr14:89000000-89500000	chr14	-0.282069	-0.00551939	-0.123549	1	0.305723	0.195879	0.744744	0.247139	0.400752	0.165972
chr14:89500000-90000000	chr14	-0.343271	-0.404904	-0.0619657	2	0.292807	0.0933392	0.0419629	0.165129	0.716113	0.342457
chr14:90000000-90500000	chr14	-0.211745	-0.120071	-0.206322	4	0.951346	0.697564	1.05463	0.838089	0.857863	0.904111
chr14:90500000-91000000	chr14	-0.259014	-0.105759	-0.243531	1	0.926865	0.940387	1.00785	0.650801	0.936515	1.06794
chr14:91000000-91500000	chr14	-0.358852	0.221809	-0.268126	4	1.16162	0.942912	0.978843	1.03702	1.09377	1.17535
chr14:91500000-92000000	chr14	0.0659858	0.497531	0.0861797	4	0.0986887	-0.0699381	0.14654	0.364423	0.154978	0.173741
chr14:92000000-92500000	chr14	-0.251461	0.4393	-0.255279	5	1.04998	1.08615	0.992088	0.924432	1.02672	1.00553
chr14:92500000-93000000	chr14	-0.14423	0.25023	-0.270479	4	1.54391	1.41201	1.23148	1.11286	1.19912	1.25724
chr14:93000000-93500000	chr14	-0.048864	0.440227	0.0170223	8	0.908263	1.11118	1.03083	1.15066	1.06349	1.07565
chr14:93500000-94000000	chr14	-0.00824504	1.29305	0.200258	4	1.27065	0.923655	1.3769	1.12382	0.91134	1.14916
chr14:94000000-94500000	chr14	0.183884	0.910913	0.388406	11	0.804827	0.73457	0.743769	0.869153	0.712887	1.02095
chr14:94500000-95000000	chr14	0.228936	1.13863	0.0648038	5	0.897175	0.797337	1.04064	1.17564	1.12362	1.07827
chr14:95000000-95500000	chr14	-0.171912	0.914225	-0.0230563	2	1.24706	1.35426	1.38949	1.04684	1.26394	1.20933
chr14:95500000-96000000	chr14	0.0456768	1.21249	-0.156705	5	1.10412	0.83744	1.00607	1.35643	0.955431	1.17781
chr14:96000000-96500000	chr14	-0.322138	0.424152	-0.113611	6	1.30095	1.24218	1.43174	1.25813	1.21644	1.21257
chr14:96500000-97000000	chr14	0.171225	0.924983	0.120007	2	0.699134	1.1967	0.934411	0.769859	0.752574	0.801952
chr14:97000000-97500000	chr14	-0.0233547	1.23583	-0.0019401	0	0.039845	0.583019	0.67284	0.13531	0.378732	0.488103
chr14:97500000-98000000	chr14	-0.0337561	1.32403	0.0926036	0	-0.188585	0.708643	0.285119	-0.118179	-0.0905466	0.0665889
chr14:98000000-98500000	chr14	0.252928	1.13861	0.0867984	0	-0.264974	0.411724	0.131568	0.342941	0.271082	0.223793
chr14:98500000-99000000	chr14	0.157142	1.11436	-0.134415	0	-0.153021	0.137172	0.397747	0.394093	0.166781	0.187
chr14:99000000-99500000	chr14	-0.163468	0.719131	0.054566	3	0.741389	1.10995	0.83217	1.18998	0.636564	0.591063
chr14:99500000-100000000	chr14	-0.309447	-0.267166	-0.010275	4	1.33076	1.32346	1.42885	1.04382	1.37063	1.23686
chr14:100000000-100500000	chr14	-0.206918	-0.299449	-0.0840342	7	1.44842	1.35014	1.3792	1.38285	1.17673	1.21744
chr14:100500000-101000000	chr14	-0.146496	0.0177775	0.0592174	4	1.21523	1.27297	1.1572	0.898423	1.17331	0.917182
chr14:101000000-101500000	chr14	-0.387	0.454232	0.0202029	0	0.711938	0.789387	0.647911	0.657183	0.752001	0.940725
chr14:101500000-102000000	chr14	-0.10579	-0.457401	0.0553478	3	1.37986	1.2536	1.31384	1.13487	1.11691	1.20781
chr14:102000000-102500000	chr14	0.0110751	-0.799112	-0.110472	6	1.50603	1.2491	1.32386	1.31323	1.41341	1.28958
chr14:102500000-103000000	chr14	-0.155759	-0.829742	-0.0599134	4	1.34147	1.37883	1.36554	1.2597	1.34545	1.26169
chr14:103000000-103500000	chr14	-0.027946	-0.995918	0.116371	6	1.61422	1.40772	1.27365	1.37015	1.45265	1.25536
chr14:103500000-104000000	chr14	-0.110727	-0.649504	-0.0148724	11	1.42985	1.38679	1.46348	1.5812	1.36312	1.32742
chr14:104000000-104500000	chr14	-0.268601	0.248304	-0.00555972	2	1.36261	1.55068	1.40147	1.47237	1.2156	1.32722
chr14:104500000-105000000	chr14	-0.333425	-0.0338239	0.142739	11	1.30209	1.41402	1.31666	1.5433	1.26736	1.22069
chr14:105000000-105500000	chr14	-0.499032	0.0335325	0.241149	12	0.725416	0.955938	0.785105	0.974131	0.793548	0.858825
chr14:105500000-106000000	chr14	-0.0758042	0.921208	0.528032	1	-0.310991	-0.370369	-0.400384	-0.292219	-0.311345	-0.319791
chr14:106000000-106500000	chr14	0.280372	0.667032	0.311952	0	-0.971647	-0.847025	-0.989281	-0.859781	-1.00082	-0.823692
chr15:22500000-23000000	chr15	-0.0212508	-0.201706	-0.235562	3	-1.20483	-1.22947	-1.01131	-1.5365	-0.756321	-1.20773
chr15:23000000-23500000	chr15	0.207644	0.419784	-0.103148	5	-1.55563	-1.78472	-1.83436	-1.92548	-1.34933	-1.21958
chr15:23500000-24000000	chr15	0.154189	0.847338	0.0978072	3	-1.66963	-1.74579	-1.62932	-1.56947	-1.46713	-1.53941
chr15:24000000-24500000	chr15	0.324364	0.729701	0.201276	0	-1.87039	-1.93877	-1.49074	-1.75586	-1.38646	-1.07545
chr15:24500000-25000000	chr15	0.0801556	0.465784	0.107317	3	-1.23576	-1.51017	-1.51148	-1.16121	-1.32132	-1.26208
chr15:25000000-25500000	chr15	0.315121	-0.0936194	0.155323	1	-1.34475	-1.10421	-1.00418	-1.08238	-1.1285	-0.841989
chr15:25500000-26000000	chr15	0.0467082	0.635128	0.084458	1	-1.19725	-1.13698	-0.959891	-1.21437	-1.17555	-1.21317
chr15:26000000-26500000	chr15	0.123984	0.731344	0.285796	0	-1.40498	-1.40692	-1.28021	-1.41443	-1.54028	-1.37397
chr15:26500000-27000000	chr15	-0.118051	0.672987	0.243803	3	-1.40697	-1.19783	-1.24195	-1.48873	-1.51682	-1.46776
chr15:27000000-27500000	chr15	0.0788127	0.656373	0.258852	0	-1.59336	-1.71258	-1.57882	-1.66798	-1.79571	-1.69228
chr15:27500000-28000000	chr15	-0.0591966	0.630629	0.00132856	0	-1.72792	-1.61787	-1.47838	-1.56028	-1.58921	-1.77758
chr15:28000000-28500000	chr15	-0.158466	0.361379	-0.26082	4	-1.56775	-1.44908	-1.60109	-1.50208	-1.16447	-1.08859
chr15:28500000-29000000	chr15	-0.382225	0.145161	-0.320383	5	-1.20782	-1.16356	-0.733747	-0.397916	0.137663	-0.420021
chr15:29000000-29500000	chr15	-0.272635	0.384571	0.0383051	1	-0.981484	-1.14759	-0.965754	-0.935761	-0.716827	-1.17854
chr15:29500000-30000000	chr15	0.148859	-0.702636	-0.0373041	2	-0.348171	-0.85595	-0.167901	-0.480598	-0.0421325	-0.558992
chr15:30500000-31000000	chr15	-0.0637588	-0.0239993	-0.0264892	5	-0.565899	-0.51887	-0.383665	0.143164	-0.248948	-0.495593
chr15:31000000-31500000	chr15	-0.563807	0.413505	-0.270068	2	-0.272433	-0.363412	-0.300787	0.00734351	-0.194954	-0.269122
chr15:31500000-32000000	chr15	0.110748	0.902638	-0.143075	1	-1.25649	-1.27794	-1.32246	-0.614867	-1.09617	-1.23889
chr15:32500000-33000000	chr15	-0.127535	-0.517268	-0.08003	4	-0.891746	-0.142657	-0.250054	0.441476	-0.391996	-0.797314
chr15:33000000-33500000	chr15	-0.3686	0.146362	-0.0500546	2	-0.246095	0.486131	0.292326	1.16234	-0.471222	-0.39944
chr15:33500000-34000000	chr15	-0.281968	0.252302	-0.185076	1	-0.558677	-0.251838	0.135502	0.454678	-0.40554	-0.723022
chr15:34000000-34500000	chr15	-0.048744	-0.734927	0.0862446	10	0.71328	1.04066	0.860833	1.06955	0.718028	0.719681
chr15:34500000-35000000	chr15	-0.175439	-0.845509	0.0467316	5	1.35544	1.39038	1.34752	1.66185	1.04045	1.06328
chr15:35000000-35500000	chr15	-0.378707	-0.765604	-0.206377	1	0.41688	0.728667	0.901296	0.715759	0.0932384	-0.31417
chr15:35500000-36000000	chr15	-0.122516	-1.05169	0.0182272	1	0.385683	0.870336	0.708598	0.724938	0.191262	-0.484314
chr15:36000000-36500000	chr15	-0.0388123	-1.13603	0.118757	0	0.167014	1.041	0.876129	1.42848	0.118586	-0.699767
chr15:36500000-37000000	chr15	-0.20894	-1.23832	0.0161372	1	0.372771	0.867811	0.73228	0.945968	-0.459991	0.0618745
chr15:37000000-37500000	chr15	0.0733446	-0.940436	0.0518943	1	0.481168	0.539169	0.00764747	0.984728	-0.769777	-0.55171
chr15:37500000-38000000	chr15	0.085914	-0.890671	0.043643	1	0.144742	0.557532	-0.0335637	1.15684	-0.502471	-0.386386
chr15:38000000-38500000	chr15	0.0235151	-1.29311	-0.173029	2	0.550493	0.838516	1.03523	1.31089	0.223795	-0.0813551
chr15:38500000-39000000	chr15	-0.161574	-0.915246	-0.000455756	1	1.03751	1.5266	1.26838	1.31875	0.817279	0.80818
chr15:39000000-39500000	chr15	0.136459	-1.29013	0.0539646	0	1.07688	1.64067	1.06868	1.62588	0.823385	0.98375
chr15:39500000-40000000	chr15	0.101646	-1.49993	0.232506	4	1.36611	1.65936	1.33186	1.4493	1.10023	1.25436
chr15:40000000-40500000	chr15	-0.024141	-1.02647	0.192455	14	1.3178	1.78294	1.62452	2.11566	1.21916	1.54016
chr15:40500000-41000000	chr15	-0.224778	-1.07989	0.0814602	15	1.34395	1.65436	1.53738	1.58321	1.49919	1.42895
chr15:41000000-41500000	chr15	0.0064436	-1.04393	-0.00638737	8	1.47512	1.46694	1.34814	1.98661	1.29685	1.51861
chr15:41500000-42000000	chr15	0.109813	-1.04661	0.168494	9	1.38661	1.62965	1.67698	2.00884	1.44048	1.57808
chr15:42000000-42500000	chr15	-0.0436661	-0.931513	-0.0694997	9	1.43699	1.39828	1.48691	1.63342	1.33515	1.43771
chr15:42500000-43000000	chr15	0.128884	-1.20385	-0.0574313	5	1.43883	1.39715	1.33907	1.70263	1.13903	1.48132
chr15:43000000-43500000	chr15	-0.112507	-1.00831	0.191779	11	1.23656	1.58462	1.51007	1.67075	1.26525	1.43679
chr15:43500000-44000000	chr15	-0.206235	-0.848915	-0.223148	13	0.968501	1.10164	1.12486	1.66731	0.906047	1.16068
chr15:44000000-44500000	chr15	0.0741556	-1.23213	0.147014	3	0.467965	0.925191	0.814101	1.15985	0.546222	0.672919
chr15:44500000-45000000	chr15	-0.00477955	-0.471261	-0.0120183	6	0.103057	-0.206043	0.36273	0.793348	-0.0346344	0.187859
chr15:45000000-45500000	chr15	-0.296215	0.0408279	0.0901024	10	-0.929068	-1.18008	-0.924458	-0.611289	-0.624779	-0.723323
chr15:45500000-46000000	chr15	-0.0783967	0.579674	0.153219	3	-1.53039	-1.36911	-1.48924	-1.33244	-1.38761	-1.68713
chr15:46000000-46500000	chr15	-0.0228263	0.978281	0.242746	0	-1.78184	-1.38793	-1.69904	-1.41019	-1.69272	-1.50101
chr15:46500000-47000000	chr15	0.216943	0.758516	0.445937	0	-1.68004	-1.47985	-1.63019	-1.23595	-1.69267	-1.82727
chr15:47000000-47500000	chr15	0.0784839	0.457194	0.26166	0	-1.0865	-0.867191	-1.10035	-0.889436	-0.991864	-1.10644
chr15:47500000-48000000	chr15	-0.245004	0.783945	-0.0267396	1	-0.742782	-0.740672	-0.889494	-0.421642	-0.678047	-1.02928
chr15:48000000-48500000	chr15	-0.00566085	-0.0177235	-0.118714	5	-1.30776	-1.14219	-1.22759	-1.14628	-1.20315	-1.32432
chr15:48500000-49000000	chr15	0.0103887	-0.668219	-0.120758	4	-1.49591	-1.37291	-1.42849	-1.32683	-1.26381	-1.45163
chr15:49000000-49500000	chr15	-0.149858	-0.485804	-0.0346421	4	-1.39664	-1.20094	-1.35102	-1.32922	-1.17722	-1.44472
chr15:49500000-50000000	chr15	0.179941	0.14844	0.145973	2	-1.58708	-1.61812	-1.54035	-1.54677	-1.42439	-1.50964
chr15:50000000-50500000	chr15	-0.10778	-0.291073	-0.126655	5	-0.931752	-0.95363	-1.2181	-0.648358	-0.936377	-1.01075
chr15:50500000-51000000	chr15	0.0482453	-0.914304	0.0303406	5	0.133639	0.293825	0.111403	0.233108	-0.0168539	0.294302
chr15:51000000-51500000	chr15	-0.350463	0.140349	-0.171505	3	-0.494005	-0.502404	-0.522424	-0.327065	-0.717356	-0.314376
chr15:51500000-52000000	chr15	-0.187096	-0.580642	0.106355	6	-0.363343	-0.558546	-0.3444	-0.184968	-0.406292	-0.420659
chr15:52000000-52500000	chr15	-0.109947	-0.616056	-0.227327	4	-0.336513	-0.443498	-0.21074	-0.100193	-0.255802	-0.36284
chr15:52500000-53000000	chr15	-0.00716913	0.0150286	0.0747596	4	-1.11821	-1.209	-1.10526	-0.771176	-1.12789	-1.27719
chr15:53000000-53500000	chr15	0.284376	1.00146	0.214242	0	-1.53112	-1.04528	-1.08304	-0.701908	-1.4655	-1.39938
chr15:53500000-54000000	chr15	0.305396	0.735104	0.302265	2	-1.53035	-1.43935	-1.35024	-1.45484	-1.65002	-1.66751
chr15:54000000-54500000	chr15	0.309244	0.684336	0.608841	0	-1.7218	-1.75914	-1.80608	-1.48319	-1.8095	-1.77688
chr15:54500000-55000000	chr15	0.237192	0.973942	0.376147	0	-1.66257	-1.60708	-1.82871	-1.65274	-1.87502	-1.69539
chr15:55000000-55500000	chr15	-0.0887592	0.415758	-0.145122	6	-1.37091	-1.55944	-1.6328	-1.63404	-1.46078	-1.43798
chr15:55500000-56000000	chr15	-0.0547331	-0.225272	-0.0628191	4	-0.984988	-1.25781	-0.823879	-1.05063	-0.822261	-1.07875
chr15:56000000-56500000	chr15	0.0167347	-0.485615	0.00113183	3	-1.32083	-1.46075	-1.14412	-1.20068	-1.29919	-1.35688
chr15:56500000-57000000	chr15	-0.0375331	-0.785481	-0.0434313	2	-0.486236	-0.718908	-0.620287	-0.597248	-0.434664	-0.821269
chr15:57000000-57500000	chr15	0.0752604	-1.19444	-0.10572	1	0.35133	-0.224892	-0.202973	0.292762	-0.198342	-0.427596
chr15:57500000-58000000	chr15	-0.168175	-0.295261	-0.134745	2	0.553863	0.199209	0.599671	0.282921	0.403385	-0.178146
chr15:58000000-58500000	chr15	-0.0682787	-0.465268	0.0146262	3	0.838583	0.716414	1.07228	1.0394	0.705005	0.224312
chr15:58500000-59000000	chr15	-0.102652	-1.15603	-0.0725258	4	0.960749	0.552194	0.747741	1.1704	0.795793	0.284902
chr15:59000000-59500000	chr15	-0.117834	-0.699185	-0.261933	4	0.786009	0.199584	0.737848	0.738855	0.205233	0.222267
chr15:59500000-60000000	chr15	-0.200494	-0.339522	0.054343	3	0.670441	0.502695	0.93255	0.96364	0.223859	0.230669
chr15:60000000-60500000	chr15	-0.161337	-0.425164	-0.129323	3	0.430251	1.2083	0.660104	0.438552	0.2471	0.218207
chr15:60500000-61000000	chr15	-0.324364	0.173526	-0.290489	0	0.206466	0.645436	0.162364	0.582701	-0.135371	-0.391394
chr15:61000000-61500000	chr15	-0.546855	0.436283	-0.212012	1	0.0183686	0.416065	0.123585	0.298079	-0.0913232	-0.216725
chr15:61500000-62000000	chr15	-0.214287	-0.181965	-0.0790903	0	0.205258	0.77004	0.525779	0.608004	-0.205629	0.282691
chr15:62000000-62500000	chr15	-0.249946	-0.647552	-0.192997	4	0.586043	0.568392	0.629837	0.578612	0.891001	0.46819
chr15:62500000-63000000	chr15	-0.230084	-0.850794	-0.0406363	0	1.13083	1.23933	0.827043	1.13692	1.29819	0.668171
chr15:63000000-63500000	chr15	0.0610234	-1.27154	0.418579	6	1.30314	1.02543	0.920607	1.40365	1.3154	1.33483
chr15:63500000-64000000	chr15	-0.0839034	-1.0716	0.138607	3	1.25417	0.870952	0.838259	0.671685	1.14877	1.37293
chr15:64000000-64500000	chr15	0.11003	-1.27317	-0.0741251	9	1.45499	0.864728	1.2536	0.757723	1.36763	1.55459
chr15:64500000-65000000	chr15	0.282034	-1.08854	-0.0423224	6	1.20683	1.06032	1.41571	0.65484	1.41654	1.28498
chr15:65000000-65500000	chr15	0.103727	-1.07503	-0.175265	13	1.16929	0.998604	1.18771	0.689853	1.42307	1.32438
chr15:65500000-66000000	chr15	-0.196793	-1.10753	0.109775	6	1.11675	1.09954	1.05461	0.752346	1.10486	0.982478
chr15:66000000-66500000	chr15	-0.171191	-0.571425	-0.103226	5	0.958433	0.968511	1.09513	1.17521	0.892976	1.05484
chr15:66500000-67000000	chr15	-0.120957	-0.850763	0.0153728	4	0.423616	0.732266	0.730691	0.323096	0.774446	0.713769
chr15:67000000-67500000	chr15	0.142331	-1.24444	-0.122031	3	0.862733	0.576077	1.03471	0.483053	0.767247	0.670215
chr15:67500000-68000000	chr15	0.140649	-1.09519	-0.0292307	4	0.702018	0.905658	0.680895	0.158303	0.920208	0.86454
chr15:68000000-68500000	chr15	-0.197757	-1.1685	0.128092	5	1.1658	1.07144	1.0311	0.719407	0.801896	1.07253
chr15:68500000-69000000	chr15	-0.0367642	-1.02471	-0.0399898	3	1.22682	0.408382	1.07122	0.155124	1.01395	1.2137
chr15:69000000-69500000	chr15	0.130041	-1.04893	0.0563343	5	1.19498	0.622168	0.884919	0.786792	1.50945	1.05243
chr15:69500000-70000000	chr15	-0.138846	-0.736586	-0.297612	0	0.796687	0.777884	0.985104	0.319633	0.99963	0.659376
chr15:70000000-70500000	chr15	-0.0545059	-0.853389	-0.217744	1	0.941623	0.542382	0.898912	0.368	0.9624	1.11717
chr15:70500000-71000000	chr15	0.164746	-1.55873	0.115857	4	0.98302	0.302461	0.889414	0.742128	1.40907	0.955752
chr15:71000000-71500000	chr15	0.136254	-1.08987	-0.226073	1	0.680363	0.788174	1.0608	0.341104	0.723782	0.973148
chr15:71500000-72000000	chr15	-0.0809601	-1.00407	0.302914	1	0.607438	0.984847	0.313825	0.688151	0.738249	0.879982
chr15:72000000-72500000	chr15	-0.00969746	-1.19403	-0.188106	9	0.858636	1.01118	0.803503	0.601099	1.34415	0.682194
chr15:72500000-73000000	chr15	-0.123836	-0.760386	-0.0727328	4	0.779885	0.677335	0.913314	0.326687	0.98414	1.02821
chr15:73000000-73500000	chr15	-0.235657	-0.704273	-0.0358732	3	1.20495	0.604854	1.10704	0.489186	0.869771	1.10569
chr15:73500000-74000000	chr15	-0.120464	-0.682269	0.0599013	7	1.37277	0.665931	1.03432	0.487888	1.51675	0.933652
chr15:74000000-74500000	chr15	-0.235611	-0.636979	-0.0104502	8	1.01256	0.862478	0.960355	0.747296	1.42482	1.06774
chr15:74500000-75000000	chr15	-0.0230443	-0.988968	0.33344	15	1.15508	0.677802	0.842788	0.123774	1.5596	1.225
chr15:75000000-75500000	chr15	0.182597	-1.12513	-0.0473613	8	0.911279	0.852703	1.17488	0.393078	1.30534	1.47416
chr15:75500000-76000000	chr15	0.0214783	-1.05876	0.109017	8	0.871105	0.76726	0.516215	0.543652	1.29605	1.1644
chr15:76000000-76500000	chr15	-0.347936	-0.575291	-0.191865	4	-0.0136533	0.289306	0.617657	-0.064468	0.0624296	0.717341
chr15:76500000-77000000	chr15	-0.188579	-0.795185	-0.2141	3	-0.142383	-0.403369	-0.458553	0.0241723	0.492617	0.723101
chr15:77000000-77500000	chr15	0.0678424	-1.25071	-0.226614	3	0.40294	0.163039	1.00458	0.125307	0.721808	0.34992
chr15:77500000-78000000	chr15	-0.31209	-0.415468	-0.0668302	1	0.621236	0.823113	0.470659	0.21298	1.21041	0.620478
chr15:78000000-78500000	chr15	-0.0431831	-0.842785	0.171789	9	1.2348	0.740835	0.671546	0.296383	1.14565	1.53997
chr15:78500000-79000000	chr15	-0.0927871	-0.709343	-0.132235	8	1.05091	0.554392	1.0026	1.03665	1.35491	1.25803
chr15:79000000-79500000	chr15	-0.382503	0.0240531	-0.236373	4	0.6362	0.344249	0.294373	0.560825	0.558054	0.955479
chr15:79500000-80000000	chr15	-0.0291954	-0.362688	-0.218507	2	-0.0273602	-0.307262	-0.16654	0.0823788	0.264829	0.610337
chr15:80000000-80500000	chr15	-0.0815019	-0.387579	-0.0566316	4	0.147806	-0.118607	0.359406	-0.229996	0.672702	0.536127
chr15:80500000-81000000	chr15	-0.193846	-0.162107	0.00203517	3	-0.19765	0.152157	-0.231669	-0.148392	0.185404	0.0210975
chr15:81000000-81500000	chr15	-0.14046	-0.0721017	-0.373427	6	0.524057	-0.392604	-0.23238	-0.67072	-0.132686	0.365775
chr15:81500000-82000000	chr15	-0.0610794	0.135053	-0.0319999	0	-0.646708	-0.535448	-0.660317	-0.361516	-0.208377	-0.54405
chr15:82000000-82500000	chr15	0.015509	-0.710106	0.147802	5	0.424952	0.134514	-0.109446	-0.927031	0.513689	0.0627645
chr15:82500000-83000000	chr15	-0.155252	-0.294756	-0.27723	7	0.968736	0.569869	0.826858	0.214231	1.01997	0.992592
chr15:83000000-83500000	chr15	-0.0375271	-0.300389	-0.0888019	6	0.8161	0.387592	0.125365	0.219526	0.869045	0.903421
chr15:83500000-84000000	chr15	-0.0330351	0.607285	0.0796097	1	0.0401277	-0.224082	0.314299	-0.370794	-0.00825528	-0.140415
chr15:84000000-84500000	chr15	-0.0986197	-0.275665	0.095615	1	0.613361	-0.0944792	0.723257	-0.905833	-0.00465928	0.00925349
chr15:84500000-85000000	chr15	0.161186	-0.992421	-0.0128433	8	1.18831	0.610785	0.896386	0.222761	1.34339	1.10074
chr15:85000000-85500000	chr15	0.130014	-0.92257	0.182972	1	0.614323	0.381629	0.389129	0.301744	1.07342	1.08329
chr15:85500000-86000000	chr15	0.180735	-0.406341	0.243396	1	0.458466	0.227926	0.161821	0.518477	0.470942	0.409944
chr15:86000000-86500000	chr15	0.200348	0.988043	0.0387054	1	-0.51282	-0.362657	-0.512347	-0.417946	-0.195491	0.22729
chr15:86500000-87000000	chr15	0.241258	0.681963	0.189826	0	-0.108105	-0.343926	-0.723369	-0.606308	0.39997	0.0140962
chr15:87000000-87500000	chr15	0.0647958	0.399657	0.291667	0	-0.892704	-0.00844473	-0.581857	-0.829132	-0.333195	-0.43433
chr15:87500000-88000000	chr15	-0.0567511	0.386187	-0.0560143	0	-0.206064	-0.571794	-0.388875	-0.407999	-0.114858	-0.0681074
chr15:88000000-88500000	chr15	0.0181063	0.777372	0.0768688	3	-0.137252	0.106268	0.157323	-0.32001	0.098223	0.0864731
chr15:88500000-89000000	chr15	-0.326391	-0.0129849	-0.0342622	6	0.729733	0.556981	0.490592	0.45241	0.873031	0.949395
chr15:89000000-89500000	chr15	-0.207733	-0.539696	0.0486424	6	0.637513	1.1489	1.10184	0.616316	1.22144	1.03855
chr15:89500000-90000000	chr15	-0.230909	-0.45807	0.0331752	10	1.21533	0.663646	1.12179	0.594682	1.30984	1.2115
chr15:90000000-90500000	chr15	0.0123371	-0.818452	0.132369	9	0.869998	0.763083	0.813033	0.805024	1.15466	1.13668
chr15:90500000-91000000	chr15	-0.11097	-0.348998	0.06823	9	1.19433	0.698995	1.06006	0.914329	1.06206	1.16255
chr15:91000000-91500000	chr15	0.0347084	0.718489	0.15913	2	0.289251	0.34615	0.267956	-0.200982	-0.667573	0.847386
chr15:91500000-92000000	chr15	0.124083	0.922938	0.253609	1	0.402318	0.500319	-0.223482	0.218186	-0.0998962	0.494502
chr15:92000000-92500000	chr15	0.206893	0.824897	0.141054	1	0.455564	0.346536	-0.0079599	0.375958	-0.0712282	0.486172
chr15:92500000-93000000	chr15	-0.083744	-0.0100999	0.27672	2	0.389125	0.578975	0.359601	0.196805	0.418747	1.09494
chr15:93000000-93500000	chr15	-0.289569	1.11332	0.281508	1	-0.386557	-0.0179729	-0.096304	0.540878	-0.439896	0.0686657
chr15:93500000-94000000	chr15	0.294083	1.0055	0.430208	0	-0.583235	0.150397	-0.730283	-0.578593	-1.10708	-0.0111766
chr15:94000000-94500000	chr15	0.293721	0.818254	0.279127	1	-0.298464	0.0523115	-0.39056	-0.119979	-0.681904	0.0468945
chr15:94500000-95000000	chr15	0.206666	0.945739	0.171281	0	-0.798116	0.0740344	-0.420604	0.233104	-0.71174	-0.220855
chr15:95000000-95500000	chr15	0.0353099	-0.285527	-0.168811	0	-0.124247	0.440655	-0.679661	-0.411975	-0.561968	-0.528758
chr15:95500000-96000000	chr15	-0.0255366	-0.316067	-0.196202	0	0.0434154	0.193284	0.0551822	0.10843	-0.0222556	-0.0407062
chr15:96000000-96500000	chr15	-0.130538	-0.161984	-0.0405819	1	-0.412886	0.259431	0.00804	-0.0148047	-0.032329	0.125404
chr15:96500000-97000000	chr15	-0.153277	0.891408	0.172499	0	-0.841942	-0.517588	-0.638004	-0.184049	-0.499956	-0.328011
chr15:97000000-97500000	chr15	0.320425	0.698499	0.269531	0	-0.710903	-0.0532565	-0.27521	-0.617036	-0.777291	-0.36758
chr15:97500000-98000000	chr15	0.140433	0.87533	0.333271	1	-0.792397	0.0283841	-0.24983	0.0556434	-0.868568	-0.456891
chr15:98000000-98500000	chr15	0.126246	1.00171	0.256017	0	-0.296757	-0.0243006	0.233022	0.740648	-0.574076	-0.241854
chr15:98500000-99000000	chr15	-0.247311	-0.281188	0.082656	1	0.951548	1.09698	0.552942	-0.326328	0.0916122	0.285633
chr15:99000000-99500000	chr15	-7.54724e-05	-0.411553	0.0684245	4	-0.074912	0.436429	-0.0890161	0.375952	0.036647	-0.160892
chr15:99500000-100000000	chr15	-0.0230334	-0.172035	0.258191	2	0.270929	0.632447	0.337978	-0.658535	-0.113824	0.20249
chr15:100000000-100500000	chr15	0.0559923	0.953042	0.176142	1	-0.0427851	-0.568294	-0.46369	-0.813816	-0.252415	-0.517181
chr15:100500000-101000000	chr15	-0.170878	0.421879	-0.15681	5	-0.428181	-0.351737	-1.13504	-0.514163	-0.653186	-0.658121
chr15:101000000-101500000	chr15	0.0195883	0.214983	0.155361	4	-0.143536	-0.290567	-0.555863	-0.400294	-0.142929	-0.417384
chr16:3000000-3500000	chr16	-0.046862	-1.07079	0.176795	23	1.42028	1.541	1.37762	1.31909	1.35013	1.29563
chr16:3500000-4000000	chr16	-0.0567117	-0.759956	-0.007058	6	1.49956	1.53133	1.42088	1.50798	1.38696	1.44133
chr16:4000000-4500000	chr16	-0.274875	-0.755085	0.277669	10	1.33626	1.59632	1.25787	1.47218	1.42013	1.40291
chr16:4500000-5000000	chr16	-0.15201	-0.400718	0.0354689	15	0.852271	1.23223	0.996152	0.955909	0.807559	0.958706
chr16:5000000-5500000	chr16	-0.0724692	0.876471	0.0700778	4	-0.587838	-0.570661	-0.438586	-0.593101	-0.575039	-0.718104
chr16:5500000-6000000	chr16	0.0336941	1.35721	0.272055	0	-0.961477	-0.953537	-0.985206	-1.02421	-1.03367	-1.03034
chr16:6000000-6500000	chr16	0.200889	0.999242	0.310729	1	-1.02928	-0.995438	-1.01851	-0.95841	-1.07537	-1.1271
chr16:6500000-7000000	chr16	-0.0793099	1.19765	0.376988	0	-1.16176	-1.0598	-1.12419	-1.09341	-1.17355	-1.13688
chr16:7000000-7500000	chr16	0.0113875	1.05538	0.192379	0	-1.04772	-1.02628	-1.07308	-1.05999	-1.03811	-1.0879
chr16:7500000-8000000	chr16	-0.0779357	1.25336	0.123204	0	-1.04846	-0.923264	-1.07747	-1.02708	-1.07261	-1.09686
chr16:8000000-8500000	chr16	-0.0204367	1.3555	0.266738	0	-1.10251	-1.10494	-1.23069	-1.1251	-1.15917	-1.23013
chr16:8500000-9000000	chr16	-0.331557	0.537684	-0.0554981	8	-0.0359035	-0.225808	-0.261284	-0.274273	-0.231462	-0.0207301
chr16:9000000-9500000	chr16	-0.0473873	0.754394	0.0568641	1	-0.00638773	-0.042489	-0.0968671	-0.182599	-0.297405	-0.0831676
chr16:9500000-10000000	chr16	-0.00431793	1.14649	0.0213971	0	-0.61764	-0.161893	-0.521801	-0.568707	-0.641759	-0.501496
chr16:10000000-10500000	chr16	-0.106407	0.716043	0.227936	2	-0.0833917	-0.253135	-0.454026	-0.235438	-0.189153	-0.0923512
chr16:10500000-11000000	chr16	-0.151814	0.324458	-0.171586	7	0.830205	0.675795	0.470624	0.923226	0.521109	0.489112
chr16:11000000-11500000	chr16	-0.36274	-0.0377822	-0.0728039	6	0.907245	1.04167	1.37842	1.15057	0.912076	0.825697
chr16:11500000-12000000	chr16	-0.228243	-0.451619	0.0525836	10	1.14626	1.49931	1.48376	1.11375	1.10901	1.25012
chr16:12000000-12500000	chr16	-0.288599	0.674474	-0.0560084	0	-0.0713288	-0.0145113	0.179404	0.200397	0.396245	0.218213
chr16:12500000-13000000	chr16	-0.349242	0.921811	-0.065897	2	-0.705886	-0.377664	-0.5482	-0.519157	-0.340877	-0.901099
chr16:13000000-13500000	chr16	-0.0341965	1.11405	0.0110764	0	-1.0797	-0.685071	-0.682323	-1.06654	-0.690677	-0.982242
chr16:13500000-14000000	chr16	0.204802	0.834886	0.149024	1	-1.11446	-0.846792	-1.00175	-0.815588	-0.761846	-0.617894
chr16:14000000-14500000	chr16	-0.173593	-0.0992159	0.0717409	1	0.888608	0.482054	0.800328	0.659369	1.0128	1.12707
chr16:14500000-15000000	chr16	0.00457252	-0.345247	-0.0884941	8	1.41713	1.26282	1.24367	1.12192	1.30411	1.12637
chr16:15000000-15500000	chr16	-0.13529	-0.105453	-0.11156	5	1.09095	1.01062	0.963804	1.42214	1.14841	1.34559
chr16:15500000-16000000	chr16	-0.194441	-0.322509	-0.229914	5	1.13835	1.21357	1.02904	0.983379	1.13881	1.21599
chr16:16000000-16500000	chr16	-0.0497404	0.149118	0.00881199	4	0.908064	1.17767	0.594403	1.01461	1.25385	0.88898
chr16:16500000-17000000	chr16	0.0493378	1.02641	0.0109778	0	-1.16711	-1.26422	-1.19596	-1.06822	-1.19504	-0.93343
chr16:17000000-17500000	chr16	0.0375159	0.733429	0.0796325	1	-1.07192	-0.987447	-0.863454	-0.76462	-0.921186	-0.579624
chr16:17500000-18000000	chr16	-0.0576721	1.02513	0.0666295	0	-1.32381	-1.1915	-1.30952	-1.09914	-1.13853	-0.982354
chr16:18000000-18500000	chr16	-0.0954449	0.665309	0.0171477	2	-1.24539	-0.898359	-0.938977	-0.843317	-1.08156	-0.855763
chr16:18500000-19000000	chr16	-0.083747	0.156638	-0.44823	5	0.141918	0.401135	0.47708	-0.0250688	0.186391	0.68736
chr16:19000000-19500000	chr16	-0.0792562	0.761669	-0.065936	5	-0.926697	-0.958143	-0.696499	-0.955825	-0.581979	-0.583196
chr16:19500000-20000000	chr16	-0.273225	0.531866	-0.405751	6	-0.125902	-0.296559	-0.232701	-0.18361	0.38152	0.0355542
chr16:20000000-20500000	chr16	0.0586334	1.28734	0.195563	6	-1.10915	-1.12762	-1.18875	-1.19035	-0.703655	-0.956147
chr16:20500000-21000000	chr16	0.15802	0.369947	0.111706	8	-0.294701	-0.640214	-0.604222	-0.702096	0.389769	0.455025
chr16:21000000-21500000	chr16	-0.153341	-0.048966	-0.122265	6	-0.296596	-0.0471703	-0.0307057	-0.417688	0.598774	0.657342
chr16:21500000-22000000	chr16	-0.0422581	-0.292816	-0.15218	5	-0.436855	-0.467778	-0.188468	-0.618753	-0.00146364	-0.112275
chr16:22000000-22500000	chr16	-0.0541856	-0.230367	-0.0424011	7	0.0426996	-0.0427408	0.209799	-0.0539453	0.752834	0.399328
chr16:22500000-23000000	chr16	-0.259475	1.05264	-0.0479451	2	-1.1328	-1.17816	-1.11488	-1.17421	-0.854294	-1.15647
chr16:23000000-23500000	chr16	-0.293262	0.752496	-0.291772	4	-0.749096	-0.991808	-0.667005	-0.90428	-0.564803	-0.644573
chr16:23500000-24000000	chr16	-0.0334947	0.757132	-0.227199	10	-0.383475	-0.161617	0.0728238	-0.47274	-0.247864	0.0944534
chr16:24000000-24500000	chr16	0.089613	0.881392	0.100459	1	-1.00642	-0.679376	0.409617	0.443476	-0.705276	-0.545458
chr16:24500000-25000000	chr16	-0.136334	-0.446414	-0.0780548	3	0.085759	0.048715	0.174923	-0.223065	-0.150802	0.297175
chr16:25000000-25500000	chr16	-0.0191366	0.462516	0.0101628	4	-0.951676	-1.08375	-1.1027	-0.925385	-1.03794	-0.984351
chr16:25500000-26000000	chr16	0.240494	1.06154	0.083141	1	-1.32046	-1.39522	-1.28527	-1.35626	-1.318	-1.22245
chr16:26000000-26500000	chr16	0.11604	1.11347	0.389064	0	-1.22753	-1.32711	-1.24761	-1.18159	-1.25415	-1.20972
chr16:26500000-27000000	chr16	-0.00837078	1.22787	0.157152	0	-1.18107	-1.35563	-1.20049	-1.2864	-1.28612	-1.22765
chr16:27000000-27500000	chr16	-0.259007	0.621164	-0.117276	5	-0.802712	-0.823058	-0.878548	-0.962595	-0.899814	-0.734609
chr16:27500000-28000000	chr16	-0.248694	0.402179	-0.18956	2	-0.344316	-0.563478	-0.41875	-0.435199	-0.195378	-0.308304
chr16:28000000-28500000	chr16	-0.121031	-0.310472	-0.246604	8	0.542359	0.231304	0.315964	0.120958	0.704864	0.654308
chr16:28500000-29000000	chr16	-0.164625	-0.653747	-0.0779416	17	1.3551	1.29643	1.60551	1.23294	1.33546	1.40965
chr16:29000000-29500000	chr16	-0.140903	-0.607811	-0.153533	4	1.41554	1.13586	1.58072	1.6633	1.30525	1.12864
chr16:29500000-30000000	chr16	-0.038691	-0.79972	-0.0866492	18	1.47647	1.23582	1.3037	1.50053	1.49272	1.33496
chr16:30000000-30500000	chr16	-0.153126	-0.827772	0.134187	24	1.34784	1.35973	1.24565	1.51699	1.254	1.37117
chr16:30500000-31000000	chr16	0.152801	-0.883357	0.420544	20	0.895809	1.00924	1.14209	1.00274	1.01452	1.04831
chr16:31000000-31500000	chr16	-0.142767	-0.0557001	0.169524	22	-0.160423	-0.282198	-0.390269	-0.42832	-0.19181	0.00101902
chr16:31500000-32000000	chr16	-0.249445	0.571238	0.329605	4	-1.06541	-1.15134	-1.08476	-1.01745	-1.08347	-1.01766
chr16:35000000-35500000	chr16	0.229793	1.30291	0.359867	0	-1.4092	-1.45436	-1.47406	-1.4411	-1.51344	-1.46579
chr16:35500000-36000000	chr16	-0.126748	1.08135	0.453381	0	-1.42616	-1.48751	-1.53755	-1.48928	-1.4635	-1.48502
chr16:46500000-47000000	chr16	-0.0219144	-0.0846908	-0.0152547	7	-0.686116	-0.756056	-0.876035	-0.625849	-0.748437	-0.287356
chr16:47000000-47500000	chr16	-0.443122	0.273409	-0.257299	3	-1.33217	-1.37189	-1.36459	-1.23663	-1.47581	-1.29122
chr16:47500000-48000000	chr16	-0.204558	0.348009	-0.346591	0	-1.46982	-1.54515	-1.56186	-1.52085	-1.55935	-1.50615
chr16:48000000-48500000	chr16	-0.190609	0.0623454	-0.0216827	4	-0.939918	-0.873649	-0.879741	-1.21573	-0.861823	-1.01597
chr16:48500000-49000000	chr16	0.0776823	0.614474	0.00829963	1	-1.20585	-1.13235	-1.17721	-1.1866	-1.21801	-1.17916
chr16:49000000-49500000	chr16	-0.177199	1.31127	0.00752489	2	-1.18814	-0.949873	-1.01129	-1.03109	-1.02867	-1.16661
chr16:49500000-50000000	chr16	-0.452466	1.01573	0.107423	1	0.718025	0.804994	0.560945	0.830601	0.599278	0.635395
chr16:50000000-50500000	chr16	-0.159534	0.109168	-0.0912651	5	1.15137	1.1968	0.92569	1.18235	0.926308	1.15295
chr16:50500000-51000000	chr16	-0.22922	0.937904	0.0228815	4	0.884015	0.764957	0.679027	0.822303	0.414556	0.704481
chr16:51000000-51500000	chr16	-0.067649	0.837628	-0.104767	1	0.600613	0.919073	0.0506159	0.785399	-0.290428	-0.166235
chr16:51500000-52000000	chr16	0.0668491	0.776294	-0.126512	1	-0.0312529	0.000133864	0.104819	0.316117	-0.538934	-0.238491
chr16:52000000-52500000	chr16	0.451579	0.820651	0.535376	0	-0.541078	-0.36261	-0.528821	-0.189925	-0.994054	-0.707363
chr16:52500000-53000000	chr16	0.17125	1.03527	0.331743	1	-0.116516	-0.101221	-0.43582	-0.163761	-1.17611	-0.775253
chr16:53000000-53500000	chr16	0.149906	-0.514404	0.00850402	3	0.95624	0.563315	0.889125	0.50482	0.33765	0.668055
chr16:53500000-54000000	chr16	-0.110147	-0.252685	-0.0768204	3	1.00436	1.10711	1.03162	1.03465	0.595723	0.487585
chr16:54000000-54500000	chr16	-0.25051	0.352028	-0.323291	1	0.837199	0.865714	0.837908	1.03395	0.504296	0.365968
chr16:54500000-55000000	chr16	0.00483077	0.678051	0.209131	1	0.622333	0.619738	0.736688	1.11602	0.343168	0.378642
chr16:55000000-55500000	chr16	0.118438	0.953612	0.118499	2	0.487374	0.536903	0.553234	0.769014	0.158617	0.221535
chr16:55500000-56000000	chr16	-0.057096	0.759267	0.13655	5	0.314771	0.284858	0.455955	0.847224	-0.285176	-0.209699
chr16:56000000-56500000	chr16	0.290504	0.259735	0.315251	4	0.910144	0.763378	1.04089	1.2392	0.764163	1.00105
chr16:56500000-57000000	chr16	-0.210471	-0.470633	-0.0200438	17	1.39419	1.3349	1.29117	1.41996	1.39277	1.39327
chr16:57000000-57500000	chr16	0.177735	-0.854836	-0.0377413	12	1.4556	1.49857	1.34545	1.63224	1.50916	1.43045
chr16:57500000-58000000	chr16	-0.194474	-0.410756	-0.0110365	9	1.37724	1.3171	1.22708	1.4185	1.11013	1.35063
chr16:58000000-58500000	chr16	0.10879	-0.55647	-0.315249	8	0.782436	0.784186	1.00483	0.856072	0.81371	0.819434
chr16:58500000-59000000	chr16	-0.15785	0.129514	0.0984309	5	-0.234616	-0.299135	-0.396644	-0.39479	-0.340006	-0.220471
chr16:59000000-59500000	chr16	0.113094	0.17258	0.0800301	0	-0.829049	-0.84656	-1.12161	-0.901123	-1.24601	-1.26383
chr16:59500000-60000000	chr16	-0.035236	-0.230131	0.0759078	0	-1.01337	-0.940516	-1.0971	-1.15501	-1.31158	-1.31717
chr16:60000000-60500000	chr16	0.104294	0.52984	0.138588	0	-1.24942	-1.11671	-1.27605	-1.4032	-1.48788	-1.28866
chr16:60500000-61000000	chr16	0.250081	0.530642	0.235525	0	-1.27497	-1.21712	-1.37503	-1.38616	-1.43096	-1.46423
chr16:61000000-61500000	chr16	0.195314	0.674197	0.556961	0	-1.24054	-1.32735	-1.47075	-1.20786	-1.57028	-1.55165
chr16:61500000-62000000	chr16	0.016232	0.752482	0.5077	0	-1.2372	-1.17706	-1.25992	-1.21305	-1.36513	-1.35651
chr16:62000000-62500000	chr16	0.422031	0.760231	0.488254	1	-1.18232	-0.964014	-1.20939	-1.18701	-1.18834	-1.25655
chr16:62500000-63000000	chr16	0.285423	0.823713	0.209767	0	-1.42466	-1.41303	-1.46322	-1.53712	-1.5049	-1.49738
chr16:63000000-63500000	chr16	0.0777998	0.548662	0.425503	0	-0.94204	-1.11462	-1.13944	-1.12818	-1.25666	-1.22175
chr16:63500000-64000000	chr16	0.028145	0.247008	0.419046	0	-0.744689	-0.917653	-0.819867	-0.978634	-0.858407	-1.04982
chr16:64000000-64500000	chr16	0.0505627	-0.614927	-0.0816269	0	-0.449852	-0.144581	-0.686028	-0.646082	-0.862368	-0.206052
chr16:64500000-65000000	chr16	-0.119958	-0.584275	0.0267455	0	-0.345397	-0.495032	-0.62877	-0.388794	-0.718782	-0.539251
chr16:65000000-65500000	chr16	-0.13903	-0.714837	0.00100589	1	-0.323866	0.128271	-0.36519	-0.222245	-0.365815	-0.196082
chr16:65500000-66000000	chr16	-0.0883877	-0.35351	-0.119224	0	-2.72742e-05	0.354636	-0.466627	-0.153587	-0.361608	-0.295652
chr16:66000000-66500000	chr16	-0.127904	-0.504707	-0.0880629	2	0.321715	-0.000185155	-0.0690466	0.0293314	-0.0270547	0.247782
chr16:66500000-67000000	chr16	-0.085984	-0.956059	0.0291131	17	1.11103	1.19554	1.0543	0.900853	0.983735	1.08082
chr16:67000000-67500000	chr16	-0.173231	-0.808238	0.151301	22	1.34931	1.45346	1.35265	1.40551	1.26867	1.41539
chr16:67500000-68000000	chr16	0.0528324	-1.0294	-0.0260894	22	1.36609	1.65662	1.51197	1.29281	1.41215	1.5165
chr16:68000000-68500000	chr16	0.0825481	-0.976606	0.0206443	10	1.47231	1.4725	1.55401	1.15836	1.36102	1.38253
chr16:68500000-69000000	chr16	-0.158454	-0.741942	-0.242306	4	1.16371	1.00868	1.04465	1.24841	1.19625	1.16343
chr16:69000000-69500000	chr16	-0.0103209	-1.09171	0.0879647	12	1.34338	1.16013	1.26973	1.28024	1.3113	1.35358
chr16:69500000-70000000	chr16	0.00626416	-1.09704	0.136112	5	1.09088	1.10923	1.1551	0.97715	1.20266	1.40289
chr16:70000000-70500000	chr16	0.0840413	-0.847626	0.147747	8	1.12762	1.27638	1.24613	1.28022	1.41116	1.12943
chr16:70500000-71000000	chr16	-0.261908	-0.157008	-0.152628	5	1.05222	0.837623	0.986002	0.763763	1.35339	1.21329
chr16:71000000-71500000	chr16	-0.247985	0.211486	-0.109461	6	-0.319875	-0.717686	-0.395587	-0.28905	0.419808	-0.309627
chr16:71500000-72000000	chr16	-0.00319548	-0.60573	-0.0403911	8	0.618224	0.53362	0.4943	0.500489	0.997915	0.662873
chr16:72000000-72500000	chr16	-0.160652	0.37974	-0.21066	7	-0.818405	-0.862097	-0.713693	-0.815403	-0.531959	-0.891359
chr16:72500000-73000000	chr16	-0.0733828	0.0674537	-0.198911	0	-0.864188	-1.07716	-0.977242	-0.773429	-0.413355	-0.511208
chr16:73000000-73500000	chr16	-0.0100927	0.453515	-0.131106	1	-0.619249	-0.616962	-0.912775	-0.606542	-0.631224	-0.348756
chr16:73500000-74000000	chr16	-0.0947662	0.88566	-0.0107914	0	-1.08347	-1.07935	-1.12056	-1.01569	-0.973793	-1.08266
chr16:74000000-74500000	chr16	0.191589	0.27644	0.049361	3	-0.787357	-1.04241	-0.574598	-0.788826	-0.609444	-0.694026
chr16:74500000-75000000	chr16	-0.278044	-0.354756	-0.0385292	6	0.646689	0.429188	0.516553	0.531133	0.59676	0.697625
chr16:75000000-75500000	chr16	-0.132402	-0.531385	-0.0845772	8	0.79357	0.744007	0.480005	0.579869	0.611689	0.497773
chr16:75500000-76000000	chr16	-0.0905728	0.528797	0.0391276	9	-0.959518	-0.93717	-0.851886	-0.657803	-0.955755	-1.03657
chr16:76000000-76500000	chr16	0.367644	0.830388	0.519642	1	-1.12695	-1.25918	-1.39517	-1.27978	-1.53343	-1.54818
chr16:76500000-77000000	chr16	0.309715	0.823466	0.333954	0	-1.32448	-1.38255	-1.21516	-1.55269	-1.5146	-1.42821
chr16:77000000-77500000	chr16	-0.0833175	0.86839	-0.00751602	3	-0.848644	-1.06184	-1.05565	-0.808788	-0.862348	-1.11199
chr16:77500000-78000000	chr16	-0.319173	0.84772	-0.171341	2	-0.589926	-0.427441	-0.248384	-0.395692	-0.559895	-0.766618
chr16:78000000-78500000	chr16	-0.154025	0.836282	-0.0408207	2	-0.624226	-0.720382	-0.594483	-0.779394	-0.429536	-0.916078
chr16:78500000-79000000	chr16	-0.0192851	1.0372	0.158554	0	-0.656629	-0.376611	-0.502187	-0.463949	-0.27711	-0.724165
chr16:79000000-79500000	chr16	0.0714603	1.13896	0.00571813	0	-0.213608	-0.416244	-0.394664	-0.49008	-0.445365	-0.254023
chr16:79500000-80000000	chr16	0.103796	0.507662	0.134306	1	-0.994926	-0.883333	-0.998907	-0.806936	-0.499444	-1.14411
chr16:80000000-80500000	chr16	-0.0478862	0.517244	0.0663827	0	-0.80225	-1.06207	-0.851023	-0.824982	-0.761008	-1.07567
chr16:80500000-81000000	chr16	-0.00806383	0.635849	0.0473516	2	-1.29533	-1.42188	-1.41745	-1.40615	-0.930433	-1.43193
chr16:81000000-81500000	chr16	-0.415598	0.123786	-0.276894	8	0.102734	0.0682335	0.407422	-0.234544	0.406075	0.476531
chr16:81500000-82000000	chr16	-0.288212	0.327054	-0.382081	1	0.141206	-0.158946	0.205275	0.004502	0.429379	0.377967
chr16:82000000-82500000	chr16	-0.168534	0.463231	-0.198893	3	-0.647523	-0.499931	-0.00577666	-0.664358	-0.101782	-0.318531
chr16:82500000-83000000	chr16	-0.318085	0.206141	-0.16535	1	-0.534006	-0.116794	-0.0848868	0.0924401	-0.265957	-0.159198
chr16:83000000-83500000	chr16	-0.219721	0.166691	-0.310537	0	-0.189665	-0.352249	-0.108678	-0.334854	-0.128563	0.109712
chr16:83500000-84000000	chr16	-0.267716	-0.0844848	-0.155889	4	0.0176693	0.304202	0.0303762	-0.197641	0.418121	-0.220681
chr16:84000000-84500000	chr16	-0.0544673	-0.593218	-0.0893303	9	1.1068	1.00976	1.11842	0.842412	1.26281	0.813716
chr16:84500000-85000000	chr16	-0.0590821	-0.898569	0.0594843	5	1.36424	0.986942	0.920977	1.25205	1.41378	1.27292
chr16:85000000-85500000	chr16	-0.238222	-0.5042	0.227376	3	1.06864	1.2659	1.08964	1.01324	1.30953	1.49498
chr16:85500000-86000000	chr16	-0.094867	-0.698005	-0.0391236	6	1.23066	1.05949	1.10052	1.20194	1.20551	1.28418
chr16:86000000-86500000	chr16	-0.0538508	-0.732668	-0.112381	0	1.24983	0.929647	0.977602	1.16764	1.05033	1.14956
chr16:86500000-87000000	chr16	-0.0679699	-0.761971	0.0874873	4	1.13512	1.19434	1.15472	1.29311	1.01365	0.880266
chr16:87000000-87500000	chr16	-0.0357133	-0.767966	-0.0349269	4	1.04064	1.08966	1.6052	0.93034	1.16775	1.34767
chr16:87500000-88000000	chr16	-0.27	-0.64246	0.285839	5	1.16102	1.28176	0.926337	0.921555	1.54733	1.35068
chr16:88000000-88500000	chr16	-0.153761	-0.602988	0.112404	2	1.52977	1.34061	1.24032	1.12806	1.24337	1.01298
chr16:88500000-89000000	chr16	-0.165771	-0.694231	0.427472	14	1.28975	1.09703	1.43403	1.14522	1.35816	1.40845
chr16:89000000-89500000	chr16	-0.228255	-0.694771	0.338822	6	1.16843	1.11556	1.14425	0.955077	1.35763	1.30596
chr17:3000000-3500000	chr17	-0.0209731	0.363999	0.0423048	13	-0.450348	-0.606833	0.459407	0.491094	0.213145	0.0708138
chr17:3500000-4000000	chr17	-0.00672481	-0.424532	0.165956	13	0.571247	0.804911	0.834042	1.16338	0.811133	0.796369
chr17:4000000-4500000	chr17	0.209678	-1.13436	-0.0693884	6	0.943414	1.09289	0.626848	0.875126	1.1062	0.993299
chr17:4500000-5000000	chr17	-0.00285216	-0.755699	0.161794	27	1.02857	1.36179	1.22392	1.21998	1.13925	1.12761
chr17:5000000-5500000	chr17	0.127905	-0.741665	-0.202256	13	0.657743	0.96948	1.18655	1.34313	0.868678	0.961735
chr17:5500000-6000000	chr17	-0.151932	0.609122	-0.164724	2	0.266173	0.296134	0.233964	0.475219	0.344971	0.322435
chr17:6000000-6500000	chr17	-0.191836	0.676104	-0.158087	3	0.0810064	0.379075	0.69206	0.428217	0.334171	0.410011
chr17:6500000-7000000	chr17	-0.200932	0.00347047	-0.20429	11	0.757793	0.626866	0.736697	1.09109	0.65665	0.940855
chr17:7000000-7500000	chr17	0.233042	-1.04902	0.0905977	37	0.892829	1.03874	0.903861	1.19241	1.02401	1.13217
chr17:7500000-8000000	chr17	0.249046	-1.17628	-0.0755216	24	0.996183	0.97485	0.923406	1.11846	1.12013	1.06658
chr17:8000000-8500000	chr17	0.0618876	-1.40743	0.186595	21	0.854505	0.965723	0.977878	1.28986	0.807822	0.885055
chr17:8500000-9000000	chr17	-0.105569	-0.151035	2.5455e-05	6	0.250557	0.525962	0.372432	0.273997	0.373748	0.106297
chr17:9000000-9500000	chr17	-0.189791	0.329198	-0.0995752	1	-0.265082	-0.613778	0.0110336	0.183913	-0.331635	-0.51865
chr17:9500000-10000000	chr17	-0.136913	0.246121	-0.212007	7	-1.03075	-0.832804	-0.78662	-0.638882	-1.11347	-1.02831
chr17:10000000-10500000	chr17	-0.191938	0.50762	-0.100327	4	-1.21221	-0.995594	-1.27508	-0.829726	-1.19227	-1.49245
chr17:10500000-11000000	chr17	-0.217501	0.926809	0.0897845	8	-1.69215	-1.69588	-1.39271	-1.21957	-1.68319	-1.80529
chr17:11000000-11500000	chr17	0.203402	1.09492	0.148749	1	-1.67877	-1.8347	-1.56223	-1.59073	-1.57373	-1.98398
chr17:11500000-12000000	chr17	0.131832	0.937506	0.167989	2	-1.77183	-1.67696	-1.64612	-1.49059	-1.71954	-1.75709
chr17:12000000-12500000	chr17	-0.0885231	-0.290125	0.0624444	1	-0.86618	-0.872001	-1.04445	-0.381726	-1.15728	-1.20702
chr17:12500000-13000000	chr17	-0.0167743	-0.249579	-0.0501097	2	-1.10026	-1.10634	-0.684129	-0.704438	-1.09399	-1.40261
chr17:13000000-13500000	chr17	-0.29597	-0.0845301	-0.374451	1	-1.60511	-1.49332	-1.29392	-0.546298	-1.45515	-1.63
chr17:13500000-14000000	chr17	-0.282476	-0.240426	-0.0298085	1	-0.898452	-0.689638	-1.13175	-0.344733	-1.04563	-1.0351
chr17:14000000-14500000	chr17	-0.400361	0.125345	-0.302641	3	-1.49055	-1.05664	-1.46168	-0.853688	-1.36981	-1.57141
chr17:14500000-15000000	chr17	-0.223294	0.141875	-0.168183	0	-1.47277	-1.43435	-1.18112	-0.92609	-1.6091	-1.62848
chr17:15000000-15500000	chr17	-0.191693	-0.390901	-0.10222	3	-1.27785	-0.881278	-1.17074	-0.324821	-1.18441	-1.15706
chr17:15500000-16000000	chr17	-0.00128961	-0.784208	-0.0786594	8	-0.342886	0.0328718	0.0791562	0.343987	-0.357433	-0.507026
chr17:16000000-16500000	chr17	-0.0201635	-0.996093	0.0233541	6	0.459765	0.981354	0.548267	0.723567	0.24879	0.281638
chr17:16500000-17000000	chr17	-0.344732	-0.483812	0.0828995	4	0.623918	0.252644	0.391472	0.514591	0.380896	0.318685
chr17:17000000-17500000	chr17	-0.0961583	-0.606512	0.00474993	7	0.612132	0.89777	1.01592	1.25369	0.855979	0.621577
chr17:17500000-18000000	chr17	0.0340643	-0.699258	0.0727504	5	0.774572	1.17134	1.02276	1.17693	0.627297	0.706383
chr17:18000000-18500000	chr17	-0.224985	-0.481854	0.0404766	13	1.09445	1.48492	1.23271	0.975916	1.04074	1.02446
chr17:18500000-19000000	chr17	-0.185764	-0.691874	-0.24647	6	1.05432	0.672838	1.16392	1.49395	0.937547	0.73306
chr17:19000000-19500000	chr17	-0.300218	-0.393446	0.157251	8	0.940125	0.805684	0.716917	1.41241	0.675423	0.446575
chr17:19500000-20000000	chr17	-0.197638	-0.640056	-0.287327	6	0.482616	0.509842	0.748009	0.35978	0.0834204	0.154649
chr17:20000000-20500000	chr17	-0.18594	-0.557555	0.0904135	2	-0.0486563	-0.897699	-0.567324	-0.256415	-0.512204	-0.669022
chr17:20500000-21000000	chr17	-0.230297	-0.189957	-0.214841	1	-1.24219	-0.630779	-0.849969	-1.20945	-0.678622	-0.980969
chr17:21000000-21500000	chr17	-0.057999	0.312546	0.0103292	6	-1.23768	-1.19044	-1.06752	-1.17112	-1.30254	-1.29853
chr17:21500000-22000000	chr17	-0.260847	1.25432	0.273774	1	-1.70533	-1.91032	-1.81286	-1.32573	-1.55448	-1.9034
chr17:22000000-22500000	chr17	0.0556663	1.14393	0.402824	0	-1.91604	-1.74789	-1.88735	-1.46016	-1.75739	-1.82812
chr17:27000000-27500000	chr17	0.0286918	0.342538	0.186784	2	-1.83701	-1.73594	-1.85084	-1.62673	-1.94854	-1.77509
chr17:27500000-28000000	chr17	-0.228776	0.335729	-0.190199	3	-1.44123	-1.01698	-1.49306	-0.825828	-1.43918	-1.20109
chr17:28000000-28500000	chr17	-0.0976051	-0.613609	-0.105829	11	-0.548746	-0.0676689	-0.355583	0.119339	-0.421409	-0.576938
chr17:28500000-29000000	chr17	0.0195362	-0.968008	0.0826371	20	0.835698	1.15908	0.843195	0.868699	0.904746	0.779813
chr17:29000000-29500000	chr17	-0.0805182	-1.14024	0.203743	6	1.08122	1.05119	0.950179	1.10094	0.964519	0.770089
chr17:29500000-30000000	chr17	0.0524778	-1.29427	0.0582019	7	0.747332	0.817799	0.871293	1.15147	0.849421	0.763295
chr17:30000000-30500000	chr17	0.163212	-1.42591	-0.122517	6	0.717725	1.1091	0.930843	0.840355	0.675928	0.737415
chr17:30500000-31000000	chr17	-0.00572404	-1.12714	0.0896232	5	0.869618	1.16677	1.18572	1.28572	0.931308	0.902824
chr17:31000000-31500000	chr17	-0.0248984	-1.30006	0.182904	5	0.73448	0.683379	0.937556	0.928824	0.820512	0.55836
chr17:31500000-32000000	chr17	-0.148908	-0.951723	-0.0569556	3	0.381711	0.872447	0.784429	1.2526	0.676295	0.587687
chr17:32000000-32500000	chr17	-0.0342326	-0.938595	-0.229758	7	0.701969	0.756743	0.750345	1.0723	0.695247	0.735235
chr17:32500000-33000000	chr17	0.062529	0.494806	0.0568911	4	-0.0483602	0.245349	-0.0211851	0.330054	0.102757	-0.355032
chr17:33000000-33500000	chr17	-0.138998	1.26486	0.040464	1	-0.973716	-0.467497	-0.20535	0.00664168	-0.376245	-0.572716
chr17:33500000-34000000	chr17	0.0619207	1.32396	0.0818267	0	-0.857859	-0.743822	-0.793891	-0.206961	-0.657578	-0.423929
chr17:34000000-34500000	chr17	0.295515	1.12098	0.0450506	6	-0.962537	-0.0273305	-0.235193	-0.512429	-0.846244	-0.529101
chr17:34500000-35000000	chr17	-0.231661	1.42854	0.036961	4	-0.150551	0.114537	0.162266	0.576299	0.133221	-0.0240549
chr17:35000000-35500000	chr17	-0.113209	0.387382	-0.309909	10	0.191073	0.591978	0.335666	0.0722995	0.264414	0.124527
chr17:35500000-36000000	chr17	-0.226706	-0.128073	-0.120927	15	-0.049305	0.41296	0.273563	0.78833	0.368801	0.501521
chr17:36000000-36500000	chr17	-0.43396	0.521465	0.0970402	13	-0.159322	0.354849	0.367597	0.807294	0.535151	0.178475
chr17:36500000-37000000	chr17	-0.363462	-0.235002	-0.0757711	7	0.349237	1.06807	0.856526	0.83642	0.823711	0.830483
chr17:37000000-37500000	chr17	-0.0547464	-0.841758	-0.0276568	4	0.254936	0.977395	0.589896	0.674906	0.935631	0.83096
chr17:37500000-38000000	chr17	-0.0216793	-0.651825	-0.25729	5	0.798294	0.654904	0.88078	0.662017	0.812121	0.861483
chr17:38000000-38500000	chr17	-0.00810653	-0.62541	0.128736	8	1.0307	0.973706	0.972211	0.914308	0.940738	0.970773
chr17:38500000-39000000	chr17	0.0952745	-1.11764	0.10943	13	1.13877	1.298	1.04541	1.19014	1.12938	1.16967
chr17:39000000-39500000	chr17	0.0601874	-1.05367	0.13107	8	1.07998	1.16081	1.14657	1.3038	0.988242	1.06189
chr17:39500000-40000000	chr17	-0.0150064	-1.00968	0.132576	16	1.00863	0.947645	1.03358	1.14179	1.03847	0.858828
chr17:40000000-40500000	chr17	0.0264938	-1.04373	0.0228375	13	0.970407	1.02221	0.835401	1.21672	0.801	0.993642
chr17:40500000-41000000	chr17	0.0183253	-1.04789	0.0402295	17	0.371666	0.544658	0.403733	0.863758	0.564356	0.527788
chr17:41000000-41500000	chr17	0.0705775	-1.01854	-0.0652989	41	0.0486054	0.349261	0.133019	0.619756	0.0522774	-0.0175985
chr17:41500000-42000000	chr17	0.0120496	-0.922426	-0.0618182	19	0.784791	1.11182	0.926105	0.892397	0.866378	1.03543
chr17:42000000-42500000	chr17	0.197192	-1.1249	0.234737	16	0.894179	1.125	1.10685	1.37307	0.993178	0.924216
chr17:42500000-43000000	chr17	-0.241697	-0.957735	-0.235329	26	1.00988	1.23833	0.990623	1.26836	1.02149	1.05589
chr17:43000000-43500000	chr17	0.12483	-1.19947	-0.0650959	10	0.841954	0.962368	1.07331	1.24382	0.911173	0.97562
chr17:43500000-44000000	chr17	0.057812	-0.942694	-0.15489	10	0.92998	1.09946	0.77357	1.2499	0.92789	0.926578
chr17:44000000-44500000	chr17	0.0813313	-1.24827	0.0639571	16	1.04458	1.22642	1.07303	1.41397	1.05623	0.954219
chr17:44500000-45000000	chr17	-0.0261177	-1.02381	-0.0775934	14	0.967765	0.795119	1.22889	1.01103	1.07394	1.04446
chr17:45000000-45500000	chr17	0.0939348	-1.05443	0.141481	11	0.988026	0.90078	1.01325	1.22326	1.07617	0.908676
chr17:45500000-46000000	chr17	-0.13694	-0.563846	-0.00129829	4	0.714116	1.00833	0.78549	0.589424	0.512459	0.843498
chr17:46000000-46500000	chr17	0.0762625	-1.69402	-0.116055	3	0.786318	0.94095	0.68105	0.854481	0.424978	0.737863
chr17:46500000-47000000	chr17	0.207182	-1.09941	0.125535	7	0.540319	0.759559	0.876963	1.56633	0.547746	0.738769
chr17:47000000-47500000	chr17	0.235031	-1.37699	0.0420331	4	0.608299	0.932269	0.974831	1.00918	0.717198	0.757332
chr17:47500000-48000000	chr17	0.14217	-1.1937	0.0633024	13	1.10703	1.21568	0.890531	1.2718	0.909495	1.01002
chr17:48000000-48500000	chr17	0.0160585	-1.26162	-0.0501614	5	0.929863	1.11917	0.874306	1.42438	0.944044	0.843988
chr17:48500000-49000000	chr17	-0.0774004	-1.17923	0.0725577	19	0.996082	1.04793	1.11252	1.09182	1.03831	0.840831
chr17:49000000-49500000	chr17	-0.02374	-0.938117	0.0473309	7	0.859049	1.03556	1.01022	1.2405	1.08578	0.754983
chr17:49500000-50000000	chr17	0.0101265	-0.965419	-0.0799169	8	1.03798	1.14563	0.933754	1.2135	0.88944	0.937138
chr17:50000000-50500000	chr17	0.0531313	-0.923722	-0.00744546	14	0.985689	0.825683	1.06801	1.24177	0.912688	0.801351
chr17:50500000-51000000	chr17	-0.0615504	-0.752218	-0.00716313	10	0.456455	0.527392	0.402942	0.678907	0.291429	0.384859
chr17:51000000-51500000	chr17	0.0771345	-0.0749492	-0.119799	5	-1.21623	-1.25729	-1.35095	-0.958999	-1.11821	-1.30639
chr17:51500000-52000000	chr17	0.093408	1.33932	0.0473495	0	-1.92087	-2.00899	-1.81083	-1.74173	-1.95959	-1.95138
chr17:52000000-52500000	chr17	0.118736	0.988198	0.153616	1	-1.95255	-1.96945	-1.88142	-1.48424	-1.90332	-1.96406
chr17:52500000-53000000	chr17	0.158397	0.912801	0.238639	0	-1.97723	-1.836	-1.86808	-1.53748	-1.92295	-2.00325
chr17:53000000-53500000	chr17	0.250195	0.386501	0.423321	0	-1.93436	-1.85925	-1.97199	-1.74115	-1.90146	-1.91043
chr17:53500000-54000000	chr17	0.156183	0.357534	0.518333	1	-1.90778	-1.87793	-1.8758	-1.62628	-1.9046	-1.91828
chr17:54000000-54500000	chr17	0.360648	0.776639	0.248489	0	-1.82139	-1.91897	-1.96225	-1.88106	-1.78296	-1.85237
chr17:54500000-55000000	chr17	0.179867	0.886967	-0.0536462	3	-1.67245	-1.75638	-1.76302	-1.66764	-1.89675	-1.77823
chr17:55000000-55500000	chr17	-0.310997	0.977433	-0.253708	2	-1.71742	-1.67951	-1.77627	-1.66663	-1.54836	-1.6481
chr17:55500000-56000000	chr17	0.131938	0.994976	-0.153541	3	-1.4258	-1.58721	-1.4936	-1.14292	-1.47752	-1.66512
chr17:56000000-56500000	chr17	-0.136796	1.00138	-0.138563	1	-1.58618	-1.30549	-1.36693	-1.59548	-1.82861	-1.56614
chr17:56500000-57000000	chr17	-0.182302	0.240277	-0.0308081	6	-1.03367	-1.04669	-1.04761	-1.02004	-0.795807	-0.716046
chr17:57000000-57500000	chr17	-0.273603	-0.224883	-0.292186	2	-0.355273	-0.547	-0.292586	-0.283761	-0.358509	-0.267254
chr17:57500000-58000000	chr17	-0.280614	-0.297777	-0.362852	4	0.251479	-0.151952	-0.154039	-0.325849	0.0488545	-0.402933
chr17:58000000-58500000	chr17	-0.305332	-0.320055	-0.194922	12	0.604414	0.383928	0.464678	0.0119484	-0.155414	0.209809
chr17:58500000-59000000	chr17	-0.23445	-0.478334	-0.225804	6	-0.245393	0.0310599	-0.386706	-0.293263	-0.222481	-0.169194
chr17:59000000-59500000	chr17	0.0811215	-1.08922	0.0221209	6	0.660039	0.422862	0.0758323	0.0611753	0.520481	0.584843
chr17:59500000-60000000	chr17	0.153155	-1.76467	0.0539428	7	0.811787	0.707504	0.732102	0.233914	0.705312	0.619222
chr17:60000000-60500000	chr17	0.057144	-1.14912	-0.00500175	4	0.887822	-0.0086849	0.697483	0.0858908	0.685277	0.875154
chr17:60500000-61000000	chr17	0.0378535	-1.09582	-0.0239142	3	0.295092	0.315417	0.291013	-0.353354	0.211382	0.124214
chr17:61000000-61500000	chr17	-0.0622126	-0.681967	-0.25712	2	0.224769	-0.0709175	-0.0209431	-0.0610752	0.222814	-0.182278
chr17:61500000-62000000	chr17	-0.229209	-1.00118	-0.39686	3	-0.107628	-0.441372	0.0402149	-0.440701	0.0210197	0.0631765
chr17:62000000-62500000	chr17	-0.151916	-0.741295	-0.165713	4	0.330351	-0.106223	-0.00148196	-0.210515	0.257891	0.47031
chr17:62500000-63000000	chr17	-0.0995018	-0.995764	0.175962	3	0.641248	0.246306	0.573039	0.291842	0.607018	0.678339
chr17:63000000-63500000	chr17	0.0578162	-1.39957	0.232634	2	0.39118	0.0756277	-0.0143941	0.0781557	0.00993731	0.287623
chr17:63500000-64000000	chr17	0.0688955	-0.975768	-0.207484	19	0.772826	0.752407	1.00009	0.162288	0.957835	0.923909
chr17:64000000-64500000	chr17	0.0818341	-1.05382	-0.241853	6	0.802859	0.225702	0.585481	0.159638	0.832529	1.05
chr17:64500000-65000000	chr17	0.047315	-1.27715	-0.0468322	4	0.814314	0.613051	0.463708	-0.143833	0.619901	0.690069
chr17:65000000-65500000	chr17	-0.160801	-0.643524	-0.078154	2	0.108305	0.11997	-0.0801405	-0.506883	0.161728	-0.00758244
chr17:65500000-66000000	chr17	-0.146897	-0.597199	-0.335569	1	-0.21526	-0.55191	-0.553426	-1.06616	-0.517845	-0.630077
chr17:66000000-66500000	chr17	-0.0968061	-0.834633	-0.440569	3	-0.292005	-0.21598	0.0262081	-0.377796	-0.484689	-0.185146
chr17:66500000-67000000	chr17	-0.252401	-0.363924	-0.360193	2	0.194585	-0.324494	-0.706676	-0.773319	-0.459574	-0.0174423
chr17:67000000-67500000	chr17	0.0132466	-0.970732	-0.196691	4	0.350121	0.185057	0.402281	-0.397999	-0.0638415	0.193712
chr17:67500000-68000000	chr17	-0.0528436	-0.908306	-0.286037	3	0.347015	-0.0684284	-0.230248	-0.406711	0.0374361	0.313679
chr17:68000000-68500000	chr17	-0.377574	-0.379562	-0.174341	5	-0.144802	-0.357961	-0.511191	-0.752743	-0.172592	-0.106802
chr17:68500000-69000000	chr17	0.0939434	0.0733505	-0.0372802	3	-0.873383	-0.935195	-1.58847	-1.25374	-0.854458	-0.576613
chr17:69000000-69500000	chr17	-0.0125605	-0.105579	-0.0175775	5	-1.32666	-1.19081	-1.43509	-1.3726	-1.18524	-1.16955
chr17:69500000-70000000	chr17	-0.19819	-0.272208	-0.309682	0	-1.71071	-1.93351	-1.73375	-1.82715	-1.47056	-1.59669
chr17:70000000-70500000	chr17	0.137206	-0.328133	-0.102129	2	-1.63355	-1.6862	-1.64148	-1.92915	-1.73268	-1.22605
chr17:70500000-71000000	chr17	0.327748	-0.286938	0.02027	0	-1.25119	-1.31376	-1.55812	-1.30098	-1.82766	-1.35778
chr17:71000000-71500000	chr17	-0.00299312	-0.526115	-0.24608	0	-1.38581	-1.77538	-1.30024	-1.86801	-1.71869	-1.31569
chr17:71500000-72000000	chr17	-0.127027	-0.482626	-0.444135	0	-1.39499	-1.25248	-1.8799	-1.64947	-1.52379	-1.51756
chr17:72000000-72500000	chr17	-0.168577	-0.0565254	-0.40751	1	-1.34294	-1.25386	-1.22159	-1.56363	-1.33849	-0.994776
chr17:72500000-73000000	chr17	-0.291379	0.24999	-0.360823	0	-1.58345	-1.34989	-1.49237	-1.48938	-1.62269	-1.46569
chr17:73000000-73500000	chr17	-0.243961	0.214517	-0.138812	7	-0.698197	-0.803654	-1.27833	-1.21305	-0.78888	-0.722333
chr17:73500000-74000000	chr17	-0.144115	0.951796	0.0154601	1	-0.435188	-0.46667	-0.518963	-1.16855	-0.285574	-0.164852
chr17:74000000-74500000	chr17	-0.0908953	0.467958	-0.129488	8	0.280321	-0.253739	-0.0328213	-0.376982	-0.214194	0.268715
chr17:74500000-75000000	chr17	0.071915	-0.139146	-0.081919	18	0.509452	0.12449	0.236044	-0.540153	0.686251	0.773291
chr17:75000000-75500000	chr17	0.0281888	-1.1015	0.00928603	15	0.974536	0.763006	0.698616	-0.0646531	0.762823	0.910533
chr17:75500000-76000000	chr17	-0.159017	-0.753638	0.0517117	20	0.826821	0.551661	0.710318	0.0736725	0.85607	0.950609
chr17:76000000-76500000	chr17	-0.15896	-0.858813	0.212006	14	0.977444	0.0709276	0.640784	-0.270257	0.88555	0.952245
chr17:76500000-77000000	chr17	-0.127664	-0.88791	0.122498	12	0.770818	0.376714	0.486069	-0.557488	0.676315	0.719813
chr17:77000000-77500000	chr17	-0.109109	-0.845137	0.0625601	2	0.917072	0.270828	0.591311	-0.183583	0.615731	0.780088
chr17:77500000-78000000	chr17	-0.0943103	-0.758055	0.129636	1	0.420177	0.0497927	0.191809	-0.397971	0.540091	0.603115
chr17:78000000-78500000	chr17	-0.215974	-0.643022	-0.0471819	10	0.685191	0.207667	0.246117	-0.17406	0.822683	0.749592
chr17:78500000-79000000	chr17	-0.034719	-0.615551	-0.0598766	6	0.559377	0.121454	0.460083	-0.539856	0.740152	0.607169
chr17:79000000-79500000	chr17	-0.30204	0.12533	0.0691653	3	0.497031	-0.0392683	0.129065	-0.463326	0.397791	0.670637
chr17:79500000-80000000	chr17	-0.308487	-0.171574	-0.0165956	5	0.559037	0.347619	0.0706116	-0.505269	0.670117	0.736595
chr17:80000000-80500000	chr17	-0.194834	-0.640536	0.0433444	10	0.584768	0.0672438	0.5866	-0.455913	0.76744	0.432577
chr17:80500000-81000000	chr17	-0.029674	-0.730822	0.0161084	2	0.715177	0.465326	0.621968	-0.364018	0.53952	0.684504
chr17:81000000-81500000	chr17	-0.189442	-0.719933	0.430239	8	0.846581	0.562219	0.537514	-0.281625	0.919273	0.743961
chr17:81500000-82000000	chr17	-0.0313918	-1.11028	0.326442	27	0.852221	0.647665	0.585962	0.0371223	0.67317	0.720692
chr17:82000000-82500000	chr17	-0.0176607	-0.82197	0.189322	19	0.782982	0.16716	0.667894	0.0450945	0.85831	0.849036
chr17:82500000-83000000	chr17	-0.093243	-0.74391	0.0304295	7	0.642145	0.217128	0.325347	-0.494607	0.736438	0.437957
chr18:3000000-3500000	chr18	0.125088	-0.654008	-0.0955149	5	1.33612	1.38679	1.38006	1.39138	1.23362	1.6633
chr18:3500000-4000000	chr18	-0.137543	-0.145863	-0.342253	0	1.10071	1.00858	1.03338	0.981604	0.908203	1.2858
chr18:4000000-4500000	chr18	0.30027	0.986839	0.414251	1	0.346401	0.516837	0.552119	0.742053	0.168482	0.617992
chr18:4500000-5000000	chr18	0.201668	1.09853	0.271402	0	-0.473751	-0.063418	0.0291686	0.210119	-0.277547	-0.345402
chr18:5000000-5500000	chr18	0.0337168	0.992897	0.155398	2	0.437255	-0.0311059	0.823219	0.41456	-0.111081	0.17236
chr18:5500000-6000000	chr18	0.157959	0.55791	0.0786888	2	0.755629	0.762355	1.19031	1.27014	0.639924	0.976038
chr18:6000000-6500000	chr18	0.0989354	0.52597	0.170546	1	0.848279	1.20476	1.07391	0.985986	0.9001	1.2036
chr18:6500000-7000000	chr18	-0.0271441	0.337538	-0.216955	1	1.09545	1.21712	1.22476	0.571085	1.27673	1.35276
chr18:7000000-7500000	chr18	-0.245411	0.242482	-0.255412	2	0.952723	0.790545	1.11327	1.16062	1.18503	1.25496
chr18:7500000-8000000	chr18	-0.114934	-0.452585	-0.342903	1	1.16705	1.12816	0.990094	1.03428	1.01609	1.22502
chr18:8000000-8500000	chr18	-0.368063	-0.0755651	-0.184217	0	1.26686	1.24214	0.908394	0.883363	0.83447	1.1962
chr18:8500000-9000000	chr18	0.0460763	-0.70698	-0.279775	2	1.30548	1.32558	1.2452	1.40596	1.33455	1.14835
chr18:9000000-9500000	chr18	0.200864	-1.26414	-0.205964	4	1.1907	1.28374	1.58807	1.31933	1.29723	1.42085
chr18:9500000-10000000	chr18	-0.0455411	-1.07724	-0.00704751	4	1.59963	1.17582	1.18806	1.4978	1.34016	1.59162
chr18:10000000-10500000	chr18	-0.0219512	-0.339668	0.0126524	1	1.12179	1.48851	1.18473	0.966198	1.27172	1.22072
chr18:10500000-11000000	chr18	-0.175217	-0.280716	-0.104869	1	0.995468	0.943646	1.28977	0.870991	1.01092	0.96107
chr18:11000000-11500000	chr18	-0.107528	-0.410801	-0.327476	1	1.04736	0.852814	1.21557	0.249709	0.939968	0.888999
chr18:11500000-12000000	chr18	-0.110219	-0.36835	-0.228975	5	1.54574	1.27114	1.64859	1.23549	1.46646	1.59325
chr18:12000000-12500000	chr18	-0.21708	-0.600568	0.0604757	5	1.38886	1.38819	1.42546	1.26563	1.3877	1.65465
chr18:12500000-13000000	chr18	0.173698	-1.08059	-0.0922621	6	1.45254	1.61106	1.4833	1.50171	1.47453	1.57182
chr18:13000000-13500000	chr18	-0.0911054	0.089345	-0.224747	1	0.967137	1.15465	0.89256	1.12212	0.94192	1.2449
chr18:13500000-14000000	chr18	0.0102664	0.536026	-0.1551	4	0.593645	0.948862	0.775128	0.768548	0.83708	1.03103
chr18:14000000-14500000	chr18	-0.104926	0.968742	0.301464	1	-0.486199	0.330364	0.168566	-0.0960055	-0.146408	0.248939
chr18:14500000-15000000	chr18	0.0119324	0.836399	0.42562	2	-0.396331	-0.196546	-0.115733	-0.187242	-0.552955	-0.0248911
chr18:21000000-21500000	chr18	0.144845	-0.414893	-0.0193678	2	0.154229	0.424879	0.561057	0.510815	0.161504	0.77966
chr18:21500000-22000000	chr18	0.00522821	-0.838569	-0.201531	4	0.917526	1.19889	1.30815	1.05978	1.06041	1.28399
chr18:22000000-22500000	chr18	-0.0685222	-0.719728	-0.300889	2	1.03368	1.33662	1.2252	1.00545	1.20084	1.37422
chr18:22500000-23000000	chr18	-0.0250831	-1.01651	-0.233774	1	1.26633	1.17866	1.42739	1.02829	1.12526	1.41642
chr18:23000000-23500000	chr18	-0.228851	-0.564976	-0.292136	3	1.38996	1.271	1.42049	1.40694	1.50567	1.28871
chr18:23500000-24000000	chr18	-0.191485	-0.81148	-0.267267	4	1.04215	1.27879	1.34218	1.44712	1.31788	1.40129
chr18:24000000-24500000	chr18	-0.0602751	-0.630401	-0.142012	5	0.602302	0.709014	0.92209	0.928126	1.00979	0.937078
chr18:24500000-25000000	chr18	-0.126995	-0.0632805	-0.399867	0	0.628326	0.23574	0.525446	0.369479	0.200343	0.266381
chr18:25000000-25500000	chr18	-0.447395	-0.387916	-0.267435	1	0.212781	0.115002	0.350226	0.555642	0.527256	0.320153
chr18:25500000-26000000	chr18	-0.281911	-0.257877	-0.29889	0	0.125648	-0.109925	0.233427	0.238558	-0.37762	-0.0450598
chr18:26000000-26500000	chr18	-0.00984029	-0.0623302	-0.523008	3	0.0602495	-0.0575526	0.373203	-0.196168	0.0309515	0.207322
chr18:26500000-27000000	chr18	0.174999	0.407769	-0.0774912	2	0.121908	0.145897	0.000519437	0.409156	0.211583	0.0700323
chr18:27000000-27500000	chr18	0.157448	0.533554	-0.08195	1	-0.779996	-0.650163	-0.565898	-0.517822	-0.887894	-0.586006
chr18:27500000-28000000	chr18	0.114634	-0.660791	-0.234145	0	-0.416181	-0.59101	-0.348876	-0.687768	-0.371115	-0.248872
chr18:28000000-28500000	chr18	-0.0276512	-0.806194	0.025077	1	-0.966524	-0.934891	-0.890509	-1.16421	-0.706923	-0.722759
chr18:28500000-29000000	chr18	-0.0866663	-0.60638	-0.023196	0	-1.3061	-1.25246	-1.27756	-1.34163	-1.08642	-1.05115
chr18:29000000-29500000	chr18	-0.03068	-0.550108	0.202615	0	-1.5419	-1.37562	-1.20372	-1.53867	-1.33333	-1.13565
chr18:29500000-30000000	chr18	-0.07135	-0.313391	0.101004	0	-1.50758	-1.52222	-1.28425	-1.45178	-1.37256	-1.20928
chr18:30000000-30500000	chr18	-0.0458662	-0.101577	0.135989	0	-1.46593	-1.39114	-1.18966	-1.54216	-1.53813	-1.06145
chr18:30500000-31000000	chr18	0.191436	0.179992	-0.20084	0	-1.3377	-1.36916	-1.26122	-1.51752	-1.26993	-1.16869
chr18:31000000-31500000	chr18	-0.20743	-0.226318	-0.025627	7	-0.157245	-0.796768	-0.137778	-0.462682	-0.291765	-0.264732
chr18:31500000-32000000	chr18	-0.319683	0.064111	-0.0974671	4	-0.170256	-0.267454	0.30318	0.0741902	-0.0671534	0.357241
chr18:32000000-32500000	chr18	-0.0225099	0.45441	-0.233811	4	-0.238397	-0.351447	-0.576567	-0.69765	-0.287052	-0.261101
chr18:32500000-33000000	chr18	0.176823	0.903087	0.278842	1	-0.946431	-0.789986	-0.637631	-0.807312	-0.68926	-0.462598
chr18:33000000-33500000	chr18	0.399601	0.589472	0.405615	1	-1.273	-1.24611	-1.02735	-1.26752	-1.34742	-0.998274
chr18:33500000-34000000	chr18	0.418827	0.402997	-0.141767	1	-1.06868	-1.05015	-0.995914	-1.24649	-1.07371	-0.807493
chr18:34000000-34500000	chr18	0.24604	0.369138	0.24176	1	-1.18925	-1.2475	-1.16605	-1.30441	-1.23664	-0.991867
chr18:34500000-35000000	chr18	0.0393574	-0.0597039	-0.0952869	1	-0.615222	-0.86695	-0.834055	-0.9221	-0.576877	-0.46923
chr18:35000000-35500000	chr18	0.0203305	-0.282442	0.0706223	6	0.423813	0.127458	0.256782	-0.0141272	0.617892	0.553469
chr18:35500000-36000000	chr18	0.112064	-0.133636	-0.289309	2	0.756106	0.625693	0.550022	0.396396	0.472331	0.741972
chr18:36000000-36500000	chr18	-0.0339123	-0.669551	0.00184002	5	0.643867	0.569029	0.398314	0.446239	0.832706	0.377523
chr18:36500000-37000000	chr18	0.0769472	-0.348776	-0.0795237	2	-0.0694344	-0.214966	-0.25574	-0.442561	-0.0260798	-0.126278
chr18:37000000-37500000	chr18	-0.238194	1.29403	-0.0771894	0	-0.105793	-0.42844	-0.25874	-0.408573	-0.0657695	-0.196447
chr18:37500000-38000000	chr18	0.17215	1.21398	-0.00156357	1	-0.0865416	0.225362	0.112264	-0.067193	-0.150424	-0.199148
chr18:38000000-38500000	chr18	0.437484	0.554987	0.0687049	0	-0.590832	-0.0816196	-0.416205	-0.502259	-0.33164	-0.299168
chr18:38500000-39000000	chr18	0.15752	0.798721	0.303805	0	-1.02086	-0.578236	-0.815391	-0.718	-0.502743	-0.599773
chr18:39000000-39500000	chr18	0.183161	0.419817	-0.0512901	0	-1.05105	-0.754295	-0.905839	-0.886296	-0.942174	-0.807987
chr18:39500000-40000000	chr18	-0.0711354	0.176049	-0.357697	0	-0.632623	-0.77171	-0.861962	-0.539509	-0.362577	-0.596716
chr18:40000000-40500000	chr18	0.108943	-0.262027	-0.092505	0	-0.631968	-0.356351	-0.494786	-0.4159	-0.446062	-0.532824
chr18:40500000-41000000	chr18	-0.0291006	-0.509634	-0.0682243	0	-0.52783	-0.240048	-0.578639	-0.348675	-0.294226	-0.22426
chr18:41000000-41500000	chr18	0.00593647	-0.489688	-0.29062	0	-0.685634	-0.251933	-0.746617	-0.314105	-0.401613	-0.304468
chr18:41500000-42000000	chr18	-0.040063	-0.376305	-0.16053	1	-0.0667979	0.0732269	-0.21392	-0.0675235	-0.0918019	-0.358535
chr18:42000000-42500000	chr18	0.158781	-0.00408889	-0.0710413	0	-0.506622	-0.554553	-0.801694	-0.153699	-0.417154	-0.475627
chr18:42500000-43000000	chr18	0.0599258	0.373919	-0.137819	0	-0.980745	-1.04565	-0.878375	-0.956184	-1.01845	-1.01205
chr18:43000000-43500000	chr18	0.22829	0.380592	0.0295827	2	-0.944747	-0.779681	-1.19565	-0.697159	-1.05578	-0.91346
chr18:43500000-44000000	chr18	0.0559915	-0.322785	-0.0422046	0	-0.221776	0.117439	-0.567459	0.109587	-0.246202	-0.275535
chr18:44000000-44500000	chr18	0.361199	-0.180698	-0.379959	0	0.0509345	-0.188936	-0.219404	0.0950337	-0.382414	-0.0448746
chr18:44500000-45000000	chr18	-0.181327	0.108734	-0.447771	1	0.571248	0.686182	0.402909	0.436075	0.289798	0.270925
chr18:45000000-45500000	chr18	-0.0159105	0.452275	-0.270881	0	0.461834	0.433455	-0.154114	0.499139	0.412209	0.240813
chr18:45500000-46000000	chr18	-0.0974372	-0.192136	-0.396953	4	0.790899	1.40173	0.729592	0.869105	0.830023	0.87079
chr18:46000000-46500000	chr18	-0.0271905	-0.0679716	-0.0114716	5	1.41947	1.09231	1.25965	1.22078	1.38624	1.04802
chr18:46500000-47000000	chr18	0.150491	0.416787	0.0288393	4	1.21124	0.968645	1.06404	1.56207	1.27824	1.36795
chr18:47000000-47500000	chr18	-0.0567702	0.603642	-0.127082	4	1.50248	0.705777	1.38518	1.00185	1.0942	0.817717
chr18:47500000-48000000	chr18	-0.248162	0.41555	-0.0773509	1	1.03616	1.14866	1.09436	1.22791	1.29436	1.29286
chr18:48000000-48500000	chr18	-0.036617	-0.0349118	-0.345785	1	1.48087	1.28152	1.23981	1.34214	1.52297	1.40864
chr18:48500000-49000000	chr18	0.012514	-0.49467	-0.151225	2	1.40496	1.41669	1.39624	1.11989	1.64953	1.36092
chr18:49000000-49500000	chr18	0.210791	-1.15069	-0.0567857	3	1.17468	1.44128	0.981211	1.48431	1.25342	1.11175
chr18:49500000-50000000	chr18	-0.130238	-0.164858	-0.311286	2	1.5476	1.33548	1.76281	1.44383	1.31554	0.941061
chr18:50000000-50500000	chr18	0.131605	0.380297	-0.347342	5	1.27785	1.64626	1.35498	1.25914	1.25627	1.03379
chr18:50500000-51000000	chr18	-0.236217	0.429727	-0.104325	4	1.0605	0.513288	0.8688	1.02874	1.09208	0.888344
chr18:51000000-51500000	chr18	0.0655684	0.133485	-0.00613449	2	0.29796	0.0219915	0.0175716	-0.0266722	0.28796	0.216355
chr18:51500000-52000000	chr18	0.164965	0.914076	0.106204	0	-1.18387	-1.35821	-1.23401	-1.18273	-1.25706	-1.10273
chr18:52000000-52500000	chr18	0.259664	0.640949	0.0569545	1	-1.31388	-1.27643	-1.44643	-1.12354	-1.33223	-1.18579
chr18:52500000-53000000	chr18	-0.0826371	0.68414	0.184229	0	-1.36306	-1.39138	-1.27736	-1.23752	-1.16324	-1.35063
chr18:53000000-53500000	chr18	0.488556	0.601938	0.337027	0	-1.47193	-1.43896	-1.45014	-1.39097	-1.58896	-1.44681
chr18:53500000-54000000	chr18	0.243242	0.763376	0.200333	0	-1.41698	-1.32579	-1.36301	-1.23209	-1.26305	-1.07067
chr18:54000000-54500000	chr18	0.0471108	0.0297777	-0.00349022	4	-0.725396	-0.798781	-0.891486	-1.00107	-0.659677	-0.663807
chr18:54500000-55000000	chr18	-0.0318143	-0.256443	-0.327945	3	-0.916069	-0.883712	-0.928826	-0.97027	-1.15209	-0.818066
chr18:55000000-55500000	chr18	-0.0270075	-0.549957	-0.484615	0	0.211144	-0.123212	-0.152437	0.0696035	0.249376	-0.119132
chr18:55500000-56000000	chr18	-0.0758825	-0.620453	-0.0385453	1	0.421995	0.258564	0.406624	0.411734	0.495115	0.213992
chr18:56000000-56500000	chr18	-0.172342	-0.179361	-0.106358	0	-0.387406	0.179559	-0.712981	0.113527	-0.0386254	0.000229343
chr18:56500000-57000000	chr18	-0.0810862	-0.0755643	-0.0473659	2	0.376335	0.393012	0.131798	0.497743	0.302768	0.479196
chr18:57000000-57500000	chr18	-0.00187861	0.993061	-0.0531589	3	0.092126	0.632337	0.34193	0.38859	0.0878181	0.262088
chr18:57500000-58000000	chr18	0.0337527	-0.373156	-0.215621	3	1.39494	1.39768	1.1732	0.499284	1.09729	0.941575
chr18:58000000-58500000	chr18	-0.00822567	-0.649556	-0.33962	1	1.19333	0.821612	1.14634	1.04439	1.33017	1.05132
chr18:58500000-59000000	chr18	0.156165	-0.882513	-0.301211	3	1.14662	1.22754	1.08649	0.801973	1.14411	1.15859
chr18:59000000-59500000	chr18	-0.0905804	-0.514938	-0.318139	5	1.20016	0.728355	0.996045	1.26323	1.01063	0.823538
chr18:59500000-60000000	chr18	0.054522	-0.570699	-0.367302	2	0.66279	0.384477	0.221069	0.464721	0.264183	0.11402
chr18:60000000-60500000	chr18	-0.214185	0.0825061	0.0202599	1	-1.26929	-1.43527	-1.3852	-1.44269	-1.42066	-1.23827
chr18:60500000-61000000	chr18	0.116535	0.525768	0.0578645	0	-1.62608	-1.72292	-1.75511	-1.71563	-1.68412	-1.74141
chr18:61000000-61500000	chr18	0.0495565	1.08157	-0.0274211	1	-1.59367	-1.63034	-1.66869	-1.55786	-1.64569	-1.56064
chr18:61500000-62000000	chr18	-0.342219	0.307069	-0.457813	1	0.046407	-0.230277	-0.0351065	0.0301436	-0.0343432	-0.332766
chr18:62000000-62500000	chr18	-0.452062	-0.220449	-0.083537	3	0.0107149	-0.381441	-0.233494	0.198723	0.161844	-0.448381
chr18:62500000-63000000	chr18	-0.204593	-0.172806	-0.593976	2	0.634713	0.526887	0.724005	0.681928	0.831445	0.223819
chr18:63000000-63500000	chr18	-0.0827248	-0.154616	-0.441334	4	0.45911	0.506891	0.771242	0.379385	0.676947	-0.116774
chr18:63500000-64000000	chr18	0.0586411	-0.175347	-0.231894	10	-1.46655	-1.3524	-1.39729	-1.50561	-1.22777	-1.59448
chr18:64000000-64500000	chr18	0.0175989	0.947427	0.161294	1	-0.988454	-1.21571	-1.04194	-1.12096	-1.46133	-1.4025
chr18:64500000-65000000	chr18	0.307558	0.422524	0.399653	0	-0.886112	-0.940976	-1.12997	-0.981561	-1.39447	-1.26128
chr18:65000000-65500000	chr18	0.247776	0.344608	0.734237	0	-1.22911	-1.38369	-1.32795	-1.45859	-1.62488	-1.61697
chr18:65500000-66000000	chr18	0.199738	0.455235	0.502177	1	-1.58896	-1.61407	-1.62143	-1.58651	-1.67977	-1.80634
chr18:66000000-66500000	chr18	0.218325	0.612321	0.807315	0	-1.60039	-1.5461	-1.44528	-1.57306	-1.56904	-1.67217
chr18:66500000-67000000	chr18	0.163367	0.32808	0.607921	1	-1.56688	-1.5843	-1.57209	-1.51704	-1.71187	-1.73223
chr18:67000000-67500000	chr18	-0.106285	-0.270781	-0.0554067	0	-1.50796	-1.58139	-1.53217	-1.63021	-1.52142	-1.68129
chr18:67500000-68000000	chr18	-0.252235	-0.518617	-0.146504	1	-1.32199	-1.34177	-1.4241	-1.43392	-1.43862	-1.53717
chr18:68000000-68500000	chr18	-0.110861	-0.659922	0.107814	0	-1.21059	-1.46273	-1.29139	-1.43585	-1.51353	-1.54895
chr18:68500000-69000000	chr18	-0.127965	-0.289034	-0.0124163	2	-1.19772	-1.23939	-1.26447	-1.33945	-1.28782	-1.41546
chr18:69000000-69500000	chr18	0.12259	0.558219	0.165433	1	-1.11592	-0.942731	-1.21441	-1.12757	-0.974424	-1.2352
chr18:69500000-70000000	chr18	-0.152529	0.772993	0.179129	1	-1.45574	-1.36547	-1.29809	-1.34651	-1.19226	-1.49674
chr18:70000000-70500000	chr18	-0.250665	0.0899712	-0.00125027	2	-0.424199	-0.964983	-0.614389	-0.700523	-0.412916	-0.816408
chr18:70500000-71000000	chr18	0.224007	1.04787	0.198865	0	-1.23579	-1.30601	-1.25552	-1.25224	-1.43773	-1.57561
chr18:71000000-71500000	chr18	0.230306	0.578553	0.411658	0	-1.3971	-1.33931	-1.27622	-1.3706	-1.44125	-1.61967
chr18:71500000-72000000	chr18	0.292567	0.530823	0.401441	0	-1.65993	-1.60382	-1.58119	-1.68379	-1.64368	-1.70481
chr18:72000000-72500000	chr18	0.25855	0.542302	0.309877	0	-1.66891	-1.64197	-1.57398	-1.61141	-1.60036	-1.75667
chr18:72500000-73000000	chr18	0.0682704	0.560555	0.0774335	2	-0.364887	-0.79916	-0.839608	-0.671635	-0.655899	-0.988714
chr18:73000000-73500000	chr18	0.0103321	-0.0748029	0.221898	0	-0.961204	-0.984254	-1.05139	-1.17082	-1.1484	-1.18703
chr18:73500000-74000000	chr18	-0.176618	0.0606796	0.0665346	0	-0.690097	-0.723957	-0.820615	-0.596845	-0.637847	-0.751543
chr18:74000000-74500000	chr18	-0.244101	0.730695	-0.322515	6	0.640247	0.0966177	0.305092	-0.100707	0.423233	-0.106099
chr18:74500000-75000000	chr18	-0.124968	-0.22592	-0.19046	2	0.836243	0.552333	0.726567	0.804991	0.805995	0.235185
chr18:75000000-75500000	chr18	-0.091244	0.648374	-0.289891	3	0.619653	0.765769	0.787923	0.542944	0.734341	0.172281
chr18:75500000-76000000	chr18	0.157958	0.788556	-0.164217	0	0.304007	0.394056	-0.378491	0.316873	0.145461	-0.528032
chr18:76000000-76500000	chr18	-0.0238897	0.942125	0.0387279	1	0.283209	-0.0563109	0.0467902	0.428924	0.239331	0.132716
chr18:76500000-77000000	chr18	-0.368391	0.686922	-0.149772	1	1.17209	0.991128	1.00562	1.28897	0.945725	0.829431
chr18:77000000-77500000	chr18	-0.191603	1.08746	0.00400182	2	-0.180629	-0.186816	-0.196621	-0.0549085	0.0271295	-0.222885
chr18:77500000-78000000	chr18	0.148168	1.21339	0.426974	0	-0.245938	-0.0617052	0.000800881	-0.207323	-0.28153	-0.297168
chr18:78000000-78500000	chr18	-0.160157	1.44973	0.0432933	0	-0.0505373	-0.00486439	-0.132612	-0.0961229	-0.043146	0.00505342
chr18:78500000-79000000	chr18	-0.141514	1.34111	0.106811	1	0.40198	0.925285	0.492959	0.882256	0.797876	0.623288
chr18:79000000-79500000	chr18	-0.303397	0.839907	-0.365064	2	0.919172	1.24556	0.901388	1.23235	1.04359	0.814322
chr18:79500000-80000000	chr18	-0.294138	0.484442	0.0313361	5	1.48474	1.4905	1.42869	1.53232	1.17155	0.988923
chr19:3000000-3500000	chr19	-0.0189926	-0.960653	0.081828	10	1.39565	1.12614	1.36113	1.35712	1.30719	1.02677
chr19:3500000-4000000	chr19	-0.0267286	-0.883384	0.238038	19	1.42414	1.45156	1.12341	1.3124	1.33462	0.942921
chr19:4000000-4500000	chr19	-0.0746239	-0.973097	0.305225	17	1.49752	1.34279	1.42188	1.60312	1.22432	1.02241
chr19:4500000-5000000	chr19	-0.0398371	-0.846603	0.0927157	13	1.43128	1.5704	1.43856	1.32055	1.28304	1.15546
chr19:5000000-5500000	chr19	-0.157011	-0.590937	0.180049	2	1.15159	1.02061	0.898107	1.0765	1.19455	0.81914
chr19:5500000-6000000	chr19	-0.146818	-0.675179	-0.111493	18	0.670019	0.76793	0.705227	0.701444	0.717927	0.568417
chr19:6000000-6500000	chr19	0.172739	-0.697865	0.200053	13	-0.764065	-0.779084	-0.815212	-0.768523	-0.681357	-0.631383
chr19:6500000-7000000	chr19	-0.168438	0.176163	0.0362694	10	-1.19399	-1.2498	-1.22426	-1.24749	-1.26171	-1.42534
chr19:7000000-7500000	chr19	0.162791	-0.393323	0.0220935	10	-0.677797	-0.904326	-0.68109	-0.677898	-0.540487	-0.91724
chr19:7500000-8000000	chr19	-0.178066	-0.440321	-0.0828134	23	0.0864718	-0.216395	-0.106755	-0.216878	0.0474719	-0.0356539
chr19:8000000-8500000	chr19	-0.322866	-0.243515	-0.0600743	12	0.284003	0.304969	0.463957	0.455065	0.0677969	0.131486
chr19:8500000-9000000	chr19	-0.283559	0.548432	-0.169051	9	-1.23639	-1.23684	-1.25253	-1.22693	-1.34743	-1.41745
chr19:9000000-9500000	chr19	-0.20367	0.41748	-0.125522	14	-1.25213	-1.23803	-1.32832	-1.29212	-1.37803	-1.49612
chr19:9500000-10000000	chr19	-0.142366	-0.0970608	-0.0308345	9	-0.95645	-0.826964	-0.73466	-0.822159	-0.976848	-1.13416
chr19:10000000-10500000	chr19	-0.171285	-0.680368	0.128923	20	0.624053	0.750062	0.694268	0.537481	0.271716	0.164056
chr19:10500000-11000000	chr19	0.0111895	-0.99583	-0.0684115	16	1.55395	1.26783	1.28835	1.40746	1.09609	1.08351
chr19:11000000-11500000	chr19	-0.124543	-0.843132	0.0292208	16	1.60828	1.65263	1.42485	1.55184	1.36982	1.12286
chr19:11500000-12000000	chr19	-0.087734	-0.87398	0.0293539	14	1.19591	1.15726	1.07852	1.19781	1.03361	0.731646
chr19:12000000-12500000	chr19	0.0572078	-0.843839	-0.178474	12	1.04987	0.996325	0.969893	0.808231	0.699948	0.672802
chr19:12500000-13000000	chr19	0.0177846	-0.925645	-0.0342546	30	0.992909	1.10192	1.41096	1.25159	1.1184	1.03211
chr19:13000000-13500000	chr19	-0.0846518	-0.36379	-0.117681	5	-0.696363	-0.659315	-0.594631	-0.652853	0.341873	-0.097361
chr19:13500000-14000000	chr19	-0.0983119	-0.387259	0.0761786	10	-0.457631	-0.460969	-0.369582	-0.588775	0.191467	-0.172712
chr19:14000000-14500000	chr19	-0.15047	-0.56485	-0.191181	16	0.324055	0.0502064	0.258016	0.0975307	0.2722	-0.023749
chr19:14500000-15000000	chr19	-0.198253	0.651118	0.153374	13	-1.31113	-1.30209	-1.34211	-1.35783	-1.40472	-1.47524
chr19:15000000-15500000	chr19	-0.0662719	-0.0254076	-0.0276728	13	-1.04287	-1.05129	-0.948437	-1.01565	-1.02309	-1.22603
chr19:15500000-16000000	chr19	-0.407961	1.00157	0.00251501	11	-1.28418	-1.35685	-1.44793	-1.38023	-1.44432	-1.50662
chr19:16000000-16500000	chr19	-0.0515535	-0.249521	0.047328	10	-0.736346	-0.778987	-0.565856	-0.912184	-0.788445	-1.05573
chr19:16500000-17000000	chr19	-0.0851305	-0.561501	-0.156365	8	0.820476	0.850839	0.612929	0.643044	0.379724	0.236964
chr19:17000000-17500000	chr19	-0.00213377	-0.952708	0.114877	21	1.21898	1.18866	1.42273	1.2639	1.05434	0.922447
chr19:17500000-18000000	chr19	-0.240189	-0.662194	-0.0786473	13	1.45348	1.25135	1.50529	1.32496	1.11614	1.05758
chr19:18000000-18500000	chr19	-0.109044	-0.95069	0.0449872	17	1.39711	1.20682	1.61181	1.47337	1.14994	1.19745
chr19:18500000-19000000	chr19	0.0187932	-0.817013	-0.0369021	16	1.40299	1.61931	1.3624	1.31532	1.28758	1.05957
chr19:19000000-19500000	chr19	-0.379861	-0.495998	-0.0439146	14	1.09773	1.04005	0.843105	1.16535	0.527297	0.593441
chr19:19500000-20000000	chr19	-0.126913	0.100951	0.225149	13	-0.254023	-0.232682	-0.410775	-0.396054	-0.497763	-0.415465
chr19:20000000-20500000	chr19	0.157771	0.364148	0.0492019	3	-1.00789	-0.922294	-1.08628	-0.739542	-1.04939	-0.956784
chr19:20500000-21000000	chr19	-0.0565389	0.530566	-0.00677377	4	-1.23068	-1.24739	-1.27159	-1.2355	-1.38942	-1.4209
chr19:21000000-21500000	chr19	-0.0923046	0.22487	0.159465	6	-0.782333	-0.924168	-1.1417	-0.82248	-1.17709	-1.23621
chr19:21500000-22000000	chr19	-0.00610437	0.745808	0.112016	3	-1.0462	-1.22661	-1.34932	-1.13594	-1.37334	-1.28025
chr19:22000000-22500000	chr19	0.157676	0.745765	0.00457239	5	-1.26156	-1.21537	-1.3217	-1.31171	-1.41775	-1.49242
chr19:22500000-23000000	chr19	0.036822	0.78777	0.295039	3	-1.17812	-1.25908	-1.36753	-1.25668	-1.35296	-1.37604
chr19:23000000-23500000	chr19	-0.11829	0.635529	0.207641	4	-1.12112	-1.19724	-1.14002	-1.11934	-1.2442	-1.05871
chr19:23500000-24000000	chr19	0.181165	0.54696	0.365498	4	-1.12066	-1.10703	-1.20911	-1.04805	-1.20052	-1.30609
chr19:24000000-24500000	chr19	-0.00656456	0.493246	0.400253	1	-1.0742	-1.00541	-1.11369	-0.974897	-1.26661	-1.31402
chr19:27500000-28000000	chr19	0.315554	0.734112	0.0545756	0	-1.06615	-1.01678	-1.06704	-1.0435	-1.33947	-1.33897
chr19:28000000-28500000	chr19	0.16066	1.00339	0.253613	0	-0.477615	-0.435281	-0.211656	-0.321663	-0.849074	-0.704772
chr19:28500000-29000000	chr19	-0.156585	1.17454	0.196204	0	-0.9026	-0.802268	-0.783616	-0.695225	-1.1671	-0.943151
chr19:29000000-29500000	chr19	0.0684231	1.2856	0.166481	1	-1.07612	-0.750674	-0.831483	-0.882625	-1.13835	-0.936744
chr19:29500000-30000000	chr19	-0.075919	0.57921	0.238764	6	-0.343082	0.099381	-0.0242061	-0.0548321	-0.40109	-0.399684
chr19:30000000-30500000	chr19	-0.100607	1.16807	-0.0585368	1	-0.43168	-0.116099	-0.426706	-0.13258	-0.676609	-0.815369
chr19:30500000-31000000	chr19	-0.0240233	1.2106	0.108743	0	-0.28774	0.223878	-0.278935	0.24746	-0.692354	-0.342294
chr19:31000000-31500000	chr19	-0.162715	0.947014	-0.0265718	1	-0.427575	-0.0811913	-0.255421	-0.0588049	-0.835003	-0.646638
chr19:31500000-32000000	chr19	-0.218585	1.38568	0.114441	0	-0.787456	-0.431849	-0.619903	-0.286722	-1.02346	-1.08884
chr19:32000000-32500000	chr19	-0.334671	0.951142	0.132323	2	-0.142881	-0.0939401	-0.115441	-0.100178	-0.602913	-0.375746
chr19:32500000-33000000	chr19	-0.445125	0.714454	-0.219941	8	-0.072075	0.207349	0.147419	0.269087	-0.0875549	-0.00997799
chr19:33000000-33500000	chr19	-0.510753	0.77276	0.100118	7	0.298527	0.376911	0.667357	0.900348	0.31049	0.459622
chr19:33500000-34000000	chr19	-0.0273577	0.641549	-0.0405629	3	-0.0686047	0.197132	0.313205	0.24731	0.0476668	0.0449537
chr19:34000000-34500000	chr19	0.0533057	-0.305929	0.254978	6	0.504546	0.191701	0.533314	0.446121	0.756591	0.944378
chr19:34500000-35000000	chr19	-0.0379443	0.543503	0.00606461	6	-0.902246	-1.16342	-1.00362	-1.18399	0.211629	0.0765873
chr19:35000000-35500000	chr19	-0.14884	0.168005	0.136351	19	0.569854	0.595004	0.582026	-0.0506	0.649725	0.926926
chr19:35500000-36000000	chr19	-0.216454	-0.405564	0.157403	29	0.826426	0.869023	0.95655	0.935553	0.735703	0.857926
chr19:36000000-36500000	chr19	-0.0708309	-0.450143	0.165557	15	-0.315157	-0.495781	-0.274465	-0.445792	-0.785258	-0.380545
chr19:36500000-37000000	chr19	0.0715922	-0.487346	-0.192563	10	-0.856686	-0.934969	-0.85822	-0.90095	-1.23122	-0.942952
chr19:37000000-37500000	chr19	0.010293	-0.196594	-0.0922456	8	-1.18622	-1.07161	-1.06084	-0.961156	-1.26235	-1.11681
chr19:37500000-38000000	chr19	0.0577262	-0.414077	-0.0139969	8	-0.791052	-0.687276	-0.913471	-0.687778	-0.948047	-0.944954
chr19:38000000-38500000	chr19	0.147888	-0.596633	-0.00786139	13	0.428298	0.524325	0.420236	0.75639	0.225172	0.291952
chr19:38500000-39000000	chr19	0.160024	-0.890486	0.0794223	16	1.0574	1.25	1.21369	1.03113	0.988877	1.10652
chr19:39000000-39500000	chr19	0.057952	-0.798231	-0.0596048	19	0.634209	0.521052	0.592939	0.53134	0.88686	0.699959
chr19:39500000-40000000	chr19	-0.172416	0.058599	-0.308773	13	-1.08792	-1.08013	-0.874058	-1.10172	-0.67628	-0.829364
chr19:40000000-40500000	chr19	-0.203983	-0.436048	0.0150095	14	-0.217295	-0.257922	0.103711	-0.384125	0.0379627	-0.0612633
chr19:40500000-41000000	chr19	-0.0988542	-0.337035	-0.185334	13	-0.122276	-0.0752039	0.187466	-0.141853	0.112062	0.204451
chr19:41000000-41500000	chr19	-0.31968	0.0312818	-0.249299	14	-0.653328	-0.814177	-0.620274	-0.831119	-0.494456	-0.606999
chr19:41500000-42000000	chr19	-0.124282	0.408636	0.0545386	14	-1.16436	-1.16834	-1.20038	-1.20616	-1.04517	-1.06424
chr19:42000000-42500000	chr19	-0.250457	0.0733262	-0.00106426	15	-0.271249	-0.154437	-0.125099	-0.257793	-0.379818	-0.158108
chr19:42500000-43000000	chr19	0.0957474	1.06594	0.354877	7	-1.20263	-1.24006	-1.27225	-1.27494	-1.27109	-1.29263
chr19:43000000-43500000	chr19	-0.0350847	1.20798	0.0898133	8	-1.15027	-1.29003	-1.21941	-1.13425	-1.31295	-1.279
chr19:43500000-44000000	chr19	-0.130144	-0.0189329	0.0869921	20	-1.05187	-1.14985	-1.10909	-1.08762	-1.23164	-1.2461
chr19:44000000-44500000	chr19	-0.0981164	-0.105902	-0.179361	14	-1.13059	-1.17336	-1.30281	-1.22011	-1.29231	-1.25983
chr19:44500000-45000000	chr19	-0.0403647	-0.67318	0.105311	16	-0.338107	0.00508954	-0.352692	-0.484154	-0.122771	-0.135301
chr19:45000000-45500000	chr19	-0.0375638	-1.01837	0.312417	19	1.22149	1.31969	1.23273	1.3081	1.08181	1.33144
chr19:45500000-46000000	chr19	0.0891297	-1.06606	0.0918099	20	1.61055	1.5481	1.56077	1.71744	1.53469	1.55037
chr19:46000000-46500000	chr19	-0.0039918	-1.13225	0.0462888	11	1.54006	1.40408	1.28435	1.39208	1.47576	1.55242
chr19:46500000-47000000	chr19	-0.186522	-1.05609	0.178605	10	1.44065	1.27355	1.49412	1.44114	1.50886	1.48548
chr19:47000000-47500000	chr19	-0.154513	-1.03314	0.0690001	13	1.49924	1.60689	1.5101	1.57093	1.55929	1.50756
chr19:47500000-48000000	chr19	-0.0404808	-0.96659	-0.111174	12	1.50833	1.45046	1.27906	1.47186	1.50267	1.54626
chr19:48000000-48500000	chr19	-0.125938	-0.848262	0.0185935	15	1.39097	1.53568	1.32991	1.32382	1.40414	1.46817
chr19:48500000-49000000	chr19	0.114175	-1.08301	-0.041185	26	1.60183	1.60739	1.57225	1.64128	1.57837	1.62244
chr19:49000000-49500000	chr19	0.073977	-0.972489	0.0687309	29	1.54558	1.4763	1.5407	1.61149	1.54183	1.53809
chr19:49500000-50000000	chr19	-0.0233571	-0.698777	0.284105	25	0.964715	0.802494	1.00647	0.821568	1.45643	1.52233
chr19:50000000-50500000	chr19	0.22828	0.143853	0.236561	12	-0.254483	-0.410638	-0.17915	-0.501753	1.07336	1.29574
chr19:50500000-51000000	chr19	-0.118312	0.568383	0.172824	18	-0.894466	-1.03985	-0.747791	-1.10863	0.952439	1.14201
chr19:51000000-51500000	chr19	-0.0749726	1.01969	0.12156	22	-1.04773	-1.1242	-1.05069	-1.17707	0.335643	0.0858858
chr19:51500000-52000000	chr19	-0.155503	0.708548	0.0338793	14	-1.0316	-1.14789	-1.18432	-1.1575	0.10561	0.244277
chr19:52000000-52500000	chr19	-0.026045	0.0423476	-0.100618	14	-0.500921	-0.535322	-0.508075	-0.519996	0.639546	0.710986
chr19:52500000-53000000	chr19	-0.196905	-0.034109	-0.1295	11	0.316689	0.396841	0.465965	0.425673	0.925362	1.06917
chr19:53000000-53500000	chr19	0.0833115	0.158356	0.0559992	14	-0.0668926	0.19925	0.271612	0.370949	0.610126	0.674343
chr19:53500000-54000000	chr19	-0.0770449	0.365225	0.334915	8	0.0521273	0.0250226	0.415237	0.378775	0.269821	0.966105
chr19:54000000-54500000	chr19	0.000279254	0.247714	0.162731	23	-0.148295	0.196976	0.158607	-0.180319	-0.0159914	0.405457
chr19:54500000-55000000	chr19	0.100362	0.883606	0.310727	15	-1.06149	-1.1031	-1.18382	-1.14648	-1.05484	-1.07465
chr19:55000000-55500000	chr19	-0.213011	-0.321154	0.137347	28	0.0999135	0.0571479	0.112481	0.0828738	0.044048	0.101673
chr19:55500000-56000000	chr19	-0.0600437	0.4584	0.0462361	20	-0.806766	-0.981479	-0.894294	-0.936742	-0.941432	-0.698261
chr19:56000000-56500000	chr19	-0.0740042	0.62565	0.00569631	10	-1.05652	-1.11969	-1.06912	-1.00799	-0.983035	-0.97633
chr19:56500000-57000000	chr19	0.159565	0.844854	0.0299143	8	-1.05569	-1.15676	-1.1057	-1.13802	-1.02336	-1.06578
chr19:57000000-57500000	chr19	-0.100997	0.201547	-0.0613295	18	-0.857832	-0.96254	-0.919575	-0.837146	-0.824135	-0.79097
chr19:57500000-58000000	chr19	0.0760094	-0.426057	0.089441	21	0.512038	0.529411	0.0481079	0.257915	0.239393	0.424979
chr19:58000000-58500000	chr19	0.141655	-0.438635	0.17412	20	0.567191	0.573194	0.261207	0.103098	0.0616908	0.525077
chr20:3000000-3500000	chr20	-0.107424	-0.50728	-0.142234	12	1.34288	1.56921	1.35453	1.54891	1.35532	1.2379
chr20:3500000-4000000	chr20	-0.0854969	-0.62367	-0.0832469	11	1.19624	1.22771	1.047	1.20122	1.06155	1.01016
chr20:4000000-4500000	chr20	-0.119389	-0.240355	-0.0761049	3	-0.243619	0.343613	-0.107869	0.159189	-0.161828	-0.268641
chr20:4500000-5000000	chr20	-0.430996	0.0278769	-0.387377	3	-0.508716	-0.251113	-0.333985	-0.551022	-0.293947	-0.352047
chr20:5000000-5500000	chr20	-0.0245709	0.27509	-0.404072	5	-1.01977	-1.20617	-1.08838	-1.28928	-1.00954	-1.17967
chr20:5500000-6000000	chr20	-0.416482	-0.0351314	-0.383138	5	-0.736255	-0.862864	-0.582952	-0.545139	-0.739972	-0.565573
chr20:6000000-6500000	chr20	-0.0715419	0.255255	-0.419565	3	-0.0445942	0.237095	-0.345706	0.0720629	-0.336886	-0.448248
chr20:6500000-7000000	chr20	-0.0891014	0.0378505	-0.181448	1	-0.253008	-0.36478	-0.845282	-0.357173	-0.749058	-0.755119
chr20:7000000-7500000	chr20	-0.30136	0.321206	-0.108368	0	-1.26857	-0.889867	-1.06141	-0.741616	-1.26766	-1.42172
chr20:7500000-8000000	chr20	-0.228846	0.117578	-0.43448	1	-1.36179	-1.36182	-1.3033	-1.21064	-1.39398	-1.48865
chr20:8000000-8500000	chr20	-0.302786	-0.0865685	-0.198213	2	-0.255468	-0.551791	-0.857304	0.0570677	-0.764662	-0.94501
chr20:8500000-9000000	chr20	-0.0488241	-0.120187	-0.135328	0	-0.661734	-0.672987	-0.911608	-0.792373	-0.903884	-1.24678
chr20:9000000-9500000	chr20	0.0612069	-0.353765	-0.0614647	1	-0.7713	-0.608674	-0.876182	-0.608811	-0.414248	-1.1124
chr20:9500000-10000000	chr20	0.169497	0.752199	0.221018	2	-1.18703	-1.18944	-1.15876	-1.10961	-1.36475	-1.38209
chr20:10000000-10500000	chr20	-0.293293	0.248917	-0.308155	6	-0.97528	-0.977352	-0.907805	-1.02298	-0.94838	-1.1031
chr20:10500000-11000000	chr20	-0.0509321	-0.444753	-0.175137	1	0.076198	-0.272782	-0.445035	-0.000751445	-0.155772	-0.518663
chr20:11000000-11500000	chr20	-0.142524	-0.55874	-0.173073	0	-0.524609	-0.551614	-0.54972	-0.490406	-0.786013	-0.982702
chr20:11500000-12000000	chr20	-0.0979044	0.646482	-0.0620258	1	-0.917849	-1.12286	-1.02419	-1.1242	-1.19855	-1.22263
chr20:12000000-12500000	chr20	0.373099	0.993705	0.215655	0	-1.17212	-1.22544	-1.31656	-1.04168	-1.51162	-1.48852
chr20:12500000-13000000	chr20	0.2468	1.13181	0.248583	0	-1.01165	-0.871334	-1.01979	-1.06421	-1.27946	-1.30107
chr20:13000000-13500000	chr20	0.00928059	0.957436	-0.138873	2	-0.903637	-0.563687	-0.743021	-0.2786	-0.987342	-0.998061
chr20:13500000-14000000	chr20	-0.185586	0.664495	0.135165	5	-1.05366	-0.95404	-0.918279	-0.435483	-1.0381	-1.114
chr20:14000000-14500000	chr20	0.139516	0.18505	-0.0622613	1	-0.467526	-0.510404	-0.623462	-0.436047	-0.742577	-0.6551
chr20:14500000-15000000	chr20	-0.0802542	-0.053828	-0.12281	0	-0.395791	-0.653173	-0.364991	-0.519199	-0.860751	-0.620104
chr20:15000000-15500000	chr20	-0.0640851	0.0818574	0.0482543	0	-0.468863	-0.563322	-0.1919	-0.742603	-0.854176	-0.669101
chr20:15500000-16000000	chr20	0.0159274	0.279718	-0.118789	0	-0.490413	-0.400398	-0.32552	-0.147029	-0.639669	-0.698926
chr20:16000000-16500000	chr20	-0.180894	1.06275	-0.0965822	0	-0.303143	0.114159	-0.366497	0.399594	-0.770147	-0.574027
chr20:16500000-17000000	chr20	0.141128	0.883084	0.098364	3	-0.663042	-0.557533	-0.7763	-0.380604	-0.864995	-0.725093
chr20:17000000-17500000	chr20	0.358773	1.10245	0.422651	1	-1.10817	-0.779267	-1.10715	-1.00486	-1.26264	-1.23436
chr20:17500000-18000000	chr20	-0.0308182	-0.0327104	-0.112321	6	0.280277	0.285684	0.246402	0.424447	0.375119	0.246845
chr20:18000000-18500000	chr20	-0.231811	1.03575	-0.382088	7	-0.772678	-0.7581	-0.480136	-0.764198	-0.729825	-0.755431
chr20:18500000-19000000	chr20	0.0711918	1.175	-0.215317	4	-0.614628	-0.940919	-0.774048	-0.65673	-0.652848	-0.647291
chr20:19000000-19500000	chr20	0.0861052	1.31251	0.115419	1	-0.68271	-0.789097	-0.949655	-0.676645	-0.999852	-0.860113
chr20:19500000-20000000	chr20	-0.236046	0.53161	-0.0921225	1	0.194644	0.236802	0.0430763	0.121152	-0.00332466	-0.0656042
chr20:20000000-20500000	chr20	0.0388318	1.13614	0.00854562	4	-0.542802	-0.812684	-0.699037	-0.787313	-0.545642	-0.705506
chr20:20500000-21000000	chr20	-0.0951115	1.46406	-0.168062	1	-0.845695	-0.938766	-0.737405	-0.602332	-0.63492	-0.697635
chr20:21000000-21500000	chr20	0.0298526	0.494107	0.221428	4	-0.634971	-0.785347	-0.232379	-0.422036	-0.453617	-0.296735
chr20:21500000-22000000	chr20	0.25062	1.29221	0.0465833	2	-1.18476	-1.18221	-0.978064	-1.19852	-1.1483	-1.18953
chr20:22000000-22500000	chr20	0.252848	1.1743	0.11695	0	-1.02944	-0.90786	-1.00917	-1.01917	-0.977684	-1.03303
chr20:22500000-23000000	chr20	0.0865333	0.592714	-0.0380816	1	0.0444661	0.261122	0.151174	0.454493	0.382068	0.0471487
chr20:23000000-23500000	chr20	-0.177845	0.815854	-0.184167	9	0.356603	0.815177	0.595902	0.575078	0.43897	0.486358
chr20:23500000-24000000	chr20	0.0793678	1.38867	-0.0146146	8	-0.156214	0.160127	-0.0347133	0.0354019	-0.208856	-0.262593
chr20:24000000-24500000	chr20	0.207714	1.06902	-0.084397	1	0.0613855	0.307339	0.535693	0.585481	-0.0386186	0.214063
chr20:24500000-25000000	chr20	0.0633172	0.979134	0.091323	2	-0.0372875	0.422662	-0.123727	0.0357341	-0.286735	-0.0820486
chr20:25000000-25500000	chr20	-0.0825792	0.435698	0.0464548	6	0.172748	0.281924	0.293432	0.33492	-0.246956	0.185714
chr20:25500000-26000000	chr20	-0.085931	0.81919	0.144745	3	-0.394607	-0.19583	-0.388617	-0.257229	-0.422244	-0.200848
chr20:26000000-26500000	chr20	-0.085507	0.822109	0.18326	0	-0.999666	-0.784557	-1.19997	-0.932783	-1.28975	-1.1614
chr20:29500000-30000000	chr20	0.294499	1.15222	0.111211	0	-1.01082	-0.99166	-1.11254	-1.25109	-1.01456	-0.974216
chr20:30000000-30500000	chr20	-0.107018	1.12785	0.395472	0	-1.08962	-1.07725	-1.07469	-1.21038	-1.12679	-1.08659
chr20:30500000-31000000	chr20	0.237726	1.27641	0.146322	0	-1.04273	-0.948989	-1.07875	-1.0661	-1.00873	-0.963482
chr20:31000000-31500000	chr20	0.381597	0.806971	0.27699	8	-0.975484	-0.917407	-1.05903	-1.10495	-1.00057	-0.840287
chr20:31500000-32000000	chr20	0.084683	-0.476507	0.218363	12	0.500032	0.594509	0.609564	0.526279	0.585582	0.7553
chr20:32000000-32500000	chr20	-0.0654777	-0.662376	0.0888548	7	1.35799	1.45222	1.40628	1.38448	1.22148	1.21032
chr20:32500000-33000000	chr20	-0.272547	-0.262632	-0.304255	6	1.47366	1.43162	1.46939	1.59499	1.40843	1.46863
chr20:33000000-33500000	chr20	-0.267729	0.0224029	-0.420971	12	1.68501	1.54304	1.41861	1.46843	1.4555	1.3809
chr20:33500000-34000000	chr20	-0.075615	-0.784844	0.0197429	8	1.57753	1.54868	1.54238	1.52089	1.44201	1.4688
chr20:34000000-34500000	chr20	0.131598	-1.17834	0.116964	4	1.39622	1.19061	1.47204	1.40466	1.49424	1.48002
chr20:34500000-35000000	chr20	0.091328	-1.15034	0.0660636	9	1.54942	1.48513	1.32018	1.5439	1.45321	1.43382
chr20:35000000-35500000	chr20	0.202189	-1.17328	0.0591416	10	1.2855	1.56317	1.28257	1.43065	1.39507	1.35052
chr20:35500000-36000000	chr20	0.223276	-1.2332	-0.176177	11	1.40691	1.52992	1.47919	1.41933	1.33352	1.40321
chr20:36000000-36500000	chr20	-0.149693	-0.553042	-0.0745668	3	1.50048	1.43623	1.5587	1.45094	1.46779	1.41007
chr20:36500000-37000000	chr20	-0.105653	-0.643136	-0.0617906	9	1.50601	1.67082	1.54764	1.56985	1.4668	1.43419
chr20:37000000-37500000	chr20	-0.291451	-0.551142	0.0068503	6	1.55719	1.36079	1.53575	1.6034	1.56243	1.45229
chr20:37500000-38000000	chr20	-0.381961	-0.575015	-0.411074	4	1.59752	1.48636	1.46314	1.3275	1.35061	1.29682
chr20:38000000-38500000	chr20	0.00897541	-0.846307	-0.23825	8	1.53542	1.31467	1.63067	1.53437	1.38026	1.24488
chr20:38500000-39000000	chr20	-0.269048	0.0592826	-0.0933437	7	0.64151	0.74185	0.866944	0.901701	0.794729	0.89223
chr20:39000000-39500000	chr20	0.152867	1.18648	0.0406519	0	-1.13651	-1.21288	-1.11217	-1.239	-1.1183	-0.940595
chr20:39500000-40000000	chr20	0.254387	0.76589	0.0933695	0	-1.35994	-1.39329	-1.41961	-1.37189	-1.27099	-1.25
chr20:40000000-40500000	chr20	0.107895	1.03614	0.171543	0	-1.06475	-0.832165	-0.835163	-0.964541	-0.891958	-0.83253
chr20:40500000-41000000	chr20	0.0690741	1.1898	-0.0594739	1	-0.419989	-0.729001	-0.685731	-0.360826	-0.572517	-0.568381
chr20:41000000-41500000	chr20	-0.0269918	-0.00762804	-0.249726	5	-0.292759	-0.348757	-0.114316	-0.114684	-0.0649405	0.0705176
chr20:41500000-42000000	chr20	-0.192971	1.1048	0.2237	1	-1.13919	-1.14914	-1.04193	-1.14049	-0.978596	-1.08133
chr20:42000000-42500000	chr20	-0.0127209	1.42838	0.310434	0	-1.20979	-1.15414	-1.30008	-1.30919	-1.09811	-1.1637
chr20:42500000-43000000	chr20	0.321571	1.10198	0.295202	0	-1.16109	-1.15592	-1.2681	-1.24785	-1.06038	-1.05697
chr20:43000000-43500000	chr20	0.034252	1.00523	-0.140298	2	-1.07284	-1.16452	-1.07739	-1.2	-0.938676	-1.01353
chr20:43500000-44000000	chr20	-0.233666	0.023167	-0.151376	6	-0.593608	-0.63332	-0.775589	-0.572169	-0.482393	-0.293376
chr20:44000000-44500000	chr20	0.0699685	-0.188833	-0.108469	7	0.110657	0.196034	0.31643	0.195926	0.353945	0.548792
chr20:44500000-45000000	chr20	0.0666291	-0.558715	-0.0378988	10	0.898643	0.875669	1.19939	1.04482	0.993431	1.15995
chr20:45000000-45500000	chr20	-0.10096	0.0171476	-0.223014	15	-0.212338	-0.162203	-0.0318611	-0.347244	0.352539	0.472241
chr20:45500000-46000000	chr20	-0.0167229	0.0503228	-0.118416	24	0.320224	-0.0179363	0.343135	-0.102055	0.796577	0.945201
chr20:46000000-46500000	chr20	-0.284001	-0.152853	-0.173661	7	1.31571	1.33378	1.50385	1.48672	1.45727	1.40074
chr20:46500000-47000000	chr20	-0.347013	-0.273565	-0.247655	6	1.10572	0.888239	1.08464	1.21004	1.17559	1.19521
chr20:47000000-47500000	chr20	0.00660748	-0.839315	-0.174578	1	1.45866	1.34329	1.35089	1.4068	1.37309	1.36135
chr20:47500000-48000000	chr20	-0.0908759	-0.715238	-0.356484	2	1.55599	1.51628	1.28751	1.23161	1.23408	1.14614
chr20:48000000-48500000	chr20	-0.370078	-0.408978	-0.442547	0	1.08967	1.50323	1.04328	1.22642	1.20658	1.17871
chr20:48500000-49000000	chr20	-0.313804	-0.396468	-0.306966	2	1.6913	1.65527	1.31866	1.55804	1.46885	1.38964
chr20:49000000-49500000	chr20	-0.230941	-0.718212	-0.422782	5	1.60273	1.68886	1.46135	1.37512	1.55163	1.52099
chr20:49500000-50000000	chr20	-0.209725	-0.801859	-0.153865	6	1.56948	1.51202	1.59034	1.32811	1.56283	1.35313
chr20:50000000-50500000	chr20	-0.0595111	-0.87036	0.0803761	3	1.57597	1.43518	1.50355	1.50329	1.56941	1.52354
chr20:50500000-51000000	chr20	0.0366782	-0.932349	-0.046861	7	1.29753	1.39998	1.5369	1.4571	1.32793	1.3369
chr20:51000000-51500000	chr20	-0.0477968	-0.545969	-0.153404	1	0.877279	1.30586	0.935869	1.01389	1.11431	0.982265
chr20:51500000-52000000	chr20	-0.115554	-0.402735	-0.138304	3	0.917026	0.361834	0.515429	0.46405	0.791172	0.792413
chr20:52000000-52500000	chr20	-0.129252	0.0182025	-0.0968893	1	-0.747424	-0.709559	-0.390868	-0.754051	-0.347892	-0.481313
chr20:52500000-53000000	chr20	-0.0312662	0.567019	0.052534	1	-1.03654	-0.854803	-1.07601	-0.857928	-0.602294	-0.619103
chr20:53000000-53500000	chr20	-0.108574	1.03459	0.143771	0	-0.589767	-0.877412	-0.574612	-0.995303	-0.584958	-0.733535
chr20:53500000-54000000	chr20	-0.0899193	-0.678749	-0.159885	1	-0.0168911	-0.0565781	0.0620102	0.114001	0.015967	0.498716
chr20:54000000-54500000	chr20	0.0470286	0.279089	0.059941	4	-1.29092	-1.22329	-1.11898	-1.3987	-0.984051	-0.887101
chr20:54500000-55000000	chr20	0.421279	0.709867	0.148754	0	-1.3801	-1.48185	-1.35988	-1.63357	-1.39303	-1.33197
chr20:55000000-55500000	chr20	0.409418	0.649605	0.6496	0	-1.3792	-1.42763	-1.54566	-1.55674	-1.3395	-1.26534
chr20:55500000-56000000	chr20	0.315348	0.986891	0.417359	0	-1.44429	-1.48572	-1.46083	-1.5786	-1.42841	-1.40865
chr20:56000000-56500000	chr20	-0.0632469	0.90762	0.181375	7	-1.2661	-1.31548	-1.40654	-1.43701	-1.12662	-0.986506
chr20:56500000-57000000	chr20	-0.410614	0.565079	-0.303781	3	-0.418223	-0.803252	-0.0660711	-0.366797	-0.164672	-0.0702538
chr20:57000000-57500000	chr20	-0.168008	0.414626	-0.177763	4	0.728618	0.774081	0.958685	0.842041	0.780124	1.08844
chr20:57500000-58000000	chr20	-0.227774	0.347884	-0.0878697	4	0.311543	0.60016	0.596887	0.428762	0.802039	0.710309
chr20:58000000-58500000	chr20	-0.260481	-0.0192062	-0.0526633	4	0.510692	0.222613	0.301519	0.136704	0.561574	0.805182
chr20:58500000-59000000	chr20	-0.240218	0.184715	-0.0336512	6	0.647557	0.27521	0.534724	0.217744	0.463822	0.791387
chr20:59000000-59500000	chr20	-0.116034	0.627454	-0.0991672	6	0.314863	-0.0804671	0.283983	-0.112354	0.101604	-0.0455161
chr20:59500000-60000000	chr20	0.0700664	0.662478	0.361969	5	-1.07956	-1.22871	-1.05724	-1.26377	-0.855545	-1.00541
chr20:60000000-60500000	chr20	0.139698	0.656917	0.13498	0	-0.465435	-0.369808	-0.340384	-0.584188	0.0983451	0.0432756
chr20:60500000-61000000	chr20	0.0871849	0.793164	-0.205817	0	-0.575594	-0.409792	-0.375512	-0.357979	-0.256782	-0.271721
chr20:61000000-61500000	chr20	-0.105406	0.643758	-0.0301182	1	0.116999	-0.00561199	-0.132666	-0.161753	0.277838	0.16538
chr20:61500000-62000000	chr20	-0.0702443	0.474048	0.0581732	0	0.493778	0.395934	0.450732	0.362557	0.903292	0.933333
chr20:62000000-62500000	chr20	-0.168914	-0.304073	-0.00272772	13	1.55808	1.36615	1.54753	1.52785	1.50553	1.58787
chr20:62500000-63000000	chr20	-0.0342266	-0.728062	0.0923039	9	1.73025	1.54679	1.64475	1.75883	1.63521	1.60975
chr20:63000000-63500000	chr20	-0.0819406	-0.635987	0.28148	9	1.59753	1.341	1.5313	1.29428	1.65224	1.48758
chr20:63500000-64000000	chr20	-0.117974	-0.754632	0.266292	21	1.46013	1.4836	1.66022	1.37356	1.22081	1.41287
chr21:9500000-10000000	chr21	-0.100301	1.58501	0.391707	0	0.672063	1.29975	1.10201	1.76936	0.981392	0.795784
chr21:13000000-13500000	chr21	0.0152764	0.8266	0.183037	0	-0.246865	-0.450878	-0.0730636	0.0875405	-0.294335	0.108214
chr21:14000000-14500000	chr21	0.137784	0.725682	0.529128	3	-0.643337	-0.803383	-0.593422	-0.509181	-0.68067	-0.548972
chr21:14500000-15000000	chr21	-0.0211625	0.56987	0.258514	1	-0.425384	-0.607066	-0.547006	-0.648026	-0.659728	-0.646652
chr21:15000000-15500000	chr21	-0.0264328	0.140138	0.0627605	1	0.0484907	-0.0235057	0.39867	0.174628	0.316046	0.318689
chr21:15500000-16000000	chr21	-0.181729	-0.0393609	0.0154864	1	0.040482	-0.117899	0.0311016	0.093397	-0.0534174	0.206257
chr21:16000000-16500000	chr21	0.0962833	0.302725	0.305689	0	0.177138	0.0175512	0.307237	0.116602	-0.379437	-0.0857946
chr21:16500000-17000000	chr21	0.152152	0.315646	0.406259	0	-0.393644	-0.384769	-0.287917	-0.294147	-0.405672	-0.299547
chr21:17000000-17500000	chr21	0.0869834	0.754201	0.0968976	0	-0.445329	-0.524382	-0.404506	-0.639882	-0.455969	-0.428146
chr21:17500000-18000000	chr21	0.0542642	0.458133	-0.0343481	3	-0.445961	-0.652902	-0.563137	-0.49087	-0.554442	-0.595628
chr21:18000000-18500000	chr21	-0.00995256	0.472758	0.427478	2	-0.739476	-0.60164	-0.620591	-0.531208	-0.853108	-0.869933
chr21:18500000-19000000	chr21	0.167775	0.309382	0.22652	0	-0.495235	-0.129575	-0.349316	-0.241854	-0.711829	-0.750753
chr21:19000000-19500000	chr21	0.273445	0.124401	0.365927	0	-0.570528	-0.311612	-0.597588	-0.456543	-0.893545	-0.912729
chr21:19500000-20000000	chr21	0.0974538	0.39253	0.461401	0	-0.741519	-0.829274	-0.812305	-0.696034	-1.12787	-0.894389
chr21:20000000-20500000	chr21	-0.017359	0.299826	0.294326	0	-0.791056	-0.702492	-0.716113	-0.64422	-0.87096	-0.866768
chr21:20500000-21000000	chr21	0.0231276	0.31787	0.34675	1	-0.753359	-0.478567	-0.549783	-0.546694	-0.648743	-0.742554
chr21:21000000-21500000	chr21	0.0785167	0.122712	0.234268	0	-0.827878	-0.636337	-0.76884	-0.507012	-0.901831	-0.856341
chr21:21500000-22000000	chr21	-0.202115	0.204327	0.365185	0	-1.03976	-1.08096	-1.1278	-1.03013	-1.12749	-1.0624
chr21:22000000-22500000	chr21	0.0841848	0.354724	0.264107	0	-1.07334	-1.06907	-1.14862	-1.16834	-1.15277	-1.10019
chr21:22500000-23000000	chr21	0.339962	0.160948	0.480177	0	-1.16444	-0.897885	-1.14134	-0.946609	-1.09108	-1.15396
chr21:23000000-23500000	chr21	0.151991	0.146508	0.350148	0	-1.12237	-0.975419	-1.06839	-1.05512	-1.06758	-1.086
chr21:23500000-24000000	chr21	-0.18149	0.496727	0.336793	0	-1.09086	-1.04046	-1.08576	-0.781581	-1.03806	-1.24943
chr21:24000000-24500000	chr21	-0.0558228	0.379823	0.43615	0	-1.1485	-1.08704	-1.15992	-1.04063	-1.15773	-1.21742
chr21:24500000-25000000	chr21	0.0528578	0.552471	0.425966	0	-1.10445	-1.06376	-1.11928	-0.988614	-1.11291	-1.16759
chr21:25000000-25500000	chr21	0.109298	0.329068	0.0263758	0	-0.891207	-1.00896	-0.991196	-0.795651	-1.06947	-1.10315
chr21:25500000-26000000	chr21	-0.201642	0.0321549	-0.206486	4	-0.777436	-0.74669	-0.672163	-0.819748	-0.66013	-0.737125
chr21:26000000-26500000	chr21	-0.00392116	-0.259544	0.0344178	1	-0.739237	-0.860416	-0.900482	-0.98944	-0.757774	-0.693172
chr21:26500000-27000000	chr21	-0.0757281	-0.421214	-0.201516	3	-0.852537	-0.758397	-0.844744	-0.841989	-0.75738	-0.877582
chr21:27000000-27500000	chr21	-0.0974862	-0.953552	0.0301555	0	-1.04996	-1.06887	-0.956152	-0.957904	-0.656612	-0.93813
chr21:27500000-28000000	chr21	-0.25892	-0.720478	0.17072	0	-1.00438	-0.878213	-0.980778	-1.06101	-0.968598	-1.00012
chr21:28000000-28500000	chr21	-0.00919899	-0.805792	-0.0573396	0	-0.84082	-0.679892	-0.733452	-0.651512	-0.505711	-0.742357
chr21:28500000-29000000	chr21	-0.166591	-0.391149	-0.0738805	2	-0.620006	-0.465627	-0.64529	-0.595061	-0.535245	-0.650494
chr21:29000000-29500000	chr21	-0.140517	-0.360734	-0.16751	5	-0.969582	-1.06065	-1.05364	-1.16495	-0.87697	-0.874114
chr21:29500000-30000000	chr21	-0.0853675	0.704462	0.167453	1	-1.054	-1.11508	-1.0413	-1.1529	-1.10527	-1.02601
chr21:30000000-30500000	chr21	0.309375	0.627383	0.184335	16	-1.1293	-1.12765	-1.11937	-1.09687	-1.09151	-1.12604
chr21:30500000-31000000	chr21	0.275915	0.588138	0.0909452	18	-1.15413	-1.06076	-1.15581	-1.05843	-0.949456	-1.15179
chr21:31000000-31500000	chr21	-0.479686	0.545174	-0.480106	2	-0.966563	-1.08362	-0.765144	-0.915835	-0.952219	-0.853787
chr21:31500000-32000000	chr21	-0.0721695	0.225	-0.436014	3	-0.403588	-0.390741	-0.476635	-0.390519	-0.342299	-0.594058
chr21:32000000-32500000	chr21	-0.358483	0.481977	0.0144969	4	-0.260439	-0.284049	-0.130641	-0.451893	-0.386065	-0.306052
chr21:32500000-33000000	chr21	-0.522319	-0.0478464	-0.118677	5	0.0619318	0.229898	0.234466	0.138684	0.25833	0.396348
chr21:33000000-33500000	chr21	-0.294447	-0.33292	-0.242438	8	0.480167	0.932093	0.627507	0.528768	0.650835	0.566255
chr21:33500000-34000000	chr21	-0.0133872	-1.07906	-0.0707954	6	1.14348	1.1324	1.21105	0.707176	1.30326	1.3233
chr21:34000000-34500000	chr21	-0.146212	-0.672068	0.0250131	6	0.914758	0.526489	1.02193	1.27357	1.26352	0.774781
chr21:34500000-35000000	chr21	-0.186865	-0.96442	-0.00779436	3	1.39582	1.65847	1.12163	1.16268	1.40391	1.49875
chr21:35000000-35500000	chr21	0.0672961	-1.05704	-0.0905449	1	0.326404	0.612768	0.384957	0.922016	0.980506	0.996365
chr21:35500000-36000000	chr21	-0.11255	-0.758761	-0.457724	0	0.418831	0.555466	0.734758	0.236595	0.821697	0.955322
chr21:36000000-36500000	chr21	0.128088	-1.04034	-0.00377468	7	1.68512	1.02286	1.83727	0.987161	1.45937	1.6013
chr21:36500000-37000000	chr21	-0.0794294	-0.76415	-0.0222153	2	1.0614	0.572549	0.723868	0.992879	1.09658	0.981663
chr21:37000000-37500000	chr21	-0.122864	-1.20456	-0.0287288	5	0.567348	0.518294	0.761565	0.628004	1.14699	0.794508
chr21:37500000-38000000	chr21	-0.263082	-0.653461	-0.224621	1	0.183356	-0.179677	-0.142842	-0.291145	0.277579	0.238532
chr21:38000000-38500000	chr21	-0.0601957	-0.948098	-0.0601371	2	0.132821	-0.66337	-0.335004	-0.491973	-0.137174	-0.184319
chr21:38500000-39000000	chr21	-0.00435236	-0.984641	-0.0164057	1	0.249611	0.292905	0.206905	0.253234	0.429905	0.369459
chr21:39000000-39500000	chr21	-0.0652428	-0.92222	-0.179511	6	0.29467	0.342523	0.459674	0.0165557	0.443761	0.577658
chr21:39500000-40000000	chr21	-0.0751085	0.353275	0.274435	3	-0.642041	-0.888864	-0.827725	-1.04051	-0.758157	-0.594012
chr21:40000000-40500000	chr21	0.0517473	0.507674	0.330643	0	-0.906166	-0.899376	-0.845842	-0.945119	-1.03813	-0.965225
chr21:40500000-41000000	chr21	0.263091	0.414885	-0.0996063	1	-1.0108	-0.844851	-0.962841	-0.836006	-0.864124	-0.750582
chr21:41000000-41500000	chr21	-0.217545	0.356136	0.0462383	4	-0.564462	-0.637692	-0.794896	-0.732839	-0.51837	-0.694015
chr21:41500000-42000000	chr21	-0.532454	0.0252193	0.212341	4	0.556038	0.256911	-0.0589398	0.0603749	0.717674	0.627607
chr21:42000000-42500000	chr21	-0.374674	-0.315246	0.200481	9	1.08682	1.12721	0.831518	0.403974	1.26088	1.17755
chr21:42500000-43000000	chr21	-0.262036	-0.518609	-0.0687068	6	1.53722	1.62404	1.4058	1.25886	1.5987	1.41203
chr21:43000000-43500000	chr21	-0.120505	-0.580435	0.0316116	4	1.73393	1.42597	1.89322	1.04937	1.20442	1.35388
chr21:43500000-44000000	chr21	0.000447015	-0.810048	-0.0238756	7	1.76231	1.46813	1.6443	1.79691	1.64815	1.69771
chr21:44000000-44500000	chr21	-0.139293	-0.522883	0.0144332	10	1.79746	1.76371	1.77475	1.92091	1.81396	1.82177
chr21:44500000-45000000	chr21	-0.250465	-0.648816	0.146496	22	1.82488	1.68712	1.67386	1.96	1.9043	2.03832
chr21:45000000-45500000	chr21	-0.109081	-0.785403	0.118813	3	1.72929	1.82305	1.89856	1.90335	1.77899	2.02362
chr21:45500000-46000000	chr21	-0.322842	-0.745543	0.170863	3	1.78564	1.68488	1.92711	1.12797	1.73135	1.39842
chr21:46000000-46500000	chr21	-0.296354	-0.616267	0.101773	10	1.41853	1.95466	1.20436	1.51633	1.59471	1.32713
