anchor	anchor_rna_contrast	balance_baseline_lmnb1	balance_baseline_log2_mean_cpm	balance_log10_transcript_span	balance_log1p_tss_count_1mb	chromosome	control_mean_rna_contrast	controls	matched_difference	maximum_squared_distance	status	tss
AAK1	0.12858467806853646	-0.26119953587844447	0.04245445861012642	0.14269193105034317	0.12680820495057907	chr2	-0.05072146442079539	UBR3;STRN;ALS2;TLK1;BMPR2	0.17930614248933185	0.49829981529753764	matched	69643738
ABCA12	0.3154476230812673	-0.08035251952196865	-0.2987390310986384	0.10593727139325115	-0.0211649656041466	chr2	0.16741809567459268	CCDC148;FBXO36;TOGARAM2;MAP2;ZRANB3	0.1480295274066746	0.8780849290651878	matched	215138625
ABCB10	-0.3460280373579119	-0.1557126450585008	-0.03220846240680318	-0.028025105876290146	-0.03461483233231211	chr1	-0.20460079203989262	TRMT1L;UCHL5;TRAF5;RO60;B3GALNT2	-0.14142724531801926	0.2537638786515587	matched	229558706
ABCB11	0.09249392305263493	-0.11634500760069244	-0.18019809132599818	0.105999992244734	0.05871333661524636	chr2	-0.098131034188428	ANKAR;ANKMY1;FBXO36;MYO7B;TSGA10	0.19062495724106293	0.6623365755044424	matched	169031323
ABCD3	-0.24284943444160145	-0.07625596303436244	0.051687697358238194	0.13316966105886097	-0.1922090938703691	chr1	-0.17191088579888145	EPRS1;USP48;TP53BP2;EGLN1;PUM1	-0.07093854864272	0.33472881922391834	matched	94418388
ABCD4	-0.00022413826388767433	-0.08579961170256217	-0.2924594557992393	0.04709975374006464	0.028923222600915954	chr14	0.051691812434707086	RAB2B;RBM23;HAUS4;TOX4;AJUBA	-0.05191595069859476	0.6960799776110859	matched	74302933
ABHD6	-0.17256341070181236	-0.021376602589115667	-0.3609978007996728	-0.1893682846365191	0.11390025493133482	chr3	-0.14044288570048521	SUSD5;CMTM7;CNOT10;TCAIM;IL17RD	-0.032120525001327144	0.3490379102052787	matched	58237791
ABLIM1	-0.2581777803602714	-0.02954955029291595	0.23606096541841382	0.2899524754500551	0.01718347904983053	chr10	-0.2349622807673571	MYOF;PAPSS2;ADD3;SVIL;MICU1	-0.0232154995929143	1.153405717340494	matched	114658274
ABLIM3	0.08275143226824788	-0.19212008003453046	-0.13479356603388223	0.1429775421214633	0.41704199255893	chr5	-0.27461650494410195	RAD50;SH3PXD2B;ZFYVE16;SERINC5;POLK	0.35736793721234983	0.5523307077117028	matched	149141492
ABT1	0.34637128736623435	-1.4700711813474676	-0.12913162174227424	-0.22628601573214913	-0.16431065806039324	chr6	-0.008181441389271904	PSMB8;PSMB9;TBCC;TAP1;TAP2	0.35455272875550625	3.927246228168138	matched	26596952
ABTB3	0.34473244772762146	-0.24276022100598427	-0.12902910190084094	0.4321888806777838	0.29754854711840173	chr12	-0.13520271451751043	PDE3A;GRIP1;LGR5;CEP83;RNFT2	0.4799351622451319	1.4066784602748263	matched	107318433
ACAP1	0.2679145815684021	-0.4449633639498125	-0.2833738108676007	0.0728556291844264	0.581710544778085	chr17	-0.05005449317600963	ASB16;RAPGEFL1;GSDMB;HOXB6;STAT5A	0.3179690747444117	1.188431958128567	matched	7336528
ACBD4	0.2559781190672905	-0.7285240764939125	0.18734197701108934	0.5138346873167218	-0.1263623600565743	chr17	0.07267034623579921	HOXB6;HOXB9;HOXB7;HOXB8;HOXB4	0.1833077728314913	1.4440398228644344	matched	45135686
ACSL3	-0.13472462628967374	-0.15483826023977132	-0.14466959764842302	0.35571343335978944	-0.37485814374829307	chr2	-0.12317288472388502	ITPRID2;PPP1CB;PDK1;DYNC1I2;XPO1	-0.011551741565788726	0.6084854425805857	matched	222861035
ACTN4	-0.15396304224557866	-0.12996411479307957	0.6344116321555922	0.19230278517481547	-0.025085768721545332	chr19	-0.046279268996742395	SAE1;DNM2;SMARCA4;MAP2K2;ILF3	-0.10768377324883627	0.9149984643749084	matched	38647648
ADAM17	0.20136046431938048	-0.04047011457383043	-0.19431232963213335	-0.20124606024168223	0.025047489580589388	chr2	-0.2839054932745908	PRKD3;HEATR5B;AFTPH;CREB1;STRN	0.4852659575939713	0.43612043310328785	matched	9555829
ADAMTS19	-0.6137779442675155	-0.12147450093132783	-0.06577674221862084	0.28959689169093994	-0.3457468576679037	chr5	-0.1338178542360085	DNAH5;ATG10;PDE8B;SNCAIP;PRDM6	-0.479960090031507	0.8823029016866689	matched	129460297
ADAMTSL1	-0.5983314617875806	-0.21810310080082473	0.22580887413654138	0.3892508759271638	0.026440371174106136	chr9	-0.0489849328703833	NFIB;GLIS3;AOPEP;SHC3;MVB12B	-0.5493465289171973	0.9118825012334867	matched	18474152
ADGRB2	-0.5846397203721434	-0.10527134656020709	0.10735105635306452	0.060662861857515155	0.061055225665356816	chr1	0.09405478120463984	NUCKS1;AHCYL1;PSMA5;LMOD1;TMEM50A	-0.6786945015767832	0.2079361679689896	matched	31764339
ADGRG6	0.1314493002420507	-1.1132648414177426	0.3109179974729231	-0.4840480460697474	-0.45555241462392626	chr6	-0.1236362269108165	ATXN1;REV3L;KIF13A;PTPRK;ATG5	0.2550855271528672	3.359345582067436	matched	142302006
ADGRL3	-0.30172543907274463	1.2136805852235206	-0.1337371504366327	0.6594853578693847	-0.7846869414475353	chr4	-0.3604299825708547	EPHA5;INPP4B;SLIT2;RAB28;TENM3	0.05870454349811005	4.1325032616322055	matched	61200325
ADGRV1	0.26806267562521247	0.22784900255239604	-0.2949570788429594	0.6622136051409826	-0.3457468576679037	chr5	-0.02807888630949229	DNAH5;PDE8B;DOCK2;SNCAIP;ATG10	0.29614156193470476	1.7847195596547856	matched	90558796
ADK	0.30371795109073396	-0.4430620530505469	-0.17233615722236895	0.8794462654280757	0.19408543249213556	chr10	-0.005907538079158503	MCU;HERC4;MICU1;BTRC;PTEN	0.30962548916989246	2.0133539457192584	matched	74151220
ADM	-0.3725229120759659	-1.5511692802336334	0.2626445198902757	-0.23969312087480765	-1.1055432931995828	chr11	0.3709034936552408	LAMTOR1;COA4;ANAPC15;RPS25;H2AX	-0.7434264057312067	5.403826837411792	matched	10305072
AFDN	-0.26987357583389393	-0.010318913745645308	0.0038872545769167433	0.0932871646229716	0.18396858705852648	chr6	-0.2392132430150838	PREP;RANBP9;SNX9;SGK1;CAP2	-0.030660332818810143	0.3315095658417926	matched	167826910
AGAP2	-0.32310809227510573	-0.048057699331355896	-0.009327821447496776	0.01396746975541141	-0.04070207651274793	chr12	-0.022782696330319763	ACVRL1;PRPF40B;TAMALIN;RND1;RHOF	-0.30032539594478597	0.40103002857691517	matched	57738741
AK4	-0.027254839611754456	0.08362069670405736	-0.019879218205063554	0.180787322305908	-0.34381405119401953	chr1	-0.12836343700051867	DESI2;RGS5;STX6;PTGFRN;IGSF3	0.10110859738876421	0.5076866289270292	matched	65148202
ALCAM	0.09934849391474643	-0.8785239046984836	0.3774912779025734	0.2832994912551101	-0.3443793240264825	chr3	-0.09880208246134412	PLOD2;GBE1;TGFBR2;P3H2;TBL1XR1	0.19815057637609054	3.049929297281738	matched	105366908
ALDH7A1	0.6920387892277837	0.057489023860335164	0.19504291251403727	-0.0663089626987855	0.09689326212153415	chr5	-0.06101144968840766	TCERG1;YTHDC2;MTMR12;DCP2;MIER3	0.7530502389161914	0.3944117090525935	matched	126595218
AMBRA1	-0.22750011407575066	-0.28071525510399375	0.09391077771356617	0.3783766931032666	0.19118632560260573	chr11	-0.09351274772721857	C2CD3;SIK3;KMT2A;CBL;PGM2L1	-0.1339873663485321	0.9794671640477806	matched	46594022
AMFR	0.0008871384881219413	-0.04061252925897629	0.08158546775128894	0.17165876236570116	0.10763312007284409	chr16	0.06327721567594739	METTL9;ZNF469;HMOX2;KIFC3;PIEZO1	-0.06239007718782545	0.344419356078275	matched	56425544
ANKDD1A	-0.05407173615849148	0.051125111037009785	-0.21531613215341605	0.10476584170765024	-0.17901691761945215	chr15	0.10854498157700365	PAK6;RAD51;DISP2;GANC;NUSAP1	-0.16261671773549513	0.46687009466604973	matched	64911901
ANKFY1	0.09601937578660724	-0.2757302916569979	-0.06826441201825029	0.21232740422284824	0.18217116374887876	chr17	-0.20685801856008068	CDK12;FOXK2;GPATCH8;ATP6V0A1;IGF2BP1	0.3028773943466879	0.6792136741402104	matched	4263978
ANKRD1	0.10563047107279289	-1.4756428604342564	0.7586910512083171	-0.6911869276833245	-0.04834999212239288	chr10	-0.08572858869861513	ACTA2;BAMBI;ITGB1;VDAC2;KIF5B	0.19135905977140802	4.865812498621825	matched	90921086
ANKRD12	0.060096899715980534	-1.3750277192996987	-0.022243458297339678	0.373427571881193	-0.1654257059314922	chr18	-0.02679834854282115	SPIRE1;RBBP8;MALT1;CEP76;MIB1	0.08689524825880168	4.077567536949785	matched	9136780
ANKRD13A	-0.27942788898768	-0.1160589702700261	0.07086096017184373	0.14202454129370376	-0.23646245187245196	chr12	-0.04292369173906377	PSMD9;VPS33A;ANAPC5;NCKAP5L;RSRC2	-0.23650419724861624	0.5727226931863444	matched	109999429
ANKRD37	-0.05828488582288305	-0.7151711189873564	-0.17586360702904913	-0.6727439542990877	0.32753501653827866	chr4	0.14039389044851922	CXCL2;BBS12;CCNA2;THAP9;AREG	-0.19867877627140226	3.2622907508520496	matched	185396840
ANKRD52	-0.8536886737410914	-0.6427618087960631	0.00084103040645922	-0.16176816320028164	0.6025176884591494	chr12	-0.029470406855942266	TUBA1C;TMBIM6;ANAPC5;NCKAP5L;PCBP2	-0.8242182668851491	1.6835643934546418	matched	56258383
ANP32E	0.17016811047574176	-0.3549836313294761	-0.22384208055239918	0.010276660540228577	0.5040875395801516	chr1	0.10955265821872598	GPN2;NUDC;TRIM63;ADIPOR1;SRSF10	0.060615452257015784	0.8393843951865854	matched	150236111
AP1S3	0.3193716538282665	-0.14114819668259718	-0.12193683422620713	-0.043182539766543515	0.056731676820022114	chr2	0.022014089382339452	ASB3;GPR155;PPP1R21;RIF1;EPC2	0.29735756444592704	0.2575443807291685	matched	223837581
AP3M1	-0.3437839748443281	-0.3900976994887928	-0.005034988404496343	-0.3707193573344111	0.2519366286319681	chr10	-0.1817783267403808	VPS26A;ATAD1;SUPV3L1;DDX21;PTEN	-0.1620056481039473	1.1346848655026707	matched	74150827
APC	-0.20700206352404305	0.07278242598905628	0.13416143722351812	0.026909066308596907	-0.03568623695326556	chr5	-0.04462383486341431	CDC42SE2;SLC12A2;FGF1;BDP1;MTMR12	-0.16237822866062873	0.13710273966961306	matched	112737884
APH1A	0.13373662234898642	-0.47434611788183156	-0.0647203735946299	-0.18335916066127367	0.3986471930567306	chr1	0.05712619635765481	KRTCAP2;HMGN2;PNRC2;SCAMP3;CYB5R1	0.07661042599133161	1.0109145867932572	matched	150269015
APOL3	0.024605191855721742	-0.23017471954723506	-0.0859587450449737	-0.12288092395565842	-0.439896905000594	chr22	0.21229477900807242	SERPIND1;GGT5;CDC45;CBX7;BAIAP2L2	-0.18768958715235068	0.7792038244901782	matched	36160754
ARF3	0.0034965446653387744	-0.283708485105612	0.01291943984261179	-0.14351459807387362	0.05565820453257131	chr12	-0.0008342878602537237	OS9;PCBP2;CHD4;MLEC;MARS1	0.004330832525592498	0.3534608167006374	matched	48957486
ARF6	0.14257712263594957	-0.4928772315612939	-0.16938294127516074	-0.8602766091372097	0.2735713398415279	chr14	0.009370732678698868	GMFB;MAPK1IP1L;CFL2;EIF5;TMX1	0.1332063899572507	1.742480043337356	matched	49893081
ARGLU1	0.047734620016556484	0.27853752217554517	0.37945399898309007	0.0008654588468951299	-0.9255927233423908	chr13	0.013537200157184515	RAP2A;COMMD6;GPR180;UCHL3;ABHD13	0.03419741985937197	1.9990854920482106	matched	106568136
ARHGAP29	-0.32443560126345083	-0.5330831557197993	0.1486929487562494	-0.19367231583022615	0.06866232833387576	chr1	-0.2226838840147291	FUBP1;SMG7;CAMSAP2;PRKACB;NEK7	-0.10175171724872173	1.1418145635781909	matched	94237583
ARHGEF12	-0.364934538733487	-0.5432597880388566	0.08660154993095082	0.3919828173579768	-0.24805441823108998	chr11	-0.14409542175828935	USP47;PPME1;RAB6A;HIPK3;CSTF3	-0.22083911697519767	1.212759958273841	matched	120336412
ARHGEF17	-0.3283852942790766	-0.008012093957321442	0.03327124735400211	0.06933097538064703	0.051729800526081726	chr11	-0.14377447462592113	DLAT;BIRC2;DENND5A;RNF121;CAPRIN1	-0.18461081965315546	0.5862946489882311	matched	73308275
ARID2	-0.2055992351705358	-0.7356007795028965	-0.6322542075502413	0.3694757521596832	-0.2849426245386095	chr12	-0.17062029281166904	EEA1;FGD6;CDK17;MRPL42;ATP2B1	-0.034978942358866755	1.9413992907339241	matched	45729705
ARID3B	-0.3622015057287147	-0.07252619773322921	0.06366161742884036	-0.07547120857097966	0.12948750102137518	chr15	0.02757513454863003	NUSAP1;IGDCC4;GANC;BUB1B;CTDSPL2	-0.3897766402773447	0.510152645860938	matched	74541219
ARL17A	-0.07031796387958522	-0.5972495854102378	0.09819527626174662	-0.1839814733076389	-0.1971496431359591	chr17	0.049969913977273614	CRLF3;POLG2;CEP95;LRRC37A3;RNF135	-0.12028787785685884	1.005107608448069	matched	46579690
ARL2BP	0.2899314970914384	-0.47212816918188527	0.002710991848079103	-0.36493968971226987	-0.33873878355916964	chr16	-0.14976114778181715	EDC4;PLA2G15;SH2B1;CENPT;FBRS	0.43969264487325554	0.9850766745959715	matched	57245258
ARL5B	-0.22461643491228855	-0.10398671235149937	0.2807204215979814	-0.02758802163352414	-0.04865636437708942	chr10	-0.04954028024148957	NRBF2;CISD1;PHYH;ZDHHC6;TRUB1	-0.17507615467079898	0.6081230856126842	matched	18659430
ARL6	-0.25633167715425653	0.20521383825280148	-0.2978189395076519	-0.08992306355594057	0.17023548808099143	chr3	-0.3521244448453243	USF3;ZXDC;DZIP1L;CIP2A;CD200	0.09579276769106776	0.5551093761901745	matched	97764757
ARPP19	-0.07439390977183447	-0.11116596622132557	0.13200570134954126	-0.13293937871910136	-0.05150078642197786	chr15	0.01325076964821452	COPS2;GTF2A2;FEM1B;BNIP2;HEXA	-0.08764467942004898	0.3647469811147442	matched	52569029
ASB5	0.25931074144888033	0.06048189339213822	-0.21045450578697888	-0.49224706292364984	-0.37961483106883076	chr4	0.014161908402544665	LEF1;ZGRF1;ANXA10;ENPEP;LNX1	0.24514883304633567	0.7889327411402907	matched	176269221
ASCC2	-0.10601843889125906	-0.3239595753806277	-0.019465904005877666	0.16132136337737524	-0.1291996934973053	chr22	-0.037827247248512566	RBX1;EIF3L;DDX17;ACO2;EP300	-0.0681911916427465	0.7656370755502085	matched	29838273
ASPM	0.5390863632291008	-0.10755185817440838	-0.26848547754657814	0.05594215025856708	-0.09565007347796062	chr1	-0.21869011569172359	DNAI3;NGF;FRRS1;STUM;OPN3	0.7577764789208243	0.30127714781924875	matched	197146668
ASPN	0.7939531857477711	-0.1526674865804576	-0.28331079861022324	-0.047417706752830024	-0.22259967936982994	chr9	0.1827363859102601	ZNF367;ZBTB26;ANKRD18B;WDR31;TRMT10B	0.611216799837511	0.959861333458626	matched	92482505
ASRGL1	0.6380729977763706	0.35813455053435794	0.2444354241625395	0.437954651154053	-0.08753175417719028	chr11	0.2146127501778018	MPZL3;CCDC88B;CDC42BPG;SYT12;NRXN2	0.4234602475985688	1.2887096483514369	matched	62337447
ASXL1	-0.11702142394624815	-0.04106511144630187	0.026097186338831846	0.3552344128635662	0.13939012789753802	chr20	-0.018288310832400262	DIDO1;ACSS2;UQCC1;CPNE1;EDEM2	-0.09873311311384789	0.693102707226856	matched	32358330
ASXL2	-0.3773843112186892	0.06487545477068224	-0.2476021017423211	0.3583535960321287	0.2779572616223939	chr2	-0.22063052178041218	HEATR5B;STRN;ALS2;PRKD3;CREB1	-0.15675378943827703	0.5321815798998643	matched	25878486
ATF2	-0.23604655260474505	0.14973073432193473	-0.07727091078846487	0.04443736133826337	0.15447078241209636	chr2	-0.22063052178041218	HEATR5B;PRKD3;ALS2;STRN;CREB1	-0.015416030824332877	0.35061657717789346	matched	175168202
ATG13	-0.04822341588746948	0.017982118494794364	0.0440619885441742	-0.12308118717965821	0.15391004161690747	chr11	-0.05493322305631665	RAB6A;ARCN1;PPME1;PGM2L1;KMT2A	0.0067098071688471705	0.8966435452061635	matched	46617552
ATP5F1B	0.011913601604458535	0.05282681711199677	0.2055069455880405	0.10901504960377972	0.5657910691616455	chr12	0.05399199197143752	TUBA1C;PTMS;GAPDH;TUBA1B;TMBIM6	-0.04207839036697898	1.633622323606137	matched	56645983
ATP5IF1	0.40211079359017976	-0.2682069710660733	-0.005077379630956891	-0.625803885687154	0.07028740256175314	chr1	0.11727271615952384	LYPLA2;CYB5R1;PNRC2;HMGN2;RPL11	0.2848380774306559	1.1846836275984227	matched	28236123
ATP5MC3	0.2166097974160035	-0.4419678166561132	0.27366128910332965	-0.3173428345798823	0.2757549574684889	chr2	0.18987722530991977	PTMA;RPS27A;CALM2;SSB;HNRNPA3	0.026732572106083735	1.4442683723303	matched	175181709
ATP6V1E1	0.1409762143752742	-0.29735489496577816	0.16951462174733156	0.044262783033436615	-0.4454164491035691	chr22	0.06086235796757791	KIAA0930;SGSM3;AP1B1;EIF3D;ADSL	0.08011385640769628	0.8609680084634257	matched	17628748
ATXN2L	-0.2587014393508653	-0.14031130365900213	-0.06412470361438971	-0.16233623762114313	-0.3537792150547374	chr16	0.08862301260351091	PLA2G15;NQO1;CENPT;EDC4;NAE1	-0.3473244519543762	0.6099475162112099	matched	28822998
AZI2	-0.3335004995191406	0.03294471846693581	-0.17855026229638157	-0.04767185307979527	-0.3671882910007158	chr3	-0.06874913112461911	PLSCR1;SLC33A1;NPHP3;DCUN1D1;ASTE1	-0.2647513683945215	0.5818073089040432	matched	28348823
B3GALT4	0.2681602636387579	-0.5494954356134918	0.0466636302985558	-0.4160715696722552	-0.4372648978051633	chr6	0.12825830330396712	LRRC73;FKBPL;NRM;ATP6V1G2;PRR3	0.13990196033479077	1.2210667584127692	matched	33277122
B3GLCT	0.37880632536488257	0.06365709786094165	-0.09836455948293998	-0.21660920293064123	0.04114322862214681	chr13	-0.14177030363499488	LRCH1;PDS5B;MIPEP;STARD13;PAN3	0.5205766289998774	0.4146666859282081	matched	31199974
BACH2	0.40014190494347224	-0.0023656482164026715	-0.08842101691386794	0.12940639724971126	0.295615880733477	chr6	0.040229047000700735	UST;RUNX2;AHI1;PDE7B;SUPT3H	0.3599128579427715	0.7536770500285392	matched	90296842
BAZ2A	-0.20486785096508253	-0.46906020513479685	0.11503844579052824	0.20635234081573522	0.4359009695470315	chr12	-0.1422886578119801	SP1;NCKAP5L;ACVR1B;AAAS;SPRYD3	-0.06257919315310242	0.9585861390500933	matched	56630325
BAZ2B	-0.16354680235371433	-0.41450447348418185	-0.10329017106154682	0.37751803365119496	-0.40084764492252223	chr2	-0.07079657770355725	MAP3K20;METTL8;STRN;HEATR5B;EXOC6B	-0.09275022465015707	1.3667796819646374	matched	159616547
BBIP1	0.06862209981695688	-0.7831924047939731	0.30517321243452944	-0.2717479009376433	-0.39753900804415043	chr10	-0.015374810786495455	EPC1;SKIDA1;NUDT13;MSS51;MYPN	0.08399691060345234	2.6089052396957113	matched	110919179
BBS10	-0.0647779134054991	-0.2431403934762576	-0.29302065698369956	-0.29459075114182953	-0.15231195135843423	chr12	-0.03790063056451345	SOCS2;UQCC6;ETFRF1;MTERF2;LRRC10	-0.02687728284098565	1.1549487897221085	matched	76348414
BCAS3	-0.3262458754108093	0.010873716851843795	-0.2387210245335216	0.5794678843465924	-0.0658894815036386	chr17	-0.09983748507048418	PITPNC1;TANC2;ACACA;CEP112;BPTF	-0.22640839034032512	1.7221236817350214	matched	60677850
BCHE	0.43524863711633	0.10856624655554126	-0.6881116788573879	-0.2105957649113004	-0.6109642137505886	chr3	-0.20723813031681737	PLSCR4;EIF4E3;VGLL3;STAC;RARB	0.6424867674331474	1.8677565645370016	matched	165837422
BCL2L13	-0.25294840077018765	-0.3389150022202047	-0.2682062168457452	-0.004374717849790821	-0.37669761407226016	chr22	-0.04993008426812082	PACSIN2;MAPK1;ARFGAP3;SPECC1L;KIAA0930	-0.20301831650206684	0.7557486151722619	matched	17638756
BCO2	0.10241038290284354	-0.02291172934401553	-0.13312065996400163	-0.4254948279969056	0.16942028020333144	chr11	0.021961930609276606	PAAF1;ZNF143;MRPL48;MAP6;XRRA1	0.08044845229356694	0.6620996535310232	matched	112175511
BIRC6	-0.2625729394652838	-0.4080393617388638	0.01105605124153608	0.18280077793788352	-0.09143627045265257	chr2	-0.10353090897650646	MAP3K20;STRN;RBMS1;TANC1;UBR3	-0.15904203048877735	0.8125377192061353	matched	32357022
BLTP3A	-0.18719990317510415	-0.38793025477500476	-0.2228239840870645	0.27783663333692965	0.013239061714168332	chr6	-0.12815770677095806	PPIL4;LATS1;CDC5L;SRPK1;STK38	-0.0590421964041461	0.8186560402751358	matched	34792082
BMP5	0.02520649012632159	-0.7784620179978368	0.44344749097265	-0.6350276922416132	-0.4160414955940397	chr6	-0.20670237199179872	ATXN1;KIF13A;QKI;REV3L;PTPRK	0.2319088621181203	2.7235198517592254	matched	55875589
BNIP3L	0.07198800884967671	-0.26411022479546353	0.07179586556683837	-0.0543539189076377	0.05271957258473947	chr8	-0.17616190456123312	AZIN1;RRM2B;DERL1;PPP2CB;FZD6	0.24814991341090983	0.44116096962122364	matched	26383053
BOD1	0.05664349055354023	0.004487058913060338	-0.0918109302969442	-0.11857269517623181	-0.12182084944076976	chr5	0.12008860308922778	GPX8;NSA2;KGD4;BTF3;UBE2B	-0.06344511253568755	0.8559660048187429	matched	173616649
BOK	0.03552836848497343	0.038936095106558655	0.17620602569311383	0.0053314763971365475	-0.030907590012606567	chr2	0.05701349003540308	TMBIM1;SLC4A3;MRPL35;GGCX;SSB	-0.021485121550429656	0.40637390570385645	matched	241558744
BORA	0.005690233369358921	0.09592749097979858	0.08589641200844977	-0.13895201301676047	-0.6718582081802014	chr13	0.26411946848227325	ALOX5AP;FGF9;SERP2;SKA3;BRCA2	-0.2584292351129143	1.2176198250405978	matched	72727922
BRINP3	-0.1325086428588389	0.7536829715610672	-0.7393345880111901	0.04693345974811636	-1.0654204421323348	chr1	-0.1321222824251449	LRRC7;NEGR1;HOOK1;LEPR;DPYD	-0.00038636043369399964	5.213693662848948	matched	190477863
BRPF3	-0.4654242013332963	-0.18449085506905288	0.16995023588026503	0.0688839512417539	-0.11777272857774557	chr6	-0.14507914568852043	TFEB;ABCC10;PPP2R5D;RNF8;TJAP1	-0.3203450556447759	0.4977117232905067	matched	36196743
BSN	0.1380434842781446	-0.6126344008293025	-0.50003125787682	0.522733130462011	0.7864374213788082	chr3	0.17619317057194744	IRAK2;LRRC2;FANCD2;ZNF589;POC1A	-0.03814968629380283	2.177612592968507	matched	49554476
BTBD1	-0.21458465499379997	0.09661691859776406	0.194785090677149	0.01382585175712664	0.03001053430711087	chr15	-0.09314251204329942	MAPK6;HEXA;ETFA;IREB2;BNIP2	-0.12144214295050056	0.40947548545343626	matched	83067251
BTF3L4	0.061730928009930075	-0.04144518418574972	0.03652255035274121	0.04203698927442537	-0.24794029241084287	chr1	0.07256940458874013	LIX1L;SRRM1;NMNAT1;RCC1;ZMPSTE24	-0.010838476578810055	0.2650018766710462	matched	52056294
BTN2A2	-0.18774524849340235	-0.6108687944129116	-0.274830464866169	0.021000802564322463	-0.25455301926167206	chr6	-0.037151497262272126	PSMB9;TAP2;LSM2;MICB;TRIM27	-0.15059375123113022	1.4442985681555842	matched	26383107
BTN3A2	-0.2132946305264669	-1.5171047829601547	-0.34861394322529476	0.3297127928376471	-0.1339304284694034	chr6	-0.04637369179195669	PSMB9;TRIM27;TAP1;TAP2;PSMB8	-0.16692093873451022	3.8277238926753565	matched	26365197
BYSL	0.004229954484828546	-0.3056335219841475	-0.25053588006239663	0.05417971518214171	-0.18995977276355558	chr6	-0.03805407971010748	TRIM27;GTPBP2;PIM1;GNL1;CNPY3	0.042284034194936024	0.7425072518774949	matched	41921498
BZW1	-0.12132328177391205	-0.41765354830438506	0.3636039909174077	-0.3642304576239781	-0.009801160517270396	chr2	-0.0828877799300077	PCYOX1;FOSL2;TIA1;SEPTIN2;SNRNP27	-0.038435501843904346	1.4203308058361794	matched	200811909
C11orf91	0.1784671081787943	-0.5712649130453726	-0.2147366318274695	-0.44208295870323155	-0.4431503721316781	chr11	0.05135912232343515	LIPT2;IL18BP;B3GNT6;FDXACB1;FOLR1	0.12710798585535915	1.4262351619393812	matched	33700825
C15orf39	-0.5017665955600155	-0.23535499462479703	0.021279223540118103	-0.21150380878119246	0.06322126647161841	chr15	-0.04896468213897742	CDAN1;KNSTRN;NDUFAF1;PDCD7;CCNDBP1	-0.45280191342103804	0.44363383916903515	matched	75201881
C15orf40	0.40328457456096745	-0.16322883748998837	0.1572747010059432	-0.2881901246949059	-0.04921327932968106	chr15	0.0333960527035429	TIPIN;DNAJA4;LCTL;ZWILCH;CHRNA5	0.36988852185742455	0.6519136954712238	matched	83011638
C15orf61	-0.06398062061393484	-0.5082527982331768	0.01275106742761345	-0.3598437868483253	-0.07233744263349595	chr15	0.3017765851200164	SENP8;APH1B;PCLAF;WDR73;NMB	-0.36575720573395126	1.580078731591364	matched	67521130
C1orf54	0.18164675348754944	-0.7050628490694755	-0.07169327509700874	-0.15165296851939913	0.0992093026685843	chr1	-0.36094734601919987	HCN3;PDIK1L;EFNA3;TRIM46;EFNA4	0.5425940995067493	1.1051464219277674	matched	150272789
C3orf52	0.6812437317244999	-0.1009128626243562	0.1878541048093369	0.20186130201356764	-0.04431534529310818	chr3	0.12477515519836135	LIPH;MIX23;TBCCD1;B3GNT5;RPL39L	0.5564685765261386	0.3098559924407655	matched	112086388
C3orf62	-0.02353769543999329	-0.5719666037140955	-0.010271956369861779	-0.04325452160540899	0.3801099271828968	chr3	0.0425262524611659	LSMEM2;PPM1M;HYAL3;GLYCTK;ZNF589	-0.06606394790115919	1.1006147530254466	matched	49277231
C5orf15	-0.6031540480568678	-0.14079642921384272	0.14858212540529692	0.05311878702935513	0.13098861449495716	chr5	0.12956220797639806	STING1;HNRNPH1;ATOX1;NSA2;F2R	-0.7327162560332658	0.6541483049236815	matched	133968624
C5orf46	0.1548055836909814	0.04775918183190608	-0.009870844837944037	0.052935937422582624	0.20856843022187593	chr5	0.10836060105960943	CRHBP;BRIX1;AK6;RAD1;CCNB1	0.04644498263137198	0.151141974249086	matched	147906537
C5orf63	0.14922713970544255	-0.03294065328978124	-0.09111135383003766	-0.12954922661267393	-0.11926750834580924	chr5	0.14241564707368837	C1QTNF2;MARVELD2;C5orf34;PTGER4;THBS4	0.006811492631754179	0.6565251972161187	matched	127073501
C6orf89	-0.2962868771669793	-0.04853301823428735	0.3294322071164376	0.07292448173182514	0.007200122619153482	chr6	0.02023625449170119	PCMT1;CDC5L;TRIM27;GINM1;POLH	-0.3165231316586805	0.7923951145949311	matched	36885951
C8orf88	0.1440796501749131	-0.12997576042821823	-0.28584026976890686	0.16912336326915436	-0.26156838473191324	chr8	-0.020483214880380712	MED30;CIBAR1;NTAQ1;PLEKHF2;RBM12B	0.1645628650552938	0.6897819688875426	matched	90985237
CAMK2G	-0.19726079539704688	-0.01020904198819661	0.0062187258468122675	0.1344687211126686	0.11812591179910709	chr10	0.13918983100499654	DDX50;CCAR1;VPS26A;ERLIN1;SGPL1	-0.33645062640204343	0.3039669660778856	matched	73874554
CAND1	-0.22099351729485495	-0.2928358920674935	0.045809350133486415	0.18127707851187863	-0.1314599797549889	chr12	-0.17868654246108678	SLC38A1;C12orf75;WASHC4;GLIPR1;CSRP2	-0.04230697483376816	0.7133566566429445	matched	67269357
CARD6	0.18275934351525436	0.1392272659975331	-0.047296155730891964	-0.21804506185795014	-0.13362540634421105	chr5	-0.033867256729475825	ZBED3;FAM200C;C1QTNF2;GCNT4;GIN1	0.21662660024473018	0.8073690994439924	matched	40841366
CASC3	-0.10275123908109762	-0.3207416781540675	0.00429785550721562	-0.005293671467937869	-0.02689943945642259	chr17	-0.11306712399113597	NBR1;ATP6V0A1;DNAJC7;PFAS;UBTF	0.010315884910038348	0.697214894808333	matched	40140536
CASP8	0.003283701904714942	0.06407791959197781	-0.2607076946121085	-0.050984314286177654	0.15636471586050285	chr2	0.11699809329083166	ATOH8;C2orf42;RAB17;DNAJC27;CENPO	-0.11371439138611672	0.5315867697952905	matched	201260535
CATSPERG	0.012951964894233337	-0.060939666534016446	-0.10859478526287325	-0.04953349872457824	-0.2714692846438548	chr19	0.06757499367656956	SLC8A2;ANKRD24;EXOC3L2;ATCAY;ODAD1	-0.05462302878233623	0.417019557192043	matched	38335829
CBFA2T2	-0.20199912549360555	-0.08062005963022878	-0.22865773135652392	0.3573267064672869	-0.035351662431784836	chr20	-0.06655207252225157	CTNNBL1;RNF24;PIGU;UQCC1;MMP24	-0.13544705297135398	0.8665504050225646	matched	33490095
CBX1	-0.1676357693503565	-0.19903589544560507	-0.016815739385108608	-0.13349853008338028	-0.2912398354488257	chr17	-0.0021103312452433742	PIP4K2B;NMT1;NARF;MED24;NBR1	-0.16552543810511314	0.3191087705212502	matched	48101477
CCDC121	-0.40410814969179554	-1.048261393965624	0.2013525398077689	-0.7880929317190363	0.6025542381333104	chr2	0.04992469853978154	SLC23A3;FBXO48;BMP10;C2orf72;GLB1L	-0.4540328482315771	3.0452477590475997	matched	27629011
CCDC125	0.15951780774665925	0.007375558359563661	-0.07711424840246628	0.09191184148368486	-0.08387878370191393	chr5	0.09821785453588623	FAM151B;THBS4;C5orf34;FAM169A;TCF7	0.061299953210773014	0.40604551511931286	matched	69332800
CCDC14	-0.06284728560986075	-0.16753058006766186	-0.17927373062317045	-0.12644265739045712	-0.16199351194486333	chr3	-0.16952163417271732	RUBCN;LRCH3;SKIL;BCL6;PIK3CA	0.10667434856285657	0.5553047384301513	matched	123961228
CCDC18	0.3850603326544877	-1.1553096632887532	-0.17230351176614156	0.3453888114180319	-0.33124757929401627	chr1	0.23309649577538627	KIF14;DNAI4;RHCE;NOTCH2NLA;DDX59	0.15196383687910142	3.332071022441846	matched	93180723
CCDC57	0.22875113353149912	-0.10309682461092268	0.00302856562442555	0.32722492362918076	0.39553325734381684	chr17	-0.019667605736025884	PLXDC1;FAM117A;ZNF652;BRCA1;PECAM1	0.248418739267525	0.8105912925176006	matched	82212841
CCDC71	0.02487127597581651	-0.4717653997919795	-0.2372337425203894	-0.28472580398756353	0.352677657410169	chr3	-0.0031549378949455864	PPM1M;UQCC5;IFRD2;SPCS1;SEMA3B	0.028026213870762096	1.1632645294279633	matched	49166330
CCDC71L	0.15994388775903268	-0.19022094817756263	0.1836502928063583	0.09231679296423434	0.18064288968063924	chr7	0.20876421567105546	MRPL32;FMC1;TMEM60;TRIL;MALSU1	-0.04882032791202279	0.8273211393304096	matched	106661157
CCDC80	0.18922547284391733	0.14777782101828785	0.3024001907519793	0.25642507181845525	-0.11399222101388837	chr3	-0.16429143649588196	RPN1;TFRC;POPDC2;SEC61A1;RAB7A	0.3535169093397993	0.7943612435570999	matched	112641142
CCDC9B	0.07248051773997588	-0.14704149347038642	0.03602340558400985	-0.192599995140613	0.0645766120481942	chr15	0.061192434455836595	CCNDBP1;CLK3;MPI;PPIB;COX5A	0.011288083284139286	0.4833564566709492	matched	40340938
CCND3	-0.30233768369923286	-0.31458196618316936	-0.12023890749269661	-0.07077092840970911	-0.2718588351033515	chr6	-0.03967063956832817	SRSF3;YIPF3;SRF;GTPBP2;HLA-E	-0.2626670441309047	0.6528578622268206	matched	41941807
CCNT1	-0.33421599433660454	-0.22279632090682144	0.018816436727637442	0.00834880165822761	0.10164151251865039	chr12	-0.1487931617049604	RNF34;SP1;IFFO1;ACVR1B;COQ5	-0.18542283263164414	0.2782393842909135	matched	48716706
CCSAP	-0.3129881614184056	-0.07671635396590515	-0.09707074040241881	0.013141554164247449	-0.1333425292173857	chr1	0.015210306961097042	TSEN15;GCLM;SPRTN;POLR3C;DDX59	-0.3281984683795026	0.4097330824711052	matched	229343046
CD36	0.5992410819529013	-0.7082005555732322	-1.3318935554259117	0.0901025551672115	-1.1058387489610293	chr7	-0.027459038925761958	DUS4L;KMT2E;RSBN1L;MPLKIP;PLEKHA8	0.6267001208786632	5.465558751626823	matched	80638641
CD59	-0.381107564142944	0.09695351112327044	0.5400807196591051	0.1593483994867609	-0.35706978318491595	chr11	-0.1620074417355662	EIF4G2;CCND1;RAB6A;PPME1;HYOU1	-0.2191001224073778	2.399701085949169	matched	33736422
CDADC1	0.05091625730263294	-0.09063962249966928	0.025829849715561237	-0.07989486450881772	0.29847021285133185	chr13	0.0879537587454684	EEF1AKMT1;NUFIP1;MTRF1;RNASEH2B;NAA16	-0.03703750144283546	0.35326911520231075	matched	49247924
CDC16	0.1589181513957305	-0.25311497139407324	0.16989492010994145	0.11410129011113401	-0.17786558374967731	chr13	-0.04521895619939187	GJA3;VPS36;SPRYD7;PCID2;CUL4A	0.20413710759512238	0.41801860133040425	matched	114234896
CDC42EP3	-0.27253606408658193	-0.28560259753125683	0.5029354413933234	-0.44609345068765294	0.08481125218706248	chr2	-0.05781561662007331	PPP1CB;RHOQ;GFPT1;DYNC1I2;YWHAQ	-0.21472044746650862	0.9157960309992482	matched	37671641
CDK2	-0.4502369243798956	-0.17695918043386127	-0.3490060550421837	-0.07719534192662492	0.10247813275035433	chr12	0.04027674390959407	NAB2;MYG1;IGFBP6;PRR13;NOP2	-0.49051366828948967	0.5527723177813004	matched	55966829
CDK4	-0.28311432182063623	-0.003421388422918975	0.09310074334233498	-0.024390317431687736	-0.3277361402194975	chr12	0.13035489820494384	KRT81;IGFBP6;OGFOD2;ORMDL2;PRR13	-0.41346922002558006	0.3817580417964208	matched	57752309
CDKN1B	-0.09035966445548382	-0.3732303715882901	-0.40621399650533463	-0.3512871560960926	-0.3487448463452918	chr12	0.10067303377162612	VPS29;AMIGO2;SRSF9;PHLDA1;GPN3	-0.19103269822710994	1.9515131735000044	matched	12717367
CDKN3	0.7060542721950682	-0.21512481643779324	-0.45622129349125085	-0.29199399198262327	-0.3922442268152126	chr14	0.1304563196707047	ZBTB25;DMAC2L;AP4S1;CDKL1;ZNF839	0.5755979525243635	1.3454610959123272	matched	54397006
CDR2L	-0.38022888824486234	0.036814275267772256	-0.006330294523499647	0.13736290376276078	0.028430977690063308	chr17	-0.04877059612881568	BECN1;HGS;NARF;PCYT2;MAFG	-0.33145829211604666	0.2523509507773229	matched	74987631
CENPK	-0.12751462680592374	-0.20176085036458935	-0.21467601562047411	-0.27553469104795864	-0.134070282843338	chr5	0.34353697727217586	PTCD2;CDKL3;IL31RA;CREBRF;LMNB1	-0.4710516040780996	0.9178235244931688	matched	65563167
CENPV	0.3602916791792632	0.07372753925083209	-0.06086257080897717	-0.017349378561639428	-0.2140004014515262	chr17	0.052257758835035695	RNFT1;TEFM;PCGF2;TACO1;TBKBP1	0.3080339203442275	0.553741814289895	matched	16353468
CEP15	0.08395869622136987	-0.13608111785067734	-0.40530431101587705	-0.16219708161605637	-0.3554618036197663	chr3	-0.01955795513693967	ASTE1;PLSCR4;PLSCR1;C3orf33;OXSM	0.10351665135830954	1.2157623076575381	matched	62319021
CEP290	-0.2980737104625244	-0.49092862668462467	-0.7999550395021919	0.14192493813114604	-0.5024962859099558	chr12	-0.288498666099949	ATP2B1;MRPL42;ALDH1L2;EEA1;KRAS	-0.009575044362575391	1.881494356119042	matched	88142087
CERS5	0.15380673799397915	-0.3441766290707928	-0.039907250363148794	0.11760915559609433	0.1675973066546455	chr12	-0.0029829762474818666	RSRC2;VPS33A;PSMD9;ANAPC5;INTS13	0.15678971424146101	1.0337425026713565	matched	50167368
CFAP119	-0.2937362169326174	-0.15625796676933212	-0.05553665053817847	0.26407748242763085	0.29567817601527024	chr16	0.1130529095098618	PARD6A;CARMIL2;CTRL;C16orf86;ENKD1	-0.4067891264424792	0.7294599677461324	matched	30762061
CFAP157	-0.5590640675642868	-0.3641035717053155	-0.11918713625814537	-0.08221545300186417	0.04800155611912005	chr9	0.20242527371142416	SAPCD2;ARHGEF39;CEL;SPMIP6;SPACA9	-0.761489341275711	0.6801619971118972	matched	127706987
CFAP299	0.2372191771052503	0.04044186360085056	-0.4437048526980285	0.4546973518497257	-0.008353983758843109	chr4	0.036196880306215234	AFG2A;FHIP1A;UNC5C;MAML3;BANK1	0.20102229679903508	1.4475853558661802	matched	80335729
CFH	0.049806681868418856	0.034019685570536806	-0.10005623213962928	0.2636508220512517	-0.05447869251772619	chr1	-0.22992419635219186	RAB3GAP2;STX6;DESI2;ADSS2;IGSF3	0.2797308782206107	0.4478013482812323	matched	196652042
CFLAR	0.027145099111154813	0.032620500378409245	0.021858592176942415	0.007895008661259917	-0.05964598652558263	chr2	-0.05349988915833741	THAP4;POLR1A;ANXA4;KIF3C;PTCD3	0.08064498826949222	0.2911873097138171	matched	201116163
CHD1	-0.36148225374910226	-0.24442571186174578	-0.012347979082531824	-0.5061170553178109	-0.32348570582157654	chr5	-0.22533052846359408	RASA1;PIK3R1;MAN2A1;CDH10;IPO11	-0.13615172528550817	1.6274992717181511	matched	98929006
CHD3	0.028540853916114273	-0.594724207078472	0.2070917030077979	0.12937656629047517	0.18505777276887203	chr17	0.028115551495499956	CNP;SUMO2;NBR1;JPT1;SMARCE1	0.0004253024206143166	0.7682733572085029	matched	7888788
CHD9	-0.2977961091107817	0.34630070901632215	-0.0005569136515039819	0.45825192794754144	-0.42655870235486026	chr16	-0.004741992798165673	PARN;ZFHX3;ABCC1;LONP2;NETO2	-0.293054116312616	1.3925459280770789	matched	53054990
CHFR	0.08658884372156184	0.1934284836462169	-0.03867534567289699	0.10843148383600865	-0.24730024803382925	chr12	-0.13003070914108256	RPAP3;CCDC92;UBE3B;RILPL1;SLC11A2	0.2166195528626444	0.4202572567387974	matched	132887604
CHRNB1	-0.17271106192303165	-0.024285003362325308	-0.08984366767220614	-0.09988649264223626	0.3680025474403128	chr17	0.013965706875582906	PTGES3L;NT5C3B;AARSD1;WNK4;ARMC7	-0.18667676879861456	0.4053050140813861	matched	7445060
CHSY3	-0.4168728343309436	-0.044245665012261126	0.1861371870664864	0.044948792706139606	-0.06280497533778284	chr5	0.029250076693960736	IPO11;WWC1;FBXL7;NDUFAF2;WDR70	-0.4461229110249043	0.34602064593090354	matched	129904464
CHTOP	0.21266050093685607	0.18383287129113954	0.15961041928246622	-0.1977567604497783	0.23373846208306803	chr1	-0.14287458313338314	UBQLN4;VPS72;KHDC4;MEX3A;PFDN2	0.3555350840702392	0.3149976813001631	matched	153634065
CIART	-0.06594165054449164	-0.6531476524837876	0.057420382957605876	-0.4056633781913985	0.222600208774141	chr1	-0.28509447783491776	GPR3;EFNA4;EFNA3;HCN3;PDIK1L	0.21915282729042612	1.2064749595331243	matched	150282553
CITED2	0.4872245224131584	-0.5172161445952452	0.04890787121120421	-0.67618034892951	0.10807997402156189	chr6	0.06617368838732907	NOL7;COX7A2;RBM24;PIM1;MARCKS	0.4210508340258293	2.4055395615782174	matched	139374647
CKAP5	-0.15195360069360486	-0.15936715207497731	0.2978614136080956	0.09158713749980407	-0.17885850699574812	chr11	-0.29668868312875973	PPP6R3;KDM2A;PHLDB1;CBL;KMT5B	0.14473508243515487	0.6960646496913584	matched	46846279
CLDN7	-0.1462084699886893	-0.4339115897644883	-0.3742188120840013	0.18415305363054046	0.46569098022731814	chr17	0.3522221955192101	HOXB8;KRTAP2-4;KRTAP1-5;SOST;HOXB5	-0.4984306655078994	1.2805984817373175	matched	7262477
CLINT1	-0.47913236926775316	0.4577111970325789	0.1529965829969614	0.2582191834188497	0.20697439424899422	chr5	-0.130022743716793	AP3S1;SLC30A5;MCCC2;LARP1;CKMT2	-0.34910962555096015	0.6578907232746999	matched	157859144
CLIP1	-0.5906428423696806	-0.5440533267880845	-0.0887611017793396	0.215703730137895	0.06252046459718763	chr12	-0.08243344807487829	SPPL3;SPATS2;HECTD4;ANAPC5;CORO1C	-0.5082093942948023	1.442998095992186	matched	122422668
CLPTM1	-0.07650834316468558	-0.08564870186908019	0.02163675041082813	0.046563966260918827	0.1474649612993828	chr19	-0.20552643778195953	LDLR;KANK2;EHD2;SUPT5H;SUGP2	0.12901809461727395	0.17855447061763263	matched	44955379
CMTM5	-1.4742709886625054	-0.040186562391888225	-0.0476925261445732	-0.40235667457813795	0.49944283653331434	chr14	0.09545064304876938	PIP4P1;APEX1;PNP;ZNF219;ISCA2	-1.5697216317112748	1.0490345700449426	matched	23377045
CNIH1	-0.04509102959893241	-0.3701195855288464	0.2788602623123131	-0.2502939286743175	0.12627564393998625	chr14	-0.015590113604149813	PSMC6;TMX1;GNPNAT1;PSMA3;ERO1A	-0.029500915994782596	0.8167166574046564	matched	54441373
CNIH4	0.1372071461213844	-0.20014233634531653	0.00915774219602189	0.1050900931412366	-0.013616159396441785	chr1	0.054617760784428704	DNAJB4;RBM34;ERRFI1;BPNT1;GGPS1	0.0825893853369557	0.31774072222420524	matched	224356878
CNNM2	-0.2899758961359762	-0.4076935627701297	-0.26008966725396343	0.11324768495647808	0.46356657661460665	chr10	-0.03512054136536025	BTRC;MCU;LCOR;SLF2;EXOC6	-0.25485535477061594	1.2759578679855208	matched	102918293
CNOT11	0.3329771402334396	-0.13251079734639082	0.2926651257960931	-0.21006827725449176	0.013207594246127496	chr2	0.012612977323738783	KLHL41;QPCT;ITGB1BP1;CEBPZ;SERTAD2	0.3203641629097008	0.4203186648702799	matched	101252885
CNTFR	0.816002998849046	-0.08600304987171453	-0.32059081902135134	-0.11459743284841445	0.16478473450443348	chr9	0.08159764886496224	ADAMTS13;PRRX2;SARDH;WDR31;ADAMTSL2	0.7344053499840838	0.7179719386066621	matched	34589723
CNTROB	-0.010315459733987176	-0.27619686702747337	-0.16292757385840015	0.016909309468091827	0.44397981892488225	chr17	-0.008562536734752334	TEN1;PTGES3L;NUP85;AARSD1;RUNDC1	-0.0017529229992348412	0.4114221025905056	matched	7932205
COG3	-0.3479215557979769	-0.07818454138471731	0.06813320862237736	-0.23120098574421288	0.27474590918176506	chr13	-0.22936727868921772	KATNAL1;KPNA3;LNX2;CAB39L;ELF1	-0.11855427710875918	0.564697812268679	matched	45464938
COG8	-0.12408882112988451	-0.6705392513666966	-0.16202439994706566	0.08135995816948782	-0.4110026600281699	chr16	-0.11599245814637182	ZNF200;ATXN1L;SH2B1;ZNF205;KLHL36	-0.008096362983512684	1.7053314579194534	matched	69339563
COL1A2	-0.44575801156305594	0.05481842043748386	1.2407015750567796	-0.04930025086572107	-0.5795345351406067	chr7	-0.36147812574051696	CAV1;CALU;FLNC;LAMB1;CPA4	-0.08427988582253898	2.998681247839535	matched	94394894
COL3A1	-0.4533033409255527	-0.7470119108274487	1.0771794341998069	-0.2954910343305345	0.2164478973276479	chr2	-0.32452464371447454	FN1;ITGAV;GLS;PPP1CB;RND3	-0.12877869721107815	5.242012115871394	matched	188974372
COMP	0.28937557560963345	0.17218992703761823	-0.21617281228534235	-0.1079087350968514	-0.003955889951106295	chr19	0.1205498707284208	GIPC3;NMRK2;SPC24;ZNF625;ZNF491	0.16882570488121265	0.1802099523336457	matched	18791304
COPB1	-0.19920748734874127	-0.07327294114207228	0.29066619475302824	-0.37234273265248524	0.0015061253709107714	chr11	-0.08109513008458062	CAPRIN1;LGR4;CD44;RDX;BDNF	-0.11811235726416065	0.8368009086545041	matched	14499810
COPS4	0.002930263254887322	0.03818848703866107	-0.23580951068457268	0.024963525499370642	-0.09517087765339094	chr4	-0.15521365664385325	UGDH;KLHL5;SETD7;SRP72;PAICS	0.15814391989874058	0.33124546976807034	matched	83035182
COPS7A	-0.08073540481370767	-0.4020035314833418	0.12440698667438	0.21026307635396324	-0.2100883688320745	chr12	0.11897117798661244	CNPY2;PRR13;PFDN5;NAB2;MCRS1	-0.1997065828003201	0.6517538842976721	matched	6724045
COPS7B	0.3912728299904451	-0.1424484531710698	0.08261503129622644	-0.13053457809357738	0.0670612807833327	chr2	0.007649098113507058	STRADB;TMEM237;NFU1;MXD1;STK11IP	0.38362373187693805	0.34346845283635696	matched	231786444
COPZ2	0.2279054186133198	-0.18883084292084784	-0.027099483881834197	0.13358343924736638	-0.07765833326553628	chr17	0.0401436505062332	JMJD6;METTL23;FAM171A2;SGCA;UBTF	0.1877617681070866	0.37141614638750065	matched	48037796
COQ10A	-0.1723667410987284	-0.7063325416417997	-0.30713299903466573	-0.5297509779087168	0.2709786208112712	chr12	0.006473794814655598	ZNF740;LMBR1L;MYG1;PRR13;IGFBP6	-0.178840535913384	1.5970856764877324	matched	56266941
COX14	0.40898947208508485	-0.18307058948575117	0.06328738311658	-0.20126196924880635	-0.06394484952077162	chr12	-0.0871071638058803	EIF2B1;DAZAP2;NOP2;UNC119B;LMBR1L	0.49609663589096514	0.5438645105815958	matched	50112235
COX6A1	0.30050564065284835	-0.1321789925051966	-0.17045571661215875	-0.6129531546145242	0.1565742735025717	chr12	-0.025811385844112578	DAZAP2;TUBA1B;AMIGO2;VPS29;TUBA1C	0.3263170264969609	2.0132495030635496	matched	120438112
CPD	-0.19006711383149089	-0.22531801208166913	0.3597199944382238	0.18260413744638226	-0.2609937436195825	chr17	-0.03550034599088009	SMURF2;CDC27;DDX42;APPBP2;IGF2BP1	-0.1545667678406108	0.807310943302972	matched	30378926
CPEB2	0.19703765114073502	-0.17610509275080943	-0.23417957869269784	-0.32655203593679094	0.16013938956871598	chr4	-0.01582489432779699	CHIC2;NFKB1;RBPJ;DDX60L;PDE5A	0.212862545468532	0.5055160810882336	matched	15002480
CPVL	-0.08844687093174386	-0.19290019279271806	0.35667685893822615	0.2992774098733908	-0.21250589310088075	chr7	-0.2875008686049215	TPST1;ANKIB1;KLHL7;RABGEF1;NUP205	0.19905399767317766	0.5368441637113698	matched	29146536
CRADD	0.13628510568858943	-0.19179494291763366	-0.2850037781531907	0.5011982790980932	-0.3053374222208999	chr12	-0.39914298392956316	RASSF8;ALDH1L2;FRS2;BMAL2;LEMD3	0.5354280896181526	0.8214921493691225	matched	93677374
CREB3L2	-0.4698228893436518	-0.018193603364669353	0.223547833868666	0.2945781627476921	-0.3716452890871762	chr7	-0.24206511573808936	TPST1;RABGEF1;NUP205;WASL;KLHL7	-0.22775777360556243	0.5050970476707793	matched	138002085
CREBL2	-0.19765627170549926	0.08440977918126358	0.11587919705378597	-0.14543722816610877	0.12394010401600292	chr12	-0.06512595543621788	BRAP;SLC35E3;TBK1;HCFC2;NDUFA12	-0.13253031626928138	0.28691073248345456	matched	12611875
CREBZF	-0.15164787033638927	-0.009032357748329334	0.08018714929456056	-0.16992563703642616	-0.7109069571825225	chr11	-0.11091346751791047	TSKU;ZBED5;LTO1;UCP2;SDHD	-0.0407344028184788	1.2689184790433856	matched	85665128
CRIPT	0.08335205030767767	-0.43715587455200566	0.016076776977226148	-0.11934039592827206	0.028725134787939255	chr2	0.08673099726708795	GPATCH11;NDUFAF7;PNO1;TRMT61B;CEBPZOS	-0.003378946959410281	0.5391935050041738	matched	46617214
CRTAP	-0.08026146376717147	0.0042410942584800715	0.13220850699312758	0.3457981067530499	-0.4270884255479782	chr3	0.1148547166706706	COPG1;SELENOT;TRA2B;CLDN11;CNBP	-0.19511618043784207	0.636939434136503	matched	33114013
CRYBG3	-0.6467878246362124	0.254957793962717	-0.09894021985156687	0.4022341985275121	0.23080515065963003	chr3	-0.1514474610284332	DZIP3;HRH1;DZIP1L;GK5;USF3	-0.4953403636077792	0.5824412966610013	matched	97822010
CSPG5	-0.35390955745886776	0.18487313512068915	-0.08144751186964516	-0.044936255553080284	0.4462247945776463	chr3	0.024264704114188906	PIGZ;RFC4;WDR53;TAGLN3;TBCCD1	-0.37817426157305667	0.5773136903758516	matched	47578864
CXCL16	-0.18718477391311117	-0.0522421895532702	-0.047652136631321174	0.022139438457714267	-0.17223312091042775	chr17	-0.030889859151086135	AOC2;NXPH3;CDK3;PSMC3IP;RND2	-0.15629491476202503	0.2254660536362566	matched	4739927
CYB5D1	-0.2656365128043623	-0.39200655945061946	-0.3323845314413956	0.0711862857675798	0.48763562603106103	chr17	-0.013519504546035122	KRT10;TMUB2;ARL4D;IFI35;HOXB2	-0.25211700825832717	1.1937227767867675	matched	7858002
CYB5D2	0.18962074101659976	-0.19576769704928187	-0.21964678413637795	-0.04136001939969003	-0.04617492279265667	chr17	-0.03672467460272663	FAM171A2;PTGES3L;TEN1;PFAS;RUNDC1	0.2263454156193264	0.3456957889004627	matched	4143196
CYP27A1	0.14054778456016237	-0.303139877124248	-0.05587995975877247	0.4247006324646904	0.3371218253152629	chr2	0.12126137511535995	CGREF1;SLC30A3;CENPA;KCNK3;C2orf42	0.01928640944480242	1.3456656290572078	matched	218782146
CYP27B1	-0.05392848919642956	-0.11057890063572451	-0.025304432097698948	-0.28703887545944906	-0.22291635033888413	chr12	0.06203105236341533	DDN;NFE2;KRT83;CD27;RND1	-0.11595954155984489	0.49899183246174844	matched	57767077
CYREN	0.061206037044452266	-0.17139537173057678	0.3413832455807149	-0.029495923930192847	0.009587787673200843	chr7	0.07985314150753009	HOXA11;HOXA10;LMOD2;HOXA13;IL6	-0.018647104463077824	0.52523425733302	matched	135170706
CYTH1	-0.060158171571242924	-0.05423947115271677	-0.051088024917875605	0.11724022765872166	0.043986009051135706	chr17	-0.11382959562347814	YPEL2;ULK2;MAP3K3;AKAP10;NCOR1	0.05367142405223521	0.38416505870758266	matched	78782272
DAB2	-0.02057763488295361	0.08232014712461133	0.09337963405354499	-0.08169301046704525	-0.14621531976304336	chr5	-0.09782657440895459	RARS1;PANK3;ZFR;MARCHF6;PPIP5K2	0.07724893952600098	0.5229552468908462	matched	39424979
DAXX	0.1779402780988848	-0.5419257789257175	0.108793660865107	-0.0023155570567765515	0.14031101698207105	chr6	-0.03314143296695454	MAD2L1BP;TBCC;GTPBP2;POLR1C;PIM1	0.21108171106583934	0.8852254037567108	matched	33322958
DCAF4	0.008499875111956712	-0.15641962353783465	-0.1653146416467119	-0.1459638061991472	0.33794068903696617	chr14	-0.10083430625753209	BRMS1L;SGPP1;ARG2;PPP2R3C;ATG14	0.1093341813694888	0.3983091352435816	matched	72926463
DCAF5	-0.20424928830677747	-0.755804414854863	0.08325274116344561	0.12254457585665846	0.029219901024962858	chr14	-0.24950539875424643	ERO1A;SAMD4A;HECTD1;STYX;ARHGAP5	0.04525611044746897	1.2381040455821408	matched	69153118
DCAF8	-0.9770466976388938	0.06849990056015455	0.010652621144915608	0.09291947675696693	0.11999409747352519	chr1	-0.07467959222427534	SDHC;HDAC1;PI4KB;PIP5K1A;PRCC	-0.9023671054146185	0.17735507153164018	matched	160262548
DCN	-0.07903112189925032	-0.2525658277450913	-0.11328275681659294	0.019028103690859943	-0.4181193251568551	chr12	-0.1620148749165855	SCAF11;C12orf75;KITLG;CSRP2;GLIPR1	0.08298375301733518	0.6054119039241512	matched	91182816
DCP1A	0.18536781794257706	0.3496000519166542	-0.0006837381629526962	0.0956439967834849	0.0775908975868238	chr3	0.3027248253721515	LIMD1;ZDHHC3;OXSR1;EXOSC7;TATDN2	-0.11735700742957444	0.4865317284608274	matched	53347542
DCTN3	0.2506944957960515	-0.03494370817904746	0.0784328211950241	-0.16519846494797719	0.1170181393425811	chr9	-0.043965529610303755	SURF6;TOR1B;C9orf78;SLC2A8;RGP1	0.2946600254063553	0.21798859059638356	matched	34620494
DENND5B	-0.2949172609487345	-0.193520844528551	0.3618772556117609	0.2391220382284729	-0.049487706838357015	chr12	-0.2666628545864976	MSRB3;NTN4;PPFIBP1;CDK17;EEA1	-0.028254406362236917	0.7944373608966409	matched	31591135
DENR	-0.255724413971528	-0.18461680460031338	0.011881840758149353	-0.14959548621431448	0.07202426428072572	chr12	-0.189092984976787	LMBR1L;NCKAP5L;SMARCD1;ANAPC5;ARPC3	-0.066631428994741	0.5952407808615934	matched	122752823
DESI1	0.14968316383430125	-0.13400243168303172	-0.12756650537406944	0.0440102552080196	-0.2341338534633851	chr22	-0.3361826838884607	KDELR3;DDX17;NPTXR;ANKRD54;EIF3L	0.4858658477227619	0.6912783429475252	matched	41621042
DGKA	-0.06765178473859912	-0.051455593602150684	-0.09669317384988585	0.1710593921955327	0.05739830913791755	chr12	-0.035411108679941884	STAT6;SP1;IFFO1;AAAS;SPRYD3	-0.032240676058657235	0.4045939140358662	matched	55931161
DHX30	-0.19132066059928032	-0.14549531103860502	0.15701781450588548	-0.04192855735024553	0.3869943361996612	chr3	0.04748138195091922	SETD5;PCYT1A;PAK2;MELTF;SELENOT	-0.23880204255019954	0.7651232209235568	matched	47803137
DHX8	-0.2805778300769015	-0.029076521518098808	-0.09325556647463873	0.08926856458274043	0.013095262373092886	chr17	-0.025821113804921747	NUP85;THRA;GJC1;ACOX1;WIPF2	-0.25475671627197977	0.21326722112338017	matched	43483974
DIP2B	-0.040533207594757314	-0.6946347465310085	0.2153411843534879	0.3895584152330105	0.30718423708825393	chr12	-0.12260770948001927	SPPL3;SPATS2;HECTD4;FGD6;IFT81	0.08207450188526196	1.8484381052161745	matched	50504984
DIS3	-0.3300204333697101	-0.2595239228289321	0.16880061028139792	-0.2492822678708449	0.0914596035302826	chr13	0.12773107705702264	ESD;NDFIP2;UCHL3;COMMD6;UBL3	-0.45775151042673273	0.8836509445879561	matched	72781899
DISC1	-0.05119892310818486	0.03974727972431752	-0.1533397842882971	0.4094164658617858	-0.04131646263804056	chr1	0.0794133937446666	MAGI3;HHAT;SYT14;LYST;NMNAT2	-0.13061231685285146	1.2465041585477226	matched	231626789
DKK3	-0.08725268240433692	-0.4688712880108461	0.6055981039613212	-0.07635832750223542	-0.45853480015305004	chr11	-0.16941288206380758	CAPRIN1;EIF4G2;APLP2;LGR4;RDX	0.08216019965947066	2.4120893782956045	matched	12008625
DLL3	0.0970689819820354	-0.2877076783089849	0.08307469568801396	-0.11158198333685965	0.09405524142414778	chr19	0.41480927441725085	SHD;ZNF491;NMRK2;STAP2;SPC24	-0.31774029243521545	0.24284602052453105	matched	39498946
DLST	-0.18201010671477746	-0.5760307478280697	0.23429342249296303	0.31761423647414144	-0.08919380219428158	chr14	0.042459106154765724	EIF5;AJUBA;RBM23;PRMT5;TOX4	-0.2244692128695432	1.148769832637705	matched	74881915
DNAJC19	0.32479375817265144	0.1655636756255341	-0.015022225714128146	-0.37968741557376606	-0.25629222411830654	chr3	0.0018804852700479158	C3orf38;OXSM;ASTE1;CGGBP1;PLSCR1	0.3229132729026035	1.5894542517475996	matched	180989735
DNAJC3	0.13878155347251386	-0.03093301169329854	0.05296829223585753	-0.17392202825564662	-0.24673497520136678	chr13	-0.11653572932133222	MICU2;MBNL2;SACS;UBAC2;ARHGEF7	0.2553172827938461	0.6426404979753559	matched	95677138
DNAJC8	-0.16224596276879844	-0.28289103884259537	-0.010324236806059095	0.2773464012825513	0.03855263094582018	chr1	0.07971516601099005	NUDC;ELOA;ADIPOR1;RNPEP;PTP4A2	-0.24196112877978848	0.43303273418500277	matched	28233028
DNAJC9	-0.33659041590006966	-0.9438672690374332	0.33064080721407574	-0.19508036460576483	0.22335380032748578	chr10	0.18075659611060857	TWNK;KLLN;SEMA4G;FGFBP3;BORCS7	-0.5173470120106782	2.854160388340382	matched	73247254
DNTTIP2	-0.0038077707860937338	0.06726850308974552	0.1177162464506622	-0.18847863634601303	-0.0846965043512824	chr1	0.13174524940395518	GGPS1;C1orf52;DNAJB4;MPC2;RBM34	-0.13555302019004892	0.43909682666067035	matched	93879205
DPF1	-0.04905704007728806	0.061858756840061396	-0.02393782918560905	0.0002942201027326119	-0.16257214355944616	chr19	0.4459263263166061	TNFAIP8L1;S1PR2;RAB3D;SEMA6B;CCDC159	-0.4949833663938942	0.2320669258485854	matched	38224221
DPM2	0.07789486240120524	-0.3070562997939953	-0.15792920384336118	-0.3121290217716821	-0.2834704173748188	chr9	-0.08938420815735579	TMEM141;STOML2;TOR4A;PIGO;TESK1	0.16727907055856103	0.8224546875935401	matched	127937853
DSTYK	0.84891601839833	0.0227878890298453	-0.07404611342983261	0.21422425621772417	-0.04585616841806256	chr1	0.07081190445509777	DDI2;TCEA3;DNAJC16;NOTCH2NLC;AGO1	0.7781041139432322	0.17356582115474575	matched	205211701
DTX3L	-0.19477630691452497	0.15782311103183433	-0.023509002702375603	0.0617762656782751	-0.16009057141690727	chr3	0.017032894312393132	MBD4;OGG1;CAMK1;GATA2;FAM131A	-0.2118092012269181	0.21722954021629004	matched	122564337
DUSP13B	-0.027901891940778967	-0.11774713158988281	0.18291243867739682	-0.12925975727917893	-0.36216025628093773	chr10	0.04178757079096504	HHEX;SKIDA1;FGFBP3;PRF1;IFIT2	-0.069689462731744	1.4664076749502095	matched	75099511
DUSP18	0.12099929518770569	-0.41231769259357226	-0.005816929300306306	-0.2110118417443615	-0.06351700607623767	chr22	0.14373263737949354	CENPM;TYMP;SH3BP1;ZNF74;PHETA2	-0.022733342191787853	0.8678805173154786	matched	30667874
DUT	-0.10163515522477251	-0.29781323864009124	-0.004812458876976178	-0.032128965071424265	0.015557569614531919	chr15	-0.05363832088744154	LPCAT4;SNRPA1;TM2D3;POLR2M;BLOC1S6	-0.04799683433733097	0.6011133520129956	matched	48331428
DYNC2I2	0.3693547437681888	-0.6376434461215016	-0.13771770320982593	-0.0541414157324448	0.13186161691880605	chr9	-0.1966964428829442	ABCA2;LRSAM1;DCAF12;GTF3C5;PIGO	0.566051186651133	0.9203541077716574	matched	128656846
EED	0.19867241271817715	-0.33503598539415314	-0.2748613728697597	-0.11578848868440178	-0.24512341253043962	chr11	0.2654384333142753	FBXO3;APIP;CSTF3;PGM2L1;WEE1	-0.06676602059609815	0.921246616053569	matched	86244752
EEIG1	-0.3400751038104177	0.022142681184533664	0.20448670801963365	-0.0025722277646930136	0.22238127310236777	chr9	-0.1853421024497038	MIGA2;RUSC2;SH3GLB2;UBAP1;GTF3C5	-0.1547330013607139	0.4274576643731609	matched	127980988
EFNB2	-0.35841043921397997	-0.009522298535495799	0.7435488732813035	-0.12098702956876733	-0.883743426571046	chr13	-0.09251547941212623	NDFIP2;UCHL3;COMMD6;COG6;RBM26	-0.26589495980185374	2.4300620034064537	matched	106535661
EFR3A	-0.1853665701394709	0.027899206483978478	0.19996792225712046	0.03176580648128846	-0.06428983112934894	chr8	-0.09640020764480646	ATP6V1H;RB1CC1;LYN;LYPLA1;ARFGEF1	-0.08896636249466443	0.5491340758620926	matched	131904092
EFS	-1.0541550572127432	-0.3694288429315282	-0.41753461549524273	-0.068150622841198	0.45423951824903486	chr14	-0.06271196912738553	PARP2;OSGEP;RNASE4;PNP;SALL2	-0.9914430880853576	1.1664957691953926	matched	23365171
EGR1	0.33632097476041567	-0.5036276423474819	0.2987462774144156	-0.36439423519346037	-0.219085300924943	chr5	0.3436904356396397	TIGD6;IGIP;MXD3;F12;CDKN2AIPNL	-0.007369460879224021	1.6585024265737307	matched	138465478
EHBP1	-0.3475537035676348	0.17246379716502253	-0.15497443175357015	0.42599614572899624	-0.06651731808010308	chr2	-0.10501388227193759	CLASP1;ROCK2;AGPS;OLA1;CHN1	-0.24253982129569723	0.661696747907766	matched	62705712
EHMT2	-0.233204463950619	-0.25256313605209446	-0.1578689330311433	0.051847309370537775	0.4639077943224663	chr6	-0.06617385895707226	FLOT1;GNL1;PPP1R10;MDC1;DHX16	-0.16703060499354674	0.6435825932626524	matched	31897697
EIF2AK2	-0.09614783413775907	-0.09395202157603322	-0.04233127435210471	0.10831481609542865	0.07976113066368423	chr2	-0.15519899564232897	AFTPH;CREB1;HNRNPLL;FASTKD1;MTIF2	0.059051161504569905	0.3979034130757425	matched	37156979
EIF2B4	0.07508365965872699	-0.7824410990472238	-0.0887851937181674	-0.02587959550825203	0.056759877861398245	chr2	-0.18677306202644745	CNPPD1;RETREG2;AAMP;FAM136A;ANKZF1	0.26185672168517443	1.1199367690610487	matched	27370337
EIF3J	0.19733018542761993	0.11601471608804081	0.053671190339165675	-0.23951432192854943	0.018769543635985653	chr15	-0.03699837808721379	RAB11A;SPG21;VPS39;CLPX;HACD3	0.23432856351483372	0.29668909314167746	matched	44537146
EIF4B	0.10361939742519866	-0.22661878317620698	0.14092313028564885	-0.004213655482384254	0.5136102081838044	chr12	0.0064741300202568325	CS;NCKAP5L;ANAPC5;PSMD9;RNF10	0.09714526740494182	0.8971891200600774	matched	53006455
EIF5A	-0.03681533775997714	-1.040501392534358	0.29589164315699135	-0.47406892990784977	0.4052780554033586	chr17	0.16085711378081163	RPL23;CNP;RPL26;CAVIN1;VAT1	-0.19767245154078877	2.2554114706557513	matched	7307627
EIF6	0.21024903191140343	-0.836516266992555	0.44555671207248815	-0.6858817437041381	-0.08729563831981713	chr20	0.0027716562244082255	GID8;ZNF512B;YTHDF1;UBE2V1;RAB5IF	0.2074773756869952	2.617334511824553	matched	35284771
EMSY	-0.07965490362115668	-0.13479425152351432	-0.42099772156049975	0.3100772378291172	-0.15947553118731467	chr11	0.19152379609037506	ZNF143;MRPL48;SWAP70;PAAF1;CSTF3	-0.27117869971153175	0.8316593299756821	matched	76445017
EPB41L5	-0.18775673141911842	0.17192789170048328	-0.09594156214870267	0.07116381215421308	-0.13597393983483863	chr2	-0.19637587137537107	MEMO1;NOL10;ITSN2;ATAD2B;ROCK2	0.008619139956252658	0.2736022780684687	matched	120013076
EPHA3	0.1622744241008638	0.08810117016299468	-0.41116196940666855	-0.08534827850813365	-0.20263269412772633	chr3	0.06244762557964671	CBLB;ZBTB20;SLC25A26;RBMS3;FOXP1	0.09982679852121708	1.3768136248322056	matched	89107620
EPHA7	-0.5651864683711656	-0.10185362479116544	-0.27209233292586066	-0.3235420250453933	-1.232704534839765	chr6	-0.1544595104265188	ARID1B;SASH1;HACE1;STXBP5;CDKAL1	-0.4107269579446468	2.750760892601769	matched	93419558
ERBB3	0.06585834048301709	-0.5970657333294722	-0.09162742246505817	0.23976187846872277	0.4739570030118525	chr12	0.010170354247226232	ESPL1;KCNH3;MSI1;TROAP;GLI1	0.055687986235790854	1.0845490047258637	matched	56080164
ERBB4	-0.10209680752455252	-0.0443736709507071	0.16612645147315658	0.5396118535012735	-0.3671882910007156	chr2	-0.4322135871513928	PARD3B;AGAP1;MBD5;ZNF804A;PRKCE	0.3301167796268403	2.2493865422042845	matched	212538801
ERCC6L2	-0.20954233202209505	-0.7367334017745797	-0.373789179834798	-0.25298957081066376	-0.5859731701301233	chr9	0.03731889808575933	SCAI;MLLT3;GAPVD1;ZCCHC7;PBX3	-0.24686123010785438	1.9345070636814614	matched	95875690
ERG28	0.035921692799749216	-0.1841189772533326	0.07881286032259616	-0.01901955930525523	0.07007234303422225	chr14	-0.022869964092142855	TRMT61A;BAG5;KLHDC2;COQ6;LGALS3	0.05879165689189207	0.41718804041357116	matched	75660875
ERH	0.18949129454639202	-0.07222704938775037	0.1574736133837975	-0.22108541811560387	0.00590891179639863	chr14	0.07850145441218181	TMX1;PSMA3;KLHDC2;VTI1B;ACTR10	0.1109898401342102	0.38796248841050085	matched	69398298
ESYT1	-0.04049823282613563	-0.219078325958874	0.3208482883787239	0.17262222733099586	0.7679512758172569	chr12	-0.10432369969892559	TUBA1C;RSRC2;SRSF9;LMBR1L;ARPC3	0.06382546687278996	1.6867960748462985	matched	56128266
ETF1	-0.030148632362883454	-0.47675043627005365	0.07639211728226458	-0.32964735508198	0.4901591153920217	chr5	0.05206992104990035	CSNK1A1;PPP2CA;AFF4;DDX46;ATP6V0E1	-0.0822185534127838	1.1744003685317317	matched	138543235
ETV6	-0.012932013730197589	0.35362015631093446	0.17565209699510217	0.2116627231381043	0.09871675071880115	chr12	-0.17935349696848135	KDM2B;PITPNM2;TFCP2;HECTD4;ITPR2	0.16642148323828376	0.8559549019887365	matched	11649673
EXD2	-0.17599765110265775	-0.10650656413117887	-0.14644012536021467	0.29835653400630513	-0.07568224531681589	chr14	-0.1171052869242625	STYX;CGRRF1;SOCS4;SAV1;ERO1A	-0.058892364178395246	0.8182863727832156	matched	69191497
EXOC4	0.04115879020414592	-0.11477713499411646	-0.011452778327935176	0.4446302419282189	-0.3827940568141892	chr7	-0.12813271721552902	CDK14;DGKI;TNS3;AUTS2;OSBPL3	0.16929150741967494	1.8604959534074337	matched	133253077
FAAP100	-0.16737497491718756	-0.18083777051155514	0.06531645976013101	-0.01732594471767579	0.14642699968993034	chr17	-0.13318166220586997	UBTF;ATXN7L3;CCDC43;RUNDC1;SNX11	-0.03419331271131759	0.3010839938487345	matched	81552352
FADS1	-0.2776358571760742	0.13331992624652944	0.12593758482619533	0.0033612710044120253	-0.05801645950222967	chr11	0.04961494501181801	GRK2;SPINDOC;RHOD;MAP3K11;PCNX3	-0.3272508021878922	0.19943851993336625	matched	61817002
FADS2	-0.2825837263893387	0.164874895143014	0.3759906369616255	0.10358257632628656	0.19846321673333156	chr11	-0.1513735254161917	EHD1;STIP1;RTN3;ARHGAP1;PHLDB1	-0.131210200973147	1.0607865889585435	matched	61828299
FAM210A	-0.039283364320244374	0.0081304943520355	0.04590168658765969	0.22128753257905653	0.023236363807520588	chr18	-0.05960902963021351	HDHD2;DSC2;ADNP2;ZCCHC2;MBD2	0.020325665309969133	0.44104388853497745	matched	13726557
FAM72A	0.26889721594407434	0.033193857677205396	-0.10512676505862784	0.06807120205485928	0.1789053729910926	chr1	0.18129216759325	AGMAT;COL9A2;ZFP69B;TSPAN1;AUNIP	0.08760504835082433	0.2317464302419342	matched	206202838
FAM72B	0.12820445555887416	-0.29373222097015755	-0.21753079854466062	-0.22720678641304992	-0.5104257046680107	chr1	-0.04370111289268225	IRF6;PER3;B3GALT2;NCF2;FAM72C	0.1719055684515564	1.8376553320400935	matched	121184339
FARP1	-0.3505848018076003	-0.019413151290141095	0.16874486963867635	0.4639685149785733	-0.09295548566696432	chr13	-0.2718127673055525	LHFPL6;CDK8;RB1;TNFRSF19;PDS5B	-0.07877203450204784	0.751851959462041	matched	98143093
FAU	0.25177523162388304	-0.7253994984640297	0.5348357806364858	-0.4935772146532067	0.4822757665717914	chr11	0.11012807840798206	RPS25;CD248;B4GAT1;CDK2AP2;RBM4	0.141647153215901	2.2487331872134555	matched	65122133
FBXL2	-0.4580845838074765	-0.005405099234161992	-0.32904586583853335	0.11510114878242461	0.004713679472406418	chr3	-0.19136858520562205	SLC12A8;RASA2;IL17RD;PIK3CA;DENND6A	-0.26671599860185446	0.7320131084974245	matched	33277441
FBXL20	0.25289905327592166	-0.45867879067669226	-0.47605270648640086	0.6526956107376988	0.33809276212959727	chr17	0.09906995913128336	GPATCH8;HOXB3;PRR11;MFSD11;TRIM37	0.1538290941446383	1.8456445384310627	matched	39401625
FBXO10	-0.20159726518836152	0.07788990597280905	-0.022892160554441737	0.04469654509521204	0.09974027032271959	chr9	0.16691838652360058	SLC35D2;STX17;GOLGA1;PTGR1;SPIN1	-0.3685156517119621	0.27082471313470824	matched	37576379
FBXO17	0.08121500506694534	-0.021445176571920466	-0.019965192038249646	0.06051874145782135	0.11696804428201624	chr19	0.14504443264628755	SLC27A1;CHAF1A;FBXO46;ZC3H4;YJU2	-0.06382942757934221	0.2157044575865163	matched	38975741
FBXO27	-0.47076980425022175	-0.11548114362710638	0.004293767139095239	0.08368689092053361	0.1214539313934524	chr19	0.023876448103828274	RAB3A;EBI3;EPOR;CCDC159;HSD11B1L	-0.49464625235405	0.221826239101942	matched	39032548
FBXO42	-0.10632544965157553	0.03974995797097103	0.03701288650975662	0.11851091420368431	0.052695797831722846	chr1	0.05306216119650706	PHACTR4;EYA3;OTUD7B;MACO1;VPS45	-0.1593876108480826	0.20951761473969924	matched	16352479
FBXO5	-0.09933812358701033	0.25706383414991074	-0.36353651927237995	0.07019812602726783	-0.4056204814929796	chr6	-0.07975878649975154	CGA;KIAA0408;PPP1R3G;COQ3;RPP40	-0.019579337087258786	1.4247097826322093	matched	152983040
FCGRT	0.25432758244790943	-0.06780492881713363	-0.005909511635003306	0.012219139591428174	0.39686914360524694	chr19	0.13040591497691914	CYTH2;GRWD1;ERCC2;MFSD12;KXD1	0.12392166747099029	0.38269689835457016	matched	49512660
FDPS	0.2742550983510208	-0.21540223054001184	0.3452987171138029	-0.1568099985230843	0.3009101823526712	chr1	0.10624927900582026	TRIM63;NUDC;ENSA;EXTL1;GPN2	0.16800581934520054	0.6060931898259014	matched	155308865
FEM1C	-0.32595109048127835	-0.0876195920518883	0.2336219439221905	-0.08023550373412594	0.0030093487763138693	chr5	0.15644317852465583	UBE2B;TCERG1;DCP2;RPL26L1;SPDL1	-0.4823942690059342	0.8714491734203196	matched	115544774
FEN1	0.18411972813152833	-0.18880301577897468	-0.020627341780867506	-0.14067905480225917	0.05511523418992814	chr11	-0.03857683161607478	RCE1;WDR74;SSH3;LRFN4;RCOR2	0.2226965597476031	0.49403198329442544	matched	61792910
FERMT2	-0.09834140131741442	-0.4481236121522123	0.26619519373098743	-0.06431892079325363	0.040090176838357694	chr14	-0.23375879377525327	HECTD1;KTN1;HIF1A;SAMD4A;ARHGAP5	0.13541739245783885	1.2694550416205332	matched	52951049
FGD4	-0.05963498876919493	-0.3173389231210004	-0.20727373271723615	0.4489479540672332	-0.17199946658776843	chr12	-0.09248951664452428	PLXNC1;CEP83;BORCS5;POLR3B;RASSF8	0.032854527875329345	1.3139123136944018	matched	32399557
FGF11	-0.45667535956233696	0.07223283376570344	-0.11939491430462579	-0.020233951217614843	0.3470210973260448	chr17	-0.03466939481486786	GJD3;SIRT7;IFI35;MLX;KRT10	-0.4220059647474691	0.5354085491458301	matched	7439511
FGF18	-0.328058549045239	-0.1155682422084372	0.05631043856813245	-0.027370875745479473	0.09339663777636342	chr5	0.007055021783770932	TTC33;ARSK;ERAP1;ERAP2;CCDC112	-0.33511357082900994	0.2142914790480291	matched	171419646
FGFR4	-0.07699796623584898	-0.3284252159567269	-0.24748052196148285	-0.03444912306933734	0.5647352400711746	chr5	0.18563960083356307	SPATA24;GFRA3;NME5;IL17B;CD74	-0.26263756706941205	1.3020170817173233	matched	177086914
FGGY	0.5035779536620066	0.07801976049649757	0.19529250103305906	0.4059699579961418	0.003372503622106615	chr1	-0.04578952267961056	SYT14;HHAT;LRRC7;SWT1;SDCCAG8	0.5493674763416172	1.3544706090430996	matched	59297093
FKBP11	-0.06605354138712638	-0.3564026142255762	-0.3033126842531785	-0.20109535870615658	-0.03174578945987461	chr12	0.14978162044260213	ORMDL2;OGFOD2;POP5;MYG1;KRT81	-0.2158351618297285	0.6434818772970994	matched	48925491
FKBP5	0.1575435012003692	-0.6331807664584408	-0.38492000268087223	0.347352922676613	0.14905129557402497	chr6	-0.1812906259948539	UBR2;TBC1D22B;BICRAL;LATS1;PPIL4	0.3388341271952231	1.7997474720983018	matched	35688914
FLT1	-0.1714733704496556	-0.1017669675928462	-0.1980738997528988	0.3204783469458412	0.029844317476777737	chr13	-0.16639575362227674	RB1;CDK8;KATNAL1;KPNA3;ZMYM2	-0.005077616827378867	0.4540767095768942	matched	28495127
FMNL1	0.5335312357549529	-0.04875850701456619	-0.2991224816253659	-0.035522239149159474	0.1591955641311104	chr17	0.16874623069038586	GSDMB;POLG2;ANKRD13B;GDPD1;SLC6A4	0.364785005064567	0.7511973073448577	matched	45221884
FNDC3B	-0.3098585602891699	-0.6860617290681228	0.24713884685215715	0.6370520163893891	-0.0274840748562728	chr3	-0.1859622793588816	P3H2;STT3B;PLOD2;CLASP2;MYLK	-0.12389628093028832	1.8025398800951362	matched	172039577
FNDC4	0.007134283187870238	-0.05481461606351107	-0.10822588735724376	0.04845413649727859	0.361925814040046	chr2	0.11190507588205571	INO80B;WDR54;PCGF1;DOK1;HTRA2	-0.10477079269418547	0.22878577660829577	matched	27495199
FNIP2	-0.09856757252959714	-0.14261806455050063	-0.028055733667540605	-0.008819141618364723	0.005456991668881361	chr4	0.06585099258017912	SH3RF1;NFKB1;RBPJ;VEGFC;FBXW7	-0.16441856510977626	0.2742345986551265	matched	158769025
FOCAD	-0.05252271620560034	0.08624065543769444	-0.15097788881680663	0.3778455642814691	0.02420768166061235	chr9	-0.018278670411769934	FNBP1;MAPKAP1;RAPGEF1;PBX3;RABGAP1	-0.034244045793830405	0.45906324873332377	matched	20684258
FOXD1	-0.047749257966767544	-0.5366134828103505	-0.20944348816350788	-0.40396853258947374	-0.37302102655169966	chr5	-0.06560137365400945	ACTBL2;DUSP1;GPX8;RPL26L1;UQCRQ	0.017852115687241904	1.6178171339008416	matched	73448776
FPGT	0.26401251858846164	0.15430170424108258	0.11826393329440421	-0.27027605963011025	-0.1684583484721025	chr1	-0.08444950080309022	CHML;HLX;RNPC3;SERTAD4;CTH	0.34846201939155186	1.0468155671636006	matched	74198241
FRMD5	-0.38759220311718146	0.035283075805512265	0.016352607041853706	0.6050270870763876	0.25129200608923313	chr15	-0.17343370020416718	CSNK1G1;DENND4A;STARD9;HERC1;SIN3A	-0.21415850291301428	1.132977297461337	matched	44195270
FRMD6	-0.3235120977100747	-0.4544148790976039	0.3540643931517249	-0.038188686888589785	0.05878912936072078	chr14	-0.26859914412949754	ERO1A;HIF1A;HECTD1;KTN1;MARK3	-0.054912953580577184	1.4346364975417862	matched	51651909
FST	-0.3753372321635542	-0.3683421822542323	0.08899038020315675	-0.08264600396530564	-0.4251897727737416	chr5	-0.038363388753556105	BTF3;ANKRA2;RPL26L1;GPX8;ACTBL2	-0.3369738434099981	1.4224946907188305	matched	53480628
FUBP3	-0.3750151565828448	-0.061121563460573625	0.20225171492466126	-0.0744341468835995	-0.1496470093054436	chr9	-0.012066636976595824	RC3H2;HSDL2;LRSAM1;UBAP1;TSC1	-0.36294851960624896	0.33182191457389626	matched	130579576
FYCO1	-0.8017494649917447	-0.046989579180949814	-0.24574471340023293	0.1523676467867885	-0.06709556126379124	chr3	-0.05545768259753936	ABCC5;KLHL24;PARL;KLHL18;SCAP	-0.7462917823942053	0.32001091135623194	matched	45995823
G0S2	0.1396058361163357	0.18283531054700947	0.09720824563534836	-0.6726817645772394	-0.59384279506229	chr1	0.12675334560656246	EVA1B;ACTA1;CITED4;MRPL55;DIRAS3	0.012852490509773246	1.6069274072192448	matched	209675411
GADD45A	0.01689429186356417	-0.297389705319854	-0.07965196068836677	-0.20264373454801143	-0.48607583700271123	chr1	-0.107952139587508	NUDT4B;TXNIP;CYB5R1;LYPLA2;CCN1	0.12484643145107217	1.192150775102467	matched	67685200
GALNT6	-0.15040359916763446	-0.16029805858374857	-0.020026839125425695	0.1878573469821426	-0.01533628833738232	chr12	-0.0723656136247266	GTF2H3;COQ5;RNF34;SETD1B;CAMKK2	-0.07803798554290786	0.24453349461326343	matched	51391405
GALT	0.11374463203647522	-0.09218073680198716	0.05611732525247925	0.1432376015709187	-0.12359045655550516	chr9	0.32924237667691436	ENDOG;SURF1;SURF2;ZDHHC12;HINT2	-0.21549774464043914	0.4480015387103301	matched	34646674
GAREM2	0.24849696309504798	-0.19711992518520494	-0.39532247086327443	-0.04065536472707926	0.18173907592281996	chr2	-0.2809956544629453	METTL21A;RTKN;DNAJC27;CCDC142;MXD1	0.5294926175579933	0.6350019949890774	matched	26173087
GATC	-0.240451386215625	-0.13782349868104493	0.16564204337545493	-0.0063020100218856845	0.18142030181237107	chr12	0.09567877902354577	RSRC2;GPN3;VPS29;DIABLO;FAM216A	-0.3361301652391708	0.5388528085321982	matched	120446443
GEMIN6	0.5010360746107558	-0.021422432459029306	-0.03483704156154299	0.08724657699964156	-0.05150078642197786	chr2	-0.3630934704161677	DLX1;METTL21A;DLX2;CEBPZOS;SCG2	0.8641295450269235	0.689598403564428	matched	38778209
GEN1	-0.08162992529182622	0.08146063544284698	0.037143655779917184	-0.09904133067025969	-0.2811331965793009	chr2	-0.10532983875661417	ARL6IP6;REL;NMI;FOXN2;DYNC2LI1	0.023699913464787947	0.47156934903362696	matched	17754137
GFI1B	0.20654018919970718	-0.217025495599509	-0.4823988391497058	-0.09658734241082101	-0.054235980306494624	chr9	0.05328168041836162	SPMIP6;ARHGEF39;ZBTB26;WDR31;PTGES	0.15325850878134556	1.3151948746446152	matched	132978693
GINS3	-0.074172030280097	0.03976981046256689	-0.1114667641803484	-0.09207589110669356	-0.022062893583518123	chr16	0.3881364137867502	ZNF500;SPATA33;TMEM170A;SLC38A8;SULT1A2	-0.4623084440668472	0.6440626401607895	matched	58392470
GINS4	0.17652971319044664	0.04757087973117469	-0.22249993449151706	-0.05273443814864931	0.0418181322263636	chr8	0.14462285633741928	NTAQ1;ERICH5;SMIM19;RIDA;FSBP	0.031906856853027354	0.5652724168854396	matched	41529260
GIT2	-0.26264771640043794	-0.2554303753467717	-0.18215566044844844	0.1415839913265905	-0.16723857509584072	chr12	0.005231401511833933	VPS33A;SPPL3;PSMD9;SBNO1;ANAPC5	-0.26787911791227187	0.6476722990761752	matched	109996367
GLB1	-0.04322306615481075	0.1713651242812786	0.08950362980048998	-0.0015105474318267698	-0.06709345993551524	chr3	-0.19208947730682818	SNX4;SLMAP;PAK2;PRKCI;STT3B	0.14886641115201743	0.6117431278495565	matched	33097145
GLRX	0.10403641152178089	-0.14620037739045466	0.10618063539752604	-0.11285882959030913	-0.2296259158494821	chr5	0.13555714620970605	GPX8;NSA2;KGD4;RPL26L1;CDKN2AIPNL	-0.031520734687925156	0.727462845703369	matched	95822725
GLTPD2	0.18164579293722416	0.04944513933968908	-0.028495916520455022	-0.15126181913337877	-0.2435691866726004	chr17	0.03409413949046944	KRTAP1-5;HOXB5;SOX15;RAMP2;HOXB8	0.14755165344675472	0.7852846496122948	matched	4788963
GMEB1	-0.12330571406931679	-0.08801285744915388	-0.02506541536684781	-0.16408301092551297	0.12435546537150344	chr1	0.07833133708301468	NDC1;TRIT1;PIK3C2B;NOTCH2NLA;RSBN1	-0.20163705115233146	0.2829579857386124	matched	28668783
GNL3	-0.0006926136318217146	-0.09180204726538732	0.14577950754652286	0.20792861889563474	-0.3506375914827481	chr3	-0.07515479897151937	IMPDH2;WDR6;TCTA;NME6;NICN1	0.07446218533969766	0.7704604872249201	matched	52686031
GOLGA3	-0.13222423389085858	-0.12441472768512168	0.12051090489692118	0.010726890146395274	-0.1147207489590297	chr12	-0.08664931718689158	SSH1;ZNF664;PTPN11;RILPL1;CCDC92	-0.045574916703967	0.25019861913681885	matched	132828868
GOLGA4	-0.10426359614787106	-0.13687651970643655	0.30609581154356924	-0.10428944406375207	-0.03274642989616394	chr3	-0.15272141282998852	IGF2BP2;ATP13A3;ZNF148;LRCH3;DLG1	0.04845781668211746	0.8364904608308839	matched	37243270
GPBAR1	0.15895609691579038	-0.5467780353692815	0.048104785229173164	-0.34347843302672487	0.15560976344546662	chr2	0.24648883928543572	VAMP8;SPEGNB;PCGF1;SLC30A3;C2orf81	-0.08753274236964534	1.079356649309442	matched	218261014
GPN1	-0.07110925270886526	-0.3064908585633057	0.06549673855713856	0.13470083043342906	0.7141091176560828	chr2	-0.07160757644622517	TIA1;CLK1;PCYOX1;PPIL3;SNRPG	0.0004983237373599181	1.3498910028443567	matched	27629049
GPR85	0.39925552644578666	0.2675791305177735	0.09278858295291537	0.006830704052353198	-0.17725504445616058	chr7	0.13934911084498036	IGFBP1;PRR15;ZC3HAV1L;HOXA1;ARL4A	0.2599064156008063	1.0412251751210697	matched	113086826
GPS2	-0.10913984246229891	-0.7719942187362934	-0.041087793785478166	-0.28847300612723603	0.5895104076026636	chr17	-0.07834139711108232	TMUB2;KRT10;ARL4D;HOXB2;ATXN7L3	-0.03079844535121659	1.9269618834858662	matched	7315359
GREB1L	-0.15784831191451332	0.2887506253324843	-0.2562867141947738	0.017902538828210357	-0.27308558507515435	chr18	0.00600101811435047	RTTN;KIAA1328;ZNF521;LAMA3;PHLPP1	-0.1638493300288638	1.1048078387375175	matched	21242231
GSN	0.10885798885034426	0.002418281839762726	0.5332832661563849	0.016209481309645057	-0.03913825864146128	chr9	-0.07568475839567554	NCS1;B4GALT1;PSMB7;IARS1;BICD2	0.1845427472460198	0.8470526942626195	matched	121268161
GSTO1	0.6472666458152414	0.2440988761407389	-0.11844248719176498	-0.15430848724518031	-0.009145340259276269	chr10	-0.044346161502334835	ZDHHC16;PRDX3;TIAL1;SYNPO2L;BAG3	0.6916128073175762	0.5184727432187736	matched	104254891
GSTO2	0.03075708466164606	0.0926180906112806	-0.27183129846062415	0.11471754960016543	-0.056560299262300884	chr10	0.17132986834666972	NPFFR1;AKR1E2;STOX1;AGAP5;MMRN2	-0.14057278368502366	0.7054087685402189	matched	104269183
GTF2IRD1	0.027442358248640275	0.022288641755623728	-0.2964792035514816	-0.05916086644928198	0.20779262902974732	chr7	-0.203639028064109	TYW1B;CYTH3;AHCYL2;COA1;HIP1	0.23108138631274927	0.7253664815302853	matched	74453905
GTF3C2	-0.20594022389142363	-0.3782679743577404	0.000828021278871216	0.1533017596740631	0.5109328517187912	chr2	-0.07962869094233421	TIA1;SELENOI;PCYOX1;STK11IP;SNRPG	-0.12631153294908942	1.2250063472890402	matched	27356763
GULP1	-0.24202766087819771	-0.3297286703413953	-0.05078575459878448	0.1534093859476211	-0.540911018697662	chr2	-0.1909468825843655	MAP3K20;EML4;RAPGEF4;MBD5;TTC27	-0.0510807782938322	1.2557909205117417	matched	188291873
HACD2	-0.5596777989732988	0.07592515203452588	0.09451108589253754	0.08800524841749535	-0.1270175709129926	chr3	-0.1784408100286411	SNX4;PIK3CA;RUBCN;PRKCI;STT3B	-0.38123698894465774	0.481910816092567	matched	123585052
HADHA	0.18668950625897018	-0.16109507472390527	-0.08344676307919485	-0.0426760500918576	0.24062350206374195	chr2	-0.14060192605830507	GFPT1;SEPTIN2;PSMD1;PCYOX1;HDLBP	0.32729143231727525	0.9509338135303423	matched	26244631
HADHB	0.10285491029867799	-0.025313571410045865	-0.00852460018697676	-0.048758909361447	0.28522899560831344	chr2	-0.14219318554149502	GFPT1;PCYOX1;TIA1;PSMD1;SEPTIN2	0.245048095840173	0.775864102982557	matched	26244938
HARBI1	-0.12481139833230959	-0.6045059528356254	-0.36473019298073306	0.08129114150886474	-0.2935003215448785	chr11	-0.0026455999701400224	IFT46;SLC37A4;CENATAC;ATG16L2;SLC29A2	-0.12216579836216956	1.2158333452984826	matched	46617226
HDAC5	0.0840496542858089	-0.04427963421522629	-0.07635396344292833	-0.13018223231786674	0.3059665217917763	chr17	-0.15558411399337757	NUFIP2;IGF2BP1;CDK12;DDX42;CDC27	0.23963376827918648	0.5156794739194936	matched	44123640
HEATR1	-0.41275612643191195	0.08321488199664828	0.026186583581661815	-0.02097376143326024	-0.11006739881263017	chr1	-0.21199702821540303	ODF2L;GPR161;ZNF326;TLCD4;SLC35A3	-0.20075909821650892	0.23240172520132765	matched	236604515
HECA	0.10713708389999255	-0.023139572603637554	0.057063270504296604	-0.07021644655346732	-0.12399887403505672	chr6	0.0357876359417105	TRAF3IP2;QRSL1;NEDD9;KDM1B;GCLC	0.07134944795828205	0.3042812380371722	matched	139135079
HEXIM1	0.05066680137200397	-1.0470700861061175	-0.10839533665464196	-0.2183799410473679	0.04733398937901201	chr17	0.15484950058906383	JMJD6;SRSF2;METTL23;PSMC5;ATP5MC1	-0.10418269921705986	1.904546418634269	matched	45148474
HEXIM2	0.42512479762474786	-0.6401887706935117	0.1978663702116381	0.1969060554869786	-0.06732469921848572	chr17	0.11613731976109204	HOXB6;HOXB9;HOXB7;HOXB4;POLG2	0.3089874778636558	1.281544539058938	matched	45161874
HID1	-0.282750727641345	-0.06627834949589617	-0.14149468391245207	-0.12858854364433542	0.1683528487367747	chr17	-0.1214113771321439	ADAM11;WNK4;RHBDF2;LSM12;MPP3	-0.16133935050920112	0.29061213254718515	matched	74972758
HIP1R	-0.31520852241186503	-0.012431294681606198	0.11785278988153096	0.05189115078527767	0.11800764429545563	chr12	0.004601742427614408	RNF34;ASIC1;COQ5;P2RX4;SETD1B	-0.31981026483947944	0.1941959722536876	matched	122835456
HIVEP1	-0.20973979976384083	-0.36998379648538293	-0.17438730077035056	-0.09779260543786483	0.017955835332757575	chr6	-0.031859887160664346	HIVEP2;ATG5;REV3L;DTNBP1;RUNX2	-0.17787991260317648	1.1045076743099542	matched	12012311
HLA-B	0.1548870958154147	-0.3330592533885248	0.4537084835894576	-0.32554418430545695	0.6620139615231582	chr6	-0.035490838625791804	YIPF3;TAP1;CUTA;SLC39A7;BRD2	0.19037793444120651	1.841098190976099	matched	31357178
HLA-C	0.06832674006938344	0.3216912017266279	0.10034452008964312	-0.28800955635577585	0.8128379307951157	chr6	0.023262219895712553	SLC39A7;YIPF3;KLHDC3;CUTA;BRD2	0.04506452017367089	1.6415078669103296	matched	31272091
HM13	0.10951448083682891	0.5100912187089814	0.11448480780949644	0.0518804363594203	-0.05883309778746512	chr20	-0.04188975752868612	VSTM2L;LAMA5;MAPRE1;JPH2;SRC	0.15140423836551503	0.8772473832364732	matched	31514441
HMGA2	0.0112026036111752	-0.34015483209732245	0.34118649709208804	0.12928011553217922	-0.02976390427808151	chr12	-0.24294480044934713	EEA1;CDK17;VEZT;FGD6;PAWR	0.25414740406052233	1.1415577559898589	matched	65824482
HMGN4	-0.1784558456232519	-2.857953770333136	0.08765642866340462	-0.6526542059215927	0.36431899984953997	chr6	-0.04539009110646558	TAP1;GINM1;TRIM27;PSMB9;UBR2	-0.13306575451678632	10.74298347025979	matched	26538365
HNRNPA0	0.00648534616342733	-0.035099068826603075	0.22899937472359744	-0.15467558095912004	0.0914596035302829	chr5	0.06171387694734598	GPX8;C5orf24;HNRNPH1;BTF3;UBE2B	-0.05522853078391865	0.8398102245697252	matched	137754362
HOMER1	-0.12486608436165714	-0.28395441994608306	-0.46018354006536827	0.22295333595011635	-0.139916289873662	chr5	-0.35495246626071175	NIPBL;MTREX;FAM13B;KDM3B;CPEB4	0.23008638189905462	0.8975119891328944	matched	79514133
HP1BP3	-0.15265412674231982	-0.07699767335109775	0.035552916145448754	0.02685132259106454	-0.0481903431614035	chr1	-0.04000909584336601	KDM1A;HNRNPR;KLHL12;EGLN1;ZMPSTE24	-0.11264503089895381	0.5316467736929874	matched	20787306
HROB	0.17015977510428937	-0.5116672209760678	-0.4845483215044124	0.06434699632958862	0.07737759427888224	chr17	0.1321628729534802	HOXB6;CTC1;GSDMB;POLG2;HOXB3	0.03799690215080917	1.2143156268903197	matched	44141929
HS2ST1	0.42289903095341863	0.04642996917525544	0.17162159735428517	0.03261992490543819	-0.29777910373545435	chr1	-0.3958978777258515	RASAL2;PKN2;NIBAN1;CDC73;ARID4B	0.8187969086792701	0.56621866436341	matched	86914634
HSPA1A	0.3708751986636454	-0.086211307579805	0.04458354226345085	-0.1724946740465283	0.6216674444238008	chr6	0.1036576737599823	PSMB8;TBCC;YIPF3;PHF1;CUTA	0.2672175249036631	1.1827895528639765	matched	31815542
HSPA1B	0.18817206436392286	-0.07969581379373425	0.10898270009114908	-0.20462444342771313	0.5328811637035158	chr6	0.05416040986232318	PSMB8;YIPF3;TAP1;TBCC;CUTA	0.1340116545015997	1.167110025884384	matched	31827737
HSPA1L	-0.18355402317849645	-0.2391519727475936	-0.5919303968738383	0.10873006354517378	0.5097301933818692	chr6	0.14028218920545676	HLA-DMA;LRRC73;PRR3;PSMB9;DLK2	-0.3238362123839532	1.2618657772479411	matched	31815282
HSPA2	0.007858438295160308	-0.6950109420611583	-0.2983052603870835	-0.6621872101044939	-0.4776469847782164	chr14	-0.08122675329014947	VCPKMT;ACYP1;FOS;ZC2HC1C;RIOX1	0.08908519158530978	2.210474359802841	matched	64540740
HSPA9	-0.06349315879496764	-0.3158377870016196	0.3438612778093235	-0.21571285360020195	0.4873731787183835	chr5	0.14170377703313441	PPP2CA;SKP1;CSNK1A1;C5orf24;TXNDC15	-0.20519693582810206	1.0740388852481757	matched	138575400
HSPG2	-0.4188449693948524	-0.07428184701639717	0.5111279355117004	0.08875759195489064	-0.06804028758400577	chr1	-0.12852325675197263	GNG12;NRDC;CAPZB;DDAH1;SLC16A1	-0.29032171264287976	1.0256552406057973	matched	21937309
HSPH1	0.04408059907190598	-0.1368352518244248	0.27537077610916083	-0.019658802269669314	-0.14619527590218917	chr13	0.05807557119828814	ESD;GJA3;POMP;VPS36;POSTN	-0.013994972126382163	0.8833890592817792	matched	31161903
HTR7	0.28639956484134244	-0.40190257536297924	-0.5868567428058398	-0.013557205909484393	-0.26253282867498884	chr10	0.0029022646112052963	ZNF438;MYPN;RTKN2;EPC1;MLLT10	0.28349730023013714	2.282704953547562	matched	90858038
HYCC2	0.22423611653022668	-0.11436611682156961	-0.010996648786391228	0.061634678376186414	0.3567727443581525	chr2	-0.3334311720773975	REV1;PMS1;GMCL1;DHX57;ATAD2B	0.5576672886076242	0.5004593976703788	matched	201071670
IAH1	0.33251187317039843	-0.027555552724442656	-0.11087337180875666	-0.03105204124347377	-0.15722034895673476	chr2	0.10283535070128255	KLHL41;METTL5;QPCT;SNRNP27;ORMDL1	0.22967652246911588	0.3022374155106163	matched	9474550
ID1	0.7504342062703309	0.19265049857343894	-0.6532974191554155	-0.2856677789880617	-0.1582120560749065	chr20	0.1387522955106235	MAP1LC3A;CEBPB;CENPB;RPS21;PPDPF	0.6116819107597073	1.5998461215659425	matched	31605288
IDH3A	-0.34392791219148133	0.02063127233775354	-0.12989288449525976	0.057757155266222604	-0.2995813822139919	chr15	-0.061115531740973617	ADPGK;EMC7;POLG;PLEKHO2;SNX33	-0.2828123804505077	0.47308010419650187	matched	78149361
IFT172	-0.07126946056491867	0.2285760487347266	-0.2832826426443824	0.15159816550531235	-0.1415629760655689	chr2	-0.36704703672384154	TTLL4;ZNF142;STK36;LOXL3;NHEJ1	0.29577757615892286	0.6013168955689138	matched	27489742
IKZF4	-0.5934932643031163	0.29437859574653924	0.07407915259334835	-0.0630780173857246	0.04132478416979635	chr12	-0.026076464523634657	TNS2;RARG;ZNF740;CSAD;NEMP1	-0.5674167997794817	0.514968664358144	matched	56021042
IL11RA	0.43765002158566535	-0.13414751490026808	-0.07525328168700515	-0.020499106591494565	-0.008946608985966886	chr9	0.029601091112104072	SLC2A8;NTMT1;RGP1;SPOUT1;MED22	0.4080489304735613	0.16526599214990959	matched	34652184
IL18	0.9718495500604498	-0.4632387682649791	-0.15129578686366463	0.07893502505999772	-0.07543082434925433	chr11	0.2955229863019292	PLEKHB1;AQP11;ATG16L2;P2RY6;CENATAC	0.6763265637585206	0.8258900556588515	matched	112164093
IL1R2	0.14494689979278186	0.07942326458429394	0.10442875602534785	0.1781507736132295	-0.05031234687406144	chr2	0.15734073352145966	CYS1;FAM228B;FAM161A;CASP10;RAB17	-0.012393833728677806	0.48561197928439287	matched	101991959
ILF2	0.04325039103041206	0.203026823629201	-0.01693995527368486	-0.14273185375537945	0.30616756511189425	chr1	0.04300920812055722	CERS2;SSR2;PSMD4;HDGF;PBXIP1	0.00024118290985484375	0.4216101052460909	matched	153670992
INAFM2	-0.2809039980457566	-0.19703742958619297	0.1190950227420009	-0.5327042276893408	0.1441023897209403	chr15	0.16595696392114923	PPIB;NGRN;CIB1;SERF2;CCNDBP1	-0.44686096196690583	1.4119068830267703	matched	40323691
ING4	-0.039388484511210464	0.022727306745968567	-0.03169314098988092	0.07869936880266515	-0.01792807821525133	chr12	0.0289514726441185	ACADS;DNAJC14;AAAS;C12orf43;MYG1	-0.06833995715532896	0.3245823499684892	matched	6663118
INSR	-0.13685056699894638	0.26494913394703423	-0.07866660575810196	0.22640889204472558	0.18701543201946014	chr19	-0.02388824988822709	CRTC1;EPS15L1;BRD4;PTPRS;SIPA1L3	-0.11296231711071929	0.5555559853137362	matched	7294413
INTS3	-0.11048769372382328	0.2049563054440504	-0.19359575952127867	0.1363139657790029	0.29751528939302996	chr1	-0.2055169547864617	TUFT1;ARHGEF2;PI4KB;PRCC;SLC9A1	0.09502926106263843	0.5079055055335563	matched	153728049
INTS6	-0.047746364446932255	-0.5677230476453572	0.009393440700596244	-0.14585080452848664	0.45560344864034236	chr13	-0.09953201274407242	DGKH;ELF1;GTF2F2;DNAJC15;NAA16	0.05178564829714016	1.1944054030802922	matched	51453035
INTS8	0.007501838528533256	0.04840566066874974	0.00212608216978033	0.11770377964929618	0.040058734157792264	chr8	-0.10384256404921466	POP1;ANKRD46;ATAD2;FAM91A1;RNF19A	0.11134440257774791	0.2963925849887975	matched	94823286
IPO7	-0.3674370029383951	-0.18836859489751756	0.21697665235098706	-0.21584447204925916	0.047432574927950444	chr11	-0.11459080859501702	RAB6A;HIPK3;PDHX;YAP1;CAPRIN1	-0.2528461943433781	0.6116960439296218	matched	9384651
IRF2BP2	-0.142421573786776	-0.11950697705125668	0.12103885904857575	-0.32379832071684933	-0.1410905456383349	chr1	0.04319720354928461	NUDT4B;DNAJB4;ERRFI1;C1orf52;GLRX2	-0.1856187773360606	0.9484286740729341	matched	234610177
IST1	-0.08778302901573198	-0.14509926078514446	0.030186490692062473	-0.14296323182064108	-0.08684054054774248	chr16	-0.17037802449605904	ZDHHC7;AARS1;DDX19A;MBTPS1;PDXDC1	0.08259499548032706	0.2617226378203631	matched	71895530
ITCH	-0.1601365663467691	-1.0589397786397012	0.020305047612073412	0.7519157794785943	-0.04691424962365626	chr20	-0.20435620531916374	CPNE1;NFS1;B4GALT5;UQCC1;DIDO1	0.04421963897239464	2.425397539372963	matched	34363272
ITGA4	-0.09219130167003442	0.0053888386682536815	0.12325366405593957	-0.0320999809113256	-0.15876096967113917	chr2	-0.3220311254420503	EVA1A;LPIN1;DPP4;SLC39A10;SPRED2	0.2298398237720159	0.433688666202726	matched	181457385
ITGA5	-0.28486197152989234	0.3657248462369026	0.5508899533319478	0.2722078729414508	0.04610483347201744	chr12	-0.1025639864712792	YBX3;ADCY6;DCTN2;USP5;MYL2	-0.18229798505861314	1.2609023019613788	matched	54419265
ITGB5	-0.08242689373720857	-0.0339119901174143	0.4665699797634715	-0.00538781229536256	-0.013335463895579602	chr3	-0.19640572976998313	STT3B;COL8A1;PDCD6IP;P3H2;FLNB	0.11397883603277456	0.7213063957377287	matched	124887364
ITGB8	-0.07812346132879489	-0.06365047608845065	-0.29631408850883423	-0.02564238071841307	-0.2920405214331039	chr7	-0.13813577444559472	ACTR3B;EEPD1;PALS2;HERPUD2;NT5C3A	0.06001231311679983	0.6754164779508244	matched	20330899
JAK1	-0.33537571286687484	0.0823530421564801	0.03868380883654554	0.11988646668478253	-0.293544482530103	chr1	-0.2827075406958549	WLS;SUCO;PGM1;GNG12;XPR1	-0.052668172171019934	0.7511956627541707	matched	64966548
JMY	-0.02473419405315802	0.09576160353651791	-0.19809803601528775	0.09268695989613729	-0.03186300342024151	chr5	-0.14529942221454012	FCHO2;LMNB1;SLC38A9;ARSK;POLK	0.1205652281613821	0.2897632896704807	matched	79236130
JUND	0.33937162948231325	-0.29793307366347	0.0469395185485707	-0.2523970423157995	0.17844937136365457	chr19	-0.06329992481353203	JUNB;PPP1R15A;MRPS12;SNRPD2;MICOS13	0.4026715542958453	0.5992053593251048	matched	18281621
KALRN	-0.34679133000416407	-0.07883901457979337	-0.15417490938401643	0.36082004858303174	0.37137394168793614	chr3	0.12959375863672112	CMSS1;CLASP2;FOXP1;TNIK;LPP	-0.4763850886408852	1.1351753863819347	matched	124033368
KANSL2	0.00011458425735888511	-0.13634342894789286	0.0024323176578529004	-0.028977770923993243	0.007082148705199076	chr12	-0.16067261548975012	SP1;ACVR1B;RNF34;IFFO1;NCAPD2	0.160787199747109	0.2656246304094463	matched	48682237
KATNAL2	0.15318988026858937	0.42568423391323007	-0.01699461546339709	0.1586563691089775	0.24216170509240043	chr18	0.09119359803824319	BCL2;GNAL;CABLES1;ARHGAP28;MOCOS	0.061996282230346186	1.4992223182653612	matched	46917601
KBTBD8	0.5089706524124291	-0.028993840519570213	-0.3265547810629169	-0.2082309385093966	-0.3554618036197663	chr3	0.16195470622460217	ASTE1;OXSM;PLSCR1;LMOD3;EIF4E3	0.34701594618782694	1.4007853189670318	matched	66998306
KCNK6	0.7726061620765741	0.03971601304217931	-0.0003261777425782597	-0.0025514278186743455	-0.12778582023714036	chr19	0.028174266022774175	NR2F6;FARSA;BABAM1;SLC1A5;GET3	0.7444318960537999	0.12312552286414502	matched	38319844
KCNMA1	-0.09993640932252656	-0.18224262646947614	-0.13093389864683913	0.7578983001824215	-0.4016375463950663	chr10	-0.11907666415426874	ANK3;PARD3;CCNY;NRP1;SVIL	0.01914025483174217	1.9238990385750272	matched	77637807
KCNT2	-0.2655180167707629	0.022028432792468244	-0.3950108622349848	0.08522474492274767	-0.08230993041088286	chr1	-0.10522738161409864	COL24A1;KCNH1;DNM3;LEPR;DISP1	-0.16029063515666428	1.382884866363735	matched	196608439
KCTD11	-0.35369102240551253	-0.26903408344885826	-0.06404782956367017	-0.2728264303321559	0.32134352015511847	chr17	0.0014737494465572598	KRT10;ARL4D;ALYREF;NKIRAS2;TMUB2	-0.3551647718520698	0.9364279619968813	matched	7352161
KCTD20	-0.155579306391866	-0.23057856881063876	0.5181369020830684	0.044441436670621504	0.03774448941815112	chr6	-0.03877642154671275	TRIM27;POLH;XPO5;PCMT1;CDC5L	-0.11680288484515326	0.8239654845854258	matched	36442999
KDM6B	-0.6393722108891353	-0.6082713769987915	-0.09800382232309077	-0.08567052753784216	0.29945753254036966	chr17	-0.07358016985276483	THRA;NUP85;DNAJC7;RUNDC1;PTGES3L	-0.5657920410363705	0.8937990215536834	matched	7834216
KIAA1671	-0.11158584117291337	-0.22960315864636016	0.23178019620635962	0.6797111468828179	-0.013319601422868976	chr22	-0.048365758628961156	PARVB;PPARA;DEPDC5;PRR14L;SLC5A1	-0.06322008254395221	1.1630143803897754	matched	24952715
KIF13B	-0.1588561811937188	-0.23595156167019415	-0.09496595535326635	0.5374506720420733	-0.12153064839727468	chr8	-0.271548817531975	ATAD2;UBR5;DPY19L4;SPAG1;NSD3	0.11269263633825621	1.2523993026652418	matched	29263069
KIF21A	0.0974275297444791	0.2511923637858269	0.2575742008106523	0.21656281467691962	-0.10090977353130626	chr12	-0.13044467361808304	ETNK1;IPO8;USP15;FBXW8;TAOK3	0.22787220336256214	0.6544151336508357	matched	39443119
KIFC1	0.38289552764684	-0.3942529247266602	-0.2825593900052752	0.20429052340003795	0.15108974970604272	chr6	-0.22644812736779563	FRS3;FANCE;BTN3A1;CUL9;PRR3	0.6093436550146356	0.840613973801451	matched	33391822
KLF7	-0.5759781871907252	0.1418186041142271	0.030494389467027067	0.006501589268057217	0.07919566129870448	chr2	-0.268018470335549	PRKD3;STRN;HEATR5B;ALS2;DHX57	-0.30795971685517626	0.2820183244188877	matched	207165947
KLHDC10	-0.22570302825448874	-0.3912094154172181	-0.07499418941969305	0.16666025029714993	0.07034263438695479	chr7	-0.24732398130138086	PLEKHA8;BCAP29;LUC7L2;BAZ1B;HBP1	0.021620953046892127	0.8492414894634539	matched	130070533
KLHDC8B	0.1363512020223343	-0.3293950992383214	0.618679225549647	-0.3526715850532429	0.352677657410169	chr3	-0.3016861920031982	SPCS1;NT5DC2;TWF2;HYAL2;GLT8D1	0.4380373940255325	1.5517651813702942	matched	49171597
KLHL22	-0.37490353486452577	-0.01679216671455286	-0.05922979728015644	0.2444681185554325	-0.050247700356232716	chr22	-0.08508113680773588	EIF4ENIF1;SYNGR1;RNF185;MGAT3;TAB1	-0.2898223980567899	0.19458272868728563	matched	20495794
KLHL3	-0.35473423387332303	-0.04597496364487719	0.12086964013890732	-0.05135238012268717	0.2564673788577867	chr5	-0.4361530581772266	SH3PXD2B;RAPGEF6;CMYA5;FCHO2;SLC38A9	0.08141882430390357	0.5505270918232491	matched	137736088
KPNA1	-0.20885377816134465	0.11753186489315234	0.171482473073844	0.18101227307327727	0.09634174456518219	chr3	-0.08436905938088604	ETV5;ST6GAL1;MASP1;SCAP;KLHL18	-0.12448471878045861	0.3882711570271421	matched	122514938
KPNA5	0.3744763892344012	0.24592601694953253	0.04579294408257828	0.03851865426880097	0.42529133899578053	chr6	-0.038930214973707244	EFHC1;CASP8AP2;BLOC1S5;FIG4;RSPH3	0.41340660420810843	0.7681383223223955	matched	116681210
KPNB1	-0.054352779057387224	-0.0965051617138486	0.2948791839648126	-0.0218993615308484	-0.07114527857807418	chr17	0.07191721600018788	MXRA7;ITGA3;CCDC47;DDX42;NMT1	-0.1262699950575751	0.48174059161324145	matched	47649918
KRT18	0.24515526559612333	-0.3336213945025406	0.42644766850533067	-0.14963991196359272	0.15186858450227425	chr12	0.0386888950756287	GAPDH;TUBA1B;TUBA1C;PTMS;TPI1	0.20646637052049463	2.3517554403334775	matched	52949117
KRT8	0.19918744409505784	0.12972966271153463	0.781950690621207	0.12492429112504999	0.1953988962441331	chr12	0.07486689220324579	GAPDH;PTMS;TPI1;TUBA1C;TMBIM6	0.12432055189181206	2.2134012139144126	matched	52905075
KRTAP29-1	0.22576887789900013	-0.051372405806726196	0.08574234072487408	-0.6594162270959476	0.4181484432870419	chr17	0.14661401589740447	SOX15;RAMP2;SHBG;GALR2;GP1BA	0.07915486200159566	1.4909089808341291	matched	41302850
KTI12	0.002421676366433978	-0.27127036833918994	-0.07046750818611869	-0.927148801685147	-0.44548377144208334	chr1	0.03753539712745937	ANKRD34A;ELF3;GALE;MED18;RSRP1	-0.03511372076102539	1.6671504437132407	matched	52033809
LAD1	0.20325941051069618	0.04804731228290127	-0.06349882783775573	0.10796985251871433	0.0614102369928195	chr1	0.10625240107400594	COL9A2;AGMAT;ZFP69B;ZFP69;ITGA10	0.09700700943669024	0.13140831158510238	matched	201399323
LAMA4	0.12277566535923601	8.949804181301868e-05	-0.08758342613780512	0.14695649449926762	0.06828966794545055	chr6	-0.16251344003939538	PREP;RANBP9;SGK1;SNX9;COL12A1	0.2852891053986314	0.28492513531664193	matched	112254566
LAMB2	-0.06963508286868247	-0.6820891794700416	0.4060246398180152	-0.06147013984721894	0.6582021151853445	chr3	-0.04055738835291347	AP2M1;NT5DC2;PSMD2;GNAI2;DVL3	-0.029077694515769005	1.9352889538663385	matched	49133049
LAMB3	0.2468984466519739	0.04400713746959978	-0.059001800320966635	0.05320642639217493	-0.08988935429955436	chr1	-0.04870479135536848	TTF2;DPH5;URB2;BROX;NBPF15	0.2956032380073424	0.26334440307479723	matched	209652424
LAMTOR3	0.0272068936046308	-0.1628963313610917	-0.05188961683661397	0.09952508824972961	0.18953682576635766	chr4	-0.030959925252274798	TADA2B;REST;GRPEL1;SPP1;RWDD4	0.0581668188569056	0.4073124844842544	matched	99894426
LAPTM4B	-0.01876058639088818	-0.6624915161743108	0.5233810745056959	0.35003096336655753	-0.4334473515249795	chr8	0.11489814138982962	ADAM9;YWHAZ;PABPC1;SARAF;RBPMS	-0.1336587277807178	2.524179330388344	matched	97775787
LARP4	0.28839330317072776	-0.19562582707276643	0.05712838904110362	-0.02887280492340738	-0.11974128586406507	chr12	-0.08958349951037758	SPPL3;VPS33A;SBNO1;CAMKK2;SPATS2	0.37797680268110534	0.5006480584563997	matched	50400884
LASP1	-0.4798899712222493	-0.28496531557043303	0.2709245467507315	0.022922645080779236	0.10811929911071794	chr17	0.0082408635510694	MXRA7;ITGA3;NPLOC4;NMT1;CLTC	-0.4881308347733187	0.7529445431180639	matched	38870057
LASP1NB	0.402611211173578	0.0013138841332063222	-0.037783210610437434	0.09173677648084855	-0.06171131995006829	chr17	-0.03574469694458482	HOXB9;HOXB7;HOXB5;HOXB8;HOXB4	0.43835590811816283	0.17800156214100984	matched	38925613
LBR	0.4924039211335538	0.012573758658606438	0.022495328833357538	0.0770232078691314	0.05514155394964659	chr1	0.08732711796604598	GCLM;RPF1;TSEN15;TOR1AIP2;POLR3C	0.4050768031675078	0.24288348110846464	matched	225428037
LHFPL2	-0.39249550804625066	-0.06441132494913965	0.012376896089999367	0.1785592078345648	-0.1726601703705244	chr5	-0.2800903647092275	ERBIN;CDC42SE2;SH3PXD2B;STK10;MRPS27	-0.11240514333702317	0.42076507090760007	matched	78648771
LIMA1	-0.7042261374977397	-0.5239080265453626	0.02291501605117019	0.3334442622509153	0.20913933763399245	chr12	-0.10762832993005012	CORO1C;SPPL3;ANAPC5;ATP2A2;RNF10	-0.5965978075676895	1.6238279073021324	matched	50283519
LIN54	-0.22709390642201788	0.06381462577482122	-0.5873491036256613	0.10998848317419052	-0.3418160915544395	chr4	-0.04033244109432682	SMIM14;PPAT;RUFY3;CFAP97;SNX25	-0.18676146532769106	0.9026043890565152	matched	83010822
LIN7A	-0.25807108339648055	0.3904244258076559	-0.16618965940041702	0.10756723644354182	-0.13288587132949603	chr12	-0.1709563497964063	C2CD5;TBC1D15;FBXW8;AEBP2;TRHDE	-0.08711473360007424	0.6942812643266847	matched	80937933
LINGO2	-0.2609460061148856	0.8306578029663129	-0.9396685554553466	1.3612917510580371	-1.1171429378768338	chr9	0.05516242948171002	BNC2;RFX3;TLE4;AGTPBP1;TLE1	-0.3161084355965956	6.81712672255059	matched	29213600
LMO4	0.08246902952811919	-0.006971654426228708	-0.23836610872073194	0.20196906570092707	-0.4214248752125219	chr1	-0.030497399493206956	IVNS1ABP;F3;HNRNPU;SERBP1;DEGS1	0.11296642902132614	0.6083490925678003	matched	87328879
LMTK3	-0.24609744278451684	-0.15754898924353777	0.01259021019049622	0.00046742544154728186	0.3767674284120339	chr19	-0.012137498003770453	CCDC61;GIPR;HIF3A;ZNF442;NOVA2	-0.2339599447807464	0.5109441065164211	matched	48511834
LNPEP	0.018958191118785273	-0.09917141665291329	0.12268800114937717	0.1317220980152055	-0.23430241967121956	chr5	-0.11753538687601833	MRPS27;YTHDC2;SCAMP1;GRAMD2B;TCERG1	0.1364935779948036	0.28823447622281606	matched	96936079
LNPK	0.052756642332145276	-0.02072376288350536	-0.02369301669677304	0.12050497903000623	-0.11461213401445697	chr2	-0.009315569636804355	RMND5A;UBE2F;TMEM87B;UGGT1;FEZ2	0.06207221196894963	0.22243695757034462	matched	176002266
LOC730098	0.3383518699201997	0.022396383894894734	-0.2993707218948255	-0.15172543096612245	-0.4200477128998472	chr9	0.1801579951931142	RNF208;HINT2;NRARP;TOR2A;PAXX	0.15819387472708552	1.2179258753104758	matched	34666044
LOXL2	-0.14330291270889361	0.019673725743844128	0.7985869435312734	0.6002918178792014	0.2836879336139589	chr8	-0.2302898672360884	GATA4;GPAT4;EXTL3;SLC39A14;YWHAZ	0.08698695452719479	1.9581015367219434	matched	23404119
LPAR5	0.09477235696018549	0.10606765021723905	-0.18216616992421253	0.01750145994195501	-0.07606887332919743	chr12	-0.01955037544377311	KCNH3;GLI1;PRIM1;KRT83;FAIM2	0.1143227324039586	0.5441561049379334	matched	6635958
LPGAT1	0.12443730304087719	-0.06368205469911592	0.08998715570378585	-0.15082291570580952	0.09476556735748182	chr1	-0.27023879150823865	FNBP1L;USP33;ZYG11B;ZZZ3;EPS15	0.39467609454911584	0.27296956074253437	matched	211830762
LPL	-0.4721051523949056	0.16677018293700652	0.056227942170410716	0.08950349633231722	-0.17455934792864958	chr8	0.10098844194978107	LYPLA1;MRPL15;PPP1R3B;RDH10;IMPA1	-0.5730935943446867	0.4864017578433083	matched	19939252
LRP1B	0.05429793002620242	-0.7223832849115965	-0.8637411298461515	0.847593525790379	-0.43265970181140734	chr2	0.02151292757556704	SPAG16;PARD3B;MAP2;CCDC148;NCKAP5	0.032785002450635384	3.956363416707645	matched	142131015
LRP2BP	0.28315778703744043	-0.5177296382846146	-0.19994541438990043	0.2081149644803476	0.45802118027177174	chr4	0.1147944764016452	TMEM156;THAP9;ARL9;BBS12;NUDT6	0.16836331063579524	1.7338869071044156	matched	185395923
LRRC37B	-0.15894872914382763	-0.0005353871148234823	-0.025740491992496173	0.1900133631110025	0.0013591148540213482	chr17	-0.11238732862079015	LRRC37A;LRRC37A2;CRLF3;RNF135;ARL17B	-0.04656140052303748	0.4396948958198763	matched	32007382
LRRC51	0.05282761512050915	-0.804499064324289	-0.5373454125645223	-0.10327019208363236	-0.10031371195854286	chr11	0.23606452879595868	PLEKHB1;AQP11;CENATAC;ABCG4;P2RY6	-0.18323691367544953	1.6971509479829525	matched	72080849
LRRFIP2	0.04623124960449143	-0.37779858214425355	0.44938851137429114	-0.08178778663520792	-0.0715958834338275	chr3	-0.06686886428758676	IGF2BP2;LRCH3;ZNF148;RUBCN;DLG1	0.11310011389207819	0.8368504145271365	matched	37174581
LSM11	-0.21454322966424844	0.14531363360265204	-0.02692027350845455	0.012170752392127171	0.15786193722075753	chr5	0.04295183735238606	MTX3;CRHBP;AK6;DHFR;BRIX1	-0.2574950670166345	0.371035969711754	matched	157743711
LSM8	0.32613784908136356	0.1774048707815652	0.03960630199394655	-0.20007435355370273	-0.30578943649929635	chr7	-0.2675097112131183	RP9;KBTBD2;TMEM168;CDCA7L;ING3	0.5936475602944818	0.5353110290741363	matched	118184163
LYSMD3	-0.7337754935330567	-0.033270074158105345	0.10505223573176409	0.07060060491029019	-0.1176117255869602	chr5	0.06131015510676152	MAT2B;MACIR;SRP19;MSX2;UBLCP1	-0.7950856486398182	0.43265271353148693	matched	90529583
MAGEF1	0.04944903017594804	0.07471220178876858	0.07726622010640927	-0.14223463829279193	-0.2772850129325938	chr3	0.15582634146469126	H1-10;TMA7;NCBP2AS2;SPCS1;NDUFAF3	-0.10637731128874323	1.3128798671706468	matched	184712063
MAN1A1	-0.06516944023700777	0.34040763389778017	0.15752218263309392	0.0790891612854796	-0.00753482123169702	chr6	-0.03094459820028561	MAP3K4;TPD52L1;PTCHD4;CNKSR3;SASH1	-0.03422484203672216	0.46918723527347955	matched	119349760
MAN1A2	-0.2924884622200885	0.10441280140788367	0.062071856798339375	-0.09765540767644065	-0.05809648421618707	chr1	-0.16005098165151904	DOCK7;CACHD1;BCAR3;DDR2;ACBD6	-0.13243748056856947	0.21171902741731605	matched	117367448
MAN1C1	-0.04961491847432242	-0.05854351456277285	0.0714329595776737	0.10126733737168236	0.08665224409947003	chr1	-0.0894561489854743	SCP2;NAV1;SORT1;PTPRF;MAST2	0.039841230511151876	0.5104281857433972	matched	25616790
MAN2C1	-0.23502559922769795	-0.18410794387143947	0.12507993939003417	-0.2246254070098559	0.06701251602986535	chr15	0.05826511876042151	CCDC32;MFAP1;LRRC57;HAUS2;SPG21	-0.29329071798811945	0.6423994305103746	matched	75368606
MAP1LC3B2	0.11756307333143745	-0.1317655591875589	-0.1275405495483487	-0.1995511128402513	0.3170470708320605	chr12	0.16056775522076433	RLIG1;SSPN;YARS2;TMBIM4;IRAK4	-0.04300468188932688	0.7159942618668251	matched	116559380
MAP2K5	0.3758539309917479	-0.24603431613216276	-0.31920497383837115	0.5730984276438211	-0.03383294854547125	chr15	0.09015345336035613	MYO9A;GLCE;TRPM7;MINDY2;RAB8B	0.2857004776313918	0.8998433487051454	matched	67542702
MAP3K1	0.0944796955563798	-0.49771771303622914	-0.5506209112798653	-0.01804691728314889	0.09033050640895368	chr5	-0.11867429216331571	RICTOR;CSNK1G3;CEP120;PTCD2;GRAMD2B	0.21315398771969551	1.1404099343595298	matched	56815548
MAP3K8	-0.10485778925049605	0.033930634401840465	-0.17094042229407846	-0.273651571968434	-0.438257488797023	chr10	0.14570461063679796	CDK1;DCLRE1A;TRDMT1;KIF11;IPMK	-0.250562399887294	1.426886508003005	matched	30434183
MAP4K3	-0.31630347763545075	-0.24473893320614337	0.16794124676861888	0.23976489950086566	-0.21914803397520033	chr2	-0.15885542891152085	STRN;MAP3K20;HEATR5B;PRKD3;UBR3	-0.1574480487239299	0.8051306873675452	matched	39437284
MAP6D1	0.24788844148555533	0.09501534727849537	-0.16486443491267544	-0.3294303718203656	0.27387265531092636	chr3	-0.012063190646932231	WDR53;PIGZ;RFC4;TAGLN3;NME6	0.25995163213248756	0.7218111193509746	matched	183825576
MAP7D1	0.02192700889863808	-0.022287807536054305	-0.1463595832769944	-0.08540919012689738	-0.17706378863848718	chr1	-0.011231098387609072	TMEM59;CSRP1;CAP1;YBX1;DHCR24	0.03315810728624715	0.3858154584713274	matched	36156159
MAPK13	0.12348356841478436	-0.22803765094578266	-0.30053541124748384	0.13108438468467354	-0.2674032180074031	chr6	-0.2628484356959033	FRS3;PRICKLE4;PRR3;BTN3A1;CUL9	0.3863320041106877	1.0690908399801473	matched	36130512
MARCHF7	-0.18325250244601943	-0.5358245622871625	-0.11005635909557965	-0.056478121705920814	-0.4590511024673819	chr2	-0.18886988542127198	PPP3R1;GLS;HNRNPLL;CREB1;PPP1CB	0.0056173829752525495	1.7187307143539843	matched	159712505
MARCHF9	0.022324602459863563	-0.2729745230956115	-0.0012736938101207684	-0.20449629776319944	-0.04702640256232549	chr12	-0.0627014103117598	OGFOD2;NR4A1;VAMP1;GPR162;SNRNP35	0.08502601277162336	0.3642976066071847	matched	57755102
MATN2	0.30191276486985785	-0.34065682608022807	0.24341491750038968	0.061976619300728064	0.2640532341059002	chr8	-0.015720940320988863	RBPMS;UBR5;PTK2;EIF3H;PTDSS1	0.3176337051908467	0.790598004082278	matched	97869063
MBLAC2	-0.22948420523123936	-0.27778317246207795	-0.13051390866556045	-0.23171657745219176	0.23778801767127433	chr5	0.12330293370629458	OTULINL;GIN1;HMMR;NR2F1;NUDCD2	-0.35278713893753394	0.8650632182430469	matched	90474770
MBTD1	-0.3354055924620294	0.0012980911043009025	-0.17004082133023066	0.3417017639370268	-0.07387531721172849	chr17	0.06547243827343385	PEMT;SLC47A1;RAD51C;TOP3A;TRIM16	-0.40087803073546324	0.49667883589034223	matched	51260048
MCAM	-0.2998873792611132	-0.41644258256512834	0.5798563462165112	-0.27860593523411603	-0.4605864963620424	chr11	-0.07339654016676783	LAMTOR1;SF3B2;LTBP3;SCYL1;C11orf24	-0.22649083909434536	2.053798237310665	matched	119317129
MCC	-0.08893736693243515	0.38571204130810605	-0.0024772295355862672	0.522243769336076	0.017827486837496576	chr5	-0.21392311461778615	SSBP2;ARSB;ZSWIM6;TRIO;CDC42SE2	0.124985747685351	1.1108753473935995	matched	113488452
MCTS2	-0.12441922300953356	0.3528549953748762	0.08395137332626956	-0.7129924355836135	-0.45582376202316677	chr20	0.052789278472040485	ACTL10;NNAT;SOX18;SPATA25;TNFRSF6B	-0.17720850148157405	1.5305748118385847	matched	31547378
MED1	-0.17639839294893722	-0.31242178389116626	-0.2593050937959225	-0.22637156866973657	0.2412955324903331	chr17	0.007480778432966767	MFSD11;GPATCH8;SKA2;IGF2BP1;FOXK2	-0.183879171381904	0.7149246557898821	matched	39451262
MED13L	-0.4038121354053672	-0.09471401153070147	-0.36225819605729326	0.5243636651866286	-0.3440066636380572	chr12	-0.18913729353207423	EEA1;OSBPL8;CDK17;FGD6;MSRB3	-0.21467484187329297	1.196021728861121	matched	116277692
MED15	-0.12549257977254413	-0.20623180516533757	0.01562514515300628	0.04722324245091647	0.006445255598829913	chr22	-0.23125147730894735	LIMK2;ARFGAP3;NF2;HIRA;AP1B1	0.10575889753640322	0.27114206062687335	matched	20507609
MED20	0.500828430988336	-0.411160350724743	-0.2509291634876242	-0.11958657731374661	0.0053279686664847725	chr6	-0.147657881613248	NUP43;SYNGAP1;TRIM27;TAF11;BTN3A1	0.648486312601584	1.057083467954877	matched	41921138
MED21	-0.22979958225550945	-0.37947836532703216	0.31579976739050386	-0.3150331488511148	-0.0666873323119132	chr12	0.16231093097339605	UQCC6;MTERF2;SELPLG;GPN3;NFYB	-0.3921105132289055	0.8838178224450648	matched	27022557
MEDAG	0.21111355472927684	-0.11130377163156013	-0.2317865014456154	-0.47059507524299193	-0.22515058227790852	chr13	-0.0729687215631406	MTRF1;NUFIP1;RNASEH2B;GPALPP1;GPR183	0.28408227629241745	0.6850057518506931	matched	30906270
MEF2C	-0.16032310377860437	0.07730456371494848	0.1330749200225304	-0.0618784334579503	-0.3367314084168376	chr5	-0.23339283034312128	EFNA5;RASA1;FER;ITGA2;ZNF608	0.07306972656451691	1.6771195417303164	matched	88883183
MEI1	0.37925006831808217	-0.6422396875652713	-0.6399097554074311	0.40463854964957646	-0.06780931281994573	chr22	-0.0033341098848670425	FAM227A;BAIAP2L2;PLA2G6;CDC45;SFI1	0.3825841782029492	1.8852400687986675	matched	41699502
MEX3B	-0.90170172549686	0.15252516969308189	0.1333593890916692	-0.3645089298876505	-0.09851369497916124	chr15	0.02220145920864236	EMC4;SNAPC5;FBXL22;ZNF770;DNAJA4	-0.9239031847055024	1.3248585003632782	matched	82046017
MEX3C	-0.002682199420573461	0.2042601890456821	0.15330947145898197	-0.20454274259657315	0.028128082643938734	chr18	0.044017961397011265	IER3IP1;HDHD2;ADNP2;FECH;SEC11C	-0.04670016081758473	0.4986798084378552	matched	51197680
MGA	-0.08993392599079364	-0.4673432935791111	-0.192419567530141	0.014943549078847429	0.33024301736852	chr15	-0.06527279453574905	DENND4A;SIN3A;CSNK1G1;TRIP4;CTDSPL2	-0.024661131455044588	1.0092217238038779	matched	41660404
MGARP	0.31101864691899106	-0.6469786150944783	0.15095534581454562	0.1019353713448995	-0.31941958087174593	chr4	-0.0061285092728720625	FGF5;NOA1;UFSP2;MAB21L2;SCOC	0.3171471561918631	2.4127971049316845	matched	139280224
MICAL2	-0.12198365911722853	-0.4237985427616445	0.051293893482890596	0.2649102282112903	-0.31322099281574123	chr11	-0.02204829677388069	LGR4;RDX;DENND5A;HSD17B12;CD44	-0.09993536234334784	0.8631295691500319	matched	12110589
MIDEAS	-0.2346442283820478	0.18831509171680066	-0.3997883294919343	0.1608157550305454	0.24597820315844354	chr14	-0.08750327080097414	MLH3;ATL1;RAB2B;NEK9;COA8	-0.14714095758107365	0.9564252409946545	matched	73760302
MINPP1	-0.37931194057347906	-0.2489260765080361	-0.22174050402826595	0.0037202263118952805	-0.2839489157838505	chr10	-0.07084987294450312	VPS26A;DDX50;SUPV3L1;TNKS2;PPP3CB	-0.30846206762897593	0.5792016422884982	matched	87504892
MLF2	0.05531944800918431	-0.05507460094597505	0.39765643458888533	-0.19271382651877444	0.03690996448632644	chr12	0.17446922156624184	PFDN5;CNPY2;TUBA1C;ATP5MC2;DAZAP2	-0.11914977355705753	1.042955467225056	matched	6753140
MMP19	0.3064125609989392	-0.2806719606071849	-0.029702239737491865	-0.011976942217645892	0.2663767239630739	chr12	-0.20645915955744354	TAMALIN;LRRC23;GPR162;GNB3;VAMP1	0.5128717205563827	0.36579438302573114	matched	55842935
MMP24OS	0.16251461303745796	-0.8981852212135143	-0.0632309121811987	-0.7556932627704303	-0.038414732787706574	chr20	0.030853687176754546	CEBPB;PPDPF;GID8;ZNF512B;RAB5IF	0.1316609258607034	3.3501340645497284	matched	35278121
MORC3	-0.5330029866729111	-0.2868616699929807	-0.1071642415099775	-0.04695555408785823	-0.24254551263935925	chr21	0.0872740446692033	CRYZL1;DYRK1A;BRWD1;ETS2;GART	-0.6202770313421144	1.2954252232818346	matched	36320196
MORF4L1	-0.3690694911631418	-0.14677252661418416	0.1547480931211631	-0.1251863349017528	0.07525181019470054	chr15	0.011724436570546004	NPTN;THBS1;ANP32A;RAB11A;FEM1B	-0.3807939277336878	0.7955782430793228	matched	78872889
MPPE1	-0.06532553712470923	-0.0906641711238515	-0.045520085510396435	-0.09795383151803504	0.17638695958261053	chr18	0.14437489834610595	HAUS1;LIPG;SEH1L;IMPACT;CABYR	-0.20970043547081518	0.6152966454649582	matched	11908316
MPV17	0.04630343629329392	-0.576614984737259	0.06016082626812183	0.20996042281987193	0.09900173130633871	chr2	0.13095196640202697	ABCB6;STK11IP;SNRPG;RNF25;ANKZF1	-0.08464853010873305	0.8331187970090591	matched	27323096
MRPL49	-0.10502596181683543	-0.5899438359977449	0.15375255675016525	-0.04876452385451513	0.23233937854535647	chr11	0.15801481616200858	BRMS1;MRPL11;CTSF;B4GAT1;RBM14	-0.263040777978844	0.985073837604861	matched	65122320
MRPL58	0.18645516695387077	0.07039196043653873	-0.006735047731948805	-0.09098121179438334	0.04354433215784681	chr17	-0.07973364505080499	SIRT7;PTGES3L;FAM171A2;AARSD1;IFI35	0.26618881200467576	0.19750839130259504	matched	75012669
MRPS16	0.3060773899203415	-1.403789560681226	0.182175477277417	-0.12693028181159405	-0.17748805670702356	chr10	0.024748277617442027	LZTS2;MRPL43;HPS6;SFXN3;NFKB2	0.2813291123028995	2.9055289872995385	matched	73252643
MRPS21	0.38046509725741906	-0.56834282335933	-0.1984979710088508	-0.03255011858007695	0.3065020374011085	chr1	0.08602389843678077	GPN2;NUDC;TRIM63;EXTL1;ADAM15	0.2944411988206383	0.7543622855671214	matched	150293860
MRPS35	-0.06495327084575031	-0.06363033909895344	0.03874032976323383	0.03877081866995441	-0.11484228957088577	chr12	-0.05937912177683842	CPSF6;RAP1B;NDUFA12;BRAP;PPTC7	-0.0055741490689118905	0.38136769341412036	matched	27710831
MSANTD2	-0.2487522382571501	0.44943840959965264	0.2237480833001102	0.035812071799425166	-0.03531719247123577	chr11	0.005723682189534951	INCENP;LPXN;SCN4B;SYT7;ALDH3B1	-0.25447592044668504	0.933129029339702	matched	124800405
MSL1	-0.1898755342608478	-0.2989065411007663	0.039499656762243984	0.2677325191747125	0.02679077220740944	chr17	-0.004738542560255077	CTDNEP1;ATXN7L3;UBTF;ELP5;SUMO2	-0.18513699170059272	0.5839161971968525	matched	40121970
MSTO1	0.034119286175527286	0.015121384352774547	-0.07016079250713063	-0.2893404029615634	0.3339166980169893	chr1	-0.2066305062430022	ECM1;IFI6;DUSP12;SLC30A2;ISG20L2	0.24074979241852948	0.5685252155599004	matched	155610217
MTCL1	-0.24778855435015767	-0.1260501290096923	-0.14548783250370134	0.045964796445537415	-0.2913404687459382	chr18	-0.1830001140199185	MIB1;ZNF532;RAB31;SMAD2;MALT1	-0.06478844033023917	0.5322807523293648	matched	8705555
MTMR3	-0.2555044756495297	-0.5828863390672305	0.23482197854239667	0.18003464268257185	0.27932088118217996	chr22	-0.10360178996903216	MRTFA;XPNPEP3;EP300;SLC25A17;RBFOX2	-0.15190268568049756	1.8702601612294785	matched	29883173
MXI1	-0.28566537717695084	-0.04180543405140935	-0.11252704491844337	-0.3792659346381875	-0.00420912385380956	chr10	-0.24242259156236567	KAT6B;MLLT10;BTAF1;EXOC6;MTPAP	-0.043242785614585166	0.9950680553329357	matched	110207604
MYBL1	0.9003540779164951	-0.2167563639351564	-0.2904233655669406	0.16254750483226732	0.07032976717384498	chr8	-0.04276384174524672	ERICH5;ATAD2;POP1;BAG4;TNFRSF10A	0.9431179196617419	0.6576400251562691	matched	66613217
MYL6	0.36690026984780744	-0.45503887304512136	0.42741104893075477	-0.21843790448186406	0.5435861071537313	chr12	0.04104794355714675	TUBA1B;TUBA1C;GAPDH;PTMS;DYNLL1	0.3258523262906607	2.26233294159917	matched	56158358
MYL6B	0.46759490429751605	-0.7789771941412957	0.042003686603716894	-0.19011593239824132	0.39939859630773267	chr12	0.03044081621282152	LMBR1L;SRSF9;PRR13;MYG1;PFDN5	0.4371540880846945	1.7313914136459991	matched	56152586
MYL7	0.17935673755642867	0.3576951710900319	0.6434471874773036	-0.48516737480712946	0.08618344291667585	chr7	0.06235764751030626	HSPB1;ACTB;SERPINE1;HNRNPA2B1;ATP6V1F	0.11699909004612241	3.6107127532384053	matched	44141331
MYO5A	-0.37965810082925255	0.12603080440943304	0.030101922860028663	0.24071743463081807	-0.14539048092010343	chr15	-0.20811998246972757	ARIH1;SMAD3;HERC1;TJP1;MYO1E	-0.17153811835952498	0.7643256989032915	matched	52528879
MYOZ3	0.1783644441036647	-0.4720543894397862	-0.11641581737686124	0.3758241642197463	0.08313617014559249	chr5	0.27122407553875927	SPATA24;RGS14;NME5;KIF20A;F12	-0.09285963143509457	1.1542971486491913	matched	150661250
MZT1	-0.030072796975810334	-0.13623744791718095	0.050912856031757575	-0.17999277164204006	-0.19520931967310218	chr13	-0.08130694163917544	PROSER1;GPR180;RAP2A;NHLRC3;SLC25A15	0.05123414466336511	0.5863764476232549	matched	72727628
N4BP1	-0.5680851762225005	-0.30721661123864186	-0.11786416371359018	0.07432977419383047	-0.3950195288938725	chr16	-0.14294123497537525	ARHGAP17;LCMT1;RBL2;LPCAT2;CMC2	-0.4251439412471253	0.6215888930018584	matched	48610179
NAA15	0.09222375893363655	-0.6174194741423602	0.19956412629797954	-0.29248438265872523	0.3985203810112399	chr4	0.0784669799213173	VEGFC;CLCN3;NEK1;SLC7A11;SH3D19	0.01375677901231924	1.5674253893113066	matched	139301504
NAA38	0.39256542772794223	-0.786550584229986	0.22336301298245767	-0.592188263641201	0.33145440754189814	chr17	0.2592036062332513	ARL4D;COA3;NT5C;OXLD1;KRT10	0.13336182149469095	1.800453067178822	matched	7857558
NABP2	0.07519495714162172	-0.6904966780618215	-0.0778871604892876	-0.28955156585807695	0.23477873548596673	chr12	0.006473794814655598	LMBR1L;ZNF740;MYG1;PRR13;IGFBP6	0.06872116232696612	1.358557541302874	matched	56224341
NACA	0.25816778498593607	-0.19697944045907817	0.09747316538245832	-0.014761147163922295	0.39413205537787266	chr12	0.06758826578848218	ATP5MC2;PCBP2;TMBIM6;P3H3;PTMS	0.1905795191974539	0.8631196417821221	matched	56725298
NAP1L1	0.4093062468574491	-0.3168962248050782	0.52650290382243	-0.02372610329472885	-0.03666813860089857	chr12	-0.015118502000798617	NUDT4;VEZT;CORO1C;UBE2N;MDM2	0.4244247488582477	1.3876746911868632	matched	76084684
NCOA6	-0.18121110000497875	-0.848789178124469	-0.17785566039412698	0.3187803712496652	0.2772530782627365	chr20	-0.28198570613930574	DIDO1;RPRD1B;CTNNBL1;B4GALT5;TTI1	0.10077460613432698	1.713528216075468	matched	34825650
NDST2	0.12010848871378332	0.1482408968170783	-0.1558784106178336	-0.1352437141115328	-0.2561641880264457	chr10	0.039516417655367245	INA;BORCS7;SFXN3;TWNK;COX15	0.08059207105841608	0.5296466808588672	matched	73811597
NDUFA5	0.07638777584135692	-0.25317686591449917	0.04696559589487359	0.06623652442217945	0.020161385145578747	chr7	0.1369125825382632	ASL;TOMM7;ZNF282;CRCP;CBX3	-0.06052480669690627	0.47803783848061776	matched	123557817
NDUFB3	0.4129587894575	-0.024268815981784764	0.07619070607163081	-0.08334779661545744	0.20617055984552243	chr2	0.057571398139771746	SSB;ORMDL1;SNRNP27;FOSL2;KLHL41	0.35538739131772823	0.3683290446976213	matched	201072000
NDUFC1	0.319452773249564	-0.8637149274864657	0.33375543469870356	0.014949591186203648	-0.31941958087174593	chr4	-0.0061285092728720625	FGF5;MAB21L2;UFSP2;NOA1;SCOC	0.32558128252243607	2.766891842622614	matched	139302476
NDUFS4	0.3340597116184192	-0.0944849482280532	0.02398408782528577	0.07714637397889623	0.045170766377034655	chr5	-0.0701214401566489	RICTOR;MRPS27;GPBP1;NIPBL;GRAMD2B	0.4041811517750681	0.3980345037317995	matched	53560638
NDUFV2	0.20314158077042155	-1.2810204965390244	-0.08046171513539935	0.215243178305912	-0.09532507638909138	chr18	-0.007926203361511064	PSMG2;MYL12B;RIOK3;MALT1;MYL12A	0.2110677841319326	2.950402194542771	matched	9102698
NEBL	-0.1929425170705219	0.29133877960415067	1.2136326797301609	0.25160249126987844	-0.4612632959874905	chr10	-0.1587882623884722	PITRM1;POLR3A;ARHGAP21;CCDC6;DLG5	-0.03415425468204969	2.95041841607453	matched	20897310
NEIL1	0.02653275635538943	0.05568639692186128	-0.1399694604797922	-0.040033032664215984	0.12660021963240042	chr15	0.1887183374992023	PCLAF;RPUSD2;LRRC57;BMF;SERINC4	-0.16218558114381287	0.9772773472226018	matched	75347038
NEK8	-0.02975216198747832	0.05139560873594928	-0.03768915040855103	0.15755045896929198	-0.05529372487525552	chr17	0.09343879054093662	GSDMB;TSPAN10;POLG2;HOXB6;ASB16	-0.12319095252841494	0.5246586105047593	matched	28728787
NEMF	-0.08781609276775182	-0.6897171524987158	-0.2901794657987604	0.032435193689852815	0.30157608487328924	chr14	-0.01895070829966823	STYX;ERO1A;SAMD4A;MARK3;PSMC6	-0.06886538446808359	1.5803515196397782	matched	49852787
NEU1	0.48745042241329717	-0.38149606953429505	0.043432732857821676	-0.24732869900034338	0.6979601535258417	chr6	-0.0185312491416193	GTPBP2;PHF1;FLOT1;MAD2L1BP;YIPF3	0.5059816715549165	1.0327304997279454	matched	31862820
NEU3	-0.020499182967508744	-0.2202088652339682	-0.06048133800786404	-0.17004314864465847	-0.02887801457090139	chr11	0.10826840134216892	RELT;PAAF1;USP2;TMEM41B;ATG16L2	-0.12876758430967766	0.6189808042916065	matched	74988932
NEURL4	-0.24443090886131724	-0.5548091235614616	-0.22225450451620393	0.3207555696904434	0.3644648800557191	chr17	-0.057837352302060024	CNP;ATXN7L3;TMUB2;THRA;KRT10	-0.18659355655925722	1.3152653699805086	matched	7329334
NFAT5	-0.25209776960412	-1.4227726610118263	-0.0016111915951956823	0.21867933689924057	-0.6088309238372103	chr16	-0.05831513744509492	USP10;NFATC3;RANBP10;CMTM4;CREBBP	-0.19378263215902508	3.381967890891448	matched	69565965
NFE2L1	-0.24418767931673635	-0.2332558063309076	0.19264252060692688	0.22764897469062306	-0.08114910439129441	chr17	0.14522454978482313	DDX5;RPL23;MXRA7;GRN;VAT1	-0.3894122291015595	0.8621939635971916	matched	48048358
NFE2L2	0.060458150251935905	-0.016964256049966098	-0.060172710064688606	-0.15306938134726988	-0.12072466319858921	chr2	-0.023265678120471728	ATIC;PDK1;ITPRID2;PEX13;UGP2	0.08372382837240763	0.5145270899722766	matched	177264726
NFIA	0.18897856364258736	-0.28962447255501556	-0.001730470717317134	0.2519559570079062	-0.4006836040132171	chr1	-0.227236113990264	PCNX2;PBX1;NEGR1;PLXNA2;PLPP3	0.41621467763285136	1.9835814332997075	matched	61082560
NIBAN2	-0.06685755055937292	-0.34262468309144845	0.7348762646021552	0.04219681327992708	-0.0414051101145978	chr9	-0.26426102775682364	PTPA;GPR107;RABL6;UBE2R2;RUSC2	0.19740347719745072	1.3888121987166666	matched	127569072
NID2	-1.0233111702556021	-0.1855408832851766	0.026143238413157688	-0.13499417363317434	0.036317797919457884	chr14	-0.10053456024167384	KTN1;HECTD1;KLC1;ACTR10;DYNC1H1	-0.9227766100139283	0.6859965871652977	matched	52069058
NIP7	0.07781048803107105	-0.5029790633067928	0.05103992145431312	-0.6104559351116593	-0.6971893752000912	chr16	-0.13060755622034997	THAP11;ATXN1L;ZNF205;SH2B1;ZNF200	0.20841804425142102	2.3701456645388648	matched	69339771
NIPAL3	-0.3319372988643474	-0.14944962540176188	0.058009012891276246	-0.013207964580393305	0.00982851408286567	chr1	-0.16138614286728767	IPO9;ZMPSTE24;LUZP1;NFYC;SMAP2	-0.17055115599705975	0.2429729660288108	matched	24415801
NKIRAS1	0.06812264429006909	-0.2313268298983685	-0.08252166999768204	0.18563125967066563	-0.6406311729006413	chr3	0.08764142017885064	CLDN1;CCNL1;BCL6;NIT2;LSG1	-0.01951877588878155	0.9910864659711011	matched	23916989
NLGN2	-0.2517520312680208	0.021532213487221008	-0.016886350626167945	0.043177411273471855	0.3908400500189413	chr17	-0.03838158683208165	NT5C3B;NAGLU;BECN1;AARSD1;PCYT2	-0.21337044443593917	0.3803957034915112	matched	7407844
NLN	0.008587810414689478	-0.008429766389788762	-0.07689843969193041	0.08417619487867856	0.15476779133899643	chr5	-0.25183947800788664	MRPS27;SH3PXD2B;SCAMP1;TCERG1;RBM27	0.2604272884225761	0.3302629495572298	matched	65722204
NNT	-0.12114646022317643	-0.022572145494479667	0.134083339179087	0.06503586568521036	0.11468792769081881	chr5	-0.03776653195825315	TBCA;CAST;MARCHF6;SNX2;MARCHF3	-0.08337992826492328	0.31440085627200176	matched	43603179
NOSIP	0.4500579393823214	-0.0028526585876743615	0.08988169768419774	0.10745552586337122	0.46843215269155425	chr19	0.09008947056897243	PGPEP1;ERCC2;CYTH2;SIRT2;GNA11	0.359968468813349	0.4755093122718389	matched	49580555
NOTCH2	-0.13535354905273156	0.08216465794761496	0.038633015720912045	0.16818176351569636	-0.19912925585406194	chr1	-0.1348361784187956	PUM1;DCAF6;EPRS1;ENAH;UBR4	-0.0005173706339359485	0.4590382527434677	matched	120069661
NOTCH2NLB	0.38731776616476576	-0.1447636539294872	-0.19513684625249303	0.07257974569486525	-0.009472107138956076	chr1	0.15025549346387237	MIER1;TBCE;MTF2;EDEM3;PRKACB	0.2370622727008934	0.4857435728936528	matched	148679745
NOTCH2NLR	0.2826763110290553	-0.018951648348363603	-0.14115286007735817	-0.042255929155569194	-0.1458894656188373	chr1	0.04975215684384837	COLGALT2;B3GALNT2;SLC44A3;TBCE;MIER1	0.23292415418520696	0.41631006697674633	matched	120723944
NOVA1	0.3768918186967478	0.7076103409010974	0.008979906595853127	0.2517369929086566	-1.5331223731093417	chr14	0.12590049453603464	LRFN5;MIA2;FBXO33;EFCAB11;TDP1	0.2509913241607132	5.270380991579541	matched	26598032
NPEPPS	-0.16848211804911628	-0.24941537622009635	0.21590759773603652	0.2923171900447209	-0.12954918770028045	chr17	0.08303468361458749	SMURF2;DDX42;IGF2BP1;TRIM37;CCDC47	-0.25151680166370377	0.8742757162790797	matched	47531107
NPIPA1	-0.029087035126540872	0.005000073993921425	0.10446465838240071	-0.09110142420013428	0.0139591990533815	chr16	0.0270782136301035	GINS2;HAS3;MTHFSD;TMEM170A;C16orf95	-0.05616524875664437	0.48064668246546344	matched	14937442
NPM1	0.1766980669340832	-0.0884360031759448	-0.017840049977545736	-0.01935763873025617	0.14706592497075488	chr5	-0.05925571505239963	LOX;STC2;SKP1;NREP;REEP5	0.2359537819864828	0.758091063543508	matched	171387848
NR1D1	0.31641062022261357	-0.18489943173950252	0.25927311781497686	-0.1069138197445092	0.17410965204287643	chr17	0.041821670853911086	ASB16;TSPAN10;RND2;CTC1;HOXB7	0.2745889493687025	0.7748370330763727	matched	40100588
NR1D2	-0.44023276828249713	-0.08838557242150125	-0.3458682134362928	0.38985832616079175	-0.6406311729006413	chr3	0.08764142017885068	CLDN1;NIT2;BCL6;CCNL1;LSG1	-0.5278741884613478	1.1056005514090614	matched	23945285
NR1H2	-0.1741813722094454	0.30995194495694167	-0.01998643038842085	-0.12928024593238097	0.26014612227376244	chr19	0.04353780174440089	IL11;TRAPPC5;UBE2S;PSMC4;TBCB	-0.2177191739538463	0.37724360247414546	matched	50376456
NRBP1	-0.06634131686708589	-0.28730694843641236	0.17644266056479374	0.02333603585537114	0.002281185343671943	chr2	-0.08483134060219388	SLC4A3;ATG9A;OBSL1;RETREG2;TMBIM1	0.018490023735107997	0.5012858040426533	matched	27428630
NSD1	-0.09973657429940008	-0.03968499597108188	-0.05867984067189319	0.5350867224512488	0.09232911258298848	chr5	-0.1254369024047298	ANKHD1;FAM13B;KDM3B;DCTN4;CYSTM1	0.02570032810532971	1.0864284437767249	matched	177133772
NSF	0.14387593470637317	-0.2583326835580011	0.36610036817035657	0.15740850162257614	-0.224195814645646	chr17	-0.02972874112151694	SMURF2;SSH2;NF1;SUZ12;NSRP1	0.1736046758278901	0.8584475332322354	matched	46590668
NSMCE2	0.1710366380854067	-0.06518903181352498	-0.237240763412937	0.2413568938214572	-0.0072089670874908585	chr8	-0.031962128970875	UBR5;STAU2;INTS9;PSD3;NIPAL2	0.2029987670562817	0.8716606185599666	matched	125091859
NSUN6	0.16454081602207982	-0.22585645734837578	-0.15848136914794297	0.47622012118134127	-0.27645808869726074	chr10	-0.14668205561601666	IPMK;ANKRD26;BEND7;MASTL;ZNF365	0.3112228716380965	1.2191974916186206	matched	18651586
NUAK2	-0.1684418279848332	-0.08372773995357674	-0.07458783791689289	0.03252181954075095	-0.0037596725162910016	chr1	0.22391606936878716	PPIH;ECHDC2;ETNK2;DYRK3;C1orf50	-0.39235789735362037	0.16817131841499022	matched	205321744
NUDT21	-0.006537477528715918	-0.09279573610010129	0.09605832008128423	-0.09313889529249658	0.03223715704516683	chr16	0.11537088605651853	DNAJA3;GLIS2;HMOX2;RABEP2;DEF8	-0.12190836358523445	0.2276536008349482	matched	56451331
NUMA1	-0.22717936757617263	-0.12963258074318662	0.12177862251650273	-0.2454561626647449	0.16373087913245438	chr11	-0.16938592336379407	RAB6A;CELF1;YAP1;PPP6R3;HIPK3	-0.05779344421237856	0.6311558312883456	matched	72080541
NUP88	-0.16482036636232245	-0.06377779386576421	-0.0886709159321548	-0.027762279117618333	0.05116284215051803	chr17	-0.16697327185724156	PHF12;KAT7;MPP2;CALCOCO2;MRPL45	0.002152905494919116	0.16253908469847372	matched	5419661
NUTM2D	0.2558121460920151	-0.6262995544730929	0.19382242562173113	0.16041652015878338	-0.2623788493639741	chr10	-0.1255252466610649	PRF1;KAZALD1;HHEX;IFIT2;PDZD7	0.38133739275308	1.1016674232589745	matched	87357743
NVL	0.12611535063630352	-0.2949157506419424	-0.21984325591530157	0.117883927332749	-0.07608772697345212	chr1	0.025792002182025625	EDEM3;MIER1;PRKACB;ARID4B;TBCE	0.1003233484542779	0.46137693948089137	matched	224330171
OGFOD1	-0.17298670027644025	-0.09378915163849888	0.12063574280462497	0.07174624855914469	0.03223715704516683	chr16	0.11537088605651852	DNAJA3;HMOX2;GLIS2;RABEP2;DEF8	-0.28835758633295877	0.28989201809882903	matched	56451553
OPA3	-0.1434551630294223	-0.39997957618220426	0.0843990958391298	0.09612885864714707	-0.0025427923679948172	chr19	0.09220947654970643	PGPEP1;SLC27A1;PRKD2;FZR1;PLEKHA4	-0.23566463957912873	0.4709867697728466	matched	45584801
OSBPL6	-0.024882577277466567	-0.17431081406463186	-0.16054177820750815	0.14360756765053617	-0.06795934367835588	chr2	-0.16931137267503793	PLEKHM3;ASAP2;ATAD2B;SPAST;PTPN4	0.14442879539757136	0.47287115613804803	matched	178194511
OSBPL9	-0.2725578767725807	-0.013843197517517503	0.06629586898732354	0.20142423251852115	-0.04882768434961382	chr1	-0.2009599674072396	DCAF6;PUM1;USP48;PKN2;UBR4	-0.0715979093653411	0.3431781695667253	matched	51617091
OTOGL	-0.0502367866768898	0.00743477996066888	-0.061847784196228384	0.18746776495694206	0.2833999361577084	chr12	0.07295065813880677	PDE3A;GRIP1;CEP83;MGAT4C;POC1B	-0.12318744481569657	1.1011838604877768	matched	80099536
OXCT1	-0.2045657990609957	0.31311083410624807	0.19072835939595345	0.34393680088202916	-0.060965442206099896	chr5	-0.13000186788741494	ZFR;MARCHF6;LARP1;MARCHF3;AP3S1	-0.07456393117358076	0.5036772084634394	matched	41870424
P2RY1	0.3865696130178562	0.4298251098964947	-0.2245783592807653	-0.09027572677344176	-0.6894026558406314	chr3	0.1314492444833919	GPR27;OXSM;IL12A;ASTE1;LMOD3	0.2551203685344643	2.696966926657897	matched	152835130
PA2G4	-0.048127992469864544	-0.23735426863890496	0.4181005365568866	-0.2608977146576963	0.5248696834978721	chr12	-0.1241962234706568	TUBA1C;SRSF9;LMBR1L;RSRC2;STAT6	0.07606823100079226	1.7371912394478088	matched	56104558
PABPC1L	-0.13016557044442534	0.09458467151589631	-0.3190187882436737	-0.09703294801974946	0.17614166735905212	chr20	0.01666869626201617	COL20A1;RTEL1;UBOX5;ZNF335;TCFL5	-0.1468342667064415	0.6784726256422161	matched	44910059
PAIP1	0.004762555817923619	-0.1888011943865977	0.13317300376911856	-0.06295498160258836	0.030989334148129766	chr5	-0.2272273105883354	GFM2;SNX18;F2R;TARS1;SNX2	0.23198986640625902	0.3207189368571738	matched	43557076
PAIP2	0.18864356072558852	-0.2534892015651462	0.09974172173429596	0.07809670184438518	0.1029385503426763	chr5	0.07644118561436812	SLC26A2;UBE2B;PPP2CA;FAM53C;DCTN4	0.1122023751112204	0.5804691876532548	matched	139341853
PARD6B	0.31606243213422003	-0.486025262967997	-0.7518582599460237	-0.27693955791249625	-0.808191419761172	chr20	-0.21851438626821051	TTI1;SPAG4;MROH8;NFS1;MMP24	0.5345768184024305	3.3372285977507388	matched	50731579
PARK7	0.3618742404761379	-0.5533244729986944	0.17414723329604032	-0.3675744963212063	-0.13380407312557396	chr1	-0.07531815512944123	FUBP1;SEC22B;NEXN;IARS2;SRSF11	0.43719239560557915	0.9904379834415221	matched	7961710
PARP14	-0.24039172020198407	-0.003691436295066297	-0.2120210447506762	0.05241200892079795	0.06858409676114316	chr3	-0.11808955983599265	SNRK;NKTR;ACAD9;PODXL2;KLHL24	-0.12230216036599142	0.3070988318917362	matched	122680838
PARP9	-0.252745387580231	0.025470800135571348	-0.09692031643584542	-0.0006395852446529071	0.05896257161806315	chr3	0.06066866303287516	EXOSC7;TTLL3;ALS2CL;SNRK;PODXL2	-0.3134140506131062	0.3715486134458725	matched	122564299
PATJ	-0.3480168875649605	0.04237144018079064	-0.12603882711550796	0.26822263621665776	-0.16118309325088287	chr1	-0.10883597956127167	PCNX2;AK5;LEPR;PDE4B;TGFBR3	-0.23918090800368885	0.8483736784669951	matched	61742479
PBRM1	-0.46454345600124913	-0.11986215531648714	-0.1667115143997741	0.10708124052912948	0.36358935789858193	chr3	-0.2356645261043692	PRKAR2A;SMARCC1;SETD5;SETD2;YEATS2	-0.22887892989687994	0.5854291685817781	matched	52685912
PCDH17	0.6989768586817018	0.05057515391343992	-0.13649581156191726	0.16527261236640423	-0.5073026113072121	chr13	0.007531427980024263	FGF9;BRCA2;NALCN;SMAD9;RAB20	0.6914454307016775	1.6713316954109398	matched	57631743
PCDH9	-0.11510390941817317	-0.3674792689625921	-0.963894755689323	0.41918893056109496	-0.7351897290665454	chr13	-0.3947197993889757	KLF12;GPC6;NBEA;TBC1D4;ENOX1	0.27961588997080256	5.058719574343272	matched	67230335
PCDHA2	-0.6960033677189489	-0.07632533401078545	-0.7399755415822331	1.0236088768399798	1.2545609603239174	chr5	-0.01351598862568093	PPARGC1B;PCDH1;CSF1R;CAMK2A;SH3TC2	-0.682487379093268	4.083534191589539	matched	140794851
PCDHA4	-0.39147010647789937	0.14078879007780412	-0.03897815899001911	0.7091138583296496	1.196152173648759	chr5	-0.016510274853345108	CAMK2A;PPARGC1B;PCDH1;UIMC1;FNIP1	-0.37495983162455426	3.3973767764472385	matched	140807067
PCDHA6	-0.6185888172501561	-0.06889169737409628	-0.5849591878609548	0.8975182260688533	1.2383042959398893	chr5	-0.01351598862568093	PPARGC1B;PCDH1;CAMK2A;CSF1R;SH3TC2	-0.6050728286244752	3.637698339153494	matched	140827959
PCDHA7	-0.43322201177073705	-0.058961657605248796	-0.8175944706339431	0.8709353979373036	1.2383042959398893	chr5	-0.01351598862568093	PPARGC1B;CSF1R;PCDH1;CAMK2A;SH3TC2	-0.4197060231450561	3.9526454601006016	matched	140834268
PCDHB2	-0.17294600860059361	0.19306309050093629	0.08233700282264828	-0.40909624897821684	1.2181390467534428	chr5	-0.054479408853444336	DDX41;ARSI;RNF44;NOP16;PRR7	-0.11846659974714928	2.1277010390595392	matched	141094614
PCDHB3	0.015582797940213222	0.33523368897066214	0.06083337827962443	-0.701042404983236	1.086921856650448	chr5	-0.08687205038744414	DOK3;F12;GPRIN1;ZNF300;MXD3	0.10245484832765736	2.8694106711252867	matched	141100472
PCDHB4	-0.41361100198256806	0.656504340095575	-0.4638331949920831	-0.7386802564359748	1.1733766469663638	chr5	-0.20663914645880524	ZNF300;GPRIN1;DOK3;CD74;F12	-0.20697185552376282	3.4491982419678813	matched	141121817
PCDHB5	-0.09133137510340639	0.6876175766576841	-0.5067054496068437	-0.802153393096751	1.2746340704117387	chr5	-0.1732115717949577	ZNF300;GPRIN1;PITX1;DOK3;CD74	0.0818801966915513	3.8486478757484903	matched	141135205
PCDHB6	-0.3550509525709462	0.8136399046986851	-0.8624915062312124	-0.9960693083570247	1.3674132111226234	chr5	-0.021680079401570018	ZNF300;GPRIN1;CD74;PITX1;MRNIP	-0.3333708731693762	5.370454323926783	matched	141150056
PCM1	-0.23948631279584642	-0.37515184359044307	0.08196210736457299	0.11957689817546824	-0.04828793176086099	chr8	-0.16943437702955694	MTDH;TMEM65;RBPMS;NSD3;RNF19A	-0.07005193576628949	1.0117749617848981	matched	17922987
PCNP	0.005768970954642683	-0.10389902041354515	0.06152263177377426	-0.06074043038217217	-0.0450629590800089	chr3	0.10480921023763905	NDUFB5;MRPL47;TPRA1;TOMM70;TMEM43	-0.09904023928299636	0.28164070898186655	matched	101574179
PCNX1	-0.42701000981633896	-0.32279684989444557	-0.0006346755427305562	0.370832284369665	-0.25139613742073186	chr14	-0.206546964826917	SAMD4A;HECTD1;ARHGAP5;STRN3;HEATR5A	-0.22046304498942196	0.7992158128623124	matched	70907458
PDCD2	0.3088397229244846	0.17112649945737313	-0.015061085671098706	-0.3806554382550622	-0.2267522568371504	chr6	0.11791587397047501	ASF1A;ABRACL;MICAL1;TDP2;ECI2	0.19092384895400957	0.510081959064035	matched	170584636
PDCD4	0.2871174326759194	-0.4473346984893001	-0.04860735707922881	-0.34679158869996496	-0.2048579774912357	chr10	0.026445110673183003	TNKS2;FAS;LIPA;PCGF5;MTPAP	0.2606723220027364	0.9948464740841003	matched	110871927
PDE6A	-0.01559071625699704	-0.6276473063722487	-0.2140592812301827	0.2307079391195881	0.30423758964195724	chr5	0.4837891209163402	CDC25C;CDKL3;IL31RA;NRG2;NME5	-0.4993798371733372	2.334680364365949	matched	149944792
PDE6D	0.37787792425371336	-0.09477311396150123	-0.19539877255347782	0.16459154826227673	0.259566520603477	chr2	-0.04441185177091367	GMCL1;ORC2;MXD1;NFU1;STRADB	0.42228977602462703	0.41601861837935655	matched	231781281
PDE7A	0.06497272451509506	0.06893641000562423	-0.25590406411075567	0.0880227367042481	-0.026590514592462422	chr8	-0.0042733040793836025	PAG1;ZHX2;MFHAS1;DENND3;UBE2W	0.06924602859447866	0.5146212130701923	matched	65842063
PDE8A	-0.36121841875779115	0.08818005145783192	-0.04967687384157969	0.04770312110767572	-0.4026871780542052	chr15	-0.10813821232545295	GLCE;TRPM7;PIAS1;AQR;MYO9A	-0.2530802064323382	0.5481526173107107	matched	84981855
PDF	0.15458470288543857	-0.17988589352146733	-0.5168316703009825	-0.48159721755075613	-1.0800868738331502	chr16	0.050424896453205206	ZNF200;ZNF205;ZNF213;PDP2;THAP11	0.10415980643223337	2.478048042953602	matched	69330587
PDGFRL	-0.4869214371588626	0.03607808398700474	-0.13406830049812432	0.012337044547061526	0.06244963043907781	chr8	0.048847020123769624	ATAD2;POP1;ANKRD46;DPY19L4;INTS9	-0.5357684572826322	0.4272833171083913	matched	17577215
PDK2	-0.3060887414092255	-0.029936445102998643	-0.019869019769433643	-0.24498342129541978	0.032276379833294455	chr17	0.07545365948112509	MLLT6;PCGF2;TVP23B;DCAKD;MRPL45	-0.3815424008903506	0.2876782199476916	matched	50095350
PDLIM5	-0.13972158529719714	-2.3933375207344048	0.6072434407093075	0.1225202738303317	-0.2431130613179524	chr4	-0.3525945078286007	CAMK2D;SEC31A;PDGFC;CLCN3;PALLD	0.21287292253140355	9.394696007565187	matched	94451941
PDZRN3	-0.18215073139349425	0.2613398056506142	-0.11922216115999429	0.15146987651658472	-0.025055935814496832	chr3	-0.1549764128753001	PLCL2;SLC4A7;SUCLG2;ATG7;RARB	-0.027174318518194157	1.0331996173914582	matched	73624940
PELI1	-0.2927065858734599	-0.07018799587964408	0.1004152062083995	0.007828109898665225	-0.3288617834846709	chr2	-0.0624374066904573	DCAF17;DNAAF10;TRMT61B;METTL8;HEATR5B	-0.23026917918300258	0.6765739312296413	matched	64144419
PFDN6	0.23072997564154818	-0.24126388691321776	-0.07541372467215351	-0.4015509659849943	0.062210210424997525	chr6	0.22954861939087934	TBCC;H1-2;TOMM6;POLR1C;MAD2L1BP	0.0011813562506688413	1.3765901240502045	matched	33289600
PFKFB2	0.2295036316893797	0.041381705810563524	-0.0813789622641301	0.027454006426752983	0.022259261881795694	chr1	0.07402529987883993	PODN;ETNK2;WNT4;FOXO6;RAB7B	0.15547833181053977	0.21699233106396193	matched	207053274
PHAX	-0.05825091785155845	-0.1655099336609872	0.08813879152590187	0.0752728816006588	0.25424209549427745	chr5	0.05016358255200881	SPDL1;GOLPH3;PELO;MIER3;MOCS2	-0.10841450040356726	0.5171180796678009	matched	126600946
PHF20	0.15544461016864108	-0.491452520398987	-0.1503824213247268	0.5538199513444065	0.24377207754672775	chr20	-0.1840305121469813	PIGU;CTNNBL1;RPRD1B;DIDO1;B4GALT5	0.3394751223156224	1.7406679155126707	matched	35772014
PHKG2	-0.006045832918314176	-0.08706420833128126	-0.2709852036975325	0.04800487884321902	0.43869779634691497	chr16	-0.1059139634730352	RIPOR1;CES2;ZNF263;PLA2G15;EDC4	0.09986813055472102	0.7894600751767151	matched	30748424
PHLDA3	0.20256416571004632	0.015008564056616658	0.2314534271241504	-0.09206906778601032	-0.07008445833119997	chr1	0.17270925387119346	RBM8A;RPL11;LYPLA2;BTG2;POMGNT1	0.02985491183885286	0.559772236127165	matched	201469187
PHLDB2	-0.20601824859320672	-0.2785799575956913	0.2823107225410615	0.072947010467592	-0.0610436518175515	chr3	-0.15122582975285362	IGF2BP2;ATP13A3;DLG1;FYTTD1;PAK2	-0.0547924188403531	1.1279066937205142	matched	111859264
PIANP	-0.9617046079961002	-0.156408427382846	0.10208622688587132	-0.06750275041894493	0.16809105251448153	chr12	-0.01853475707381702	TROAP;GPD1;BCDIN3D;DNAJC22;TAMALIN	-0.9431698509222832	0.3808787005762619	matched	6700814
PIAS2	-0.17507272570673216	0.30265084841922896	0.005515112399975933	0.5420072838194088	0.23854656838048527	chr18	-0.11724994572089882	DSC2;ZCCHC2;DSG2;MBD2;B4GALT6	-0.057822779985833336	1.1605654188225258	matched	46917506
PIBF1	-0.19961772006379963	0.05522909828314343	-0.31515741727743346	0.24699805642393224	-0.5567998236882019	chr13	-0.0256480279990412	STARD13;PDS5B;LRCH1;MIPEP;WASF3	-0.17396969206475843	1.1531846009347593	matched	72782132
PICALM	-0.028858203266622695	-0.22252640933696033	0.46686588348927094	0.1454687894634159	-0.1077387782749833	chr11	-0.1884947259290513	RAB6A;PPME1;USP47;HIPK3;PDHX	0.15963652266242861	1.0053983536558555	matched	86069083
PIGF	0.15854319322483335	-0.32714808595627565	-0.3386181268764149	0.3221437240551288	0.04518369204431727	chr2	-0.010922975315362932	DCAF17;DNAAF10;TRMT61B;GPATCH11;NDUFAF7	0.16946616854019628	0.7831500944575673	matched	46617040
PIK3R3	0.28734807692313336	-0.0670452472968246	0.14006598163220552	0.05204824533490837	-0.08537903289505377	chr1	-0.041144086363775034	WASF2;ARID1A;KDM1A;VPS45;PHACTR4	0.3284921632869084	0.3070080810796964	matched	46132628
PIP5KL1	0.051565690756221416	-0.3285530161604816	-0.2929144949503941	-0.01461739919829208	-0.030308173488604373	chr9	0.16920377845483348	SAPCD2;ARHGEF39;SPMIP6;CCDC183;CEL	-0.11763808769861206	1.0122068887224391	matched	127930776
PITPNB	-0.044043024092228045	-0.5034067778131703	-0.17959510215847208	-0.32895439117144654	-1.3629756301318288	chr22	-0.0527444626226794	ATXN10;MRTFA;KIAA0930;RBFOX2;RBX1	0.008701438530451355	4.007215235801221	matched	27919255
PJVK	0.4710342570242577	0.1897303977121534	-0.2019519288039171	0.15491304645514525	-0.3876669574463324	chr2	0.024874730023173752	GPR75;BMP10;FBXO48;C2orf72;PHOSPHO2	0.44615952700108397	0.9487812946397715	matched	178451377
PKN3	0.3595926996928758	-0.1828705533904622	-0.11985261988820284	0.28932224036402465	0.2006849645148856	chr9	-0.011227581774342021	CCDC183;ZBTB26;NUDT2;PTGES;SAPCD2	0.3708202814672178	0.8322468089561148	matched	128702502
PKP2	-0.5613320946665556	0.3363728259226466	0.6529060532206936	-0.007649380190368316	0.00427541198753878	chr12	-0.19927688680453526	PRICKLE1;BCAT1;SCYL2;ETNK1;USP15	-0.3620552078620204	1.4362397433442893	matched	32896776
PLA1A	0.12943864114967163	0.12619385109154768	-0.26501992943412556	-0.14163813871038622	0.004267776123936362	chr3	0.009682383393407615	IGSF10;CCDC13;GCSAM;ERICH6;KIF15	0.11975625775626401	0.6914604252806177	matched	119597884
PLA2R1	0.02624567728448035	-0.18367378487747577	-0.06310116381732034	0.059585799080717594	-0.2560326581078294	chr2	-0.09950412299314407	WDR35;CHN1;SRBD1;INO80D;TANK	0.12574980027762442	0.5520391731801669	matched	160062614
PLCB2	0.06830094544893983	0.05032431265739645	-0.3331892448731082	-0.3015933203189088	0.06998917436837648	chr15	-0.2309058012413031	PARP16;PPCDC;SNUPN;SCAMP5;IGDCC4	0.29920674669024294	0.5704162519186267	matched	40307934
PLCD3	0.03592549582198501	-0.5672694624383492	0.001308622577261942	-0.5111784875190927	0.15476766870758285	chr17	-0.1172526140461013	NUFIP2;CCDC47;DDX42;CDC27;IGF2BP1	0.1531781098680863	1.15023051952823	matched	45132514
PLD2	-0.1529898838004602	-0.01565382361941714	-0.09698945498150166	0.05499357419633788	-0.08663930224147953	chr17	0.05148603606144436	TEN1;PCGF2;PTGES3L;ARMC7;FAM171A2	-0.20447591986190455	0.24958067822362018	matched	4807151
PLPP1	-0.039576291221909976	0.026904051736241996	-0.21541275729843326	-0.06091147512222439	0.0740222347857693	chr5	-0.3026289972060109	MRPS27;CMYA5;FAM13B;NIPBL;SCAMP1	0.2630527059841009	0.4503981360094986	matched	55534963
PLSCR3	-0.0554073940477009	0.033199395892289596	0.043204225714885025	0.05803674995416008	0.2575881874165671	chr17	0.09091027959320677	NKIRAS2;MRPS7;ALYREF;KRT10;COASY	-0.14631767364090767	0.3751304132199387	matched	7394524
PLXDC2	0.14078781209686486	0.42087927608994946	-0.31479714429555045	0.31854546254766913	-1.2226380579898615	chr10	-0.10761770992413525	VTI1A;BICC1;ARHGAP21;MPP7;PARD3	0.2484055220210001	3.6009883457986733	matched	19816431
PNMA1	-0.1024773275314681	-0.3893882016526616	0.048673739364523017	-0.3187813526459151	0.5134263615373946	chr14	0.02407129013728504	CKB;MGAT2;RPL36AL;PRMT5;BAG5	-0.12654861766875314	1.2881976992257522	matched	73714383
POGLUT1	-0.13723931549658808	-0.056669801291608715	-0.018452837661121463	-0.01939732645941945	-0.2789205904841138	chr3	-0.09260934935782136	SLC35A5;B3GNT5;ACAD9;MIX23;RAB43	-0.044629966138766713	0.360516861106388	matched	119468962
POLD1	0.10510629520617876	0.03643426738802802	-0.006522217967647376	0.004722214370124517	0.4339260982368571	chr19	-0.019341217785974946	ZNF544;BCKDHA;CERS4;MAP3K10;CACNG7	0.1244475129921537	0.41196619008125324	matched	50384346
POLR1F	0.4838283476002312	-0.011792886372855804	-0.21889349117497858	-0.3630098147293453	-0.15650798536884314	chr7	-0.06496251354974758	RP9;KBTBD2;ING3;TMEM168;UPP1	0.5487908611499788	0.7414574315488649	matched	19709036
POLR2A	-0.18865407919985966	0.060563200421573704	-0.056815949858773473	0.1511616651959567	0.16069995739244614	chr17	-0.0415836986630195	SMARCE1;DNAJC7;RAB5C;JPT1;SUMO2	-0.14707038053684016	0.4220510038025179	matched	7484365
POLR3G	0.911783257362325	-0.32878655179528166	0.11839996713005685	0.009093010597413687	-0.281022305788597	chr5	0.04455173869767515	OTULINL;GIN1;HMMR;C5orf34;FAM169A	0.8672315186646499	1.2344608962586536	matched	90474863
POMT1	0.061341506782026656	-0.2085709567003772	-0.20637580390420418	0.1248694862241721	-0.026163404536383862	chr9	0.20570693283053246	PRPF4;STOM;ARPC5L;CHMP5;BAG1	-0.1443654260485058	0.34749701869505983	matched	131502917
PPID	-0.12724388640574524	-0.12795609700403587	0.11602899940254097	-0.0601317224909802	-0.09926577216121957	chr4	0.02816341881868248	NOA1;FGF5;METTL14;SCOC;SPRY1	-0.15540730522442772	0.9046884775801982	matched	158723395
PPIL1	0.06035938758768733	0.17191731985416236	-0.12977550193326265	-0.3468636328017566	0.24808790057359636	chr6	-0.0445778079595783	NUP43;TRIM27;GINM1;CDC5L;PPIL4	0.10493719554726563	0.8964703074374295	matched	36874802
PPM1G	0.31245718563259484	-0.27199914835972283	0.17579645669820065	0.06832992916781884	0.3946146828300615	chr2	-0.053352894614128676	PCYOX1;SLC4A3;TIA1;TMBIM1;SELENOI	0.3658100802467235	1.0019950127376074	matched	27409590
PPP1R12B	-0.5125143929150502	-0.6348258146092953	-0.020883542549660294	0.31484302914332196	0.5703321015484986	chr1	-0.2588082857766375	PDE4DIP;CLIC4;MACF1;LAMC1;KIF1B	-0.2537061071384127	1.796113605019533	matched	202348698
PPP1R14A	0.4408503838203215	-0.17672191945446625	0.08775000952784373	-0.04929659121457464	-0.2557648591595979	chr19	0.10071680587544984	GADD45GIP1;HMG20B;ELOF1;MRPL4;TRIR	0.34013357794487165	0.30803856634071036	matched	38256373
PPP1R15B	-0.09421356041337958	-0.063142153990559	0.08142223852600794	-0.19407125503017497	-0.046410120058837045	chr1	0.30442740519710776	PITHD1;ZNF436;RABIF;C1orf52;POLR3GL	-0.39864096561048734	0.29014191750367874	matched	204411816
PPP2R3A	-0.14611164622964523	0.004220780973860583	0.2446292410236774	0.08484366558158984	-0.21098667788656944	chr3	-0.15497360588665296	ZNF654;ATP11B;RARB;ATG7;FRMD4B	0.008861959657007729	0.6425943672797794	matched	135965727
PPWD1	0.1343187963928818	0.1026604639629407	0.14023770571361271	-0.030821564128013436	0.22451461413722662	chr5	0.09459346303814291	BNIP1;UTP15;ANKRA2;PTCD2;DCP2	0.03972533335473889	0.6493495860642857	matched	65563295
PRKAA1	-0.3789447029269697	-0.1477551712895422	-0.14269965572430665	-0.16866916479594812	-0.25967650912917584	chr5	-0.2038893732583828	GFM2;GOLPH3;LARS1;SNX2;SNX18	-0.1750553296685869	0.39219501971134496	matched	40798373
PRKAR1A	0.15655950381560757	0.10006485043158556	0.6302949654252592	-0.17532439884911943	-0.10197958687503589	chr17	-0.175517837774181	ZNF207;GAA;PSMD11;LGALS3BP;MRC2	0.3320773415897886	1.187648025997915	matched	68512429
PRKRA	0.01750890857268672	-0.05805165917191335	-0.04796601280416618	0.030000696377536384	-0.21820701726063418	chr2	0.0785641743838914	DPY30;CFAP36;COQ10B;ITGB1BP1;ORMDL1	-0.061055265811204684	0.2838141926739546	matched	178451174
PRPF3	0.038826260684762026	-0.41115808382457364	-0.23600738442924282	0.052159995027742975	0.23562517086798707	chr1	0.022593741679193258	SYT11;KLHL12;YY1AP1;GPBP1L1;GPN2	0.01623251900556877	0.7218627219837075	matched	150321532
PRR12	-0.34898638692056316	-0.17637128888982923	-0.041439783820490766	-0.12889369889252678	0.3738676807002681	chr19	-0.07385681485796525	CARD8;PGPEP1;LIG1;CLASRP;CARM1	-0.2751295720625979	0.5499786937915427	matched	49591181
PRRC1	-0.3241775964137341	-0.14567018505268292	-0.07064789575395514	-0.2823044220523241	-0.277360997062693	chr5	0.006014755424953555	GOLPH3;TCERG1;ELL2;PPP2CA;IL6ST	-0.33019235183868767	0.7400675223450577	matched	127517639
PRRG2	-0.26657736388476283	-0.04510779191054981	-0.2521117489486575	-0.1974627791546807	0.39399652967331655	chr19	0.13590071665674214	KCNJ14;ZNF114;PDE4C;RINL;GIPC3	-0.40247808054150497	0.5715329698681224	matched	49581315
PSEN1	0.0006030631531910302	0.07091284798575326	0.04392593707766135	-0.10724446204545313	0.02714483053962332	chr14	-0.141042739366741	MAP4K5;RCOR1;SOS2;MARK3;NEK9	0.14164580251993203	0.42170128322397815	matched	73136506
PSMB1	0.4935485754228912	0.1754059657221968	0.1779050495331106	-0.2192241875462104	-0.22902409478370112	chr6	-0.14094334621425308	PNISR;UBE2J1;BCLAF1;FUCA2;AMD1	0.6344919216371443	0.40722223355071974	matched	170553306
PSMB6	0.243578767443692	-0.18838178296270558	0.10431042108969502	-0.42511679117645174	0.010292413944621437	chr17	-0.016499471775669128	ATP5MC1;ALYREF;FZD2;SLC25A39;PYCR1	0.26007823921936113	0.48237379953413967	matched	4796163
PSMD6	0.10497869222727108	-0.15620849561467387	0.4010916022632681	-0.4014930533292628	-0.321311456474483	chr3	0.04364888863728922	TIPARP;CMTM6;NFKBIZ;CLDN1;FYTTD1	0.06132980358998186	0.9979018256203828	matched	64023493
PSMD8	0.14967446324846367	0.15529767764381894	0.06359356709856345	-0.20729549788943125	-0.12099047234360438	chr19	0.0514054621731459	UBXN6;DAPK3;CDC37;MYDGF;PLPPR2	0.09826900107531777	0.2205678900361661	matched	38374570
PSME3IP1	0.17193082072101795	-0.3267010947131166	0.05223678488855177	0.19759263188586312	-0.25188589593862243	chr16	0.10002807102528485	NAE1;SLC7A6;PSKH1;CENPT;PLA2G15	0.0719027496957331	0.5863411156236857	matched	57186038
PTGER3	0.1408702156321875	0.1903439210790887	-0.1264215146440446	0.35178244485571597	-0.38199836745363225	chr1	0.03234960687555115	MAP3K21;HOOK1;OPN3;C1orf105;NUF2	0.10852060875663634	0.9415032711858878	matched	71047815
PTGES3	0.10355895171856311	-0.44446496406945485	0.06300861913661704	0.056833453102435275	0.4252038759446015	chr12	0.028077161394380032	PCBP2;SPRYD3;NCKAP5L;ATP5MC2;CHD4	0.07548179032418308	0.9033968438902085	matched	56688283
PTPN13	0.0771007300896791	-0.11041405309787988	-0.14131780237780958	0.24983156525760508	0.1698607668800204	chr4	-0.08031078393995994	SH3RF1;FBXW7;PDE5A;SYNPO2;NFKB1	0.15741151402963904	0.32569653841664375	matched	86594314
PTPN9	-0.10157923214679165	-0.0636477730098306	0.00118556249103563	0.2909627764527707	-0.03330130462876679	chr15	0.00782329251672334	GOLM2;DPP8;TMEM87A;ZNF106;RTF1	-0.109402524663515	0.45658822160934703	matched	75579314
PTPRB	-0.014306555483405425	0.01586571865057837	0.07907139086755063	-0.03858559114098292	-0.21621603225595654	chr12	-0.12247826026464406	POLR3B;APPL2;DERA;CRY1;BICD1	0.10817170478123864	0.5192043604912836	matched	70637428
PTS	0.16696452027396358	0.19656721256143167	-0.12967646971916957	-0.180160014236718	0.01971936244023334	chr11	0.04360321378933492	AKIP1;MRPL21;LTO1;PACSIN3;UCP2	0.12336130648462866	0.37218820345220577	matched	112226427
PUM2	-0.16344788416787637	-0.1683678322134623	0.09146763098655986	-0.07705602839343229	-0.08297139590310632	chr2	0.01583061017560733	STAT4;CCDC88A;HAT1;WDR33;TLK1	-0.1792784943434837	0.25122411271070955	matched	20350843
PURA	0.2996613577366736	-0.43111056765661004	-0.13387464793041282	-0.5602992890882865	0.5727169778912007	chr5	-0.201291741729959	GNPDA1;SLC26A2;SMIM3;ZNF346;ZCCHC10	0.5009530994666326	1.6851789884496433	matched	140114108
PYM1	0.45967350949025576	0.10080333725938084	-0.1352664338856407	0.2263204312129148	0.04910665646655765	chr12	-0.19116295524760007	RARG;SP1;TNS2;IFFO1;STAT6	0.6508364647378558	0.4086599911850523	matched	55927893
QARS1	0.14315911042220897	-0.5208770119939787	0.2582082134320439	-0.10115587689661476	0.42696582688153506	chr3	-0.28403595529045306	SPCS1;GLT8D1;TWF2;DVL3;NT5DC2	0.427195065712662	1.2279035447506454	matched	49104756
QRICH1	-0.1691539910584643	-0.370734104186788	-0.0010457246362574057	-0.13579092378688917	0.8942920139764389	chr3	-0.1043291053546799	SETD5;YEATS2;PARL;PCYT1A;ABCC5	-0.06482488570378439	1.4781250669041626	matched	49094070
RAB21	0.3265969311380994	-0.1314341533380846	-0.2062318513993805	-0.1998256017267423	-0.1279837691698894	chr12	-0.0813475846135665	KCNMB4;NUAK1;METAP2;XPOT;SCAF11	0.4079445157516659	0.3980942387962374	matched	71754862
RAB34	0.26341419711221814	-0.10312816736878272	-0.06747140360746662	-0.2145718346308534	0.07003125791499354	chr17	0.09020302757541163	ATP5MC1;SRSF2;PSMC5;ORMDL3;ATXN7L3	0.17321116953680651	0.48829848107639423	matched	28717867
RAB3B	0.1586085513642912	-0.04319920007779121	-0.06270134368519897	-0.07175336704935142	0.08031764525835099	chr1	-0.016071460482513622	ZBTB40;PPP2R5A;PHTF1;USP48;PEX14	0.17468001184680482	0.2488291950850577	matched	51990699
RAB42	0.01703687568954204	-0.2650459975293238	-0.16027024715206095	-0.08439643965059518	0.08510473686124209	chr1	0.08365490190048379	HJV;CORT;MYCL;NUDT17;CFAP126	-0.06661802621094175	0.6086551145504537	matched	28592264
RAB44	-0.07779316421507032	-0.17820940852025213	-0.8697976158124718	0.2913571303588273	-0.21938973848401655	chr6	-0.15272192863279294	RSPH9;DEF6;FANCE;FRS3;BICRAL	0.07492876441772262	2.140723956512439	matched	36697825
RAB5B	0.09609305201439966	-0.28779609694650554	0.11715708017408955	0.12993054591813155	0.18259441293203071	chr12	0.052604725699049656	SPRYD3;PCBP2;NCKAP5L;AAAS;ATP5MC2	0.043488326315350004	0.5976558912578106	matched	55974077
RAD23B	-0.08264577136993623	-0.7150313959475796	0.572889973201207	-0.02193604525869819	-0.6334668084701254	chr9	-0.008259451586907399	LURAP1L;PAPPA;CTNNAL1;TXN;KLF9	-0.07438631978302883	3.5347535362439064	matched	107283278
RAD51AP1	0.21798900179650804	-0.507955478595226	0.005745722197180836	-0.23203378168655672	0.060759388061514985	chr12	0.017990257178203517	KICS2;ZNF140;ZNF891;TCP11L2;C12orf60	0.19999874461830452	0.7018144779617586	matched	4538889
RAD51B	-0.009884248607430646	-0.805446808986382	-0.518675411909091	0.9369260602831624	0.3299243408110929	chr14	0.002345067703813309	TRIM9;NPAS3;TXNDC16;CDKL1;SYT16	-0.012229316311243955	3.5124609946011986	matched	67819778
RAI1	-0.19404541946187237	-0.0887130635831172	-0.102605551431602	0.2166900063172681	-0.002716593343272261	chr17	-0.15580805339298803	SPAG9;CUEDC1;AATF;SEC14L1;PRPSAP2	-0.03823736606888434	0.3286928734503557	matched	17681457
RALBP1	0.038422677600755684	-0.43134960103788356	0.23078574564079102	0.08858442364717478	0.0689102025665268	chr18	-0.19981643018994505	MALT1;ELP2;RIOK3;GATA6;MIB1	0.23823910779070073	0.8278436898391848	matched	9475512
RAPH1	-0.09949253142088832	-0.18878257561694212	-0.23195983411950327	0.16744859726060746	-0.16179940009976224	chr2	-0.1548026515859661	AFTPH;ATL2;SMARCAL1;MARCHF4;DHX57	0.055310120165077775	0.28878443754852356	matched	203535300
RASSF9	0.05873338308054055	0.29141271699848237	-0.18513911387316084	-0.4230389938972594	-0.32379207807627286	chr12	0.016557983196884597	HRK;RNFT2;ART4;METTL25;LGR5	0.04217539988365595	1.8456498847671663	matched	85836408
RBM15B	-0.2456479724685776	0.5506847984378815	-0.046929891391012335	-0.1454437827699766	0.3060776856167248	chr3	0.05272586979852445	BAP1;NDUFB4;CLDND1;TMEM115;MRPS25	-0.29837384226710206	1.2322440884160308	matched	51391284
RBM22	0.37134494502364745	-0.03897751931800242	-0.3870119504190329	-0.21148838932285374	0.5643070314661718	chr5	0.02711596754117951	FAM53C;CAMLG;RPL26L1;UBE2B;C5orf24	0.34422897748246795	1.1486511972364335	matched	150701061
RBM39	-0.020648087799902015	-0.6247886111205547	0.18352743944362349	-0.057776900709426926	0.2643429870154925	chr20	-0.21001093514242958	AHCY;DYNLRB1;DIDO1;PTPN1;B4GALT5	0.18936284734252756	1.3660143014199275	matched	35742259
RBM45	-0.06918539978390692	-0.10985215783876923	-0.25052694199845005	-0.1515337648812369	-0.07215990746081657	chr2	0.08529326919848651	TYW5;FKBP1B;WDCP;C2orf69;DYNC2LI1	-0.15447866898239343	0.35116338035473593	matched	178112436
RCBTB2	-0.04412805074126469	-0.010264208873154906	-0.0335427893880732	0.09861950956420401	-0.15431277506700708	chr13	-0.2011317665109587	LCP1;ZMYM5;THSD1;NEK3;ALG5	0.15700371576969402	0.43792901762622033	matched	48533079
RCN3	-0.23093230058195768	-0.02071905870086932	0.0549060125169154	0.14089933218664047	0.39517433217289977	chr19	0.14357731850104755	CYTH2;LSM4;GRWD1;KXD1;MFSD12	-0.37450961908300523	0.41298899331567734	matched	49528002
REEP2	-0.10204389914184908	-0.3786982827051655	-0.017834298103901358	-0.20825340429362293	0.16538674412461846	chr5	-0.06545699687998638	C5orf24;HNRNPH1;GPX8;STING1;SMIM3	-0.0365869022618627	0.7903880594827875	matched	138439056
RELB	0.06954596208455754	-0.06183393414040639	0.05951264661590881	0.030144909924577495	0.11093660413095785	chr19	0.028761581926872462	PIAS4;ECSIT;LIG1;LTBP4;CARD8	0.04078438015768508	0.321274782869174	matched	45001463
REP15	-0.23882691234880282	-0.2947108715835439	-0.44791809391880166	-0.8912865868207573	-0.40041275068595983	chr12	-0.03748947347628584	EID3;APOLD1;INHBE;SOCS2;GPD1	-0.20133743887251698	3.5878447847833326	matched	27696446
RFX2	-0.14498455763232543	-0.39125279161863374	-0.2083284064861186	0.6195177228446427	-0.17557665961935698	chr19	-0.04322613305440441	SLC8A2;SPTBN4;ANKRD24;ATCAY;NOVA2	-0.10175842457792102	1.0258747537387618	matched	6110499
RGL1	-0.22431482156606464	-0.060283635130935265	0.14252663035952873	-0.07851016766431296	-0.014039996016120493	chr1	-0.28018523706965137	FNBP1L;USP24;PKN2;ZZZ3;EPS15	0.055870415503586734	0.16601782228918377	matched	183805119
RGL2	-0.12280714502024548	-0.5423161670736182	-0.053241640946961655	0.04044194392076195	0.12536322072143324	chr6	-0.02852466587069849	GTPBP2;MAD2L1BP;POLR1C;GNL1;PIM1	-0.09428247914954699	0.8871851346295219	matched	33298941
RGMB	-0.1776725473603502	-0.03791168013010292	-0.012560975774958072	0.11993395974640092	-0.7241693098347937	chr5	0.05308958698345237	YIPF5;PJA2;NUDCD2;MAT2B;PELO	-0.23076213434380258	1.5160558793271453	matched	98773662
RGS4	0.028335213142932858	0.0637386730954341	0.0778577805056555	-0.15362050086212575	-0.2246691254167399	chr1	0.1326944473425579	DEGS1;RHOC;HNRNPU;GNG5;GUK1	-0.10435923419962503	0.5506795705263913	matched	163069360
RHEB	0.2809123359738841	0.006458407316664805	0.17392709186137834	0.06554584621553339	0.30540818330371133	chr7	-0.154632106564012	STRIP2;RCC1L;STK17A;FBXL18;GTF2I	0.4355444425378961	0.3541309278700074	matched	151519894
RHOBTB3	-0.6182459359101955	-0.2121820664770786	0.31873155666286035	-0.15604119423100749	-0.21714445993421205	chr5	-0.3445495795736141	ATP6V0E1;IL6ST;CPEB4;TNPO1;FBXW11	-0.2736963563365814	1.0275014747975413	matched	95731335
RIMOC1	0.301909635285984	0.06712639419633337	0.005709692153431589	-0.20150280934399017	-0.06396528543978075	chr5	-0.0298408806354008	ZCCHC9;ATPSCKMT;PWWP2A;SKP2;RIOK2	0.3317505159213848	0.39211691499233836	matched	41904343
RIPOR3	0.23941805251561243	-0.8685974992680492	-0.9971789086612228	0.36511961221046674	-0.50929980678079	chr20	-0.23702036468152776	RBL1;MROH8;ZNF341;TTI1;KIAA1755	0.4764384171971402	3.307665451993975	matched	50691541
RMDN2	-0.286279140642975	-0.2969455718568612	-0.08822703002239402	0.19321177795488353	0.15201218524516721	chr2	-0.1274195254918813	CREB1;METTL8;DCAF17;ALS2;GMCL1	-0.1588596151510937	1.012602673779615	matched	37925286
RMND1	-0.060685585648738716	-0.09908403843269463	0.11824489269991845	-0.06982821991632765	-0.07698128723726239	chr6	0.0006519026663530866	RAB23;QRSL1;TFB1M;ZNF451;RTN4IP1	-0.0613374883150918	0.2739857574959108	matched	151452125
RNF145	-0.27577475062745993	-0.2084338793690343	-0.022719464368522013	-0.2021436320740274	-0.23959027206265282	chr5	-0.154836602484483	GOLPH3;REEP5;OSMR;LARS1;MAP1B	-0.12093814814297693	0.6686218712907424	matched	159209552
RNF149	0.3203377322647345	0.0233155864994794	-0.1282743657141817	-0.04078647331423424	0.04418742285162447	chr2	-0.0033050009833076044	QPCT;MTIF2;PEX13;CYBRD1;FASTKD1	0.3236427332480421	0.1506439953002188	matched	101308700
RNF227	-0.3231858224847266	0.03788267682666113	-0.04758108595620669	0.28792377121933876	0.4810291688663806	chr17	0.3522221955192101	KRTAP1-5;SOST;KRTAP2-4;HOXB8;HOXB5	-0.6754080180039367	1.1289173450959877	matched	7916288
RNF26	0.04227064903775535	-0.4063639721292138	0.021094778987692436	-0.1555008623411036	-0.6196943445806808	chr11	0.2471505167735259	ANAPC15;B4GAT1;ZFPL1;TM7SF2;SAC3D1	-0.20487986773577055	1.19088375044959	matched	119334526
RNF40	-0.1742079945216064	0.3323271152982009	0.15821156296049854	-0.16868320226731603	0.3684594918934172	chr16	0.0036777161609529985	RIPOR1;EDC4;PLA2G15;CENPT;NUTF2	-0.1778857106825594	0.7136831183472384	matched	30762321
RNF41	-0.25536457110551236	-0.4016768253758707	0.2762168877592281	0.010469259087066363	0.5296608471314597	chr12	-0.20256585294658666	LMBR1L;RSRC2;NCKAP5L;AAAS;IFFO1	-0.0527987181589257	1.1496742491104213	matched	56221921
RNMT	-0.26445545466536835	0.04938075298209599	0.14522671152641706	0.04493320347578844	-0.037343328166752565	chr18	-0.019034299773506735	HDHD2;FECH;DSC2;IER3IP1;ADNP2	-0.24542115489186161	0.37183770648960396	matched	13726672
ROBO2	-0.13409260967097736	0.23093108791793804	-0.9382281306122993	0.3217353670472818	-1.4384033603349007	chr3	0.13949929644633607	TBC1D5;NEK10;PTPRG;SUCLG2;NEK11	-0.27359190611731343	5.058752566218222	matched	77040098
ROCK1	-0.428488053702587	-0.09644115613977992	0.022012088764508664	0.11978176853247535	-0.23146082945883073	chr18	-0.21543993308755577	SMAD2;SS18;RAB31;RELCH;CTIF	-0.21304812061503126	0.46261042274129416	matched	21111812
ROR1	-0.52098048217462	-0.2345853337277512	0.40986469228791533	0.08921269395681208	-0.019477254134314004	chr1	-0.42339596750469644	KIF26B;RASAL2;NIBAN1;HMCN1;AKT3	-0.09758451466992357	0.8905528722534767	matched	63774016
RPAIN	0.07063608720016301	0.10502760785615506	-0.23671692625973134	0.2293467821169668	0.19321584430397076	chr17	-0.31409503028305563	RSAD1;ANKRD40;MRPL10;SDF2;SP6	0.38473111748321864	0.33823981844913575	matched	5420181
RPF2	0.097599150750594	-0.012491908420589726	0.11924138482861164	0.04767858996162122	-0.06834234357776714	chr6	0.16090655534046636	GCLC;NEDD9;GTF2H5;BPHL;SLC17A5	-0.06330740458987236	0.3364313338866005	matched	110982037
RPL15	0.28991041227073566	-0.3257858614982593	0.6428984893015284	-0.35607679612905097	-0.9917533005840922	chr3	0.07269574354820244	SSR3;RPL35A;PDHB;SERP1;FAM43A	0.21721466872253323	2.9295341091296305	matched	23917131
RPL23A	0.2834079453463767	-0.172044364548404	0.13920633582151187	-0.01350857177460374	0.13455508294571816	chr17	0.16901967500662513	SRSF2;RPL23;ATP5MC1;ORMDL3;PSMC5	0.11438827033975157	0.34223626439907207	matched	28719984
RPL37	0.16979496080456968	-0.21171850070265918	0.13642099921716144	-0.006891341678433971	0.034704593632630676	chr5	0.11319830381189125	HINT1;CCT5;PPIC;RPS23;LOX	0.056596656992678435	0.9473141911926043	matched	40835221
RPL41	0.3376999548537025	-0.6060804632110803	-0.3280966538791603	-0.8930634936511461	0.4687470194234933	chr12	0.08345826800466816	DYNLL1;TUBA1B;PFDN5;PTMS;TUBA1C	0.25424168684903437	3.00835960718471	matched	56116632
RPL7L1	0.2134375724780151	-0.11908886197379176	0.08333296377764265	-0.20392580565419527	-0.19107316697364174	chr6	0.07579546022196554	GNL1;BRD2;SRSF3;FLOT1;TAP2	0.13764211225604955	0.48166695828208983	matched	42879615
RPP25L	0.4760496430036918	-0.2203846782696073	-0.12727820873560824	-0.42783166599137545	-0.08740576969338465	chr9	0.32346839131161076	HINT2;DOLK;HDHD3;ENDOG;IER5L	0.15258125169208103	0.7518317984221959	matched	34612096
RPP30	0.4037404795193851	-0.6436021254313768	-0.5378826753181122	-0.7183840083140094	-0.09128022101860522	chr10	-0.08591597764881359	EPC1;BTAF1;REEP3;CUL2;SMC3	0.48965645716819867	2.241055883795054	matched	90871973
RPRD1A	-0.34507062946993816	-0.04829389806254225	-0.11900053349052564	0.09958444544171408	0.4065132560705237	chr18	-0.17914291948143327	MALT1;PPP4R1;TWSG1;MIB1;RIOK3	-0.1659277099885049	0.7973780384828949	matched	36067558
RPRD2	-0.36004303137791194	-0.17701098445551278	-0.14434933753648807	-0.03853717470877127	0.35232003568983383	chr1	-0.1858787433812255	ARID1A;GON4L;ASH1L;EYA3;SPEN	-0.17416428799668643	0.7051873555286393	matched	150364146
RPS18	0.2436615494600325	-0.4521416842013104	0.222134899525112	-0.08241586278528068	0.03902367557867836	chr6	0.012099423850979812	HLA-E;YIPF3;SRF;TUBB;RPL10A	0.23156212560905268	1.069924122382593	matched	33272074
RPS26	0.35741731139868627	-0.49850105142919743	0.17054438476371026	-0.18738712306805616	0.19098891932456152	chr12	0.2303099690463423	PFDN5;PRR13;PTMS;IGFBP6;MRPL51	0.12710734235234397	1.0315577828760958	matched	56041917
RPS6KB1	-0.11810101468866208	-0.20580981546959665	-0.34637690109100233	-0.18703621319545471	-0.13735812353326946	chr17	-0.1883474558087844	NSRP1;SUZ12;UTP6;KANSL1;CDC27	0.07024644112012232	1.1508589618036897	matched	59893120
RRAS2	0.04950999127218392	0.0461239084904419	-0.03229775979081262	0.07734597227018158	-0.2742430333418061	chr11	-0.008402304254015822	PDHX;HIPK3;CSTF3;YAP1;CTR9	0.05791229552619974	0.6700947327270727	matched	14359182
RRP15	0.16336241532403495	0.1873399279498022	0.16957718149784323	0.065498719388149	-0.39458260455667027	chr1	-0.19898407426416131	MYSM1;PRKAA2;TRMT1L;ODR4;UCHL5	0.36234648958819626	0.6863245073529668	matched	218285292
RSPRY1	-0.2192290712460334	-0.42533722141316743	0.1032555192141339	0.12117489793040226	-0.34051806304074306	chr16	0.08863875897568951	SLC7A6;NAE1;PSKH1;CBFB;CTCF	-0.3078678302217229	0.5307831598887154	matched	57186328
RTN4	-0.13121297768984697	-0.6179690608708492	0.18054741161138432	-0.060897603946440615	0.35128770462141234	chr2	-0.30607696663771955	COL5A2;GLS;ITGAV;PPP1CB;FN1	0.17486398894787258	2.514587271542311	matched	55050450
RTRAF	-0.24340486643413772	-0.10454165526192138	0.3233476998246644	-0.01687716189610708	-0.011612202786401404	chr14	0.14865985181666747	MAPK1IP1L;PSMA3;GMFB;ACTR10;KLHDC2	-0.3920647182508052	0.7991982019763348	matched	51989545
RUSC1	-0.3036177182538502	-0.21901877193549457	0.1722873894293756	0.05808066120644273	0.2047855499146669	chr1	0.04659936348075411	ADAMTSL4;ENSA;GPN2;GPATCH3;TMEM69	-0.3502170817346043	0.5115174294703748	matched	155320893
S100A1	0.02831378937957174	-0.19190790598437715	-0.17359984573058185	0.022867144783557336	0.7747313347254251	chr1	-0.02341912587513959	TMEM125;ARTN;TSSK3;DCDC2B;IQCC	0.05173291525471133	0.9740325732844948	matched	153628433
S100A10	-0.002175227481497899	0.059741785110763224	0.14682206407491383	0.09877947284393418	0.28436519589039055	chr1	0.10037551854009852	SSR2;NDUFS2;PEA15;S100A16;EIF3I	-0.10255074602159642	0.466017190552623	matched	151993858
S100A11	0.05348817652707716	0.545711182445101	0.2771446946952354	-0.13347233940015668	0.1414752002662023	chr1	0.2822907203454264	RAB13;JTB;S100A16;SLC39A1;PEA15	-0.22880254381834925	0.9307723417033456	matched	152037003
S100A13	0.13845142856709725	0.06941245718481803	0.18831724002994643	-0.08572464147224379	0.3437353419571798	chr1	-0.2788400082941724	PEX19;RFX5;B4GALT3;UBQLN4;VPS72	0.4172914368612696	0.46786092239537624	matched	153627504
S1PR1	-0.09603895244766392	-0.21152511702428822	-0.08027582464835648	-0.22185684549292373	-0.36281591203422714	chr1	-0.08771769996723808	ZNF281;COX20;NUDT4B;C1orf52;DIRAS3	-0.00832125248042584	0.9860026895101077	matched	101237018
SAMD14	-0.2111400346991621	-0.04920871679146921	-0.22841464807713396	0.08812664066211293	-0.1806499782847979	chr17	-0.004328840341538326	ANKRD13B;ADAM11;GSDMB;ETV4;OSBPL7	-0.20681119435762377	0.45132419736823687	matched	50130159
SAMD8	0.4916988675271732	-0.20369912294106518	-0.32529762095064735	0.04890957885090885	0.09899442476197973	chr10	-0.025385278130591216	SMC3;TNKS2;MTPAP;PCGF5;RBM20	0.5170841456577644	0.7341992864886278	matched	75111655
SAMD9	-0.6426072034298476	0.11093241469392612	-0.26239183165005797	-0.017979388067839386	0.12171564531035944	chr7	-0.060037978879717624	ZNF783;ZC3HAV1L;ZNF212;TMEM130;ZNF92	-0.5825692245501299	0.6246618855532424	matched	93117978
SANBR	-0.18248685978916512	-0.2928327054398572	-0.09286861268016211	-0.16702001959352153	-0.05735733177052338	chr2	-0.09278724791787987	WDR35;CLHC1;AFTPH;CYP20A1;INO80D	-0.08969961187128525	0.4541449940508955	matched	61065870
SAR1B	0.049302730472060574	-0.16157343223987963	0.09969811270715445	-0.11392343024097504	-0.10359637060027391	chr5	-0.09435819336343271	SLC26A2;DHX29;KDM3B;DCTN4;FAM53C	0.14366092383549328	0.6472187993211928	matched	134632827
SASS6	-0.20716020452627015	0.17631030167736494	0.01779496766283506	-0.055415476649093964	-0.19531982789475397	chr1	-0.040271541415064366	RAP1GAP;NCF2;DTL;KIF17;SYDE2	-0.1668886631112058	0.3368212069709021	matched	100132929
SATB1	0.1082091836713932	0.2681808172066138	-0.17564596575739533	0.06012189849429761	-0.4689112115971359	chr3	-0.20899779558566278	GAP43;PLSCR4;NGLY1;VGLL3;SLC4A7	0.317206979257056	1.074710989400278	matched	18425338
SBF2	-0.3786608494417978	-1.0347767713380362	0.04046261298122243	0.7569884560783002	0.0943454196875505	chr11	-0.22453955613219084	C2CD3;SIK3;MAML2;METTL15;CSTF3	-0.15412129330960694	3.3287769490171413	matched	10294218
SCN8A	-0.09395495426411005	-0.12401898866709704	-0.39292289971197486	0.4812797958505961	-0.07843400096661579	chr12	0.0012658031682017123	CFAP251;R3HDM2;PITPNM2;MPHOSPH9;ATF7	-0.09522075743231176	0.8192364894594029	matched	51591232
SCN9A	-0.6240727637105379	0.08313632527353176	0.014908054992479491	-0.0202059397934502	-0.017583174944331592	chr2	-0.20172816008093009	KANSL1L;SATB2;BCL11A;GLI2;FMNL2	-0.4223446036296078	0.4973123585092215	matched	166375943
SEC24A	0.19048107445006845	-0.285272448794331	-0.10120690646439989	-0.026658934746229934	0.2330029263514722	chr5	-0.2670785842878331	KDM3B;MTREX;TENT2;DHX29;FAM13B	0.45755965873790155	0.42840584949803395	matched	134648784
SELENOF	0.18114730123751865	0.011519742686842749	-0.08752420858293508	-0.019916236013329258	-0.07079273006764186	chr1	-0.15242315824306052	WDR26;TPR;EPRS1;IARS2;SRSF11	0.3335704594805792	0.28569618195425395	matched	86914125
SELENOM	0.18905641797492834	-0.11030666949665702	0.28571258560885626	-0.09247776970088584	-0.19367184247163127	chr22	0.2789585988001564	ATF4;NDUFA6;TOMM22;RPS19BP1;H1-0	-0.08990218082522805	0.6182023193495577	matched	31107567
SEMA3C	-0.4914347739280265	-1.0717063460864105	0.31873016635422485	0.2697331589251417	-0.287234196035848	chr7	-0.1475671245637704	MKLN1;TES;SEMA3A;KMT2E;CDK13	-0.34386764936425607	2.8811440366592	matched	80919050
SEMA3D	-0.49462550907594416	0.11353789531140912	-0.5420528432580775	-0.11712594899890894	-0.6349860236844367	chr7	-0.35889571788133506	SNX13;ETV1;HDAC9;CACNA2D1;CDK13	-0.1357297911946091	1.9111558954160563	matched	85187055
SENP3	-0.08870547343829482	-0.026077411515766702	-0.09581120613311733	0.005754918287262045	0.12831247628874465	chr17	0.09013977271137463	NT5C3B;P3H4;MAFG;CNP;ANAPC11	-0.17884524614966946	0.3045390829522082	matched	7561918
SENP7	-0.18324276226193748	0.13832920695619072	-0.23215893331539184	0.09354514046071083	0.13043960915045183	chr3	-0.12625966926263352	PPARG;IFT80;ATXN7;XRN1;OSBPL10	-0.05698309299930396	0.44899441445705257	matched	101513211
SEPTIN10	-0.004980299561649915	-0.12276188905036256	0.013043406793623258	-0.021180133145705438	-0.2286296466567892	chr2	-0.009162954559707438	PRKD3;STRN;PPIG;HAT1;DYNC1I2	0.004182654998057523	0.40223958139808863	matched	109613965
SEPTIN8	-0.48766188951515677	-0.1597806331650945	-0.022220329227641056	-0.09114146233969286	0.09693167166165968	chr5	-0.2303495223240718	CDC23;BRD8;DNAJC18;SMIM3;MAML1	-0.25731236719108497	0.3787440710249593	matched	132777238
SERINC3	-0.1573717414369371	-0.18263684383495593	0.5805645879902698	-0.03291445060887276	0.18812092832123994	chr20	0.08793096433465486	AHCY;RBM12;DYNLRB1;EDEM2;CPNE1	-0.24530270577159197	0.850852903327707	matched	44522069
SERPINB7	-0.059924921326754976	-0.08184956009480993	0.15518263561414397	-0.22378848713204452	0.37481052985652685	chr18	-0.06784917062876872	ACAA2;DSC3;SMAD4;IMPACT;FECH	0.007924249302013742	0.6363581757329028	matched	63775417
SESN2	-0.10801082074575064	-0.1572619985047743	0.06171600186119797	0.10573019417613169	0.12989914009815456	chr1	0.12326400624845721	ADIPOR1;ELOA;SRSF10;NUDC;PPT1	-0.23127482699420784	0.4144721498502268	matched	28259517
SESN3	0.21208373320827256	0.18284059927366858	-0.11527607717838284	-0.1261589127095728	-0.11951913686805099	chr11	-0.21039500145200696	PIK3C2A;CUL5;CRY2;DENND2B;NUCB2	0.4224787346602795	0.4368893009785224	matched	95231201
SESTD1	-0.3553131627172368	0.08465725422610215	-0.10685041987093566	-0.11172754387737593	-0.10536677161776664	chr2	-0.29147236814676153	GLI2;R3HDM1;SPRED2;NPAS2;PKP4	-0.06384079457047526	0.26450361525819555	matched	179264831
SET	-0.13513888724135192	-0.5553826998422047	0.18845829547699955	0.2328954032739201	-0.12108513681713795	chr9	0.11664670714003228	NPDC1;ATOSB;RPL12;STOML2;EDF1	-0.2517855943813842	1.09043883873985	matched	128689221
SGIP1	-0.4245274871637523	-0.11692102169948093	-0.3008333268766647	0.11834287121097553	-0.28287220039254735	chr1	-0.1402242137076909	ARID4B;EVI5;RASAL2;PKN2;TBCE	-0.28430327345606143	0.6648481309617847	matched	66534152
SGTB	-0.09432739640384558	-0.17141216701149098	0.2268442107629517	-0.08616110340485716	0.1624157069486415	chr5	-0.07675682378447383	ARSK;LMNB1;RBM27;SLC38A9;TTC33	-0.01757057261937174	0.339721643072669	matched	65722108
SHCBP1	0.400861781033266	0.333944254958928	-0.1485468735028148	0.20747358348818631	-0.15092328822662804	chr16	0.04974246669134008	ERCC4;NPIPB5;SIAH1;CENPN;ABCC6	0.3511193143419259	1.1278054419068488	matched	46621378
SHLD3	0.16815930305845384	-0.731481857568599	-0.4006514799283023	-0.2689145154685727	-0.2487932228795009	chr5	0.21076453849494828	RFESD;SETD9;SPATA24;KIF20A;TIGD6	-0.04260523543649444	1.9590063473611465	matched	65625026
SHOC2	-0.15276254572490355	-0.5527541931815172	0.06648808744785895	-0.18744941607077592	-0.31233693809456364	chr10	-0.20208217246852236	HERC4;BTAF1;PTEN;ATAD1;ZEB1	0.04931962674361881	1.2289220355574149	matched	110919603
SHROOM1	0.21041322136973895	-0.267570340309533	0.06707727433952049	0.15710202065322254	-0.11788476068086332	chr5	0.27518087873559227	TIGD6;KIF20A;PROB1;SPATA24;F12	-0.06476765736585333	0.8415628610864712	matched	132830646
SIGMAR1	-0.04591488618463746	-0.05958625602246209	0.11142323231317697	-0.22216703248139624	-0.20219090341460932	chr9	0.11811931565503783	CREB3;BBLN;CDK9;SURF6;DOLK	-0.1640342018396753	0.5894574250392612	matched	34637786
SLC16A3	-0.009897704989880296	0.2417024224307336	0.16339690497288006	0.11779186846476464	0.06634508008280293	chr17	0.18862671252815383	VAT1;DUSP3;GRN;PSMD3;RPL26	-0.19852441751803412	0.4030995764336094	matched	82229041
SLC17A9	-0.8909645044021323	-0.5228877004230745	-0.6631655301538086	0.33735938471129523	0.46029905776751323	chr20	-0.03782028280308569	SPAG4;SAMD10;ZNF341;PXMP4;GDF5	-0.8531442215990466	2.6317617998717493	matched	62952708
SLC22A17	-0.3765807903682701	-0.4651641885455911	0.3845383375928656	-0.28156724373317266	0.3971856297317302	chr14	-0.027249914135910047	ZNF219;PNP;PIP4P1;PARP2;CCNB1IP1	-0.34933087623236003	1.2009687414446821	matched	23352886
SLC25A12	-0.04854439951337852	-0.12906354947367493	0.11680335072915055	0.09882383749694479	-0.023299091727640664	chr2	-0.10149782437139532	STRN;STAT4;PRKD3;PPIG;CCDC88A	0.052953424858016795	0.3940127344999938	matched	171894243
SLC25A30	-0.02294679476656558	-0.15875610231175996	-0.25191079297386776	-0.017477158260195427	0.021084162982446752	chr13	0.14280861417945	SPRYD7;EBPL;TRIM13;GJA3;PCID2	-0.1657554089460156	0.42303578687822496	matched	45418372
SLC2A1	-0.4587775715833917	-0.21740841115207488	0.3914881475804377	0.08751804089037513	0.09147697900152518	chr1	0.08280829529942912	CAP1;CSRP1;PTP4A2;TMEM59;NUCKS1	-0.5415858668828208	0.7463244246314797	matched	42958867
SLC2A14	-1.0688720933943747	0.21926854437521767	0.07416861540619746	0.1918319111599125	0.13185254990391648	chr12	-0.1711675680543634	CD9;ABCB9;POLE;BCL7A;SENP1	-0.8977045253400113	0.564540804562032	matched	7872914
SLC2A3	-1.0408550697730128	0.013296655644648131	0.15926246061981542	-0.22953867937737146	-0.16355410295861827	chr12	-0.1243672049987461	ADCY6;PFKM;COPZ1;KCTD10;TNFRSF1A	-0.9164878647742667	0.2328233815638503	matched	7936186
SLC2A4	0.08353668881185428	-0.5136072752327807	-0.3977475453271994	0.022144760502168515	0.7016884352850401	chr17	0.04448424988665778	TMUB2;KRT10;METTL23;ATXN7L3;JMJD6	0.0390524389251965	1.649430444582681	matched	7281717
SLC35B4	0.39003881239472715	-0.012300843557046415	-0.04205079709460102	-0.041099740004583926	-0.09781796541006182	chr7	-0.20194850394454988	ZNF117;PSPH;NFE2L3;ERV3-1;CASD1	0.591987316339277	0.2936898751474726	matched	134316929
SLC35E4	-0.24140369673792073	-0.020727863743523645	-0.029948289300531977	-0.10081089125658149	-0.1209823079203397	chr22	-0.2858717266648162	NAGA;MAFF;DNAL4;PHF5A;FOXRED2	0.04446802992689547	0.3048465113132317	matched	30635780
SLC36A1	-0.28524757130637024	0.17387052496910305	-0.12547852200672863	0.0019427064459361931	0.29858969984013317	chr5	-0.0571188200438309	CLK4;AFAP1L1;MAPK9;LMBRD2;SKP2	-0.22812875126253934	0.7922233862341388	matched	151447602
SLC39A9	-0.04984940301730756	-0.13442365229174658	-0.016489911532988677	-0.16845540177101737	0.17667716062610572	chr14	-0.13131022753806346	NIN;HEATR5A;ARID4A;ARHGAP5;ACTR10	0.0814608245207559	0.5017262820964652	matched	69398691
SLC41A2	-0.11892804736451001	-0.263034191655069	-0.32154086586346636	0.2658620302312764	-0.19108227259517052	chr12	-0.0824589617404313	BORCS5;BMAL2;FRS2;PLXNC1;DUSP16	-0.03646908562407872	0.945117115657909	matched	104958289
SLC4A8	-0.20285902134959422	-0.1181137602445983	-0.08124580729057607	0.2173015379950466	0.06189586864183183	chr12	-0.09315891451676102	MPHOSPH9;CFAP251;IFT81;SENP1;TCTN2	-0.1097001068328332	0.6081302278034828	matched	51424830
SLIT3	-0.23349871994991034	-0.20220920286878885	0.5006286045561044	0.5856284751156133	0.02821784394425708	chr5	-0.2600762788005479	ADAMTS12;PAM;SEMA5A;MYO10;MARCHF3	0.02657755885063756	2.0626579824307343	matched	169301138
SLTM	-0.004217941785417345	-0.5420830943097741	0.12295581682761902	0.33700165841203633	-0.0030661313674100743	chr15	0.1359200006647205	HMG20A;ANP32A;LACTB;FBXO22;LARP6	-0.14013794245013783	1.219189185759533	matched	58933678
SMAGP	0.5012562160268388	-0.25112731830325874	-0.41447299322623277	0.12072926610303102	-0.02977087692778868	chr12	-0.0026837141282325394	FAM216A;DIABLO;DDX55;SETD1B;MTRFR	0.5039399301550713	0.5654456888890764	matched	51270414
SMARCAD1	-0.44652177844472707	-0.009492617815621135	0.09670801365810659	-0.033360937114043976	-0.5393641025445639	chr4	0.05292102414382055	SNCA;GATB;SGMS2;FIP1L1;JADE1	-0.4994428025885476	0.5913738805611986	matched	94207864
SMARCC2	-0.17479498628645462	-0.33782414189908416	0.21971717608143174	0.21007036519687539	0.5180133661888995	chr12	-0.1516376873200544	LMBR1L;RSRC2;ZNF740;RARG;VPS33A	-0.02315729896640023	1.033088803336625	matched	56189482
SMC6	-0.159441152499177	-0.11855675422933765	0.006423432280279695	0.12529400739844998	-0.16118309325088287	chr2	-0.2881429668495592	SPRED2;STAM2;TGFBRAP1;LPIN1;EVA1A	0.1287018143503822	0.3150188094560651	matched	17753809
SMIM30	-0.42707661389848184	0.12307415291291646	0.04849710990859915	-0.696820352137355	-0.008739733990669407	chr7	0.12149964202208685	LSM5;DNAJB9;TFPI2;TWIST1;GNG11	-0.5485762559205687	1.403213965230897	matched	113118553
SMURF1	-0.22495048317468047	0.1495977090197763	0.09988034589185224	-0.03536277431883783	0.4349299214959869	chr7	-0.25144304778556703	NUDCD3;RNF216;CLIP2;TNRC18;CYTH3	0.02649256461088656	0.5434245100024986	matched	99144107
SNAPIN	0.2493303053208331	-0.01934338496405298	-0.11486058117278071	-0.1593159521929608	0.3358676120689743	chr1	-0.026569990937849397	SCNM1;LAMTOR2;NIT1;GLMP;LYSMD1	0.2759002962586825	0.4561792881738374	matched	153658702
SNRPC	0.23468927102044823	-0.34808706133990164	0.23365629264684873	-0.23707488292287265	0.01065726438595932	chr6	0.04472976118335073	GINM1;TRIM27;SRSF3;PPIL4;NUP43	0.1899595098370975	1.1107592719262596	matched	34757504
SNU13	0.06652578100721218	-0.407559459052922	0.04118618856121237	0.10460459941187256	0.10827602172488737	chr22	-0.14422802838194942	KDELR3;TUG1;TXN2;PES1;CBX6	0.2107538093891616	0.5077601422181327	matched	41688866
SNX17	0.14245194272670592	-0.8176969778802355	0.10847237891831085	-0.10716724799257671	-0.053317026493864716	chr2	-0.20928788022448808	RETREG2;CNPPD1;AAMP;ATG9A;SLC4A3	0.351739822951194	1.1800822260604187	matched	27370615
SNX6	0.10402837487500527	-0.06474871761340584	0.05088980837628021	0.01753099427582583	0.0668600739424976	chr14	-0.1652043173626117	HECTD1;ERO1A;ARHGAP5;KTN1;PSMA3	0.269232692237617	0.6057597070575708	matched	34630147
SOCS5	0.22555869752206537	-0.1444578683665747	-0.05314312451295211	-0.067116598873046	-0.12732975503250044	chr2	-0.2693560376030904	PRKD3;HEATR5B;CREB1;HNRNPLL;AFTPH	0.49491473512515577	0.4413128476202739	matched	46699294
SORCS2	0.1152811891140526	0.3357773371495059	-0.5129080299196096	0.5408191576309833	0.2528157020280498	chr4	0.15968615375172127	RBM47;CRACD;MAML3;AFG2A;MTHFD2L	-0.04440496463766866	2.0261069673264607	matched	7192537
SOS1	-0.32687032316688835	-0.22922861721529708	0.13731129289664978	0.1976817000253408	-0.11855274230152624	chr2	-0.18054658737809232	STRN;HEATR5B;PRKD3;CREB1;MAP3K20	-0.14632373578879604	0.4933456779461034	matched	39121050
SOWAHC	-0.15453055793998782	-0.06575313498857449	0.35326310051236454	-0.26217892491707095	-0.1791324342757994	chr2	-0.16293825144404525	DLX1;CEBPZOS;MORN2;DLX2;GPATCH11	0.008407693504057429	0.9508846758730911	matched	109614363
SOX6	0.0022806181488914667	0.0493401016266618	-0.32384093543911985	0.41458061922166345	-0.43314406063808364	chr11	-0.057168402688766926	SORL1;ME3;BMAL1;GALNT18;DYNC2H1	0.05944902083765839	1.4825983773132854	matched	16356545
SP3	-0.2284849618339111	-0.524486402817081	0.013513005482905821	0.0398057625971423	-0.5681317376299522	chr2	-0.17444672998181723	PPP3R1;HNRNPLL;CREB1;PRKD3;DCAF17	-0.05403823185209386	1.3355497276604453	matched	173965372
SPATA31H1	0.28790956668996226	-0.31595450422528726	-0.3610574648244387	-0.021671634298296272	0.22304325081017107	chr2	0.07163667484994324	TUBA4B;USP37;MPP4;C2orf42;TTLL4	0.21627289184001902	1.7000401841709585	matched	27537385
SPINT2	0.3270217648722813	-0.06719117655692486	0.04670561768861159	-0.0626015533504172	-0.11263629890885796	chr19	-0.17252170589539323	STRN4;LONP1;NAPA;SH3GL1;SUPT5H	0.4995434707676745	0.12525386891524945	matched	38264572
SPOCD1	-0.2330520567061951	-0.09739480422066782	-0.049925864292618805	0.1025849561236975	0.26857963862950107	chr1	0.04220284195397639	PPT1;ADIPOR1;ELOA;RNPEP;SRRM1	-0.2752548986601715	0.2788322963862091	matched	31816021
SPRED1	0.0192933027169655	-0.2678947267191716	-0.6489853947951196	-0.3319405837842533	-0.019684337584777722	chr15	-0.16575421173928612	CHD2;LRRC49;MEIS2;UACA;CDIN1	0.18504751445625162	1.9827898918392721	matched	38252835
SPRY4	0.13153439827428137	-0.03728703173690362	-0.030180857877236983	-0.33403256725493136	0.2713063436658873	chr5	-0.027200441140030673	SMIM3;GRK6;CDC23;ZCCHC10;SLC26A2	0.15873483941431205	0.7098450587328099	matched	142325020
SPTAN1	0.19687780828564705	-0.49117584378195045	0.8408646324865805	0.17496938578881804	0.37675398001105664	chr9	-0.3366709676586087	RABL6;RUSC2;GPR107;UBE2R2;ABL1	0.5335487759442558	1.9834275366159466	matched	128552586
SPTBN1	-0.1656688709535139	-0.14659613336057342	0.4689535081403733	0.24471876418437266	-0.13747458251789801	chr2	-0.07826147905861429	COL5A2;PSMD1;ANTXR1;RAB10;RBMS1	-0.08740739189489961	1.3073969722522625	matched	54456326
SRCAP	-0.26303401899710543	-0.008732993732048944	0.15435745044986615	0.04322566783513182	0.3486967365756357	chr16	0.22407460739200025	CBFB;PSKH1;CTCF;NAE1;RIPOR1	-0.4871086263891057	0.6404029717670306	matched	30699170
SREK1	-0.1841526785237919	-0.3025243157075781	-0.026433392110312592	-0.128638210337073	-0.0746620148012378	chr5	-0.07760869682752247	TCERG1;GOLPH3;GFM2;AGGF1;CDK7	-0.10654398169626944	0.5133552302304807	matched	66144299
SRFBP1	0.04635149195648269	-0.1737876955472576	-0.01224521189419181	0.05539415360729516	-0.05383468473006037	chr5	0.04222861481597149	PRELID2;PRDM6;ANKRD33B;LYRM7;GIN1	0.004122877140511204	0.5148950061453269	matched	121961974
SRGAP1	0.12573506294512438	-0.005078529606070723	0.11721753549829	0.2821717221897213	0.06944062994582645	chr12	-0.14944038381197366	BICD1;POLR3B;ITPR2;PLXNC1;CEP83	0.27517544675709804	0.8895812762104627	matched	63844699
SRGAP2	-0.13845303437959977	0.18087782230890226	-0.1658617626990831	0.10319781202961487	0.032403932940305524	chr1	-0.2106526605464291	MAST2;ATF6;FOXJ3;ASH1L;EIF4G3	0.07219962616682932	0.7175458553496784	matched	206203540
SRGAP2C	-0.024222654260095844	-0.20471740816787576	-0.23705936333212907	-0.010752036593056458	-0.1198647098892558	chr1	-0.34537039734281116	SDCCAG8;CEP170;NIBAN1;PTPN14;AKT3	0.3211477430827153	0.9088151364866561	matched	121184974
SRSF7	0.2104426094123184	-0.2766459060040357	0.05157604365523982	-0.31338359712204	-0.20929468005566443	chr2	0.052946189688944933	COPS8;ORMDL1;ARL4C;SSB;ITGB1BP1	0.15749641972337347	0.5875201061081452	matched	38751360
SSX2IP	-0.22656794334207486	0.15358551166054413	-0.11107415636405348	-0.07680049117443982	-0.02688621027156035	chr1	0.11382686656186447	PHTF1;NMNAT1;CTNNBIP1;TSNAX;MTF2	-0.34039480990393933	0.23123530107639279	matched	84690460
ST3GAL6	0.18979905263525065	-0.18966422701239882	-0.33823080981797826	-0.21059972534465618	0.020500416618245726	chr3	0.010838434693639709	ISY1;APPL1;CMTM7;RAB43;RUVBL1	0.17896061794161094	0.40793555073698545	matched	98763339
STARD3NL	-0.08591066810462511	0.12714264575984502	-0.11570362123794664	-0.22023648791332695	-0.05836749845416489	chr7	-0.1475261349002494	GSDME;VKORC1L1;SLC37A3;FKBP9;CUL1	0.061615466795624296	0.44980212834451205	matched	38178244
STK3	-0.13246923021258272	-0.2400956089553159	-0.1937630714216431	0.3937682454266922	-0.03397302813189129	chr8	-0.013966084697546052	PSD3;INTS9;UBR5;HMBOX1;PTK2	-0.11850314551503667	1.3993739459662524	matched	98825687
STMN1	0.8788583252238968	-0.24956485086797375	0.01352160115529144	0.0023029249282902065	0.011181235105164333	chr1	0.15282629981802953	CYB5R1;LYPLA2;SCAMP3;GBA1;SNRPE	0.7260320254058673	0.522832425292711	matched	25906418
STPG1	-0.05097361837517278	-0.30127616167957594	-0.27914410971922066	0.08274138665143987	-0.10190143740821511	chr1	0.06115537729638838	ZBED6;PIK3C2B;TCEANC2;FAM76A;MDM4	-0.11212899567156116	0.4833387032303244	matched	24413781
STRADA	0.17509925611733124	-0.06599654950144362	-0.025847267009965397	-0.042789364455836976	0.009246182541339798	chr17	0.15623903505762957	MFSD11;SKA2;PRR11;CWC25;GOSR1	0.01886022105970167	0.3246262450443882	matched	63741798
STXBP1	-0.6835234488962989	-0.23236257320716824	-0.063147414509928	0.11628547225801633	0.09858424669957067	chr9	-0.3422920031508189	UBAP1;RECK;RNF38;RUSC2;TSC1	-0.34123144574548	0.4609254575788455	matched	127612276
SUOX	-0.07853350413570848	0.08776932286049788	-0.24803934199169278	-0.17822373610441478	0.07850818644005675	chr12	-0.0508999299403019	MYG1;NAB2;AAAS;NOP2;STAT6	-0.027633574195406574	0.3693043423448511	matched	55997275
SVEP1	0.007859961431599949	-0.5322971046112546	-0.11090547719242869	0.16252144539465463	-0.6259829337697849	chr9	-0.07450230238094627	CDC14B;PBX3;MLLT3;GAPVD1;SCAI	0.08236226381254622	1.4218277836178204	matched	110579740
SYNCRIP	-0.1373738123851691	0.07505501086903904	-0.20514616724920276	0.07362027520827769	-0.11103084673711194	chr6	-0.08335607462822239	PTP4A1;SERINC1;GJA1;MAP3K7;HDAC2	-0.05401773775694671	1.0971816621566226	matched	85642885
SYNE2	0.47006498822272746	-0.07429838442351405	0.007309394183830087	0.3321592438853922	0.011923327597184064	chr14	-0.1718435532406849	NUBPL;RALGAPA1;DPF3;MNAT1;ARMH4	0.6419085414634124	0.6132138574973623	matched	63853003
SYNPO	-0.10095611085741396	-0.40247585401090663	-0.005465454414062876	-0.08460036183895672	-0.1317470698582981	chr5	0.10032165680960253	CLTB;LMAN2;DBN1;CANX;PDLIM7	-0.2012777676670165	0.5725177432296935	matched	150640659
SYNRG	0.09403617063452963	0.1276324384254377	-0.09121303102953915	0.1784584029325309	0.08095583161605771	chr17	-0.2333335069489536	RHOT1;BPTF;GOSR1;APPBP2;DHX40	0.32736967758348323	0.4066948270037346	matched	37609417
SYVN1	-0.46974834327135273	-0.5131404244913211	-0.05347328545188906	-0.03925335155525411	0.20780163783591732	chr11	0.2586175536592352	BRMS1;CCS;MRPL11;CTSF;RBM14	-0.728365896930588	0.5701166078935441	matched	65134518
SZRD1	-0.43084175877065256	-0.3495571125862351	0.5030100443148572	0.0009095869385555427	0.03744868174987248	chr1	0.15577335234402767	NUDC;PTP4A2;ADIPOR1;AHCYL1;STX12	-0.5866151111146802	0.7570487598960525	matched	16367241
TAB2	-0.40465329197164923	-0.7777558603145986	0.20396328074633963	-0.15537579345358976	-0.16832269802145391	chr6	-0.2075223473827661	ILRUN;REV3L;MAPK14;KIF13A;STK38	-0.19713094458888314	2.0555194015656073	matched	149317711
TAF12	0.20837696760719204	-0.20149899348463673	-0.057205172345090635	0.06275533334002298	0.05780887275809929	chr1	0.04823305012247198	SRRM1;NMNAT1;TRIT1;LIX1L;SMAP2	0.16014391748472007	0.203116042529002	matched	28643066
TAF7	0.04178236370840427	0.9314260340605224	0.164711856164246	-0.6631412189335268	1.266144579167436	chr5	0.13361567119998802	TSPAN17;GPX3;DDX41;HIGD2A;MGAT4B	-0.09183330749158375	4.661472398445419	matched	141320783
TAPBP	0.00874749236058836	-0.3846908008370642	0.18150787927726808	0.07935631673783777	-0.03933837403103013	chr6	0.011192478796439965	TRIM27;SRSF3;GNL1;GTPBP2;MICA	-0.0024449864358516045	0.826835147563663	matched	33314077
TBC1D23	-0.2464951785492273	0.034304038312068075	-0.03527204459846245	0.022835269378029044	-0.34952946459485856	chr3	-0.13471937561451366	PIK3CA;SNX4;RUBCN;APPL1;DYNC1LI1	-0.11177580293471365	0.49618634499824676	matched	100260991
TBC1D8	-0.3083813905168471	0.13003133474816655	-0.12561568789872443	0.05181345707071228	-0.04112437497789212	chr2	-0.18907269176715555	SPAST;MEMO1;ASB3;ATAD2B;ITSN2	-0.11930869874969155	0.31225335242321534	matched	101151381
TBP	-0.14114389259392013	0.09785788648229488	-0.1228691205610648	-0.05394271878100554	-0.10358929884761581	chr6	-0.03155681438533886	SNRNP48;MTRES1;TFAP2A;HEY2;RIOK1	-0.10958707820858127	0.3170467897338474	matched	170554368
TCN2	0.03831299278615763	-0.2229469346915412	-0.15413733125984308	-0.014824854764601714	-0.07406525191592861	chr22	-0.1206566544653068	FOXRED2;CBX7;CARD10;SH3BP1;TEF	0.15896964725146442	0.3855132076901566	matched	30607173
TEAD1	-0.4766402722475007	-0.5217007750888594	0.4619699669695265	0.7148435399901083	-0.7682795823836919	chr11	-0.09227137291458637	HIPK3;PDHX;YAP1;RSF1;RAB6A	-0.38436889933291435	2.1474845618913627	matched	12674420
TENT5B	0.4995054698628403	-0.5447075344241521	-0.26555395806726045	0.12268801486090575	0.06691350340151658	chr1	-0.03237025731134913	MED18;EFNA1;TMEM69;EFNA4;DUSP12	0.5318757271741894	0.6541858170533552	matched	27012849
TFG	-0.13529882999245668	-0.029175583980339148	0.1634811654300401	0.12265685710419183	-0.3465758623686547	chr3	0.001628644973076021	DYNC1LI1;SELENOT;COPG1;PCYT1A;TRA2B	-0.1369274749655327	0.5460893503508937	matched	100709493
TGDS	-0.16297881987153673	0.28601654846363245	-0.2451707238671349	-0.016175309092666484	-0.2760663230034024	chr13	-0.021090600113349373	NHLRC3;SLC25A15;PROSER1;KLF5;MRPS31	-0.14188821975818736	0.6790643533765758	matched	94596151
TGFBR1	0.8913724656331823	-0.08933770363918908	0.03426431248192968	-0.15745912522625755	-0.024665817721513994	chr9	0.016733265029856836	PTGR1;SPIN1;SPTLC1;NCBP1;CTNNAL1	0.8746392006033255	0.31957730747740476	matched	99105112
THAP2	0.17957908423414048	-0.6682952677772392	-0.5264049107441774	-0.06841392435703092	-0.1544074902869852	chr12	0.21911695453363816	ETFRF1;NOPCHAP1;KRR1;NFYB;ETFBKMT	-0.03953787029949768	1.476335925091667	matched	71664300
THG1L	0.12484293529548385	0.1846890304290929	-0.254200558933111	-0.2329961515625968	0.17659233242368627	chr5	0.045058525938620336	MTX3;BRIX1;RAD1;CRHBP;AK6	0.07978440935686351	0.37681950780700996	matched	157731419
THRB	0.0065523475763316075	-0.66022763156688	-0.2487947198884275	0.1568201252567425	-0.2771858423232132	chr3	0.2980290904046504	VEPH1;NEK10;ZBTB20;STAC;CFAP20DC	-0.2914767428283188	1.7782570245650566	matched	24494849
THUMPD2	0.21860775311331215	-0.2878182561063736	-0.0036766653887911893	-0.1340032043829673	-0.28168744306664795	chr2	-0.01942086421185857	CEP68;WDR35;PECR;WDSUB1;CYP20A1	0.23802861732517072	0.47968658657798524	matched	39779257
TICAM2	-0.14206257018328827	-0.06905272161263637	-0.04124049627819065	-0.2937787607999314	0.27403952745700266	chr5	0.05598867654914699	AGGF1;SPDL1;ERAP1;ARSK;TTC33	-0.19805124673243527	0.45447622880498095	matched	115602478
TIMM23	0.08751277422044712	-0.000980678249179301	0.03249104923528234	-0.07960812119600266	-0.06938678688609595	chr10	-0.009863835385209185	CHST3;PPA1;GLUD1;NUDT5;EIF4EBP2	0.0973766096056563	0.26157400309674794	matched	45972488
TIMM50	0.2458538881143566	-0.04188577877489763	-0.15533379801506753	-0.027200268738122646	0.09376698046367338	chr19	0.09897098748187344	BABAM1;DDA1;FARSA;LSM4;NR2F6	0.14688290063248316	0.10117905843314517	matched	39480837
TIMMDC1	0.2798419832635517	-0.2426912832149167	0.13711989451810802	-0.06943824817384878	-0.022520460338669696	chr3	0.05253060859074116	SEC62;FAM162A;ATG3;MKRN2;NAA50	0.22731137467281054	0.29581149686750585	matched	119498546
TLCD1	0.0652991295332992	-0.01610234262259791	0.1715312270557916	-0.33718171114099804	0.052002357277008526	chr17	0.010128091663114083	HOXB4;HOXB7;HOXB5;HOXB2;EPOP	0.05517103787018511	0.9091396977831736	matched	28726232
TLCD5	0.4946998799375706	-0.53949403689727	-0.4025357567928907	-0.6145793520079956	-0.1390098347733193	chr11	0.22457485029581364	ZBED5;WEE1;FBXO3;APIP;CLNS1A	0.27012502964175694	2.2542975250576127	matched	120325298
TM2D1	0.1387788787006743	0.05714577595044923	0.03737980034890806	-0.08251688418634623	-0.24426537994469277	chr1	-0.07095262345797765	STX6;TLCD4;NBPF15;ADSS2;DUSP10	0.20973150215865194	0.3785134253602229	matched	61725140
TM4SF1	0.31660503318005695	-0.08353152344947012	-0.07901326238415762	-0.18508725792068337	-0.03810360797692358	chr3	0.10838090715252005	CLDN11;TMEM41A;PDHB;NFKBIZ;DNAJB11	0.2082241260275369	0.6069864583435512	matched	149377648
TM4SF18	0.29878313579488813	0.11431817826456137	-0.23282804152557812	-0.14573439001965188	-0.08989155788679914	chr3	0.18945025977918253	LRRC34;RPP14;SUCNR1;NRROS;SLC2A2	0.1093328760157056	0.7701794422533821	matched	149333635
TM4SF19	0.035456247029122645	-0.9127713889517729	-0.22989208455727184	0.030553438426112522	0.6864882060461123	chr3	0.11067623059243518	SUCNR1;TAGLN3;SLC2A2;LRRC34;CRYGS	-0.07521998356331254	2.33796159373855	matched	196338387
TM7SF3	0.2251601808775261	-0.3440289094370441	-0.023818291765086763	-0.06372904782751126	0.09783005710899151	chr12	0.08687705078067864	CPSF6;RAP1B;VEZT;MDM2;NDUFA12	0.13828313009684745	0.6598296507872928	matched	27014383
TMCC2	-0.3307617386248909	0.021995061818889605	-0.08334750427133353	0.09027326348591325	-0.0796074947710686	chr1	0.013334152233285324	TCEANC2;SOX13;RCAN3;SLC6A9;ERMAP	-0.3440958908581762	0.24527506888050582	matched	205227945
TMCC3	-0.11872977088675762	0.021341851660859737	-0.060228285284887884	0.30051092782539945	-0.2827304310185006	chr12	0.047736264627231684	SLC38A4;NT5DC3;AMN1;GLT8D2;MDM1	-0.1664660355139893	0.6183911337651882	matched	94650556
TMED1	0.2913697881091535	0.020071911054969083	-0.0062474658875794065	-0.007516738664484324	0.06210921017393911	chr19	0.12834503395175806	REX1BD;CCDC8;ISYNA1;HMG20B;MRPL54	0.16302475415739542	0.14851454607789322	matched	10836211
TMED5	-0.21317679869729744	-0.5129980611942755	0.35144471330137883	0.0354840055672999	0.07660303440871102	chr1	-0.11575771488286399	FUBP1;HNRNPR;ERRFI1;SMG7;DNAJB4	-0.09741908381443345	1.3354694916894434	matched	93180412
TMED7	-0.2735151682531045	0.046263920054620045	0.3435271747344507	-0.20619857551718995	0.0026845274076962022	chr5	0.05073949488081181	HMGCR;F2R;NSA2;PPIC;ATOX1	-0.3242546631339163	0.5463086673613025	matched	115626035
TMEM102	-0.029459336434019434	-0.1360221027270706	-0.11101117810176842	-0.15791687841471824	0.4793316952970257	chr17	0.2169283913629106	GJD3;HSD17B1;OXLD1;MED11;MIF4GD	-0.24638772779693002	0.6720119387538839	matched	7435434
TMEM120B	-0.00011101438281890808	-0.37652627064463706	0.10146214448134835	0.05342534047888259	0.38470632704190993	chr12	-0.14336900679010717	ATF1;IFT81;PPTC7;ACAD10;NUP107	0.14325799240728826	0.8325253351565098	matched	121712751
TMEM126A	0.3535533594434499	-0.28643760363563164	0.004781112776193891	-0.4562473063869396	-0.2537200293790912	chr11	0.02257210906986773	CCDC34;LIN7C;LTO1;FAM76B;TSKU	0.33098125037358217	0.9161821102299641	matched	85647966
TMEM140	-0.4986539070327083	-0.016499832136260315	0.15439053115934653	-0.033125209862795435	-0.32692026980521494	chr7	0.016325785094197798	FAM221A;SSC4D;CCDC136;GARIN1A;PRRT4	-0.5149796921269061	0.5015298422149275	matched	135148071
TMEM167A	0.3999198583201151	-0.44635471317389463	0.06903689142205016	0.04935405681931351	-0.282958784048309	chr5	0.054942622655551054	YIPF5;PELO;MOCS2;REEP5;GOLPH3	0.34497723566456406	0.9522812139777395	matched	83077393
TMEM184C	-0.3194246874139468	-0.10697214617171791	0.21523517149374952	-0.3234408439341647	-0.40216423203258644	chr4	-0.08020732843356909	FGF5;METTL14;CHIC2;NOA1;CLGN	-0.23921735898037771	0.9430172119642398	matched	147617396
TMEM25	-0.26282686294377733	-0.20916518590387212	-0.12221386524625448	-0.06018343056888864	-0.6831121238949633	chr11	0.2679641553016999	SAC3D1;TM7SF2;MRPL11;CDC42EP2;AP5B1	-0.5307910182454773	0.7173511594959773	matched	118531191
TMEM256	0.29241534246118484	0.07221583574836843	-0.008337737298303338	-0.2986989445909827	0.5095455838167398	chr17	0.23043338818753192	NT5C;COA3;HSD17B1;OXLD1;ARL4D	0.06198195427365291	0.773876398055297	matched	7404096
TMEM258	0.1785918401373774	-0.11128326051065082	-0.33625816861677765	-0.08027139816429218	0.08495478905597009	chr11	0.15498240771686903	LRFN4;YIF1A;RPS6KB2;PPP1CA;POLD4	0.023609432420508364	0.4341243996319992	matched	61792598
TMEM265	0.40524779640245967	-0.3306741083761392	-0.13785057106992327	-0.006210387177487231	0.37717412024267527	chr16	0.1256428007231718	ENKD1;ACD;FBXL8;PDP2;LCAT	0.27960499567928787	0.8223215299393436	matched	30740641
TMEM39A	-0.3136461897723066	-0.08855902713650153	0.020090015224734414	-0.00787711105994518	-0.08913169946990254	chr3	-0.07776242083808871	ATG3;NKTR;ACAD9;SLC35A5;SENP2	-0.23588376893421792	0.1527371761064378	matched	119463614
TMEM44	0.06577831078761598	-0.2713029301594646	-0.17506158245208575	-0.15706178621267775	-0.18557026161776857	chr3	-0.07907561040782482	CMTM7;TASOR;IL17RD;SUSD5;NIT2	0.1448539211954408	0.362363474409801	matched	194633418
TMEM62	-0.06968639368917984	-0.4058007328476476	-0.019700956064974573	-0.38400305852573025	0.1252409033042683	chr15	0.04050507073926282	TRIP4;SIN3A;DENND4A;CTDSPL2;BUB1B	-0.11019146442844266	0.9583286738975596	matched	43133585
TMEM88	-0.10209175555470029	-0.6316332369546451	-0.2627651969461671	-0.34009139428197876	0.4415313118971609	chr17	0.40368000451566244	KRTAP2-3;OXLD1;ARL4D;HOXB2;NT5C	-0.5057717600703627	1.7744061895568988	matched	7855065
TMPPE	-0.38771960641581027	-0.16446298036582474	-0.18870154240838088	-0.2712859149425946	-0.21100382201556211	chr3	0.2311050522227781	SUCNR1;CRYGS;CEP19;RPP14;TAGLN3	-0.6188246586385884	0.9963566669199344	matched	33097145
TMT1A	0.9186595165830678	-0.12188593240906365	-0.07806239329606557	-0.2548094451855515	-0.366956268544915	chr12	0.020964573560436905	SIRT4;DNAJC22;TROAP;RHOF;GLI1	0.8976949430226309	0.7714923607864715	matched	50925014
TMTC3	-0.13978636432010827	-0.208574714285507	-0.2155016186163456	-0.2650455849886576	-0.30933709486088334	chr12	-0.07030256922113302	MRPL42;PAWR;ATP2B1;UBE2N;EEA1	-0.06948379509897525	0.9646567541143589	matched	88142306
TNFRSF9	0.40914486177161846	-0.4941349387045455	-0.6840741462771354	0.11651150408859828	-0.256676665895495	chr1	0.02901237115387928	B3GALT2;LYPLAL1;DDX59;GLRX2;MIER1	0.3801324906177392	1.913908038831505	matched	7940838
TNFSF12	0.18609629975010833	-0.1384255755836492	0.13433659987110513	0.0035006807329727163	0.23387645302655224	chr17	0.18565066597993612	GHDC;CDC6;KLHL11;RND2;MIF4GD	0.0004456337701722046	0.44017008136408464	matched	7549057
TNFSF13	-0.08506656452794203	-0.23636994862376892	-0.23897595797024695	-0.4614797650935851	0.34897352858320785	chr17	0.16846692765564597	GHDC;CDK3;MIF4GD;GJD3;RND2	-0.253533492183588	0.736135540153978	matched	7558749
TNK1	-0.5101735625989585	-0.403260567508428	0.11096805546699828	0.17647855733051687	0.5221421058261295	chr17	-0.012128636161618633	FSCN2;AOC3;AOC2;PSMC3IP;MYADML2	-0.4980449264373399	0.6767983482511257	matched	7381088
TNNI1	-0.15566987413325073	-0.1703686782305987	0.35130351619815503	0.1159329179265734	0.1564537737078696	chr1	0.0893941984082737	YBX1;CAP1;ARF1;RPL5;FABP3	-0.24506407254152443	0.8250692657264642	matched	201421729
TNNT2	0.13528997175086488	0.09133691802677812	0.6461085549883423	-0.1225302998897595	0.04712620299650494	chr1	-0.5791510391599403	YBX1;ENO1;CAP1;ARF1;LMNA	0.7144410109108051	1.4890781741233905	matched	201377679
TNPO3	-0.3832877136690884	-0.28266862114884184	-0.1269264575832254	0.2549993197980719	0.13060736771437723	chr7	-0.20217210641831224	BAZ1B;GTF2I;LUC7L2;ZNRF2;STK17A	-0.1811156072507762	0.6913272601094653	matched	129055110
TOMM5	0.22835163849128826	-0.15363669994483564	-0.10754163174353026	-0.09886068478114751	-0.2528359746579136	chr9	0.2589647238548302	RANBP6;CTSL;CDKN2A;POLE3;RPL35	-0.03061308536354196	0.9309434869511183	matched	37592596
TP53INP2	-0.49673854155188035	-0.9439515761746339	0.5791521439913511	-0.6510789731538292	-0.22049144424349598	chr20	-0.1309512543381059	GID8;YTHDF1;UBE2V1;ZNF512B;DIDO1	-0.36578728721377446	2.8017989465923576	matched	34704343
TPBGL	-0.06193924067989054	-0.1507499755985943	-0.006552965783761522	-0.4686499429063846	-0.32335477117001854	chr11	0.20950262795328933	FOLR1;FDXACB1;CHRNA10;C1QTNF4;C11orf52	-0.2714418686331799	0.6482602531207758	matched	75240773
TRAF4	0.062610040249929	-0.0747980717221941	-0.04133809072358008	0.1924132416372577	0.0765733347233799	chr17	0.08073775280566409	ORMDL3;ATXN7L3;RPL23;PSMC5;SRSF2	-0.018127712555735087	0.3842461150726402	matched	28744010
TRAK1	-0.41198564790885417	0.010073574351144407	-0.011844452361388869	-0.0068813627683665946	-0.06108960094452304	chr3	-0.26632893581507433	ST6GAL1;XXYLT1;ETV5;SLMAP;WWTR1	-0.14565671209377984	0.4552088141334719	matched	42091356
TRAPPC1	0.1375260952236026	-0.2152352714607868	0.28589745336778716	-0.4304000344358736	0.3144157588356187	chr17	0.08092783229346487	ALYREF;NKIRAS2;ARL4D;COA3;ARHGDIA	0.05659826293013773	1.0720206682709374	matched	7931945
TRAPPC13	-0.25391839634174307	-0.24468584720164377	0.13505223260380167	-0.13347472512792358	-0.08802364360694714	chr5	-0.07602656616470424	TENT2;UTP15;PTCD2;ARHGEF37;CREBRF	-0.17789183017703883	0.7691015048914416	matched	65625026
TRAPPC3	0.23461615184737905	0.11413878044180192	0.07204924365557863	0.04953563775713343	-0.020313170179835666	chr1	-0.13635155705336982	CC2D1B;TINAGL1;PIAS3;TIMM17A;H3-3A	0.37096770890074887	0.26426883215533065	matched	36149485
TRIAP1	0.43801989685191156	-0.4036447354902617	0.07597530576326361	-0.7194985113139762	0.2019266259785285	chr12	-0.07470486612924765	DAZAP2;VPS29;AMIGO2;C12orf76;NAB2	0.5127247629811592	2.312810319399591	matched	120446383
TRIM23	-0.2154268199422411	-0.09770382864937677	-0.014591685087986778	0.15203079333982875	0.02075118127227127	chr5	-0.03886513025619093	TENT2;DHX29;UTP15;ANKRA2;BNIP1	-0.17656168968605018	0.8357881162440679	matched	65624332
TRMT10A	0.01048099033510308	0.10858960174068866	-0.09980635362229828	-0.024259555540570743	0.2177789702208102	chr4	-0.18191357171843836	THAP6;NIPAL1;TMEM128;COQ2;TLR3	0.19239456205354144	0.4146031276394087	matched	99564038
TRMT10C	0.11145232041121389	0.19753188171400354	-0.1660492950606598	-0.4097875162705251	-0.20003475037579144	chr3	0.21780530570075812	DPH3;ANAPC13;SS18L2;COX17;TMEM41A	-0.10635298528954423	0.7659508785423625	matched	101561867
TRMT13	0.03443381385774069	-0.1659571114402015	-0.04465517602553537	-0.17218807468095912	-0.20984109924387295	chr1	-0.08505705085105389	GPR157;TMEM201;SPRTN;SH3D21;WNT4	0.11949086470879458	0.33583235196896544	matched	100133162
TRMT9B	-0.26652448166513754	0.2131157779610593	0.017607587794144508	-0.1916283721281341	0.010970781155032472	chr8	0.00266251050552907	ANK1;PAG1;TGS1;SGK3;BAALC	-0.2691869921706666	0.6832259657235545	matched	12945672
TRNP1	0.12656050221598303	-0.4142137633893548	0.15211689057491568	-0.06854830792841049	0.15689749345059967	chr1	0.0180708756656994	ENSA;ZNF436;ADAMTSL4;TMEM69;CYB5R1	0.10848962655028363	0.7482918964585857	matched	26993691
TRPC4AP	0.0017646796130872389	-0.9546034237789935	0.4802443107052605	0.20517976963383666	0.3436031225404108	chr20	-0.2709783014228327	PTPN1;B4GALT5;DIDO1;RPRD1B;RALY	0.27274298103591993	2.50525203418849	matched	35092806
TRPV2	0.21355264821425823	-0.1378477813967942	-0.1751741436303182	-0.12607387296734665	-0.27060496347336516	chr17	-0.13002251423838035	VEZF1;HEATR6;TVP23B;MRPL45;MLLT6	0.3435751624526386	0.4532058021936402	matched	16415570
TSC22D2	-0.17852956710679369	-1.0218612166735253	-0.10588909116163514	-0.4297724394849086	0.5155216751223929	chr3	-0.16679050901219092	MBNL1;IGF2BP2;ATP13A3;LRCH3;FYTTD1	-0.011739058094602767	3.1489226444727256	matched	150408297
TSPAN31	0.08432068538217141	-0.18524958828834637	-0.1117138527000926	0.07057799555274347	-0.18720027291668495	chr12	0.004608429712424034	OGFOD2;KRT81;DNAJC14;POP5;ORMDL2	0.07971225566974738	0.44940151085705393	matched	57745038
TSPYL1	-0.015416122280637268	-0.09470496065441303	0.13501122186355974	-0.3052493070854333	-0.2146144989806646	chr6	-0.004950930306929457	TUBB2A;RPS10;RBM24;PIM1;SRSF3	-0.010465191973707811	1.1549828321293103	matched	116279929
TSPYL4	-0.5782179004155834	-0.311862925283104	-0.03345374660826539	-0.17076195178679265	-0.03924876686311324	chr6	0.0776347118634817	PIM1;NOL7;RBM24;TOMM6;TUBB2A	-0.6558526122790651	1.2941504114054858	matched	116254074
TTBK2	0.21906924257762128	0.17910002870482677	-0.23281359645757016	0.38622692804771086	0.2470412871706344	chr15	-0.11224954979515578	DENND4A;CTDSPL2;SIN3A;CSNK1G1;DPP8	0.33131879237277706	0.9748941885710798	matched	42920777
TTC36	-0.03388452753550042	-0.8441439332846913	-0.5485315229724226	0.2704930250826858	-0.327052882738571	chr11	0.10366517961929461	CCDC87;ROM1;UQCC3;CSKMT;LOC114841035	-0.13754970715479503	1.7688293281233654	matched	118527473
TTC5	-0.18578681727133972	0.07864752274438092	-0.14458814766779032	0.017843963912727884	0.6076657218920679	chr14	-0.09014656877054508	SLC7A7;METTL3;CDCA4;ADSS1;RAB2B	-0.09564024850079464	1.166819450587012	matched	20305950
TTLL5	-0.18273639809446696	-0.5256241825841363	0.17926299798699086	0.4463752136304109	0.19948612760033874	chr14	-0.2307474745091226	GNG2;TRIM9;DPF3;LIN52;RALGAPA1	0.04801107641465566	1.2384251319208037	matched	75661245
TTPAL	-0.5622713784582922	-0.1934871021717171	0.023223517525754144	0.12573510252499698	-0.18274055907689013	chr20	-0.1667413518958778	UCKL1;HELZ2;STMN3;TCFL5;ZNF512B	-0.3955300265624144	0.39150014403682803	matched	44475873
TUBA1A	0.03504601662412021	-1.2033050283217408	1.1669328598792874	-0.35825386398634107	0.5370580124280316	chr12	0.09422702219737271	DYNLL1;SRSF9;PTMS;ARPC3;VPS29	-0.059181005573252496	5.031053170584738	matched	49189079
TUBD1	0.045510461823051074	-0.8453316148371355	0.2642746470617615	-0.17938133875273363	0.11170876254822246	chr17	-0.10712027318151982	ARL17B;LRRC37A;LRRC37A3;LRRC37A2;CRLF3	0.1526307350045709	1.3736275892566874	matched	59892942
TUFM	0.2368465467093639	-0.6215449374650984	0.3398473654311889	-0.0985051820690408	-0.5405113476301415	chr16	0.058098793055198245	RRAD;EDC4;CIAO2B;RPL13;CD2BP2	0.17874775365416565	1.6521975120723147	matched	28846347
TXNDC12	0.16762140662417213	-0.1311898060107619	0.12219539334833907	0.13873826643739723	-0.2825687230326388	chr1	0.05566192360707464	ZMPSTE24;PPT1;YTHDF2;SRRM1;LIX1L	0.11195948301709749	0.29354456828648245	matched	52055190
UBB	0.30730380282972014	0.09867839089745467	0.5741953667259623	-0.7785269241642028	-0.5841140285029172	chr17	0.15157048034908643	DDX5;RPL23;SRSF2;PFN1;PSMC5	0.1557333224806337	2.1354840082269444	matched	16381090
UBE2H	0.04661812840497337	0.11052005041831703	0.41477912759965463	0.19659272356475432	0.11619184947448538	chr7	-0.06839109635088007	SCRN1;TAX1BP1;CDK6;LUC7L2;BAZ1B	0.11500922475585344	0.9510631093401687	matched	129952959
UBE2T	0.11290448085556504	-1.058570558112483	-0.7210688059417565	0.17563086096896774	0.10154267459989658	chr1	0.3426139543779909	MED18;ZNF436;PITHD1;POLR3GL;PNRC2	-0.22970947352242588	2.259103655614118	matched	202341935
UBE3A	-0.13861803889928304	-0.07477533366861233	-0.07658552202048241	-0.09189996408503687	-0.5150359203560193	chr15	-0.36629937310013416	CGNL1;MEF2A;MYZAP;SYNM;IGF1R	0.22768133420085113	1.2944872913008703	matched	25439023
UBR1	-0.17794219767988206	-0.5292494854456198	0.07476605293550811	0.2598534550954956	0.19760277384249025	chr15	-0.09083850244341	CSNK1G1;GPR176;TRIP4;EIF2AK4;DENND4A	-0.08710369523647206	0.8905969147318655	matched	43106037
UBTD2	-0.2828305525361232	0.13938770858627225	-0.03238551978663623	-0.043470937945289	-0.13174029268679954	chr5	-0.28846145478668583	FAM13B;TENT2;CMYA5;DHX29;DDX46	0.005630902250562619	0.255092992480063	matched	172283763
UCK1	-0.10493650942104171	-0.16937221880000738	0.060371011471219774	-0.048053001418990604	-0.23746001701713604	chr9	0.18908123098556417	BAG1;EXOSC3;AQP3;NTMT1;ASB6	-0.2940177404066059	0.46102763460633345	matched	131531262
UCN	0.26589381866872697	-0.7549626084509169	-0.3041987249617104	-1.2710662448676453	0.31418519603468587	chr2	0.33792451910153387	SPEGNB;SLC23A3;VAMP8;C2orf81;SNORC	-0.0720307004328069	3.456141286347266	matched	27308444
UPF1	-0.3501332172169853	0.02616610094828825	0.042013576171490374	0.022829932607012077	0.10426979728740737	chr19	-0.2934254330238922	SUPT5H;GNA11;PPP5C;KANK2;SH3GL1	-0.056707784193093136	0.1348799041463012	matched	18831958
UQCR10	0.13647272221023865	-0.24758555419912548	0.05608701565021179	-0.1293710452596919	0.1427659864965083	chr22	0.18586970967658017	NDUFA6;ATF4;RPS19BP1;LMF2;SLC25A1	-0.049396987466341524	0.43353844286775456	matched	29767368
URI1	-0.07501254622985698	-0.022815375243199876	0.8849208998394755	0.3208353204389186	-1.165271220676705	chr19	-0.14402406992640432	LSM14A;ZNF708;ZNF738;GARRE1;ZNF714	0.06901152369654734	3.668521641574254	matched	29942238
USP12	-0.25731014231278504	-0.05647239503943724	0.018249857798706415	-0.1399040753990337	0.30927503449935073	chr13	-0.10017297905949096	GTF2F2;KPNA3;KATNAL1;FNDC3A;ELF1	-0.15713716325329408	0.5578188413555346	matched	27171810
USP19	-0.19616825190760423	-0.26246501037660097	-0.15521878066141614	0.13328941889146984	0.5400206373325462	chr3	-0.16213894247835015	GLT8D1;SPCS1;EIF2B5;TWF2;THUMPD3	-0.034029309429254084	1.0265746037224355	matched	49120822
USP28	-0.4796551993152258	0.18908688644001548	0.05867834762204116	0.14256328720191935	-0.25712445359668495	chr11	-0.21403949077445006	AMOTL1;PIK3C2A;UEVLD;MED17;TSG101	-0.26561570854077576	0.5927205042620199	matched	113875571
USP36	-0.1968196030722611	-0.06658657249156746	0.1145266389296441	0.035058700375712126	-0.04409123455027891	chr17	0.031225733353007712	COPS3;YPEL2;PRPSAP2;DDX52;FLCN	-0.2280453364252688	0.32290604930862293	matched	78840813
USP49	-0.10407744623418269	-0.3987968597205104	-0.34506869668074924	0.44832728098000696	0.503891380401204	chr6	-0.042483040217612976	TBC1D22B;CUL9;TMEM217;CEP57L1;LATS1	-0.061594406016569715	1.803335365147007	matched	41895374
UTP18	0.13566122694438487	0.2912064828803506	-0.011167889594037698	-0.041241190067099864	0.09684857723124445	chr17	-0.023584997458488383	TOP3A;PGS1;TRIM16;SLC26A11;C1QTNF1	0.15924622440287325	0.335292967842025	matched	51260545
VCPIP1	-0.06512849131648757	0.21733917418361792	-0.108735469609762	-0.06904252909285102	0.14805338476543145	chr8	0.0067452670841609275	FBXO32;ZHX1;DPY19L4;ANKRD46;POP1	-0.0718737584006485	0.38692395481434305	matched	66667230
VDAC1	0.018641412149616343	0.03463645985440417	0.1394715497204917	-0.23626231849582094	-0.20369385551445054	chr5	0.02024975746077562	CANX;CLTB;IL6ST;UBE2D2;BASP1	-0.001608345311159276	1.059642153371116	matched	134004974
VPS13A	-0.25843788544808	0.13081280165553066	0.19261664626073635	0.3090321615665006	-0.21340880146631336	chr9	-0.17501765294278862	DAPK1;SHC3;DENND4C;SMC5;ROR2	-0.08342023250529138	0.7189572891745667	matched	77177533
VPS37B	-0.09125216143314052	-0.016425128060798544	-0.07082267376391804	-0.12953752348405992	0.12206229231397914	chr12	0.008035007260031257	PSMD9;NCKAP5L;ANAPC5;RNF10;ANAPC7	-0.09928716869317178	0.36822292980974947	matched	122896123
VPS4A	0.1629897088994987	-0.5979108025402023	0.31724592107750405	-0.12717434723631593	-0.3216836662767175	chr16	-0.2433214663955544	DYNC1LI2;ZDHHC7;PLA2G15;ATXN1L;SH2B1	0.4063111752950531	1.1889570287173254	matched	69311349
VPS52	-0.2001752661232281	0.04269394317774089	-0.1991082987348401	-0.05232388048624885	0.01368464180692841	chr6	-0.006741905943410481	GNL1;POLH;TRIM27;XPO5;GTPBP2	-0.19343336017981763	0.5357466624948758	matched	33271875
VPS54	0.2979284824213231	-0.20028808809416532	-0.15884573081934578	-0.013380400533859138	-0.41072084389567687	chr2	-0.0966898582712078	TTC27;STRN;HEATR5B;TLK1;ATL2	0.3946183406925309	0.5662710729092338	matched	64019427
VPS8	-0.09451023520529844	0.08767901372472431	-0.3598219366796802	0.357756895383065	0.10074704602871076	chr3	-0.19960138732984553	SETD2;YEATS2;GSK3B;UBXN7;SMARCC1	0.10509115212454709	0.9287404512682549	matched	184812165
WASHC5	-0.342051787394805	-0.03649614281816371	0.22567228197896366	0.03788903009862543	-0.06818105300087718	chr8	-0.07782766826906029	ZDHHC2;GTF2E2;RNF19A;NBN;DPY19L4	-0.2642241191257447	0.43745717599271394	matched	125091791
WDR43	-0.3588394306340117	-0.25451923296170054	-0.14187022614144595	0.2213320210349271	-0.2509206258885871	chr2	-0.07157917768958821	ITPRID2;HNRNPLL;MTIF2;PDK1;ATIC	-0.2872602529444235	0.6596259746410746	matched	28894666
WDR46	0.09655832878652593	-0.32900580519664757	-0.02291646153565796	-0.16115552366414365	0.14593574716763336	chr6	0.05120204808442317	GTPBP2;TRIM27;GNL1;SRSF3;CNPY3	0.04535628070210276	0.657882445908731	matched	33289238
WDR91	-0.016516896048307306	-0.141739561240612	-0.10492925381417201	-0.12226027048843578	0.031035081083623628	chr7	-0.010782000660825464	PEX1;CEP41;FAM133B;CBLL1;ZNF398	-0.005734895387481842	0.4064389890949241	matched	135211525
WWC2	-0.12523521742431942	-0.31418353618086425	0.03008242071300926	0.25691516583785945	0.16680858117528508	chr4	0.043930988114730424	SH3RF1;FBXW7;SH3D19;VEGFC;NFKB1	-0.16916620553904985	0.5386587653679792	matched	183099256
XRCC4	0.1641229964619324	-0.1547131561385301	0.08698754015180238	0.5174530715368257	-0.2817495034281803	chr5	-0.18298677671403318	ZSWIM6;SSBP2;ITGA2;CEP120;GPBP1	0.3471097731759656	1.0647517368006512	matched	83077546
XRCC6	0.0366027485526903	-0.3411966704049889	0.31009554922011495	0.2543967613047895	-0.034583461914270086	chr22	-0.12907159453216846	EIF3L;DDX17;CYB5R3;AP1B1;KDELR3	0.16567434308485876	1.2946681635661075	matched	41621294
YIF1B	0.04851928992695331	0.019406546702328664	-0.0319100018161429	0.007248096319067754	-0.12778582023714036	chr19	0.02817426602277422	NR2F6;FARSA;BABAM1;SLC1A5;GET3	0.020345023904179093	0.12220059124975487	matched	38315946
YOD1	-0.2975584229603063	-0.08711031895668134	-0.05825201986034686	0.034360915330040376	-0.09624259584990888	chr1	0.07976963345859717	RAB29;FBXO44;PPCS;THAP3;MAD2L2	-0.3773280564189035	0.2194776032556396	matched	207051207
YPEL5	0.22955511203575618	-0.038078237352657696	0.44403745085144086	-0.0694840020911957	0.028716688554031755	chr2	-0.059557876608474725	TSN;FAM98A;ZC3H15;PKDCC;MRPL19	0.2891129886442309	0.669737589401684	matched	30147006
YWHAB	0.11585645812494683	0.09701180885088745	0.25037518591067376	0.10385665451084344	0.21944093150701904	chr20	0.12234113533699542	TPD52L2;ARFGAP1;EEF1A2;ERGIC3;DNAJC5	-0.006484677212048595	0.7093417829840869	matched	44885704
ZBTB12	-0.6412042715452495	-0.25776564251691875	-0.14212763087743396	-0.25824640006944843	0.6354599970620471	chr6	0.21275660109493955	HLA-DMA;NRM;LRRC73;DLK2;HSD17B8	-0.853960872640189	1.0424425187614077	matched	31902085
ZBTB17	0.02095340378137056	-0.04426672410125532	-0.02633527244493717	-0.08060514513842676	0.10599437840148163	chr1	-0.03901113627083923	PAFAH2;YIPF1;RPA2;TRIT1;PPFIA4	0.05996454005220979	0.20261597923895694	matched	15976100
ZBTB22	-0.03159704379565298	-0.6358504935351785	-0.19718063978803085	-0.09048087834600382	0.17429068882124898	chr6	0.103212806887157	TBCC;POLR1C;MAD2L1BP;PIM1;DNPH1	-0.13480985068280998	1.2830351129208528	matched	33317743
ZBTB4	-0.3864065813176971	0.05836828122273907	0.006165452592379106	0.1630365393197469	0.2736776310194302	chr17	-0.11157706198606315	SMARCE1;NT5C3B;SUMO2;KCTD2;BECN1	-0.27482951933163396	0.38687046971664113	matched	7479630
ZC3H10	0.17584623616003414	-0.8320921592173501	-0.05363521961622453	-0.17970214867744427	0.4748893623882091	chr12	0.18334516168907422	ZNF740;CSAD;TROAP;SIRT4;BCDIN3D	-0.007498925529040079	1.6576742718583652	matched	56118265
ZC3H11C	-0.4345268049213966	0.4062952757389724	-0.07887426604542402	-0.297589082680789	-0.8044333393938441	chr6	-0.14163487586296603	HTR1B;PPP1R3G;MTRF1L;TENT5A;FBXO30	-0.2928919290584306	3.3351323809071554	matched	65301475
ZC3H6	-0.16191251330553236	-0.1776804404880461	-0.013745811545052167	-0.1265433503724973	0.23375600048301198	chr2	0.07170322842892735	CDK15;APLF;CLHC1;FARP2;ATP6V1E2	-0.2336157417344597	0.7498259264331358	matched	112275596
ZC3H8	0.039947330468908415	-0.2045648372401332	-0.23333498120207063	-0.029147710294135987	0.12210285264931814	chr2	-0.39605374990230163	GMCL1;MXD1;CDK15;ORC2;CNRIP1	0.43600108037121005	0.5801237363711402	matched	112255041
ZC3HC1	0.26565049539804875	-0.35289683823524487	-0.2921129960771166	-0.08512725485604891	0.15101072770166354	chr7	-0.25443685188647824	PLEKHA8;HBP1;BCAP29;USP42;FKBP14	0.520087347284527	1.0084262879505674	matched	130051373
ZCCHC8	-0.2858786705832337	-0.3952549607333815	0.05578813627581636	0.036864770114630324	0.5159536417740674	chr12	0.12903911445926353	FAM216A;GPN3;ATF1;RAD9B;FGFR1OP2	-0.4149177850424972	1.4874786805590856	matched	122500931
ZCWPW2	-0.350213454110889	-0.08458928429636448	-0.09115678785433912	-0.06061415792219349	-0.3446856962811795	chr3	0.2639248290225761	STAC;VEPH1;NEK11;CFAP20DC;CCDC66	-0.6141382831334651	1.1651245746597816	matched	28348720
ZDHHC14	-0.03167877621499837	-0.141974020372434	-0.06429585749260755	0.3751859003608402	-0.04834999212239288	chr6	-0.24374065725649974	FILIP1;CDYL;RNF217;PDSS2;SGK1	0.21206188104150137	0.6096670815617616	matched	157381189
ZDHHC17	-0.27962837013106867	0.012508780511144124	-0.26255414226769713	0.12065613125719932	-0.11199225312458982	chr12	-0.16328240777072534	KRAS;MRPL42;WASHC4;ATP2B1;EEA1	-0.11634596236034334	0.5347604907889784	matched	76764114
ZFAND3	-0.2664448085088207	-0.2368620485641575	0.4178940623256179	0.4864910375878202	0.0942852889739641	chr6	-0.25268572997621386	ILRUN;KIF13A;ATXN1;REV3L;MAPK14	-0.013759078532606828	2.2413325385481273	matched	37819726
ZFC3H1	-0.38625587797174354	-0.14130231014689731	-0.09988910837281473	-0.03865914293010031	0.06087653672505522	chr12	-0.14952218174307336	MRPL42;WASHC4;KRAS;CDK17;UBE2N	-0.2367336962286702	0.4905690541869704	matched	71663847
ZFPM2	-0.18762306929840467	-0.23994029548299234	-0.2916853926354414	0.10248602268298157	-0.14976297812463013	chr8	0.028509393399933802	CPQ;NRG1;ASAP1;DLC1;TRAPPC9	-0.21613246269833847	1.342611548588719	matched	105318437
ZFTA	-0.838277871730603	-0.05858666249694788	-0.019828625341711537	0.15213720706890188	-0.07325493456883025	chr11	0.18301110401909804	AIP;TMEM134;B3GAT3;INTS5;BRMS1	-1.021288975749701	0.27545418728261506	matched	63768774
ZFYVE26	-0.1291934614027861	-0.0493525217171491	0.020037696458584192	0.08340019316867864	-0.17655720883493808	chr14	-0.11477697987568813	ARID4A;SAV1;ATL1;SOS2;STYX	-0.014416481527097957	0.46543390449883354	matched	67816589
ZMAT5	0.18081174017769452	0.07414386541631815	-0.10513955549214199	0.2546306416457141	0.020315576181433093	chr22	0.08772930514720087	MGAT3;CCDC134;PATZ1;CARD10;TEF	0.09308243503049365	0.3258575527540083	matched	29767006
ZMYM4	0.026243097355384215	-0.048672485038422364	0.13121773725499405	0.22049222692148596	-0.014210671322225421	chr1	-0.010970118602295645	PEX14;PHACTR4;USP48;EYA3;ZBTB40	0.03721321595767986	0.5023371883293284	matched	35268708
ZNF184	-0.16129773642147205	-0.8023093880693923	-0.20675064279916766	0.14212967563584566	-0.14713223506576556	chr6	-0.13869745990611548	HFE;PSMB9;BICRAL;CUL9;FRS3	-0.022600276515356565	2.4432110223968504	matched	27473104
ZNF24	-0.36478072318327737	-0.425268822883593	0.20645329606484497	-0.43854768801025945	0.21212284726338948	chr18	0.06627199087272101	MBD1;ACAA2;SEC11C;IER3IP1;IMPACT	-0.4310527140559984	1.0003688163925852	matched	35344419
ZNF253	-0.06956914981962292	-0.055631774369477194	-0.015368063639839447	0.02446774437741409	0.158189786021376	chr19	0.020794064495025383	ZNF793;ZNF570;ZNF585B;ZNF383;ZNF585A	-0.0903632143146483	0.17060832208725513	matched	19865881
ZNF274	-0.04361969870020932	0.06992347517721964	-0.10170670081664901	0.14779435847623812	0.115035745569259	chr19	-0.08710151420645254	MAP3K10;BRSK1;AKAP8;C19orf47;DEDD2	0.04348181550624322	0.21678837461484535	matched	58183060
ZNF329	-0.025524919060611495	-0.03858777589374662	0.06156613144240447	-0.03807286364561584	0.026077830181058026	chr19	0.006477472829082488	ZNF529;THAP8;ZFP82;BRSK1;NRTN	-0.03200239188969398	0.20546919819618245	matched	58150788
ZNF330	0.20156921501208114	-0.6817371721226974	-0.027022615048291065	-0.23089214838794936	-0.3004178382695769	chr4	0.045597230164279356	PGRMC2;OSTC;CCNI;HNRNPDL;ABCE1	0.15597198484780178	1.1850509789379786	matched	141220894
ZNF384	-0.1836055165596786	-0.013116628868956148	0.04242039561658697	-0.033751412794521554	-0.0019208603118738843	chr12	-0.09340489930570453	RNF34;SP1;RARG;STAT6;COQ5	-0.09020061725397407	0.2966652702890626	matched	6689374
ZNF396	0.03258850557851534	-0.38340303910707385	-0.4650702962519493	-0.5587401766529596	0.13023828950084182	chr18	0.20447990710181224	SIGLEC15;SERPINB2;CABYR;ELAC1;CFAP53	-0.1718914015232969	1.4556097542098976	matched	35377336
ZNF419	0.057074631083012584	0.015585024252327662	-0.0869549170231157	-0.15434460554203666	0.04110111475169598	chr19	0.11514274267682208	KMT5C;ZNF226;B9D2;STXBP2;LRFN3	-0.05806811159380949	0.2607119214707905	matched	57487749
ZNF443	-0.30851964845049284	-0.2464541552036208	-0.04697722845265351	-0.025732301341173325	0.1328180348941208	chr19	0.31898424294089067	SHD;RINL;STAP2;GIPR;EBI3	-0.6275038913913835	0.433944097412928	matched	12441020
ZNF512	-0.5358875846435902	-0.6819809528240508	-0.008724648588950501	-0.06797094216862076	-0.17819418412734456	chr2	-0.220421943363993	TTLL4;SELENOI;NHEJ1;STK36;ZNF142	-0.3154656412795972	0.9487683050036362	matched	27583041
ZNF513	0.024059526800994213	-0.9506057704340688	-0.1634546315488995	-0.17364898808963614	-0.1358699343062425	chr2	0.12044751950587251	ZFAND2B;INHA;BCS1L;STK16;ABCB6	-0.0963879927048783	1.410345634867659	matched	27380733
ZNF549	0.014894557586805135	-0.0846576985148042	0.01611237626909956	-0.19346721456912697	0.2132320495132911	chr19	-0.18793641237308306	ZNF234;ZNF155;ZNF780A;ZNF614;CAMSAP3	0.2028309699598882	0.2599165288092514	matched	57527355
ZNF564	0.13839721323961385	0.034853349563219393	0.04333612059770464	0.09951158527203022	-0.0321623182113282	chr19	0.1432330088554285	ZNF653;RAB3D;HAUS8;ZSWIM9;CCDC61	-0.004835795615814653	0.24884558131067233	matched	12551481
ZNF609	-0.2916050471567795	0.18084115554894353	-0.05126169811447312	0.5939639819988269	-0.057038049074718156	chr15	-0.16263595296276953	GOLM2;GPR176;DPP8;EIF2AK4;CTDSPL2	-0.12896909419400995	0.8835496676403651	matched	64460577
ZNF622	-0.0358672880115547	0.3226558055862778	-0.02415236397033227	-0.014211544717604718	-0.2745194068503043	chr5	0.11852367087719654	PPIC;CCT5;ARRDC3;RARS1;HINT1	-0.15439095888875123	0.8669641394421645	matched	16465799
ZNF629	-0.383055550169507	-0.3333642683372342	0.013570775178631644	0.08072071080878251	0.38469080158782964	chr16	0.017803713143892175	CES2;RIPOR1;ZNF263;TRADD;RRAD	-0.40085926331339916	0.7612290414448863	matched	30787204
ZNF638	-0.07661698108044046	0.048549414573017424	0.25192760869329434	0.14452275331952746	-0.10375980997760226	chr2	-0.20089870600496057	STRN;PRKD3;ALS2;PPIG;HEATR5B	0.12428172492452011	0.3931991389785566	matched	71331781
ZNF709	0.06642807343294832	-0.12924584922548232	-0.190916182093251	-0.10857236423994339	0.15913019619918556	chr19	0.48658226467324434	NPAS1;STAP2;NOVA2;ANKRD24;CCDC61	-0.420154191240296	0.3628333532269434	matched	12484815
ZNF772	-0.13920125188073396	0.17090498737753745	-0.10332487762733555	-0.09470400484621622	-0.0007609184344823383	chr19	0.1220177652226539	TMEM91;B9D2;HAUS5;ZNF628;KMT5C	-0.26121901710338785	0.28883625120192624	matched	57477565
ZNF773	0.15591331676243003	0.099172618702706	-0.01561119598795968	-0.08489481257761089	0.07610306115265031	chr19	0.1519027569649892	TMEM91;B9D2;TM6SF2;KMT5C;HAUS5	0.0040105597974408325	0.2749439158443596	matched	57499937
ZNF799	-0.26264536750558487	-0.22529128326425685	0.1049048684203886	-0.08385612053940783	0.07748238981851463	chr19	0.3426373295442735	SHD;RINL;STAP2;GIPR;KCNJ14	-0.6052826970498584	0.43568196740995624	matched	12401270
ZNF814	0.17333743745323638	-0.04414784014558104	0.09595522638428688	0.11793603525469032	-0.05106741511547064	chr19	-0.06904993013103172	BRSK1;PROSER3;CEACAM19;CCDC97;THAP8	0.2423873675842681	0.20129169231759306	matched	57889036
ZNF821	0.08383043822367764	-0.3959722532738093	-0.2662843897394649	-0.13238228085995282	0.02868957829464286	chr16	0.07375067210790656	DDX19B;MTHFSD;KLHL36;NTAN1;KIAA0513	0.010079766115771077	0.7109549361557104	matched	71884181
ZNHIT2	0.3396051924489001	-0.7111140209299947	-0.2838023276450403	-0.5853824551272928	0.4583524600127684	chr11	0.21434195986632396	B4GAT1;MRPL11;H2AX;TMEM223;RIN1	0.12526323258257613	2.046126786754797	matched	65117700
ZUP1	-0.12420727413660249	0.17869916407819342	0.04588871343306	0.20057924059521595	0.3166858438944633	chr6	-0.2104148336679658	RSPH3;CASP8AP2;TMEM14A;SLC18B1;PM20D2	0.0862075595313633	0.47664200683899666	matched	116668765
ZZEF1	-0.36227123702950426	-0.0035433418300454544	-0.004293456477265312	0.2973946455179801	0.046541970900160434	chr17	-0.2152264072651473	FOXK2;TAOK1;GPATCH8;STAT5B;ATP6V0A1	-0.14704482976435695	0.448383459767892	matched	4143029
